date,Ticker,Open,High,Low,Close,Volume
2008-01-02,DHR,17.568368102287096,17.749485593591874,17.202109251037434,17.340965270996094,4238536.0
2008-01-03,DHR,17.4335336559068,17.582452183288776,17.349013008683517,17.48988151550293,4271566.0
2008-01-04,DHR,17.375170408981127,17.417430722804625,17.053184509277344,17.053184509277344,6062320.0
2008-01-07,DHR,17.190032335518914,17.190032335518914,16.445439682152646,16.620519638061523,10358882.0
2008-01-08,DHR,16.703031858429323,16.703031858429323,16.226089747017305,16.248226165771484,10786484.0
2008-01-09,DHR,16.336773547118653,16.5017921654981,15.91819176826595,16.32268714904785,7329656.0
2008-01-10,DHR,16.181818742041298,16.723158845862862,16.125472003113867,16.618513107299805,7557591.0
2008-01-11,DHR,16.497761227560495,16.660767281634914,15.940322463139353,16.040943145751953,7141296.0
2008-01-14,DHR,16.137540503698965,16.26029761224645,15.857814839761206,16.067106246948242,7802489.0
2008-01-15,DHR,15.900072781870545,16.177785878992175,15.857811323454385,16.06509017944336,12374001.0
2008-01-16,DHR,15.96045908099838,16.266345218413083,15.928260119417795,15.99869441986084,7482010.0
2008-01-17,DHR,16.093272793620372,16.39714747491134,15.495585960420792,15.51570987701416,9165640.0
2008-01-18,DHR,15.652554808662183,16.477644539165055,15.254096913678978,15.489548683166504,6499445.0
2008-01-22,DHR,14.757026806515665,16.300548867254076,14.125129769956322,15.21585750579834,10622525.0
2008-01-23,DHR,14.994490079869909,15.529792487454905,14.513523029355508,15.403010368347168,16445900.0
2008-01-24,DHR,15.586138607554869,15.586138607554869,14.974365593180808,15.093097686767578,12039239.0
2008-01-25,DHR,15.268175320510398,16.079178227299302,14.559806734774746,15.087059020996094,11960979.0
2008-01-28,DHR,15.139386078580882,15.139386078580882,14.861672874292228,14.994492530822754,7961091.0
2008-01-29,DHR,15.058885064114243,15.085046486978673,14.831483420516061,14.988451957702637,7959009.0
2008-01-30,DHR,14.954248347964109,15.237997995926563,14.855638977691441,14.914000511169434,6555090.0
2008-01-31,DHR,14.680553600109265,15.101147763202466,14.640304638931012,15.085047721862793,8437198.0
2008-02-01,DHR,15.01461438617403,15.322513989582792,14.99046546485791,15.278241157531738,8177422.0
2008-02-04,DHR,15.244025800170203,15.248050809719105,15.08705842295791,15.181641578674316,5828136.0
2008-02-05,DHR,14.944178514245177,15.087060663597713,14.694639306860159,14.871731758117676,7210927.0
2008-02-06,DHR,15.002540283620203,15.004552788882224,14.682565653010355,14.714764595031738,8479452.0
2008-02-07,DHR,14.950219362573971,15.05687758655647,14.612133283099434,14.795263290405273,11243546.0
2008-02-08,DHR,14.688605284407078,14.863685272223092,14.614146005500753,14.744953155517578,4243297.0
2008-02-11,DHR,14.744953440544247,14.89387200123556,14.632257696144787,14.791238784790039,6588418.0
2008-02-12,DHR,14.909970254751418,14.966318124498294,14.606096771995373,14.78117561340332,7081188.0
2008-02-13,DHR,14.946192323297062,15.34465008784715,14.891856965918238,15.282264709472656,7365066.0
2008-02-14,DHR,15.292322156380868,15.294334660961333,15.062908055913773,15.072969436645508,4092431.0
2008-02-15,DHR,15.04480113259647,15.133346798518565,14.946192940014585,15.113224029541016,4860747.0
2008-02-19,DHR,15.316478506736706,15.3386149257005,15.034740292538265,15.083039283752441,3703214.0
2008-02-20,DHR,14.96430003924621,15.22591307326184,14.920026080235045,15.193714141845703,3705297.0
2008-02-21,DHR,15.25409357399391,15.274217486493704,14.976380383417704,15.024678230285645,4154027.0
2008-02-22,DHR,15.05687577017713,15.1836567497434,14.757025047451055,15.020651817321777,6866940.0
2008-02-25,DHR,15.042791104973178,15.262145084918435,15.010592156529352,15.22994613647461,4784570.0
2008-02-26,DHR,15.093102571965181,15.467411520318603,15.072978656022345,15.415088653564453,6159624.0
2008-02-27,DHR,15.352702738285656,15.413074479580072,14.9844302050537,15.105175971984863,8486594.0
2008-02-28,DHR,15.026691477714945,15.093100734894632,14.833500080704107,14.994492530822754,7341856.0
2008-02-29,DHR,14.86166902598696,14.978389749933106,14.805322311230077,14.922041893005371,8424402.0
2008-03-03,DHR,14.889841519905936,14.944175720214842,14.734885511255523,14.944175720214844,10270504.0
2008-03-04,DHR,14.83551269533376,15.042791648791814,14.716780567754519,14.984431266784668,8534502.0
2008-03-05,DHR,14.801298867023142,15.155483802081076,14.7308646094974,14.907957077026367,10595744.0
2008-03-06,DHR,14.871735260858278,14.966318452898795,14.690617756795474,14.6966552734375,7001142.0
2008-03-07,DHR,14.551759679767457,14.736901026706255,14.416927537920785,14.503461837768555,8407441.0
2008-03-10,DHR,14.465219897149918,14.489368808996177,14.054688395763504,14.11304759979248,8413690.0
2008-03-11,DHR,14.420954112574407,14.559811280010207,14.183489887352463,14.483338356018066,8668407.0
2008-03-12,DHR,14.52962283513343,14.732876723450214,14.479312489355433,14.523585319519043,6042681.0
2008-03-13,DHR,14.276058401775007,14.682565030563657,14.078842031825333,14.65439224243164,8674953.0
2008-03-14,DHR,14.79727757715821,14.79727757715821,14.374670783571842,14.577924728393555,10476420.0
2008-03-17,DHR,14.219716421607808,14.748981516364681,13.636115948951836,14.563838958740234,8141119.0
2008-03-18,DHR,14.845573862096257,15.294342041015625,14.73891563654766,15.294342041015625,7611451.0
2008-03-19,DHR,15.294342087772913,15.992649535510276,15.083039283752441,15.083039283752441,6340247.0
2008-03-20,DHR,15.183660930443999,15.372828483581543,15.03071848230709,15.372828483581543,7780766.0
2008-03-24,DHR,15.465392601020952,15.714931796439524,15.328549115621511,15.574063301086426,6012032.0
2008-03-25,DHR,15.553942308013182,15.789394012713297,15.40099875414029,15.727009773254395,5607936.0
2008-03-26,DHR,15.682725889627044,15.700844258061734,15.342496591717248,15.545829772949219,5997748.0
2008-03-27,DHR,15.610247677128992,15.614274234211344,15.312296164353018,15.342493057250977,5514798.0
2008-03-28,DHR,15.437111072251717,15.437111072251717,15.058633025191172,15.123054504394531,7032684.0
2008-03-31,DHR,15.185462456656348,15.38476785365122,15.0686980364058,15.306253433227539,5198187.0
2008-04-01,DHR,15.451203005479595,15.904170036315916,15.451203005479595,15.904170036315918,5105644.0
2008-04-02,DHR,15.9826796009968,15.984692878597373,15.71492510621359,15.771294593811035,5741544.0
2008-04-03,DHR,15.757208413471346,15.757208413471346,15.519651855356152,15.672654151916504,5933772.0
2008-04-04,DHR,15.749151635765415,15.920272254768587,15.628360677799026,15.871955871582031,5351434.0
2008-04-07,DHR,16.041071624961557,16.041071624961557,15.678697444229401,15.7833833694458,4422729.0
2008-04-08,DHR,15.702857696373734,15.867939720796015,15.590119784001795,15.847806930541992,3974594.0
2008-04-09,DHR,15.827669898838172,15.849814817974496,15.571994975685575,15.662589073181152,4566156.0
2008-04-10,DHR,15.600175239649445,15.72499274778873,15.529713945840227,15.66057014465332,5180631.0
2008-04-11,DHR,15.372692093656072,15.443153419355365,15.121043685722945,15.17137336730957,9139454.0
2008-04-14,DHR,15.19753995160796,15.19753995160796,14.81302213083627,14.869390487670898,8062264.0
2008-04-15,DHR,14.947906691747908,15.110975375525609,14.851273905483946,15.038500785827637,9206109.0
2008-04-16,DHR,15.102918686405305,15.477371215820312,15.102918686405305,15.477371215820312,5374347.0
2008-04-17,DHR,14.873417182160045,15.078762401611217,14.704309824863016,14.929786682128906,25055091.0
2008-04-18,DHR,15.14922371119173,15.288133040516222,14.955958159919547,15.133118629455566,9750953.0
2008-04-21,DHR,15.050576824713502,15.253908754950723,15.026418632141233,15.199552536010742,5585916.0
2008-04-22,DHR,15.165333590905394,15.298204270747156,15.030450774993382,15.201571464538574,5546043.0
2008-04-23,DHR,15.257939688990541,15.370677572474106,15.038502614942127,15.280084609985352,5963528.0
2008-04-24,DHR,15.330413238778378,15.567968660551854,15.088831260261328,15.453217506408691,5840038.0
2008-04-25,DHR,15.580048481247893,15.680707830370412,15.435099292737807,15.614273071289062,4460223.0
2008-04-28,DHR,15.706890002016653,15.791443181583462,15.582072369818023,15.71494197845459,3925198.0
2008-04-29,DHR,15.72298750653038,15.86189802999859,15.624341416254543,15.676684379577637,3256567.0
2008-04-30,DHR,15.845788971852278,15.996777998505845,15.660575354484383,15.706879615783691,8753808.0
2008-05-01,DHR,15.714928211586955,15.938391785924727,15.700836408207614,15.865917205810547,5963528.0
2008-05-02,DHR,16.049120124854735,16.10548963279151,15.571994870938612,15.702852249145508,6433386.0
2008-05-05,DHR,15.763247143702523,15.763247143702523,15.356583233587308,15.53777027130127,7210034.0
2008-05-06,DHR,15.443152396766248,15.56193011751488,15.324374676017616,15.539786338806152,2970605.0
2008-05-07,DHR,15.57803503752043,15.57803503752043,15.296188634446779,15.32034683227539,4381368.0
2008-05-08,DHR,15.320343744026774,15.632388117137257,15.22371097219139,15.567965507507324,5044643.0
2008-05-09,DHR,15.390809360890932,15.594140193695948,15.334439851494617,15.515626907348633,3719282.0
2008-05-12,DHR,15.622325021094388,15.817603883901361,15.439125828618447,15.785393714904785,3015240.0
2008-05-13,DHR,15.829686495766138,16.016913422420078,15.704868925533502,15.7833833694458,4363216.0
2008-05-14,DHR,15.79143568961309,16.06120362364485,15.771304044153554,15.906188011169434,3207766.0
2008-05-15,DHR,15.88403532857055,16.133670352602085,15.751164705260399,16.119577407836914,5312155.0
2008-05-16,DHR,16.177960179502325,16.29271130240011,15.982681371489006,16.119577407836914,5336853.0
2008-05-19,DHR,16.02697172426159,16.127631048306448,15.807534717774454,15.825653076171875,7141891.0
2008-05-20,DHR,15.716948710088236,15.835727596124379,15.51361782232259,15.743120193481445,6408092.0
2008-05-21,DHR,15.81156448481226,15.871959405939432,15.4673087496876,15.511598587036133,4850332.0
2008-05-22,DHR,15.467308573434893,15.571994473327386,15.314306280147356,15.447176933288574,7739404.0
2008-05-23,DHR,15.447182833553793,15.447182833553793,15.098901555379621,15.268010139465332,5265735.0
2008-05-27,DHR,15.300214558306834,15.368662592221657,15.133120458788103,15.274043083190918,5208900.0
2008-05-28,DHR,15.265990187784695,15.489453780570189,15.265990187784695,15.406912803649902,4825932.0
2008-05-29,DHR,15.437111006418728,15.493480514612356,15.257938375376389,15.39684772491455,6640492.0
2008-05-30,DHR,15.497503096233949,15.83370563821513,15.408923442601216,15.739086151123047,6620852.0
2008-06-02,DHR,15.662587338636436,15.743113892901663,15.487438998063643,15.62031078338623,6116775.0
2008-06-03,DHR,15.662585820463967,16.105486396430823,15.662585820463967,16.01690673828125,10321686.0
2008-06-04,DHR,15.90417351868092,16.125623887056452,15.894107125414344,16.08334732055664,6718752.0
2008-06-05,DHR,16.111523044613467,16.632937928632554,16.075285191783944,16.618844985961914,9972343.0
2008-06-06,DHR,16.457799133458483,16.568524883047733,15.942423820495605,15.942423820495605,9927410.0
2008-06-09,DHR,15.956517826058334,16.069255727115763,15.82364713676743,16.035032272338867,5146708.0
2008-06-10,DHR,15.9524897897756,16.16588818439049,15.841764035194682,16.05516242980957,5022326.0
2008-06-11,DHR,16.065219950697998,16.371223280557654,15.908191159413796,15.928322792053223,6665785.0
2008-06-12,DHR,16.04509207717857,16.25043730657347,15.966578800160155,16.09139633178711,5995368.0
2008-06-13,DHR,16.292718763577632,16.538328487047284,16.256482031377328,16.465852737426758,5892707.0
2008-06-16,DHR,16.306805059320528,16.453767492105833,16.278620310995887,16.36518669128418,3388389.0
2008-06-17,DHR,16.377267128082718,16.455781542972932,16.169908633060583,16.300765991210938,6583061.0
2008-06-18,DHR,16.230306492957197,16.361162723047222,16.127633873039713,16.169910430908203,3808850.0
2008-06-19,DHR,16.12964802169713,16.58462836203024,16.071265234739865,16.508127212524414,7331441.0
2008-06-20,DHR,16.457794129011337,16.457794129011337,16.051130268139275,16.121591567993164,8599669.0
2008-06-23,DHR,16.115552876801313,16.21621220305244,16.05314354607306,16.121591567993164,3763917.0
2008-06-24,DHR,16.121595969079078,16.159847117653744,15.916250704651404,15.998791694641113,3859436.0
2008-06-25,DHR,16.04913630475996,16.13976459951771,15.942397989616572,16.067262649536133,7109456.0
2008-06-26,DHR,15.869897075742808,15.869897075742808,15.299950446130163,15.354327201843262,9279906.0
2008-06-27,DHR,15.559746182002966,15.76114084684589,15.229458794495663,15.481202125549316,10126780.0
2008-06-30,DHR,15.475165981774085,15.652393400933903,15.225436592463616,15.5678071975708,6986859.0
2008-07-01,DHR,15.334187645307011,15.644335864560036,15.25564357122185,15.602042198181152,6572647.0
2008-07-02,DHR,15.50739076639795,15.632255471567138,15.122726455698734,15.138838768005371,8193193.0
2008-07-03,DHR,15.265714559492176,15.495304678080993,15.150918928677152,15.362383842468262,5289540.0
2008-07-07,DHR,15.438913881997866,15.581903767813223,15.257658404897093,15.362383842468262,6206938.0
2008-07-08,DHR,15.305990852187827,15.47113513946533,15.126749439431059,15.471135139465332,7284128.0
2008-07-09,DHR,15.394604995903288,15.493288309971334,15.191197395324707,15.191197395324707,8428271.0
2008-07-10,DHR,15.169041760918148,15.368421253566934,15.128762140319218,15.338212966918945,6807129.0
2008-07-11,DHR,15.136821417106367,15.332174016750574,14.96160806039764,15.118696212768555,9373937.0
2008-07-14,DHR,15.328146010772922,15.5174564955037,15.028067974820548,15.160988807678223,5537711.0
2008-07-15,DHR,15.032098707367792,15.126753966453485,14.681671930421325,14.989806175231934,12349006.0
2008-07-16,DHR,14.941471867509385,15.40669433938647,14.736050160269675,15.348289489746094,13702040.0
2008-07-17,DHR,15.785315676660879,16.496238313332086,15.785315676660879,16.292829513549805,18295275.0
2008-07-18,DHR,16.298862121560173,16.804362767518896,16.141775168549238,16.588871002197266,11244439.0
2008-07-21,DHR,16.62311795777509,16.62311795777509,16.25657997634873,16.377416610717773,9458743.0
2008-07-22,DHR,16.377420519987577,16.709722201103595,16.28276522905785,16.576801300048828,10610325.0
2008-07-23,DHR,16.41567574863528,16.54053926912157,16.125666797288492,16.270671844482422,9070419.0
2008-07-24,DHR,16.308944555943114,16.34519612188128,16.008866403665568,16.03907585144043,6021256.0
2008-07-25,DHR,16.039077141339547,16.37540574356192,16.018936745842137,16.341169357299805,6523846.0
2008-07-28,DHR,16.22234154159215,16.403595898662765,16.147825531251165,16.17803382873535,6542890.0
2008-07-29,DHR,16.17802815382488,16.44588266070555,16.17802815382488,16.304906845092773,5924249.0
2008-07-30,DHR,16.42775931977898,16.48616414805057,16.14983459044408,16.373382568359375,6300373.0
2008-07-31,DHR,16.234422858932668,16.33310618230811,16.02497198007479,16.04108428955078,6799392.0
2008-08-01,DHR,16.091434927774312,16.33915028568467,16.06928049955019,16.238452911376953,7196048.0
2008-08-04,DHR,16.252548166979327,16.379426889700028,16.111572316419107,16.18206024169922,4889909.0
2008-08-05,DHR,16.290816998357453,16.623117446899414,16.27269064647803,16.623117446899414,7674237.0
2008-08-06,DHR,16.516378837146398,16.699648403626473,16.29685885103649,16.580825805664062,7066309.0
2008-08-07,DHR,16.447894066109512,16.800334691767702,16.321016538191728,16.588871002197266,6573539.0
2008-08-08,DHR,16.48616783966034,16.91715272763093,16.48616783966034,16.808399200439453,5968587.0
2008-08-11,DHR,16.814434770154637,17.03395463490034,16.655332619069842,16.782211303710938,5422553.0
2008-08-12,DHR,16.727838429358595,16.796312311224252,16.53047179495447,16.713741302490234,4600972.0
2008-08-13,DHR,16.683524124191987,16.836584125354932,16.45594816007134,16.768110275268555,4383748.0
2008-08-14,DHR,16.633179002131467,17.09437314118966,16.568733213606038,17.01582908630371,8887118.0
2008-08-15,DHR,17.080272734621598,17.11853830976448,16.86075290188224,16.899017333984375,6915741.0
2008-08-18,DHR,16.985631833802223,17.01584128318789,16.713749075414665,16.786251068115234,4518843.0
2008-08-19,DHR,16.665414216131403,16.772153735943103,16.38950338202303,16.457977294921875,4466472.0
2008-08-20,DHR,16.464012510584205,16.53248639477448,16.25858971497215,16.470054626464844,3606505.0
2008-08-21,DHR,16.37741875486078,16.61707915885729,16.270680380634747,16.578813552856445,3974892.0
2008-08-22,DHR,16.641244938491624,16.80638815452395,16.542561588111045,16.584854125976562,5179738.0
2008-08-25,DHR,16.373383760663316,16.651308510236593,16.212268676139256,16.266645431518555,2884609.0
2008-08-26,DHR,16.288801762202095,16.357275657367783,16.137755699222797,16.310955047607422,4004946.0
2008-08-27,DHR,16.363316068434386,16.42373380150306,16.24449349799551,16.327064514160156,2784626.0
2008-08-28,DHR,16.413661056480418,16.580818232967232,16.407618941621116,16.512344360351562,4442071.0
2008-08-29,DHR,16.451932218847233,16.540545367486796,16.399569488090584,16.427764892578125,4084992.0
2008-09-02,DHR,16.564711705687905,16.74798123975789,16.357274848458026,16.411651611328125,4127246.0
2008-09-03,DHR,16.35728194279174,16.542565596071395,16.101510328311097,16.26262664794922,4514975.0
2008-09-04,DHR,16.08942470496061,16.107549916583377,15.511421685064287,15.61816120147705,6468796.0
2008-09-05,DHR,15.509401911406014,15.704754517339898,15.457039192263144,15.65843391418457,4337328.0
2008-09-08,DHR,15.944419851332238,16.113592306132194,15.676565179128165,15.791360855102539,7402857.0
2008-09-09,DHR,15.833650515211803,15.910180570917353,15.336205724646465,15.34023380279541,5359171.0
2008-09-10,DHR,15.414747492006796,15.682602075013042,15.338217447856254,15.545654296875,4328996.0
2008-09-11,DHR,15.382519413493165,15.751071252611757,15.305989392234332,15.743016242980957,4962515.0
2008-09-12,DHR,15.368421995261071,15.581900908527476,15.241544441917972,15.489259719848633,8660670.0
2008-09-15,DHR,15.106615126030915,15.41273534010923,15.040155267596061,15.066336631774902,7767971.0
2008-09-16,DHR,14.866950795585245,15.507386455711888,14.784379790132313,15.372452735900879,9355190.0
2008-09-17,DHR,15.082445109469452,15.398634319168401,14.905217708893892,14.98376178741455,9147191.0
2008-09-18,DHR,15.114668213364169,15.503359376055398,14.6091673835718,15.42682933807373,9730719.0
2008-09-19,DHR,15.940391212985642,15.964558540655643,15.303983393620182,15.680591583251953,8923421.0
2008-09-22,DHR,15.553708365927955,15.622182250845556,15.032096359891016,15.05223560333252,3275908.0
2008-09-23,DHR,14.993832266445102,15.223422390409818,14.309089971942822,14.3554105758667,8138739.0
2008-09-24,DHR,14.442042786765503,14.502487083465233,14.008861709809981,14.476293563842773,7407916.0
2008-09-25,DHR,14.508533468239186,14.60121367422438,14.226463077236863,14.286906242370605,5823374.0
2008-09-26,DHR,14.107594881928389,14.327206146120263,13.775152224346257,14.30101490020752,6159327.0
2008-09-29,DHR,14.053189679140317,14.222433285749185,13.587772619772007,13.748956680297852,7715004.0
2008-09-30,DHR,14.059235719914371,14.059235719914371,13.672395766284177,13.982674598693848,6962459.0
2008-10-01,DHR,14.002821439373726,14.149901299429244,13.529344817263263,13.807385444641113,6512538.0
2008-10-02,DHR,13.706645175986878,13.767089484428423,12.973260789758035,13.084074974060059,9456363.0
2008-10-03,DHR,13.350031810852334,13.497111713826312,12.507847849554866,12.618660926818848,12044595.0
2008-10-06,DHR,12.342630497200789,12.493740132115198,11.754309906932596,12.390985488891602,13505646.0
2008-10-07,DHR,12.465532503466934,12.729471207061442,11.613274370097102,11.67573356628418,10113687.0
2008-10-08,DHR,11.446042763655111,12.139131476402504,11.349332817087758,11.41179084777832,12878971.0
2008-10-09,DHR,11.562903707054296,11.722072873011037,10.680423478870912,10.718705177307129,10221108.0
2008-10-10,DHR,10.039721347501748,11.911465442727232,9.884581923195608,11.252628326416016,20322892.0
2008-10-13,DHR,11.643495083088682,12.42322063446045,11.383586184790659,12.42322063446045,10503499.0
2008-10-14,DHR,12.932970434576337,13.090124797429645,11.953780856781208,12.133096694946289,11376856.0
2008-10-15,DHR,12.064591265639013,12.064591265639013,10.88190746307373,10.88190746307373,14273368.0
2008-10-16,DHR,11.010848250858995,11.796618381216662,10.628038187948253,11.740203857421875,15155652.0
2008-10-17,DHR,11.282847530485077,12.00414487902474,11.165989831070052,11.363439559936523,12125831.0
2008-10-20,DHR,11.494402513531755,11.558876600384089,11.11562096972249,11.484329223632812,14719122.0
2008-10-21,DHR,11.415830005645033,12.092801331748957,11.32717952957662,11.705961227416992,12621576.0
2008-10-22,DHR,11.433960512839443,11.69185345605407,11.111592332656542,11.454108238220215,13719299.0
2008-10-23,DHR,11.510523393166224,11.740210241933314,10.704605107045687,11.198230743408203,12557600.0
2008-10-24,DHR,10.470887290343631,11.288893573548119,10.075987784211986,10.932275772094727,10414824.0
2008-10-27,DHR,10.821459723804109,11.208299616767762,10.624010004516853,10.630053520202637,8654124.0
2008-10-28,DHR,10.77512496595821,11.484333312717824,10.32179588398637,11.478288650512695,10157429.0
2008-10-29,DHR,11.309042639094036,11.867141176837992,11.139800136892134,11.44201946258545,8237828.0
2008-10-30,DHR,11.800652315100269,11.917510032582117,11.532684947855513,11.758340835571289,7740297.0
2008-10-31,DHR,11.687817943455983,12.088761941404735,11.520590418326277,11.935637474060059,8529741.0
2008-11-03,DHR,11.971908044682479,12.127047446755295,11.883256467702683,12.006158828735352,5945972.0
2008-11-04,DHR,12.209654636013182,12.650894213635176,12.19353554337295,12.548139572143555,7380837.0
2008-11-05,DHR,12.473594976430261,12.701266918961323,11.947733475934143,11.967881202697754,9450114.0
2008-11-06,DHR,11.61125681291124,12.04040811072365,11.248594469104955,11.321126937866211,8667514.0
2008-11-07,DHR,11.413810530859028,11.643497322255056,11.272775323424769,11.508506774902344,5813852.0
2008-11-10,DHR,11.675736625671101,11.85303754086615,11.331205800131908,11.494404792785645,4483135.0
2008-11-11,DHR,11.290909659583361,11.411797159655558,11.05316328983914,11.210317611694336,6099219.0
2008-11-12,DHR,11.014882656668746,11.119652203925906,10.678412545503638,10.759004592895508,6625018.0
2008-11-13,DHR,10.720722054817697,11.458136315409353,10.454769576878878,11.4339599609375,9418274.0
2008-11-14,DHR,11.182111609949485,11.437990847935328,10.863774299621582,10.863774299621582,7081485.0
2008-11-17,DHR,10.740874529851306,10.980635872570211,10.57566060088068,10.624016761779785,7514147.0
2008-11-18,DHR,10.579688489078508,10.964513630164042,10.48096245140053,10.89198112487793,8482130.0
2008-11-19,DHR,10.841609010210398,10.958466720834384,10.329851803974819,10.366117477416992,8536882.0
2008-11-20,DHR,10.263363475475883,10.720722200306428,9.872493728674288,9.967188835144043,12910811.0
2008-11-21,DHR,10.073974319019358,10.684457645089815,9.852347037232978,10.6663236618042,10554978.0
2008-11-24,DHR,10.841609973534664,11.603202905761469,10.779150767524165,11.246583938598633,11510463.0
2008-11-25,DHR,11.450077724877303,11.6011885293709,10.95846817674281,11.210317611694336,7448385.0
2008-11-26,DHR,10.998763311479399,11.17002067579373,10.77512118017162,10.873846054077148,13697577.0
2008-11-28,DHR,10.799300111448868,11.238524885631628,10.799300111448868,11.210317611694336,5016374.0
2008-12-01,DHR,10.885936443579268,10.885936443579268,10.170684684043318,10.18478775024414,9822072.0
2008-12-02,DHR,10.327837000302406,10.356045417364752,9.880552684578845,10.019574165344238,14091257.0
2008-12-03,DHR,9.812047813813294,10.283509526115466,9.618627858719565,10.277464866638184,14256704.0
2008-12-04,DHR,10.136437131260827,10.3842569169405,9.848321873129743,9.999431610107422,9844389.0
2008-12-05,DHR,9.991369025295947,10.22105589300263,9.509833244170968,10.140463829040527,8303293.0
2008-12-08,DHR,10.255304373589022,10.686469540402513,10.184785626719762,10.4688720703125,9321863.0
2008-12-09,DHR,9.987339386339027,10.388283680713865,9.852348792302257,10.02964973449707,14886354.0
2008-12-10,DHR,10.172697171587707,10.400369068859797,10.170682284959614,10.315747261047363,8244077.0
2008-12-11,DHR,10.231130884684774,10.321796246857383,9.902719092458678,10.009502410888672,9664659.0
2008-12-12,DHR,9.810035173260367,10.325822159313436,9.6468362101685,10.225082397460938,13554447.0
2008-12-15,DHR,10.26336519247368,10.325824407310817,10.051812332640562,10.178743362426758,8424700.0
2008-12-16,DHR,10.233142440815596,11.028986229586225,10.142477098026998,10.93630599975586,11544088.0
2008-12-17,DHR,10.827506670740462,11.049133930165251,10.716692469266766,10.871831893920898,8469335.0
2008-12-18,DHR,10.865788189441334,11.182110583543336,10.793255687803729,11.085400581359863,11153979.0
2008-12-19,DHR,11.206284183747329,11.323143015315287,11.012864246700099,11.093456268310547,7640315.0
2008-12-22,DHR,11.121666363335729,11.139799201167845,10.787210017475871,10.974586486816406,5998939.0
2008-12-23,DHR,11.139889027294316,11.196334654469027,10.79920155556993,10.902012825012207,6873784.0
2008-12-24,DHR,10.893947432582221,11.061268295553052,10.845565799570839,11.024981498718262,1945787.0
2008-12-26,DHR,11.033045910149376,11.061268721184097,10.934265499451573,11.037077903747559,1969890.0
2008-12-29,DHR,10.996760720401738,11.073365177514384,10.799202158414579,11.006840705871582,5053273.0
2008-12-30,DHR,11.04715371202848,11.242696194659082,11.004820079169878,11.210442543029785,5537711.0
2008-12-31,DHR,11.212459521754035,11.47049564864272,11.212459521754035,11.412034034729004,5815043.0
2009-01-02,DHR,11.401960460569734,11.688219528280637,11.278990330228899,11.651932716369629,5541579.0
2009-01-05,DHR,11.573312315516057,11.609599127651226,11.351562880020898,11.472517013549805,6747913.0
2009-01-06,DHR,11.500734708291189,11.76078569340755,11.47855988904266,11.641847610473633,5623410.0
2009-01-07,DHR,11.442272988305039,11.52492541867631,11.27696927171497,11.32938289642334,7242171.0
2009-01-08,DHR,11.301167882636708,11.301167882636708,11.004829899870263,11.196340560913086,6484865.0
2009-01-09,DHR,11.264879794986168,11.32535744122562,10.93830416658315,11.010876655578613,4770585.0
2009-01-12,DHR,10.988697543835803,11.04715917557441,10.897982244516342,11.002809524536133,4925617.0
2009-01-13,DHR,10.940313981016638,10.984663624282621,10.547212893986375,10.686309814453125,9144811.0
2009-01-14,DHR,10.555277881755929,10.793154095743638,10.488752266400425,10.666152000427246,7524264.0
2009-01-15,DHR,10.71856826541652,10.978620511080406,10.488754839226829,10.91209602355957,7029709.0
2009-01-16,DHR,11.067315297637894,11.121744921581401,10.704453044935393,10.871772766113281,6814568.0
2009-01-20,DHR,10.799201004892101,10.873789456943571,10.379893104731478,10.39601993560791,7743570.0
2009-01-21,DHR,10.490766277340304,10.553258735734978,10.22869817658233,10.52705192565918,7523966.0
2009-01-22,DHR,10.379894489134367,10.545198246160883,10.18435077489521,10.430292129516602,6309300.0
2009-01-23,DHR,10.258942567139462,10.480693172127886,10.079527915991779,10.351675033569336,9295379.0
2009-01-26,DHR,10.764934146637966,11.51485085599239,10.748806167413422,11.31325912475586,16908020.0
2009-01-27,DHR,11.343491617589333,11.57733688859912,11.166091954090916,11.545082092285156,9696499.0
2009-01-28,DHR,11.722484862846745,11.756755664523379,11.553149139582183,11.637816429138184,7712921.0
2009-01-29,DHR,11.468483092144512,11.583390357811734,11.297131336412955,11.428165435791016,6265856.0
2009-01-30,DHR,11.3737321445557,11.478559390378342,11.190284464366075,11.27495288848877,6964244.0
2009-02-02,DHR,11.147955377101683,11.295116323008612,11.051192078102764,11.204401016235352,7141891.0
2009-02-03,DHR,11.270920999611382,11.381795092063257,11.091505310932048,11.321318626403809,5879019.0
2009-02-04,DHR,11.333416343400375,11.591451362577615,11.283017564729548,11.381796836853027,7815284.0
2009-02-05,DHR,11.278987243340534,11.74264481613324,11.2124616304029,11.686199188232422,7932823.0
2009-02-06,DHR,11.66805637108513,11.893837738763413,11.595483911204898,11.801106452941895,7132667.0
2009-02-09,DHR,11.770868044124752,11.879727309740796,11.589437460301632,11.67612075805664,7264489.0
2009-02-10,DHR,11.55718227310884,11.746676839045751,11.19633482604057,11.266892433166504,6907111.0
2009-02-11,DHR,11.30922553254025,11.482593258106332,11.246731916500526,11.365671157836914,6410771.0
2009-02-12,DHR,11.178196193752441,11.373738824139588,11.047162059520243,11.361642837524414,5346971.0
2009-02-13,DHR,11.365671157836914,11.563228558070003,11.305193538711544,11.365671157836914,4961027.0
2009-02-17,DHR,10.960474798839881,11.097556891496984,10.712518577856194,10.889918327331543,8072084.0
2009-02-18,DHR,10.893949024051775,10.964505487154748,10.69034362280697,10.8637113571167,9520042.0
2009-02-19,DHR,10.861692188940502,11.016917065290603,10.694372476904043,10.724611282348633,8416070.0
2009-02-20,DHR,10.555275720553274,10.908059119293549,10.339573230312403,10.571402549743652,10452912.0
2009-02-23,DHR,10.66211778148719,10.752834198728523,10.315382374106589,10.347637176513672,9549203.0
2009-02-24,DHR,10.41819208773617,10.63389454526066,10.281111200028324,10.601639747619629,7552830.0
2009-02-25,DHR,10.52302514836912,10.664139251085833,10.283131745827179,10.468595504760742,8059884.0
2009-02-26,DHR,10.525037929512619,10.660103998519721,10.345622217841424,10.37182903289795,6845813.0
2009-02-27,DHR,10.226681922519264,10.343603994599652,10.121854684856403,10.2327299118042,11451843.0
2009-03-02,DHR,10.172254049876887,10.331510930081919,9.823502626166787,9.84769344329834,10789460.0
2009-03-03,DHR,9.964616271748955,10.224668433244224,9.831567339769972,10.021061897277832,9541764.0
2009-03-04,DHR,10.137982670437871,10.692355373493857,10.137982670437871,10.476654052734375,12309727.0
2009-03-05,DHR,10.228703275921873,10.508914340533568,9.942444218857789,10.019048690795898,10741254.0
2009-03-06,DHR,10.097667743256602,10.23676582937783,9.714645437313894,9.94042682647705,11705667.0
2009-03-09,DHR,9.787215365852697,9.91421857998189,9.62191164729138,9.682389259338379,10641272.0
2009-03-10,DHR,9.877930748467271,10.311350538297486,9.807374304576856,10.3032865524292,15776375.0
2009-03-11,DHR,10.271036713621143,10.589549435267031,10.216607071027529,10.50689697265625,12609376.0
2009-03-12,DHR,10.472623201082568,11.020949118749048,10.404082747412374,10.970551490783691,14857490.0
2009-03-13,DHR,10.970552543567354,10.998775355234638,10.75081918491449,10.908060073852539,7930740.0
2009-03-16,DHR,10.839517028389912,11.123759959965696,10.839517028389912,10.893946647644043,10338945.0
2009-03-17,DHR,10.793152384981406,11.139887809753418,10.736706763975953,11.139887809753418,7054704.0
2009-03-18,DHR,11.351562741411708,11.446310049506348,10.956445528657564,11.287053108215332,15537727.0
2009-03-19,DHR,11.387844038542037,11.458401637300774,11.014901797778526,11.033045768737793,14013294.0
2009-03-20,DHR,11.089491049979483,11.149968669256916,10.718564779095058,10.805249214172363,9678050.0
2009-03-23,DHR,11.035058903265485,11.349540621099376,10.936279653365641,11.325349807739258,11311987.0
2009-03-24,DHR,11.20842825206498,11.283016699667172,11.055220507496383,11.11771297454834,6261690.0
2009-03-25,DHR,11.129819407797864,11.476743678015506,10.950305988437698,11.21049976348877,7035362.0
2009-03-26,DHR,11.377911420259743,11.4303535979346,11.152007095189497,11.381945610046387,11315855.0
2009-03-27,DHR,11.252851549719184,11.34966747635971,11.091492053576701,11.182256698608398,6035539.0
2009-03-30,DHR,10.974506647326699,11.01686447944489,10.76877220347511,10.861555099487305,7195453.0
2009-03-31,DHR,11.119731303787033,11.145952384564856,10.803062384955231,10.936184883117676,7937584.0
2009-04-01,DHR,10.492445777977453,10.673976286758117,10.323018982119782,10.591279983520508,14842017.0
2009-04-02,DHR,10.84743415997598,11.184273959142882,10.774822213913543,10.976522445678711,11206053.0
2009-04-03,DHR,10.853482030139599,10.916008487049984,10.756666132488137,10.859533309936523,6676200.0
2009-04-06,DHR,10.73246386060698,10.928112780212079,10.70220860159768,10.901891708374023,6764577.0
2009-04-07,DHR,10.84743877205179,10.855507151080944,10.627585746488476,10.649772644042969,6212591.0
2009-04-08,DHR,10.649771880509089,10.764741694329066,10.565058485879215,10.675992965698242,5593356.0
2009-04-09,DHR,11.067291876952842,11.462622950136641,11.018883896989472,11.412199020385742,8829985.0
2009-04-13,DHR,11.293195521511201,11.315383562690167,11.081410885965333,11.230669021606445,6416722.0
2009-04-14,DHR,11.101576543582107,11.184273959142882,10.93416576333609,10.976522445678711,7165399.0
2009-04-15,DHR,10.879707700424946,10.998710529567193,10.736500886630457,10.801044464111328,8142012.0
2009-04-16,DHR,10.85146747424713,11.121745442518396,10.75465155395743,11.07535457611084,11135232.0
2009-04-17,DHR,11.121749731257843,11.164106426524286,10.934169099555982,11.125783920288086,8755891.0
2009-04-20,DHR,10.97249057464758,11.022915643235788,10.682042729071707,10.728433609008789,5816828.0
2009-04-21,DHR,10.649771133113155,10.988628122178635,10.649771133113155,10.964424133300781,6259012.0
2009-04-22,DHR,10.887779826229064,11.38799529970506,10.823235081746168,11.101581573486328,7802191.0
2009-04-23,DHR,11.141922003534777,11.747021810756408,11.141922003534777,11.706682205200195,14242123.0
2009-04-24,DHR,11.789377413224578,12.259338651092142,11.71878254454218,12.188742637634277,11617885.0
2009-04-27,DHR,11.978971840133994,12.037465271317066,11.714745142451276,11.799458503723145,8647280.0
2009-04-28,DHR,11.632052525797556,11.745005247094214,11.53523656170078,11.597763061523438,6727679.0
2009-04-29,DHR,11.706679575221433,11.993094373607866,11.680458494067917,11.900311470031738,5296384.0
2009-04-30,DHR,11.936617338831887,12.061671454528266,11.66230512197452,11.787359237670898,9623297.0
2009-05-01,DHR,11.777271377862624,12.013261046856485,11.625996213199281,11.938632011413574,6138497.0
2009-05-04,DHR,11.950736229395734,12.37229061126709,11.79744393503804,12.37229061126709,6790763.0
2009-05-05,DHR,12.354142590245653,12.594166616247927,12.283547692518843,12.571978569030762,7397203.0
2009-05-06,DHR,12.652658939257892,12.656693129659894,12.346074206016917,12.535673141479492,6633648.0
2009-05-07,DHR,12.666767763055278,12.666767763055278,12.186722368264354,12.30370807647705,6601511.0
2009-05-08,DHR,12.366243037796426,12.505415714148318,12.198831033472233,12.380361557006836,5848668.0
2009-05-11,DHR,12.321863275098055,12.327913411958729,12.120161900662357,12.186723709106445,4527473.0
2009-05-12,DHR,12.20891063409069,12.251267316120032,11.934598458291967,12.12217903137207,5089576.0
2009-05-13,DHR,11.93863502538485,11.93863502538485,11.66432279491677,11.771223068237305,4949719.0
2009-05-14,DHR,11.749033728077322,11.866019448458914,11.688524346407608,11.72281265258789,5044346.0
2009-05-15,DHR,11.722814313633148,11.8297157246046,11.617929996814013,11.666337966918945,5595439.0
2009-05-18,DHR,11.789381334914657,11.978979110717773,11.704666777450543,11.978979110717773,6314657.0
2009-05-19,DHR,11.920480556013048,12.206895337285795,11.859971164888064,12.093942642211914,6257226.0
2009-05-20,DHR,12.21093092447501,12.39447735783323,12.10201240528735,12.176641464233398,7803679.0
2009-05-21,DHR,12.00317870034357,12.108063024957628,11.704662480919206,11.900311470031738,7710541.0
2009-05-22,DHR,11.904344436273968,12.061670907040453,11.857953561637126,11.944684028625488,4276029.0
2009-05-26,DHR,11.888210163651975,12.40052808107463,11.839802189482517,12.360188484191895,5570443.0
2009-05-27,DHR,12.338001404356065,12.424733032594313,12.12823388159762,12.160506248474121,6498850.0
2009-05-28,DHR,12.162521188062607,12.273455640834056,11.932582761260889,12.10402774810791,5521642.0
2009-05-29,DHR,12.136300109899391,12.186725173373222,11.978973637114962,12.172605514526367,7962877.0
2009-06-01,DHR,12.380357588797127,12.856370071303097,12.26337070379774,12.75350284576416,6127190.0
2009-06-02,DHR,12.729295716001706,12.751482602041344,12.551799482909514,12.660717964172363,5269306.0
2009-06-03,DHR,12.565920703952116,12.600209011749808,12.414645525479287,12.53768253326416,6951746.0
2009-06-04,DHR,12.557854566906459,12.735350853749436,12.513480781389573,12.697027206420898,4277815.0
2009-06-05,DHR,12.749467245212772,12.928980596470808,12.709127655058825,12.840231895446777,4748565.0
2009-06-08,DHR,12.818047718589092,12.920913800537956,12.650635765995506,12.844268798828125,4323937.0
2009-06-09,DHR,12.844265217583313,12.977386531118011,12.757533624121251,12.906791687011719,4260853.0
2009-06-10,DHR,12.955206462985451,13.09034608607961,12.578026919936034,12.741403579711914,4935436.0
2009-06-11,DHR,12.811998130704682,12.874524625837951,12.658705817456259,12.755521774291992,4014468.0
2009-06-12,DHR,12.713160111093359,12.713160111093359,12.505408617119809,12.660717964172363,4334352.0
2009-06-15,DHR,12.549784878144797,12.596176897910325,12.344050437079234,12.4751558303833,5361551.0
2009-06-16,DHR,12.545753207050218,12.545753207050218,12.225048945707947,12.227066040039062,4082016.0
2009-06-17,DHR,12.192779609553675,12.501380207807742,12.192779609553675,12.321867942810059,4988403.0
2009-06-18,DHR,12.305728544809947,12.495327387108215,12.253286384904598,12.384391784667969,2911092.0
2009-06-19,DHR,12.487258365032355,12.53163214580544,12.325897705234372,12.344050407409668,4622694.0
2009-06-22,DHR,12.271442769932724,12.271442769932724,11.995113372802734,11.995113372802734,4179618.0
2009-06-23,DHR,12.035451033592018,12.063689208975468,11.902328533863026,12.001161575317383,4611089.0
2009-06-24,DHR,12.114170035123768,12.330097676188782,12.05766519892538,12.162602424621582,4683398.0
2009-06-25,DHR,12.08793629239053,12.485485985287493,12.059683872973855,12.455215454101562,4695300.0
2009-06-26,DHR,12.356330397436993,12.709483860342141,12.267538076532984,12.665087699890137,7914969.0
2009-06-29,DHR,12.628761752813501,12.77204077891894,12.592438041152793,12.667104721069336,4002863.0
2009-06-30,DHR,12.663077340853109,12.705455415832873,12.362392299984531,12.459257125854492,6519382.0
2009-07-01,DHR,12.55207856318076,12.596474721425128,12.305879290815612,12.344221115112305,6887472.0
2009-07-02,DHR,12.211036092211092,12.309918993231632,11.989054092886473,12.031432151794434,8198549.0
2009-07-06,DHR,11.918423433629986,12.003179550170898,11.823575612456073,12.003179550170898,6644360.0
2009-07-07,DHR,12.045558527176427,12.045558527176427,11.680297433672578,11.700478553771973,5746007.0
2009-07-08,DHR,11.724695676358472,11.80945180604204,11.510784949274392,11.656082153320312,7041909.0
2009-07-09,DHR,11.708549684976647,11.78321639219181,11.656081064192698,11.722675323486328,2871516.0
2009-07-10,DHR,11.859901979763292,11.995109764443738,11.769091516174665,11.787253379821777,6405414.0
2009-07-13,DHR,11.797340892158964,11.95474673931983,11.65607993928304,11.944657325744629,6686317.0
2009-07-14,DHR,11.962818155589336,12.043539183999405,11.869989602861788,12.041521072387695,3396720.0
2009-07-15,DHR,12.15251090503857,12.408799613982394,12.110132853918097,12.368439674377441,4975310.0
2009-07-16,DHR,12.40073455905804,12.606572893503934,12.35432025724248,12.562176704406738,4400709.0
2009-07-17,DHR,12.529883198770053,12.529883198770053,12.360369813481771,12.372478485107422,4367084.0
2009-07-20,DHR,12.697376533914415,12.81442242701719,12.598493645477602,12.772043228149414,7541225.0
2009-07-21,DHR,12.907253168565113,12.943578038701922,12.747829194922275,12.87496566772461,5768325.0
2009-07-22,DHR,12.802318360677909,12.965778589331542,12.774067078411235,12.931471824645996,6727976.0
2009-07-23,DHR,12.390635986257216,12.630779768783265,12.15250916960592,12.225157737731934,16501842.0
2009-07-24,DHR,12.22112863370429,12.640876503146025,12.211038072635901,12.630785942077637,9212061.0
2009-07-27,DHR,12.62069227932457,12.624727357040937,12.374492980283547,12.479430198669434,5929903.0
2009-07-28,DHR,12.398709078606359,12.414853970759436,12.162601484394964,12.241304397583008,4893479.0
2009-07-29,DHR,12.281662887044972,12.350275234535616,12.154528748467865,12.265519142150879,5127962.0
2009-07-30,DHR,12.420909193718915,12.586386332654513,12.311935745302291,12.338170051574707,8234257.0
2009-07-31,DHR,12.239289774333919,12.552083404714997,12.239289774333919,12.358352661132812,8176530.0
2009-08-03,DHR,12.4491588211518,12.612618972175555,12.370457058087768,12.539970397949219,5448738.0
2009-08-04,DHR,12.52988026600744,12.64692614958089,12.406781193390957,12.612619400024414,4778916.0
2009-08-05,DHR,12.685271930820988,12.687290042915297,12.26350597411256,12.358352661132812,8194086.0
2009-08-06,DHR,12.378531053400229,12.441089078474558,12.273593829040392,12.356331825256348,6633945.0
2009-08-07,DHR,12.499612854599917,12.511721526409179,12.332117578709388,12.451180458068848,5182416.0
2009-08-10,DHR,12.42293240849328,12.461274255143877,12.305886465342429,12.378536224365234,5349649.0
2009-08-11,DHR,12.309918392829534,12.370459455762038,12.156548769063217,12.16663932800293,6794036.0
2009-08-12,DHR,12.166637438514336,12.346241342278388,12.154529915019875,12.231213569641113,4754516.0
2009-08-13,DHR,12.287718001722885,12.287718001722885,12.057663609261875,12.124258995056152,7101422.0
2009-08-14,DHR,12.114169309236413,12.13233116787162,11.950709145461296,12.128294944763184,6891043.0
2009-08-17,DHR,11.972907920701644,12.087934548187198,11.829627732523328,11.91236686706543,5176465.0
2009-08-18,DHR,11.928515944128954,12.081885612882367,11.89824654913683,12.077849388122559,5464212.0
2009-08-19,DHR,11.97290538996206,12.213049151563718,11.872003273445369,12.192869186401367,7838494.0
2009-08-20,DHR,12.192873824638957,12.271576749528379,12.138387096226825,12.259468078613281,4356075.0
2009-08-21,DHR,12.410819870300857,12.546027638443316,12.320009417819742,12.491540908813477,6621150.0
2009-08-24,DHR,12.50970268830654,12.620694258703566,12.457234070884628,12.574278831481934,7621568.0
2009-08-25,DHR,12.636840309403764,12.7902099658969,12.560155481157196,12.675183296203613,7156769.0
2009-08-26,DHR,12.612624672507208,12.663075189522887,12.477418019931223,12.588408470153809,4892587.0
2009-08-27,DHR,12.640874221211922,12.677197943794692,12.441090310947923,12.602532386779785,5015482.0
2009-08-28,DHR,12.723611393843228,12.723611393843228,12.382566548536179,12.428980827331543,7999478.0
2009-08-31,DHR,12.354315305168308,12.390640174185087,12.136369527126506,12.251396179199219,8443744.0
2009-09-01,DHR,12.176724297989512,12.445121614311917,12.148473033973703,12.192869186401367,7703697.0
2009-09-02,DHR,12.42898087866404,12.681233390857054,12.36238662777211,12.537954330444336,15045850.0
2009-09-03,DHR,12.814423250016404,13.04447768238517,12.735720327467652,12.945594787597656,16307234.0
2009-09-04,DHR,12.961738070902873,13.343143999396567,12.961738070902873,13.270495414733887,13291398.0
2009-09-08,DHR,13.393597021055117,13.440011307877048,13.058605307616363,13.292695999145508,11054889.0
2009-09-09,DHR,13.371398112083686,13.44404670595241,13.254353346187347,13.433956146240234,10015787.0
2009-09-10,DHR,13.442030738039325,13.601454734802244,13.357273458997046,13.601454734802246,7434399.0
2009-09-11,DHR,13.603467530907995,13.686206672318233,13.5086208649771,13.609521865844727,6237587.0
2009-09-14,DHR,13.480369977679826,13.754820593755026,13.39359574848001,13.710424423217773,8717803.0
2009-09-15,DHR,13.750783739558203,13.750783739558203,13.55705304207748,13.708404541015625,6500040.0
2009-09-16,DHR,13.686208089680806,13.801235883979908,13.617595722684015,13.791145324707031,5837955.0
2009-09-17,DHR,13.791145821769081,13.865812527020744,13.714461004590106,13.845632553100586,5834980.0
2009-09-18,DHR,13.885991546423996,13.924334525054288,13.744730593340135,13.752801895141602,8439876.0
2009-09-21,DHR,13.623651542684787,13.754823111787774,13.60750779008486,13.653922080993652,4637572.0
2009-09-22,DHR,13.702353870649027,13.83957977034038,13.664012030433456,13.789129257202148,6003700.0
2009-09-23,DHR,13.795181601526238,13.871900085923823,13.635687638891723,13.680103302001953,5422850.0
2009-09-24,DHR,13.710387101018414,13.75278491196279,13.429758991373964,13.464080810546875,6933595.0
2009-09-25,DHR,13.413608358847398,13.504458684242673,13.290455211728005,13.34698486328125,8047683.0
2009-09-28,DHR,13.421687496857595,13.63367202108882,13.35304498722753,13.54887866973877,3861817.0
2009-09-29,DHR,13.597329884720304,13.655878537395992,13.480232579368929,13.603386878967285,6004295.0
2009-09-30,DHR,13.63165021181554,13.680102722911816,13.34092712424752,13.59127140045166,7649837.0
2009-10-01,DHR,13.514555397032593,13.526669386419442,13.16730374325996,13.181435585021973,8194384.0
2009-10-02,DHR,13.100679295094254,13.179416782866586,12.999733974235763,13.070395469665527,6977932.0
2009-10-05,DHR,13.090583749862098,13.223831888587647,13.00175127542645,13.130961418151855,6940439.0
2009-10-06,DHR,13.233929652122944,13.425726497941893,13.191532973276818,13.227873802185059,6330130.0
2009-10-07,DHR,13.203642307627753,13.266227804522543,13.122885829760085,13.1915283203125,5278828.0
2009-10-08,DHR,13.322760424827766,13.492348264071923,13.318722428155471,13.437837600708008,5581155.0
2009-10-09,DHR,13.42774435855894,13.728560228040365,13.425725360132024,13.696258544921875,6543188.0
2009-10-12,DHR,13.764900165533312,13.797202992423186,13.587236336423034,13.694238662719727,4924724.0
2009-10-13,DHR,13.645786329160888,13.825469174131419,13.589256663041953,13.754806518554688,6899970.0
2009-10-14,DHR,13.928428651120417,14.065714782793806,13.819408490819598,14.061677932739258,5773978.0
2009-10-15,DHR,14.011206518707699,14.102055705472406,13.982940544827244,14.091961860656738,4381368.0
2009-10-16,DHR,13.871898544381922,14.051581320657505,13.819406895319139,13.98091983795166,5129450.0
2009-10-19,DHR,13.980924474056875,14.182814000511005,13.922375812412977,14.128304481506348,4450106.0
2009-10-20,DHR,14.140414721379628,14.28779470168217,14.079848218356371,14.259531021118164,5319297.0
2009-10-21,DHR,14.207041487145936,14.455366842143201,14.194928642096766,14.247420310974121,6393809.0
2009-10-22,DHR,14.635045505301731,14.693594152905536,14.205019576423986,14.360475540161133,10784997.0
2009-10-23,DHR,14.356439894481062,14.380666729413964,14.130323532344688,14.132341384887695,6685127.0
2009-10-26,DHR,14.14243879107037,14.332215506131291,13.888056407922473,13.93651008605957,9010608.0
2009-10-27,DHR,13.924394508987794,14.051585675620542,13.849695007686405,13.894110679626465,8857957.0
2009-10-28,DHR,13.871898838048054,13.892087669840592,13.637705410029763,13.688178062438965,7712624.0
2009-10-29,DHR,13.819412161848161,13.999095006600239,13.748750652213465,13.964773178100586,8675846.0
2009-10-30,DHR,13.902183123292033,14.005147429316448,13.698273509075506,13.774991989135742,10406195.0
2009-11-02,DHR,13.813355681211837,14.015246371039146,13.64578682116339,13.839601516723633,8270561.0
2009-11-03,DHR,13.823451096791159,13.928433296192718,13.732600741932973,13.92641544342041,6613413.0
2009-11-04,DHR,13.97890552755003,14.29385438167776,13.946602699020803,14.132341384887695,8968651.0
2009-11-05,DHR,14.251454207240137,14.509873334445038,14.20098155136996,14.43921184539795,5930498.0
2009-11-06,DHR,14.334235709327777,14.546220265580077,14.334235709327777,14.528050422668457,5950138.0
2009-11-09,DHR,14.570441093062914,14.715802068093277,14.548233261810148,14.647159576416016,5162777.0
2009-11-10,DHR,14.66937044181893,14.812712448578582,14.564387111741874,14.675427436828613,4356372.0
2009-11-11,DHR,14.727918621759741,14.727918621759741,14.515932970179474,14.62293529510498,4440286.0
2009-11-12,DHR,14.647160113939645,14.782427250195056,14.560346637805846,14.592649459838867,3636857.0
2009-11-13,DHR,14.596686835111674,14.729933821851962,14.501798516896557,14.655234336853027,4411422.0
2009-11-16,DHR,14.786466569492648,14.901544890890097,14.675427390611636,14.75416374206543,4735472.0
2009-11-17,DHR,14.729935346417179,14.810691833496094,14.663311846151426,14.810691833496094,5713870.0
2009-11-18,DHR,14.770315122238813,14.808673797225604,14.54823562773933,14.594670295715332,4875030.0
2009-11-19,DHR,14.465460637704048,14.578519960041183,14.328175627272985,14.469498634338379,4076660.0
2009-11-20,DHR,14.443252732418236,14.503820389929043,14.366534234304021,14.471517562866211,4915202.0
2009-11-23,DHR,14.564387082980996,14.70369223864847,14.562368084648421,14.6431245803833,3687145.0
2009-11-24,DHR,14.673410257015599,14.691580098440463,14.42508488940312,14.501803398132324,6161410.0
2009-11-25,DHR,14.457382874474792,14.558329340406484,14.425081197066772,14.532083511352539,2484382.0
2009-11-27,DHR,14.233286949668132,14.495745287196854,14.136380754238568,14.36855411529541,2906331.0
2009-11-30,DHR,14.33019680119037,14.392782320956096,14.188872626813216,14.318082809448242,7251693.0
2009-12-01,DHR,14.402872900974307,14.594668544608075,14.376627072764395,14.517950057983398,5481173.0
2009-12-02,DHR,14.546215996009154,14.68551999387052,14.475554497998784,14.507857322692871,4664056.0
2009-12-03,DHR,14.477570981355976,14.667347608525052,14.410946345381342,14.431135177612305,3483610.0
2009-12-04,DHR,14.554292791467637,14.740031465528213,14.348364134699604,14.62293529510498,6628887.0
2009-12-07,DHR,14.643129932542443,14.764264147492089,14.56237340729053,14.620922088623047,4566752.0
2009-12-08,DHR,14.511895054789937,14.511895054789937,14.285778705761986,14.40489387512207,5854024.0
2009-12-09,DHR,14.419023653427113,14.620914285885783,14.346343163244693,14.592649459838867,10713878.0
2009-12-10,DHR,14.473537926168225,14.639087781998155,14.396819420818716,14.564388275146484,5206519.0
2009-12-11,DHR,14.602749286159082,14.657259958313508,14.511897783949628,14.552276611328125,3454746.0
2009-12-14,DHR,14.62091576816659,14.760219768675025,14.572462103132702,14.715804100036621,4505155.0
2009-12-15,DHR,14.643128996864807,14.810697888016335,14.576505469363775,14.691582679748535,4460818.0
2009-12-16,DHR,14.713782641017218,14.861161452334816,14.62898817506496,14.70974349975586,5127664.0
2009-12-17,DHR,14.784449435734334,15.117569306101544,14.592653737024579,15.030756950378418,12241287.0
2009-12-18,DHR,15.040847955343226,15.196303941863532,15.018640120962605,15.17409610748291,9080536.0
2009-12-21,DHR,15.196304851227618,15.369930686111859,15.196304851227618,15.357816696166992,7406130.0
2009-12-22,DHR,15.396170115861736,15.456736602830981,15.244752179655293,15.270998001098633,3579426.0
2009-12-23,DHR,15.337625276805552,15.343682270758336,15.163999471149934,15.305323600769043,3879076.0
2009-12-24,DHR,15.388097449919606,15.428476262476917,15.210434799748317,15.363870620727539,1041185.0
2009-12-28,DHR,15.378007035418767,15.384064030531425,15.228608031109554,15.30330753326416,2368926.0
2009-12-29,DHR,15.270984068648863,15.380062935732358,15.244725530310342,15.311384201049805,2747133.0
2009-12-30,DHR,15.222508033569747,15.386126368661321,15.222508033569747,15.307347297668457,2556393.0
2009-12-31,DHR,15.325524104073004,15.335624424185113,15.188166629313432,15.190185546875,1939835.0
2010-01-04,DHR,15.246744808179331,15.287144941535209,15.048787708764111,15.180086135864258,5868605.0
2010-01-05,DHR,15.151806875764565,15.172006369864407,15.00636914249265,15.161907196044922,5078566.0
2010-01-06,DHR,15.10332737975427,15.206346059054376,14.986168252297212,15.190185546875,5595736.0
2010-01-07,DHR,15.200290779639927,15.347748622169195,15.192210520938744,15.315428733825684,4950612.0
2010-01-08,DHR,15.234627304282437,15.549742418719708,15.115448101104764,15.529542922973633,6698815.0
2010-01-11,DHR,15.668921246328818,15.759820701349748,15.553783312388868,15.705281257629395,5300848.0
2010-01-12,DHR,15.59417347602603,15.725471850182002,15.440655553391414,15.487115859985352,5734997.0
2010-01-13,DHR,15.489146953968493,15.596205800637135,15.43460864471324,15.525506973266602,3746956.0
2010-01-14,DHR,15.519442296648785,15.622460984034754,15.456823746421378,15.590142250061035,2830154.0
2010-01-15,DHR,15.604282610759894,15.685081744093859,15.363906421536946,15.394205093383789,5223183.0
2010-01-19,DHR,15.41036329010696,15.5517608923285,15.351783726619908,15.515400886535645,4335245.0
2010-01-20,DHR,15.406328156418954,15.418448544432644,15.240689732332507,15.34976863861084,3055709.0
2010-01-21,DHR,15.323505524887036,15.406324718448893,15.085149411753246,15.091208457946777,4894372.0
2010-01-22,DHR,15.038692186635451,15.077071118857988,14.830634716750113,14.83669376373291,5654357.0
2010-01-25,DHR,15.002330429189211,15.13362887291172,14.915472252430385,15.05282974243164,5067853.0
2010-01-26,DHR,15.03868945383314,15.089188763766856,14.895271780488871,14.95991039276123,4081421.0
2010-01-27,DHR,14.909409113681464,15.008387656362181,14.72761139263866,14.986166954040527,4386129.0
2010-01-28,DHR,14.590253087115302,14.943747043086923,14.497333594882685,14.717510223388672,7882832.0
2010-01-29,DHR,14.735696758836388,14.745795935115465,14.396340818759679,14.412501335144043,6751186.0
2010-02-01,DHR,14.469056328481317,14.533696086020516,14.359978600632854,14.513495445251465,7446897.0
2010-02-02,DHR,14.549856911965799,14.778113857409215,14.460978669508327,14.759934425354004,6286685.0
2010-02-03,DHR,14.644797456430375,14.774075856637317,14.545818878319947,14.7215576171875,4801531.0
2010-02-04,DHR,14.62055403823408,14.664994300804763,14.283219392855804,14.29533863067627,6026315.0
2010-02-05,DHR,14.293320499981087,14.392299057884237,14.099402366030057,14.343818664550781,9594731.0
2010-02-08,DHR,14.194337923279718,14.307456907399036,14.131719386432788,14.170098304748535,5901337.0
2010-02-09,DHR,14.325640271038173,14.400379210917583,14.1660620697574,14.319580078125,6379824.0
2010-02-10,DHR,14.345839081989077,14.436738531959245,14.174141649548924,14.337759971618652,4611089.0
2010-02-11,DHR,14.28927775616058,14.533695176014318,14.164039523538484,14.523594856262207,4276327.0
2010-02-12,DHR,14.37210205940981,14.551879789825032,14.26706442886787,14.52966022491455,5554672.0
2010-02-16,DHR,14.652878050567725,14.858915469793166,14.578139099129203,14.846795082092285,4684885.0
2010-02-17,DHR,15.089187536440123,15.210385641130834,14.990208988737642,15.196245193481445,11068280.0
2010-02-18,DHR,15.210388922377225,15.295227040731938,15.178069038667255,15.248767852783203,4706310.0
2010-02-19,DHR,15.232603769645502,15.412381419102985,15.21644325956169,15.341681480407715,5794808.0
2010-02-22,DHR,15.410365584546101,15.410365584546101,15.19220781022929,15.301286697387695,4770287.0
2010-02-23,DHR,15.266940354851187,15.311380604700142,15.028584330160196,15.07706356048584,5206817.0
2010-02-24,DHR,15.13766900140487,15.143729194144596,14.929611555695434,15.05282974243164,6649121.0
2010-02-25,DHR,14.931631078423944,15.091208122889247,14.725593704433338,15.058889389038086,6509265.0
2010-02-26,DHR,15.02253058698142,15.11343004269877,14.925572084718404,14.941731452941895,5996558.0
2010-03-01,DHR,14.939713347891468,15.238669128288048,14.893253012106731,15.220488548278809,6957400.0
2010-03-02,DHR,15.24472737124114,15.293206618807908,15.200287105587481,15.254826545715332,3127423.0
2010-03-03,DHR,15.321490013615474,15.369969276335635,15.17605222545499,15.208372116088867,3144087.0
2010-03-04,DHR,15.303312025273797,15.349771227573191,15.18211385700116,15.329571723937988,4127544.0
2010-03-05,DHR,15.404309272685081,15.54974706123169,15.365929187493963,15.543686866760254,3053924.0
2010-03-08,DHR,15.505299418575492,15.541659418988086,15.424500309350256,15.472979545593262,2345716.0
2010-03-09,DHR,15.460865330116961,15.67498183530668,15.460865330116961,15.66488265991211,6390238.0
2010-03-10,DHR,15.638617595845256,15.782036395122589,15.622458231705316,15.739617347717285,6453620.0
2010-03-11,DHR,15.652760639151904,15.812338829040527,15.543681760345915,15.812338829040527,6950854.0
2010-03-12,DHR,15.953733404918847,15.953733404918847,15.670937087390207,15.78001594543457,3970131.0
2010-03-15,DHR,15.71336345709994,15.78002329984362,15.612365953548332,15.7598237991333,3449390.0
2010-03-16,DHR,15.798203468050104,15.804263662482454,15.650745615630779,15.751744270324707,5542174.0
2010-03-17,DHR,15.798205302173743,15.834565326527818,15.594187904289305,15.636608123779297,8105114.0
2010-03-18,DHR,15.614379743083884,15.763858750749176,15.527521574620678,15.753758430480957,5966801.0
2010-03-19,DHR,15.549742698669434,15.832539083588696,15.499243385164602,15.549742698669434,6004295.0
2010-03-22,DHR,15.515398634815726,15.69315621703251,15.474999653318555,15.646697044372559,3363988.0
2010-03-23,DHR,15.63256277643517,15.721441022920438,15.547723512231103,15.66488265991211,4201638.0
2010-03-24,DHR,15.577974515680909,15.600206685868404,15.430440632205745,15.432461738586426,4851523.0
2010-03-25,DHR,15.491075432238295,15.63456713910243,15.410234597801836,15.454696655273438,6306920.0
2010-03-26,DHR,15.468842441079605,15.6487129020897,15.446611415164098,15.485010147094727,5620434.0
2010-03-29,DHR,15.54564572003709,15.664885311953718,15.489057011412855,15.636590957641602,4605435.0
2010-03-30,DHR,16.200448582501636,16.39042457611248,16.087272346628158,16.345962524414062,14755425.0
2010-03-31,DHR,16.27320431960718,16.303519768599156,16.107480476879033,16.149921417236328,6701195.0
2010-04-01,DHR,16.194386117790714,16.36415104206744,16.18023837165367,16.29543685913086,5868605.0
2010-04-05,DHR,16.35404068611101,16.37020953407068,16.242885591649344,16.349998474121094,3472005.0
2010-04-06,DHR,16.297461500426213,16.32171363772571,16.234809476621702,16.283313751220703,3679409.0
2010-04-07,DHR,16.242893359413344,16.299480913177156,16.12567374385719,16.24895668029785,5906395.0
2010-04-08,DHR,16.246925802005023,16.26713571241252,16.085244224640903,16.13779067993164,4541756.0
2010-04-09,DHR,16.129709783553903,16.23884377467534,16.101414298936188,16.23278045654297,3602636.0
2010-04-12,DHR,16.265121654502824,16.275226040558866,16.17215533811388,16.240869522094727,3214312.0
2010-04-13,DHR,16.016533438538236,16.1074786280228,15.955902547513654,16.01249122619629,8446720.0
2010-04-14,DHR,16.008447619704047,16.374250599008384,15.947817881011924,16.349998474121094,6884794.0
2010-04-15,DHR,16.313626656130264,16.489454910793462,16.26714349583636,16.386383056640625,6730059.0
2010-04-16,DHR,16.364148616629333,16.396485170240076,16.077164140820265,16.133752822875977,7942345.0
2010-04-19,DHR,16.052915472717753,16.17013507467975,15.953886978352394,16.151945114135742,6228660.0
2010-04-20,DHR,16.333839416503906,16.44903678391386,16.248957508007983,16.333839416503906,5974241.0
2010-04-21,DHR,16.313622434906954,16.63092119506238,16.257033755690596,16.465198516845703,8437495.0
2010-04-22,DHR,16.851219093073492,17.210958927870962,16.61273879413548,17.055341720581055,15259205.0
2010-04-23,DHR,17.0977806232251,17.267545558951486,16.87748916636837,17.26148223876953,7709648.0
2010-04-26,DHR,17.279675876470794,17.279675876470794,17.107888650407737,17.178625106811523,6015602.0
2010-04-27,DHR,17.13820086361744,17.204895093070135,16.790586557143175,16.82696533203125,5265140.0
2010-04-28,DHR,16.919927359704612,17.022999190824176,16.816855528585045,16.877485275268555,6883901.0
2010-04-29,DHR,16.968430393878194,17.23520378358895,16.968430393878194,17.18063735961914,5269603.0
2010-04-30,DHR,17.24935893577837,17.277652139448247,16.972479896556553,17.033109664916992,8981149.0
2010-05-03,DHR,16.98460913853709,17.372644559273567,16.934083746896803,17.27361488342285,8467252.0
2010-05-04,DHR,17.075545623302148,17.075545623302148,16.608690724862146,16.800687789916992,9435235.0
2010-05-05,DHR,16.643055304349904,16.87951336422223,16.59455102811697,16.663265228271484,8481238.0
2010-05-06,DHR,16.568268382325037,16.802705202084113,15.222273759978393,16.222675323486328,11253961.0
2010-05-07,DHR,16.263095355909325,16.44094465247474,16.010468579370507,16.129709243774414,15763878.0
2010-05-10,DHR,16.620821670602695,17.029065740458968,16.59252732272208,17.00885581970215,7883724.0
2010-05-11,DHR,16.835041398698763,17.06947936061456,16.770369450783456,17.02097511291504,8092616.0
2010-05-12,DHR,17.225103829650177,17.689936561827118,17.17862067113774,17.667705535888672,9894678.0
2010-05-13,DHR,17.66366818827219,17.66366818827219,17.35243259234807,17.411041259765625,7450468.0
2010-05-14,DHR,17.2533981775811,17.34030117470984,16.946203733571682,17.184682846069336,7134750.0
2010-05-17,DHR,17.180636854619742,17.279666463174078,16.808769398974626,17.057353973388672,6990727.0
2010-05-18,DHR,17.20690984886315,17.221057592005806,16.723888416895694,16.762287139892578,6877652.0
2010-05-19,DHR,16.65922114180531,16.67134778302709,16.052916609981278,16.315649032592773,12047273.0
2010-05-20,DHR,15.978141574309065,16.234810716105578,15.662863765344945,15.87304973602295,10116365.0
2010-05-21,DHR,15.658815577177354,16.343939680638456,15.6002069323688,16.14790153503418,11733341.0
2010-05-24,DHR,16.034725476323192,16.12567068412358,15.897297111333604,15.911443710327148,5939128.0
2010-05-25,DHR,15.56988644974305,15.96600482571826,15.487024554770985,15.93973159790039,8594015.0
2010-05-26,DHR,16.07918343739733,16.208527333950784,15.871017557024295,15.90739631652832,8061669.0
2010-05-27,DHR,16.143858369440263,16.27926675583192,15.99632449234097,16.269161224365234,7255859.0
2010-05-28,DHR,16.21863868887294,16.30958389971996,15.986221748088516,16.042810440063477,6320310.0
2010-06-01,DHR,15.875069490922117,16.238851547200397,15.826564069698891,15.921552658081055,5982572.0
2010-06-02,DHR,15.976107937897034,16.42073166970892,15.875058393226135,16.412647247314453,7682867.0
2010-06-03,DHR,16.42882492117922,16.622843147096816,16.39851061289609,16.46924591064453,5582048.0
2010-06-04,DHR,16.172151401010513,16.204487952033176,15.656792278986696,15.719444274902344,6942224.0
2010-06-07,DHR,15.751782027516098,15.751782027516098,15.369811264889195,15.383957862854004,7610856.0
2010-06-08,DHR,15.394062644387931,15.549680949675112,15.214192210163294,15.495113372802734,4818195.0
2010-06-09,DHR,15.557764231982773,15.72146581558991,15.337473965156112,15.398103713989258,6361672.0
2010-06-10,DHR,15.624459061661373,15.913463514025027,15.592122506113203,15.89123249053955,4754516.0
2010-06-11,DHR,15.788164312165783,15.909424989769922,15.701260157435401,15.899320602416992,11389056.0
2010-06-14,DHR,16.083231908813488,16.228745866789314,15.941761311591451,16.030685424804688,4624628.0
2010-06-15,DHR,16.212580096601553,16.451060426865137,16.127698180939717,16.442975997924805,6220923.0
2010-06-16,DHR,16.3500018051374,16.507641222547072,16.285329841279616,16.459136962890625,4180213.0
2010-06-17,DHR,16.503596580083354,16.51572321673841,16.172151236910313,16.39446258544922,5058926.0
2010-06-18,DHR,16.422767496074044,16.51977606355462,16.386388709742324,16.455102920532227,5762373.0
2010-06-21,DHR,16.588488350648028,16.70974904593666,16.265126114194054,16.37830352783203,4178130.0
2010-06-22,DHR,16.358084535680867,16.503597299571652,16.006428116085306,16.02663803100586,5410947.0
2010-06-23,DHR,16.083257023971647,16.14391852228438,15.844657578888471,16.002376556396484,3454300.0
2010-06-24,DHR,15.945764042989712,15.945764042989712,15.630325994365556,15.678855895996094,5080946.0
2010-06-25,DHR,15.686940288729762,15.881056415631583,15.602015559114728,15.81230640411377,6539617.0
2010-06-28,DHR,15.800172659814558,15.91745025269426,15.61818931748781,15.699070930480957,2735230.0
2010-06-29,DHR,15.460469886638288,15.541351497237194,15.08437274999752,15.197606086730957,5428504.0
2010-06-30,DHR,15.145035084845228,15.347238564063868,14.967095977227567,15.011580467224121,6231933.0
2010-07-01,DHR,15.072241861481341,15.120770604333762,14.736584914690676,14.825553894042969,7414164.0
2010-07-02,DHR,14.882170730716975,14.942832236094574,14.599086765972155,14.659747123718262,6664892.0
2010-07-06,DHR,14.90238957548602,14.90238957548602,14.425189559671919,14.518202781677246,8433627.0
2010-07-07,DHR,14.522247715984713,15.072240863655287,14.47776208162221,15.04797649383545,7368934.0
2010-07-08,DHR,15.047979323856957,15.225918451877288,14.995406321421523,15.185478210449219,4737257.0
2010-07-09,DHR,15.201652061401767,15.28657678666403,15.092461817342944,15.258269309997559,4418563.0
2010-07-12,DHR,15.209743657427472,15.314888522081606,15.02371600895018,15.173346519470215,3538957.0
2010-07-13,DHR,15.270395983354852,15.525172372010415,15.242087368211894,15.403850555419922,5022028.0
2010-07-14,DHR,15.327013213640766,15.496863756867457,15.23400001219323,15.403850555419922,5527445.0
2010-07-15,DHR,15.420026863659094,15.53326132752493,15.24613206354892,15.508996963500977,6096838.0
2010-07-16,DHR,15.387677166317022,15.464514526163404,15.092460485258915,15.128857612609863,7309272.0
2010-07-19,DHR,15.169299019860473,15.286576621284611,14.991359917364054,15.24209213256836,3795906.0
2010-07-20,DHR,15.08436686232734,15.436199493225649,15.019661140051376,15.415979385375977,4806144.0
2010-07-21,DHR,15.452384722137603,15.589882446803172,15.217828362398661,15.286577224731445,6687507.0
2010-07-22,DHR,15.359364539843652,15.662668477078618,14.861943420274535,15.149072647094727,14828180.0
2010-07-23,DHR,15.189518263699208,15.456426328270766,15.011579171441054,15.391721725463867,8770175.0
2010-07-26,DHR,15.407903142575947,15.658635415047206,15.367461750080526,15.610105514526367,8700246.0
2010-07-27,DHR,15.650543541230087,15.74760102613533,15.460471676931135,15.49282455444336,6567290.0
2010-07-28,DHR,15.448337650334985,15.541350867557957,15.270398573279351,15.375544548034668,8348969.0
2010-07-29,DHR,15.49282466930886,15.589882154933695,15.347238440871605,15.480691909790039,7030750.0
2010-07-30,DHR,15.242091526937134,15.569661094922644,15.205694398213694,15.533265113830566,8007661.0
2010-08-02,DHR,15.715246972811004,15.80421594477369,15.610100989486854,15.775908470153809,7550747.0
2010-08-03,DHR,15.763778221095805,15.775909833033612,15.585837966535507,15.630322456359863,4302959.0
2010-08-04,DHR,15.666719523231825,15.97406899281588,15.662675270058651,15.929584503173828,5579668.0
2010-08-05,DHR,15.816355741087722,16.054956436157227,15.812311486447786,16.054956436157227,5255023.0
2010-08-06,DHR,15.945761266296612,15.986201505043075,15.642456032803652,15.77995491027832,6201284.0
2010-08-09,DHR,15.832521802620263,15.897226389184327,15.682891370286749,15.848697662353516,3670035.0
2010-08-10,DHR,15.690988454994667,15.808267240576347,15.569666562696176,15.739517211914062,3987390.0
2010-08-11,DHR,15.549443826196551,15.549443826196551,15.092463818954146,15.185478210449219,6266302.0
2010-08-12,DHR,14.995403501287239,15.145033973114801,14.938786255830497,15.04797649383545,3760793.0
2010-08-13,DHR,14.975184160955171,15.084374404622483,14.94283128364052,14.971139907836914,3040385.0
2010-08-16,DHR,14.914518772138813,15.047973352100788,14.712315349979324,15.043929100036621,4119807.0
2010-08-17,DHR,15.136942494536132,15.322970058374963,15.035841929834861,15.20569133758545,4963408.0
2010-08-18,DHR,15.201651713088534,15.217827577617516,15.011579853623875,15.104594230651855,4259961.0
2010-08-19,DHR,15.052018997741007,15.052018997741007,14.623347748980038,14.704229354858398,5171853.0
2010-08-20,DHR,14.574821964927676,14.752759927191054,14.534380579987534,14.692099571228027,5968587.0
2010-08-23,DHR,14.675919503444696,14.837681553991027,14.603125260923049,14.700183868408203,5747793.0
2010-08-24,DHR,14.518207470489308,14.623353484608836,14.299828081832219,14.45350170135498,6022000.0
2010-08-25,DHR,14.368578170502234,14.635486334729354,14.251300532038037,14.570781707763672,6335784.0
2010-08-26,DHR,14.65974706568054,14.833641926741322,14.465632085451105,14.510116577148438,4460967.0
2010-08-27,DHR,14.599083938535848,14.886213248679242,14.39688048994702,14.857903480529785,4783826.0
2010-08-30,DHR,14.849819808556818,14.93474454355761,14.696145057678224,14.696145057678223,4671792.0
2010-08-31,DHR,14.696143824485187,14.797245565388357,14.522248967847512,14.692099571228027,7459097.0
2010-09-01,DHR,14.849812515588416,15.420025597132282,14.849812515588416,15.367452621459961,8147368.0
2010-09-02,DHR,15.367456376893779,15.581792583571962,15.34723626153181,15.553483963012695,5004918.0
2010-09-03,DHR,15.64245694055259,15.97407081946459,15.64245694055259,15.864880561828613,5227647.0
2010-09-07,DHR,15.81230180451689,15.897227657059558,15.735464456301472,15.828478813171387,5808347.0
2010-09-08,DHR,15.783997205405145,16.13178806081499,15.783997205405145,15.941716194152832,7848314.0
2010-09-09,DHR,16.127740201344377,16.172224681260083,15.889139644979009,15.97002124786377,3417550.0
2010-09-10,DHR,16.014509875284556,16.054951261016207,15.91745238573896,16.010465621948242,2879550.0
2010-09-13,DHR,16.135836391124013,16.338038773194413,16.135836391124013,16.257158279418945,4010451.0
2010-09-14,DHR,16.180313969092165,16.378473159792023,16.13987259187651,16.25310707092285,4038720.0
2010-09-15,DHR,16.220759431256575,16.289508302779954,16.119657677050352,16.196495056152344,3994383.0
2010-09-16,DHR,16.11561145279172,16.2814189520902,16.08730397499097,16.24502182006836,3782069.0
2010-09-17,DHR,16.329949308219845,16.536197065561286,16.184361913393687,16.49171257019043,6821561.0
2010-09-20,DHR,16.596854061953067,16.685824182281713,16.42295922180088,16.633251190185547,3886961.0
2010-09-21,DHR,16.633246559628144,16.758612625657054,16.520012101211826,16.59684944152832,4077404.0
2010-09-22,DHR,16.58067237646015,16.625178558515866,16.33386411430638,16.44310760498047,3787128.0
2010-09-23,DHR,16.325765360743052,16.467377451053714,16.180108194872616,16.228660583496094,3464268.0
2010-09-24,DHR,16.362186851246893,16.718238610775813,16.362186851246893,16.68182373046875,4692920.0
2010-09-27,DHR,16.645409706069056,16.653502157262537,16.418832554563053,16.507844924926758,3276057.0
2010-09-28,DHR,16.5887686951723,16.815347031786892,16.38646656790243,16.77083969116211,6307366.0
2010-09-29,DHR,16.6737265142101,16.742508876849406,16.398594767271504,16.414779663085938,6863369.0
2010-09-30,DHR,16.58471698870841,16.742512871403193,16.346000052206744,16.430967330932617,7755176.0
2010-10-01,DHR,16.568531931517725,16.604945656537073,16.20034156757898,16.345998764038086,7240386.0
2010-10-04,DHR,16.26912719873271,16.34600088333839,15.993995372161715,16.070871353149414,6105021.0
2010-10-05,DHR,16.196303400841867,16.5442639630856,16.196303400841867,16.499757766723633,5378810.0
2010-10-06,DHR,16.459287017035283,16.64135907074171,16.459287017035283,16.540206909179688,4460967.0
2010-10-07,DHR,16.572576290014926,16.60089871279799,16.378366703149137,16.47547149658203,3656198.0
2010-10-08,DHR,16.54425821640063,16.79511154917676,16.479520909459474,16.746559143066406,4839917.0
2010-10-11,DHR,16.770828228708936,16.77487445219945,16.608987326422163,16.71013832092285,2591208.0
2010-10-12,DHR,16.625181083796825,16.823438116887655,16.422878972970103,16.734424591064453,4608857.0
2010-10-13,DHR,16.85175117245692,17.0702369321036,16.77487636195686,17.00550079345703,5330307.0
2010-10-14,DHR,17.0135942777383,17.078330420328253,16.819383553586935,16.928627014160156,6537385.0
2010-10-15,DHR,17.13092616355721,17.1511561329596,16.811289432065884,16.96099281311035,4577613.0
2010-10-18,DHR,16.989322232477345,17.13497945004252,16.876032520021525,16.981229782104492,4215326.0
2010-10-19,DHR,16.81129561127211,16.880077991798302,16.58471734466438,16.673730850219727,4831437.0
2010-10-20,DHR,16.730373606944287,16.88007703452444,16.70205118170062,16.827478408813477,6047591.0
2010-10-21,DHR,17.195666087006455,17.588131457595402,17.191619862865828,17.547670364379883,9453685.0
2010-10-22,DHR,17.547674081975448,17.547674081975448,17.33728071580623,17.470800399780273,3850212.0
2010-10-25,DHR,17.47889051130067,17.555765336451767,17.296819584324137,17.341325759887695,7310760.0
2010-10-26,DHR,17.24017841562546,17.434388058235523,17.191626004972946,17.385835647583008,4267846.0
2010-10-27,DHR,17.211858818942797,17.37369983170405,17.15521394779026,17.353469848632812,4057169.0
2010-10-28,DHR,17.450574350336392,17.539587881605897,17.228042244449593,17.426298141479492,4812988.0
2010-10-29,DHR,17.325139848568774,17.547671861573345,17.199712630461413,17.54362678527832,4805102.0
2010-11-01,DHR,17.62859480563811,17.721654534264516,17.349417916140798,17.478891372680664,3467244.0
2010-11-02,DHR,17.644778242100813,17.72165306466541,17.56385719495005,17.673099517822266,2971647.0
2010-11-03,DHR,17.681193790124965,17.745931093797065,17.446524221838786,17.721654891967773,4438352.0
2010-11-04,DHR,17.790441363373812,18.19504558569498,17.790441363373812,18.08580207824707,5582941.0
2010-11-05,DHR,18.025101519521858,18.207172393798828,17.98464043220098,18.207172393798828,3868066.0
2010-11-08,DHR,18.077703241911422,18.077703241911422,17.814711279197777,17.91990852355957,4973376.0
2010-11-09,DHR,18.04533968413635,18.089845867029695,17.515308270231657,17.559814453125,9767468.0
2010-11-10,DHR,17.57599472051769,17.697375717148407,17.519351020883928,17.673099517822266,5812364.0
2010-11-11,DHR,17.450567023642076,17.85517110017655,17.385830876600526,17.838987350463867,4715386.0
2010-11-12,DHR,17.709516739207835,17.875405080092506,17.535537096268776,17.62050437927246,3958079.0
2010-11-15,DHR,17.70547146838581,17.89563602206528,17.66905773670087,17.713563919067383,3632542.0
2010-11-16,DHR,17.62858951070544,17.62858951070544,17.191618017847215,17.317045211791992,4527622.0
2010-11-17,DHR,17.329191747696562,17.353467954370384,17.167350752601475,17.22804069519043,4452932.0
2010-11-18,DHR,17.410108686943847,17.63264071999975,17.38987871088257,17.491029739379883,4957903.0
2010-11-19,DHR,17.438429994471083,17.68928443720317,17.288726573750026,17.677146911621094,4591003.0
2010-11-22,DHR,17.56790333194427,17.677147957793455,17.462707227307384,17.66096305847168,3077580.0
2010-11-23,DHR,17.442482617682273,17.48698880812802,17.292779142043823,17.41820526123047,2830898.0
2010-11-24,DHR,17.503166391290247,17.915862934362263,17.49102886553624,17.89967918395996,3727466.0
2010-11-26,DHR,17.70142533892284,17.838990103185214,17.62050428149091,17.790437698364258,1423855.0
2010-11-29,DHR,17.660963784872564,17.713562413449868,17.365603138393066,17.531490325927734,3934869.0
2010-11-30,DHR,17.321103559509375,17.55577321683185,17.26041245781377,17.499128341674805,5548572.0
2010-12-01,DHR,17.766156550932017,17.899676201121366,17.74997165503592,17.851123809814453,4126651.0
2010-12-02,DHR,17.830901228292774,18.15053929701148,17.82280877646965,18.004880905151367,4039166.0
2010-12-03,DHR,17.903727011148245,18.057476682260294,17.83494462613213,18.037246704101562,3963882.0
2010-12-06,DHR,18.033199734522057,18.195041849494086,17.960371127241945,18.10198211669922,4156259.0
2010-12-07,DHR,18.22336388787845,18.54704696271951,18.199087685970145,18.348791122436523,6496470.0
2010-12-08,DHR,18.389255951752023,18.53895942790919,18.296196196271495,18.397348403930664,3515449.0
2010-12-09,DHR,18.490399447361646,18.510629421341502,18.352833557555165,18.413524627685547,1985065.0
2010-12-10,DHR,18.462080217625438,18.61178365843549,18.40948158726612,18.559185028076172,2668575.0
2010-12-13,DHR,18.74530623448758,18.963792091657986,18.506589248530954,18.526819229125977,8023283.0
2010-12-14,DHR,18.530861106493738,18.57132220638051,18.425663854255415,18.502538681030273,5624451.0
2010-12-15,DHR,18.52276759487617,18.777668245440918,18.498491397117185,18.57536506652832,8418302.0
2010-12-16,DHR,18.280003334919506,18.95569175411411,18.280003334919506,18.931415557861328,6333403.0
2010-12-17,DHR,18.91523488354249,19.008293459602005,18.725070358501117,18.93546485900879,5090022.0
2010-12-20,DHR,18.91523711782888,19.004250627862216,18.773626124646658,18.92737579345703,3054519.0
2010-12-21,DHR,18.814080777570965,19.202501065329226,18.814080777570965,19.166086196899414,4416629.0
2010-12-22,DHR,19.19036598921205,19.255102141874005,19.02447766044361,19.068984985351562,2706366.0
2010-12-23,DHR,19.09730741095083,19.145859812495026,19.016386358980196,19.068984985351562,2253173.0
2010-12-27,DHR,19.012347524767826,19.141821028612515,18.93142644134097,19.097314834594727,1722612.0
2010-12-28,DHR,19.157999146615058,19.170137822242026,18.955697071693855,19.113492965698242,1549279.0
2010-12-29,DHR,19.14992157142475,19.21873308337372,19.089204788208008,19.089204788208008,2429481.0
2010-12-30,DHR,19.085157939302615,19.162064179746565,19.048727639749504,19.08111000061035,1318814.0
2010-12-31,DHR,19.081113327187637,19.0932559967041,18.955632949237692,19.0932559967041,1617125.0
2011-01-03,DHR,19.23088485509785,19.41303298274625,19.097308565968316,19.101356506347656,4168756.0
2011-01-04,DHR,19.186350806600487,19.190397596403447,18.757288855215414,18.99205780029297,4459479.0
2011-01-05,DHR,18.951578475267468,19.13372764462847,18.90300551659481,18.971817016601562,4870120.0
2011-01-06,DHR,18.983963012695312,19.073014218337395,18.886818226982875,18.983963012695312,5242674.0
2011-01-07,DHR,19.040628516608315,19.20253914463522,18.846336681917688,18.971817016601562,3124447.0
2011-01-10,DHR,18.82610276723294,18.923248708452565,18.652049431101556,18.733003616333008,4544434.0
2011-01-11,DHR,18.862542932265413,18.971831598943034,18.777539614913525,18.89492416381836,4914607.0
2011-01-12,DHR,19.056821882704767,19.19039695602967,19.008247771240875,19.064916610717773,3726275.0
2011-01-13,DHR,19.07301169490791,19.14587113606062,18.931340750779377,18.97991371154785,2708152.0
2011-01-14,DHR,18.959671357493058,19.12158081127699,18.842285768672053,19.08515167236328,3879076.0
2011-01-18,DHR,19.166112141518003,19.226828924620545,19.085157962284306,19.194446563720703,3198839.0
2011-01-19,DHR,19.141828582655403,19.210640100859237,18.95158348697996,19.03658676147461,3313104.0
2011-01-20,DHR,18.911105981278332,18.996108105242257,18.627762887818093,18.72490882873535,5515244.0
2011-01-21,DHR,19.000153064181692,19.06491663174302,18.712763225489507,18.74109649658203,4600674.0
2011-01-24,DHR,18.785625826702166,19.174209594726562,18.724909038609674,19.174209594726562,4136024.0
2011-01-25,DHR,19.149926216422507,19.17016476617805,18.866583073812247,19.097305297851562,3125191.0
2011-01-26,DHR,19.153975625477702,19.3280290046117,18.996112857654666,19.1458797454834,5077822.0
2011-01-27,DHR,19.271347666952153,19.271347666952153,18.75323580494024,18.882762908935547,7595234.0
2011-01-28,DHR,18.85848237129382,18.96372418151962,18.477994516904012,18.639904022216797,6763684.0
2011-01-31,DHR,18.656091414432765,18.74514144923047,18.469894320750768,18.64394760131836,6740772.0
2011-02-01,DHR,18.79776685734417,19.31992682447204,18.720859468510398,19.26325798034668,7013045.0
2011-02-02,DHR,19.20659299724095,19.37255046569904,19.105399110731096,19.299692153930664,3721068.0
2011-02-03,DHR,19.263264087926792,19.26731202788736,19.056829488036456,19.20659637451172,4318879.0
2011-02-04,DHR,19.275402690219465,19.51017165760739,19.230877660060788,19.42112159729004,4178725.0
2011-02-07,DHR,20.25495213658787,20.356143675632516,19.805651778661595,19.846126556396484,14226947.0
2011-02-08,DHR,20.072810966858665,20.384488492061568,20.020190056144475,20.133527755737305,7221639.0
2011-02-09,DHR,20.032330740071128,20.25090792954923,19.967566022240312,20.174001693725586,3706785.0
2011-02-10,DHR,20.10519027711489,20.65568230897637,20.10114004152449,20.6475887298584,6706105.0
2011-02-11,DHR,20.5261549823157,21.133318143709857,20.5261549823157,20.890453338623047,10827400.0
2011-02-14,DHR,20.854019734715997,20.90259498805603,20.64353845701261,20.801401138305664,3782367.0
2011-02-15,DHR,20.70021852156455,20.854031051191882,20.655691181840016,20.805458068847656,4717766.0
2011-02-16,DHR,20.845938618362002,20.99570551363009,20.720457066927867,20.74879264831543,3527798.0
2011-02-17,DHR,20.635453303855506,20.79331606717572,20.574736502985395,20.70426368713379,5155635.0
2011-02-18,DHR,20.728541328571797,20.97950199341632,20.675920432845327,20.96331024169922,4273500.0
2011-02-22,DHR,20.740689805081868,20.817596048319203,20.384487268706376,20.429012298583984,4539524.0
2011-02-23,DHR,20.380434905539303,20.48567669780507,19.866369758092098,20.072805404663086,5783203.0
2011-02-24,DHR,19.943282728463984,20.21852878702367,19.93113891187483,20.14162254333496,5702562.0
2011-02-25,DHR,20.283293121780527,20.477584994055576,20.20638458221481,20.44520378112793,3358186.0
2011-02-28,DHR,20.392576479975688,20.55043685368451,20.303526449331258,20.481626510620117,6793441.0
2011-03-01,DHR,20.518060723463382,20.574729565343503,20.003997802734375,20.003997802734375,6010841.0
2011-03-02,DHR,19.95138077588002,20.416873173161335,19.95138077588002,20.331871032714844,5650637.0
2011-03-03,DHR,20.522101411236715,20.78925377218168,20.522101411236715,20.679964065551758,5002538.0
2011-03-04,DHR,20.679963655244062,20.692107466262808,20.372334226890725,20.546388626098633,4048688.0
2011-03-07,DHR,20.643543511827655,20.679972663398768,20.182099168293416,20.29543685913086,3393298.0
2011-03-08,DHR,20.40877538442096,20.906648955926983,20.31972531253556,20.841886520385742,4432698.0
2011-03-09,DHR,20.769018011580147,21.044266298713367,20.57877412197484,20.906641006469727,4289717.0
2011-03-10,DHR,20.667834052646633,20.684025811802897,20.348062890796516,20.40473175048828,4671495.0
2011-03-11,DHR,20.412826270118877,20.878318691041628,20.348063825230085,20.805458068847656,4819237.0
2011-03-14,DHR,20.619252614239617,20.667825574427976,20.445200464128927,20.623300552368164,4296115.0
2011-03-15,DHR,20.040424003187788,20.53829739394476,19.999946921330668,20.42091178894043,6161112.0
2011-03-16,DHR,20.41281486702357,20.6152025632917,19.81779559136022,20.008039474487305,8970437.0
2011-03-17,DHR,20.26304654360362,20.433053022762884,20.088994424388147,20.16994857788086,5841972.0
2011-03-18,DHR,20.40877739292219,20.59092779136469,20.31163143269492,20.40473175048828,6332659.0
2011-03-21,DHR,20.574723642173055,20.890448971460444,20.574723642173055,20.76091957092285,3834887.0
2011-03-22,DHR,20.805452932040893,20.882361475221327,20.675925776887926,20.75283432006836,3680152.0
2011-03-23,DHR,20.704238414961633,20.963393774456353,20.60300506263529,20.841915130615234,4380921.0
2011-03-24,DHR,20.91480198766594,20.959346685427978,20.59085663715245,20.882408142089844,3587461.0
2011-03-25,DHR,20.862163864324543,21.056533863392286,20.75688327492492,21.02008819580078,3845897.0
2011-03-28,DHR,21.032237912381177,21.20636032795191,20.850018757372254,20.870264053344727,2518900.0
2011-03-29,DHR,20.797370073473793,21.028181076049805,20.611101464438747,21.028181076049805,3349854.0
2011-03-30,DHR,21.084873283046,21.153712785318003,20.97554090224662,21.04033088684082,2871962.0
2011-03-31,DHR,20.979597038752146,21.129422345347102,20.890512218236527,21.016042709350586,3544909.0
2011-04-01,DHR,21.16586342398089,21.465513972161183,21.08487536069512,21.287342071533203,3799179.0
2011-04-04,DHR,21.28733375265531,21.339975168831508,21.101065186916458,21.178001403808594,4167715.0
2011-04-05,DHR,21.101084456375915,21.303551272984265,21.02414587097365,21.165874481201172,3130696.0
2011-04-06,DHR,21.222548122807474,21.250894744059007,20.906701859472232,21.125364303588867,3223388.0
2011-04-07,DHR,21.076784133911133,21.18206704641643,20.886465906786842,21.076784133911133,2720798.0
2011-04-08,DHR,21.153710929095205,21.19420380406936,20.769022871214577,20.874305725097656,2663814.0
2011-04-11,DHR,20.8459617150203,20.947195053100582,20.81356557595429,20.947195053100586,4051962.0
2011-04-12,DHR,20.845960323729543,20.930995586601437,20.740677475292742,20.89455223083496,3903774.0
2011-04-13,DHR,20.882408740819308,21.22255217299868,20.882408740819308,21.121318817138672,4615850.0
2011-04-14,DHR,20.97553986342589,21.1051198261968,20.77712270004283,21.024131774902344,2708896.0
2011-04-15,DHR,21.092969896951125,21.42501422065806,21.06057605749814,21.34402847290039,4576720.0
2011-04-18,DHR,21.109176950960578,21.218507067494865,20.728538258679038,21.060585021972656,5011911.0
2011-04-19,DHR,21.048424846485247,21.348075292879702,21.003882461021217,21.31568145751953,3680152.0
2011-04-20,DHR,21.74491765654816,21.74491765654816,21.510057091498606,21.6882266998291,5832004.0
2011-04-21,DHR,22.14174952492342,22.2186880639105,21.287340350071066,21.53434944152832,6954127.0
2011-04-25,DHR,21.570797375747386,21.70847409899036,21.194208273103683,21.23470115661621,4329145.0
2011-04-26,DHR,21.299493673426056,22.076964483409032,21.29139463611353,21.971681594848633,6100111.0
2011-04-27,DHR,22.060765175860347,22.53048628228835,21.935234714111772,22.380661010742188,9346709.0
2011-04-28,DHR,22.299673617765542,22.6519655709719,22.230834114908877,22.583126068115234,7359561.0
2011-04-29,DHR,22.611472678633504,22.71270602487677,22.340166483331306,22.368513107299805,5032592.0
2011-05-02,DHR,22.518338367809807,22.60337364321393,22.23893313708804,22.368513107299805,3744873.0
2011-05-03,DHR,22.33206909289616,22.39280956476641,22.072911431633713,22.380661010742188,3852443.0
2011-05-04,DHR,22.38876305512321,22.506194496634834,22.064817658704946,22.267284393310547,6232082.0
2011-05-05,DHR,22.157952873478386,22.25918624482256,21.817807091021063,21.9230899810791,5170663.0
2011-05-06,DHR,22.12959872072147,22.242980609669207,21.736813924992326,21.95547866821289,5021879.0
2011-05-09,DHR,21.93928071093381,22.190339295885988,21.858294960272005,22.12554931640625,2309859.0
2011-05-10,DHR,22.19034259934795,22.328019315269053,22.085059728863918,22.29967498779297,3524972.0
2011-05-11,DHR,22.22679023658919,22.344221683536304,21.797561934448435,21.870450973510742,4754367.0
2011-05-12,DHR,21.85424693162528,22.032416514518356,21.595089294303005,22.004072189331055,4790968.0
2011-05-13,DHR,22.02027146978764,22.166044919618415,21.785408627113956,21.80970573425293,3909427.0
2011-05-16,DHR,21.74895526109706,21.991914729482335,21.700363367420003,21.862337112426758,5138228.0
2011-05-17,DHR,21.78946410996809,21.817808444472224,21.477664939165614,21.684181213378906,6139688.0
2011-05-18,DHR,21.72466655771937,22.24298182267457,21.663928390846213,22.226783752441406,5580114.0
2011-05-19,DHR,22.34017263292828,22.566936494094993,22.226790702344925,22.36042022705078,5277786.0
2011-05-20,DHR,22.348265067330605,22.348265067330605,22.032416481851385,22.133649826049805,3404755.0
2011-05-23,DHR,21.870448861142048,21.89879319133063,21.63963550828069,21.75301742553711,3241093.0
2011-05-24,DHR,21.785421935251982,21.910952468985098,21.50601882197841,21.56270980834961,3808552.0
2011-05-25,DHR,21.416919781651035,21.927136077452293,21.388575453329143,21.829952239990234,4902258.0
2011-05-26,DHR,21.809707821223316,21.809707821223316,21.570797736082604,21.720623016357422,4149117.0
2011-05-27,DHR,21.85829469028532,22.137697595042887,21.809702780838332,22.04456329345703,3403118.0
2011-05-31,DHR,22.214638399477835,22.283475604260957,21.77325935371798,22.081008911132812,5198039.0
2011-06-01,DHR,22.012174172710747,22.052667056223278,21.210406345809076,21.23470115661621,5568211.0
2011-06-02,DHR,21.214455296108955,21.493858253292093,21.101073386708165,21.416919708251953,5121415.0
2011-06-03,DHR,21.05652283090911,21.190149980644254,20.967435766169014,21.011978149414062,5056546.0
2011-06-06,DHR,20.93100470375983,21.06463423019404,20.841919884971254,20.902660369873047,3165809.0
2011-06-07,DHR,20.983646078488334,21.19016234749088,20.955301744699373,21.032238006591797,4093175.0
2011-06-08,DHR,20.935044163391417,21.088918912022162,20.80546651634722,20.955291748046875,3556514.0
2011-06-09,DHR,20.987688134871643,21.234697206424162,20.922898154353607,21.194204330444336,3926686.0
2011-06-10,DHR,21.12536759782867,21.153714223500508,20.80547176728798,20.841915130615234,6054881.0
2011-06-13,DHR,20.87025828292807,20.955295856904684,20.732581575026412,20.78522300720215,4000929.0
2011-06-14,DHR,20.639452730033046,21.31164067491482,20.582761765118082,21.20231056213379,9819394.0
2011-06-15,DHR,20.971484345887955,21.12535907124738,20.78521578822914,20.943140029907227,20238681.0
2011-06-16,DHR,20.91480111967017,21.048430610908778,20.692089131357058,20.898605346679688,7529918.0
2011-06-17,DHR,21.05247782798845,21.198253558476058,20.914798833985852,20.991737365722656,8153171.0
2011-06-20,DHR,20.93909689530451,21.113216957074805,20.833814035431523,21.052478790283203,6527714.0
2011-06-21,DHR,21.214449944554406,21.514100416487494,21.032228572216514,21.489803314208984,7713814.0
2011-06-22,DHR,21.453353437367124,21.655896498832732,21.3480308614756,21.404743194580078,5925142.0
2011-06-23,DHR,21.01586186109222,21.15764154840185,20.776859386274484,21.137386322021484,7289930.0
2011-06-24,DHR,21.137372971601565,21.14547505703641,20.683676879295806,20.784948348999023,7694174.0
2011-06-27,DHR,20.70798906824984,20.841666618873653,20.558107342113985,20.71609115600586,5500069.0
2011-06-28,DHR,20.7768643728015,21.12523825633135,20.71205223106445,21.121187210083008,6206491.0
2011-06-29,DHR,21.17789955844157,21.28322216266201,20.975356442497365,21.121187210083008,4625967.0
2011-06-30,DHR,21.22651257347229,21.680209120197194,21.206259638716165,21.46551513671875,5755976.0
2011-07-01,DHR,21.45335021801703,22.380995736924483,21.437146039813804,22.085283279418945,6640938.0
2011-07-05,DHR,22.004273437483516,22.113647074185184,21.826034322346523,22.028579711914062,4342833.0
2011-07-06,DHR,22.01237017639675,22.23111509749182,21.898945521537176,22.15009880065918,4503667.0
2011-07-07,DHR,22.385045589026547,22.54708046507556,22.267572200662624,22.299978256225586,4980518.0
2011-07-08,DHR,21.971863152292332,22.12174491848439,21.87059162651074,22.093387603759766,3641022.0
2011-07-11,DHR,21.801722773688454,21.97185973824749,21.611332886590528,21.672096252441406,3457126.0
2011-07-12,DHR,21.582971737761348,21.82197411432731,21.481700245726625,21.58702278137207,4241511.0
2011-07-13,DHR,21.684251176648417,21.90299841532733,21.56677776623579,21.631589889526367,3683574.0
2011-07-14,DHR,21.66804438712764,21.79361985928555,21.21029708709975,21.258907318115234,5762373.0
2011-07-15,DHR,21.262962950503884,21.36018343351349,20.9469952311639,21.315624237060547,7030601.0
2011-07-18,DHR,21.20624604292204,21.327770470902244,21.080668271647117,21.258907318115234,5309775.0
2011-07-19,DHR,21.339931919937566,21.57083233158434,21.287270624221453,21.47361183166504,3757966.0
2011-07-20,DHR,21.623486071504956,21.688298182725553,21.331822374543847,21.51411247253418,5075144.0
2011-07-21,DHR,20.9794016060737,21.291318285024538,20.7241995586967,21.238656997680664,12029419.0
2011-07-22,DHR,21.246759917712918,21.267015144066086,20.805216675272586,20.938894271850586,5604812.0
2011-07-25,DHR,20.720136080467068,21.019899477469544,20.66747711799568,20.87407112121582,4722379.0
2011-07-26,DHR,20.797104688553148,20.837612822866294,20.351510612875465,20.416322708129883,7936245.0
2011-07-27,DHR,20.28265257631023,20.28265257631023,19.86946439748721,19.942380905151367,8552058.0
2011-07-28,DHR,19.94642834113403,20.112514251401603,19.74793637727738,19.78844451904297,7634810.0
2011-07-29,DHR,19.585904613129884,20.04770302027832,19.36310634945673,19.893770217895508,8580178.0
2011-08-01,DHR,20.088209478062737,20.189480989552788,19.399564119577228,19.618309020996094,6723364.0
2011-08-02,DHR,19.41576498542911,19.44411999219834,18.220761123763932,18.86484718322754,12071079.0
2011-08-03,DHR,18.93776709012224,19.0430896534472,18.419257512406812,18.95802116394043,8591188.0
2011-08-04,DHR,18.69876445075864,18.69876445075864,17.880491420826967,17.88454246520996,11165882.0
2011-08-05,DHR,18.099238673542274,18.29367962037115,17.56857596485627,18.026323318481445,13866743.0
2011-08-08,DHR,17.378188090579144,17.645544423667257,16.628779229260456,16.68549156188965,18515772.0
2011-08-09,DHR,16.928536858355304,17.475402468811545,16.316856847668795,17.41058921813965,13916585.0
2011-08-10,DHR,17.10272685368862,17.45110058328513,16.62877649367669,16.786760330200195,15815505.0
2011-08-11,DHR,16.871831532770116,17.79137745147121,16.76650895094687,17.56047821044922,11419557.0
2011-08-12,DHR,17.718456705410926,18.026322286639928,17.54426984225422,17.888593673706055,7118235.0
2011-08-15,DHR,18.03847587873597,18.309883216645787,17.89264517325236,18.115442276000977,5156231.0
2011-08-16,DHR,17.884542629285896,18.103288681947177,17.72655879425124,17.888593673706055,6774843.0
2011-08-17,DHR,18.05063072458598,18.11949504372268,17.52807003897431,17.67795181274414,4307571.0
2011-08-18,DHR,17.139190302365446,17.19590264666893,16.51941015922188,16.65713882446289,9143769.0
2011-08-19,DHR,16.42623570486546,16.916389159922485,16.41003152482474,16.495100021362305,7380539.0
2011-08-22,DHR,16.916392399897354,16.9650026502123,16.365475463288693,16.42218780517578,5772788.0
2011-08-23,DHR,16.3735715967275,16.92043728855266,16.158876594221095,16.912336349487305,7733453.0
2011-08-24,DHR,16.920446723821726,17.54833135289313,16.774615944623893,17.507822036743164,8962254.0
2011-08-25,DHR,17.59287740951388,17.625283458728504,16.952841268929305,17.00145149230957,6659834.0
2011-08-26,DHR,16.904229184220192,17.475399820825714,16.568007551562875,17.374128341674805,6629482.0
2011-08-29,DHR,17.62528944087548,17.937206104730816,17.59693327601966,17.933155059814453,4577613.0
2011-08-30,DHR,17.86428238877781,18.338232580683346,17.686044542740778,18.249113082885742,7871078.0
2011-08-31,DHR,18.403051165577192,18.69066265849863,18.362543022713222,18.556983947753906,9604253.0
2011-09-01,DHR,18.475965750501764,18.621797587826553,17.97365928182323,18.070880889892578,7468173.0
2011-09-02,DHR,17.625283822760256,17.750860427345977,17.345774457771604,17.43894386291504,5095378.0
2011-09-06,DHR,17.00145213178043,17.430843220828876,16.754349962043516,17.390335083007812,6882264.0
2011-09-07,DHR,17.68200203407636,17.9250532370928,17.57262956749833,17.921003341674805,6235950.0
2011-09-08,DHR,17.76301628821684,17.96150825988515,17.54021920062095,17.617185592651367,6724852.0
2011-09-09,DHR,17.41464491573513,17.714409604969806,17.143238691473634,17.25261116027832,9564826.0
2011-09-12,DHR,16.908288498294464,17.665799440928062,16.78676289377868,17.649595260620117,10427619.0
2011-09-13,DHR,17.70630865904596,18.05063141750598,17.59288513785256,17.892648696899414,8764521.0
2011-09-14,DHR,18.002019625152894,18.605597736678472,17.71440922679462,18.334190368652344,8546256.0
2011-09-15,DHR,18.6339548582591,18.85675199716444,18.451667021601235,18.771684646606445,7454633.0
2011-09-16,DHR,18.990418981938426,19.00257096039731,18.488112681732062,18.609638214111328,13795327.0
2011-09-19,DHR,18.334193487740443,18.739279660987563,18.107345276704415,18.63800811767578,5342805.0
2011-09-20,DHR,18.577242806235567,18.949921702054922,18.544835595863834,18.73117446899414,6398719.0
2011-09-21,DHR,18.67851125763911,18.824341964939975,18.123543441334174,18.139747619628906,5692296.0
2011-09-22,DHR,17.560477408154995,17.58478252980693,17.00956055100526,17.305273056030273,10647521.0
2011-09-23,DHR,17.18374349678942,17.540219298760785,17.1472852479148,17.301218032836914,7218068.0
2011-09-26,DHR,17.50376268422628,17.625288275891066,16.989303005026947,17.613136291503906,6360779.0
2011-09-27,DHR,17.92505645751953,18.289634477103238,17.835938050255347,17.92505645751953,5836467.0
2011-09-28,DHR,17.862223223821804,18.02029633161553,17.306941829969322,17.331260681152344,6302754.0
2011-09-29,DHR,17.67579140089824,17.79738574156037,17.278581687790005,17.64336585998535,6633201.0
2011-09-30,DHR,17.306950608635805,17.52582153050985,16.998910903930664,16.998910903930664,7351527.0
2011-10-03,DHR,16.913794350759286,17.03944199575644,16.37067156741789,16.382831573486328,9692184.0
2011-10-04,DHR,16.240971055974217,16.743561614879457,15.945090239683006,16.707082748413086,10720722.0
2011-10-05,DHR,16.81247069267841,16.9827027780681,16.565228662672833,16.909746170043945,6905623.0
2011-10-06,DHR,16.913799817325472,17.30290288414408,16.751673251932125,17.290742874145508,7124632.0
2011-10-07,DHR,17.152930183507504,17.363693262759618,16.974590335341777,17.136716842651367,9453089.0
2011-10-10,DHR,17.440698959292604,17.927077213274114,17.4285389565941,17.910863876342773,3663489.0
2011-10-11,DHR,17.764952364084234,17.975716561731225,17.716314649274693,17.8946533203125,4405917.0
2011-10-12,DHR,18.040563471537276,18.587739397672507,17.979765763008384,18.291858673095703,6417019.0
2011-10-13,DHR,18.1256834364385,18.239171056735337,17.789271609821714,18.178373336791992,4456950.0
2011-10-14,DHR,18.437775914112876,18.60395458054627,18.14594847644819,18.393190383911133,4744696.0
2011-10-17,DHR,18.409409074225984,18.409409074225984,17.77306522539846,17.82170295715332,4001078.0
2011-10-18,DHR,17.76494522734484,18.437768595596552,17.70820201633488,18.279695510864258,6763089.0
2011-10-19,DHR,18.20674861423254,18.40535283351158,17.82169903083002,17.866283416748047,6775438.0
2011-10-20,DHR,17.991932077264586,18.55937257171819,17.88654995895228,18.35671615600586,6458679.0
2011-10-21,DHR,18.514785654200026,19.163289316480057,18.514785654200026,19.013322830200195,7566816.0
2011-10-24,DHR,19.005224603821848,19.613197451839298,18.94848019529007,19.568613052368164,7932525.0
2011-10-25,DHR,19.349732687519012,19.45916811504646,19.08627860486814,19.22003173828125,6825727.0
2011-10-26,DHR,19.459175302821507,19.55645076312906,19.11465670565529,19.378110885620117,6911872.0
2011-10-27,DHR,19.925274613669092,20.334640554233193,19.848263584957778,20.204940795898438,6617282.0
2011-10-28,DHR,20.172522298995005,20.6588994097428,20.08335124501063,20.614315032958984,7729882.0
2011-10-31,DHR,20.318436668388134,20.468403145027356,19.584815322925397,19.596975326538086,8084135.0
2011-11-01,DHR,19.061956336856618,19.459164632032305,18.814713335578183,19.1916561126709,9046167.0
2011-11-02,DHR,19.828003125061127,19.828003125061127,19.418637056375804,19.653718948364258,4602013.0
2011-11-03,DHR,19.941490973457796,19.945544307652693,19.62939804295102,19.87664222717285,7269994.0
2011-11-04,DHR,19.682089312228598,19.836106793728437,19.394314116817174,19.759098052978516,4163400.0
2011-11-07,DHR,19.686142853954284,19.90096036933854,19.459167636134808,19.8685359954834,4485070.0
2011-11-08,DHR,19.953655500023007,20.15225971893453,19.73883794065595,20.11172866821289,4553659.0
2011-11-09,DHR,19.56860032905614,19.848266553107333,19.414580549017153,19.471324920654297,6054584.0
2011-11-10,DHR,19.72668060302362,19.92123149044361,19.576714102269275,19.69425392150879,6053393.0
2011-11-11,DHR,19.977967860821046,20.326540784775073,19.884745778998038,20.14820098876953,3284835.0
2011-11-14,DHR,20.063093640294053,20.156315759592015,19.868542730382224,19.969871520996094,2719757.0
2011-11-15,DHR,19.86853305138429,20.208996977872275,19.7104599389822,20.059030532836914,3807362.0
2011-11-16,DHR,19.791530372753716,20.038772329804495,19.51591736835041,19.548341751098633,5353963.0
2011-11-17,DHR,19.44700759770505,19.507805311436858,18.86335391667146,19.066011428833008,5965165.0
2011-11-18,DHR,19.252455233074638,19.31730627595952,18.99710669590799,19.17949867248535,4095704.0
2011-11-21,DHR,18.843089452992345,18.903887170136194,18.53099764889031,18.733654022216797,3457870.0
2011-11-22,DHR,18.644487654473938,18.847145203992692,18.437777920140014,18.66069984436035,3929216.0
2011-11-23,DHR,18.445881473104947,18.522891379718892,18.101364135742188,18.101364135742188,4708393.0
2011-11-25,DHR,18.012195259819983,18.37697929109053,17.991929735906847,18.060832977294922,1687945.0
2011-11-28,DHR,18.652592742623224,18.87956913282636,18.535050637737424,18.753921508789062,5774574.0
2011-11-29,DHR,18.895788585294287,19.074127328311835,18.76608757671708,18.867416381835938,4011195.0
2011-11-30,DHR,19.560504572136576,19.80369322878768,19.495653496890384,19.609142303466797,7792966.0
2011-12-01,DHR,19.629400297859167,19.860431171840865,19.560498209464267,19.621295928955078,3941267.0
2011-12-02,DHR,19.718569400937827,19.787471482487323,19.232191143958325,19.252456665039062,7254520.0
2011-12-05,DHR,19.63750834833712,19.64561501822832,19.147077824090744,19.305150985717773,5284630.0
2011-12-06,DHR,19.374047862597152,19.572652019789924,19.114647148215212,19.459165573120117,5316024.0
2011-12-07,DHR,19.345676110042486,19.369996112267952,18.916042290932026,19.187602996826172,5881549.0
2011-12-08,DHR,19.029537789945902,19.07006884096183,18.55126609699833,18.608009338378906,5056397.0
2011-12-09,DHR,18.668809005115264,19.07007082266355,18.612065757838106,19.017379760742188,4724015.0
2011-12-12,DHR,18.749866902877535,18.790397946512496,18.381030725132526,18.51478385925293,4661526.0
2011-12-13,DHR,18.539107815434853,18.798509786641507,18.26349365235605,18.385087966918945,7057382.0
2011-12-14,DHR,18.340500576031786,18.705284610249002,18.287810673515416,18.632328033447266,7675279.0
2011-12-15,DHR,18.814716984669143,18.968736792304767,18.664750511477894,18.71744155883789,6130165.0
2011-12-16,DHR,18.891724264860997,19.074116238068754,18.664747919373728,18.794448852539062,7569197.0
2011-12-19,DHR,18.92415367838349,18.997110252632037,18.652592904756936,18.729602813720703,4051962.0
2011-12-20,DHR,19.070065287964706,19.47538147365146,18.911993298286525,19.44700813293457,4254456.0
2011-12-21,DHR,19.491588973593565,19.507802308203793,18.907935382413655,19.10654067993164,4307274.0
2011-12-22,DHR,19.12680930366442,19.268669103289,18.98494950403984,19.04169273376465,6152185.0
2011-12-23,DHR,19.094385797946767,19.370001058127876,19.017375888527326,19.365947723388672,3124298.0
2011-12-27,DHR,19.365946138376042,19.44295489128418,19.21597851634202,19.31730842590332,2372348.0
2011-12-28,DHR,19.278780388404208,19.42882670276332,18.946248672464833,18.998966217041016,2783734.0
2011-12-29,DHR,19.003020854891993,19.278779552997115,18.990855622305244,19.25444793701172,2502236.0
2011-12-30,DHR,19.18550831842968,19.23822701089652,19.05979477888842,19.07601547241211,2460874.0
2012-01-03,DHR,19.48155094980751,19.83030461036566,19.477495487343205,19.647815704345703,4123526.0
2012-01-04,DHR,19.6234792498955,19.64375425441258,19.4044935500688,19.611312866210938,3471558.0
2012-01-05,DHR,19.46127548822423,19.72081360249852,19.26256701507474,19.704591751098633,5142691.0
2012-01-06,DHR,19.659979330776828,19.745139427318566,19.42477404900125,19.599149703979492,3082937.0
2012-01-09,DHR,19.59510119184301,19.724871415252593,19.424780938352374,19.700538635253906,3179051.0
2012-01-10,DHR,19.87491306840009,20.223666740759796,19.83436074400936,20.170948028564453,5211280.0
2012-01-11,DHR,20.106062641219275,20.438594458420464,20.061454854864518,20.38182258605957,4488343.0
2012-01-12,DHR,20.479144523552584,20.64135608430057,20.3737071241476,20.600801467895508,4120997.0
2012-01-13,DHR,20.393979292260752,20.50752759914292,20.29259967023053,20.475086212158203,3767786.0
2012-01-17,DHR,20.677849704606647,20.860336243402607,20.53997093525806,20.612964630126953,3681343.0
2012-01-18,DHR,20.55213131493927,20.94143939007409,20.527800854906456,20.91710662841797,4123526.0
2012-01-19,DHR,20.998217700370905,21.002273161896436,20.795453830590322,20.892780303955078,3060173.0
2012-01-20,DHR,20.91712595652856,20.986066543300968,20.763025228515577,20.819799423217773,4470191.0
2012-01-23,DHR,20.844122130779343,21.07932974990142,20.831958044871833,21.04688835144043,5303080.0
2012-01-24,DHR,20.896844863642084,21.448360191002468,20.82790429690965,21.411863327026367,6445883.0
2012-01-25,DHR,21.32670153056577,21.574073236472657,21.192875870487335,21.5051326751709,4304149.0
2012-01-26,DHR,21.54567797572424,21.57000843872021,21.25775176917739,21.346969604492188,4978137.0
2012-01-27,DHR,21.176655360707816,21.33481148713272,21.1279921142405,21.192874908447266,4409934.0
2012-01-30,DHR,21.04688235898452,21.261810302734375,20.884670809615173,21.261810302734375,4996289.0
2012-01-31,DHR,21.188815403856115,21.574065797910734,21.046881169289875,21.29425048828125,6444396.0
2012-02-01,DHR,21.411860510117034,21.73628368525114,21.334811329456752,21.47674560546875,7377564.0
2012-02-02,DHR,21.492958862153753,21.63895085936974,21.322638701441424,21.351024627685547,4111921.0
2012-02-03,DHR,21.614626083027286,21.643012019765,21.387531684251638,21.440250396728516,4641441.0
2012-02-06,DHR,21.298312199805128,21.48485656151106,21.290203576795715,21.419971466064453,2193511.0
2012-02-07,DHR,21.282092897428353,21.39969440110157,21.14421178031224,21.265871047973633,2687173.0
2012-02-08,DHR,21.237490084271375,21.28615334240201,21.046892515061817,21.10366439819336,5555713.0
2012-02-09,DHR,21.136097050317833,21.27803128716381,21.05499012810311,21.213146209716797,7249313.0
2012-02-10,DHR,21.01849033363812,21.079319941369036,20.80761558770349,20.896833419799805,6261690.0
2012-02-13,DHR,21.087436808491955,21.136100048073214,20.9252252426797,21.05093765258789,5611656.0
2012-02-14,DHR,20.961721573746587,21.067158973811583,20.823842781978556,20.977943420410156,4273649.0
2012-02-15,DHR,21.00227947648762,21.04283180231148,20.730577282330433,20.771129608154297,4638167.0
2012-02-16,DHR,20.783295805314363,21.27398377668379,20.706244315495166,21.24559783935547,4706608.0
2012-02-17,DHR,21.310473537382787,21.37535861745531,21.160428372081526,21.261810302734375,3551901.0
2012-02-21,DHR,21.419964672141603,21.598395750994925,21.34291321418313,21.582176208496094,4354438.0
2012-02-22,DHR,21.52946384362155,21.614623947043707,21.419970966864817,21.537574768066406,3383925.0
2012-02-23,DHR,21.55378692933704,21.740331222770987,21.387522241690288,21.687612533569336,4299686.0
2012-02-24,DHR,21.675448951138886,21.69572625792191,21.541625631242713,21.622730255126953,3099154.0
2012-02-27,DHR,21.54568829366304,21.724119446493724,21.411862627415335,21.570018768310547,3930555.0
2012-02-28,DHR,21.557847185260574,21.724114211513566,21.464576168609234,21.643007278442383,3773142.0
2012-02-29,DHR,21.647069632825783,21.780892993582608,21.395642460066984,21.424028396606445,7016169.0
2012-03-01,DHR,21.436194494841693,21.606514715027117,21.31859068442825,21.444305419921875,4059252.0
2012-03-02,DHR,21.424031886018128,21.720066893912186,21.342924922535165,21.634906768798828,4033215.0
2012-03-05,DHR,21.525405116515454,21.582179277393767,21.407801333151518,21.553791046142578,3394191.0
2012-03-06,DHR,21.119877716125817,21.419968070258008,21.119877716125817,21.168540954589844,4673429.0
2012-03-07,DHR,21.286141867651466,21.306416871661618,21.103653021817337,21.29425048828125,3787574.0
2012-03-08,DHR,21.4848638670909,21.590301319934753,21.415923285885224,21.49703025817871,2603408.0
2012-03-09,DHR,21.537580253919273,21.752510599955375,21.472695143457905,21.634906768798828,2962869.0
2012-03-12,DHR,21.69573013662385,21.81333163211807,21.570015415342038,21.75655746459961,2978045.0
2012-03-13,DHR,21.894433098520214,22.222909333642747,21.837658945195283,22.210742950439453,4133495.0
2012-03-14,DHR,22.222918998261765,22.263471324951613,22.0160996003563,22.093151092529297,2929244.0
2012-03-15,DHR,22.10531138294657,22.29185573628164,22.012040357091223,22.28374481201172,2660690.0
2012-03-16,DHR,22.304019927978516,22.372960482978943,22.178307506065234,22.304019927978516,6089548.0
2012-03-19,DHR,22.239132631347196,22.356734105126876,22.18641393564461,22.271574020385742,2478728.0
2012-03-20,DHR,22.11342401222465,22.162087259971884,21.991767043668847,22.13370132446289,3094244.0
2012-03-21,DHR,22.14991771289124,22.251299645836262,22.040424857050784,22.17019271850586,2046215.0
2012-03-22,DHR,21.96743576259514,22.158033304095547,21.74439682093234,22.080984115600586,4511553.0
2012-03-23,DHR,22.133692956191286,22.15396795913944,21.87415496579025,22.04853057861328,3468434.0
2012-03-26,DHR,22.186418430374037,22.316186314441715,22.101258328380386,22.304019927978516,3494769.0
2012-03-27,DHR,22.33240766781088,22.486508321387593,22.295910810855016,22.42162322998047,3311616.0
2012-03-28,DHR,22.407425328119757,22.45205328983175,22.05851162261585,22.220796585083008,3773737.0
2012-03-29,DHR,22.005764644278695,22.370902819898227,21.973306280106378,22.326274871826172,3623168.0
2012-03-30,DHR,22.452054149408205,22.740108414516296,22.379025107569113,22.71982192993164,5419130.0
2012-04-02,DHR,22.719821273476306,22.90239272146607,22.55753861215066,22.74822235107422,3945284.0
2012-04-03,DHR,22.715752505753393,22.776609624351895,22.47232633402383,22.654897689819336,3951831.0
2012-04-04,DHR,22.41147807252356,22.476390202192604,22.334391752377034,22.4155330657959,3154501.0
2012-04-05,DHR,22.28976584518793,22.468277672156912,22.27353665994881,22.362794876098633,3554431.0
2012-04-09,DHR,22.08285928574269,22.269485758926084,21.99360334662593,22.14777374267578,3206724.0
2012-04-10,DHR,22.19239767755403,22.228911045524224,21.32417532108498,21.433717727661133,6372533.0
2012-04-11,DHR,21.742053385609694,21.948966260223326,21.689310843008865,21.867822647094727,4360687.0
2012-04-12,DHR,21.863772011681988,22.20051384881728,21.83943053219377,22.107200622558594,3153757.0
2012-04-13,DHR,22.00576491389731,22.135591464182596,21.843479999042017,21.85970687866211,3030565.0
2012-04-16,DHR,21.985484451632516,22.09502685669907,21.831314085736167,21.92462730407715,2995899.0
2012-04-17,DHR,22.058501432153662,22.346557855824503,21.97736013973807,22.228900909423828,3268767.0
2012-04-18,DHR,22.08690572965284,22.253247936386508,22.074733843209312,22.18833351135254,3107783.0
2012-04-19,DHR,21.612228330798192,21.981423852005108,21.31605723088704,21.502683639526367,9188999.0
2012-04-20,DHR,21.632515425634267,21.742057829012676,21.506746138445887,21.559486389160156,6878099.0
2012-04-23,DHR,21.311995284434342,21.46616559352422,21.16188227053088,21.393138885498047,5850602.0
2012-04-24,DHR,21.482403969364203,21.652801229470057,21.441833302799267,21.583831787109375,4718808.0
2012-04-25,DHR,21.75828552568687,21.867827933157656,21.612232052613273,21.66497230529785,4064608.0
2012-04-26,DHR,21.612234688297573,21.977373020842588,21.596005499236593,21.953031539916992,3393001.0
2012-04-27,DHR,22.06661925224696,22.232961458980625,22.021991304618872,22.18833351135254,3873571.0
2012-04-30,DHR,22.135589367497737,22.151818548245508,21.802907280821238,21.997648239135742,3437338.0
2012-05-01,DHR,21.916516997268015,22.314113728484465,21.790747683542765,22.14777374267578,3004528.0
2012-05-02,DHR,21.98954660659065,22.147774304126546,21.908402957700783,22.09503173828125,2668129.0
2012-05-03,DHR,22.12342232835561,22.147766104810085,21.823196234741598,21.87188148498535,2110638.0
2012-05-04,DHR,21.733946653761414,21.79886110720655,21.547320190605742,21.746118545532227,4136768.0
2012-05-07,DHR,22.001710260613528,22.001710260613528,21.681197687982355,21.758281707763672,2675122.0
2012-05-08,DHR,21.596013096790983,22.038237930286044,21.409384264930672,21.977380752563477,5247286.0
2012-05-09,DHR,21.70148757722304,22.139654896384354,21.628458539363383,21.851600646972656,6560149.0
2012-05-10,DHR,22.046346091946667,22.131544734287235,21.742062594826344,21.79886245727539,4641292.0
2012-05-11,DHR,21.67308770067369,22.054457492545694,21.604118258355687,21.770458221435547,2733445.0
2012-05-14,DHR,21.583820869278195,21.823189753329487,21.48239310283864,21.531078338623047,3772100.0
2012-05-15,DHR,21.559486388898883,21.920569669315178,21.405318328045805,21.46617317199707,5686048.0
2012-05-16,DHR,21.6081720169296,21.652799977837894,21.267375213751844,21.275489807128906,6807427.0
2012-05-17,DHR,21.27548732743534,21.332287171789105,21.048290252685547,21.048290252685547,4959242.0
2012-05-18,DHR,21.190287801891973,21.324171663260742,20.829204572868736,20.922517776489258,7489449.0
2012-05-21,DHR,20.999607087231304,21.405318327784133,20.938749940615278,21.372859954833984,4765675.0
2012-05-22,DHR,21.389087025788257,21.514856300534166,21.007717300002497,21.141603469848633,5813704.0
2012-05-23,DHR,20.991493722178575,21.454004839789583,20.9103500877211,21.401262283325195,7798471.0
2012-05-24,DHR,21.445889617873053,21.539202837499978,21.29171924985209,21.433717727661133,3628376.0
2012-05-25,DHR,21.4337160788295,21.579771842140218,21.336345569955693,21.405317306518555,3130547.0
2012-05-29,DHR,21.563546099315985,21.782630930594255,21.522975431251876,21.68931770324707,3537321.0
2012-05-30,DHR,21.42154127240514,21.466169224339495,21.165943145751953,21.165943145751953,3268618.0
2012-05-31,DHR,21.149720887747215,21.226804920846618,20.821093666220925,21.084806442260742,5925886.0
2012-06-01,DHR,20.658810180208206,20.69938315070277,20.212528228759766,20.212528228759766,7788205.0
2012-06-04,DHR,20.20035366558191,20.35452170483164,20.147608816928336,20.29772186279297,6648377.0
2012-06-05,DHR,20.24497603644034,20.48840221900043,20.1070326141025,20.41131591796875,5389671.0
2012-06-06,DHR,20.516807300647525,20.821090698242188,20.395095323208814,20.821090698242188,3913891.0
2012-06-07,DHR,21.092918842773702,21.22274541758315,20.69937951934234,20.73995018005371,5541282.0
2012-06-08,DHR,20.62634699068042,20.91845846147245,20.597945921132194,20.898174285888672,3964477.0
2012-06-11,DHR,21.01176993006245,21.117255002960817,20.56548816923499,20.593889236450195,4261597.0
2012-06-12,DHR,20.66286331945511,20.902232283878213,20.47623690339628,20.886005401611328,4173071.0
2012-06-13,DHR,20.76429824239114,20.898184458675804,20.573614464692103,20.662870407104492,3254484.0
2012-06-14,DHR,20.67098044885404,20.91846403611669,20.614180597285724,20.857606887817383,3651735.0
2012-06-15,DHR,20.96714936829374,21.08480636857701,20.837322780440072,20.971206665039062,6444544.0
2012-06-18,DHR,20.817029836307835,21.12131318178174,20.70748746351085,21.05234146118164,3311616.0
2012-06-19,DHR,21.157831541247738,21.502685620459047,21.11320358301243,21.429658889770508,3271891.0
2012-06-20,DHR,21.39719553101798,21.486451417079827,21.157824332945818,21.3322811126709,4118170.0
2012-06-21,DHR,21.3972090903861,21.405323685654764,20.744014105917593,20.776470184326172,4541607.0
2012-06-22,DHR,20.9062889074026,20.97120103256245,20.772402756097375,20.90222930908203,9186321.0
2012-06-25,DHR,20.67097095236116,20.715598893233885,20.455943535067057,20.508686065673828,3381693.0
2012-06-26,DHR,20.484363696373183,20.549278172099722,20.212536200184964,20.41539192199707,3400440.0
2012-06-27,DHR,20.35246916407399,20.68125746344458,20.35246916407399,20.5554256439209,3147806.0
2012-06-28,DHR,20.344348008896347,20.41335172903333,19.962788676203793,20.267223358154297,4889165.0
2012-06-29,DHR,20.644723253719775,21.139936447143555,20.628486000227163,21.139936447143555,5331795.0
2012-07-02,DHR,21.139934064769857,21.184584203032585,20.88420887013072,21.143993377685547,3949301.0
2012-07-03,DHR,21.11151334804214,21.379414078255817,21.05468529210952,21.375354766845703,2400468.0
2012-07-05,DHR,21.318542157983842,21.39160751249889,21.184591695818668,21.24953842163086,2916895.0
2012-07-06,DHR,20.993805105244295,21.02221799102413,20.69342978101282,20.851736068725586,2402402.0
2012-07-09,DHR,20.7299642535878,20.859857674075517,20.624426713370312,20.721845626831055,2937427.0
2012-07-10,DHR,20.867975101023926,21.095287446998146,20.474240112972378,20.656902313232422,4618974.0
2012-07-11,DHR,20.624423726578915,20.697489052998332,20.25910170210135,20.417407989501953,4624777.0
2012-07-12,DHR,20.275340331992698,20.28751827119233,20.003380179393723,20.1048583984375,5279126.0
2012-07-13,DHR,20.100799420082094,20.61224753307405,20.100799420082094,20.575716018676758,3898864.0
2012-07-16,DHR,20.535118174359628,20.535118174359628,20.242861551424554,20.41334342956543,2767368.0
2012-07-17,DHR,20.449879911856083,20.70966437862534,20.28751433214912,20.632539749145508,2535266.0
2012-07-18,DHR,20.52294522551233,21.237352013247957,20.48235440198843,21.152111053466797,5763564.0
2012-07-19,DHR,20.69342941769374,20.823320513536377,20.214451250166455,20.75025749206543,11262739.0
2012-07-20,DHR,20.713722729889795,20.95321295460188,20.482353434070397,20.75837516784668,7005606.0
2012-07-23,DHR,20.4092905014773,20.729960066935156,20.299693670015778,20.620363235473633,5188963.0
2012-07-24,DHR,20.620370341056493,20.685317060563644,20.198222423786063,20.344350814819336,5378810.0
2012-07-25,DHR,20.47018348716779,20.859861516602166,20.449889220347682,20.738086700439453,6939100.0
2012-07-26,DHR,21.135876652684562,21.34695172804376,20.928860890606117,21.127758026123047,4866996.0
2012-07-27,DHR,21.23329472749943,21.61485403419205,21.172407334496253,21.448429107666016,5431331.0
2012-07-30,DHR,21.46871715635913,21.6797921623192,21.326648149673478,21.43624496459961,4275285.0
2012-07-31,DHR,21.346944709403974,21.56613833925624,21.342885397457874,21.43624496459961,5451863.0
2012-08-01,DHR,21.558025835315267,21.64326680276324,21.39566022280632,21.553966522216797,4129626.0
2012-08-02,DHR,21.411901876819567,21.55803026697408,21.188648825749663,21.444374084472656,6932404.0
2012-08-03,DHR,21.687913004790246,21.866515837261083,21.610790677543633,21.659500122070312,4086479.0
2012-08-06,DHR,21.773166551075242,21.797520132943898,21.48496675625705,21.49714469909668,3032499.0
2012-08-07,DHR,21.52555120630008,21.817810228653475,21.52555120630008,21.643266677856445,3085168.0
2012-08-08,DHR,21.558023803047536,21.68791489852394,21.517432979699265,21.62702751159668,2380085.0
2012-08-09,DHR,21.562088556079015,21.614857330888732,21.489023212569293,21.505260467529297,2531844.0
2012-08-10,DHR,21.39971982929882,21.712273119306467,21.39971982929882,21.708213806152344,2468016.0
2012-08-13,DHR,21.622970234906965,21.894930360639158,21.594555046248278,21.890871047973633,4999562.0
2012-08-14,DHR,21.91929179229524,21.91929179229524,21.696041034689966,21.748809814453125,3336166.0
2012-08-15,DHR,21.744739532470703,21.829980478396955,21.66761721069159,21.744739532470703,2789983.0
2012-08-16,DHR,21.71227167192603,21.765040435601993,21.553965380898138,21.67167854309082,5602729.0
2012-08-17,DHR,21.7447432296245,21.8624586921539,21.610792819849827,21.834043502807617,5310072.0
2012-08-20,DHR,21.8259334564209,21.911176754156667,21.7731669773706,21.8259334564209,3796798.0
2012-08-21,DHR,21.898999044200902,22.008595925448837,21.67980528170503,21.716339111328125,3064488.0
2012-08-22,DHR,21.643276443515546,21.829995713977354,21.57021107900691,21.797523498535156,2433200.0
2012-08-23,DHR,21.732568452942157,21.870578195557957,21.549908567239193,21.57832145690918,3836375.0
2012-08-24,DHR,21.493078054813953,21.765040499762524,21.46060585545987,21.635147094726562,3332446.0
2012-08-27,DHR,21.724450653976096,21.785338052800366,21.61079678715564,21.67574119567871,2457452.0
2012-08-28,DHR,21.622976151864208,21.76098590882835,21.566148062805954,21.663564682006836,2429035.0
2012-08-29,DHR,21.66762685182157,21.769102787385027,21.602680133555413,21.639211654663086,2436325.0
2012-08-30,DHR,21.484957707952148,21.639204674195135,21.472782074050844,21.509313583374023,2742074.0
2012-08-31,DHR,21.606729833397402,21.80156759769132,21.541783144029647,21.744739532470703,3337207.0
2012-09-04,DHR,21.785333961143355,21.785333961143355,21.33883029330996,21.468721389770508,5170663.0
2012-09-05,DHR,21.521492136221873,21.67573912338528,21.403778967146337,21.448429107666016,3002594.0
2012-09-06,DHR,21.63514473027547,22.122241490212012,21.62702610537176,22.110063552856445,3205534.0
2012-09-07,DHR,22.106006805565162,22.377966948540077,21.915228313428464,22.34955406188965,3752907.0
2012-09-10,DHR,22.207482118194992,22.280545133637084,21.931460394567182,21.9558162689209,4215623.0
2012-09-11,DHR,22.00859192166494,22.16283892946995,21.976117412352146,22.13848304748535,3037558.0
2012-09-12,DHR,22.252131931753283,22.34549150781865,22.10600359915408,22.239953994750977,2979830.0
2012-09-13,DHR,22.138484462179107,22.593106887317223,22.05730279132996,22.491628646850586,3731780.0
2012-09-14,DHR,22.544395844106802,22.706761478236714,22.11818864630229,22.227783203125,7190246.0
2012-09-17,DHR,22.195307202940366,22.33331693163972,22.142538438465632,22.26025390625,4706608.0
2012-09-18,DHR,22.18312745066787,22.653986979503426,22.18312745066787,22.59309959411621,5203990.0
2012-09-19,DHR,22.629634986730103,22.775763354447054,22.345496877915483,22.540334701538086,6084191.0
2012-09-20,DHR,22.35361145850439,22.394202280443768,22.16283298272256,22.333314895629883,4364109.0
2012-09-21,DHR,22.5240890888848,22.548444959703403,22.19530095949803,22.28460121154785,7017508.0
2012-09-24,DHR,22.158786134138413,22.272442342546327,22.053248555446913,22.21967124938965,2614270.0
2012-09-25,DHR,22.219665672101762,22.292731017398644,22.093833854514806,22.146602630615234,6260053.0
2012-09-26,DHR,22.08365749592202,22.493815378414993,22.00649748495161,22.347620010375977,8066728.0
2012-09-27,DHR,22.36791673665702,22.635940316033064,22.233904946968995,22.518173217773438,5554077.0
2012-09-28,DHR,22.400415850332127,22.48569591642113,22.193305142801705,22.39635467529297,6304539.0
2012-10-01,DHR,22.39634549043891,23.208543287317557,22.39634549043891,22.843053817749023,7303321.0
2012-10-02,DHR,22.92428293883227,22.968953556584722,22.54660981802844,22.684682846069336,3747700.0
2012-10-03,DHR,22.794321935080326,23.021738423473852,22.704980731011027,22.92021369934082,3510242.0
2012-10-04,DHR,23.013627047032063,23.09078476781762,22.81057750197518,22.964895248413086,2970754.0
2012-10-05,DHR,23.06641583945996,23.163879419029715,22.839001588752655,22.928342819213867,2763946.0
2012-10-08,DHR,22.912089215655158,23.159809242851395,22.822748019918574,23.078590393066406,2922548.0
2012-10-09,DHR,23.070478023519783,23.070478023519783,22.461329472120827,22.510061264038086,6027356.0
2012-10-10,DHR,22.47351117135043,22.67656067199474,22.43290173219483,22.469449996948242,4149266.0
2012-10-11,DHR,22.58315929790941,22.956768920978075,22.51412163479758,22.713109970092773,4259663.0
2012-10-12,DHR,22.782147633204605,22.94458539721721,22.60346286597779,22.713109970092773,4512446.0
2012-10-15,DHR,22.761835153987903,22.908030482088076,22.68873864237068,22.859298706054688,4183337.0
2012-10-16,DHR,22.948648797300194,23.13951710679775,22.93240640224363,22.985197067260742,4043035.0
2012-10-17,DHR,23.115150489140362,23.14357640967085,22.71311259745685,22.782150268554688,7002333.0
2012-10-18,DHR,21.685683959970813,21.929342967744226,21.3405001735529,21.705989837646484,20585495.0
2012-10-19,DHR,21.58821897523017,21.831880272276358,21.470451806849084,21.661317825317383,10448300.0
2012-10-22,DHR,21.653183711327856,21.856233145311965,21.234901324152865,21.45013427734375,10948658.0
2012-10-23,DHR,21.182115617070817,21.36080037856366,20.91409193213104,21.27552032470703,7337392.0
2012-10-24,DHR,21.40952820665122,21.64912593093797,21.173989351203936,21.21866226196289,5257701.0
2012-10-25,DHR,20.58920799602287,21.33236821111528,20.560782084951246,21.21866226196289,18741922.0
2012-10-26,DHR,21.259271997850163,21.27145551914029,20.954697794792555,21.023733139038086,6987008.0
2012-10-31,DHR,21.336440712887995,21.705991582218566,20.979073371142054,21.00750160217285,7119127.0
2012-11-01,DHR,21.117137690663753,21.28769776813053,21.092770648245125,21.23896598815918,9684447.0
2012-11-02,DHR,21.40952883062134,21.531357130735074,21.076528711137982,21.096832275390625,9003467.0
2012-11-05,DHR,21.084648373139242,21.287697841194433,21.035916593000632,21.19835662841797,8274429.0
2012-11-06,DHR,21.25926921093323,21.56790454729464,21.226782129950944,21.442012786865234,4807632.0
2012-11-07,DHR,21.21054350504743,21.251152944109446,21.048103443933066,21.104957580566406,5770705.0
2012-11-08,DHR,21.117139271135542,21.226786360493886,21.056223965395784,21.064346313476562,5774574.0
2012-11-09,DHR,20.999373315069136,21.30800876410923,20.970947396939913,21.12526512145996,4231394.0
2012-11-12,DHR,21.141511486876954,21.27552566786966,21.072473808642325,21.145572662353516,2696547.0
2012-11-13,DHR,21.01967574417691,21.340492359919843,20.99124752583971,21.16180992126465,4454123.0
2012-11-14,DHR,21.23490779325559,21.2998842772876,20.84911467310216,20.877540588378906,7063036.0
2012-11-15,DHR,20.873472541521014,20.999364293829263,20.840985462634436,20.946571350097656,5770556.0
2012-11-16,DHR,20.9993764936296,21.186181339268163,20.897851720153543,21.11308479309082,6756543.0
2012-11-19,DHR,21.291761502035673,21.482629776000977,21.259274413103753,21.482629776000977,4287485.0
2012-11-20,DHR,21.35672737260874,21.377033233642578,21.198348571139963,21.377033233642578,4353248.0
2012-11-21,DHR,21.393292438944602,21.701927940145755,21.32425476201095,21.539487838745117,3748146.0
2012-11-23,DHR,21.580088716397395,21.72628636299594,21.53947928339377,21.722225189208984,1534550.0
2012-11-26,DHR,21.53947875368361,21.584149359375626,21.352673983541383,21.3973445892334,4524497.0
2012-11-27,DHR,21.405464911993928,21.43795199355194,21.16586721144762,21.202415466308594,6747764.0
2012-11-28,DHR,21.23084099831631,21.494805734002462,21.137438623734813,21.442012786865234,7461180.0
2012-11-29,DHR,21.571970256887575,21.835932743216684,21.523236167867434,21.78314208984375,5670277.0
2012-11-30,DHR,21.787199452781437,21.957761837961588,21.697858238820096,21.917152404785156,5233895.0
2012-12-03,DHR,22.091780504439438,22.116147554815434,21.673497911918115,21.693803787231445,5693784.0
2012-12-04,DHR,21.714104710038107,21.775020017218008,21.551664659180428,21.62476348876953,4285551.0
2012-12-05,DHR,21.697861846829415,21.86030191141229,21.450141727908722,21.665374755859375,4480160.0
2012-12-06,DHR,21.576033306393715,21.68161692718318,21.478567424747663,21.551666259765625,4086331.0
2012-12-07,DHR,21.701922702626046,21.787202755711565,21.498873201095726,21.726289749145508,2814532.0
2012-12-10,DHR,21.73440792986948,21.7587749743,21.620701970458683,21.68973731994629,3874761.0
2012-12-11,DHR,21.758777857913117,21.929337972066083,21.681617845190157,21.73847198486328,4609304.0
2012-12-12,DHR,21.87457512288336,22.423064383585718,21.74049838172882,22.211793899536133,7106183.0
2012-12-13,DHR,22.17522398984482,22.431185899503202,22.073651840074707,22.301172256469727,6049674.0
2012-12-14,DHR,22.256491288142602,22.33368735747988,22.138669106860277,22.150856018066406,3586865.0
2012-12-17,DHR,22.248367207058045,22.516518479504523,22.219928003681208,22.508392333984375,4973971.0
2012-12-18,DHR,22.48400304116747,22.918730818511364,22.447435407733604,22.886228561401367,4755260.0
2012-12-19,DHR,22.87404786076458,22.910613201860603,22.61402278931281,22.618085861206055,5121267.0
2012-12-20,DHR,22.674959433250194,22.98780203502,22.654644080170677,22.955297470092773,4773263.0
2012-12-21,DHR,22.642458705267984,22.845600720086598,22.561199593397923,22.776533126831055,5171406.0
2012-12-24,DHR,22.74808861955229,22.833410791019343,22.638392637852903,22.72777557373047,948344.0
2012-12-26,DHR,22.73184768382059,22.82529372721152,22.561205578969826,22.614023208618164,2299742.0
2012-12-27,DHR,22.577455150484173,22.74809492886153,22.410876137643605,22.66277503967285,2726006.0
2012-12-28,DHR,22.479946885540546,22.593708279331643,22.321494009747884,22.35399627685547,2488101.0
2012-12-31,DHR,22.276804640479117,22.731847952856786,22.171169379932223,22.711532592773438,3602934.0
2013-01-02,DHR,23.142201616705577,23.353469848632812,22.821232737560244,23.353469848632812,5784988.0
2013-01-03,DHR,23.304712895964684,23.723190856440286,23.304712895964684,23.576927185058594,7557740.0
2013-01-04,DHR,23.580985837432127,23.763814815907633,23.45909831448661,23.601301193237305,5320785.0
2013-01-07,DHR,24.296054078575548,24.324493270760023,23.487539812613857,23.601301193237305,6644806.0
2013-01-08,DHR,23.52004469975337,23.71912598508166,23.381907182696462,23.434724807739258,4101953.0
2013-01-09,DHR,24.377315481425203,24.58045985396852,24.109164264003926,24.296058654785156,10897774.0
2013-01-10,DHR,24.361057933459485,24.37324714660645,24.076656795686596,24.373247146606445,4321259.0
2013-01-11,DHR,24.340749069035752,24.401692839305856,24.18635926045827,24.287931442260742,4530746.0
2013-01-14,DHR,24.2798071474177,24.35700321055566,24.174171885824666,24.210737228393555,3609778.0
2013-01-15,DHR,24.145726697576677,24.3894994308024,24.060404511490646,24.373247146606445,3873571.0
2013-01-16,DHR,24.30012264187643,24.466699373356278,24.202613523858812,24.405757904052734,3507415.0
2013-01-17,DHR,24.535762041438257,24.77953476443747,24.385435336760192,24.665773391723633,4105672.0
2013-01-18,DHR,24.787670460469084,24.787670460469084,24.25137026315678,24.58452606201172,5552738.0
2013-01-22,DHR,24.531705017738815,24.68203175947312,24.458572029840123,24.539831161499023,6178222.0
2013-01-23,DHR,24.48700381707642,24.580449821355057,24.304174878787116,24.564197540283203,4432103.0
2013-01-24,DHR,24.5845169436183,24.840478882976075,24.543888540184597,24.580453872680664,4286742.0
2013-01-25,DHR,24.73891654860047,24.787671113276495,24.564211346710966,24.596715927124023,4844232.0
2013-01-28,DHR,24.714527936323478,24.9583029652653,24.503259780352565,24.665773391723633,5311709.0
2013-01-29,DHR,24.30824688779534,24.98268688701514,24.174172424758208,24.783605575561523,6239075.0
2013-01-30,DHR,24.714538217540493,24.74297972552189,24.316375553349506,24.3773193359375,5215446.0
2013-01-31,DHR,24.308248136910876,24.47482718568783,24.226991301672264,24.348878860473633,5133616.0
2013-02-01,DHR,24.50327089998957,24.59671696071674,24.389509475650556,24.568275451660156,5879763.0
2013-02-04,DHR,24.454507521842395,24.523575121348987,24.332619995977026,24.361059188842773,3637005.0
2013-02-05,DHR,24.515457021832173,24.710475282443845,24.474828601862004,24.653596878051758,3418889.0
2013-02-06,DHR,24.340739161414717,24.59263797751457,24.340739161414717,24.55200958251953,3394637.0
2013-02-07,DHR,24.612965374828633,24.63327842929732,24.32043571461258,24.446386337280273,3667506.0
2013-02-08,DHR,24.438252588025726,24.706403732299805,24.41387416311782,24.706403732299805,2279954.0
2013-02-11,DHR,24.694225298021927,24.71453835503522,24.511393949240798,24.653596878051758,2779270.0
2013-02-12,DHR,24.722663055494017,24.85267675893321,24.653595437363926,24.77141761779785,3407284.0
2013-02-13,DHR,24.86485200015554,24.909543469130252,24.608890091705913,24.79172134399414,3555472.0
2013-02-14,DHR,24.694212534081327,24.92985909286221,24.588577313193458,24.848602294921875,4149861.0
2013-02-15,DHR,24.85674101998138,25.149268407793585,24.718601165228208,25.05988311767578,5449185.0
2013-02-19,DHR,25.08831577845592,25.246768634130483,25.007058968032283,25.108631134033203,2970903.0
2013-02-20,DHR,25.137077988048347,25.189895622706125,24.738915344909778,24.77141761779785,5819804.0
2013-02-21,DHR,24.66578341139655,24.86486474154478,24.617028846991747,24.779544830322266,4066840.0
2013-02-22,DHR,24.828298423573067,24.97049903869629,24.787670005815496,24.97049903869629,3207319.0
2013-02-25,DHR,24.990800368458977,25.0679940882605,24.328549921244278,24.332612991333008,4782487.0
2013-02-26,DHR,24.4341996887623,24.600778743816036,24.42607354374355,24.49920654296875,3166999.0
2013-02-27,DHR,24.51951767634962,24.982687152597126,24.470763116004793,24.881114959716797,3420377.0
2013-02-28,DHR,24.94611554869365,25.185825218072882,24.836417238960323,25.027372360229492,3818372.0
2013-03-01,DHR,24.88516924142227,25.092376626179274,24.76328403658685,25.015180587768555,3490156.0
2013-03-04,DHR,24.994879009114737,25.059883559144676,24.738916963783996,25.051759719848633,3003486.0
2013-03-05,DHR,25.120824902561665,25.364600012299135,25.07613341402803,25.279277801513672,3016877.0
2013-03-06,DHR,25.319902875028404,25.376781261604947,25.05581476902506,25.09644317626953,3475576.0
2013-03-07,DHR,25.149260906673383,25.18988931409427,24.950179634962456,24.954242706298828,3049460.0
2013-03-08,DHR,25.120816796151836,25.218325886203594,25.002994657472495,25.165508270263672,3328429.0
2013-03-11,DHR,25.169576303368707,25.31177688253931,25.165510926082998,25.29552459716797,2589720.0
2013-03-12,DHR,25.311776856739268,25.380844457611314,25.133008635665366,25.25489616394043,4217111.0
2013-03-13,DHR,25.250840493223315,25.283342767515894,25.116763711636388,25.238651275634766,2935641.0
2013-03-14,DHR,25.291456143595724,25.433656692504883,25.279266932161182,25.433656692504883,2678842.0
2013-03-15,DHR,25.28334876737607,25.555563161733673,25.25084648537054,25.453990936279297,6272402.0
2013-03-18,DHR,25.177700223785372,25.27114625309538,25.05581500092388,25.112695693969727,3710802.0
2013-03-19,DHR,25.198015195488193,25.2873981520759,24.767348085840926,24.897361755371094,5174680.0
2013-03-20,DHR,24.97455463831332,25.10863137452207,24.82016485227548,24.909547805786133,4304298.0
2013-03-21,DHR,24.812043727436738,25.068003402477547,24.779539154649573,24.860795974731445,3400886.0
2013-03-22,DHR,24.897361879604304,25.100506221558852,24.82829197320033,25.055814743041992,3450431.0
2013-03-25,DHR,25.108631950373173,25.193951834686214,24.66983870317966,24.79985237121582,4250736.0
2013-03-26,DHR,24.964466024460112,25.14330517676778,24.903497292759745,25.135175704956055,2664707.0
2013-03-27,DHR,24.984787397101854,25.147369912673643,24.911626764571473,25.135175704956055,2775551.0
2013-03-28,DHR,25.13517297004312,25.293690732461016,25.03355919722811,25.26117515563965,3788764.0
2013-04-01,DHR,25.143311386147644,25.240860458203873,25.001052514972987,25.11486053466797,3255972.0
2013-04-02,DHR,25.200208623063748,25.220529995262375,25.021369474655728,25.09453010559082,3853187.0
2013-04-03,DHR,25.135188568785004,25.159576996701826,24.73279796326744,24.830347061157227,5248774.0
2013-04-04,DHR,24.86285256886112,24.98478772698423,24.63930131863734,24.692140579223633,4872203.0
2013-04-05,DHR,24.3954332837185,24.62711174254708,24.297884216118252,24.610855102539062,4014022.0
2013-04-08,DHR,24.60272255104941,24.753110870358743,24.545818550920508,24.700271606445312,2543151.0
2013-04-09,DHR,24.72060008336857,24.73279429551864,24.464535469547535,24.606794357299805,3857204.0
2013-04-10,DHR,24.68808178824986,25.135182089473297,24.57833850469113,25.110795974731445,3504439.0
2013-04-11,DHR,25.098590229712702,25.248978506654815,25.01730014207965,25.17581558227539,3524525.0
2013-04-12,DHR,25.110793338257864,25.192083454713302,24.8587912089805,25.021373748779297,2502831.0
2013-04-15,DHR,24.907560964095598,25.029498422284625,24.350717544555664,24.350717544555664,4290610.0
2013-04-16,DHR,24.48485294893774,24.78562962605951,24.415757038205037,24.77750015258789,3308046.0
2013-04-17,DHR,24.655567322163957,24.67995343801607,24.216596474831476,24.281627655029297,5075293.0
2013-04-18,DHR,23.55813670218075,23.802009370834707,23.415877837706613,23.594717025756836,13525583.0
2013-04-19,DHR,23.72071534879227,24.045880423064496,23.627231024333174,24.02149200439453,5253684.0
2013-04-22,DHR,24.0296191996328,24.15155666764899,23.777617098368648,23.97677993774414,3546694.0
2013-04-23,DHR,24.12310174624965,24.192199947310108,23.77355061896069,24.017425537109375,6550924.0
2013-04-24,DHR,24.086518897480943,24.497038711122098,23.99303459857227,24.371036529541016,5645876.0
2013-04-25,DHR,24.407623343920033,24.761239230568464,24.318201458083966,24.56614112854004,3898120.0
2013-04-26,DHR,24.54175997190669,24.692148328946462,24.358856023873134,24.3629207611084,3911064.0
2013-04-29,DHR,24.3873029496445,24.55395022878397,24.338528417565627,24.48078727722168,3129357.0
2013-04-30,DHR,24.50517132143019,25.009175498553805,24.41981417536628,24.769365310668945,7595382.0
2013-05-01,DHR,24.65962804269173,24.948210490118594,24.42794729194766,24.44420623779297,4266805.0
2013-05-02,DHR,24.521417659937782,24.65148453889435,24.427933388311445,24.574256896972656,3709760.0
2013-05-03,DHR,24.83033379687197,24.911626206279816,24.63523570531317,24.71246337890625,5612102.0
2013-05-06,DHR,24.708395512471903,24.976654200932394,24.60678174375247,24.919750213623047,3093352.0
2013-05-07,DHR,25.00104296885988,25.106721474384415,24.883170257262382,25.009172439575195,2629445.0
2013-05-08,DHR,24.996986221966345,25.086405814636706,24.936017479004555,25.053890228271484,3091269.0
2013-05-09,DHR,25.041690846854355,25.248983145982987,24.976657380666197,25.09453010559082,2987864.0
2013-05-10,DHR,25.08640012822751,25.179886743251632,25.00917476303201,25.159563064575195,2174169.0
2013-05-13,DHR,25.070143756157325,25.183951754641086,25.025433965371786,25.037628173828125,3425138.0
2013-05-14,DHR,25.074211007043758,25.23272649073932,25.0457578537431,25.13924217224121,5769515.0
2013-05-15,DHR,25.09860142335176,25.257119241131416,25.02950551011395,25.2246036529541,5880805.0
2013-05-16,DHR,25.102661375596007,25.545696849425703,25.09453190337915,25.309953689575195,6939397.0
2013-05-17,DHR,25.505047299262284,25.74485515294849,25.500982563870377,25.708274841308594,5708960.0
2013-05-20,DHR,25.67982573686169,26.049698227437027,25.647307851527636,26.041568756103516,5321677.0
2013-05-21,DHR,26.013119252039598,26.171637030538605,25.91557020479214,25.94808578491211,3498786.0
2013-05-22,DHR,25.944019258489828,26.02937639910603,25.3953053288709,25.509113311767578,4197174.0
2013-05-23,DHR,25.32620480499034,25.488787293214962,25.273367860876704,25.358722686767578,4199703.0
2013-05-24,DHR,25.200211115349752,25.358728907236465,25.082338378767584,25.240856170654297,3403416.0
2013-05-28,DHR,25.492860784041216,25.692023650781163,25.39124698236214,25.440021514892578,2947098.0
2013-05-29,DHR,25.240860345734113,25.395313426949613,25.15957022167885,25.28557014465332,3129952.0
2013-05-30,DHR,25.370928700138233,25.566026854052158,25.23679698915622,25.403444290161133,3121918.0
2013-05-31,DHR,25.285566286350623,25.50098808118061,25.12704849243164,25.12704849243164,4013427.0
2013-06-03,DHR,25.14330697050339,25.370922969919643,25.106726651628538,25.35059928894043,4684885.0
2013-06-04,DHR,25.29369973114168,25.513186296712266,24.972601663493315,25.11486053466797,4402346.0
2013-06-05,DHR,25.070143020855042,25.110790381184003,24.48891345080266,24.56614112854004,5147006.0
2013-06-06,DHR,24.5905235950342,24.631168642454398,24.245037231631564,24.56207275390625,6902945.0
2013-06-07,DHR,24.773434574320373,25.269309324188907,24.59865783755674,25.240856170654297,5037204.0
2013-06-10,DHR,25.289627751880104,25.452210261043412,25.18801397201397,25.31808090209961,3705148.0
2013-06-11,DHR,25.062021150057287,25.395313426949613,25.013246614246505,25.28557014465332,3408177.0
2013-06-12,DHR,25.37499214342241,25.37499214342241,24.94008374951699,24.956342697143555,3939184.0
2013-06-13,DHR,24.964470042218338,25.476601473015684,24.862856241993285,25.39531135559082,3344498.0
2013-06-14,DHR,25.37092834635027,25.537573338143126,25.24899084841031,25.41157341003418,3151972.0
2013-06-17,DHR,25.60667264780496,25.887125675323915,25.594478436115875,25.757061004638672,4571513.0
2013-06-18,DHR,25.736740083507367,26.257003435919287,25.6391909932912,26.159454345703125,4409339.0
2013-06-19,DHR,26.159441408763943,26.338280550087273,25.87492375415412,25.8830509185791,5203990.0
2013-06-20,DHR,25.60261067485517,25.70015976512343,25.24086517057347,25.305898666381836,4864169.0
2013-06-21,DHR,25.440022684378558,25.557895437949085,25.06608535341785,25.244924545288086,8893367.0
2013-06-24,DHR,25.053886061485997,25.31808236578916,24.88723880694283,25.062015533447266,4628050.0
2013-06-25,DHR,25.228658847422874,25.379049455192586,25.025431289101597,25.322145462036133,4628199.0
2013-06-26,DHR,25.54375002861522,25.885311044447544,25.49902229488293,25.759258270263672,4904192.0
2013-06-27,DHR,25.930040571702346,25.982901043917384,25.653539107543605,25.877180099487305,3765405.0
2013-06-28,DHR,25.791794041694697,25.909711795330583,25.629146238132776,25.738933563232422,6283858.0
2013-07-01,DHR,25.917847903106594,26.491180504421255,25.860921049064107,26.30820083618164,5594100.0
2013-07-02,DHR,26.263465443594914,26.336657751149108,25.80398668410832,25.893442153930664,4833371.0
2013-07-03,DHR,25.742990686593156,25.986963480099313,25.68199979602994,25.873109817504883,1635276.0
2013-07-05,DHR,26.092689667583425,26.275666991779268,26.031696456913547,26.267534255981445,2604450.0
2013-07-08,DHR,26.409852047490336,26.454579789678235,26.149616022912973,26.202476501464844,4149563.0
2013-07-09,DHR,26.568431418417056,27.109232958640124,26.568431418417056,27.088903427124023,6998613.0
2013-07-10,DHR,27.08076741308906,27.625635255218306,27.08076741308906,27.568708419799805,6994893.0
2013-07-11,DHR,27.885876435171916,28.05665697331711,27.568713567679666,27.792354583740234,6335189.0
2013-07-12,DHR,27.780153488653834,27.824881227098036,27.49145521878046,27.727293014526367,4522414.0
2013-07-15,DHR,27.857407422057417,27.90620152002721,27.702890086037478,27.81267738342285,5199675.0
2013-07-16,DHR,27.81268052205917,27.971261935310114,27.45892269490357,27.678497314453125,3751717.0
2013-07-17,DHR,27.76388719284748,27.906205447451015,27.706962660382494,27.816747665405273,4787843.0
2013-07-18,DHR,27.65003064173058,27.92652974808499,27.17428647780912,27.548376083374023,8180249.0
2013-07-19,DHR,27.650029931838773,28.06477858072206,27.515844441252735,27.93059539794922,4375714.0
2013-07-22,DHR,27.954998258246817,28.00785642054411,27.58904133500336,27.719158172607422,4130370.0
2013-07-23,DHR,27.75169135215062,27.81268225443456,27.584977193300546,27.609373092651367,3678367.0
2013-07-24,DHR,27.650044370847546,27.702902551937978,27.402005094422574,27.499595642089844,3974594.0
2013-07-25,DHR,27.304411121584995,27.418262496009298,27.17429196822333,27.357269287109375,4615404.0
2013-07-26,DHR,27.158017005240104,27.24340839098078,27.05229609551387,27.129554748535156,3534345.0
2013-07-29,DHR,27.027906482526486,27.34100291806361,26.9262519155502,27.32067108154297,3191995.0
2013-07-30,DHR,27.430458182302132,27.5931059498361,27.300341352963024,27.312538146972656,3136796.0
2013-07-31,DHR,27.324741248460075,27.64190409540407,27.31254214485136,27.381668090820312,3528840.0
2013-08-01,DHR,27.576852135619053,27.727300864914504,27.503662109375,27.503662109375,4148224.0
2013-08-02,DHR,27.499580884394053,27.499580884394053,27.231212214911963,27.336933135986328,3087549.0
2013-08-05,DHR,27.28408451751647,27.3491441066799,27.198695393361703,27.292217254638672,2369819.0
2013-08-06,DHR,27.29222229086874,27.31255182961148,27.153972657722655,27.263757705688477,2991584.0
2013-08-07,DHR,27.24342417166202,27.471129280637932,27.16209910517371,27.44266700744629,3481378.0
2013-08-08,DHR,27.568707840130127,27.641900143504518,27.336936443769208,27.37759780883789,3036963.0
2013-08-09,DHR,27.353208391831235,27.406071183559217,27.210892414467683,27.239356994628906,2317001.0
2013-08-12,DHR,27.05637108912005,27.194622973807107,26.970981983964958,27.048240661621094,3142301.0
2013-08-13,DHR,27.05231351698074,27.536190655081068,27.027917610924725,27.499595642089844,2619179.0
2013-08-14,DHR,27.40606910940949,27.426398643029025,27.06044165192331,27.109235763549805,2580496.0
2013-08-15,DHR,27.015709620846664,27.280011978464536,26.788004572000712,27.044174194335938,3599363.0
2013-08-16,DHR,27.04418288074366,27.174299763617768,26.96285780960975,27.133638381958008,3240052.0
2013-08-19,DHR,27.0401049020618,27.357265389085814,27.02383943325576,27.186487197875977,2904843.0
2013-08-20,DHR,27.20274906330653,27.20274906330653,26.926249953652807,26.96691131591797,3556514.0
2013-08-21,DHR,26.934390427075297,27.109235027399837,26.857131739539795,26.909992218017578,2881782.0
2013-08-22,DHR,26.999451247330345,27.462994162529384,26.942524398067608,27.361339569091797,2493458.0
2013-08-23,DHR,27.37353535508117,27.46299083258421,27.22308666734832,27.381668090820312,2651168.0
2013-08-26,DHR,27.336944376949134,27.442665341496003,27.088907439455056,27.0970401763916,2398534.0
2013-08-27,DHR,26.739205311984236,26.808328932930323,26.535896200376783,26.592823028564453,3587014.0
2013-08-28,DHR,26.548105239868164,26.718883480552904,26.454581074952635,26.548105239868164,2342591.0
2013-08-29,DHR,26.466776942934022,26.922189375415176,26.3407264620275,26.678218841552734,1918708.0
2013-08-30,DHR,26.731074189260983,26.763602818265817,26.531831432503054,26.641618728637695,2280251.0
2013-09-03,DHR,26.889662224064413,27.080772293818494,26.678220313777384,26.7839412689209,2520090.0
2013-09-04,DHR,26.710752348984187,27.300350413495938,26.710752348984187,27.24748992919922,3144384.0
2013-09-05,DHR,27.21901871266404,27.414195127770014,27.10923140221352,27.33287239074707,2060499.0
2013-09-06,DHR,27.37353247677284,27.483319782079683,27.00350919424588,27.17428970336914,2932219.0
2013-09-09,DHR,27.25154561966674,27.54837889896901,27.25154561966674,27.507715225219727,2036693.0
2013-09-10,DHR,27.723228218785188,28.03225834539089,27.67443410973239,27.837081909179688,3465310.0
2013-09-11,DHR,27.865540200706032,28.182703018188477,27.812679731125623,28.182703018188477,3105403.0
2013-09-12,DHR,28.186780698778605,28.280302573000004,28.076993348061492,28.239641189575195,3717199.0
2013-09-13,DHR,28.308757663805828,28.373817245460973,28.060720749274598,28.365684509277344,3671672.0
2013-09-16,DHR,28.629981609605586,28.723503442820586,28.410407004447954,28.507997512817383,4182296.0
2013-09-17,DHR,28.540531077470533,28.666581563389762,28.402281487419607,28.47547149658203,3871339.0
2013-09-18,DHR,28.4632709562229,28.68690963015065,28.33315181156169,28.662513732910156,4015063.0
2013-09-19,DHR,28.780434716465738,28.845494296141396,28.552729649321677,28.577125549316406,5920084.0
2013-09-20,DHR,28.593396888250513,28.756044716906356,28.288433074951175,28.288433074951172,7624246.0
2013-09-23,DHR,28.174575367444913,28.36162138238241,28.154245834130688,28.280296325683594,3211039.0
2013-09-24,DHR,28.296559453773234,28.320955353291517,28.011927548448522,28.032257080078125,3513218.0
2013-09-25,DHR,28.127840189969863,28.380034859566365,27.98954048306868,28.294614791870117,3872232.0
2013-09-26,DHR,28.319023882233406,28.530542471515176,28.213266896243354,28.38003921508789,2556244.0
2013-09-27,DHR,28.327153862488288,28.493928456394134,28.241733798886685,28.42070960998535,3535386.0
2013-09-30,DHR,28.201056901282485,28.388168391056418,28.107501156395518,28.196989059448242,3976826.0
2013-10-01,DHR,28.249884712719446,28.32716913409078,28.111584937888228,28.258020401000977,3634476.0
2013-10-02,DHR,28.1319068187485,28.1319068187485,27.814631305853858,28.11970329284668,3503249.0
2013-10-03,DHR,27.997686659507682,28.05870200586361,27.452621003274167,27.656003952026367,3790103.0
2013-10-04,DHR,27.6641294082045,28.018013207157402,27.586842715763268,27.871580123901367,2924929.0
2013-10-07,DHR,27.692608735895934,27.778028824805904,27.550241151495634,27.603120803833008,2551781.0
2013-10-08,DHR,27.611246550856023,27.871576875678244,27.359051909411097,27.3793888092041,4432995.0
2013-10-09,DHR,27.36719260283386,27.416006716151767,27.18414891249507,27.31024742126465,4355331.0
2013-10-10,DHR,27.623457902991056,28.083103404611155,27.586849623010995,28.058698654174805,4017890.0
2013-10-11,DHR,28.034292842173066,28.274284057286515,27.895993093812066,28.245811462402344,2139651.0
2013-10-14,DHR,28.05463257786475,28.355639140327124,28.001752921829404,28.290555953979492,2287095.0
2013-10-15,DHR,28.22954137420852,28.351572063327826,28.066836866917814,28.074970245361328,3619003.0
2013-10-16,DHR,28.16039041730641,28.237674821273572,27.985480084597476,28.12784767150879,7064821.0
2013-10-17,DHR,28.88442495338835,29.527116324923842,28.62816243495406,29.41322135925293,8766009.0
2013-10-18,DHR,29.56780192516064,29.56780192516064,29.144764664743654,29.287132263183594,6239819.0
2013-10-21,DHR,29.380695796756203,29.409168398256007,29.19358188457284,29.258665084838867,3888598.0
2013-10-22,DHR,29.29526434368881,29.482378198187945,29.226115629084582,29.38475227355957,3414574.0
2013-10-23,DHR,29.380686534063074,29.490511369782737,29.1651000883467,29.24645233154297,3021787.0
2013-10-24,DHR,29.266788482270258,29.384748991688614,29.09187817646611,29.307464599609375,2965398.0
2013-10-25,DHR,29.238314864839317,29.37661690196155,29.079678231132892,29.331872940063477,2563386.0
2013-10-28,DHR,29.344075312661165,29.46203814053224,29.177300678197042,29.352210998535156,2384548.0
2013-10-29,DHR,29.344071944191352,29.510846559511055,29.23017928098219,29.506778717041016,3402969.0
2013-10-30,DHR,29.506782957802777,29.620677946031773,29.29119651050882,29.30340003967285,2322059.0
2013-10-31,DHR,29.401018671081484,29.518981482365934,29.209839314527837,29.323734283447266,2179228.0
2013-11-01,DHR,29.40102459588304,29.60440752051684,29.3034009767509,29.543392181396484,3399696.0
2013-11-04,DHR,29.547461079628448,29.632883480907537,29.311537709743543,29.592205047607422,2852769.0
2013-11-05,DHR,29.555593181415375,29.60033714396724,29.392886393903492,29.52712059020996,2042793.0
2013-11-06,DHR,29.65322196567627,29.93795947066185,29.575937555598863,29.685762405395508,2567700.0
2013-11-07,DHR,29.718301890172267,29.807789821061263,29.165100623788902,29.2098445892334,2636736.0
2013-11-08,DHR,29.433563268741825,30.360989903567067,29.433563268741825,30.3447208404541,6942819.0
2013-11-11,DHR,30.34472103057633,30.413869743704264,30.12506674499125,30.247095108032227,2616353.0
2013-11-12,DHR,30.19421610195593,30.22675884638153,29.848465602990913,30.05998420715332,3380206.0
2013-11-13,DHR,29.9338816703582,30.035573115731328,29.868800807547892,30.003032684326172,3859883.0
2013-11-14,DHR,30.177952534901436,30.483026967550646,30.104733655259004,30.279644012451172,4332716.0
2013-11-15,DHR,30.1698103939137,30.401665897325994,30.120998587476855,30.29997444152832,4853010.0
2013-11-18,DHR,30.312175439532087,30.503354806393897,30.25522795200183,30.324378967285156,4197174.0
2013-11-19,DHR,30.312186278551064,30.405742074143436,30.10880331121059,30.153547286987305,2622750.0
2013-11-20,DHR,30.13726655752265,30.308106706443105,29.913544456559336,30.015235900878906,3293911.0
2013-11-21,DHR,30.18201074164534,30.263362974248974,30.055912241593962,30.234888076782227,2688512.0
2013-11-22,DHR,30.271495519146505,30.397591697467117,30.198276670477757,30.36505126953125,2884460.0
2013-11-25,DHR,30.507426801451647,30.507426801451647,30.247096383872023,30.312179565429688,2072401.0
2013-11-26,DHR,30.519634429529297,30.869452825823007,30.50743089847628,30.657934188842773,5388481.0
2013-11-27,DHR,30.800305091275078,30.885727509145593,30.58065305204764,30.65386962890625,2106621.0
2013-11-29,DHR,30.6416572069037,30.727079599991796,30.397598173761146,30.42607307434082,1998754.0
2013-12-02,DHR,30.340658632656396,30.61319263780186,30.24710283782108,30.3325252532959,3677474.0
2013-12-03,DHR,30.21455371642687,30.283704736016585,29.91354719834366,30.007102966308594,3516045.0
2013-12-04,DHR,29.852531337354886,30.218621025726474,29.65728411919693,29.962358474731445,2778824.0
2013-12-05,DHR,29.79151874053642,30.121000182925293,29.710166495049588,29.954225540161133,2830452.0
2013-12-06,DHR,30.295907760573606,30.62538919814744,30.21862335935565,30.556238174438477,2727642.0
2013-12-09,DHR,30.7596242828671,30.82470747024363,30.515565216019173,30.66200065612793,3017472.0
2013-12-10,DHR,30.52369933077671,30.64165986029728,30.32438424406316,30.568443298339844,2718418.0
2013-12-11,DHR,30.560301621890286,30.641653854486975,29.962356478947783,30.07218360900879,4595467.0
2013-12-12,DHR,29.649151250253283,30.344722416831903,29.64508340710099,30.20235252380371,5905205.0
2013-12-13,DHR,30.210482260514087,30.25929406007766,29.958287577993847,30.10472297668457,4012385.0
2013-12-16,DHR,30.198285094339234,30.72708162487096,30.145405441286062,30.633525848388672,5197295.0
2013-12-17,DHR,30.710813785317956,30.804369572563836,30.32031926163034,30.409807205200195,3344051.0
2013-12-18,DHR,30.4098072710129,31.325030544374986,30.348791924391822,31.264015197753906,4948678.0
2013-12-19,DHR,31.13384309021066,31.186722735813948,30.9060531372578,31.15011215209961,3595197.0
2013-12-20,DHR,31.04842959386253,31.353504026931777,31.028092683515432,31.133852005004883,5101032.0
2013-12-23,DHR,31.304676882578075,31.451112261715394,31.093158343162965,31.21518898010254,3346581.0
2013-12-24,DHR,31.158244160977766,31.38603408705347,31.158244160977766,31.235530853271484,1594807.0
2013-12-26,DHR,31.331161724204474,31.35557673396827,31.233506303955515,31.29861068725586,2845925.0
2013-12-27,DHR,31.40034062738177,31.489857726299256,31.245719134068146,31.351512908935547,1243232.0
2013-12-30,DHR,31.327096283992255,31.384062337483915,31.176543967408374,31.257925033569336,1445280.0
2013-12-31,DHR,31.375916018754186,31.465433090297502,31.270122276238336,31.412538528442383,1568324.0
2014-01-02,DHR,31.192812557930313,31.33522650004674,30.964948403021793,31.107364654541016,2991137.0
2014-01-03,DHR,31.107371581430005,31.314887634526908,31.0585415578739,31.152130126953125,1771710.0
2014-01-06,DHR,31.310810414633284,31.416604152994417,30.86322276509149,30.879499435424805,2909902.0
2014-01-07,DHR,30.98530050572104,31.15619865645171,30.89985258505733,31.135852813720703,2985186.0
2014-01-08,DHR,31.082956569651955,31.298613269411515,31.038198024128835,31.152130126953125,3387050.0
2014-01-09,DHR,31.379988963499226,31.563094605771013,31.160263116534313,31.526472091674805,4589367.0
2014-01-10,DHR,31.575297684760944,31.628194558840352,31.2782622800854,31.607851028442383,3075646.0
2014-01-13,DHR,31.46137549313596,31.554964076244385,30.96089077069488,30.985305786132812,3826704.0
2014-01-14,DHR,31.579370503204142,31.86012926849386,31.290473401053298,31.843854904174805,6906665.0
2014-01-15,DHR,31.872327376933228,31.888604045856667,31.611912221170794,31.82349967956543,4212350.0
2014-01-16,DHR,31.823501814711655,31.998469089170214,31.75433058595114,31.953710556030273,3745766.0
2014-01-17,DHR,31.994400656863363,31.994400656863363,31.5997098751394,31.685157775878906,3925347.0
2014-01-21,DHR,31.982187015436175,32.06356804236082,31.60377297673421,31.738048553466797,7292162.0
2014-01-22,DHR,31.758404474852615,31.823506545787723,31.37184967033571,31.713645935058594,3872529.0
2014-01-23,DHR,31.41253994603329,31.477642014055746,31.209088477903656,31.375917434692383,2713359.0
2014-01-24,DHR,31.062612988479252,31.16433759282209,30.159299056171665,30.163368225097656,5978853.0
2014-01-27,DHR,30.26916056094218,30.431920382042264,29.96805593113853,30.151159286499023,5347417.0
2014-01-28,DHR,30.505154903551148,31.156191703410894,30.16742784600561,30.602807998657227,6502421.0
2014-01-29,DHR,30.322045722469017,30.830668523394557,30.317976555309418,30.570253372192383,5702860.0
2014-01-30,DHR,30.696393216412172,30.794048610331878,30.456321589407278,30.639427185058594,4923831.0
2014-01-31,DHR,30.220329699361656,30.521434297817777,30.081984905060953,30.26915740966797,4790670.0
2014-02-03,DHR,30.326121472107346,30.57026000766294,29.500117309858187,29.524532318115234,6284900.0
2014-02-04,DHR,29.630332241401955,29.85412498336678,29.426883034486593,29.675090789794922,5104603.0
2014-02-05,DHR,29.540808821848845,29.66694610224878,29.251909439469262,29.496047973632812,4053450.0
2014-02-06,DHR,29.418740550965385,30.00060390748019,29.353636167294123,29.992467880249023,4434334.0
2014-02-07,DHR,30.22846782546995,30.635366178323316,30.049431349324852,30.566192626953125,4690688.0
2014-02-10,DHR,30.623156915231124,30.623156915231124,30.342398176395754,30.54584503173828,4671941.0
2014-02-11,DHR,30.667919478389603,30.875437838411454,30.570264051250295,30.676057815551758,3750676.0
2014-02-12,DHR,30.80218661010188,30.916118680113406,30.66384184474654,30.741153717041016,3115818.0
2014-02-13,DHR,30.48480849224836,31.054466547442136,30.42784245578871,31.013774871826172,3581360.0
2014-02-14,DHR,30.989357387496817,31.168391494932557,30.855081806920015,31.099220275878906,3354168.0
2014-02-18,DHR,30.98528728545139,31.160252220673975,30.859147733144724,30.899839401245117,3501464.0
2014-02-19,DHR,30.822530147073184,31.12363466005859,30.598737500612394,30.631288528442383,3868066.0
2014-02-20,DHR,30.716751532243173,31.058545575526328,30.53364815783524,30.96902847290039,3540147.0
2014-02-21,DHR,30.92020138770198,31.054479353803302,30.78999490024397,30.985305786132812,3981141.0
2014-02-24,DHR,31.07888740102228,31.367784517309378,31.046336361388185,31.152130126953125,3965370.0
2014-02-25,DHR,31.103301238803844,31.359647324814606,31.00971497571162,31.257925033569336,3951384.0
2014-02-26,DHR,31.270130230500598,31.41254651893144,31.148062095364242,31.257925033569336,3979653.0
2014-02-27,DHR,31.070749589188775,31.38406172255223,31.05854208309331,31.343372344970703,3806023.0
2014-02-28,DHR,31.33115070341515,31.550876476387923,31.021907878269147,31.123632431030273,5659713.0
2014-03-03,DHR,30.81846814973009,30.964951273147534,30.659777522010444,30.75743293762207,4093919.0
2014-03-04,DHR,31.11143022667154,31.209085629194323,31.00563879844077,31.074810028076172,4759426.0
2014-03-05,DHR,31.09922996575942,31.205023720171823,30.936470165940108,31.07888412475586,3745319.0
2014-03-06,DHR,31.156182790096214,31.36776789973219,31.103283625934612,31.282320022583008,3408474.0
2014-03-07,DHR,31.48984782562757,31.55902136726244,31.30267534866623,31.50612449645996,4196579.0
2014-03-10,DHR,31.493915502308422,31.493915502308422,31.24570783087939,31.39219093322754,3334529.0
2014-03-11,DHR,31.44101413242135,31.4776343254146,31.05446174901997,31.099220275878906,3122811.0
2014-03-12,DHR,30.87950840698974,30.95274882596311,30.716748584577353,30.85102653503418,3241837.0
2014-03-13,DHR,30.997495147234574,31.005633480949523,30.236595585921194,30.285423278808594,3704553.0
2014-03-14,DHR,30.236602363728093,30.379016307456194,29.992463844565226,30.025014877319336,4139297.0
2014-03-17,DHR,30.236600127363285,30.570255693974175,30.224392624957332,30.456323623657227,3689526.0
2014-03-18,DHR,30.52550588755884,30.70047321052088,30.505162353802618,30.62316131591797,2099926.0
2014-03-19,DHR,30.606878031551016,30.708602606573688,30.08604996258107,30.261014938354492,2811407.0
2014-03-20,DHR,30.232528961549058,30.50921847471252,30.126735233162293,30.415632247924805,2355833.0
2014-03-21,DHR,30.663839878837276,30.97308272938384,30.529564289548304,30.639427185058594,6116329.0
2014-03-24,DHR,30.749292089297416,30.75742811482014,30.08197864765151,30.24066925048828,2495094.0
2014-03-25,DHR,30.41969885689838,30.545836101273213,30.13487103328891,30.285423278808594,2625726.0
2014-03-26,DHR,30.52174910513788,30.56249321615104,29.890207290649414,29.890207290649414,4485665.0
2014-03-27,DHR,29.788347207430384,30.045038124714168,29.723157551857643,29.922805786132812,5040626.0
2014-03-28,DHR,30.102083752432712,30.32210522091649,29.983923732319543,30.09800910949707,3006313.0
2014-03-31,DHR,30.366919335286234,30.558418273925785,30.240610048624088,30.55841827392578,3166404.0
2014-04-01,DHR,30.591019193371604,30.672507424669945,30.40359256136924,30.664358139038086,3454895.0
2014-04-02,DHR,30.71324021669327,30.851771083829725,30.615453450184095,30.737688064575195,3431536.0
2014-04-03,DHR,30.78658606154922,30.929191591370387,30.591012499221954,30.90066909790039,3224727.0
2014-04-04,DHR,31.15736912324395,31.251081289993756,30.680659003254018,30.721403121948242,3852741.0
2014-04-07,DHR,30.61954015039136,30.648060338309783,30.00022217692108,30.08171272277832,3360417.0
2014-04-08,DHR,30.020596714867867,30.28951159678366,29.86984185777316,30.1632022857666,3499976.0
2014-04-09,DHR,30.558413485341532,30.847701481634648,30.305797264112698,30.823253631591797,4574637.0
2014-04-10,DHR,30.819190438439108,30.823265081626538,30.191723137698446,30.203947067260742,3601000.0
2014-04-11,DHR,30.01243799714276,30.114299417561536,29.653885704768292,29.66203498840332,4070262.0
2014-04-14,DHR,29.918736621027673,29.918736621027673,29.295343948851073,29.57648277282715,6661173.0
2014-04-15,DHR,29.617215687588413,29.780194419715468,29.234215551464363,29.74352264404297,5692148.0
2014-04-16,DHR,30.065414041288076,30.098008872005813,29.68649075134503,30.008371353149414,6062469.0
2014-04-17,DHR,29.74352429098488,29.922801600004334,29.454238586385106,29.682409286499023,11602412.0
2014-04-21,DHR,29.89020918341758,30.432113525490678,29.788347743179475,30.38729476928711,8667663.0
2014-04-22,DHR,30.346545990258264,30.387292413202218,29.95132418778043,29.967622756958008,6387560.0
2014-04-23,DHR,29.947246967474097,30.0328121357807,29.82908928863769,29.898353576660156,4749457.0
2014-04-24,DHR,30.03281484668897,30.11430306789785,29.89020699080869,30.012441635131836,4148820.0
2014-04-25,DHR,29.992067247430402,30.061333851498528,29.674261347170724,29.763898849487305,3614539.0
2014-04-28,DHR,29.857609055018102,29.98799297038401,29.63351300126959,29.947246551513672,7008581.0
2014-04-29,DHR,29.9513186070485,30.008361276031646,29.715000960554942,29.9064998626709,6176735.0
2014-04-30,DHR,29.849460185846223,29.926876070265564,29.731302507009815,29.898353576660156,4931866.0
2014-05-01,DHR,29.89836089645493,30.16320112508164,29.849467493670783,29.99207305908203,5368544.0
2014-05-02,DHR,30.00429334617959,30.049112100582736,29.808719758780448,29.853538513183594,3906749.0
2014-05-05,DHR,29.743522644042965,29.83723709158541,29.5846185536573,29.74352264404297,2888031.0
2014-05-06,DHR,29.657961178107442,29.759822601382112,29.556099754832776,29.56424903869629,3036368.0
2014-05-07,DHR,29.6538870664178,29.706855099968134,29.405345466684583,29.66611099243164,4657658.0
2014-05-08,DHR,29.653890283337812,30.07763459770922,29.584623674254825,29.853538513183594,4244933.0
2014-05-09,DHR,29.79650059451966,30.175426215060565,29.657969666718913,30.1632022857666,6367177.0
2014-05-12,DHR,30.240612330272366,30.607313978479596,30.240612330272366,30.58694076538086,4120700.0
2014-05-13,DHR,30.729542585074842,30.93734006775143,30.61138259737377,30.815105438232422,4225889.0
2014-05-14,DHR,30.721394002694854,31.03920219669103,30.591012399073385,30.643978118896484,4600972.0
2014-05-15,DHR,30.509522298828177,30.591012825673904,30.252831417406963,30.546194076538086,4534019.0
2014-05-16,DHR,30.550278996879925,30.725481736172483,30.415822694058136,30.688812255859375,4773411.0
2014-05-19,DHR,30.60324423883366,31.043287212186026,30.574724048436188,30.892532348632812,3521252.0
2014-05-20,DHR,30.88437828984841,30.94549330447245,30.383220369867228,30.476932525634766,3470368.0
2014-05-21,DHR,30.611383507535837,31.10031741513016,30.611383507535837,31.079946517944336,4682802.0
2014-05-22,DHR,31.507764897366204,31.984477218711426,31.255148645352186,31.792978286743164,10091369.0
2014-05-23,DHR,31.78075148320835,31.96817575603924,31.6748154213884,31.951879501342773,3225471.0
2014-05-27,DHR,32.167833242925006,32.1882064578154,31.972259630018083,32.04560089111328,3817331.0
2014-05-28,DHR,32.074119439721336,32.2045010708237,31.935588523079428,32.057823181152344,3337058.0
2014-05-29,DHR,32.05782265005132,32.12301230826747,31.833726551466935,32.004852294921875,3536279.0
2014-05-30,DHR,31.919293253393395,31.992634518324802,31.788911608805734,31.955965042114258,5062200.0
2014-06-02,DHR,32.025232035000236,32.12709349829558,31.711498358048907,32.04153060913086,2714103.0
2014-06-03,DHR,31.91521922117087,32.13116606439754,31.870400457719924,32.10264587402344,3083681.0
2014-06-04,DHR,32.00078380470722,32.04967721049138,31.780762322423318,31.955965042114258,3674350.0
2014-06-05,DHR,31.960028439604084,32.53452753137173,31.752230944975565,32.39192199707031,4396841.0
2014-06-06,DHR,32.41228460857119,32.795284676004954,32.38783907501662,32.74639129638672,4160573.0
2014-06-09,DHR,32.66491693616473,33.06013878151438,32.65676765069195,32.81974411010742,4577761.0
2014-06-10,DHR,32.70972850326834,32.83603546280064,32.58749387306715,32.770843505859375,2077162.0
2014-06-11,DHR,32.713800986836816,32.75862204729558,32.57527010112935,32.6323127746582,2909604.0
2014-06-12,DHR,32.48562284408678,32.721940438404694,32.47747356281567,32.64860153198242,3980397.0
2014-06-13,DHR,32.60379652522477,32.79529546569046,32.56305010171306,32.705657958984375,2570825.0
2014-06-16,DHR,32.63232149659127,32.73418294529475,32.550833262632565,32.62417221069336,3545801.0
2014-06-17,DHR,32.66898550724797,32.738252113286244,32.56304943331168,32.664913177490234,2430671.0
2014-06-18,DHR,32.69750375261463,32.88900266425567,32.5141541244493,32.868629455566406,2748174.0
2014-06-19,DHR,32.80343641305074,32.89714853829006,32.583415032047625,32.636383056640625,4901960.0
2014-06-20,DHR,32.681200851305405,32.88492366114118,32.526371423329856,32.87269973754883,6808766.0
2014-06-23,DHR,32.85641565263714,32.88086119636531,32.68121295379337,32.730106353759766,3049609.0
2014-06-24,DHR,32.73011023191561,32.73011023191561,32.290069580078125,32.290069580078125,4149861.0
2014-06-25,DHR,32.257431504673654,32.48589054824681,32.061610790429235,32.428775787353516,3099303.0
2014-06-26,DHR,32.400205765862005,32.48587671299997,32.09831524073383,32.269657135009766,2958554.0
2014-06-27,DHR,32.22072167017878,32.35942764923243,32.13097087875774,32.306392669677734,3758412.0
2014-06-30,DHR,32.35533960073767,32.36349686648406,32.04936688371899,32.11872100830078,4594276.0
2014-07-01,DHR,32.29413635826993,32.5225929925578,32.27781720030971,32.43284225463867,4050027.0
2014-07-02,DHR,32.322693715280536,32.42468382528592,32.049359386910915,32.135032653808594,3811677.0
2014-07-03,DHR,32.33495272257258,32.50221493745643,32.265598572092,32.4124641418457,3074456.0
2014-07-07,DHR,32.36757520673028,32.39205394916758,31.975933851185893,32.028968811035156,3866727.0
2014-07-08,DHR,31.99632724913791,32.077918412236144,31.81682344871817,31.898414611816406,4230502.0
2014-07-09,DHR,31.98409008075576,32.041204825026846,31.82498521787872,31.9392147064209,3483015.0
2014-07-10,DHR,31.674045886931918,31.955537555773322,31.608771550437428,31.820911407470703,3360566.0
2014-07-11,DHR,31.82091178577584,31.984096471236224,31.72300143758597,31.975936889648438,2761267.0
2014-07-14,DHR,32.12687169268935,32.281896745846794,32.00040285031545,32.15134811401367,3601297.0
2014-07-15,DHR,32.08200601621372,32.28598628907435,31.85762678989433,31.918821334838867,4172178.0
2014-07-16,DHR,31.984106738147442,32.11057334705862,31.771966810495126,32.02490234375,3877885.0
2014-07-17,DHR,30.88667822829507,30.92339402351921,30.18498443637533,30.217622756958008,14890223.0
2014-07-18,DHR,30.401208756517427,30.776533293322316,30.115637299782914,30.641904830932617,8607108.0
2014-07-21,DHR,30.56030995691446,30.71125524846124,30.42160403600345,30.658220291137695,6087167.0
2014-07-22,DHR,30.747969227064775,31.09881495652735,30.747969227064775,30.92339324951172,8009000.0
2014-07-23,DHR,31.00499112746271,31.049866511420213,30.764295044260894,30.84588623046875,5403657.0
2014-07-24,DHR,30.89076383473755,31.08250707234188,30.6990229125652,30.992753982543945,4926509.0
2014-07-25,DHR,30.837715442471673,30.980503439594614,30.80099965356367,30.87851333618164,2927458.0
2014-07-28,DHR,30.81324403906141,30.854039623983233,30.588864848844345,30.682695388793945,4085140.0
2014-07-29,DHR,30.637828059067342,30.719421565768094,30.16459544501718,30.221710205078125,7618295.0
2014-07-30,DHR,30.29921462309871,30.376728320830598,30.02588257453242,30.258419036865234,6420739.0
2014-07-31,DHR,30.087076962665908,30.209466045610707,29.899415863220028,30.140111923217773,7536613.0
2014-08-01,DHR,30.148267910161916,30.160507280083657,29.789262600476675,29.919811248779297,7674535.0
2014-08-04,DHR,29.93205261237549,30.22170616506619,29.8055860512716,30.189067840576172,4233328.0
2014-08-05,DHR,29.985082799226923,30.36448705298317,29.842297098616115,30.00956153869629,5048660.0
2014-08-06,DHR,30.054438100338732,30.299213927551957,29.94428839923494,30.217622756958008,6515811.0
2014-08-07,DHR,30.352256240795462,30.499121772725253,30.10340056318399,30.172752380371094,4253712.0
2014-08-08,DHR,30.238026377354686,30.56439576598974,30.107480011159808,30.543996810913086,3274718.0
2014-08-11,DHR,30.637820013836805,30.83364067380665,30.60926379902093,30.682695388793945,3655901.0
2014-08-12,DHR,30.588862886073198,30.60926183494086,30.254336332661904,30.327770233154297,5088832.0
2014-08-13,DHR,30.5154361158687,30.592947502933505,30.376730187976566,30.50727653503418,3025655.0
2014-08-14,DHR,30.40936878259914,30.556234303818634,30.352254027330712,30.54807472229004,3825662.0
2014-08-15,DHR,30.75205083514901,30.902996126695786,30.45424004226738,30.658220291137695,7087883.0
2014-08-18,DHR,30.82956005562095,31.18856533410294,30.747966578665746,31.123291015625,3056304.0
2014-08-19,DHR,31.131450929036784,31.290553464173495,31.053937240868848,31.266077041625977,2476943.0
2014-08-20,DHR,31.261990991734947,31.55572189607224,31.1803998456737,31.490449905395508,3660662.0
2014-08-21,DHR,31.510854236412765,31.62100393132087,31.380307907719118,31.596525192260742,2633611.0
2014-08-22,DHR,31.465983682082175,31.576133393857962,31.41294872142834,31.42926788330078,3035921.0
2014-08-25,DHR,31.54759030825681,31.625104049674892,31.47007888227146,31.555749893188477,2124922.0
2014-08-26,DHR,31.608769538802818,31.653644918714413,31.51493898849388,31.547574996948242,2902314.0
2014-08-27,DHR,31.437436630809586,31.547584059270722,31.221216934680474,31.270172119140625,1665925.0
2014-08-28,DHR,31.1477698704032,31.208964404040827,30.996824588993746,31.139610290527344,2890560.0
2014-08-29,DHR,31.24569898150316,31.27017773584621,31.01316239240762,31.25385856628418,2236063.0
2014-09-02,DHR,31.27832451825579,31.38439444612869,31.090661091402026,31.176334381103516,3422758.0
2014-09-03,DHR,31.42111346474537,31.42111346474537,31.188576947016113,31.245689392089844,3605910.0
2014-09-04,DHR,31.266078477068554,31.3884675417185,31.017222873349482,31.102893829345703,3366815.0
2014-09-05,DHR,31.017218850678983,31.498610836283003,30.98458053610858,31.470054626464844,3174736.0
2014-09-08,DHR,31.417036165572856,31.56798150337077,31.343602234688827,31.4333553314209,2923739.0
2014-09-09,DHR,31.41293999019072,31.437418726195506,31.143685471292805,31.237518310546875,2941295.0
2014-09-10,DHR,31.2538355258833,31.465975312069038,31.200800579336864,31.384384155273438,2567552.0
2014-09-11,DHR,31.278314603359277,31.54756681298031,31.229359445661725,31.527170181274414,2453435.0
2014-09-12,DHR,31.514945654037913,31.527185028083828,31.33952388777483,31.36400032043457,2844288.0
2014-09-15,DHR,31.425176111065213,31.641395661708646,31.229355504984632,31.261991500854492,6188637.0
2014-09-16,DHR,31.184489042196034,31.682202629652007,31.066182067475452,31.64548683166504,4604542.0
2014-09-17,DHR,31.739319006974604,32.32678106661449,31.69444131049531,32.11872100830078,6266897.0
2014-09-18,DHR,32.1472719651986,32.40428481913846,32.110553858551945,32.375728607177734,4215028.0
2014-09-19,DHR,32.57564888004955,32.63684344630505,32.36758874404034,32.4124641418457,7176558.0
2014-09-22,DHR,32.29821149665372,32.29821149665372,31.8412959784451,31.886171340942383,3122067.0
2014-09-23,DHR,31.812757741940384,31.865792716061186,31.580221203368975,31.584300994873047,3135606.0
2014-09-24,DHR,31.637400389925727,31.829391616971044,31.518940381643247,31.75177764892578,4714642.0
2014-09-25,DHR,31.612877665482994,31.649640939416567,30.893938539529,30.89802360534668,5662986.0
2014-09-26,DHR,30.922539583766614,31.061427220207953,30.840842883387353,31.008323669433594,4535656.0
2014-09-29,DHR,30.730552235059882,31.03691835427568,30.61209224549296,30.959306716918945,4527175.0
2014-09-30,DHR,30.934792797311925,31.51484675170963,30.898029516345296,31.036914825439453,7836857.0
2014-10-01,DHR,30.92254071315666,31.028747818584407,30.41193283949804,30.465036392211914,4680571.0
2014-10-02,DHR,30.440522282879012,30.550814441885354,30.1586666040192,30.403759002685547,6837332.0
2014-10-03,DHR,30.722380915637682,30.86126855359068,30.57124039539273,30.612091064453125,6395743.0
2014-10-06,DHR,30.738716886027817,30.881687252473608,30.50179463072981,30.59166145324707,2932814.0
2014-10-07,DHR,30.514053154655716,30.514053154655716,29.913578431900387,29.929916381835938,4365150.0
2014-10-08,DHR,30.011611494268585,30.489543452654566,29.782859341472882,30.469118118286133,5582048.0
2014-10-09,DHR,30.501795810770986,30.501795810770986,29.71341275401223,29.72566795349121,6285644.0
2014-10-10,DHR,29.725663410388098,29.905399353332182,29.10067615359082,29.353940963745117,9203729.0
2014-10-13,DHR,29.509175340342168,29.88498531324414,29.23957480172098,29.288593292236328,8909287.0
2014-10-14,DHR,29.407059188360876,29.762446213889497,29.235495596369866,29.411144256591797,7155579.0
2014-10-15,DHR,28.87601137702224,29.57452523713058,28.643174196461377,29.40296173095703,9223963.0
2014-10-16,DHR,29.317173726241496,30.448685903018678,29.088421642557638,30.305715560913086,10277795.0
2014-10-17,DHR,30.636601170812476,30.832675121547105,30.322064908831372,30.550819396972656,6058452.0
2014-10-20,DHR,30.48546351720319,30.599840772066504,30.224030785412705,30.52631187438965,4396246.0
2014-10-21,DHR,30.673360396302076,31.192140674691192,30.66110751482299,31.147207260131836,4738299.0
2014-10-22,DHR,31.343278867052067,31.343278867052067,30.85717915769063,30.869434356689453,5232408.0
2014-10-23,DHR,31.261583607010426,31.788531685375673,31.208480060679328,31.600627899169922,4823700.0
2014-10-24,DHR,31.580204877967258,31.862060557213145,31.494420799497078,31.845720291137695,2778080.0
2014-10-27,DHR,31.641486762633537,31.849815950680597,31.60880853804003,31.80896759033203,2471735.0
2014-10-28,DHR,32.02137921414654,32.58509303221507,31.988700992239135,32.572837829589844,5376876.0
2014-10-29,DHR,32.49519982648783,32.646340258446955,32.26236274098179,32.3930778503418,5241930.0
2014-10-30,DHR,32.26238520028921,32.63411010139424,32.16434822041502,32.56058120727539,2970457.0
2014-10-31,DHR,32.830186355890405,32.96090156538384,32.69947114639697,32.84244155883789,6138646.0
2014-11-03,DHR,32.82200795545035,32.834263155311774,32.568745417111046,32.66678237915039,3795757.0
2014-11-04,DHR,32.67087220817467,32.78116438615263,32.536071945327365,32.674957275390625,2809027.0
2014-11-05,DHR,32.969073272135965,33.03443203921127,32.62185873439346,32.99358367919922,2630338.0
2014-11-06,DHR,33.07526711758526,33.21415241322642,32.87919321352109,33.193729400634766,2401956.0
2014-11-07,DHR,33.2019038452353,33.218241793745406,32.93638609965278,33.165138244628906,2548507.0
2014-11-10,DHR,33.16104879853759,33.29176627991188,33.09160731008165,33.20598220825195,2931922.0
2014-11-11,DHR,33.31218967707355,33.36937828603187,33.06301222845745,33.255001068115234,2794595.0
2014-11-12,DHR,33.924925915327,33.941266182279826,33.51643778891505,33.643070220947266,6953829.0
2014-11-13,DHR,33.630813103798424,33.73702019608588,33.49192779789403,33.65940856933594,6718752.0
2014-11-14,DHR,33.55319872850444,33.6920840230319,33.52051819913863,33.589962005615234,2884757.0
2014-11-17,DHR,33.56545293879495,33.720678504156936,33.47967118266164,33.647151947021484,2717228.0
2014-11-18,DHR,33.70026626584213,33.86774476532372,33.61039941464325,33.73294448852539,2829113.0
2014-11-19,DHR,33.732947830494616,33.81056180489322,33.557296859907005,33.72886276245117,2213150.0
2014-11-20,DHR,33.467417305481725,33.76153050091726,33.31627680048296,33.704341888427734,2429630.0
2014-11-21,DHR,34.0924195021716,34.23947500470604,33.99846756875463,34.14552307128906,3992746.0
2014-11-24,DHR,34.145497875271786,34.1577530710466,33.9575941470923,34.11281967163086,2295278.0
2014-11-25,DHR,34.10465863020723,34.165929988559995,34.03112975438773,34.059722900390625,3162536.0
2014-11-26,DHR,34.20678015658824,34.20678015658824,33.99436598332605,34.08831787109375,2249751.0
2014-11-28,DHR,34.08015907329999,34.296658384855874,34.051565918201376,34.133262634277344,2617692.0
2014-12-01,DHR,33.9494304741021,34.03929729002716,33.732931247934374,33.93309020996094,4378243.0
2014-12-02,DHR,34.084241277304024,34.19861852494206,33.9535260788794,34.14142990112305,3896632.0
2014-12-03,DHR,34.214946896285106,34.71330174971953,34.16592610569262,34.66019821166992,3813611.0
2014-12-04,DHR,34.49273050287024,34.59076748425879,34.32116694465351,34.54991912841797,3005718.0
2014-12-05,DHR,34.480478859181964,34.71740352067838,34.476393791333635,34.67247009277344,2106473.0
2014-12-08,DHR,34.623454102352305,34.8195280995532,34.521332035607934,34.61528396606445,3618556.0
2014-12-09,DHR,34.17409044554879,34.46820122870357,34.125071981689665,34.46003341674805,3255823.0
2014-12-10,DHR,34.39061169382704,34.394696761638606,33.924934829149066,33.961700439453125,5504978.0
2014-12-11,DHR,34.05155705580733,34.627523622935406,33.94943502807776,34.292564392089844,4148373.0
2014-12-12,DHR,34.06382145648814,34.55400639462286,34.05973407037486,34.214962005615234,4194050.0
2014-12-15,DHR,34.443712615178654,34.545834665781776,33.86365853311942,34.063819885253906,4099126.0
2014-12-16,DHR,34.01478802153908,34.3129862598734,33.5695366747616,33.589962005615234,6370153.0
2014-12-17,DHR,33.606308938114864,34.37426443576933,33.434743080181256,34.288482666015625,6461357.0
2014-12-18,DHR,34.76233303301098,35.12997055053711,34.611192494927046,35.12997055053711,4973525.0
2014-12-19,DHR,35.17081957239617,35.38731654166919,34.99516863823363,35.24026107788086,7409701.0
2014-12-22,DHR,35.43225020571874,35.62423907899627,35.30153269994487,35.562965393066406,3525567.0
2014-12-23,DHR,35.70201247497159,35.779713363595086,35.55069814141158,35.60386276245117,4237048.0
2014-12-24,DHR,35.60792834107642,35.62837482999298,35.4934196472168,35.4934196472168,1432187.0
2014-12-26,DHR,35.5343379948709,35.66111605696733,35.432098520699846,35.46890640258789,1757427.0
2014-12-29,DHR,35.280786494587296,35.6406695600031,35.24398093138922,35.530250549316406,2202586.0
2014-12-30,DHR,35.52207185978041,35.542520684870006,35.12947298680043,35.26852035522461,2704581.0
2014-12-31,DHR,35.3993753022753,35.50570451880626,35.03949233580712,35.051761627197266,3084722.0
2015-01-02,DHR,35.17445099571652,35.28895975096769,34.8063907869824,35.05585479736328,3070588.0
2015-01-05,DHR,34.87999365080012,35.00677166864928,34.53646978738573,34.70823287963867,4495187.0
2015-01-06,DHR,34.8145765901196,34.900457011490474,34.18069087888872,34.47105026245117,4294330.0
2015-01-07,DHR,34.79003784591674,34.90863638621037,34.58555888463392,34.67961883544922,4920112.0
2015-01-08,DHR,35.006778608488794,35.284868636494515,34.97406049618792,35.21534729003906,4403983.0
2015-01-09,DHR,35.338040100914256,35.383025192959856,34.90863568351947,34.97815704345703,3101832.0
2015-01-12,DHR,34.77777514375025,34.92090997956278,34.413802245140005,34.54467010498047,4540119.0
2015-01-13,DHR,34.89226727947078,35.14173126187258,34.20112970346948,34.49557876586914,5707472.0
2015-01-14,DHR,34.13979148038002,34.38925550598051,33.80035727920406,33.9516716003418,7131774.0
2015-01-15,DHR,34.13161332775788,34.18886771118515,33.53862531262716,33.54680252075195,6238628.0
2015-01-16,DHR,33.44046413049012,33.79625496061977,33.2278057281802,33.7553596496582,6323732.0
2015-01-20,DHR,33.95985467265195,34.127528080519674,33.69812362961453,33.93122863769531,5035270.0
2015-01-21,DHR,33.84534101663459,34.2093137899506,33.718562966124615,34.04981994628906,4500245.0
2015-01-22,DHR,34.34428722998326,34.577392311915936,34.00894030800385,34.55694580078125,5777103.0
2015-01-23,DHR,34.55692684904609,34.573283584764795,34.38516371580925,34.40970230102539,5630105.0
2015-01-26,DHR,34.29519476029251,34.40970351983972,34.03346144750982,34.213401794433594,4554700.0
2015-01-27,DHR,34.540566592948956,34.88000076234236,34.19704265949486,34.61417770385742,5345929.0
2015-01-28,DHR,34.78594884329924,34.818664642228136,33.87806279237037,33.88215255737305,5902676.0
2015-01-29,DHR,34.086631074610104,34.34427466092595,33.620418760272266,34.32382583618164,4055384.0
2015-01-30,DHR,34.1520523403441,34.237932730269,33.67357090842332,33.6899299621582,4409339.0
2015-02-02,DHR,33.71447053470349,34.25429616609743,33.37094660996583,34.246116638183594,5133467.0
2015-02-03,DHR,34.642808922652115,34.814572064156785,34.46286625234834,34.76958465576172,6469540.0
2015-02-04,DHR,34.55692330984988,34.79411800385303,34.3974294855559,34.49148941040039,4262341.0
2015-02-05,DHR,34.704152667030925,35.0067813025521,34.67143455221211,34.957706451416016,3014943.0
2015-02-06,DHR,34.92498969501895,35.08857331219924,34.55692945772858,34.6755256652832,2941444.0
2015-02-09,DHR,34.47513961251068,34.798217111635076,34.39743872193732,34.53648376464844,2779865.0
2015-02-10,DHR,34.72868974465282,34.978153770522646,34.48740524767908,34.949527740478516,2885948.0
2015-02-11,DHR,34.92907919472473,35.13764789885725,34.82274996041826,35.03131866455078,3130547.0
2015-02-12,DHR,35.13356638622718,35.43210533686259,35.08449152202811,35.415748596191406,3040236.0
2015-02-13,DHR,35.3339440666091,35.54660251570431,35.25215342669186,35.501617431640625,2942634.0
2015-02-17,DHR,35.47707925541116,35.567051745666255,35.366662586579416,35.497528076171875,2855745.0
2015-02-18,DHR,35.497535946458534,35.812433929438455,35.35031136761582,35.76335906982422,2940105.0
2015-02-19,DHR,35.58750478987736,35.78380422091152,35.575237816257065,35.67747497558594,3287811.0
2015-02-20,DHR,35.640669802376536,35.9473882469954,35.399385275848914,35.857418060302734,5983316.0
2015-02-23,DHR,35.6856401466618,35.83695442395776,35.497520321129386,35.522056579589844,2881931.0
2015-02-24,DHR,35.40756035716833,35.632485795640555,35.37893200612229,35.595680236816406,3653223.0
2015-02-25,DHR,35.575232513359055,35.86150208743003,35.50570884144257,35.66929244995117,3471112.0
2015-02-26,DHR,35.632483508420584,36.02917438552141,35.587498423613695,35.91057586669922,3200922.0
2015-02-27,DHR,35.86967765001535,35.9310194654681,35.67337594885426,35.693824768066406,3297184.0
2015-03-02,DHR,35.665208533850425,35.92285212119818,35.665208533850425,35.77153778076172,3073861.0
2015-03-03,DHR,35.66928944364473,35.742900552559576,35.444361710766415,35.59976577758789,2428439.0
2015-03-04,DHR,35.002688844451185,35.37892856717562,34.94543446901661,35.21534729003906,7140255.0
2015-03-05,DHR,35.30123438028732,35.399384093600005,35.15400981031828,35.30941390991211,3369791.0
2015-03-06,DHR,35.15809781353842,35.223529405073506,34.7818557172964,34.85137939453125,4467662.0
2015-03-09,DHR,34.91681071438851,35.28487327855178,34.798214504971256,35.20717239379883,3489859.0
2015-03-10,DHR,34.875906743560996,34.92089182164861,34.618263244628906,34.618263244628906,3328727.0
2015-03-11,DHR,34.63870888398871,34.71232230025384,34.47512531980403,34.503753662109375,3119686.0
2015-03-12,DHR,34.58555697457042,35.064038553140314,34.57737744519605,34.99042510986328,3470963.0
2015-03-13,DHR,34.9822418903164,35.01496000436256,34.49967291905641,34.843196868896484,3558745.0
2015-03-16,DHR,34.96179218316157,35.51797689693258,34.89227083475921,35.497528076171875,6015751.0
2015-03-17,DHR,35.268521447289785,35.370758612625885,35.12947407456011,35.28078842163086,2872706.0
2015-03-18,DHR,35.174447970996304,35.89012414813565,34.867729609365156,35.693824768066406,4140339.0
2015-03-19,DHR,35.62023532616853,35.80017576031214,35.39530746239576,35.58342742919922,3875654.0
2015-03-20,DHR,35.72246143539708,35.80425441551951,35.56296988239805,35.64067077636719,5808050.0
2015-03-23,DHR,35.738821474407864,35.783806570215546,35.47708810881465,35.485267639160156,4177088.0
2015-03-24,DHR,35.383031080696774,35.46482406982929,35.141746520996094,35.141746520996094,3209998.0
2015-03-25,DHR,35.16426393516638,35.22570227809167,34.549861907958984,34.549861907958984,6106360.0
2015-03-26,DHR,34.508911318201115,34.795631409779084,34.35735887126792,34.53758239746094,3883390.0
2015-03-27,DHR,34.50071260943892,34.81610604735961,34.44746433648161,34.75466537475586,3154650.0
2015-03-30,DHR,34.816110180108375,35.123308930103285,34.80791777948948,35.06187057495117,2678990.0
2015-03-31,DHR,34.97584715407587,35.024999225260224,34.7546639961185,34.775142669677734,3739666.0
2015-04-01,DHR,34.7259965387681,34.750573740936694,34.26724302099104,34.36554718017578,4012980.0
2015-04-02,DHR,34.439269538762,34.623589218994205,34.238565060377816,34.48432540893555,2937724.0
2015-04-06,DHR,34.31639088854377,34.96356256927755,34.205800466593566,34.80381774902344,2436920.0
2015-04-07,DHR,34.68912591174255,35.22160860154989,34.6604548398657,34.951271057128906,3923562.0
2015-04-08,DHR,34.96356122655682,35.07005776930307,34.77104681482665,34.95946502685547,3493876.0
2015-04-09,DHR,34.85296800363238,35.05776868689882,34.77923873476892,35.004520416259766,2445549.0
2015-04-10,DHR,35.156067750806564,35.16426014891298,34.7464664434381,34.80790710449219,4300430.0
2015-04-13,DHR,34.955379983029516,35.05368415774646,34.68504234018533,34.91032409667969,3531220.0
2015-04-14,DHR,34.78743648454328,35.05367787868781,34.65636504998084,35.012718200683594,3430345.0
2015-04-15,DHR,34.91851053835494,35.13150133072217,34.91851053835494,35.06187057495117,3396720.0
2015-04-16,DHR,34.91031471266073,35.13559408385399,34.85706643860695,34.99633026123047,4306232.0
2015-04-17,DHR,34.713695652737066,34.73417664729614,34.30000048533973,34.49660873413086,5578626.0
2015-04-20,DHR,34.73827695609051,34.88982935952582,34.627684221875285,34.78333282470703,3998251.0
2015-04-21,DHR,34.86525591399843,35.020906858319584,34.81610616544214,34.89802551269531,3911510.0
2015-04-22,DHR,34.85296213438266,34.984033526713176,34.664543956681015,34.91849899291992,6511943.0
2015-04-23,DHR,34.63588821988524,34.873456240716344,34.26315254793825,34.68913650512695,11351265.0
2015-04-24,DHR,34.56624480176856,34.62768314130936,34.01737734721643,34.11977767944336,8870306.0
2015-04-27,DHR,34.414698021152574,34.52938464516337,34.005096625378755,34.03376770019531,6667422.0
2015-04-28,DHR,33.92726396890382,34.111585952827774,33.82486364163855,34.1033935546875,3698155.0
2015-04-29,DHR,33.98052253699109,34.08292289531026,33.83716250029321,33.91498565673828,4950761.0
2015-04-30,DHR,33.87403061512225,33.92727890172677,33.41937324091987,33.53815841674805,4374524.0
2015-05-01,DHR,33.6241618789083,33.8904032160683,33.56272121267996,33.800289154052734,3861519.0
2015-05-04,DHR,33.833043925462626,34.07880415795316,33.8043705422385,33.86990737915039,2819739.0
2015-05-05,DHR,33.878115806046296,33.984612344645335,33.681507527015555,33.75114059448242,4275434.0
2015-05-06,DHR,33.86582247603561,33.97641519872561,33.53404663270964,33.726558685302734,4597996.0
2015-05-07,DHR,33.69789054999622,34.189411221680025,33.67740955336596,34.07472229003906,5586363.0
2015-05-08,DHR,34.34505435387494,34.578526054568435,34.299998493205806,34.41878128051758,3787723.0
2015-05-11,DHR,34.34097299002537,34.459758153394546,34.22628402709961,34.22628402709961,3362649.0
2015-05-12,DHR,34.119777718983265,35.36906270349715,34.10748912116319,35.22570037841797,14476308.0
2015-05-13,DHR,36.864103751103855,36.9665040780471,35.41411670241347,35.77865982055664,28088780.0
2015-05-14,DHR,36.03672372243707,36.1923747018483,35.803251902810295,35.9793815612793,14235130.0
2015-05-15,DHR,35.95478392559831,36.07766522909841,35.3649592481828,35.41001510620117,12002341.0
2015-05-18,DHR,35.455082183009544,35.88106835687489,35.455082183009544,35.74180221557617,6966476.0
2015-05-19,DHR,35.74588877519468,35.81552182706508,35.373153298327914,35.42639923095703,5368247.0
2015-05-20,DHR,35.43460437572072,35.733613034404186,35.2666694706828,35.64350128173828,6115733.0
2015-05-21,DHR,35.631207070747465,35.74998987290029,35.500133346293396,35.59434127807617,5676228.0
2015-05-22,DHR,35.61483452469585,35.864691137247725,35.463282076926845,35.47557067871094,4371250.0
2015-05-26,DHR,35.455079450643275,35.59843945587846,35.213415308975705,35.29943084716797,4009112.0
2015-05-27,DHR,35.29533700123084,35.82372351334563,35.23799253036421,35.80733871459961,5321529.0
2015-05-28,DHR,35.77867040081678,35.84011108010042,35.545198609232656,35.76638412475586,4690837.0
2015-05-29,DHR,35.67626681389991,35.790953429329754,35.22570345246457,35.35677719116211,4528365.0
2015-06-01,DHR,35.43050028488066,35.70083780741605,35.246180620500795,35.59434127807617,4277219.0
2015-06-02,DHR,35.410006889709344,35.60251887241137,35.27483702227514,35.54927062988281,3699048.0
2015-06-03,DHR,35.565677160085734,35.81553373552888,35.496044085062714,35.733612060546875,3540891.0
2015-06-04,DHR,35.455088485003174,35.594352326311004,35.065968039534724,35.14379119873047,4088265.0
2015-06-05,DHR,35.07006218677493,35.22161462058134,35.004525308042645,35.1806526184082,2977896.0
2015-06-08,DHR,35.0577657687896,35.14787750398753,34.75466096876441,34.77923583984375,4745440.0
2015-06-09,DHR,34.82839244020896,35.13968967936223,34.69322481981787,34.89802551269531,3921032.0
2015-06-10,DHR,35.00452638205543,35.27076778062601,34.898029822627194,35.23390197753906,3555026.0
2015-06-11,DHR,35.32811815591718,35.38955652182476,35.12331507882624,35.197044372558594,3411004.0
2015-06-12,DHR,35.15197559878173,35.18064667071102,34.78333391475978,34.83658218383789,4771031.0
2015-06-15,DHR,34.6522617647425,34.71370010681482,34.45565349072477,34.59491729736328,3598322.0
2015-06-16,DHR,34.54987176631383,34.75467250048685,34.54167936498771,34.66455841064453,2841462.0
2015-06-17,DHR,34.68504343888812,34.86117311360318,34.57854685878046,34.70552444458008,4090050.0
2015-06-18,DHR,34.80381790816554,35.40183519332987,34.72599243523969,35.20522689819336,5149535.0
2015-06-19,DHR,35.20523120290226,35.34039884115006,35.078253640666134,35.16017532348633,6211699.0
2015-06-22,DHR,35.3281135559082,35.50424087813503,35.28715155097649,35.3281135559082,3765256.0
2015-06-23,DHR,35.28714259736123,35.38135053531047,35.09053432255513,35.11101531982422,3368898.0
2015-06-24,DHR,35.10897140349357,35.25255757440063,35.006409520215406,35.043331146240234,4356818.0
2015-06-25,DHR,35.16639681388092,35.199215769413755,34.82588996342891,35.04742431640625,3791889.0
2015-06-26,DHR,35.2238421688436,35.2935827610657,35.01871839706214,35.18281555175781,15252807.0
2015-06-29,DHR,34.92845228148341,35.092551718143056,34.69461227234154,34.768455505371094,8927290.0
2015-06-30,DHR,34.98179473738716,35.23204779007838,34.891540835859246,35.113075256347656,8359682.0
2015-07-01,DHR,35.28127526519621,35.42076110839844,35.15820239746776,35.42076110839844,8434966.0
2015-07-02,DHR,35.49458910012626,35.662791174945376,35.39612991691773,35.609458923339844,5627278.0
2015-07-06,DHR,35.252553243901914,35.42485802487119,35.166402017623035,35.22793960571289,10741701.0
2015-07-07,DHR,35.36741760164035,35.798175994504646,34.94486220128993,35.72023010253906,7427109.0
2015-07-08,DHR,35.53972452330588,35.59305678765419,35.14178503539002,35.17460632324219,7626924.0
2015-07-09,DHR,35.53152152975429,35.638183730039465,35.16640100127915,35.17460632324219,7669625.0
2015-07-10,DHR,35.465883104120756,35.658698866510136,35.305886302857786,35.54793167114258,6925114.0
2015-07-13,DHR,35.761252547485995,36.142783652084866,35.6915096516057,36.10175704956055,7348253.0
2015-07-14,DHR,36.20431680563306,36.520207656338535,36.14688189383108,36.4955940246582,20880532.0
2015-07-15,DHR,36.565341030378505,36.59405965554476,36.2207338272627,36.237144470214844,9009715.0
2015-07-16,DHR,36.38071832631411,36.45046120689967,36.101749132382395,36.38892364501953,6482186.0
2015-07-17,DHR,36.29869503931802,36.4135625958448,36.20023347479026,36.397151947021484,3060024.0
2015-07-20,DHR,36.397139014549055,36.446370943526134,36.26996351659223,36.33970642089844,4340452.0
2015-07-21,DHR,36.22483228623983,36.32329147570967,35.95817101125443,36.01560592651367,5638883.0
2015-07-22,DHR,35.98689185969753,36.22073421059512,35.90894596167256,36.04432678222656,5701223.0
2015-07-23,DHR,36.51202605427444,36.77458482374954,36.19203466410041,36.53253936767578,10639040.0
2015-07-24,DHR,36.44638395297264,36.53663786482389,35.91306114946589,36.01152038574219,5679352.0
2015-07-27,DHR,35.86382500070823,36.052538114472085,35.498704429165144,35.781776428222656,4495187.0
2015-07-28,DHR,36.085346157277314,36.269956541795075,35.91714408418524,36.26585388183594,6166915.0
2015-07-29,DHR,36.4750906603555,37.32840459297481,36.25355627283225,37.29558563232422,8904823.0
2015-07-30,DHR,37.13968970137643,37.759163561577,37.13968970137643,37.68531799316406,6871403.0
2015-07-31,DHR,37.726347695587705,37.816601586727614,37.459686355027394,37.56224822998047,5052975.0
2015-08-03,DHR,37.545837600474336,37.681218437240375,37.15200074558285,37.467891693115234,3509201.0
2015-08-04,DHR,37.439178587909254,37.915066410055765,37.36533533092822,37.64430236816406,3721812.0
2015-08-05,DHR,37.90683828468035,38.120167260370195,37.7386362340925,37.849403381347656,3206427.0
2015-08-06,DHR,37.878139647956395,38.00531516370411,37.45558415908138,37.566349029541016,2468462.0
2015-08-07,DHR,37.37763530647376,37.5458374326701,37.02892539872946,37.35712432861328,2514585.0
2015-08-10,DHR,37.611464175056255,37.91914735974283,37.6032588554946,37.72222900390625,2653548.0
2015-08-11,DHR,37.37763530647376,37.5458374326701,37.2914840769542,37.35712432861328,3158221.0
2015-08-12,DHR,37.06993790990172,37.0945538696105,36.577641999834775,37.041221618652344,4468257.0
2015-08-13,DHR,37.078161464324445,37.254568943759494,36.89355098936321,37.09867477416992,3126679.0
2015-08-14,DHR,37.1848203856727,37.32840654760353,37.0248235783515,37.29969024658203,2181459.0
2015-08-17,DHR,37.11917272918927,37.60736837647858,36.99199723801369,37.59916305541992,1845656.0
2015-08-18,DHR,37.42686293585401,37.660705301355534,37.42686293585401,37.54173278808594,2032825.0
2015-08-19,DHR,37.295583501897156,37.533526191947985,37.069946466130155,37.18071365356445,3477956.0
2015-08-20,DHR,36.91815147409259,37.00430501632402,36.37252323921241,36.41354751586914,5134062.0
2015-08-21,DHR,36.20432556755078,36.30688743593044,35.66690258801533,35.67100524902344,6340694.0
2015-08-24,DHR,33.915147273769776,35.36742415092002,33.915147273769776,34.48128890991211,9028462.0
2015-08-25,DHR,35.31409087844479,35.31409087844479,34.11616738910728,34.1448860168457,5965760.0
2015-08-26,DHR,34.961279151494104,35.580753052177734,34.39924017923808,35.55613708496094,7173433.0
2015-08-27,DHR,35.84741277592315,36.40124876524773,35.642289025332296,36.29048156738281,6010692.0
2015-08-28,DHR,36.13458242714776,36.24124694897848,35.810486200938165,36.12637710571289,4827568.0
2015-08-31,DHR,35.76126752057456,36.20843671961807,35.21974175304051,35.699729919433594,5238656.0
2015-09-01,DHR,34.95717492527387,35.27306585327758,34.58795173243301,34.78487014770508,7784783.0
2015-09-02,DHR,35.1581907612649,35.40433874366681,34.80948092549459,35.39613342285156,5117696.0
2015-09-03,DHR,35.671006836342485,35.93766817167801,35.46588309045539,35.64228820800781,4475547.0
2015-09-04,DHR,35.1499968836251,35.363325980626996,35.01051336958997,35.113075256347656,4232733.0
2015-09-08,DHR,35.72844302057552,35.921258789668734,35.35101447664722,35.90895080566406,4464984.0
2015-09-09,DHR,36.10176334455162,36.26176013706166,35.37562727942194,35.44947052001953,4063269.0
2015-09-10,DHR,35.42075703607747,35.58485650259413,35.14589037145178,35.30178451538086,5159355.0
2015-09-11,DHR,35.293579596936105,35.629983856409126,35.203325704262525,35.62588119506836,4563925.0
2015-09-14,DHR,35.6997298610131,35.810497077203166,35.42486547993168,35.59716796875,5893749.0
2015-09-15,DHR,35.79817160219196,36.32739145281215,35.65048282889557,36.26585388183594,5060861.0
2015-09-16,DHR,36.17150430503618,36.67200563204571,36.10996672224388,36.62277603149414,4709137.0
2015-09-17,DHR,36.59816674748869,36.680215315360996,36.0689467323187,36.15509796142578,5630849.0
2015-09-18,DHR,35.744838648675284,35.748941308553796,35.06382970659365,35.36741256713867,13925215.0
2015-09-21,DHR,35.478191101440366,35.71203114743124,35.20332444351112,35.453575134277344,5888095.0
2015-09-22,DHR,35.100770995048045,35.264870496952454,34.85462290639749,35.10487365722656,7476505.0
2015-09-23,DHR,35.1704976144883,35.33459471188585,35.031011821924906,35.14588165283203,4489235.0
2015-09-24,DHR,34.90793767601978,34.95716726905567,34.5058956114915,34.87921905517578,5499473.0
2015-09-25,DHR,35.273066018661694,35.486392750598995,34.92025113983163,34.989994049072266,7870482.0
2015-09-28,DHR,34.79717976936833,34.93666326535243,33.76335571209556,33.80438232421875,8739972.0
2015-09-29,DHR,34.005403904854035,34.304886556159886,33.88643370505406,34.13668441772461,7125971.0
2015-09-30,DHR,34.56197578561979,35.04685315652809,34.44691926865351,35.013980865478516,8019414.0
2015-10-01,DHR,35.03863367548112,35.235872081523524,34.57019362722797,35.063289642333984,4998520.0
2015-10-02,DHR,34.59895431547285,35.60980224609375,34.455134848203244,35.60980224609375,4602906.0
2015-10-05,DHR,35.835800087814974,36.24260479024456,35.70841561927915,36.17274856567383,4906275.0
2015-10-06,DHR,36.024831919383345,36.13166978953341,35.55228016021118,35.84402847290039,5583090.0
2015-10-07,DHR,36.12754899790991,36.47682546309933,36.02071116165978,36.341224670410156,4007475.0
2015-10-08,DHR,36.24262006946268,36.59189667517573,36.14811017603162,36.52614974975586,4791117.0
2015-10-09,DHR,36.50149277069367,36.73160349031622,36.28370770355073,36.369998931884766,5868902.0
2015-10-12,DHR,36.33712296018812,36.780909373807965,36.304248337715826,36.76858139038086,3479593.0
2015-10-13,DHR,36.550806283044274,36.87953625080415,36.46040571682498,36.6494255065918,3476766.0
2015-10-14,DHR,36.63298867934902,36.72338924677112,36.20563715015996,36.259056091308594,5418982.0
2015-10-15,DHR,36.35356198023328,36.62887296320906,36.14810490890437,36.59600067138672,3113437.0
2015-10-16,DHR,36.698714715199884,36.75213362593877,36.296019387565686,36.54667663574219,4634002.0
2015-10-19,DHR,36.41929704579541,36.632972717285156,36.29602423453221,36.632972717285156,2579306.0
2015-10-20,DHR,36.50969850976367,36.91239154357875,36.369986063936004,36.74802780151367,3586121.0
2015-10-21,DHR,36.92882913274053,36.96581307396276,36.56722469948511,36.620643615722656,7507898.0
2015-10-22,DHR,36.36176573389255,38.87655932431416,36.197399667211215,38.61768341064453,10589644.0
2015-10-23,DHR,38.724537434311635,38.724537434311635,37.82874351214979,38.14104080200195,7618890.0
2015-10-26,DHR,38.14104670169519,38.268428902124484,37.85751466608871,37.960243225097656,3626739.0
2015-10-27,DHR,37.693130632499255,37.853387388428665,37.52054822780193,37.66436767578125,3947665.0
2015-10-28,DHR,37.71367636783524,38.071171481859615,37.5534196157285,38.05062484741211,3912998.0
2015-10-29,DHR,37.91502964445346,38.2766341386596,37.7219005809625,38.2314338684082,3462334.0
2015-10-30,DHR,38.215005965954084,38.59715719171138,37.93558328847401,38.34238815307617,5979894.0
2015-11-02,DHR,38.42456134958249,39.3532273457288,38.36703309921473,39.254608154296875,5635164.0
2015-11-03,DHR,39.11899825920709,39.40663712916204,38.99572545730973,39.32445526123047,4796622.0
2015-11-04,DHR,39.308027139579366,39.48061423339059,39.040934840295066,39.369667053222656,4308166.0
2015-11-05,DHR,39.40664635483729,39.56279613841424,39.26282921838456,39.299808502197266,4268292.0
2015-11-06,DHR,39.114896287037745,39.37788391113281,39.057368035791306,39.37788391113281,2984591.0
2015-11-09,DHR,39.238175797977405,39.42308622220455,38.971081149053084,39.19708251953125,2873599.0
2015-11-10,DHR,39.08202070399521,39.2299494809264,38.85191005061159,39.077911376953125,3326346.0
2015-11-11,DHR,39.11900815330571,39.48883364911852,39.045044919899176,39.08613586425781,3026250.0
2015-11-12,DHR,38.8724539212792,39.26282366057318,38.65055959225303,38.66288757324219,3193185.0
2015-11-13,DHR,38.5519399918108,38.745071361968314,38.33826665128282,38.436885833740234,3230232.0
2015-11-16,DHR,38.46566398104257,39.123126234468074,38.43690101321454,39.098472595214844,3577343.0
2015-11-17,DHR,39.06969548323308,39.480611891111494,38.90122239138312,39.18064498901367,3283348.0
2015-11-18,DHR,39.2135486887227,39.92032094738848,39.1190387431356,39.87101364135742,3019257.0
2015-11-19,DHR,39.77236729268638,40.002475671524245,39.694290059326015,39.838111877441406,4849886.0
2015-11-20,DHR,39.940829055279835,40.11341145642175,39.86686583541747,40.002464294433594,2886989.0
2015-11-23,DHR,39.99837052458103,40.08466642310532,39.71073152267318,39.94495391845703,1961706.0
2015-11-24,DHR,39.587448101147665,39.76825385321503,39.40664701347037,39.65730667114258,3488817.0
2015-11-25,DHR,39.79292005868465,39.88742995448952,39.62444224620454,39.78881072998047,2108704.0
2015-11-27,DHR,39.94084178153277,39.977825735442664,39.71894738685479,39.797019958496094,1296497.0
2015-11-30,DHR,39.80934947032553,39.90796868681118,39.55458510456714,39.608001708984375,4448618.0
2015-12-01,DHR,39.83811512310352,40.060009528266754,39.603892732721114,39.714839935302734,4856879.0
2015-12-02,DHR,39.60388939788158,39.776476512026385,39.373781019672734,39.43952560424805,3080705.0
2015-12-03,DHR,39.43952702906013,39.57513019556051,38.72042724325141,38.85192108154297,4896158.0
2015-12-04,DHR,38.95876451127457,39.735392717153175,38.851928952786835,39.6655387878418,6791656.0
2015-12-07,DHR,39.66963360081059,39.73948750456075,39.42719260486898,39.571014404296875,3392555.0
2015-12-08,DHR,38.89712646550373,39.406657576132616,38.72865098341308,39.353240966796875,5642900.0
2015-12-09,DHR,39.07790667323671,39.6079841437206,38.70808360932614,38.81903076171875,4132602.0
2015-12-10,DHR,38.88479815775703,39.21763745824251,38.75330430329203,38.89301681518555,3395977.0
2015-12-11,DHR,38.457433189684686,38.67110887937236,38.06706575581323,38.22321319580078,4384790.0
2015-12-14,DHR,38.36703872680664,38.53551417529563,38.0341994899525,38.36703872680664,4429871.0
2015-12-15,DHR,38.64646450038291,38.74919304254313,37.96845565568634,38.034202575683594,7545689.0
2015-12-16,DHR,38.21910146726877,38.79027226891116,37.96844418002048,38.679325103759766,5505574.0
2015-12-17,DHR,38.94887008346643,39.02705478268625,37.80488752092445,37.81311798095703,5236574.0
2015-12-18,DHR,37.57446009072328,37.965388401207534,37.49215779577427,37.54153823852539,9510966.0
2015-12-21,DHR,37.71846809933979,38.06001580328172,37.677318139371835,38.05590057373047,4360389.0
2015-12-22,DHR,38.236963183379885,38.28222837232616,37.747271892880114,38.16289138793945,3004974.0
2015-12-23,DHR,38.30279533157182,38.66491911389944,38.22049542740178,38.566158294677734,2448228.0
2015-12-24,DHR,38.45095875680608,38.63613480460868,38.422152140586356,38.43449783325195,983011.0
2015-12-28,DHR,38.34807586976987,38.49621714890657,38.21639317572953,38.43860626220703,1907698.0
2015-12-29,DHR,38.68138854016391,38.924175412876565,38.557936321201055,38.7513427734375,2471289.0
2015-12-30,DHR,38.714315350740904,38.792502393656676,38.3275023732426,38.413917541503906,1883893.0
2015-12-31,DHR,38.23284663411626,38.54970528134704,38.16289007058983,38.22050094604492,2588084.0
2016-01-04,DHR,37.47157105495355,37.817234035040244,37.418075399120916,37.72670364379883,6533368.0
2016-01-05,DHR,37.75138093663471,37.91186785417197,37.48801796956413,37.79664611816406,4241809.0
2016-01-06,DHR,37.35634994506836,37.61559776861373,37.064182615636796,37.35634994506836,5480280.0
2016-01-07,DHR,36.743196286414644,37.03536351733749,36.27819645288643,36.39753341674805,6710569.0
2016-01-08,DHR,36.50041978674954,36.90369363798591,36.331702365226946,36.41811752319336,4980666.0
2016-01-11,DHR,36.56213556177067,36.665011610466784,36.051868211537304,36.39753341674805,4957903.0
2016-01-12,DHR,36.88312168070095,36.88312168070095,35.96546733622208,36.438697814941406,4311291.0
2016-01-13,DHR,36.693823133175094,36.71028405159598,35.54984068490526,35.603336334228516,4427193.0
2016-01-14,DHR,35.62391942771125,36.13006941238934,35.311175930007785,35.92843246459961,4584010.0
2016-01-15,DHR,35.36467381897689,35.55808031814291,35.00666509976831,35.05604553222656,7239939.0
2016-01-19,DHR,35.533383380319,35.64037468281445,34.83382468434531,35.2288703918457,4997033.0
2016-01-20,DHR,34.75564639164423,35.24533546702971,34.36060294692685,34.97785949707031,7040867.0
2016-01-21,DHR,34.809142745546595,35.00666447183653,34.50462969492542,34.74330139160156,5724731.0
2016-01-22,DHR,35.20417567912065,35.270017013392305,34.86262799076084,35.12187576293945,5287160.0
2016-01-25,DHR,35.13011639065284,35.24533583954978,34.66511635787488,34.72272491455078,4634745.0
2016-01-26,DHR,34.10957886314177,34.957278871259135,33.43471384328937,34.84617233276367,9746639.0
2016-01-27,DHR,34.84616931724784,35.2124084053729,34.42232168541288,34.66922378540039,7226995.0
2016-01-28,DHR,34.88732695020607,35.01077919512103,34.566355317408416,34.759761810302734,5312007.0
2016-01-29,DHR,34.99431201338216,35.685640257263415,34.77210128204634,35.65683364868164,6736457.0
2016-02-01,DHR,35.56217399679911,35.61155439933098,35.10540468949337,35.37288284301758,4059996.0
2016-02-02,DHR,34.9161267262507,35.039576611445106,34.58280713158198,34.718605041503906,4005244.0
2016-02-03,DHR,35.0272394260398,35.17126783038361,34.319452438681786,34.994319915771484,3660513.0
2016-02-04,DHR,34.920247908430895,35.67741527420742,34.899671756285436,35.57453918457031,4563925.0
2016-02-05,DHR,35.40170907335228,35.53339178551601,34.837948154792834,34.994319915771484,4499055.0
2016-02-08,DHR,34.784450865703,34.9161335717143,34.10135529462053,34.623966217041016,6691078.0
2016-02-09,DHR,34.26595627734943,35.360558588309935,34.175425873766855,35.05604553222656,3834887.0
2016-02-10,DHR,35.274133568080146,35.730903024691024,34.990194409052286,35.064266204833984,3224578.0
2016-02-11,DHR,34.405859243072186,34.82970685613503,34.09723104787071,34.39762878417969,4251926.0
2016-02-12,DHR,34.714489843042855,34.96139194919873,34.471700631073624,34.94493103027344,3831763.0
2016-02-16,DHR,35.46342305696284,35.71444036762324,35.3111665788395,35.59098815917969,4265168.0
2016-02-17,DHR,35.81731663497397,35.986034031336295,35.65271446795301,35.82966232299805,3851104.0
2016-02-18,DHR,35.640380533050624,35.879052220193486,35.58688487302179,35.665069580078125,2569783.0
2016-02-19,DHR,35.62391414584719,35.79674679070368,35.40170107896665,35.65683364868164,3908088.0
2016-02-22,DHR,36.00661716653009,36.24529118795647,35.94489104596999,36.109493255615234,3387942.0
2016-02-23,DHR,35.93665612318329,36.16709730466199,35.706212606159966,35.93254089355469,2710979.0
2016-02-24,DHR,35.73501458195856,36.014836147168324,35.52103201118385,35.883155822753906,4086033.0
2016-02-25,DHR,35.883165444526405,36.327589286080986,35.76794367005282,36.319358825683594,3161345.0
2016-02-26,DHR,36.43868922460409,36.7349717319292,36.335813159376386,36.652671813964844,4624777.0
2016-02-29,DHR,36.566267888083964,36.9860027635184,36.467507015692966,36.7349853515625,6536790.0
2016-03-01,DHR,36.98187837975959,37.3563479572981,36.887232761771195,37.28227615356445,5845543.0
2016-03-02,DHR,37.187622912564244,37.685542280198305,37.092977313977045,37.237003326416016,4983345.0
2016-03-03,DHR,37.38927211353498,37.504493895659245,37.14648519341572,37.37692642211914,3910766.0
2016-03-04,DHR,37.438640237053896,37.648507579956394,37.13824252461739,37.32753372192383,5129003.0
2016-03-07,DHR,37.13002096984516,37.257588432041686,36.99422538298152,37.13413619995117,4991230.0
2016-03-08,DHR,36.97776545256929,37.0559524911319,36.53745683934181,36.60329818725586,4489533.0
2016-03-09,DHR,36.8008203993425,36.80493562961504,36.33582039845096,36.40577697753906,3914486.0
2016-03-10,DHR,36.693831893811186,36.858434110684875,36.344053642670325,36.71029281616211,4191074.0
2016-03-11,DHR,37.10533143183447,37.401613982261914,36.961305386672095,37.28639221191406,4264275.0
2016-03-14,DHR,37.26581528682935,37.77608041515809,37.05594791390685,37.6443977355957,4120551.0
2016-03-15,DHR,37.54562634560599,37.92421102355721,37.48801548142576,37.73903274536133,4001971.0
2016-03-16,DHR,37.7143529579973,37.739041999817985,37.381033376833706,37.56621170043945,3518276.0
2016-03-17,DHR,37.61147734361556,38.61143142807548,37.545636005392126,38.496212005615234,6416573.0
2016-03-18,DHR,38.689627386043064,39.21223831176758,38.49210566132249,39.21223831176758,10904470.0
2016-03-21,DHR,39.09289301510641,39.20399954561105,38.8130690740005,39.035282135009766,3277396.0
2016-03-22,DHR,38.66430089905381,39.22489432477765,38.60247284046557,39.130088806152344,3981885.0
2016-03-23,DHR,39.14245090845087,39.15893963758237,38.91162039806242,39.092987060546875,2885948.0
2016-03-24,DHR,38.91986483418901,39.09298713242604,38.79620404445641,39.06825637817383,4444898.0
2016-03-28,DHR,39.060016274178004,39.25787168773941,38.9610885673973,39.150699615478516,3004528.0
2016-03-29,DHR,39.13421192374302,39.35680043965592,38.911625747320954,39.266117095947266,3010033.0
2016-03-30,DHR,39.41862351282447,39.52579557436284,39.13420696915838,39.17130661010742,3615729.0
2016-03-31,DHR,39.224899061824225,39.241385454343124,39.01055490366026,39.10123825073242,3218478.0
2016-04-01,DHR,38.891011256111916,39.484579797456504,38.64781418780986,39.41862487792969,3000213.0
2016-04-04,DHR,39.13010008097318,39.13010008097318,38.57775086110648,38.64370346069336,4329294.0
2016-04-05,DHR,38.39637507507877,38.5200335381931,38.27271427247369,38.445838928222656,3071332.0
2016-04-06,DHR,38.37164407826994,38.701404676932526,38.264472000679135,38.68079376220703,3824323.0
2016-04-07,DHR,38.33454237103657,38.540642136670876,38.10783169304259,38.44995880126953,3745022.0
2016-04-08,DHR,38.63957687957976,38.829187949885394,38.33042717478177,38.41286849975586,2252875.0
2016-04-11,DHR,38.429352715119414,38.594233016231726,38.19439998216528,38.20264434814453,2817359.0
2016-04-12,DHR,38.30570125947293,38.63545958260085,38.227382107817036,38.53240966796875,2252726.0
2016-04-13,DHR,38.68080520697741,38.89927160974335,38.573633097676826,38.84980773925781,2655334.0
2016-04-14,DHR,39.006431783502435,39.08474857968562,38.75911250675176,38.767356872558594,2547168.0
2016-04-15,DHR,38.80856252818872,38.89924584075669,38.66017101503477,38.79619598388672,2186220.0
2016-04-18,DHR,38.82094698050473,38.99819150596915,38.7508722032914,38.8951416015625,2719459.0
2016-04-19,DHR,39.02704059775787,39.13421267492192,38.93635725230856,39.088871002197266,2992030.0
2016-04-20,DHR,39.022911434088,39.2619862893967,38.83742026507253,39.12596130371094,3989175.0
2016-04-21,DHR,39.38978731343666,40.172964810116,39.138343457502025,39.56703186035156,5564194.0
2016-04-22,DHR,39.36504818590773,39.85968677542466,39.36092600270417,39.74427032470703,3654859.0
2016-04-25,DHR,39.65770224318958,39.810218316152294,39.49694648423818,39.756629943847656,3172207.0
2016-04-26,DHR,39.7071815844632,39.82671555815584,39.54229890943462,39.71954345703125,2783882.0
2016-04-27,DHR,39.77723282541298,40.11523768399513,39.628838964895344,40.061649322509766,3936208.0
2016-04-28,DHR,39.81845351775207,40.19768022671689,39.632964684780745,39.71540832519531,3563358.0
2016-04-29,DHR,39.52169026522662,39.983356167102805,39.488717471509084,39.880306243896484,4271714.0
2016-05-02,DHR,39.8720577340318,40.22242930813185,39.73190816859526,40.144107818603516,3375742.0
2016-05-03,DHR,39.86792198577161,40.02456023255133,39.73601683253305,39.93387222290039,3122662.0
2016-05-04,DHR,39.4474812032011,39.82670328462995,39.3320647699442,39.53404235839844,4279302.0
2016-05-05,DHR,39.72365385032022,39.797853137601905,39.480459112285594,39.61648178100586,3191995.0
2016-05-06,DHR,39.600014191051116,40.06167544225199,39.480475524164724,40.0286979675293,3250169.0
2016-05-09,DHR,39.98333880562816,40.139972374976814,39.81845619270315,40.00807189941406,2016756.0
2016-05-10,DHR,40.18533097291797,40.53569787952434,40.06579232185856,40.52745819091797,2821822.0
2016-05-11,DHR,40.51507865417672,40.71705623740934,40.30485670599736,40.35844039916992,2840123.0
2016-05-12,DHR,40.412042161882006,40.54394268677268,40.13998738645657,40.44501495361328,2776890.0
2016-05-13,DHR,40.391418774902526,40.58927418014849,40.016318877244835,40.1358528137207,3580616.0
2016-05-16,DHR,40.27599719667069,40.774757828634755,40.098752726902305,40.6634635925293,3552496.0
2016-05-17,DHR,40.6799503492086,40.84482826486578,40.428506614901856,40.576900482177734,2820483.0
2016-05-18,DHR,40.48210424116694,40.67171529125002,40.23890481489687,40.53157043457031,2877765.0
2016-05-19,DHR,40.29660993375457,40.46973222933138,39.99570466811822,40.38317108154297,4228270.0
2016-05-20,DHR,40.57691745843623,40.97262836475236,40.42028384092879,40.7047004699707,3562019.0
2016-05-23,DHR,40.52744283863178,40.82834810469965,40.39553768615597,40.74178695678711,2831642.0
2016-05-24,DHR,40.803625321423695,41.34772543977848,40.68408668544234,41.20758056640625,4607518.0
2016-05-25,DHR,41.17459372274971,41.42603748727025,41.042688566985774,41.07978820800781,3082639.0
2016-05-26,DHR,41.096274612892316,41.20344666857977,40.81185808475358,40.890174865722656,2355238.0
2016-05-27,DHR,40.927291075334956,40.97263041784007,40.7294356122626,40.770652770996094,3557853.0
2016-05-31,DHR,40.61400333585235,40.67995357154316,40.31309807460539,40.54392623901367,8018522.0
2016-06-01,DHR,40.543935185801786,40.832944076668674,40.329241795648024,40.7255973815918,3866875.0
2016-06-02,DHR,40.494388394256156,40.758628575955555,40.3870463857846,40.7255973815918,2445698.0
2016-06-03,DHR,40.5356787553868,40.634767655217225,40.320985357986615,40.58109664916992,3418889.0
2016-06-06,DHR,40.585220194012194,41.00634913438144,40.585220194012194,40.88661575317383,3476915.0
2016-06-07,DHR,40.948560079861295,41.24169795241672,40.886631259628075,41.060035705566406,2811705.0
2016-06-08,DHR,40.981590019097965,41.41097690684652,40.97746111876936,41.353172302246094,3392703.0
2016-06-09,DHR,41.27057543347849,41.48939765282241,41.18387326265623,41.4481086730957,2649085.0
2016-06-10,DHR,41.150835826244425,41.233409086547496,40.93201364014927,41.00220489501953,2555500.0
2016-06-13,DHR,40.903137994616465,41.1137024990133,40.486137885383734,40.49851989746094,3397167.0
2016-06-14,DHR,40.43246060486413,40.808176390353154,40.25492730391974,40.733856201171875,2900677.0
2016-06-15,DHR,40.84532419774506,40.870097589528925,40.53979975889106,40.548057556152344,3172951.0
2016-06-16,DHR,40.38704820487875,40.9815816105731,40.32098581317569,40.90313720703125,3068058.0
2016-06-17,DHR,40.87424199066631,40.9279130066161,40.31273499695689,40.362281799316406,7916159.0
2016-06-20,DHR,40.865980388386326,41.130215916568716,40.75863367986718,40.76689147949219,3906898.0
2016-06-21,DHR,40.9320289543599,40.99396243771118,40.75449567529596,40.88661575317383,2457452.0
2016-06-22,DHR,40.97746455666978,41.11783780640617,40.84534442167651,40.89076232910156,2661731.0
2016-06-23,DHR,41.24169655868862,41.46877670288086,41.09719442082555,41.46877670288086,3487329.0
2016-06-24,DHR,40.31684860604538,41.29122650343641,40.31684860604538,40.548057556152344,11738102.0
2016-06-27,DHR,40.26319160083315,40.58110284604474,39.98244045620951,40.18061828613281,7354651.0
2016-06-28,DHR,40.354025010684325,40.539816150977984,40.04024264769259,40.51091384887695,5048214.0
2016-06-29,DHR,40.74625144269954,41.42335827986091,40.74625144269954,41.33252716064453,4484028.0
2016-06-30,DHR,41.37793020021592,41.69997024536133,41.361414605089784,41.69997024536133,6500636.0
2016-07-01,DHR,41.84034741223789,42.439014359505535,41.70823201186624,42.24496078491211,6205747.0
2016-07-05,DHR,65.58229131042596,68.10664367675781,65.51452267883744,68.10664367675781,17648801.0
2016-07-06,DHR,67.97957697824691,68.65725599892018,67.53908816633908,68.29300689697266,10769354.0
2016-07-07,DHR,68.69114361085714,68.83515195880406,67.80168757538804,68.36077880859375,4682215.0
2016-07-08,DHR,68.6149024806724,68.85209269592345,68.18288473583614,68.49630737304688,5748514.0
2016-07-11,DHR,68.68270281920866,68.73352931736805,67.77631151554331,67.83560180664062,6332366.0
2016-07-12,DHR,67.97961504471108,68.4370462705351,67.97961504471108,68.05585479736328,4183414.0
2016-07-13,DHR,68.3692884245381,68.84366918280298,68.19140293027911,68.64883422851562,3393926.0
2016-07-14,DHR,69.22483105955432,69.29259971027352,68.32691101769923,68.51326751708984,3289586.0
2016-07-15,DHR,68.87749115527032,69.20785587983191,68.40311082654884,68.547119140625,3323088.0
2016-07-18,DHR,68.63185555777291,69.10622877365931,68.22525098559692,68.5640869140625,2641325.0
2016-07-19,DHR,68.40314345967113,68.62339157450856,68.25067128564012,68.51326751708984,3210062.0
2016-07-20,DHR,68.85210010212141,69.12316737290942,68.70809174165704,68.94528198242188,2628014.0
2016-07-21,DHR,68.94529125600324,69.24177180675173,68.6826877398346,68.86058044433594,3706721.0
2016-07-22,DHR,68.95373640541038,69.0045555832119,68.32688392490282,68.81819915771484,3496913.0
2016-07-25,DHR,69.58060776333386,69.62296316916752,68.25066989041844,68.86058044433594,4420745.0
2016-07-26,DHR,68.84362655963425,68.91139519742876,68.56408092873187,68.71656036376953,3770453.0
2016-07-27,DHR,68.80127634794084,68.97069795519982,68.33537421806501,68.48784637451172,3443671.0
2016-07-28,DHR,68.6996111299262,68.91138810122617,68.39465229125425,68.76737976074219,3108430.0
2016-07-29,DHR,68.88598741611361,69.25870766342837,68.77586337097236,68.98764038085938,3867348.0
2016-08-01,DHR,68.81822658203882,69.36883958013901,68.76740009389844,69.03846740722656,3454500.0
2016-08-02,DHR,68.83517161194332,69.06388352801433,68.26761642748932,68.55562591552734,2594400.0
2016-08-03,DHR,68.70811602263157,68.85212443398751,68.3438667428199,68.59799194335938,2162827.0
2016-08-04,DHR,68.61490740707775,68.90292411770444,68.44548581259147,68.71656036376953,2182454.0
2016-08-05,DHR,68.83516874475228,69.14012038350731,68.73351576847153,69.03846740722656,2319281.0
2016-08-08,DHR,69.17399795706109,69.20788227918067,68.78433554277258,68.85210418701172,1843829.0
2016-08-09,DHR,69.03845738912946,69.16552359104196,68.67420823373313,68.78433227539062,1797017.0
2016-08-10,DHR,68.83515384934461,68.89445140601018,68.57255038411141,68.80126953125,3088238.0
2016-08-11,DHR,68.8605645991988,69.25869803233567,68.82668028232881,69.07233428955078,1860185.0
2016-08-12,DHR,68.91986874233993,69.0553987326909,68.70809174165704,68.94528198242188,1357210.0
2016-08-15,DHR,69.23329250654223,69.28411898750873,68.74197714728554,68.80974578857422,3301205.0
2016-08-16,DHR,68.78432548305808,68.78432548305808,68.24218369851981,68.36077880859375,2339585.0
2016-08-17,DHR,68.46244481890149,68.65727970050462,68.20831965472416,68.63186645507812,1811568.0
2016-08-18,DHR,68.53869098923714,68.60645965006957,67.6492418959882,68.2422103881836,2983222.0
2016-08-19,DHR,68.11510740586355,68.43700108109051,67.89485937696635,68.39464569091797,2407039.0
2016-08-22,DHR,68.43703077159329,68.59798132407522,68.21678993723185,68.55562591552734,2115113.0
2016-08-23,DHR,68.75045914258571,68.89446752818758,68.47938453439397,68.64033508300781,2486902.0
2016-08-24,DHR,68.59796090893337,68.69961385919578,68.16594316040349,68.28453826904297,2451821.0
2016-08-25,DHR,68.12360979839154,68.34385792853058,68.03889897910729,68.20832061767578,1992499.0
2016-08-26,DHR,68.41160474978062,69.01304414874696,68.3523144789743,68.78433227539062,2244946.0
2016-08-29,DHR,68.77584140285246,69.52976002715,68.77584140285246,69.32645416259766,2850907.0
2016-08-30,DHR,70.0041532335783,70.0041532335783,68.71656363437063,68.78433227539062,1763966.0
2016-08-31,DHR,68.78431896064433,69.18245235948301,68.6233684693774,68.96221160888672,4100167.0
2016-09-01,DHR,69.08081497512326,69.3349473869877,68.83516093374072,68.98764038085938,2635685.0
2016-09-02,DHR,69.30109409462814,69.3349784313816,68.34387616152202,68.77589416503906,2695920.0
2016-09-06,DHR,68.60644526195223,68.80128012098476,67.03931717912486,67.34426879882812,6933816.0
2016-09-07,DHR,67.23415102554154,67.58146537189688,67.07320776487894,67.21720886230469,4336145.0
2016-09-08,DHR,67.04779681945445,67.14944980236174,66.70048246118782,66.92073059082031,3480218.0
2016-09-09,DHR,66.53952223034075,66.53952223034075,65.23499052913753,65.24346160888672,4415894.0
2016-09-12,DHR,65.04018317257676,66.41248409153249,64.87923258934505,66.25153350830078,4515948.0
2016-09-13,DHR,65.98891816614034,66.01432411870141,65.1079330444336,65.1079330444336,4185670.0
2016-09-14,DHR,65.05710829529937,65.2011166741472,64.50649531332115,64.76062774658203,4119794.0
2016-09-15,DHR,64.90461134042137,65.44675309515756,64.57424655631849,65.05709075927734,5072842.0
2016-09-16,DHR,65.29430699160635,65.37054673142222,64.65051203436028,64.8622817993164,9140974.0
2016-09-19,DHR,64.93853128208903,65.52302875161698,64.9131180316709,65.06559753417969,3012324.0
2016-09-20,DHR,65.46371500309091,65.46371500309091,64.87074659650526,64.98934173583984,2809058.0
2016-09-21,DHR,65.15875184822706,65.68395151094803,64.92156161147552,65.60771179199219,3141706.0
2016-09-22,DHR,66.0990189306981,66.16678756135823,65.66700120032472,65.7940673828125,2813570.0
2016-09-23,DHR,65.6077232203409,65.92962431200489,65.51454132538554,65.726318359375,3154903.0
2016-09-26,DHR,65.61620880980774,65.61620880980774,64.72675965056432,64.88770294189453,3605426.0
2016-09-27,DHR,64.95545508814638,65.82796914911387,64.726743189122,65.76020050048828,3568202.0
2016-09-28,DHR,65.64565424936556,65.900196542705,65.43354297342702,65.85777282714844,2309467.0
2016-09-29,DHR,65.73049051650712,65.8492768998903,65.18747435145569,65.4420166015625,3708638.0
2016-09-30,DHR,65.7135345603126,66.78259762714187,65.68808033006215,66.51109313964844,3847946.0
2016-10-03,DHR,66.14623766870776,66.53653579800131,66.01897384143362,66.17169189453125,3003638.0
2016-10-04,DHR,66.4177628080364,66.46018652629957,65.69656689940742,65.89171600341797,2238516.0
2016-10-05,DHR,66.04444636858607,66.18019497541816,65.63717864255375,65.99353790283203,2357633.0
2016-10-06,DHR,65.9595980718767,66.53655337444232,65.80687267659147,66.45170593261719,3337639.0
2016-10-07,DHR,66.47713561850306,66.60440673424593,65.95108897527508,66.39228820800781,2949156.0
2016-10-10,DHR,66.51956953959257,66.84198244714699,66.23957304195737,66.3668441772461,1631088.0
2016-10-11,DHR,66.01898647474945,66.01898647474945,64.42386928825746,64.77174377441406,4831562.0
2016-10-12,DHR,64.94991620527284,65.78141377428665,64.94991620527284,65.14506530761719,3548914.0
2016-10-13,DHR,64.7632549045717,65.05172886555039,64.44931941267615,64.66143798828125,3148361.0
2016-10-14,DHR,65.12807279952617,65.16201176185047,64.51717877953102,64.6189956665039,3633401.0
2016-10-17,DHR,64.73780779908657,64.77174677491794,64.2372152074188,64.3644790649414,2479118.0
2016-10-18,DHR,64.68687342546627,65.01777100543843,64.53414809539812,64.84808349609375,1839091.0
2016-10-19,DHR,64.97534569208062,65.53533125327449,64.68687182205564,65.46746063232422,3287105.0
2016-10-20,DHR,66.37532809982875,68.6746640416057,65.87473560905269,68.02983093261719,7330082.0
2016-10-21,DHR,67.6056019723713,68.114679211798,67.34257495938161,68.02134704589844,5154622.0
2016-10-24,DHR,68.48799755277737,68.93768152794546,67.91951990070729,68.12315368652344,3926794.0
2016-10-25,DHR,67.92800547282256,67.96194443754047,66.79954949963756,66.83348846435547,3963566.0
2016-10-26,DHR,66.62985906036495,66.62985906036495,65.76442279979597,65.9595718383789,3686304.0
2016-10-27,DHR,66.14623910192165,67.50378323823567,66.12926961767164,66.46017456054688,4746511.0
2016-10-28,DHR,66.45168652986179,67.01167218055615,66.02745674644923,66.34138488769531,2932687.0
2016-10-31,DHR,66.39229307699541,66.66380481049197,66.14623556851417,66.64683532714844,2952089.0
2016-11-01,DHR,66.78258482011677,66.79106956190645,65.17899052739723,65.35717010498047,4783622.0
2016-11-02,DHR,65.37414916535907,65.7305010708851,65.0602136731519,65.11112213134766,3126590.0
2016-11-03,DHR,65.29780369832159,65.58627773566262,64.81418051976566,64.94144439697266,3233976.0
2016-11-04,DHR,65.04322712313582,65.75593804905397,64.98383393748912,65.28079986572266,2929529.0
2016-11-07,DHR,65.94262364478922,66.52806364769127,65.93413890124216,66.34988403320312,4182962.0
2016-11-08,DHR,66.29051166237075,67.37654457402624,66.13778623052472,66.96928405761719,4444771.0
2016-11-09,DHR,66.97774830215904,68.33529267711198,66.41776252531379,68.072265625,5276107.0
2016-11-10,DHR,68.69163604472035,68.98011729172258,67.94498600138199,68.08074188232422,4376302.0
2016-11-11,DHR,68.64072838776812,68.98011809407132,68.11468164484211,68.67466735839844,4044331.0
2016-11-14,DHR,68.61528017904409,68.88679196790491,67.0286550684224,67.1135025024414,5259864.0
2016-11-15,DHR,68.32680625033849,68.42862317122852,67.33409857350523,67.56318664550781,5481516.0
2016-11-16,DHR,67.57165960473195,68.09770630241245,67.40196476617588,68.05528259277344,5869435.0
2016-11-17,DHR,68.10620431711891,68.25892970158304,67.81773033719807,67.85166931152344,3236119.0
2016-11-18,DHR,67.82621546205426,67.85166969294137,66.69775186123725,67.02017211914062,3727927.0
2016-11-21,DHR,67.2492404782364,67.55468385747452,66.52804478308282,67.21530151367188,5148192.0
2016-11-22,DHR,66.90985852167833,67.17288552727973,66.20563222787938,66.53653717041016,4537493.0
2016-11-23,DHR,66.36686238345227,67.20684480494384,66.3244386600514,67.16442108154297,1988326.0
2016-11-25,DHR,67.41892913744917,67.8261967190994,67.29166532002624,67.50377655029297,1077466.0
2016-11-28,DHR,67.46136803754642,67.63106290145276,66.87592805891397,67.05410766601562,2672119.0
2016-11-29,DHR,67.05410673182658,67.31712646537264,66.81653392566754,67.13895416259766,2102705.0
2016-11-30,DHR,67.22380018919536,67.35106403084939,66.1801841143544,66.32442474365234,6288036.0
2016-12-01,DHR,66.29049344424826,66.45170357800376,65.25536929435022,65.34870147705078,4440598.0
2016-12-02,DHR,65.39959919015945,65.70504261785389,64.88203720028565,65.60322570800781,3771919.0
2016-12-05,DHR,65.93413372855983,66.0104964144925,65.34020902870546,65.42505645751953,3299174.0
2016-12-06,DHR,65.61171294366693,65.6795908861436,64.84810069449249,65.65413665771484,3908633.0
2016-12-07,DHR,65.58626364598418,65.74747377148597,64.71234967458467,65.3062744140625,5288064.0
2016-12-08,DHR,65.33170832043264,66.3244083912786,65.31473883881672,65.9595718383789,4811710.0
2016-12-09,DHR,66.11231976242077,66.26504516601562,65.71354406599093,66.26504516601562,3301769.0
2016-12-12,DHR,66.11229745182122,66.36683970524685,65.77291508243025,66.03594207763672,5427485.0
2016-12-13,DHR,66.32441683629825,67.49529661319818,66.31593209440994,67.2322769165039,6491640.0
2016-12-14,DHR,67.21529161975613,67.46134177478837,66.63833660892806,66.7825698852539,4246694.0
2016-12-15,DHR,66.68926423275335,67.81772035935536,66.58744732475732,67.64802551269531,5247794.0
2016-12-16,DHR,67.82619557399073,68.40315066974507,67.04560669084924,67.21530151367188,5204254.0
2016-12-19,DHR,67.14741460904227,67.597098527571,66.52803589037376,66.69772338867188,3071318.0
2016-12-20,DHR,66.89289770307373,67.04562308094964,66.58745424916633,66.90138244628906,6183922.0
2016-12-21,DHR,66.62986683126081,66.94379497592553,66.45168725351307,66.48562622070312,3039509.0
2016-12-22,DHR,66.3498729129218,66.74016374882859,66.32441868654678,66.46017456054688,2319168.0
2016-12-23,DHR,66.51107548073587,67.04560687223064,66.44319755142318,66.98621368408203,1514002.0
2016-12-27,DHR,66.96078586062025,67.30865308365561,66.84199943749017,66.87593841552734,2483405.0
2016-12-28,DHR,66.77821772545799,67.02465885385844,66.33631017456418,66.39579772949219,2024760.0
2016-12-29,DHR,66.4127796089969,66.65922799679377,66.30230274550176,66.4722671508789,1463806.0
2016-12-30,DHR,66.76119457449514,66.76119457449514,65.9963622019661,66.14933013916016,2272356.0
2017-01-03,DHR,66.65924128963327,67.09264329632921,66.47228040643563,66.94817352294922,3205438.0
2017-01-04,DHR,66.90567523473224,67.79798113172205,66.8376894663183,67.37307739257812,3604411.0
2017-01-05,DHR,67.38155144966039,68.02740139109555,67.25407817959795,67.99341583251953,3822905.0
2017-01-06,DHR,67.97644264901768,68.59680546208669,67.75548890532842,68.35035705566406,2372861.0
2017-01-09,DHR,68.32485431737834,68.57130269467238,68.19738101877797,68.48632049560547,2614027.0
2017-01-10,DHR,68.38432025103016,69.10666140143644,68.29083986159124,68.9197006225586,3945518.0
2017-01-11,DHR,68.84323218021329,69.48908952115706,68.52880538559887,69.13217163085938,3135840.0
2017-01-12,DHR,68.87722712181247,69.21714858402825,68.58828766250352,69.08118438720703,4057416.0
2017-01-13,DHR,69.07269264425567,69.3361301566491,68.90272824049056,69.14067840576172,2781648.0
2017-01-17,DHR,68.83474662057347,68.90273238617003,68.20588560224827,68.75826263427734,3627310.0
2017-01-18,DHR,69.25963038446127,69.34461256696875,68.8347267853647,68.9961929321289,2389104.0
2017-01-19,DHR,68.91122510872596,69.08968772917811,68.18038550031662,68.49481964111328,3305153.0
2017-01-20,DHR,68.69874778731868,68.7582353085743,68.08688345355802,68.43531036376953,2494459.0
2017-01-23,DHR,68.2568446860827,68.40981259090438,67.86593402053366,67.98490905761719,2769578.0
2017-01-24,DHR,67.99341768706324,68.3588337577685,67.10961030396474,68.01041412353516,3394378.0
2017-01-25,DHR,68.19739081646694,68.88573941435936,68.12940504744611,68.86024475097656,2522434.0
2017-01-26,DHR,68.71575278745988,68.85172428156459,68.45231533107294,68.65626525878906,2154593.0
2017-01-27,DHR,68.8007583618164,68.85174768944077,68.40984749680636,68.8007583618164,2569020.0
2017-01-30,DHR,69.0981711945341,69.12366584915478,67.75546734472701,68.29084777832031,2610305.0
2017-01-31,DHR,70.01595711042624,71.47763586850316,69.56555890408302,71.31616973876953,7035223.0
2017-02-01,DHR,71.85158423689303,72.01305044329779,70.40690854097053,70.99327850341797,5237530.0
2017-02-02,DHR,70.63635242166525,71.27371170538245,70.20295044903945,71.12924194335938,2685430.0
2017-02-03,DHR,71.24821611562719,71.35019476984768,70.81481414863343,71.12074279785156,1933166.0
2017-02-06,DHR,70.74683267046353,70.84881133086978,70.16046268657142,70.52587890625,2328982.0
2017-02-07,DHR,70.53434732397058,70.78929386725964,70.33039740278004,70.60233306884766,1962269.0
2017-02-08,DHR,70.26244802832241,70.62786428274887,70.16896758072751,70.51738739013672,1917036.0
2017-02-09,DHR,70.54285479979666,71.38417118962032,70.45787260754763,71.18021392822266,2365867.0
2017-02-10,DHR,71.1887020334482,71.44364857397422,71.00174123706243,71.3671646118164,1509264.0
2017-02-13,DHR,71.40116169387504,71.62210806191783,71.22269910498422,71.5456314086914,1655791.0
2017-02-14,DHR,71.10371574547831,71.63059791868584,71.0017371351594,71.4691390991211,1496630.0
2017-02-15,DHR,71.17171781155645,71.97054312885453,71.07823739732092,71.90255737304688,2347368.0
2017-02-16,DHR,71.87706754328477,71.92805686356596,71.07824217232199,71.59662628173828,2803757.0
2017-02-17,DHR,71.44366269916107,71.60512887341784,71.11223213094982,71.42666625976562,2642227.0
2017-02-21,DHR,71.83459976720951,72.29349648529809,71.65613708827988,72.02156066894531,2602973.0
2017-02-22,DHR,71.92805436288369,72.16600451592318,71.80907928636394,72.06402587890625,2331012.0
2017-02-23,DHR,72.23395220638122,72.3954183129127,71.91952552289052,72.34442901611328,2016638.0
2017-02-24,DHR,72.50592182426908,73.15177917480469,72.24247702712044,73.15177917480469,2225995.0
2017-02-27,DHR,73.01579706494682,73.36422400413362,72.88832379451263,73.19425964355469,1963622.0
2017-02-28,DHR,72.97332887626956,73.13479506949302,72.59941447908975,72.7013931274414,2570148.0
2017-03-01,DHR,73.5511824377946,74.43498985885024,73.30474141180875,74.15454864501953,2888582.0
2017-03-02,DHR,73.91661553624023,73.93361197567219,73.46620989129313,73.61067962646484,1724825.0
2017-03-03,DHR,73.6531749001764,73.89962328591015,73.26226408452396,73.78914642333984,2474155.0
2017-03-06,DHR,73.24529106704402,73.50023044105937,72.77789612014517,73.16030883789062,2501791.0
2017-03-07,DHR,73.066788435483,73.36422607489152,72.87132941530028,73.14327239990234,1791941.0
2017-03-08,DHR,73.10929197666395,73.76364758135253,72.9903169006402,73.61067962646484,2111503.0
2017-03-09,DHR,73.52569237459187,74.30752122127136,73.52569237459187,74.1970443725586,2605906.0
2017-03-10,DHR,74.39250662850422,74.79191563152098,74.22254223852181,74.57946014404297,2527848.0
2017-03-13,DHR,74.43500449025504,74.51998669296897,73.89112570632844,74.3585205078125,1841460.0
2017-03-14,DHR,74.17155414186223,74.17155414186223,73.45771100563324,73.81463623046875,1883534.0
2017-03-15,DHR,73.9845881793482,74.6134416999752,73.93359887009073,74.3330078125,2009983.0
2017-03-16,DHR,74.18856150959854,74.33303126474186,73.07530919979206,73.4237289428711,2987057.0
2017-03-17,DHR,73.52567158549209,73.82310917100403,73.41519476801622,73.65314483642578,3504922.0
2017-03-20,DHR,73.75514308099625,73.8401252709194,73.37273053978357,73.48320007324219,1733398.0
2017-03-21,DHR,73.76363925870741,73.99308385170895,73.00730510276313,73.32173919677734,2059502.0
2017-03-22,DHR,73.43220480069779,73.55967807523879,72.93081723427736,73.35572814941406,1979076.0
2017-03-23,DHR,73.35574918806213,73.64468137978083,73.0753079036405,73.33875274658203,2475960.0
2017-03-24,DHR,73.37273402571465,73.83163055966028,72.75237132324379,73.09229278564453,3510900.0
2017-03-27,DHR,72.72687942853699,73.28775461654757,72.57391147359535,73.11779022216797,2365754.0
2017-03-28,DHR,72.92234016159836,73.13479568077341,72.48893821592425,72.99032592773438,3466344.0
2017-03-29,DHR,72.81158767569396,73.0669432473655,72.56473687520662,72.87968444824219,1851048.0
2017-03-30,DHR,72.92225244118656,73.22016852638247,72.70093790761211,72.96480560302734,2541158.0
2017-03-31,DHR,72.53069820048404,73.04992883530275,72.53069820048404,72.80308532714844,2452723.0
2017-04-03,DHR,72.9137160692832,73.16056683781174,72.42002185760947,72.76050567626953,2891515.0
2017-04-04,DHR,72.88816140294286,72.88816140294286,72.2582738859463,72.58172607421875,2891177.0
2017-04-05,DHR,72.84561701041713,73.70532388822798,72.6838872179128,73.00733947753906,2844929.0
2017-04-06,DHR,72.86262527393806,73.44144023732608,72.33487554006062,73.31375885009766,2253518.0
2017-04-07,DHR,73.22863931253288,73.50101895173269,73.03286118174046,73.26268768310547,1513212.0
2017-04-10,DHR,73.35632232071515,73.50953999167243,73.10947162861733,73.29673767089844,1844957.0
2017-04-11,DHR,73.10098256196473,73.39039380937939,72.922235881592,73.38188171386719,1441246.0
2017-04-12,DHR,73.55210153459845,73.55210153459845,72.84561239966669,72.99031066894531,1815742.0
2017-04-13,DHR,72.78606507422798,73.43297720971097,72.72648038704271,73.01588439941406,2227913.0
2017-04-17,DHR,73.14353387774811,73.81598201359903,73.04138874439622,73.79895782470703,1873270.0
2017-04-18,DHR,73.53506885183762,73.74787117234263,73.3648343208147,73.66275024414062,2115790.0
2017-04-19,DHR,73.95217650875176,74.04580954890358,73.32228883674946,73.57764434814453,2914075.0
2017-04-20,DHR,72.77751995290045,73.00733917380492,70.52184426309609,70.5558853149414,9945576.0
2017-04-21,DHR,70.55590117890176,70.77721568064258,69.44083122474493,69.54297637939453,8614987.0
2017-04-24,DHR,70.35161018086546,70.81976809429516,69.90046913255489,70.18988037109375,6010661.0
2017-04-25,DHR,70.47928692946667,71.10917461084048,70.35160550917819,70.9048843383789,7625731.0
2017-04-26,DHR,71.21133790338489,71.50074922626608,70.49633634468432,70.63252258300781,5498323.0
2017-04-27,DHR,70.79423624332327,70.90489348852006,70.46227183311653,70.57292175292969,3124109.0
2017-04-28,DHR,70.5814240432001,71.07512553010606,70.53886357019095,70.930419921875,4810243.0
2017-05-01,DHR,71.13470244719251,71.4156015673953,70.7516655177531,70.76017761230469,4774486.0
2017-05-02,DHR,70.99001999077949,71.22835136597216,70.59846355411746,70.6495361328125,4220863.0
2017-05-03,DHR,70.67503641104447,70.86230243750849,70.17283030181692,70.48777770996094,2501904.0
2017-05-04,DHR,70.46226704210507,71.6198973393,70.46226704210507,71.5688247680664,3381067.0
2017-05-05,DHR,71.82416756735698,71.83267966105373,71.25386461505656,71.38154602050781,1841234.0
2017-05-08,DHR,71.40708848517795,71.41560057961182,70.98149108886719,70.98149108886719,3705142.0
2017-05-09,DHR,70.89638037744182,71.17727220891973,70.66655379455517,70.79423522949219,2762134.0
2017-05-10,DHR,70.73464454356737,71.04107996135257,70.46226483091898,70.82827758789062,1972872.0
2017-05-11,DHR,70.6580282227691,70.8282701035494,70.19838247004445,70.4622573852539,2227462.0
2017-05-12,DHR,70.32606218389331,70.72612326869272,70.27498962089143,70.51332092285156,2407603.0
2017-05-15,DHR,70.67507599597863,71.12620980521311,70.58995502718258,70.88787841796875,3107753.0
2017-05-16,DHR,70.84530136587807,71.07512792788077,70.21541366947575,70.65803527832031,2262204.0
2017-05-17,DHR,70.65801579274074,70.65801579274074,69.67062770867881,69.71318817138672,2432194.0
2017-05-18,DHR,69.5855324385463,70.00261780147699,69.25356803241444,69.61106872558594,3033643.0
2017-05-19,DHR,69.83236685726986,70.29201259094268,69.55146776562535,69.91748046875,3506162.0
2017-05-22,DHR,69.91749770291695,70.73465157283269,69.84089616624127,70.57292175292969,3885734.0
2017-05-23,DHR,70.90488916293785,72.0965678492833,70.79423192449175,71.45816802978516,3202279.0
2017-05-24,DHR,71.84121498183994,71.84121498183994,71.33900861674444,71.46669006347656,2492542.0
2017-05-25,DHR,71.45815975763287,72.02846274899083,71.2113090235214,71.93482971191406,2205240.0
2017-05-26,DHR,71.76460054952169,71.94335456108696,71.54329338439597,71.8412094116211,1222865.0
2017-05-30,DHR,71.66245822528117,72.30937013922414,71.42411955816101,72.19020080566406,2736979.0
2017-05-31,DHR,72.35193012029242,72.7605107310693,72.27532858115562,72.30085754394531,4330279.0
2017-06-01,DHR,72.58176468853243,73.61171377392697,72.36896226370517,73.28826141357422,3760865.0
2017-06-02,DHR,73.30527304360197,74.05433012522661,73.27122466146524,73.91813659667969,2797666.0
2017-06-05,DHR,73.88409295158,73.95218972021945,73.63724216526201,73.65426635742188,1884888.0
2017-06-06,DHR,73.43293489663665,73.53507269042966,72.94774558055795,72.97328186035156,2900652.0
2017-06-07,DHR,72.61581900011375,73.08397704753884,72.61581900011375,72.71796417236328,3031726.0
2017-06-08,DHR,72.71794672918446,72.77753139870384,71.6709736155394,71.97740173339844,2903810.0
2017-06-09,DHR,72.1220988039762,72.23275603424277,71.52625950484656,71.91780853271484,2850794.0
2017-06-12,DHR,71.97739569000224,72.29234320244667,71.34750799049627,71.56031036376953,3337865.0
2017-06-13,DHR,71.64542388916016,71.88375519714735,71.48369410223096,71.64542388916016,3668820.0
2017-06-14,DHR,71.80715200203056,72.15614788550214,71.60286905416163,71.89227294921875,2631511.0
2017-06-15,DHR,71.57734476957681,71.8327003285677,71.20281253916039,71.82418823242188,2802178.0
2017-06-16,DHR,72.01994371399535,72.36893222044817,71.72202776829877,71.90928649902344,5546263.0
2017-06-19,DHR,72.18166505376526,72.82006466322639,71.95183855722217,72.58172607421875,2618539.0
2017-06-20,DHR,72.5987759581971,73.30527255746557,72.4710945260311,72.93074035644531,3357379.0
2017-06-21,DHR,73.13501677558851,73.73085602062707,72.9477507105992,73.61168670654297,3656976.0
2017-06-22,DHR,73.56912848120109,73.83300339900735,73.15204319456693,73.1690673828125,2943403.0
2017-06-23,DHR,73.17759414795538,73.22015462710203,72.4115128486992,72.9137191772461,5498774.0
2017-06-26,DHR,72.94776213610592,73.15205242081868,72.72645498638356,72.75199127197266,2010322.0
2017-06-27,DHR,72.63283204745085,72.77753768592756,72.02848052978516,72.02848052978516,1868870.0
2017-06-28,DHR,72.50590903558995,72.59969722533967,72.13076361411181,72.23307800292969,2609402.0
2017-06-29,DHR,72.21605413392184,72.36099957534155,71.55101768140214,71.64480590820312,2712050.0
2017-06-30,DHR,71.85794823044385,72.19899630226735,71.68743153205516,71.95173645019531,3112039.0
2017-07-03,DHR,72.28425939829971,72.47182850307705,71.84090423583984,71.84090423583984,1186543.0
2017-07-05,DHR,71.84089879084162,71.93467966736083,71.508376941057,71.69595336914062,2889485.0
2017-07-06,DHR,71.36338842644487,71.38044081870082,70.4937310964283,70.70687866210938,3243338.0
2017-07-07,DHR,70.93713457093543,70.9797655807904,70.71545331968957,70.8262939453125,3245594.0
2017-07-10,DHR,70.8604056795108,70.97124631596796,70.3317884431622,70.39147186279297,3355349.0
2017-07-11,DHR,70.46819595101086,71.07354891177283,70.26356711778786,70.85186767578125,2924904.0
2017-07-12,DHR,71.33785913526079,71.50838317565884,70.98829218996802,71.18439483642578,3287105.0
2017-07-13,DHR,70.98829138108795,72.07110435023094,70.90302936186045,71.84090423583984,4653226.0
2017-07-14,DHR,71.89204271526945,72.7190768331717,71.5424758293647,72.47181701660156,3452018.0
2017-07-17,DHR,72.59121673551468,73.28183195738123,72.4036475754274,72.8725814819336,3960521.0
2017-07-18,DHR,72.77878144955291,73.01751513513389,72.4121620556491,72.88109588623047,3228900.0
2017-07-19,DHR,72.91519325009682,73.23065539343706,72.71909059983024,73.14539337158203,3277178.0
2017-07-20,DHR,69.96516145012868,71.78974663924119,69.48769414501565,70.9371337890625,10773866.0
2017-07-21,DHR,70.78364076245109,71.10763633585712,70.35733813496405,70.80921936035156,4067681.0
2017-07-24,DHR,70.7410333389098,71.66185583265074,70.7410333389098,70.79219055175781,3485520.0
2017-07-25,DHR,71.00532932131178,71.18437952521744,69.82020217050345,69.90546417236328,5531148.0
2017-07-26,DHR,69.999266945577,70.18683605119166,69.59853545341882,69.92253112792969,3172387.0
2017-07-27,DHR,70.27208627429368,70.28061247482322,68.93348746620184,69.19779968261719,5614394.0
2017-07-28,DHR,69.22337231686659,69.55588677133207,68.78854346486669,69.42799377441406,3404642.0
2017-07-31,DHR,69.60706478809779,69.89695566781216,69.40244326935236,69.47917175292969,2437834.0
2017-08-01,DHR,69.52179234730576,69.60705435797526,68.87380840374001,68.90791320800781,2848200.0
2017-08-02,DHR,68.8908446784806,69.57293326663675,68.71180183551114,69.30010223388672,4955642.0
2017-08-03,DHR,69.35125942831249,69.54735466942387,69.0443162617579,69.30010223388672,2827445.0
2017-08-04,DHR,69.51327091988964,69.51327091988964,68.99317995661218,69.06991577148438,2735738.0
2017-08-07,DHR,69.05284832097591,69.47915097318126,68.85674572570163,69.42799377441406,2141395.0
2017-08-08,DHR,69.33424707268189,69.65823548697026,68.32816233878651,68.43900299072266,3380729.0
2017-08-09,DHR,68.45603391690153,68.7885557683631,68.22582648127431,68.40487670898438,3007812.0
2017-08-10,DHR,68.2514160604922,68.33667808739816,67.33060084495565,67.60343933105469,4152619.0
2017-08-11,DHR,67.56931179914223,68.35370750786495,67.44141880178915,68.0552978515625,2745439.0
2017-08-14,DHR,68.2514034818992,68.82265895688784,68.07236059591779,68.72034454345703,2652379.0
2017-08-15,DHR,68.73740599274547,68.95907991349922,68.49014612774396,68.68624877929688,2029046.0
2017-08-16,DHR,68.96760827580374,69.78611637909333,68.90792485824443,69.53885650634766,3563465.0
2017-08-17,DHR,69.52178530408627,69.73494030916537,68.9846420288086,68.9846420288086,2584022.0
2017-08-18,DHR,68.83969803035055,69.33421765222707,68.58391935655695,68.9505386352539,3227546.0
2017-08-21,DHR,68.96757985581344,69.49619685598381,68.89084406485829,69.12957763671875,2664223.0
2017-08-22,DHR,69.18922581196796,70.39993077796318,69.18922581196796,70.3572998046875,2571614.0
2017-08-23,DHR,70.11862168502351,70.2294623030047,69.51326872434123,69.76052856445312,2221258.0
2017-08-24,DHR,69.72640504529357,69.80314083714724,69.2489452335026,69.75198364257812,2305294.0
2017-08-25,DHR,70.00776086885612,70.22090848207664,69.84576310629348,70.05038452148438,2642791.0
2017-08-28,DHR,70.27206977437613,70.41701514934485,70.03333621560414,70.22943878173828,1929557.0
2017-08-29,DHR,69.7434663688296,70.09303323893323,69.67525676734172,69.90546417236328,2244607.0
2017-08-30,DHR,69.76902802066977,70.14417340019875,69.67523984140755,70.03333282470703,2188658.0
2017-08-31,DHR,70.28058574219897,71.26960995238508,70.13564038832986,71.12467193603516,3155580.0
2017-09-01,DHR,71.08208962206494,71.2270350751834,70.49378894399065,70.96272277832031,1813824.0
2017-09-05,DHR,70.92859726109661,71.13322607635432,70.60460897446066,70.81775665283203,2176363.0
2017-09-06,DHR,70.94563855112249,71.77267254573992,70.79216696371536,71.6362533569336,3827642.0
2017-09-07,DHR,71.85795709273123,72.69351763422594,71.61070454768843,72.55709838867188,3681679.0
2017-09-08,DHR,72.64235450726889,74.51809696846301,72.53151387927373,73.97242736816406,6175574.0
2017-09-11,DHR,73.97240474632054,74.41575978519334,73.95535234722847,74.23670959472656,2967317.0
2017-09-12,DHR,74.23671781149415,74.45839902422753,73.99799153530321,74.40724182128906,2434337.0
2017-09-13,DHR,74.42429909606079,74.67155892645562,74.142941798996,74.38166809082031,2781648.0
2017-09-14,DHR,74.26230780239513,75.43890897538863,74.16000071834952,75.41333770751953,3689011.0
2017-09-15,DHR,75.05523808270443,75.43890983041238,74.72272354636063,75.20870971679688,4040834.0
2017-09-18,DHR,75.3621695898971,75.53268626364368,75.04670016905024,75.1234359741211,1885001.0
2017-09-19,DHR,75.15755471460425,75.55827887787909,74.01505830226887,74.06621551513672,3546206.0
2017-09-20,DHR,74.20259175136893,74.2878463858896,73.42671514332605,73.71659851074219,3984547.0
2017-09-21,DHR,73.82745576120539,74.11734653166305,73.63987938032102,73.68251037597656,2135078.0
2017-09-22,DHR,73.72517440285131,74.08327492679823,73.41823843413513,73.98948669433594,2150306.0
2017-09-25,DHR,74.04915211015425,74.23672119194788,72.89812966666935,73.32443237304688,2484646.0
2017-09-26,DHR,73.20506964729962,73.36706747302479,72.59971668869142,72.86402893066406,2693890.0
2017-09-27,DHR,73.14538623782192,73.45232948656435,72.43771886296625,72.86402893066406,2872565.0
2017-09-28,DHR,72.82985776745714,73.04336253722857,72.27475271561319,72.62489318847656,3124109.0
2017-09-29,DHR,72.65905282912092,73.35934111359062,72.59073130384958,73.2568588256836,2621923.0
2017-10-02,DHR,73.44473432139108,74.1535627125661,73.32517166632721,73.8888168334961,2155157.0
2017-10-03,DHR,74.12794214362384,74.20480385045062,73.53013621786528,73.8888168334961,1393080.0
2017-10-04,DHR,73.6582339837924,74.34144175891753,73.6582339837924,74.19625854492188,1789910.0
2017-10-05,DHR,74.26458450525416,74.3926799992443,73.8888161641716,74.27312469482422,1754040.0
2017-10-06,DHR,74.29022704760101,74.89657333686009,74.19628493454407,74.8367919921875,2340149.0
2017-10-09,DHR,74.84533863930118,74.89657979629696,74.04256786259738,74.32439422607422,2534729.0
2017-10-10,DHR,74.16213543534222,74.65745930261832,74.16213543534222,74.44395446777344,2114774.0
2017-10-11,DHR,74.4695599113605,74.71722546944036,74.23898208615904,74.26460266113281,1548180.0
2017-10-12,DHR,74.29023345474369,74.68307497548119,74.1023492124258,74.32439422607422,2304166.0
2017-10-13,DHR,74.1535691846072,74.3926871660441,73.97422518635844,74.162109375,2304166.0
2017-10-16,DHR,74.27313188843266,74.49516948919855,73.41058000787642,73.5557632446289,3246271.0
2017-10-17,DHR,72.9750612163408,73.40206352455091,71.57448423796998,72.81279754638672,5457264.0
2017-10-18,DHR,72.92382708119344,73.59849505589423,72.67616145583023,73.48747253417969,3800570.0
2017-10-19,DHR,76.71561204382307,78.26136476128536,76.00678345089683,76.9461898803711,10069994.0
2017-10-20,DHR,76.90348694836618,77.9966168072226,76.90348694836618,77.53545379638672,4640028.0
2017-10-23,DHR,77.9112160645865,78.32967808296769,77.21092773718225,77.26216888427734,3278758.0
2017-10-24,DHR,77.56961395094032,77.91122162261057,77.04012940941409,77.6720962524414,3965710.0
2017-10-25,DHR,77.595237589394,77.68917970281169,76.97181091354862,77.4158935546875,3155467.0
2017-10-26,DHR,77.45858073191543,78.25281110900859,77.15114121954616,78.10762786865234,3036463.0
2017-10-27,DHR,78.07348188070114,78.79085067806517,78.06494168847581,78.78231048583984,3243451.0
2017-10-30,DHR,78.54319061880071,78.739607685833,78.1418015935846,78.40654754638672,2618088.0
2017-10-31,DHR,78.33819931990364,78.97016596494085,78.28695818520653,78.79936218261719,3223598.0
2017-11-01,DHR,78.88479186980949,79.53383912177888,78.64566649029759,79.34595489501953,3247399.0
2017-11-02,DHR,79.2861628635257,79.54236859275566,78.86770085534535,79.17514038085938,2198472.0
2017-11-03,DHR,79.06412557935525,79.55944930838201,78.75667870298983,79.53382873535156,2006486.0
2017-11-06,DHR,79.5252763665151,79.5252763665151,78.88476948839758,79.09827423095703,2038070.0
2017-11-07,DHR,79.20076387160626,79.67047439249909,79.07266835183407,79.59361267089844,1432560.0
2017-11-08,DHR,79.35448336257906,79.73025176057827,79.22638049962478,79.62776947021484,2257692.0
2017-11-09,DHR,79.6106881500882,79.65338910390297,78.73105585106588,79.40572357177734,2730662.0
2017-11-10,DHR,79.26053378893728,79.3459356895202,78.2698864412977,78.77375030517578,2663885.0
2017-11-13,DHR,78.696900391735,79.74733657680974,78.43216180980336,79.70463562011719,2302248.0
2017-11-14,DHR,79.26054049933305,79.68755003839935,78.97872155311106,79.58506774902344,2227574.0
2017-11-15,DHR,79.48259535470635,79.53383650577348,78.927490234375,78.927490234375,2080145.0
2017-11-16,DHR,79.08119740853535,80.15724666031281,78.84207208611316,79.91812133789062,1752912.0
2017-11-17,DHR,79.52528505245387,79.96936761592045,79.25199895212882,79.67900848388672,1703844.0
2017-11-20,DHR,79.67900490029449,80.11454725353721,79.44841976351587,80.00352478027344,1445419.0
2017-11-21,DHR,80.27683350328225,80.4647103922183,80.06332868680562,80.43054962158203,1779646.0
2017-11-22,DHR,80.44763002399972,80.48179079464325,79.68756757630814,80.07186889648438,1782466.0
2017-11-24,DHR,80.28533645925113,80.43051231755865,79.9437289113276,80.29387664794922,1011365.0
2017-11-27,DHR,80.43908964917601,80.51595138294986,80.13165006364393,80.31953430175781,1577395.0
2017-11-28,DHR,80.43053955162912,80.84046874794088,80.17434115349675,80.55010223388672,3090946.0
2017-11-29,DHR,80.66111303712157,80.66965322747396,79.7985611610913,80.22557067871094,2244494.0
2017-11-30,DHR,80.49030930983918,80.97710016040797,80.14016885460549,80.5842514038086,2466034.0
2017-12-01,DHR,80.69527808581591,80.72943884904042,79.26908092031626,80.12309265136719,2606921.0
2017-12-04,DHR,80.45614519793062,80.69527051807661,79.09827703578496,79.26907348632812,3128395.0
2017-12-05,DHR,79.57652061991566,79.61922157009916,79.05557637723798,79.20075225830078,2681143.0
2017-12-06,DHR,79.29470975394372,79.38011167090248,78.70544387649089,79.02143096923828,2299315.0
2017-12-07,DHR,79.0214180195782,79.56798284898318,78.60294869505711,79.14952087402344,2016638.0
2017-12-08,DHR,79.36299524353454,79.73022331967466,79.15803808548067,79.57649993896484,1734977.0
2017-12-11,DHR,79.49112748066544,79.65339110924666,79.07266547230739,79.6021499633789,2046079.0
2017-12-12,DHR,79.69611172334655,80.23413653811446,79.43990593080767,80.03771209716797,2429035.0
2017-12-13,DHR,80.10602311622749,80.58426651656367,79.94375946894034,80.40492248535156,2681482.0
2017-12-14,DHR,80.60133510243354,80.60133510243354,79.01288167861085,79.2947006225586,3237247.0
2017-12-15,DHR,79.61922996914348,80.5671764640941,79.61922996914348,80.27681732177734,5720201.0
2017-12-18,DHR,80.48176911947832,80.99417319156827,80.3536736136269,80.5842514038086,3339670.0
2017-12-19,DHR,80.65262056696376,80.90882642912634,80.31956029571819,80.60137939453125,2118722.0
2017-12-20,DHR,80.67820967992789,81.26747558345842,80.56718718296827,80.80631256103516,3361102.0
2017-12-21,DHR,80.89170247435685,81.13936065817273,80.08039169733655,80.12309265136719,2473930.0
2017-12-22,DHR,80.04623610660698,80.33660261277846,79.77295733271376,79.8156509399414,2947464.0
2017-12-26,DHR,79.69609069824219,80.08039193610193,79.63630936242106,79.69609069824219,668678.0
2017-12-27,DHR,79.56800186014453,80.05478547378213,79.2520147436809,79.90106201171875,1187784.0
2017-12-28,DHR,80.09777464165292,80.21751650501407,79.61026155854505,80.02079772949219,847015.0
2017-12-29,DHR,80.32868448025285,80.42276734841765,79.37075718314972,79.38786315917969,2080934.0
2018-01-02,DHR,79.69580310881332,79.96093848442969,78.84051132037754,79.0628890991211,4087646.0
2018-01-03,DHR,78.89182049691667,80.32015519578958,78.87471451583849,80.11488342285156,2791236.0
2018-01-04,DHR,80.49976348876953,81.17544240472051,80.41424094092555,80.49976348876953,2397226.0
2018-01-05,DHR,80.8333194781632,81.24385562390141,80.68791865301013,81.00437927246094,2121430.0
2018-01-08,DHR,80.92738615746732,81.51753496902735,80.6451375534028,81.46621704101562,2038522.0
2018-01-09,DHR,82.55243620240037,84.57091939687496,82.55243620240037,84.3399887084961,4917178.0
2018-01-10,DHR,83.83539377031327,84.28014193700682,83.15116185816615,84.0235595703125,2780069.0
2018-01-11,DHR,84.23736896379724,84.41698175578983,83.630114027637,84.3228988647461,2285441.0
2018-01-12,DHR,84.36566656642837,85.2380642239794,84.35711357605457,85.00713348388672,2136996.0
2018-01-16,DHR,85.42621146347132,85.75977804436287,84.79329761927865,85.07554626464844,2511830.0
2018-01-17,DHR,85.57159167142976,85.68278050494784,84.74195927421508,85.17816162109375,2867827.0
2018-01-18,DHR,85.13542061575782,85.58872170386768,84.76764206305023,85.30648040771484,1485125.0
2018-01-19,DHR,85.69992743325197,86.28152347977999,85.56307957275651,86.00782775878906,3240293.0
2018-01-22,DHR,85.9393765136312,86.13609525056849,85.24659916122016,85.50318145751953,2440090.0
2018-01-23,DHR,85.67423445909255,85.84529421682582,85.26369840110746,85.48606872558594,2688588.0
2018-01-24,DHR,85.78543647977715,86.98284024670288,85.59727071736496,86.70914459228516,2508221.0
2018-01-25,DHR,87.02560785844088,88.10326980956938,86.7519121956394,87.83812713623047,2407152.0
2018-01-26,DHR,88.07760059965487,88.79604427039307,87.90654083029452,88.77893829345703,2744875.0
2018-01-29,DHR,88.61644394154571,89.13816895069453,88.35130126184934,88.68486785888672,2910804.0
2018-01-30,DHR,87.78681989977146,89.65134974814518,86.49534041523728,86.89732360839844,4386228.0
2018-01-31,DHR,87.16245006588976,87.72694738166483,86.25584788594902,86.62361907958984,3732439.0
2018-02-01,DHR,86.31572359254662,87.40193861492145,85.95649800807273,87.11968994140625,2582218.0
2018-02-02,DHR,86.61504184508163,87.69271087660171,86.61504184508163,87.39335632324219,5140183.0
2018-02-05,DHR,86.76903240605286,87.1111520406677,82.35574064356275,82.70641326904297,5429177.0
2018-02-06,DHR,81.50900888030168,84.31435306787706,81.03860174552715,83.0057601928711,7550719.0
2018-02-07,DHR,82.43268996408682,82.93730889562731,81.03857500149275,81.46621704101562,6020136.0
2018-02-08,DHR,81.59452630694638,81.72281378911349,78.80628116696366,78.8233871459961,3883817.0
2018-02-09,DHR,79.79841819893592,81.49188799067028,78.54969648814094,80.7905502319336,4166381.0
2018-02-12,DHR,81.36358182478476,82.01360155746984,80.91028081769153,81.60306549072266,2535293.0
2018-02-13,DHR,81.02146556760066,81.6372733168847,80.43131678122738,81.23528289794922,2270213.0
2018-02-14,DHR,80.73067566950594,82.25309296802011,80.49974496989377,82.19322204589844,1697527.0
2018-02-15,DHR,82.9543935102375,83.63007202782467,82.43266873704124,83.36493682861328,2139365.0
2018-02-16,DHR,83.25379066025133,84.17749887862351,82.80904253142681,83.42485046386719,2130792.0
2018-02-20,DHR,83.09126092396461,83.59587984484261,82.60374797872906,82.83467864990234,2381885.0
2018-02-21,DHR,82.6978164758336,84.58800437417754,82.64649855782282,83.2623062133789,2455656.0
2018-02-22,DHR,83.71562203146414,84.19458199092166,83.01428438770593,83.2708740234375,2642227.0
2018-02-23,DHR,83.5702334039694,85.00712085209761,83.51036984082523,84.95580291748047,1857478.0
2018-02-26,DHR,85.1183121304937,86.80322894993398,84.88738141815082,86.23873901367188,4052904.0
2018-02-27,DHR,86.24728663553874,87.06836620108308,85.13541281090251,85.16107177734375,2904374.0
2018-02-28,DHR,85.35777020254847,85.69988970316618,83.61298283112146,83.63008880615234,2309918.0
2018-03-01,DHR,83.60445579966338,83.81828055393406,81.38070779755543,82.09915161132812,2594287.0
2018-03-02,DHR,81.69715814572226,82.46691244300773,81.17542581100378,82.29585266113281,2615606.0
2018-03-05,DHR,81.7997878522161,83.80971823695397,81.58597048231695,83.45905303955078,1919518.0
2018-03-06,DHR,83.5873328048786,83.62154475859796,82.86889649792242,83.60443878173828,1720990.0
2018-03-07,DHR,83.16825306384733,86.58085166679513,82.92022373212835,86.23018646240234,4368067.0
2018-03-08,DHR,86.41834789072776,86.9486258456795,86.09333431024321,86.9058609008789,2733257.0
2018-03-09,DHR,87.35060652292871,89.00986425305348,86.9571764023436,88.72762298583984,3919800.0
2018-03-12,DHR,88.8815533921442,89.19800653096142,87.97494418689554,88.43679809570312,2586391.0
2018-03-13,DHR,88.85592109330484,89.19803329418039,87.72694126166704,87.92365264892578,2323680.0
2018-03-14,DHR,88.07758794177545,88.50522994314342,87.11111510493457,87.39335632324219,1707792.0
2018-03-15,DHR,87.56442196274877,87.80389826098342,87.21374946234934,87.42757415771484,1452413.0
2018-03-16,DHR,87.67561586337618,87.81245631573132,87.14533058827134,87.1795425415039,2830378.0
2018-03-19,DHR,87.05978782545493,87.11110574337302,85.14394097156676,85.79396057128906,2422493.0
2018-03-20,DHR,85.7940103373426,86.26441749721806,85.5374205989136,86.00782775878906,2627112.0
2018-03-21,DHR,86.26441256861055,86.37560144891049,85.3578029052038,85.3663558959961,2227687.0
2018-03-22,DHR,84.74197559267789,85.41765435051904,83.15114175003107,83.38207244873047,2115790.0
2018-03-23,DHR,83.74128252380281,84.16892456392097,81.85964724247808,82.05636596679688,2788867.0
2018-03-26,DHR,83.09127930094421,84.11762334533528,82.50968336104576,83.95512390136719,3588619.0
2018-03-27,DHR,84.41696454929739,84.66500121149241,82.69783597236089,83.17679595947266,2325710.0
2018-03-28,DHR,83.51949166807708,83.9307043627494,82.54285138075913,82.68849182128906,2648093.0
2018-03-29,DHR,83.00546751912329,84.41044718891904,82.80842458545257,83.8792953491211,2567102.0
2018-04-02,DHR,83.6308563352681,83.79362355809658,81.40343661975993,82.32867431640625,2934266.0
2018-04-03,DHR,82.88552116585502,84.25623238068366,82.65420991592073,84.15343475341797,2450129.0
2018-04-04,DHR,82.97119825565693,85.03583600326859,82.3800768339561,84.86449432373047,2462537.0
2018-04-05,DHR,85.2928525241539,85.44706004297296,84.63319439968946,85.00157165527344,1832098.0
2018-04-06,DHR,84.41045630927623,84.83024347419264,82.0459703405732,82.80843353271484,2035025.0
2018-04-09,DHR,83.40811373556735,84.77026536812062,82.85982772343196,83.61372375488281,2278109.0
2018-04-10,DHR,84.65032745863083,86.13241091862061,84.65032745863083,85.25858306884766,2608838.0
2018-04-11,DHR,84.64174941632851,84.93302287097485,83.98209138591437,84.31620025634766,1990807.0
2018-04-12,DHR,84.93303453013009,85.39565708413556,84.77883438483423,84.81310272216797,1675531.0
2018-04-13,DHR,85.31853992116416,85.46417295924691,84.57321107395622,85.01869201660156,1516145.0
2018-04-16,DHR,85.7897237226298,86.46651591863785,85.67835164170235,86.02960205078125,1644962.0
2018-04-17,DHR,86.52650090572055,87.3489262889675,85.98678194399403,87.11762237548828,2891402.0
2018-04-18,DHR,87.4088861275495,87.94003794533018,87.07477723527171,87.72586822509766,2369702.0
2018-04-19,DHR,88.23992044703465,89.0794876075807,86.03820855984371,86.95487213134766,3822679.0
2018-04-20,DHR,86.84348079655463,87.57167566411992,85.97821993882131,86.81777954101562,4128593.0
2018-04-23,DHR,87.12617674194874,87.37461478850938,86.39798202370238,86.69782257080078,2464229.0
2018-04-24,DHR,86.71497672438723,87.07479431108507,84.99301467759682,85.75547790527344,2877528.0
2018-04-25,DHR,85.72975135457314,86.66355601468265,84.47040491811383,86.08956146240234,3511351.0
2018-04-26,DHR,86.28661389546134,87.73443631491402,86.08957096769883,87.19471740722656,2202082.0
2018-04-27,DHR,87.38317567505653,87.49454775165692,86.7663530850513,87.07476806640625,1689406.0
2018-04-30,DHR,87.12618204794107,87.22898705527741,85.85826836953743,85.94393920898438,2515214.0
2018-05-01,DHR,85.96963584111388,86.50078764443715,85.661220835678,86.4322509765625,2647980.0
2018-05-02,DHR,86.15813822441467,86.39801665641299,85.03586459155315,85.29287719726562,2218099.0
2018-05-03,DHR,84.93303453013009,85.18147997579969,83.73365746886117,84.81310272216797,3544176.0
2018-05-04,DHR,84.53896614725507,86.08101939382021,83.84503960585334,85.84114837646484,3064663.0
2018-05-07,DHR,86.02103520093979,86.84346043999399,85.18146842283764,85.30997467041016,2973521.0
2018-05-08,DHR,85.24145475980698,85.36996103263826,84.7274370411883,84.9673080444336,2834100.0
2018-05-09,DHR,85.0015719877697,85.79830346541206,84.6246276463324,85.27571868896484,2316799.0
2018-05-10,DHR,85.66978515075903,86.90343038722715,85.44704836006937,86.672119140625,1649813.0
2018-05-11,DHR,86.64644115930028,87.71731201128114,86.46653237893815,87.22042846679688,2381885.0
2018-05-14,DHR,87.33178644070139,88.359829161969,87.24612297224273,87.9571762084961,2896591.0
2018-05-15,DHR,86.9119990702931,87.24611532153544,85.54984756063848,85.87539672851562,2938327.0
2018-05-16,DHR,85.85828038882201,86.69783998752068,85.74690828195001,86.26949310302734,1568822.0
2018-05-17,DHR,86.26948365106414,86.74923299385858,85.99534432919839,86.33802032470703,1627591.0
2018-05-18,DHR,86.22666671944168,86.96342874637935,85.96966151087756,86.74068450927734,1978512.0
2018-05-21,DHR,87.14333270502615,88.11996571410793,87.06622893493439,87.58881378173828,2442797.0
2018-05-22,DHR,87.66590332406356,87.79440958669389,86.78350102670781,86.87773895263672,1541863.0
2018-05-23,DHR,86.66355884468362,87.68302699407775,86.62929051208518,87.6573257446289,2321198.0
2018-05-24,DHR,87.7601514802471,88.35127298454817,87.28039471050168,87.63164520263672,1477567.0
2018-05-25,DHR,87.6830360905437,88.25702334840979,87.24612217729177,87.49456024169922,1379995.0
2018-05-29,DHR,86.62929207106978,86.90343136408589,85.34424432091186,86.1409683227539,3243564.0
2018-05-30,DHR,86.5522159890523,87.1090692090999,86.34660592403506,86.74068450927734,1686134.0
2018-05-31,DHR,86.79205904465093,86.79205904465093,85.03582909027506,85.05296325683594,2905502.0
2018-06-01,DHR,85.75545983964702,86.45795332155026,85.49844733186339,86.17523956298828,2482277.0
2018-06-04,DHR,86.51793163820969,87.61450370334342,86.38942537134884,87.2718276977539,2501904.0
2018-06-05,DHR,87.40033466351386,87.98288908771042,87.08335988202323,87.4603042602539,2213926.0
2018-06-06,DHR,87.55453242503071,88.13708678420174,87.11761849882892,88.06855010986328,3103579.0
2018-06-07,DHR,88.26560976525147,88.51404788407429,87.48601231970902,87.81156158447266,2514876.0
2018-06-08,DHR,88.03429625419723,88.41124802506677,87.80299231296169,88.23990631103516,2132710.0
2018-06-11,DHR,88.26558684796879,89.09658659323941,88.13708059261167,88.44549560546875,2326162.0
2018-06-12,DHR,88.61682407985592,89.20794544292595,88.17991021307502,88.376953125,3122304.0
2018-06-13,DHR,88.43693694247625,88.73677752748736,87.84581548425412,87.91434478759766,2332930.0
2018-06-14,DHR,88.23987248656526,88.591115492983,87.6487511724544,87.93145751953125,2968670.0
2018-06-15,DHR,87.42599855451618,88.29983350369861,86.20948771455264,87.64874267578125,5086716.0
2018-06-18,DHR,87.01481741096384,87.25469578196498,86.26948841663084,86.75780487060547,1855898.0
2018-06-19,DHR,86.04673073337361,86.36370541695389,85.33567025008794,85.69548034667969,3088802.0
2018-06-20,DHR,85.90111770344633,86.20095831737295,84.74457592898813,84.93304443359375,2692310.0
2018-06-21,DHR,84.98443444908018,85.18147738275091,83.68225241545038,83.8792953491211,3168778.0
2018-06-22,DHR,84.60747615670417,85.62694424765651,84.15342814850824,85.0700912475586,3180509.0
2018-06-25,DHR,84.88161419499548,84.88161419499548,83.98208527434018,84.69314575195312,3221794.0
2018-06-26,DHR,84.89019230374738,85.28427815149584,84.47041257776418,84.9158935546875,2636023.0
2018-06-27,DHR,85.24999304487312,86.35513187246299,84.08488464355469,84.08488464355469,3096924.0
2018-06-28,DHR,84.06774878869564,84.90010551551735,83.31262172170997,84.6255111694336,2271566.0
2018-06-29,DHR,84.8057180594547,85.50935872264535,84.64267765810375,84.677001953125,2653056.0
2018-07-02,DHR,84.24796060811796,84.31660920220045,83.57864420055913,84.2050552368164,2435126.0
2018-07-03,DHR,84.65984369252789,85.23476827578484,84.2737027405553,84.4968032836914,1403232.0
2018-07-05,DHR,85.02021233919086,85.33771197410745,84.30799819791775,84.83143615722656,2800824.0
2018-07-06,DHR,84.95158084271961,85.37204599541379,84.84002690421568,85.23474884033203,2147261.0
2018-07-09,DHR,85.46644885559533,85.74103581656823,84.98590875058959,85.3806381225586,3616030.0
2018-07-10,DHR,85.55225374773228,86.22156265023386,85.37205122065808,85.94697570800781,1986972.0
2018-07-11,DHR,85.23473455903081,85.47500454016603,84.52251307112245,84.58258056640625,2068752.0
2018-07-12,DHR,85.22616464541196,86.04994016097527,85.02879999221345,85.48359680175781,2658019.0
2018-07-13,DHR,85.69811626493365,85.87831877448292,84.51394311452533,85.1231918334961,2373538.0
2018-07-16,DHR,85.0202197738973,85.31197622068504,84.11922198712807,84.2393569946289,2203999.0
2018-07-17,DHR,84.27368008286776,85.68095371075758,84.0162479276019,85.44927215576172,4634839.0
2018-07-18,DHR,85.50934806292514,85.72386749532062,84.52253208882708,84.76280212402344,3597192.0
2018-07-19,DHR,90.95827414108001,91.02692273115763,88.13513041311836,88.55560302734375,6697049.0
2018-07-20,DHR,88.0150036737921,88.38398246452311,86.77076273528135,86.91663360595703,4199318.0
2018-07-23,DHR,87.01101275150636,88.75294833488701,86.67635830488638,88.50410461425781,3941232.0
2018-07-24,DHR,89.2334786840271,89.42226227627393,88.28099441990591,88.85591888427734,3745411.0
2018-07-25,DHR,88.84736633300781,89.25066947934745,88.23811738356049,88.84736633300781,3556584.0
2018-07-26,DHR,89.1305229761767,89.60247462381389,88.71005038369104,89.06187438964844,2786386.0
2018-07-27,DHR,89.1219328800482,89.27638479935524,88.09221157111905,88.16944122314453,2709343.0
2018-07-30,DHR,88.16945251840089,88.39256043061206,87.18264383003346,87.36284637451172,1968247.0
2018-07-31,DHR,87.80047430021338,88.47837172996904,87.3542658576921,88.02357482910156,4073321.0
2018-08-01,DHR,88.04072058292489,88.36680131905631,87.3799928081457,87.52586364746094,2426215.0
2018-08-02,DHR,87.26843609501753,87.39715217097336,86.43607952191313,87.05390930175781,2723894.0
2018-08-03,DHR,87.0625201993746,87.18265524475592,86.56482525325498,86.98529052734375,2508898.0
2018-08-06,DHR,86.70208129148938,87.91199747614759,86.62485165611855,87.79186248779297,2823610.0
2018-08-07,DHR,87.92059146889756,88.04930016202358,87.48295680414142,87.74897003173828,2439751.0
2018-08-08,DHR,87.64599629629426,87.77471237288141,87.17404473355137,87.48295593261719,1552805.0
2018-08-09,DHR,87.67176058589146,87.6889227335618,87.20838998353739,87.27703857421875,1443502.0
2018-08-10,DHR,87.01960619317477,87.01960619317477,85.67239237311308,86.09286499023438,1989454.0
2018-08-13,DHR,86.00706734554902,86.44469479218613,84.99451525027219,85.68956756591797,2500099.0
2018-08-14,DHR,85.77536523309678,86.74501918958416,85.6809734211184,86.48758697509766,2091876.0
2018-08-15,DHR,85.98130128617251,86.22156394112444,85.38921464452254,85.88690948486328,2005246.0
2018-08-16,DHR,86.2558895384869,86.82224035491723,85.9126540041826,86.22156524658203,1781902.0
2018-08-17,DHR,86.33311170200217,86.78790853026764,86.152916569886,86.4189224243164,3398438.0
2018-08-20,DHR,86.48757557325906,86.7535888264927,86.25588661076526,86.307373046875,1370294.0
2018-08-21,DHR,86.74501377086666,86.96811429140672,86.19582508093507,86.33312225341797,2152111.0
2018-08-22,DHR,86.27306306318478,86.55623850874858,85.68097633447856,86.40177917480469,1441697.0
2018-08-23,DHR,86.47042381691793,86.50474811178165,85.55226369880315,85.59516906738281,1839542.0
2018-08-24,DHR,85.7581977296682,86.16150817384272,85.64664377702418,85.93840026855469,3762106.0
2018-08-27,DHR,86.2730347144541,88.16942931494235,86.2730347144541,87.92058563232422,2887906.0
2018-08-28,DHR,88.12654113769531,88.32390581580033,87.78330560399617,88.12654113769531,1815629.0
2018-08-29,DHR,88.22092599390031,89.08760690998483,87.95492013779581,88.95030975341797,2247427.0
2018-08-30,DHR,88.34966512298703,88.84736006061506,88.06648966370543,88.39257049560547,2258933.0
2018-08-31,DHR,88.33250920998485,88.96750138482062,88.11798233174768,88.84736633300781,3275261.0
2018-09-04,DHR,88.95031068040075,89.2334786840271,88.1694404790328,88.85591888427734,2527848.0
2018-09-05,DHR,88.72719525413201,89.25921431139129,88.22091941180834,89.2506332397461,2153916.0
2018-09-06,DHR,89.25065937370897,89.96288114406697,89.14769386855991,89.75694274902344,2041229.0
2018-09-07,DHR,89.66254764798158,89.99720214313119,89.46518294958211,89.80842590332031,1698881.0
2018-09-10,DHR,90.11732389987101,90.65792408761642,89.97144566602465,90.21171569824219,2342066.0
2018-09-11,DHR,90.24604867838123,90.48631134898969,89.53382697047181,90.314697265625,1909930.0
2018-09-12,DHR,90.57212277916628,90.84671713025186,90.30611688629692,90.77806854248047,2996870.0
2018-09-13,DHR,90.89818526287422,92.27971565927902,90.87244204764501,92.17675018310547,2513410.0
2018-09-14,DHR,92.18535888723905,92.47710802921148,91.56752892128773,91.70481872558594,1538705.0
2018-09-17,DHR,91.51600819671177,91.51600819671177,90.66648954244899,90.93250274658203,2340487.0
2018-09-18,DHR,91.16420443117033,91.66190666503698,90.9239417719791,91.61042022705078,2094922.0
2018-09-19,DHR,91.81636305857282,92.6744630153213,91.62758682818907,92.25399780273438,2320860.0
2018-09-20,DHR,92.87181240083405,92.87181240083405,92.1767529534983,92.6487045288086,2027016.0
2018-09-21,DHR,92.75169173006569,93.18073801169163,92.6916242167738,92.74311065673828,4975608.0
2018-09-24,DHR,92.81175511913538,92.96620704742082,92.0995334493534,92.52857971191406,2210316.0
2018-09-25,DHR,92.6315676114707,92.85467554425588,92.34839215832027,92.69163513183594,2214715.0
2018-09-26,DHR,92.82035104440698,93.80715982162059,92.67447278098108,93.44676208496094,2260061.0
2018-09-27,DHR,93.54127028821907,93.86782343923865,92.75925111163744,92.96549987792969,2322439.0
2018-09-28,DHR,92.96552336963192,93.5327002246472,92.88818006272824,93.37801361083984,2202420.0
2018-10-01,DHR,93.82487237406235,94.46939249283427,93.65299837022687,93.91940307617188,2259497.0
2018-10-02,DHR,93.9623638029249,94.02251969929017,93.489717727094,93.63580322265625,1950650.0
2018-10-03,DHR,94.1428541787726,94.64128147315786,93.13739849283805,93.26630401611328,2706862.0
2018-10-04,DHR,92.94831584009583,93.04283913245291,91.61630730086962,91.95145416259766,2114436.0
2018-10-05,DHR,92.12332650930497,92.47566076260573,90.98037936625359,91.93426513671875,2164858.0
2018-10-08,DHR,91.81396833580112,91.99443603908104,89.82885318216665,90.7569580078125,2369815.0
2018-10-09,DHR,90.9202602513102,92.05461415444246,90.63666807772066,91.71946716308594,3438821.0
2018-10-10,DHR,91.52181133142655,91.59915465092146,89.16716652036651,89.23591613769531,3819408.0
2018-10-11,DHR,88.99525565681625,89.37337839568302,86.36561346440939,87.0273208618164,3967176.0
2018-10-12,DHR,88.38513268533593,89.19293316233448,87.48280889545211,88.84059143066406,3272554.0
2018-10-15,DHR,88.42807628333088,88.54838806025923,87.51715904923549,87.64605712890625,2526382.0
2018-10-16,DHR,88.47107878687666,90.34448356100017,88.16171292288088,90.2757339477539,2648093.0
2018-10-17,DHR,89.91478718711512,90.67101798443413,89.23589229301325,90.19837188720703,3972252.0
2018-10-18,DHR,91.09212133149833,91.17805834156746,86.3656375469792,87.0015640258789,6239419.0
2018-10-19,DHR,86.96717780422433,87.65466639890745,85.76407461243159,86.27110290527344,4805280.0
2018-10-22,DHR,86.33986112255279,86.66642177851121,83.93365429267679,84.698486328125,4116072.0
2018-10-23,DHR,83.66723358192831,84.19144182977993,82.18053843349469,83.71879577636719,3816926.0
2018-10-24,DHR,83.99377419384732,84.77579329697974,82.21490093848237,82.33521270751953,3740222.0
2018-10-25,DHR,82.96257826149528,85.22269209670516,82.49852579188476,84.46646118164062,3909310.0
2018-10-26,DHR,83.36645421416148,84.2945663195619,82.43834950437129,83.4781723022461,3080117.0
2018-10-29,DHR,84.4922170387436,84.93908197241393,82.01726141286204,83.22895812988281,3604862.0
2018-10-30,DHR,83.47817348866006,84.5437773989298,82.91099673670291,83.97660064697266,3585348.0
2018-10-31,DHR,84.75863393871767,86.31407896171991,84.28598779961986,85.42034149169922,3231946.0
2018-11-01,DHR,85.41174676101666,86.59766264258056,84.86175732287192,86.38282012939453,2560447.0
2018-11-02,DHR,87.0445218945538,87.42264469265346,85.91876199143357,87.01014709472656,2934830.0
2018-11-05,DHR,87.26794998125695,87.67184644607103,86.82108502065303,87.44841766357422,2332253.0
2018-11-06,DHR,87.3194986978492,87.85230056779119,86.38279302982812,86.98434448242188,2776685.0
2018-11-07,DHR,87.68044775077801,89.51947734327226,87.5257685481278,89.43354034423828,2323567.0
2018-11-08,DHR,89.39058105637598,90.24994373966167,89.33043254646485,90.01791381835938,1826683.0
2018-11-09,DHR,89.72572163966721,89.906189328585,88.72886729210435,89.70853424072266,2943967.0
2018-11-12,DHR,89.49369051540705,89.68275190118068,86.93280508616196,87.26795196533203,2637602.0
2018-11-13,DHR,87.56012823571218,88.38511595812363,86.19375225831952,86.35702514648438,2240659.0
2018-11-14,DHR,87.10467853210348,87.61169943823923,85.98751231947669,86.5718765258789,2130792.0
2018-11-15,DHR,86.00468593869782,87.37106923324272,84.82736401451028,87.3538818359375,2555146.0
2018-11-16,DHR,87.01014872479287,89.02105236552632,86.97577392432164,88.68590545654297,3121966.0
2018-11-19,DHR,88.73744291884435,88.86634098906586,86.47732260477547,87.05309295654297,3227546.0
2018-11-20,DHR,86.67498994125084,88.28198945628685,86.43436637091793,87.62887573242188,3128734.0
2018-11-21,DHR,87.87812194230182,89.17575611843681,87.58593608210154,88.46248626708984,2398805.0
2018-11-23,DHR,87.56872511183,88.51402465658153,87.56872511183,88.00700378417969,1037873.0
2018-11-26,DHR,88.59995209831224,88.90072415129674,88.12730607470246,88.754638671875,2282395.0
2018-11-27,DHR,88.47105912009386,89.39057020163398,88.03278782868739,89.3733901977539,2117143.0
2018-11-28,DHR,89.76868556327709,92.02879882688964,89.61399898065747,91.92567443847656,2459040.0
2018-11-29,DHR,91.41005100022906,93.46392268283797,91.22098963986244,92.75924682617188,2594851.0
2018-11-30,DHR,92.90538506310247,94.24598044987687,92.81085433675791,94.13426971435547,3698148.0
2018-12-03,DHR,94.95921519296112,95.26858836462957,93.0944046505685,93.36080932617188,5096868.0
2018-12-04,DHR,93.41239597374813,93.58427000299935,91.10071986276832,91.34992980957031,4726320.0
2018-12-06,DHR,90.06946588809716,90.68820487966846,88.00700751326671,90.11243438720703,4043090.0
2018-12-07,DHR,89.94056611453071,90.63664099595003,87.12186220776158,87.54295349121094,2755817.0
2018-12-10,DHR,87.38825851530255,87.73199907321066,85.53204175313473,87.4140396118164,3484166.0
2018-12-11,DHR,88.48824284917127,88.98667001812149,86.45155828081504,87.07029724121094,2254759.0
2018-12-12,DHR,88.12729217501881,89.42491826174525,87.6202640416441,87.680419921875,3062633.0
2018-12-13,DHR,88.23045901306887,89.3734139878415,87.51719653555764,88.0843734741211,2694115.0
2018-12-14,DHR,87.06169007695749,87.51715607413144,85.1968797847903,86.27967834472656,2898622.0
2018-12-17,DHR,85.91016589072811,87.18201865757236,85.28283320702263,86.25391387939453,5055470.0
2018-12-18,DHR,86.69220198091986,87.03594264063464,85.48909857849983,86.55470275878906,3987818.0
2018-12-19,DHR,86.69219246362955,88.60856547485655,85.42893329021112,86.49453735351562,4805393.0
2018-12-20,DHR,85.78985538931045,86.25391518101304,83.87348990601917,84.52660369873047,6051833.0
2018-12-21,DHR,84.62111363793656,86.56326730966992,84.14846761663948,84.62970733642578,7098053.0
2018-12-24,DHR,84.21723220053349,84.44926210105824,81.28681747196117,81.51024627685547,3495898.0
2018-12-26,DHR,81.80240107702423,85.93591745062501,81.63912083853295,85.90154266357422,3092750.0
2018-12-27,DHR,84.81705371189567,87.36483764648438,84.26618251083167,87.36483764648438,2977130.0
2018-12-28,DHR,88.10506892207891,88.69897748445663,87.25293602498566,87.64888000488281,2827783.0
2018-12-31,DHR,87.92431360958719,89.20681301551998,87.92431360958719,88.75923156738281,2233778.0
2019-01-02,DHR,87.50253390018518,87.94150776650815,86.04788527844342,86.50407409667969,2703929.0
2019-01-03,DHR,86.04789686486878,87.35621857151409,83.00949448037828,84.0251693725586,3631145.0
2019-01-04,DHR,84.8686758531874,87.25291706235626,84.8686758531874,86.4610366821289,2883958.0
2019-01-07,DHR,86.70205238933477,87.49393282783764,86.33193830357669,86.81394958496094,2657794.0
2019-01-08,DHR,87.56278286025142,89.06906887226673,87.33038101837046,89.02603149414062,4116298.0
2019-01-09,DHR,89.58552110915636,90.65284081154428,89.28426683239014,89.82653045654297,3401597.0
2019-01-10,DHR,89.55109913103689,90.74752368227216,88.83669331725166,90.6872787475586,1889851.0
2019-01-11,DHR,90.01588769915917,90.62701108766687,89.688803611173,90.60118865966797,1745806.0
2019-01-14,DHR,89.82652569871667,90.36018181791104,89.49944900919752,89.59412384033203,1763515.0
2019-01-15,DHR,89.74045134536453,90.7905486360664,89.55108686729918,90.41182708740234,2336201.0
2019-01-16,DHR,90.62703691365405,91.02297351500091,89.65439925598908,89.93844604492188,3163476.0
2019-01-17,DHR,89.93844910264933,91.16930374826762,89.90401918766874,90.8680419921875,3487889.0
2019-01-18,DHR,91.59103593521881,92.69277807651363,91.26395924630523,92.4862060546875,3556584.0
2019-01-22,DHR,91.95253286194247,92.0127851891518,90.65282631168164,91.59102630615234,3026762.0
2019-01-23,DHR,91.43613430249052,92.0730803647987,90.33439176430049,91.35005950927734,2142862.0
2019-01-24,DHR,91.32422635290835,91.66851804995733,90.5667757304392,91.28118896484375,1873382.0
2019-01-25,DHR,91.90952275219348,92.65835845152537,91.18650207692059,91.52218627929688,3158964.0
2019-01-28,DHR,90.84221822782989,91.27259215879508,90.34299187537896,91.26398468017578,2369364.0
2019-01-29,DHR,91.40165218831667,92.78744075272566,89.94701123612607,90.60977935791016,4098137.0
2019-01-30,DHR,91.28118050406987,94.23350801431363,90.88523657057524,93.8289566040039,3973831.0
2019-01-31,DHR,93.51047163515427,95.6278809455232,93.02846042207945,95.47295379638672,3258115.0
2019-02-01,DHR,95.48160229511357,95.54185464856839,93.80315869238176,94.07859802246094,2919377.0
2019-02-04,DHR,93.99250965888665,94.32820129394531,93.4158160522795,94.32820129394531,2177717.0
2019-02-05,DHR,94.6811126979438,95.27502133685248,93.84619464891087,94.25935363769531,2898847.0
2019-02-06,DHR,94.06136625461603,94.6208448863858,93.87200174902794,94.38844299316406,1802206.0
2019-02-07,DHR,93.70847765966816,94.42288356008103,92.81330730332465,93.46746826171875,1924819.0
2019-02-08,DHR,92.89075809789576,94.13021996637633,92.58088892704198,94.03553771972656,1420716.0
2019-02-11,DHR,94.30236496665269,94.62083419167838,93.8892060920677,94.40564727783203,1860185.0
2019-02-12,DHR,95.11144751738065,95.97218771615506,94.65525869353947,95.86029052734375,2000282.0
2019-02-13,DHR,96.1013227306531,96.2218200167405,95.19754493645391,95.731201171875,2213136.0
2019-02-14,DHR,95.51601529746733,95.6192976204888,94.93071423216286,94.99095916748047,2535744.0
2019-02-15,DHR,95.85170281998916,96.04967481025483,95.2233643453096,95.7484130859375,4567159.0
2019-02-19,DHR,95.84308317242159,96.24762717195536,95.45575412637723,95.8172607421875,2668848.0
2019-02-20,DHR,95.55044725566874,96.60054472321485,95.24918553528457,96.57472229003906,1921661.0
2019-02-21,DHR,96.25624117961337,96.8071123211832,95.80005228865934,96.77268981933594,2054878.0
2019-02-22,DHR,96.87598741458422,97.80558770519055,96.71245272702124,97.67647552490234,2093342.0
2019-02-25,DHR,106.67976199614424,106.81748162268656,104.43324021804082,105.9997787475586,9931814.0
2019-02-26,DHR,105.38003877554084,106.22356400812343,104.41601628756047,106.0514144897461,7519248.0
2019-02-27,DHR,107.91921889395681,109.76980406874536,107.61796463211371,108.78856658935547,17497649.0
2019-02-28,DHR,108.54755290431179,110.03663142372659,108.28072855822454,109.33082580566406,7028906.0
2019-03-01,DHR,109.7870225400047,110.35510858430102,108.8229999822494,109.97638702392578,4092158.0
2019-03-04,DHR,109.99361360352285,110.5100548431567,107.4630448625961,108.35820770263672,5082542.0
2019-03-05,DHR,107.95366970392809,108.97794476299576,107.62659294994957,107.89341735839844,3788275.0
2019-03-06,DHR,107.60073365448882,107.82452059660915,106.53341416392936,107.28225708007812,4279858.0
2019-03-07,DHR,107.11011964281973,107.5921382962113,106.42153638147883,107.12733459472656,3203858.0
2019-03-08,DHR,106.50761456033844,107.72125389380075,106.3010351308243,107.62657165527344,2672345.0
2019-03-11,DHR,107.86756794209636,109.15006701833784,107.60935107617188,108.7369155883789,3702434.0
2019-03-12,DHR,108.96073169482092,110.00222913526575,108.80580449681447,109.6923599243164,2802854.0
2019-03-13,DHR,109.95917816356547,110.99206059088665,109.8300660082835,110.2862548828125,2432194.0
2019-03-14,DHR,110.17435309608938,110.39814748926376,109.77841657717093,110.26903533935547,2572517.0
2019-03-15,DHR,110.2862686634824,111.39661852271502,110.20019388253907,110.76828002929688,6192043.0
2019-03-18,DHR,110.871534391333,111.19861845455699,109.60625033010875,110.23458862304688,3218297.0
2019-03-19,DHR,110.63055755352464,111.84419703762318,110.51005287135109,111.77533721923828,3570346.0
2019-03-20,DHR,111.33636625994436,112.0507720798448,111.09535688915632,111.67205047607422,3587040.0
2019-03-21,DHR,110.8543331351635,113.98741751155556,110.8543331351635,113.86691284179688,3390994.0
2019-03-22,DHR,113.21275122864144,114.13374379057078,111.60317537368589,111.62899780273438,3319591.0
2019-03-25,DHR,111.35357823139564,112.08520644288632,110.90599678961836,111.43104553222656,1974338.0
2019-03-26,DHR,112.48973241154465,113.66033432167305,112.25733056171634,112.8254165649414,2145907.0
2019-03-27,DHR,112.6274656667627,112.89429747013517,110.88877742848086,111.67205047607422,3322298.0
2019-03-28,DHR,112.04263969305843,112.2322452064894,111.19800769204326,111.90473937988281,1644737.0
2019-03-29,DHR,112.42187181774919,113.91290430103366,112.10298472191064,113.78362274169922,3622121.0
2019-04-01,DHR,114.7575258284969,115.92104499610367,113.17169432920979,113.61124420166016,2689603.0
2019-04-02,DHR,113.76636362436557,113.78360116234101,113.26648244026256,113.43885040283203,2333945.0
2019-04-03,DHR,113.82669640429174,113.82669640429174,112.77521399206937,112.8786392211914,2649785.0
2019-04-04,DHR,113.1286064975311,113.44749360156092,112.20640543444316,112.4477310180664,2556499.0
2019-04-05,DHR,112.74935658820536,113.56813222693984,112.41323201401292,113.41299438476562,3048984.0
2019-04-08,DHR,113.46471876325245,113.8008507894813,112.2839621208714,113.72328186035156,2395646.0
2019-04-09,DHR,113.10273900576406,114.22316427032577,112.93036360592814,113.61985778808594,2327515.0
2019-04-10,DHR,113.71468278958436,114.15423271361162,113.20618269438623,113.33545684814453,1843378.0
2019-04-11,DHR,113.5595356118106,113.67157963079465,112.77523489610871,113.2751235961914,1637743.0
2019-04-12,DHR,113.46471678755333,114.21454233889868,112.92174171028552,113.44747924804688,2467500.0
2019-04-15,DHR,113.43024806861624,113.70604871618384,111.76684766453238,112.47357940673828,2761006.0
2019-04-16,DHR,113.26648098850698,113.50779909988523,110.16376127861932,110.47402954101562,3525902.0
2019-04-17,DHR,111.27557788031774,111.86164680077594,106.88005726828837,107.6298828125,6662306.0
2019-04-18,DHR,110.52575630346092,111.79270065623824,107.98324882792568,109.2588119506836,6535294.0
2019-04-22,DHR,108.19011595871505,109.94832305380204,107.73332849662587,109.34501647949219,3082034.0
2019-04-23,DHR,108.1556493345335,110.88777038387018,107.60405534491488,110.12932586669922,3927922.0
2019-04-24,DHR,110.11207047782442,111.93922759019566,109.6983694897647,111.43934631347656,2940696.0
2019-04-25,DHR,110.97393179091216,112.70628982981832,110.43957543624134,112.37877655029297,2442571.0
2019-04-26,DHR,112.87004881866154,113.25789352534257,111.86166741566483,112.84419250488281,1924255.0
2019-04-29,DHR,112.8958936876185,113.71466945708806,112.16330562200743,113.18031311035156,2643242.0
2019-04-30,DHR,113.5164517255182,114.4127965389065,112.67182695800405,114.14561462402344,2893433.0
2019-05-01,DHR,114.33521862255219,114.35245616409502,112.99932398735558,113.38716125488281,2043710.0
2019-05-02,DHR,113.5422873656809,115.11088864919721,113.09411874918443,115.06779479980469,1920420.0
2019-05-03,DHR,115.48148262448746,116.06755153005007,114.81784479385526,115.98998260498047,2611433.0
2019-05-06,DHR,113.90429038783314,115.54183462434293,113.86119653288394,115.30912780761719,3097488.0
2019-05-07,DHR,114.70582189035119,114.70582189035119,111.80133313663327,112.67182159423828,2551085.0
2019-05-08,DHR,112.76660298698377,114.6023786787384,112.37014699857161,113.5250473022461,2674714.0
2019-05-09,DHR,112.31842563140759,113.27510157494854,111.89611336683072,113.1975326538086,2464567.0
2019-05-10,DHR,112.87004125522849,113.99908538020195,111.11183428765304,113.49058532714844,1790813.0
2019-05-13,DHR,111.5600024489471,112.28397176582627,110.58609620058887,111.57723999023438,2621134.0
2019-05-14,DHR,111.93921559437753,113.62847219636858,111.82717158878508,112.68904113769531,1984716.0
2019-05-15,DHR,111.80131974207214,113.36991363141628,111.16353817889136,112.94760131835938,1860410.0
2019-05-16,DHR,113.5422818496834,114.74889473968406,113.21477602739657,113.99906921386719,2598574.0
2019-05-17,DHR,112.78383404867189,114.53342936025588,112.78383404867189,112.99068450927734,3078876.0
2019-05-20,DHR,112.19778813434105,112.85280730986098,111.51691264595112,112.31845092773438,2874595.0
2019-05-21,DHR,113.16306363893307,113.85255777992235,112.21500641362829,112.22362518310547,3238939.0
2019-05-22,DHR,112.36152552022111,113.87841411417858,112.12019997480523,113.54228210449219,2170046.0
2019-05-23,DHR,112.68904234413397,113.52504817582594,112.23224754721278,113.44747924804688,1877669.0
2019-05-24,DHR,114.31796868758748,114.83508746062418,113.59399943846181,113.80084991455078,2018669.0
2019-05-28,DHR,114.31799062559261,115.58493520039701,111.94785813431305,112.15470123291016,4002257.0
2019-05-29,DHR,111.99095812308654,112.54255211152298,111.31870132716985,112.28398895263672,2034235.0
2019-05-30,DHR,112.26674469995554,114.26627742429322,112.14608189968575,114.14561462402344,2246412.0
2019-05-31,DHR,113.42164714935655,114.48174863810355,112.68906639832933,113.77501678466797,2246863.0
2019-06-03,DHR,113.93875904578479,115.33497761583396,113.08550818309948,113.69743347167969,2601958.0
2019-06-04,DHR,115.24018623115077,115.24018623115077,113.63711695908742,114.15423583984375,3767520.0
2019-06-05,DHR,115.22289554722505,116.19680887533059,114.39550868647967,115.6624526977539,3417389.0
2019-06-06,DHR,115.71421902481903,117.04148760870495,115.3780869301277,116.28305053710938,2416176.0
2019-06-07,DHR,117.02422884260193,118.80829200085513,116.55020390452408,118.52388000488281,2686332.0
2019-06-10,DHR,119.10133322282215,119.79082743088418,118.092951930269,118.9117202758789,1980317.0
2019-06-11,DHR,119.55811354735907,120.21313263534232,117.38621322527854,118.86000061035156,1970842.0
2019-06-12,DHR,118.92035129874255,119.79083977312,118.81692604429925,119.60122680664062,2059051.0
2019-06-13,DHR,119.885644730463,120.19591307265688,119.25648185779451,120.16143798828125,1723020.0
2019-06-14,DHR,120.1614130711221,120.87676350639171,119.87700110118676,120.3424072265625,2591242.0
2019-06-17,DHR,120.65267566733192,120.85952613097167,119.49777541304721,120.10108184814453,2481149.0
2019-06-18,DHR,121.05775155744315,121.988563761258,120.33378238937331,121.53177642822266,2064353.0
2019-06-19,DHR,121.30772622231724,123.40206545902002,121.30772622231724,122.85047149658203,2169257.0
2019-06-20,DHR,124.04845448761753,124.60004098208451,122.92802912278424,123.80712890625,2316574.0
2019-06-21,DHR,123.50547602895658,124.1777327132348,122.87631319733634,123.8760757446289,3402161.0
2019-06-24,DHR,123.78988353138799,124.18634696140387,122.48846406288195,122.51432037353516,2448437.0
2019-06-25,DHR,122.7556505456882,123.7554130940867,122.22129418932441,122.55741882324219,2632526.0
2019-06-26,DHR,122.39365968250857,122.80735321777466,120.51479010834706,121.44560241699219,2614027.0
2019-06-27,DHR,122.32576777384094,122.61915247908607,121.33342688760567,122.51560974121094,1822961.0
2019-06-28,DHR,122.51561593935409,123.4906985142494,121.43697576905487,123.32674407958984,4261358.0
2019-07-01,DHR,124.29322949847204,125.01806597444312,123.7064525160237,124.25871276855469,1710499.0
2019-07-02,DHR,124.6124892322881,124.69878104321946,123.39578212430148,124.37950134277344,1997575.0
2019-07-03,DHR,124.72465977414022,125.41499429502132,124.42264584740063,125.38910675048828,1639435.0
2019-07-05,DHR,124.75055376380666,125.55306768579214,123.49071547654782,124.64701843261719,1268662.0
2019-07-08,DHR,124.23279982846297,124.25868737060969,123.09376282629793,123.93077850341797,2205240.0
2019-07-09,DHR,123.46481709024944,123.66328825783049,122.61916475887583,122.78311920166016,2822256.0
2019-07-10,DHR,123.1628309311637,123.93081337867642,123.01613481771736,123.05065155029297,2653394.0
2019-07-11,DHR,123.55973157969129,123.59424830267115,122.49835720035088,123.14553833007812,2617073.0
2019-07-12,DHR,122.87803268879162,123.08513302492102,120.38422917914733,120.83293914794922,4832126.0
2019-07-15,DHR,121.1349697668722,121.98061468533494,120.40149677960866,121.764892578125,2745665.0
2019-07-16,DHR,122.05826722578357,122.29988428316544,120.54818289558219,120.66036224365234,2457461.0
2019-07-17,DHR,121.14358733174691,121.94609369273192,120.31519342924159,120.50503540039062,3107866.0
2019-07-18,DHR,122.05828934319982,124.25870852178784,121.55780420264983,123.39579772949219,5628833.0
2019-07-19,DHR,123.82722770741104,123.99981132084801,122.04100958677391,122.19633483886719,4310990.0
2019-07-22,DHR,122.53288784844464,122.80901423751843,121.69586464720558,122.2049789428711,2697274.0
2019-07-23,DHR,122.4120872620886,123.27499063845437,122.11006588205801,122.97297668457031,3720595.0
2019-07-24,DHR,122.91255873587582,123.29223528810428,121.71311738375795,123.12828826904297,3323426.0
2019-07-25,DHR,123.05060803135018,124.00843216927794,122.34302268994709,123.57698059082031,1486253.0
2019-07-26,DHR,124.29321912313536,124.37951094072557,122.49837159569726,122.77449798583984,1768478.0
2019-07-29,DHR,122.83488882752157,123.55973258987962,122.22222441576523,123.1196517944336,1655904.0
2019-07-30,DHR,122.51563107747806,123.46482622734197,122.06691362191329,123.13692474365234,2302135.0
2019-07-31,DHR,122.95571027485903,123.20594911865012,120.17714346496864,121.238525390625,2240659.0
2019-08-01,DHR,121.53191194375808,122.84353273263974,120.06497330772565,120.99691009521484,2808494.0
2019-08-02,DHR,121.04865902780232,121.17809672757838,119.6248591825548,120.10809326171875,2279914.0
2019-08-05,DHR,118.36504784682072,119.04674583582957,115.72455514163524,117.09657287597656,3136178.0
2019-08-06,DHR,117.60567009096583,119.29696722364257,117.17421105751885,119.27970886230469,3366065.0
2019-08-07,DHR,117.6056786073719,119.66802323201242,116.06107000806927,119.25382995605469,2328869.0
2019-08-08,DHR,120.02182752720186,121.73038325686196,119.60762679796582,121.57505798339844,2109360.0
2019-08-09,DHR,121.45425392121336,122.11006434056875,120.10812377993844,121.07457733154297,1474070.0
2019-08-12,DHR,120.42737664342503,121.42834676206756,119.10712683577799,119.4350357055664,1378754.0
2019-08-13,DHR,118.8396337811743,122.04964458729805,118.8396337811743,121.27303314208984,1890415.0
2019-08-14,DHR,120.05633004768544,121.01415426840657,117.60567239429065,117.66607666015625,2696710.0
2019-08-15,DHR,118.85689102690218,120.28931279484263,117.76962164676164,118.38228607177734,2536082.0
2019-08-16,DHR,119.57310562153292,121.28166871376811,118.97769952155578,121.10908508300781,2243254.0
2019-08-19,DHR,122.37755191111879,122.65367827612576,121.00552698862121,122.28263092041016,1809538.0
2019-08-20,DHR,122.4552320914006,122.9643464156638,120.80707314151985,120.86747741699219,1750543.0
2019-08-21,DHR,122.01512762082739,122.170452880019,120.11673749084531,121.08319091796875,1645188.0
2019-08-22,DHR,121.4542257527551,122.14455274071595,119.74567035627797,120.4273681640625,1403909.0
2019-08-23,DHR,120.39288622232277,120.97966321767528,116.09560523613479,116.83770751953125,2547926.0
2019-08-26,DHR,117.68334130781241,118.17519721570207,116.46664159696373,117.70059967041016,1648798.0
2019-08-27,DHR,119.0639786759833,119.77156406071185,118.22696300809369,119.29696655273438,3413441.0
2019-08-28,DHR,118.58937737504375,120.62584165789104,118.43405212884429,120.3669662475586,1845521.0
2019-08-29,DHR,121.35930926163472,122.77447249788833,120.85018764354601,122.25672912597656,2486338.0
2019-08-30,DHR,123.24045746468927,123.72369160825777,121.85981076150165,122.61053466796875,2211218.0
2019-09-03,DHR,121.28166214054325,121.66996786256263,119.918266383722,120.69488525390625,2166550.0
2019-09-04,DHR,121.22125983329686,122.53288052490609,120.32383241361585,121.03141784667969,1764982.0
2019-09-05,DHR,122.42932313250343,123.78408965029107,121.66133347624772,123.35263061523438,2517132.0
2019-09-06,DHR,123.90490501203139,125.06120050675098,123.49934089855394,124.54345703125,1931249.0
2019-09-09,DHR,124.34499411211283,124.49168277575028,120.01319685564557,120.25480651855469,2285779.0
2019-09-10,DHR,119.3314937109587,119.39189798058402,115.49155255593725,117.86454772949219,4356674.0
2019-09-11,DHR,117.8300166028375,120.59995378110361,116.90670916084538,120.37559509277344,3226982.0
2019-09-12,DHR,121.11769778869412,122.66229879544635,120.9019682795898,122.30850982666016,2459830.0
2019-09-13,DHR,122.00648996352525,123.18004365470644,120.82430709187736,121.68721771240234,2427118.0
2019-09-16,DHR,121.09182406244244,122.23086114817124,120.43601370609164,121.36795043945312,2609290.0
2019-09-17,DHR,121.36793193053173,123.1455281649718,121.25576001625167,122.81761932373047,2050704.0
2019-09-18,DHR,122.86940826958026,124.91449446352911,122.38618155936405,124.21554565429688,2944193.0
2019-09-19,DHR,124.2586691298936,126.7869890038272,124.17237733540522,125.76876068115234,2957390.0
2019-09-20,DHR,126.5540148520728,127.13216993770243,125.83780773261246,126.39006042480469,5756748.0
2019-09-23,DHR,125.38048622893717,126.27790631577513,124.43991280541768,124.77644348144531,2029836.0
2019-09-24,DHR,125.44086917967819,126.14844713987861,123.45617991088359,124.7332763671875,3469502.0
2019-09-25,DHR,124.39675102928706,124.86271937749036,123.1110253377611,124.21554565429688,2355828.0
2019-09-26,DHR,125.14859158121546,125.25226419464308,122.45314080672907,123.3343505859375,2073941.0
2019-09-27,DHR,123.74901656960564,124.0686663154119,121.59783244189052,122.29761505126953,1879474.0
2019-09-30,DHR,122.87643507610596,125.39910501888072,122.53086721206168,124.77708435058594,2460281.0
2019-10-01,DHR,124.62158154378892,125.5805456674832,122.47040481415465,122.60863494873047,1894814.0
2019-10-02,DHR,121.40778756814092,121.88294626795569,117.90023472995665,118.4531478881836,3237134.0
2019-10-03,DHR,118.1421233238019,119.94773211454013,116.91534577469073,119.92181396484375,2151322.0
2019-10-04,DHR,120.39696980166605,122.44448127518368,120.26738649112961,122.3753662109375,2161474.0
2019-10-07,DHR,121.57191237179534,121.92612707998397,120.64751324710471,120.67343139648438,2074618.0
2019-10-08,DHR,119.55897308601676,119.78358962598938,116.12917495162097,117.1658935546875,3074702.0
2019-10-09,DHR,118.32356888216458,119.00607282934779,117.67562247331604,118.5309066772461,1838302.0
2019-10-10,DHR,117.97798935492825,120.44882351936484,117.65833957148652,119.87863159179688,2012014.0
2019-10-11,DHR,121.07948747947061,122.66911926916003,119.81815228251257,119.84407043457031,2200051.0
2019-10-14,DHR,120.80301886379164,120.94988093803073,119.58488074586857,119.91316986083984,1241138.0
2019-10-15,DHR,120.69072373850759,121.55464727848988,118.86783599853516,118.86783599853516,2355264.0
2019-10-16,DHR,118.53088955841433,119.63672319048712,118.28035487659797,118.69503784179688,2383351.0
2019-10-17,DHR,119.19610327439962,119.65399054754168,118.86781417386398,119.02332305908203,1160825.0
2019-10-18,DHR,118.72959793429375,119.72311216948879,118.36675126128941,119.23067474365234,1617890.0
2019-10-21,DHR,119.81815772702122,119.9995847996694,118.80736462069115,119.4207534790039,1519416.0
2019-10-22,DHR,119.52441000837385,120.71663002692333,118.33218998982437,118.4272232055664,2064578.0
2019-10-23,DHR,118.94558422039596,120.08596799174734,118.70368147832265,119.61080932617188,2702350.0
2019-10-24,DHR,118.94558953951173,119.50714206665396,117.22637442195779,117.87431335449219,3136968.0
2019-10-25,DHR,117.26090746683126,117.76199166779094,116.69935502137032,117.3818588256836,2667946.0
2019-10-28,DHR,117.73610435737558,118.79873384719943,117.51148034638682,117.67562866210938,2194524.0
2019-10-29,DHR,117.35594508610144,119.83541829602173,117.3041087875031,118.59136199951172,2653620.0
2019-10-30,DHR,118.7123180248773,119.92181683648683,118.18532307002359,119.43801879882812,3577565.0
2019-10-31,DHR,119.39483274472747,119.82679452105403,118.06438244392137,119.06654357910156,2862187.0
2019-11-01,DHR,119.84407093855802,120.37106593102229,117.95206813516441,117.98662567138672,2592595.0
2019-11-04,DHR,118.84193691620747,119.2134230571207,116.8030642466088,116.82034301757812,2452836.0
2019-11-05,DHR,116.77712171252423,117.10541829240837,114.79872515431536,115.3084487915039,3566172.0
2019-11-06,DHR,115.65403903485863,116.67347163622118,115.20479843162241,116.50933074951172,2898734.0
2019-11-07,DHR,116.49203465144615,116.82032381096153,115.82680951342509,116.19829559326172,2868842.0
2019-11-08,DHR,116.3797160929334,117.165892563501,116.08597705132055,116.8289566040039,1875187.0
2019-11-11,DHR,116.3278881664599,117.26956617428094,115.91320515984182,116.215576171875,1240236.0
2019-11-12,DHR,116.3451902462369,117.74475589701883,116.22423884321887,117.09680938720703,1726742.0
2019-11-13,DHR,116.8808121504923,118.96288163055941,116.16375063047163,118.40132904052734,5229746.0
2019-11-14,DHR,118.21986635923068,118.47904039624689,116.74254683901724,117.6237564086914,2434675.0
2019-11-15,DHR,120.31058241001212,123.56759281229282,120.06004772363701,123.53303527832031,15505714.0
2019-11-18,DHR,123.19610158502671,123.60214515723166,121.04491749032547,121.14859008789062,5890754.0
2019-11-19,DHR,121.0881322741736,124.23283102306671,120.30196316314509,124.06004333496094,8089226.0
2019-11-20,DHR,123.60214380910132,124.25009010189113,123.0578701127459,123.50711059570312,6856548.0
2019-11-21,DHR,123.2047594829382,123.78359080473648,121.85703038190964,123.69719696044922,7818281.0
2019-11-22,DHR,124.05140169172225,124.27602568216959,123.07516614155351,123.81814575195312,5009335.0
2019-11-25,DHR,124.39698571156944,125.26954871143603,124.10324662671319,125.21771240234375,5518176.0
2019-11-26,DHR,125.26952050643823,126.47901924308053,125.04489655094679,126.11616516113281,9711854.0
2019-11-27,DHR,126.4012628707667,127.17016793746267,125.93475107093587,126.6431655883789,9876881.0
2019-11-29,DHR,126.70364319857197,126.99738221729156,125.45094754741208,126.11616516113281,2253631.0
2019-12-02,DHR,126.55678984234392,126.72093813846189,124.46608865254541,125.86565399169922,9419251.0
2019-12-03,DHR,124.8634688577782,126.98872704814784,124.50061482093764,126.72954559326172,10916897.0
2019-12-04,DHR,126.91100589418575,129.2522492442866,126.10754317333013,127.26522064208984,17386428.0
2019-12-05,DHR,126.94556781935161,127.25658565753217,125.71015072087597,127.16155242919922,17027950.0
2019-12-06,DHR,127.61076779996333,128.6733970627724,126.81595941611727,128.05137634277344,25289760.0
2019-12-09,DHR,128.26734790937022,128.9930411540531,127.2306369013165,127.45524597167969,39237706.0
2019-12-10,DHR,127.75763968323999,128.67339944875994,126.34079568327185,128.58700561523438,45906216.0
2019-12-11,DHR,129.07082902428314,129.99522830165043,128.0254783631674,129.30409240722656,59998771.0
2019-12-12,DHR,129.02763043590207,132.19823991653382,128.7857276715279,130.71229553222656,83263658.0
2019-12-13,DHR,130.60863946433122,131.36889052167678,128.1032473984944,128.3105926513672,72307733.0
2019-12-16,DHR,127.9649611748291,132.64744660495688,127.88720673906217,130.8332061767578,103834430.0
2019-12-17,DHR,131.08372976917326,131.55889575244618,129.6496221775359,130.25436401367188,29560481.0
2019-12-18,DHR,130.4531082488794,130.83324114756908,129.21769119799,129.5978240966797,36767837.0
2019-12-19,DHR,130.39261381575642,133.04487460154107,128.8720973094328,129.9692840576172,39905820.0
2019-12-20,DHR,130.50492642174584,132.22413387135094,130.22846617019925,132.05136108398438,22148844.0
2019-12-23,DHR,132.7943720362448,132.91532343172364,131.70582434678965,132.38832092285156,18189902.0
2019-12-24,DHR,132.04271615510757,132.5956217651277,131.71441962018503,132.47467041015625,1747046.0
2019-12-26,DHR,132.2151808799936,132.6130185661479,131.91246696613214,132.17193603515625,1937002.0
2019-12-27,DHR,132.50062917232646,132.65631066920176,131.80872629479086,132.223876953125,2924678.0
2019-12-30,DHR,132.27575973279068,132.31034073174104,131.59249099804126,132.18927001953125,2281493.0
2019-12-31,DHR,132.08552124125274,132.82931810785715,131.679019469285,132.74282836914062,2475170.0
2020-01-02,DHR,133.15797084352585,134.2650245439722,132.44010605677065,134.152587890625,2915993.0
2020-01-03,DHR,132.69955489924521,134.3255467503107,131.8346725848444,133.32228088378906,2627112.0
2020-01-06,DHR,132.71687253442872,133.84987314916668,132.55254204190354,133.7201385498047,3101323.0
2020-01-07,DHR,134.07475358032974,135.5018193627984,133.2790628816448,135.03477478027344,2241562.0
2020-01-08,DHR,136.04667283284232,136.42722763033794,135.15584353415147,135.1731414794922,3144977.0
2020-01-09,DHR,135.76991973583304,137.3785988696426,135.25963035150656,136.36668395996094,2374327.0
2020-01-10,DHR,136.8596622952402,137.15372733601845,136.1072017497194,136.75587463378906,2250924.0
2020-01-13,DHR,137.04130916370022,138.16566076119554,136.7991379210245,138.00997924804688,2564282.0
2020-01-14,DHR,138.26081308078813,140.10301472843753,137.82836439056166,139.58409118652344,3430361.0
2020-01-15,DHR,139.72243427522486,140.43164999722396,138.61538071748362,139.0737762451172,3000706.0
2020-01-16,DHR,139.80892130209804,140.07703943573364,138.77105954212135,139.68783569335938,2737656.0
2020-01-17,DHR,140.32787519636958,141.12356582716063,139.65325530139683,141.02842712402344,2942726.0
2020-01-21,DHR,140.89867368221735,141.98844413602092,140.63057044104855,141.59059143066406,2586617.0
2020-01-22,DHR,141.7203425868607,142.30845785548348,141.04572270320853,141.6425018310547,2123347.0
2020-01-23,DHR,141.512777786397,141.86738570039023,140.293287407558,140.5268096923828,2428922.0
2020-01-24,DHR,141.2445957154325,141.41757510742573,139.78293473944004,140.32781982421875,2222950.0
2020-01-27,DHR,138.94404528505407,139.99920503699357,138.0445670371253,139.41973876953125,2648093.0
2020-01-28,DHR,139.67922725050457,141.95389267404093,139.2554423833089,141.63388061523438,2375004.0
2020-01-29,DHR,142.3343775401354,143.7268470189883,141.2878669097809,142.8965606689453,2141170.0
2020-01-30,DHR,142.7062871512721,146.3301615279747,141.46949912088547,146.20907592773438,4325316.0
2020-01-31,DHR,144.64364415330388,144.6955379881387,138.67592757907624,139.1343231201172,4227180.0
2020-02-03,DHR,140.11164753099197,141.0803175989407,138.82296546921046,139.24676513671875,3381180.0
2020-02-04,DHR,141.19270553338248,141.66839887361243,140.50080283394425,140.7689208984375,2951299.0
2020-02-05,DHR,141.6511366822814,142.02304247850037,140.17217735576506,140.88137817382812,2195088.0
2020-02-06,DHR,141.5646732477241,142.81011056135364,140.59600308964718,141.8241424560547,2080370.0
2020-02-07,DHR,141.3138381177278,141.71169086189883,139.85217661789017,140.10299682617188,1874285.0
2020-02-10,DHR,140.42299465149128,141.55599507446644,139.57541029880522,140.96786499023438,1883534.0
2020-02-11,DHR,141.4781922653743,142.10090351753976,140.99384971318918,141.56468200683594,1862328.0
2020-02-12,DHR,141.46085946944694,142.59385991713134,141.13219853285548,141.6943817138672,1865035.0
2020-02-13,DHR,141.19273493845324,141.65977940612842,140.06838351373727,141.3397674560547,3083952.0
2020-02-14,DHR,141.3484125670697,143.53657255537175,140.9938047401868,143.52792358398438,1842926.0
2020-02-18,DHR,143.82203118413236,143.91716989755577,141.26196466836348,141.84144592285156,2162038.0
2020-02-19,DHR,142.22193035857342,142.53329329911242,140.70839028143513,141.7635498046875,2980627.0
2020-02-20,DHR,141.39167458146815,141.66844169944943,137.28345733299952,138.6067352294922,2739686.0
2020-02-21,DHR,137.78510206296116,140.18083773053976,137.45644110003326,140.0078582763672,2194862.0
2020-02-24,DHR,134.31691697383764,137.61213112057834,134.31691697383764,135.6315460205078,2782889.0
2020-02-25,DHR,136.41859648125185,136.65211877386196,130.38168720037862,131.1600799560547,3595726.0
2020-02-26,DHR,130.95250073931683,134.4985348311608,130.16544423606595,131.62710571289062,3613097.0
2020-02-27,DHR,129.60326964727935,132.44008785195143,127.17293824709274,127.18158721923828,4781028.0
2020-02-28,DHR,122.95228190241993,126.96536023413022,122.13929342426422,125.04530334472656,8959478.0
2020-03-02,DHR,125.67664117663513,130.3556740810762,123.69604951168026,130.32972717285156,5282086.0
2020-03-03,DHR,131.32439071318726,134.8617758066095,126.35129107112513,127.60537719726562,3502891.0
2020-03-04,DHR,130.23461393255482,135.04338231684218,129.12756051854535,134.90499877929688,3906602.0
2020-03-05,DHR,132.3103570781574,132.43144269168025,127.49293899984852,129.2746124267578,5069458.0
2020-03-06,DHR,125.60751079759703,128.8335333041565,123.9988240311345,128.37515258789062,3560419.0
2020-03-09,DHR,121.51656655779337,124.16311458116157,119.47543164397898,122.45928955078125,4797158.0
2020-03-10,DHR,126.68858733749457,127.3545581481792,120.25383436634492,124.81178283691406,4585207.0
2020-03-11,DHR,122.39010323158575,122.88308717846452,118.80947358392687,120.53924560546875,5395450.0
2020-03-12,DHR,112.30552114545156,117.3564607654549,110.60169615377079,111.47522735595703,6604327.0
2020-03-13,DHR,118.03108863230153,122.88310286086124,110.03954191493804,122.28633117675781,6481037.0
2020-03-16,DHR,112.38338357519967,117.84081845043401,106.83945897153686,110.3941421508789,5520094.0
2020-03-17,DHR,112.11526280394749,117.39106912651633,109.07951062275399,113.97476959228516,5473394.0
2020-03-18,DHR,107.41891102110704,112.8244509679136,104.71181284056718,110.8265609741211,5536562.0
2020-03-19,DHR,110.42874031818076,111.9855331324446,105.51618318762021,107.41028594970703,6490399.0
2020-03-20,DHR,108.87193425302554,112.4352737317443,105.18751660164837,107.08161926269531,7189646.0
2020-03-23,DHR,117.5813328166209,118.63649246948525,103.44043538983951,104.98858642578125,10128650.0
2020-03-24,DHR,108.75949812213484,114.16503863889173,108.22326930078115,111.70011138916016,5930122.0
2020-03-25,DHR,109.54657072166717,114.97805969311939,107.05569585027769,111.84717559814453,6471674.0
2020-03-26,DHR,114.19426064452895,120.88915331579945,112.7825279841867,120.09234619140625,5942981.0
2020-03-27,DHR,116.16893602911992,122.83784466086956,115.77918982400733,120.02304077148438,5929332.0
2020-03-30,DHR,119.12229455620262,122.64728731020934,116.48071152035678,121.96307373046875,5380222.0
2020-03-31,DHR,121.91112791903751,122.02372127241789,118.81051745524464,119.87581634521484,6170611.0
2020-04-01,DHR,115.50205080512747,117.41611546871759,110.8857754509273,111.46605682373047,4200334.0
2020-04-02,DHR,110.70388795154862,118.33415514832966,110.59995563700228,118.16094207763672,5812471.0
2020-04-03,DHR,117.34684313071965,119.34751833764336,116.05636480159262,117.0523681640625,2762246.0
2020-04-06,DHR,121.2528888489262,123.63464134393884,120.06634311470938,122.93311309814453,6323004.0
2020-04-07,DHR,125.82587068790133,126.44944975385711,119.68527679426344,119.78054809570312,3890810.0
2020-04-08,DHR,122.83785909300362,126.33687705557665,119.5813499087706,125.69596099853516,3700968.0
2020-04-09,DHR,125.18495964616153,127.15965906573251,124.81255036007728,126.21562194824219,3694538.0
2020-04-13,DHR,124.71725818992695,126.84784084542608,123.85982403981691,126.56202697753906,3024394.0
2020-04-14,DHR,129.60207573147872,132.46884691284643,127.31559357338658,131.76730346679688,3847946.0
2020-04-15,DHR,130.13903306381462,132.86722751814477,129.61072517606095,132.3042755126953,4172359.0
2020-04-16,DHR,133.53407221189687,135.8638583606024,133.1443260470981,134.1316680908203,4819718.0
2020-04-17,DHR,136.1843456205466,136.8425838014452,133.6467089339272,135.56942749023438,4021546.0
2020-04-20,DHR,135.09308072307874,136.270965804177,133.74197505547966,134.96316528320312,3017851.0
2020-04-21,DHR,132.97980053885286,134.09705825636135,131.1003872558449,133.16168212890625,3420096.0
2020-04-22,DHR,135.17968591234637,139.3109520230847,134.50414055760706,138.79129028320312,4400892.0
2020-04-23,DHR,139.7440131607589,142.02183413093658,138.8172829937244,139.1377410888672,5778067.0
2020-04-24,DHR,139.95184277874267,143.4941735593837,139.8479104385514,142.96585083007812,4481093.0
2020-04-27,DHR,144.20432500561498,147.35689377331144,143.96181627569177,146.81126403808594,3634416.0
2020-04-28,DHR,147.0797657673312,147.78995504576685,141.66668373767556,143.19100952148438,3459125.0
2020-04-29,DHR,141.39820588763772,144.28229823392203,140.99981352932846,142.8792266845703,3028454.0
2020-04-30,DHR,141.95248100214653,143.81457170036435,140.9564779607439,141.57139587402344,3999550.0
2020-05-01,DHR,140.6100347890156,140.85254350321063,138.3581979714058,139.24160766601562,2397000.0
2020-05-04,DHR,139.5447540283203,139.63136428988804,137.79524165175397,139.5447540283203,1865261.0
2020-05-05,DHR,141.0691121286376,143.9098998465822,140.5148211758111,142.4288787841797,1693128.0
2020-05-06,DHR,142.53275991589635,144.70664761495456,141.81390966921026,142.0217742919922,2460732.0
2020-05-07,DHR,137.45745018806898,142.95714171135376,136.2189384578605,141.58871459960938,8317872.0
2020-05-08,DHR,142.09109879045968,142.68869482648574,139.52746426891852,139.8132781982422,10505628.0
2020-05-11,DHR,138.40155940222564,140.73134639718126,137.84725354428204,140.0557861328125,7122982.0
2020-05-12,DHR,140.58407409572558,141.95250143660104,138.80857849121094,138.80857849121094,3638702.0
2020-05-13,DHR,138.58339398301644,141.06906374988964,136.08038725685913,138.47946166992188,4644314.0
2020-05-14,DHR,136.9378312421577,140.13370555247894,136.496118855672,140.012451171875,2921746.0
2020-05-15,DHR,138.19368888758237,141.98717472185885,138.06377345759626,141.9092254638672,6301121.0
2020-05-18,DHR,143.15640024175138,144.52482787871693,140.25498542138124,140.5148162841797,3875921.0
2020-05-19,DHR,140.24631058038105,141.22499182676293,137.5527607155255,137.81259155273438,2835679.0
2020-05-20,DHR,139.258982481874,139.61408466220686,137.6047408903566,137.70001220703125,2380306.0
2020-05-21,DHR,136.989792816024,137.3795241192339,135.39617877429174,136.54808044433594,2570486.0
2020-05-22,DHR,136.63471286721946,137.431512563727,135.5607602651074,137.06776428222656,1673162.0
2020-05-26,DHR,140.49747907529542,140.73132682659568,136.69533258102356,137.34490966796875,3494093.0
2020-05-27,DHR,136.32290760163565,139.25030517578125,134.77261344390547,139.25030517578125,3508870.0
2020-05-28,DHR,140.54943908601606,143.9185340414207,140.30693031751204,142.0131378173828,3483715.0
2020-05-29,DHR,142.8359228270002,144.68936782342823,141.29427482368976,144.29962158203125,6010999.0
2020-06-01,DHR,143.54612659975052,144.05712727868473,142.41154677905323,143.23434448242188,1705762.0
2020-06-02,DHR,143.5287853009188,144.60275268554688,142.30759535937293,144.60275268554688,3338090.0
2020-06-03,DHR,145.41690030758448,146.9239044189453,143.95320134043246,146.9239044189453,4584869.0
2020-06-04,DHR,146.36957994678954,147.7899735889803,145.53813619089195,146.1876983642578,2932462.0
2020-06-05,DHR,147.28764123416713,150.7866667990897,146.04046808534378,150.0331573486328,3422578.0
2020-06-08,DHR,148.526134977061,150.03313878440156,148.0757764752501,148.54345703125,3179832.0
2020-06-09,DHR,149.2882978311526,150.01580916329138,146.53412116822958,146.75930786132812,2683625.0
2020-06-10,DHR,147.4348925016224,151.15042921108403,147.4348925016224,149.56549072265625,2889034.0
2020-06-11,DHR,148.9418437754653,149.28828481155725,142.48079298785723,142.81857299804688,3718790.0
2020-06-12,DHR,145.28695113487947,148.26631455033467,143.12172424148284,145.8325958251953,3713714.0
2020-06-15,DHR,144.19565978865498,149.54811411513256,143.8925238850613,148.5780792236328,3151745.0
2020-06-16,DHR,151.85194688809688,152.81330603483178,149.57412646663244,151.47952270507812,3357266.0
2020-06-17,DHR,152.43221893256302,153.8612735472143,152.19837119263943,152.71803283691406,2377147.0
2020-06-18,DHR,152.21571000881607,153.41957804351335,151.41024927860036,152.43223571777344,2138011.0
2020-06-19,DHR,154.32027528883594,154.796616788015,149.7906036376953,149.7906036376953,6230846.0
2020-06-22,DHR,150.33626159927206,151.74799398524357,149.61739641322845,151.4275360107422,1883760.0
2020-06-23,DHR,152.7613544173228,153.2983232671025,151.28899450716233,152.07713317871094,1452526.0
2020-06-24,DHR,151.2456683754381,151.38424480959605,147.01048573489962,148.50015258789062,2285102.0
2020-06-25,DHR,148.64750092418262,149.51451358969183,146.16787454635696,149.25440979003906,2236034.0
2020-06-26,DHR,149.22844588461993,149.79198936994118,146.74014860520322,148.8729705810547,3889006.0
2020-06-29,DHR,150.2775047226802,150.48558781074098,148.3961166470014,149.453857421875,2574322.0
2020-06-30,DHR,149.12442908962194,153.81491015843403,148.60422124194335,153.3120574951172,2746342.0
2020-07-01,DHR,153.55480913524696,154.36980144533862,151.8468231819833,153.59815979003906,2367108.0
2020-07-02,DHR,154.73390384701418,156.7366888109458,154.2050408776249,155.78298950195312,1798032.0
2020-07-06,DHR,157.79442474138997,159.88389601105183,157.28288712397563,158.6614227294922,2129664.0
2020-07-07,DHR,158.02854508346783,160.16136736113552,157.46498659562732,157.82913208007812,3118243.0
2020-07-08,DHR,158.65273421134842,160.3000436282998,158.2539232413421,159.89254760742188,2120414.0
2020-07-09,DHR,159.97058481498226,162.2941493892042,158.92151419748646,160.8029022216797,2747131.0
2020-07-10,DHR,160.8549698593379,161.1324140499966,158.48805395332636,159.2423553466797,2206481.0
2020-07-13,DHR,159.88389834526984,161.86067288814775,157.77708678663222,158.14990234375,2408731.0
2020-07-14,DHR,158.4620637255543,160.959031913689,157.08352765056588,160.78562927246094,2283862.0
2020-07-15,DHR,162.2594986977891,163.3779305483014,160.30007915757903,163.29122924804688,2857788.0
2020-07-16,DHR,163.29118868241875,164.09751057447528,162.01669480806459,163.6986846923828,3116664.0
2020-07-17,DHR,164.67843976757007,166.46447168034638,163.05715525268863,165.5541229248047,3976877.0
2020-07-20,DHR,165.9789169953376,167.94702131899922,165.59744624919503,167.65223693847656,2290742.0
2020-07-21,DHR,167.80827610210005,169.70700421028025,167.08865550777,169.0654296875,2505288.0
2020-07-22,DHR,168.78806826747146,170.95557139411213,168.33722140925607,169.59437561035156,2872339.0
2020-07-23,DHR,174.83103967602912,176.00149231786799,171.31101162040432,172.72422790527344,4872283.0
2020-07-24,DHR,170.95554085505069,170.9728811157306,165.02524631638497,169.29957580566406,3513946.0
2020-07-27,DHR,169.75908730060937,175.38594251535827,169.27357489714618,172.5161590576172,2993712.0
2020-07-28,DHR,172.26467016014013,173.24437970727797,171.47570343015204,172.5421142578125,2337780.0
2020-07-29,DHR,173.0016287177609,176.98117301518954,172.38606450399988,175.24717712402344,3379037.0
2020-07-30,DHR,172.8282379738094,176.32225500242973,172.42074193297682,175.25584411621094,1913539.0
2020-07-31,DHR,174.71829366969206,176.8251050266669,174.15475024610956,176.69505310058594,2014044.0
2020-08-03,DHR,177.73547877523797,179.49548509765492,177.62276709945758,179.32208251953125,2340262.0
2020-08-04,DHR,178.43776936578888,179.43481940732426,177.0158829481576,178.66319274902344,1956742.0
2020-08-05,DHR,178.73256755351088,179.8076488489537,177.03323684103984,178.2036895751953,2347819.0
2020-08-06,DHR,178.77588630829382,179.6168739222927,175.4639267822289,178.33370971679688,3078425.0
2020-08-07,DHR,179.3741404601295,180.0417405242355,177.17195710719446,178.08230590820312,1518062.0
2020-08-10,DHR,178.1690222811384,178.46380674995623,174.57963263503007,175.17787170410156,2437834.0
2020-08-11,DHR,175.9754622912597,176.5303505562686,172.7935696649082,173.4091339111328,2731226.0
2020-08-12,DHR,174.76166529028194,179.45214562957838,174.4495406302199,178.5331268310547,1651618.0
2020-08-13,DHR,177.37132732780188,179.8856347795314,177.18058449835405,179.6342010498047,1366234.0
2020-08-14,DHR,179.30473519031224,180.22376881812298,176.90313942355164,177.6140899658203,1444630.0
2020-08-17,DHR,177.65746166268414,178.99264669704206,177.4407084228906,178.22967529296875,1392403.0
2020-08-18,DHR,178.88864446066526,180.58796038860612,178.27306512435067,180.05909729003906,1663123.0
2020-08-19,DHR,180.67461578398226,181.33354561031263,178.23833929795848,178.5417938232422,1342997.0
2020-08-20,DHR,177.4667210818477,179.11401587981044,177.17193667195755,178.30770874023438,1129805.0
2020-08-21,DHR,178.0389041885928,180.36246870490774,177.5707321877043,180.16307067871094,1615747.0
2020-08-24,DHR,180.93471357409783,181.53293755247054,177.55340803160303,178.2209930419922,1383830.0
2020-08-25,DHR,179.6255338019799,180.46652136799148,178.6198137897124,179.9636688232422,1634472.0
2020-08-26,DHR,178.60252235092887,181.09949026799583,177.80488521064498,180.50125122070312,1287048.0
2020-08-27,DHR,178.48976818164127,178.79322269865244,171.77049277595503,177.20660400390625,2877866.0
2020-08-28,DHR,178.0042604656019,178.8452630763587,176.59972924988017,178.29037475585938,1564649.0
2020-08-31,DHR,178.6025136228901,180.05041052643122,177.86555251368864,179.010009765625,1928993.0
2020-09-01,DHR,178.09095590776772,180.75265588706992,178.09095590776772,180.66595458984375,1802318.0
2020-09-02,DHR,180.08507511046656,182.5733725545827,179.00132379209725,182.04449462890625,2163166.0
2020-09-03,DHR,181.6283357029998,182.0358318260706,172.7935923317862,174.18946838378906,2672006.0
2020-09-04,DHR,174.26743963673158,174.3281305330076,166.906590467863,170.435302734375,4196273.0
2020-09-08,DHR,170.4006655971871,170.929528619445,167.4181706379741,170.06253051757812,3010068.0
2020-09-09,DHR,171.55376061173232,176.43498375469167,171.30232686006778,175.08245849609375,2984237.0
2020-09-10,DHR,176.00146713120824,178.89726032741027,175.86274506932847,176.07949829101562,2725248.0
2020-09-11,DHR,177.17194072074517,178.83659073892483,176.816465394813,177.62278747558594,2132484.0
2020-09-14,DHR,179.03598906082337,181.79304537511445,178.44642027586485,180.2758026123047,1940950.0
2020-09-15,DHR,180.88270212369687,181.81906118141453,180.18043656110115,180.93472290039062,1794986.0
2020-09-16,DHR,180.80465160969084,182.32190917811826,179.36542519795347,179.5128173828125,2056457.0
2020-09-17,DHR,177.90021779172469,179.703589899286,176.87715737998025,179.59954833984375,2216746.0
2020-09-18,DHR,179.9636983343789,180.83069642881506,177.47540082053598,178.87127685546875,4362878.0
2020-09-21,DHR,177.29333237060902,178.45511491896625,174.75301401435556,178.43777465820312,1811681.0
2020-09-22,DHR,177.9869190912599,179.98103405779867,176.773115820538,179.59954833984375,1841911.0
2020-09-23,DHR,180.20644385345045,180.96073017978108,177.8742089172886,177.90887451171875,2008630.0
2020-09-24,DHR,178.42905914054924,179.04463824105417,175.35987853450453,176.5823516845703,2695243.0
2020-09-25,DHR,175.67118367070654,180.08813783707166,174.80341884748623,179.76705932617188,2596092.0
2020-09-28,DHR,180.85176478545733,183.38565175005252,180.3137562835317,182.04928588867188,2342066.0
2020-09-29,DHR,182.23154373432817,184.17534073378934,181.71955362087877,183.1079864501953,1944785.0
2020-09-30,DHR,183.75879121026765,187.98481865906038,183.22076778943583,186.85671997070312,3705706.0
2020-10-01,DHR,188.31460204361443,189.76377943355376,185.5030252473231,186.28402709960938,2349624.0
2020-10-02,DHR,184.1493139900274,186.76996422120334,183.47244573489982,184.4009552001953,1616537.0
2020-10-05,DHR,186.17123553237764,189.72041063087775,186.17123553237764,189.47743225097656,1401878.0
2020-10-06,DHR,189.91127310957435,191.61209145715824,188.401351360867,189.38192749023438,2232763.0
2020-10-07,DHR,190.49269449065264,193.7555167147736,190.35384972060754,192.67080688476562,1970278.0
2020-10-08,DHR,193.21754679304092,193.39978060424247,190.85721491990105,191.525390625,2425990.0
2020-10-09,DHR,192.29766965374228,196.26337875705389,191.9245243185508,196.1679229736328,1826345.0
2020-10-12,DHR,196.7926934996599,197.400139344679,195.34351620536873,195.89889526367188,2130792.0
2020-10-13,DHR,194.7447510434302,196.08111688381013,194.71003985443414,195.78607177734375,1855447.0
2020-10-14,DHR,195.9856629947783,197.15715069866877,194.56251916825155,196.5930938720703,2019233.0
2020-10-15,DHR,193.55594040513793,195.93362738049765,191.4993170461806,195.612548828125,1945349.0
2020-10-16,DHR,196.45426838279462,199.1096447549745,196.11584918961157,197.37411499023438,2972393.0
2020-10-19,DHR,198.06836131706655,198.46754010889347,192.8617411675605,194.23281860351562,2575788.0
2020-10-20,DHR,194.38897842727738,198.71915482690255,193.99847751677845,197.0096435546875,2624292.0
2020-10-21,DHR,198.51087214653722,199.3699591464655,196.29806369874052,196.5930938720703,4243649.0
2020-10-22,DHR,196.79272397909742,204.44645319594264,195.92495900206714,203.04066467285156,3094330.0
2020-10-23,DHR,204.0906404385388,205.27080605129078,200.74105515963478,201.8951873779297,2559432.0
2020-10-26,DHR,200.81914958950065,204.02989000597856,200.6369158335221,203.84765625,2689378.0
2020-10-27,DHR,204.64601457178085,208.70716426500735,204.64601457178085,208.07369995117188,3687319.0
2020-10-28,DHR,205.66131722139323,207.11049464911721,200.56750919588185,201.40924072265625,3208822.0
2020-10-29,DHR,201.5654535531903,202.53735211879936,198.13776770820937,199.64768981933594,2491865.0
2020-10-30,DHR,198.71912753078234,200.33316786720133,195.59515054783964,199.18771362304688,2930882.0
2020-11-02,DHR,201.65223313162048,204.12537602870114,199.448102009416,201.7042999267578,2831618.0
2020-11-03,DHR,204.02993008277338,205.38365188569446,202.05142164402733,203.717529296875,1871690.0
2020-11-04,DHR,207.79604952858577,213.02870292894838,207.04977370103268,208.71588134765625,3420886.0
2020-11-05,DHR,214.37374332098105,214.37374332098105,208.03902441701914,208.5596923828125,3823130.0
2020-11-06,DHR,210.41671587721933,214.9898565260871,208.06506205573487,213.00267028808594,2643242.0
2020-11-09,DHR,213.2108963359252,215.48444952222764,202.58939115464568,202.86708068847656,4380926.0
2020-11-10,DHR,202.3377747983897,203.27496215418998,195.08322445198667,196.01173400878906,7031050.0
2020-11-11,DHR,197.82533004198248,203.83029123400317,196.23732297092653,202.31170654296875,4396944.0
2020-11-12,DHR,202.1989504483825,204.35101494539998,200.93200660262713,202.1815948486328,2612448.0
2020-11-13,DHR,203.92582226960735,205.03656582392657,202.97127912798558,203.6481475830078,2804208.0
2020-11-16,DHR,205.08859120324112,205.08859120324112,198.56297600669194,199.28321838378906,2426102.0
2020-11-17,DHR,198.39808637225792,201.38320423170546,197.6517957054187,199.0228729248047,2707313.0
2020-11-18,DHR,199.35261986380544,199.90799893851548,193.61667003766158,194.9877471923828,3241646.0
2020-11-19,DHR,194.49315745957728,197.16588999971432,191.9679475201071,195.96836853027344,3125124.0
2020-11-20,DHR,195.82950783821127,197.45224137789057,194.48446387725295,195.90760803222656,2654297.0
2020-11-23,DHR,196.98361714902504,197.68650387689027,189.84187874834802,191.84642028808594,3152647.0
2020-11-24,DHR,192.94846633990048,192.99185532713295,188.05424832394857,189.3992919921875,4445335.0
2020-11-25,DHR,186.25799925928067,188.6356862085446,184.33154290215836,188.49684143066406,3616255.0
2020-11-27,DHR,189.34723787704925,189.65096080799927,186.57906511429792,188.11500549316406,1587322.0
2020-11-30,DHR,190.48401417823518,195.08320231736394,190.05013921354046,194.927001953125,3744396.0
2020-12-01,DHR,196.1245043905383,197.85135615812902,193.51251731022572,195.248046875,4376189.0
2020-12-02,DHR,195.33485820856967,196.13321568580952,193.72081752869897,195.0745391845703,2398692.0
2020-12-03,DHR,194.91834525870007,196.2981003562263,193.0352778219108,193.80760192871094,3607344.0
2020-12-04,DHR,192.8704114518114,194.97910179049487,190.75305824961532,194.75347900390625,2843801.0
2020-12-07,DHR,195.60389080396868,197.85141102584964,195.27413441954656,196.2460479736328,2081724.0
2020-12-08,DHR,195.5084459871305,196.8882012634569,193.72952684321848,193.9464569091797,2292434.0
2020-12-09,DHR,193.96379367370446,194.6493398132426,191.7943737369818,193.37371826171875,2820226.0
2020-12-10,DHR,193.52123771928524,196.37618881340762,192.5927281521627,193.69479370117188,3682356.0
2020-12-11,DHR,194.102600754072,196.15922383718487,192.15012617751376,194.16334533691406,1656355.0
2020-12-14,DHR,194.13730730398458,195.77739606555042,191.69887612297342,191.86375427246094,2171400.0
2020-12-15,DHR,192.53195068480062,195.00509313246872,191.62945973308516,193.66004943847656,2360904.0
2020-12-16,DHR,193.37372740546212,194.02454744286473,191.38654115870253,192.5580291748047,2009983.0
2020-12-17,DHR,193.36501195003444,195.33484221390054,193.0265778297862,194.80551147460938,1819802.0
2020-12-18,DHR,194.935682322131,197.33940253157266,192.7315365336578,196.2113037109375,4761739.0
2020-12-21,DHR,193.9204017992869,196.6191523054359,191.17824736498073,196.25469970703125,2800486.0
2020-12-22,DHR,195.5170990290802,196.17661175144556,193.2001565737644,193.45181274414062,2057585.0
2020-12-23,DHR,193.91167712276035,195.17860551641428,191.31704588914275,191.40382385253906,1977722.0
2020-12-24,DHR,191.7165103347309,194.16561827438966,191.560197335921,192.35919189453125,689208.0
2020-12-28,DHR,193.9137596200801,195.71150100357852,192.33312542365962,193.45346069335938,2385833.0
2020-12-29,DHR,195.74625753351228,195.9720645737649,193.3753135071975,193.54901123046875,1955501.0
2020-12-30,DHR,194.36533950860243,195.27725238653085,191.3169898754546,191.6556854248047,1609882.0
2020-12-31,DHR,191.78603121395383,193.10611921681644,190.77859917317832,192.92373657226562,2070444.0
2021-01-04,DHR,195.3988407117884,195.98072802109297,190.78722645608863,193.87033081054688,3601140.0
2021-01-05,DHR,193.43607581615927,199.20276453709545,193.43607581615927,198.6816864013672,4187023.0
2021-01-06,DHR,194.43483768281314,206.38509051806813,193.20159890350675,205.26475524902344,4472971.0
2021-01-07,DHR,207.08858063918564,211.08358335872484,206.60222702269317,208.182861328125,4168186.0
2021-01-08,DHR,209.33793111821734,212.74236150620325,208.86894728517012,211.4656982421875,2591467.0
2021-01-11,DHR,211.0488708954645,212.09972728920073,210.03273910205044,212.01287841796875,1738474.0
2021-01-12,DHR,212.403671953321,212.9942292561676,207.7920423082807,209.03396606445312,2499648.0
2021-01-13,DHR,208.40864935742687,209.57240902830137,204.70893309960184,208.29574584960938,3674686.0
2021-01-14,DHR,208.71265518044885,209.62455333226148,205.24741529685514,205.56875610351562,2333494.0
2021-01-15,DHR,205.5687276722827,207.5488666102112,204.0402027785516,205.61215209960938,2932236.0
2021-01-19,DHR,207.70519614137686,208.1307555630684,204.48314822164778,205.0563507080078,2544655.0
2021-01-20,DHR,204.84795513108568,206.29831646630961,203.7536742007673,205.8727569580078,2313754.0
2021-01-21,DHR,205.61215333521352,207.15804800916516,202.10350443063683,202.4422149658203,2684414.0
2021-01-22,DHR,203.52783513169376,207.95706748449018,203.09359080370604,206.73251342773438,3057444.0
2021-01-25,DHR,206.61962667049409,207.82681105209838,202.85043044218358,206.82806396484375,2445955.0
2021-01-26,DHR,207.4446770487548,207.4446770487548,203.2064971923828,203.2064971923828,1853530.0
2021-01-27,DHR,200.0973627787232,200.0973627787232,189.18059419774136,192.975830078125,5268662.0
2021-01-28,DHR,195.92864476791928,201.4868973029595,195.61598885865067,198.50802612304688,2957052.0
2021-01-29,DHR,197.9608307915962,207.65304206843587,196.23256871519388,206.5587615966797,6483406.0
2021-02-01,DHR,208.00045984095243,212.29074829534494,207.61832489125334,209.9545440673828,4042978.0
2021-02-02,DHR,212.55995378595463,213.74976805139664,210.9011706910524,212.85523986816406,4123742.0
2021-02-03,DHR,211.9259957639319,212.34287027939203,206.8019729707409,206.8975067138672,3199121.0
2021-02-04,DHR,206.36770808780878,208.3304771207095,203.75360258584303,204.55259704589844,2779618.0
2021-02-05,DHR,205.1778932624052,207.00170413249992,203.71017761928059,204.60470581054688,1659175.0
2021-02-08,DHR,205.099758993122,207.357799319841,203.29331776284613,204.65682983398438,1747610.0
2021-02-09,DHR,205.4037252585994,207.07120840428632,203.87521523556896,205.82928466796875,2111503.0
2021-02-10,DHR,207.435920492282,207.435920492282,205.15181103221786,206.25479125976562,1586306.0
2021-02-11,DHR,207.80068954189682,209.25973518480617,206.18533092668116,209.00787353515625,2086010.0
2021-02-12,DHR,208.64317554880276,214.58356327251278,208.5997511155823,213.5587615966797,2372748.0
2021-02-16,DHR,215.22624151904103,216.1294548304659,209.82431647654417,210.40618896484375,1846762.0
2021-02-17,DHR,209.35528370174356,210.66668640128185,207.82675887510175,208.35653686523438,2201630.0
2021-02-18,DHR,206.7585539300461,207.21885288619507,204.52656813335904,206.1766815185547,1763966.0
2021-02-19,DHR,206.1072252376868,207.1667664945012,200.72265513618362,200.82687377929688,3474917.0
2021-02-22,DHR,201.2263353008855,201.2263353008855,195.40752210450802,195.84176635742188,3872875.0
2021-02-23,DHR,195.71153154314965,196.8318669876708,193.54902463499278,194.4088134765625,2464003.0
2021-02-24,DHR,194.97331119520277,196.4844663897512,193.2363489678346,193.67059326171875,3249317.0
2021-02-25,DHR,192.80214501671762,194.65199605597712,189.38901431357047,190.42251586914062,3297595.0
2021-02-26,DHR,192.91500114589462,193.49688847845124,190.68301545316993,190.77854919433594,3529963.0
2021-03-01,DHR,191.86416469645533,196.91002393400626,191.86416469645533,195.98944091796875,2242238.0
2021-03-02,DHR,195.47700671450167,196.91868272678983,192.91499544617147,194.61721801757812,2330448.0
2021-03-03,DHR,195.40754633536147,196.2412954043423,190.59617920912677,190.78724670410156,2724684.0
2021-03-04,DHR,189.98825357795286,191.12595872218114,184.6905327877101,186.2103729248047,4017598.0
2021-03-05,DHR,187.59126838176775,190.47460596364613,184.59501232297515,189.63218688964844,2743634.0
2021-03-08,DHR,189.33690401170006,190.5354034663084,184.19552566237073,184.44737243652344,3240067.0
2021-03-09,DHR,187.74759271678187,190.19670085818242,187.33071815716653,187.8865509033203,5334425.0
2021-03-10,DHR,188.34680296979093,190.4311455176401,183.43990263344418,184.9250030517578,3706157.0
2021-03-11,DHR,187.45230976217746,191.0651778291848,186.3493440859179,190.3877716064453,2733482.0
2021-03-12,DHR,189.00685066196166,189.8492695606875,185.71530913589993,186.44483947753906,2581202.0
2021-03-15,DHR,186.89646745852127,189.70165585738158,186.37538922491987,188.45973205566406,2010886.0
2021-03-16,DHR,188.65946937710362,189.36293016815176,186.4274836564204,187.50439453125,4423903.0
2021-03-17,DHR,186.22773754737102,187.40018220398323,184.81211608384132,185.9758758544922,3333578.0
2021-03-18,DHR,186.01928096386217,189.6408331890912,184.7339329232521,187.5478057861328,3927809.0
2021-03-19,DHR,188.28603159859094,192.37656817167743,187.6346800789903,191.98574829101562,5299457.0
2021-03-22,DHR,191.42124497009763,194.46091029797668,189.9621990355213,194.14825439453125,3060715.0
2021-03-23,DHR,193.6011191026181,195.00805570244646,190.42249563498277,191.34307861328125,2748598.0
2021-03-24,DHR,190.29220222132213,191.59492005021147,189.2326462293161,190.60484313964844,2021489.0
2021-03-25,DHR,191.6393486879603,191.6393486879603,187.23193913233683,190.10935974121094,2657230.0
2021-03-26,DHR,191.1524965784446,196.89862864718611,189.50080305769058,196.69869995117188,2977243.0
2021-03-29,DHR,195.4469270065729,198.55035595521085,193.24756135132208,197.22900390625,2650913.0
2021-03-30,DHR,196.16842592791556,196.41183561319025,193.1779940052225,193.85606384277344,2773414.0
2021-03-31,DHR,195.16002428678132,197.64625036849557,194.5428068865214,195.66421508789062,3010970.0
2021-04-01,DHR,196.0467160119954,197.4549999064432,194.84706898524107,195.66421508789062,1967683.0
2021-04-05,DHR,197.881011436885,198.33304312293566,196.10761262434036,196.9247589111328,2880348.0
2021-04-06,DHR,199.36746821793858,200.73228605457996,196.57699508934334,197.3767547607422,2999239.0
2021-04-07,DHR,196.56832258467057,198.12437607860363,195.3947550803854,196.5248565673828,1820930.0
2021-04-08,DHR,198.14179515926477,201.027909258126,197.95925281903922,199.8891143798828,2277996.0
2021-04-09,DHR,200.0629518067829,202.0015063140837,199.09802115499858,201.99281311035156,1694256.0
2021-04-12,DHR,201.29737097405658,204.48773184362037,200.88879040026947,204.14869689941406,2906743.0
2021-04-13,DHR,207.260828877828,215.50188104613852,206.20027301489515,211.10317993164062,6945096.0
2021-04-14,DHR,210.08608588820255,210.37294663505793,205.9394727952016,206.28720092773438,2945208.0
2021-04-15,DHR,207.0000169657258,211.5551953951354,206.03508641483685,210.88583374023438,2594400.0
2021-04-16,DHR,211.57260114704394,212.00726132794807,209.95569519904996,211.29443359375,2076197.0
2021-04-19,DHR,210.23385976008473,210.99886166758773,208.5908742246211,210.3642578125,2278560.0
2021-04-20,DHR,208.7821102908684,211.39004123419963,208.7821102908684,210.24253845214844,1492570.0
2021-04-21,DHR,210.85109226951118,213.25907988448301,209.46888777766125,212.45932006835938,2081160.0
2021-04-22,DHR,215.63231408767322,222.63025425533277,215.63231408767322,219.86585998535156,4504781.0
2021-04-23,DHR,219.90925825161196,226.00311819477213,219.69192819613508,225.82925415039062,4019177.0
2021-04-26,DHR,225.62938097860854,226.34220882075454,224.04723264300765,224.36888122558594,2343307.0
2021-04-27,DHR,224.10806591404378,225.48157721376637,221.9347947912172,224.29931640625,2154480.0
2021-04-28,DHR,222.3694163342747,225.09903708821423,221.94344940297515,224.6209259033203,1613830.0
2021-04-29,DHR,225.81192495014054,225.8814705855109,222.20429000276104,223.04751586914062,1930234.0
2021-04-30,DHR,221.96087337346532,223.74295029941598,219.75282944412353,220.75253295898438,2287810.0
2021-05-03,DHR,223.17790051916379,223.3256849854418,220.80468577978755,221.38711547851562,1684894.0
2021-05-04,DHR,220.7959979999369,222.76063220433696,218.97044009884746,222.5693817138672,2256451.0
2021-05-05,DHR,223.5256318012954,224.02112946796635,220.3787218709223,221.2393341064453,1793182.0
2021-05-06,DHR,220.5090934799476,223.57776420603415,219.5267765059749,223.40390014648438,1982122.0
2021-05-07,DHR,224.95126089810896,227.26363793325626,224.3427516506897,224.6991729736328,2967204.0
2021-05-10,DHR,224.81219229418406,226.59426904482385,223.6994772348251,225.1772918701172,2266039.0
2021-05-11,DHR,223.24743688970005,224.76003934284452,221.90000530377944,224.20367431640625,1729337.0
2021-05-12,DHR,221.77832826531198,222.89104349523876,217.2057624808097,217.5708770751953,2097629.0
2021-05-13,DHR,218.90086781373836,220.94375556890313,217.7533799731174,219.6484832763672,1847213.0
2021-05-14,DHR,220.72643565050177,223.230048320253,219.98752831940564,220.43955993652344,2624630.0
2021-05-17,DHR,220.0483609553311,221.39579249864966,217.54476330296944,218.11849975585938,1414174.0
2021-05-18,DHR,218.23154758101018,219.68329780418742,216.9188886331061,217.26661682128906,1690872.0
2021-05-19,DHR,215.42358248087947,216.85794569602612,213.8066770056061,216.74493408203125,2132484.0
2021-05-20,DHR,217.57082967476794,221.91737119198982,217.1622491462554,221.6044158935547,2720398.0
2021-05-21,DHR,222.14342080717364,223.75163357877318,219.5441828063367,219.5615692138672,1756296.0
2021-05-24,DHR,220.9611722030396,221.7348524181875,219.30947835934114,220.72645568847656,2501904.0
2021-05-25,DHR,220.84814060002955,222.01301490089992,219.81366435102728,221.79568481445312,3977779.0
2021-05-26,DHR,223.03008812580995,223.03008812580995,217.66644184186708,218.8660888671875,4110658.0
2021-05-27,DHR,218.97912495076585,222.2477396473353,218.44885448262878,221.87393188476562,4750572.0
2021-05-28,DHR,223.41260879387926,226.46387836246018,222.55198163961302,222.6649932861328,2332817.0
2021-06-01,DHR,220.80467289583333,220.80467289583333,211.53782281793028,213.16343688964844,7237699.0
2021-06-02,DHR,212.93742483902932,213.62418794319765,210.1208716790094,210.38165283203125,3759624.0
2021-06-03,DHR,209.63407974778923,211.01628437870707,207.17393266060242,209.5123748779297,3668256.0
2021-06-04,DHR,211.68560827878989,212.5723150289207,209.8252926691704,210.607666015625,2246976.0
2021-06-07,DHR,210.5554721536923,211.3900195459245,208.5212928100902,208.8429412841797,2566651.0
2021-06-08,DHR,210.05998796821447,210.2251438542874,207.80846346880477,208.8081817626953,2624066.0
2021-06-09,DHR,209.43407882668038,209.9382845783761,208.53000071715724,209.24282836914062,2148840.0
2021-06-10,DHR,209.66883813360715,214.50219992534002,209.66883813360715,214.07623291015625,2881025.0
2021-06-11,DHR,214.53694902129868,215.34540197783105,213.8154280990692,214.7368927001953,3352529.0
2021-06-14,DHR,215.5279746413355,215.5279746413355,211.9464194597411,215.07594299316406,2119850.0
2021-06-15,DHR,214.87602755284956,215.49323015914433,212.68535480641987,213.06785583496094,2429261.0
2021-06-16,DHR,213.47637285218977,214.1805073005576,211.24224970816007,212.7548370361328,2164970.0
2021-06-17,DHR,211.6508466413454,225.13384129003904,211.6508466413454,223.48216247558594,5641128.0
2021-06-18,DHR,223.4647744790003,225.95969405321006,222.3781389627485,223.38653564453125,4836300.0
2021-06-21,DHR,225.03823724047945,228.393784333719,222.24776341590223,228.27207946777344,3134599.0
2021-06-22,DHR,228.77621763104125,232.73157997484927,228.07208317433353,232.1404571533203,4207553.0
2021-06-23,DHR,231.76667073128363,235.25260044924562,230.97560417483345,233.54005432128906,4011732.0
2021-06-24,DHR,234.59276773212162,235.44535322240895,230.66041051240742,232.59178161621094,3530866.0
2021-06-25,DHR,232.64396535737072,235.0103365324844,231.07799456226192,231.90447998046875,4510985.0
2021-06-28,DHR,231.895795918418,236.93303875950647,231.895795918418,236.36753845214844,2504047.0
2021-06-29,DHR,237.57683069562682,237.57683069562682,233.27038813282232,235.65415954589844,3390204.0
2021-06-30,DHR,235.3235452419916,235.42794529535544,232.2524885947763,233.47047424316406,2108570.0
2021-07-01,DHR,233.15728910349705,236.88954632912214,232.3830036320246,236.8199462890625,2007163.0
2021-07-02,DHR,237.82038956316768,238.46418981913502,236.75030411189687,238.40328979492188,1623192.0
2021-07-06,DHR,238.8991792012853,242.61403582077202,238.55989403463073,242.48353576660156,2857562.0
2021-07-07,DHR,243.36226338289597,244.03214876179572,239.56040630156613,242.33566284179688,2075182.0
2021-07-08,DHR,239.24721684558392,241.70928830513031,238.8731166316584,240.9698028564453,2178732.0
2021-07-09,DHR,241.07415698616526,242.07465742981964,240.00407148583707,241.39605712890625,1876428.0
2021-07-12,DHR,242.40527584189104,243.5449615293608,241.22209012916704,241.8658905029297,2007276.0
2021-07-13,DHR,242.4226700685234,243.56235572880368,240.4999989465377,240.7696990966797,1718395.0
2021-07-14,DHR,241.34387373557215,241.7353739361524,240.02148803224682,240.22158813476562,1631765.0
2021-07-15,DHR,239.5169173617626,244.98044562337148,239.27331722209414,244.4236602783203,2556950.0
2021-07-16,DHR,245.7025483028413,248.9563052758404,244.6063626384171,247.76441955566406,2893884.0
2021-07-19,DHR,245.9026336149099,248.10370481631176,244.80643304229096,246.859619140625,2840304.0
2021-07-20,DHR,246.79005653518956,249.68711356536858,245.1457704010608,246.72915649414062,2733595.0
2021-07-21,DHR,246.23321321977892,246.6769134414738,237.55941370519122,243.42315673828125,3099631.0
2021-07-22,DHR,246.77263050382564,252.50585889281732,245.4502447261018,251.3922882080078,2761570.0
2021-07-23,DHR,252.3753155877436,254.35888630976498,250.72233000326742,253.40188598632812,2341954.0
2021-07-26,DHR,253.16707476571338,255.0201609586242,249.93070267577696,252.45367431640625,2276417.0
2021-07-27,DHR,253.16698508124665,254.25447040673225,251.4878995927394,252.81898498535156,1953583.0
2021-07-28,DHR,251.67064069280278,255.72481276409871,251.67064069280278,254.8026123046875,2423395.0
2021-07-29,DHR,255.22888685107205,259.85725901452935,254.91571665654442,258.93505859375,2007840.0
2021-07-30,DHR,258.52623874521686,260.7620954081377,257.5518380542596,258.8133239746094,2515440.0
2021-08-02,DHR,260.27480870633735,260.99692395298916,256.6556672374884,258.4217529296875,1348186.0
2021-08-03,DHR,259.0829902673351,263.33724805077867,258.5697049150339,263.0240478515625,2203435.0
2021-08-04,DHR,263.1806354036675,267.1738928307135,263.1806354036675,265.8863220214844,1788218.0
2021-08-05,DHR,266.2690482841047,268.29613416756285,265.04236273928825,267.2086486816406,1586870.0
2021-08-06,DHR,267.4435904687153,267.9047057356852,264.2507333639417,267.33050537109375,1874059.0
2021-08-09,DHR,267.62627043604255,268.9486411537779,266.04289958683717,267.9307556152344,1737571.0
2021-08-10,DHR,268.4093028977322,272.0458452672526,267.8437875711272,268.72247314453125,1752686.0
2021-08-11,DHR,269.0791783193126,272.0284351248639,267.78289253394445,270.1927490234375,2395534.0
2021-08-12,DHR,269.5663730565437,273.6901154912199,269.1574578511763,272.9767150878906,2182793.0
2021-08-13,DHR,274.77754940904816,274.77754940904816,272.07189331122066,274.27294921875,1549195.0
2021-08-16,DHR,274.04678100268654,277.6224378444319,273.2638105647199,277.3527526855469,1828488.0
2021-08-17,DHR,277.7529807030146,279.53646678747145,276.682895042017,279.2232666015625,1983362.0
2021-08-18,DHR,279.3972646914745,281.3721209269287,273.80320633381956,274.0207214355469,3748908.0
2021-08-19,DHR,272.3503667889623,279.05799699233773,271.90668142749905,278.214111328125,3639379.0
2021-08-20,DHR,279.54520263479895,281.180773954592,277.9183163475575,279.7366027832031,3717550.0
2021-08-23,DHR,279.8583076848606,280.71090805592485,277.08305139957554,277.1961364746094,3091510.0
2021-08-24,DHR,277.45710322085364,280.3889592217046,276.80461798953354,278.9621887207031,1980994.0
2021-08-25,DHR,278.1965905270543,279.771276060414,277.15262013893357,277.9443054199219,1514678.0
2021-08-26,DHR,278.39677651714373,279.2493470608573,275.3952897589569,276.95257568359375,1450834.0
2021-08-27,DHR,277.57900002573615,279.9540566791869,276.2913991713327,277.6138000488281,1484786.0
2021-08-30,DHR,279.1623339398685,284.8694770699164,278.8578487525675,284.4953918457031,1930346.0
2021-08-31,DHR,285.59152565336416,286.63552607243116,280.2323833989073,282.015869140625,2718706.0
2021-09-01,DHR,281.51998004476263,285.4610366499844,279.3014941589386,285.0086364746094,2467500.0
2021-09-02,DHR,286.66161253402794,289.6978688453457,285.66984207936,288.3406982421875,2564508.0
2021-09-03,DHR,287.3315532683039,289.9589248945537,285.88738235116017,289.21075439453125,1504526.0
2021-09-07,DHR,287.6621344973521,288.7496201032014,284.6693628494637,287.0966491699219,2177604.0
2021-09-08,DHR,286.4789431794163,288.81919933652057,285.0521425211775,287.5403137207031,2043710.0
2021-09-09,DHR,287.5316881786307,289.05417422181927,285.0174014726912,285.68731689453125,1672824.0
2021-09-10,DHR,287.77526704275436,290.54183873833813,286.9835815465025,287.08795166015625,2756606.0
2021-09-13,DHR,287.9666956165936,288.4103809499072,275.22132155105555,279.6582946777344,2292434.0
2021-09-14,DHR,281.76358649375186,284.43444266680973,280.2585008505369,281.9549865722656,2130115.0
2021-09-15,DHR,280.83275953323954,285.7829877231934,276.09998655519706,282.9729309082031,2654522.0
2021-09-16,DHR,283.4948799146039,284.23439529030986,279.7974228295989,281.876708984375,2023745.0
2021-09-17,DHR,282.60742255729383,286.3831635506222,279.9800518863067,282.33770751953125,3902429.0
2021-09-20,DHR,278.405410140057,283.34695218297736,278.405410140057,281.9723815917969,3576662.0
2021-09-21,DHR,282.7466873771893,284.86074343739347,281.833201926724,282.4856872558594,2114887.0
2021-09-22,DHR,283.5296322659697,283.8080323703233,281.16326132734036,281.9897766113281,2026790.0
2021-09-23,DHR,282.8771966883318,284.5562826384896,281.198110738174,282.7727966308594,2552326.0
2021-09-24,DHR,282.6944456292645,283.7210160066024,280.33675985541765,282.3116455078125,1592398.0
2021-09-27,DHR,279.74523707917564,280.6065525649742,272.794037769483,274.91680908203125,2043598.0
2021-09-28,DHR,268.7573309505594,271.04541789423695,261.8409299725529,264.4335021972656,4197965.0
2021-09-29,DHR,266.1571556716824,269.19551111463323,265.7218547552678,266.9319763183594,2316912.0
2021-09-30,DHR,268.7253864482062,270.91058206669544,264.8164291677233,265.04278564453125,3193932.0
2021-10-01,DHR,267.2541192093861,267.2541192093861,252.523714072411,263.1971740722656,3010181.0
2021-10-04,DHR,262.69222785005985,264.3115175212223,258.6787977813523,259.9324645996094,2596994.0
2021-10-05,DHR,262.7009188952046,264.40729873123144,260.66374028454464,260.759521484375,1988890.0
2021-10-06,DHR,260.15009605833643,261.7171495876998,257.14656430660426,261.6997375488281,1850710.0
2021-10-07,DHR,263.60629328252196,266.9406531715041,263.42348189188033,263.4495849609375,1881842.0
2021-10-08,DHR,263.7282143950266,264.68587649412143,260.3677209981968,260.9771423339844,1215984.0
2021-10-11,DHR,260.56801199244273,263.3364964908328,259.04447341784,260.0804748535156,1265052.0
2021-10-12,DHR,261.66494726798936,261.66494726798936,255.55341074192293,258.43505859375,2874482.0
2021-10-13,DHR,260.10658736860796,260.42869511114463,256.58938539876743,257.5731506347656,3115536.0
2021-10-14,DHR,259.9237471151779,264.3985812972122,259.9237471151779,261.5517578125,3181073.0
2021-10-15,DHR,262.16120968184663,263.49321586465993,261.46472802571157,262.37884521484375,3336511.0
2021-10-18,DHR,262.1437340144973,265.97432225532265,260.6550198203853,264.8164367675781,1993740.0
2021-10-19,DHR,266.6708670957441,270.231584590788,266.1746389028449,268.56005859375,2061984.0
2021-10-20,DHR,273.7400090580968,274.7847313197548,270.75388954715004,274.07952880859375,2918249.0
2021-10-21,DHR,273.80096081563215,273.80096081563215,262.91858612396925,270.5275573730469,3239729.0
2021-10-22,DHR,270.85836688926224,273.496245696147,269.4218887368923,272.8258972167969,2452272.0
2021-10-25,DHR,272.04235628127765,273.12190264179213,265.76539147873916,266.48797607421875,2601619.0
2021-10-26,DHR,267.76772649796237,269.63950547070516,266.0875098992333,267.2105712890625,1527763.0
2021-10-27,DHR,268.30754980397063,270.1270930064734,265.042837244959,265.73931884765625,2119286.0
2021-10-28,DHR,266.1832856082226,268.1247129068405,264.05904689080023,265.1559753417969,2715773.0
2021-10-29,DHR,264.1548337917978,271.62450937293056,263.51061825256335,271.4242858886719,3115198.0
2021-11-01,DHR,272.40801402203493,274.2188360453698,268.3162449388716,269.6047058105469,2101915.0
2021-11-02,DHR,270.1706403704941,274.0883198842046,268.7254708414852,272.7127685546875,3100308.0
2021-11-03,DHR,273.9315482907997,273.9315482907997,264.44210738755226,270.623291015625,3261048.0
2021-11-04,DHR,270.68423413697536,271.20659525379534,264.24184030102845,266.3922119140625,3754661.0
2021-11-05,DHR,256.79837375734303,257.31201401997885,245.95080627946962,254.2823486328125,7674235.0
2021-11-08,DHR,256.4936754404634,262.87508397955907,255.38799578234838,262.3527526855469,3294550.0
2021-11-09,DHR,263.05780958050445,263.48438943966806,258.87898125381776,260.4721374511719,2095824.0
2021-11-10,DHR,259.04446510042743,263.4931963966639,259.04446510042743,262.9447021484375,2516004.0
2021-11-11,DHR,264.4159587737299,266.4966822229066,263.07526188593994,265.1298522949219,2429374.0
2021-11-12,DHR,265.96570545760335,267.6546435661283,262.87508298053166,264.9906311035156,3085080.0
2021-11-15,DHR,264.7120420664454,268.40336505995384,260.41132756235413,260.89886474609375,3526015.0
2021-11-16,DHR,262.19594539741564,268.48160031832595,260.85521866121735,266.0439453125,3104030.0
2021-11-17,DHR,269.8832308425558,270.4926520335518,266.8448758582063,269.595947265625,2745778.0
2021-11-18,DHR,269.8484645585708,272.9129532347168,268.1856299373204,272.19036865234375,2246412.0
2021-11-19,DHR,274.3145985866005,279.6252099958275,272.98259272499257,273.47882080078125,2629594.0
2021-11-22,DHR,273.21764490430513,275.9861288979837,268.8385624262658,273.1305847167969,2494346.0
2021-11-23,DHR,270.03131297714907,273.3395402990284,268.0724736629784,272.9477844238281,2002087.0
2021-11-24,DHR,272.364536395093,275.0459307378056,270.5014480310975,274.6541748046875,1757198.0
2021-11-26,DHR,279.19861095841986,288.59230050383457,278.5456745223959,282.0367431640625,3472322.0
2021-11-29,DHR,281.47088510513646,286.8163211420722,281.3054557500282,284.2654724121094,3484054.0
2021-11-30,DHR,285.9282483604985,288.7663801659583,278.51081117599637,280.0169372558594,3770114.0
2021-12-01,DHR,278.8504087011533,283.647380846261,274.8979354944514,278.3454895019531,2644032.0
2021-12-02,DHR,276.9524981328542,281.00947313805545,274.23625009340435,275.1590881347656,3250106.0
2021-12-03,DHR,277.9884999306726,280.21721089560117,270.1967175726964,272.4428405761719,3402612.0
2021-12-06,DHR,270.9977163837759,273.67041979129436,265.12991835642646,267.18450927734375,2744086.0
2021-12-07,DHR,271.5896828497216,275.4986410128002,271.47651957030774,272.7998046875,2450580.0
2021-12-08,DHR,273.3569161086163,278.26705029513624,272.7213917826926,277.0743408203125,2508785.0
2021-12-09,DHR,278.9548585914316,280.2433494693403,275.8120305252968,277.96240234375,2221596.0
2021-12-10,DHR,277.5183933062452,281.27064290849427,276.1341811035305,276.404052734375,2103946.0
2021-12-13,DHR,277.2310655912603,278.8503550572409,275.0981060511216,277.2920227050781,3074590.0
2021-12-14,DHR,274.9762831892484,276.02972664364023,264.59885670363707,267.8809814453125,3648742.0
2021-12-15,DHR,270.431798176889,274.5148767618066,268.03768753755537,274.2188720703125,3362117.0
2021-12-16,DHR,274.85441462316294,281.314191526673,272.3035657592479,277.274658203125,4537267.0
2021-12-17,DHR,275.62919471893514,277.10049689049924,270.527527713445,272.85198974609375,8957899.0
2021-12-20,DHR,272.4167024910948,274.88046067521543,266.99289813442095,273.61810302734375,3291842.0
2021-12-21,DHR,275.2113454405635,275.2113454405635,268.5252120427715,273.2960510253906,2469192.0
2021-12-22,DHR,274.8979691185332,279.1899926203303,274.5845523550531,278.3106994628906,2470997.0
2021-12-23,DHR,277.2050053104801,280.74831042031917,276.5346268004152,279.2770080566406,1364654.0
2021-12-27,DHR,282.7071000268201,285.45817212468734,281.06170735179586,285.040283203125,1202561.0
2021-12-28,DHR,284.4395281540245,286.06753844660506,280.80047276685565,281.583984375,1392178.0
2021-12-29,DHR,283.49185614172035,285.4519378746958,281.4010543115304,284.50238037109375,2263670.0
2021-12-30,DHR,285.07743503878277,287.88256500057065,284.42407426823036,286.1489562988281,1297538.0
2021-12-31,DHR,285.96605444783495,288.5533777504035,285.20812349115914,286.6194152832031,1439892.0
2022-01-03,DHR,284.97291423826925,286.23609247497876,272.1320516122513,275.0765686035156,4132992.0
2022-01-04,DHR,272.6721029260523,275.3204221778589,266.0251697711374,267.6716613769531,5044754.0
2022-01-05,DHR,269.6230773947356,270.89498210930344,265.91196334167444,265.9642333984375,4199431.0
2022-01-06,DHR,265.3108439390311,266.8353421132836,260.6152959980421,264.7619934082031,2247089.0
2022-01-07,DHR,263.79496566625215,264.37863280573015,255.9458526782468,257.5749206542969,3645245.0
2022-01-10,DHR,256.29433012313837,264.1608667806809,253.50662443329438,263.98663330078125,3807451.0
2022-01-11,DHR,265.807456735439,269.46630119296566,261.9046553270406,265.9903869628906,4618934.0
2022-01-12,DHR,266.9050598144531,268.61254830584215,264.53551393740963,266.9050598144531,2970475.0
2022-01-13,DHR,265.52867021253564,266.89638847643783,253.45443610539658,254.42141723632812,3951835.0
2022-01-14,DHR,252.53093774878005,255.8413441510268,251.05869471089855,255.5189971923828,3576775.0
2022-01-18,DHR,251.938557203215,252.81845139003946,248.52364051222125,251.24163818359375,4699699.0
2022-01-19,DHR,252.29575396632518,255.85005750358374,249.96976665503598,250.04815673828125,3361778.0
2022-01-20,DHR,251.91245414688208,252.51354478009625,246.023436303999,246.5025634765625,3346099.0
2022-01-21,DHR,247.57407004647953,248.56720102482225,242.67816853386503,244.31594848632812,4530274.0
2022-01-24,DHR,241.07528580273484,241.78962828411323,232.62506452624893,241.18853759765625,6241111.0
2022-01-25,DHR,239.0977589111218,239.5681894609641,234.88136729336003,236.25779724121094,5518176.0
2022-01-26,DHR,236.49297201174093,238.4617957729454,230.13353856368428,232.39854431152344,5309947.0
2022-01-27,DHR,237.04179036575132,238.45306676619387,232.93863629356446,235.1862335205078,6344887.0
2022-01-28,DHR,237.16376384494922,245.10870707261074,234.036302277199,244.89093017578125,5589917.0
2022-01-31,DHR,246.74650904465506,250.4053681578422,246.23253513020717,248.96795654296875,3982517.0
2022-02-01,DHR,250.43149889355865,250.9367761172042,247.12110689389112,250.27468872070312,2905615.0
2022-02-02,DHR,251.68599559126,257.4356426445764,249.71718650576219,256.4947814941406,3676942.0
2022-02-03,DHR,252.6877890539461,256.0504660522154,250.94548381616875,252.55712890625,2679790.0
2022-02-04,DHR,251.90374884991192,253.31504044289807,249.1073456762784,250.57089233398438,1668538.0
2022-02-07,DHR,251.4768497656795,252.63548755270284,247.60891102747766,248.41038513183594,1851838.0
2022-02-08,DHR,245.23065900483445,249.51675823753604,244.2549663728115,248.81982421875,1636502.0
2022-02-09,DHR,251.32005581869905,254.91793286240565,250.9019103837424,254.38653564453125,2538902.0
2022-02-10,DHR,251.45071308247978,251.45071308247978,244.46403970622,245.84046936035156,2886552.0
2022-02-11,DHR,245.33521979457112,247.251773513561,236.74561224869123,237.5296630859375,3301430.0
2022-02-14,DHR,236.60622076188034,238.505351091437,234.19311655455502,236.51910400390625,3399905.0
2022-02-15,DHR,239.60303270622973,241.6241117174178,233.39168217409343,234.4022216796875,3704239.0
2022-02-16,DHR,233.57458371851254,234.98586008952893,228.67868229256587,233.19998168945312,4108627.0
2022-02-17,DHR,233.20000148692355,236.59751007934065,231.10922927532513,234.57643127441406,3638815.0
2022-02-18,DHR,235.71765010404232,235.81347853996002,230.95242331324977,232.53793334960938,2646514.0
2022-02-22,DHR,231.8670981351074,234.89001924448488,229.75019118764567,231.884521484375,3752630.0
2022-02-23,DHR,232.46823287511847,235.23850077369264,227.81625801363904,228.58287048339844,3166522.0
2022-02-24,DHR,223.0248893118876,237.39027816288646,222.86809413746715,236.57138061523438,4196611.0
2022-02-25,DHR,235.79602646349957,243.48834546214894,235.0903957883437,243.2705535888672,2681030.0
2022-02-28,DHR,243.90649651439122,244.06330666678642,236.5190859672153,239.0541534423828,3653930.0
2022-03-01,DHR,239.0541839183749,241.17110625130994,234.9161976797438,236.9808349609375,2256113.0
2022-03-02,DHR,236.1880820969621,240.3347799184335,236.1880820969621,239.13258361816406,2291532.0
2022-03-03,DHR,241.12755470994597,243.31415552057658,238.4618116923215,240.93589782714844,2730662.0
2022-03-04,DHR,240.17795433475942,240.36961119550267,233.1041638039038,237.42510986328125,2791236.0
2022-03-07,DHR,235.93539546884992,237.3553833812786,226.68370234951558,229.13165283203125,3697358.0
2022-03-08,DHR,225.777716295593,229.4975564433162,221.85750762795706,224.12252807617188,3142157.0
2022-03-09,DHR,229.34950371821466,232.22432698008302,227.5984867269681,230.69979858398438,2143877.0
2022-03-10,DHR,229.77634432256147,231.27473748340313,227.31097019542628,229.8373260498047,1601534.0
2022-03-11,DHR,231.300897690445,233.71400202836534,228.45220953908083,228.69613647460938,2229718.0
2022-03-14,DHR,230.02902220090013,238.04365990485817,229.08817609985064,232.46826171875,3253716.0
2022-03-15,DHR,233.99275782778312,236.9721210869316,232.92994833019026,235.9877166748047,3045713.0
2022-03-16,DHR,237.2073250083423,242.5823689668787,236.37101913094745,242.1119384765625,3481346.0
2022-03-17,DHR,241.34530904718838,245.17838612924885,236.24903907062878,245.14353942871094,2906066.0
2022-03-18,DHR,246.0146951154356,256.0068510658292,245.09996927028934,254.54331970214844,4898002.0
2022-03-21,DHR,250.67541302283087,255.10089935894126,250.0743073909268,251.99957275390625,2955134.0
2022-03-22,DHR,252.34802632510028,256.79961746265246,251.38974203550438,256.03302001953125,3266914.0
2022-03-23,DHR,253.7854509188411,253.82029762208703,248.6543338429898,249.19444274902344,2545219.0
2022-03-24,DHR,250.4674414920953,251.24345885500875,246.56996110728667,249.83094787597656,2680692.0
2022-03-25,DHR,251.78404333695812,252.603657191104,247.86912431114766,250.70286560058594,1537690.0
2022-03-28,DHR,251.14754060398172,254.31260003141728,249.38625781847549,254.13821411132812,2224416.0
2022-03-29,DHR,257.9311392836829,259.8319163611225,255.69902885989,257.9485778808594,3140239.0
2022-03-30,DHR,257.34691511123344,259.3000076297692,256.45754681480753,259.27386474609375,2952991.0
2022-03-31,DHR,259.1430361636052,262.4127272210099,255.6205005234401,255.75997924804688,4470151.0
2022-04-01,DHR,256.4401026856307,258.35831797466756,250.81623126365807,254.33006286621094,3757819.0
2022-04-04,DHR,254.8183037944267,255.54199031165143,251.44396645948834,252.20254516601562,3764474.0
2022-04-05,DHR,251.19115911836687,254.1207978106685,249.39499899128452,250.56336975097656,3125688.0
2022-04-06,DHR,249.26421147323322,253.40581744119896,246.0555552594248,252.2723388671875,2534503.0
2022-04-07,DHR,251.6794256317853,262.700496728516,251.12140564394565,261.2792663574219,2840981.0
2022-04-08,DHR,259.5441688223898,264.29614106038036,259.0820610503564,260.9566650390625,2737430.0
2022-04-11,DHR,258.0095668598805,260.5730100227864,252.20257540529232,253.83306884765625,2286794.0
2022-04-12,DHR,253.187812326953,254.03356898680426,243.3700056096317,244.7825164794922,2946449.0
2022-04-13,DHR,245.44519059410987,248.42715992884033,242.18421878377816,247.380859375,3139337.0
2022-04-14,DHR,248.61900680236985,248.69748047651825,240.9286767802034,241.504150390625,3490934.0
2022-04-18,DHR,239.76902125891164,241.33847970823052,237.52819194939397,239.83877563476562,2189561.0
2022-04-19,DHR,240.98094687447423,242.3237033701502,237.83332623036836,238.1210479736328,4022222.0
2022-04-20,DHR,240.05673929024414,247.62499843429518,238.83605281563572,244.46864318847656,4278842.0
2022-04-21,DHR,247.25876594753353,252.05430344806868,241.56514100815713,242.60272216796875,3928824.0
2022-04-22,DHR,239.77767366274372,241.57381832510396,230.44814855418952,230.67483520507812,3404078.0
2022-04-25,DHR,226.2193722193481,227.46621653366995,220.5955013646627,227.10000610351562,4875780.0
2022-04-26,DHR,224.77202563970613,226.23685262365413,218.45932923779938,218.83425903320312,3708300.0
2022-04-27,DHR,220.89194276774748,224.79814234003157,219.00860485306083,219.96771240234375,3217056.0
2022-04-28,DHR,222.98455937153028,226.05370653867587,219.82820423706647,224.0831756591797,4909169.0
2022-04-29,DHR,222.60089753526537,226.3501495740171,218.54647015434477,218.96499633789062,3637913.0
2022-05-02,DHR,218.12799086573105,221.7551732978632,214.3351417950603,218.4331512451172,3633626.0
2022-05-03,DHR,218.82548920124847,219.65380727147954,215.61683345957812,216.68057250976562,3065340.0
2022-05-04,DHR,215.06754079734506,225.1818046604305,214.5879794906869,223.7605743408203,3265334.0
2022-05-05,DHR,223.32459365826955,224.22268113241972,216.96831701665764,219.6450958251953,2591129.0
2022-05-06,DHR,216.75033840296157,218.53776407180445,213.00108613752735,217.31707763671875,2394067.0
2022-05-09,DHR,213.48934137385302,215.57323801382793,207.2551200599065,208.7112274169922,4479401.0
2022-05-10,DHR,212.72207053563218,213.907879797075,204.71784676534747,209.6529083251953,3400694.0
2022-05-11,DHR,209.6616575007452,211.95481769298016,206.54891337362503,206.74073791503906,2730098.0
2022-05-12,DHR,205.04045349296555,210.06270783671798,203.77617061124042,208.86817932128906,3194270.0
2022-05-13,DHR,212.69589791467206,218.60750522022164,212.64358214172944,217.27346801757812,3568541.0
2022-05-16,DHR,216.1400154230262,217.87514054585816,213.1667801215574,214.814697265625,2645273.0
2022-05-17,DHR,219.51431870728996,221.24944367452022,215.2070463375486,217.0816650390625,3316997.0
2022-05-18,DHR,215.36399054165454,217.06422329135782,211.62345748195497,212.3994598388672,2546122.0
2022-05-19,DHR,211.81527696848568,218.58136063648467,211.14389117486192,217.37811279296875,2699981.0
2022-05-20,DHR,220.0548829330621,221.9033434754662,214.7972080287403,219.54916381835938,2737092.0
2022-05-23,DHR,221.8510354138149,221.9207747647767,217.3606436169627,220.70008850097656,2311385.0
2022-05-24,DHR,219.35739158792816,220.9181156577179,216.94217645507234,219.7235870361328,2159105.0
2022-05-25,DHR,217.46531757127772,219.83693620311024,215.17217260789963,218.25875854492188,2903698.0
2022-05-26,DHR,218.95629491524946,220.2816129306004,217.9884680441917,219.47071838378906,2834326.0
2022-05-27,DHR,222.775309718146,232.69774909743833,221.5110267303076,232.35769653320312,3218861.0
2022-05-31,DHR,230.03838238202835,230.7271917658108,226.35016515778383,230.0296630859375,7219764.0
2022-06-01,DHR,236.699845174072,236.699845174072,225.29515544935145,227.57086181640625,2593610.0
2022-06-02,DHR,229.93376632349262,238.548326389997,227.57958623511186,238.26058959960938,3008263.0
2022-06-03,DHR,235.4094330584168,235.6012425848319,230.5528296563901,231.97406005859375,2452046.0
2022-06-06,DHR,234.11899002558766,235.14785205401301,229.39317612052892,229.95993041992188,1572545.0
2022-06-07,DHR,229.17519581679875,234.56364596947617,228.6258801421255,233.9097137451172,1837286.0
2022-06-08,DHR,231.63404186054365,233.49994155800408,229.6547762853155,231.58172607421875,1805251.0
2022-06-09,DHR,229.94244696082427,231.20672975923972,225.53054361288528,225.6177215576172,1531373.0
2022-06-10,DHR,221.08375557001773,222.39163488882423,219.06090902694865,219.27017211914062,2423395.0
2022-06-13,DHR,214.32640296692867,215.58196657930205,211.3095565758867,212.59127807617188,2996081.0
2022-06-14,DHR,211.89373266808323,213.14929618127758,208.90304440119246,211.37057495117188,2704831.0
2022-06-15,DHR,213.52421358163102,216.91598947454477,209.94934749286693,213.56781005859375,2658922.0
2022-06-16,DHR,209.0425709115823,210.5422748202673,207.71725292337163,210.00167846679688,2290968.0
2022-06-17,DHR,210.15864559318132,213.94277540177484,207.76086897556564,208.03988647460938,7693411.0
2022-06-21,DHR,211.12647955712578,214.0299754883211,210.35919641663327,212.63490295410156,3210175.0
2022-06-22,DHR,210.0453121935861,216.8898857489589,209.74013677864028,214.41363525390625,2107104.0
2022-06-23,DHR,215.46966881210633,223.24637688248527,215.46966881210633,222.72268676757812,3009278.0
2022-06-24,DHR,223.09802014693688,224.6079634160348,221.45713931345836,224.162841796875,3295565.0
2022-06-27,DHR,225.58549364867486,226.597946170867,222.27754783623854,223.79623413085938,2086913.0
2022-06-28,DHR,223.75261249538232,225.73389189005454,219.21402458157195,219.84243774414062,1984265.0
2022-06-29,DHR,219.09183155539262,221.7538931443899,217.41603807382492,220.6977996826172,1690872.0
2022-06-30,DHR,217.24146525823346,222.0419130929499,216.77888732845605,221.27383422851562,2450129.0
2022-07-01,DHR,221.9720839920826,225.82988951891812,219.11800285073917,225.22764587402344,1580892.0
2022-07-05,DHR,222.1902638403811,223.15036236431177,217.24145244859866,223.01071166992188,1830518.0
2022-07-06,DHR,222.7837757859131,228.43955370638267,221.66658527103843,226.9645233154297,2168354.0
2022-07-07,DHR,226.62416692722036,231.89592144788165,226.1964866027911,229.94082641601562,2014946.0
2022-07-08,DHR,228.14284908565637,231.52933386853988,227.99447020043718,230.21139526367188,1269338.0
2022-07-11,DHR,228.21266763997596,231.8959100834938,228.11665777593166,231.55551147460938,1907335.0
2022-07-12,DHR,230.682691588558,231.90462019494208,220.06063036592926,220.55813598632812,2477201.0
2022-07-13,DHR,218.14919916158567,221.50949919228268,216.69160994663582,219.15292358398438,2224867.0
2022-07-14,DHR,216.5257876380435,217.93100792221372,211.9610150238926,216.50833129882812,2673134.0
2022-07-15,DHR,221.80625082989695,224.41594326982928,218.77760628530683,223.2463836669922,4625815.0
2022-07-18,DHR,222.50450788433375,223.20276145037016,214.78889611563397,215.63552856445312,2229041.0
2022-07-19,DHR,218.93471374091342,223.988263422295,217.99208652630662,223.22019958496094,2320973.0
2022-07-20,DHR,224.31126315496408,227.71520481611964,222.40853687774174,223.43844604492188,3191225.0
2022-07-21,DHR,240.02172875757972,243.99300076124516,236.93198683946343,243.7136993408203,4710415.0
2022-07-22,DHR,242.1513578120835,243.6438596670997,237.6651391008254,239.00926208496094,3172726.0
2022-07-25,DHR,238.5204911360136,238.8783460696664,235.16891926443486,238.60777282714844,2500663.0
2022-07-26,DHR,238.7823523677097,241.51423943976295,237.78735604410795,241.33094787597656,2401512.0
2022-07-27,DHR,241.39203966194893,245.5291319184487,240.2399363094553,244.4293975830078,2125490.0
2022-07-28,DHR,246.13138394008888,253.17494185860193,242.75362729393254,252.249755859375,2801501.0
2022-07-29,DHR,252.19736675702126,255.4180160902313,251.35947754522667,254.39683532714844,3347678.0
2022-08-01,DHR,253.105101926771,254.64997287046518,251.03654082498844,251.2809295654297,1849807.0
2022-08-02,DHR,249.24730000092993,254.4143165277142,248.68871214603496,249.21240234375,2151096.0
2022-08-03,DHR,251.85699505699807,252.75599657122402,249.38695298072284,251.830810546875,1687826.0
2022-08-04,DHR,251.83078932569134,252.3195668068008,249.71860239908722,252.19737243652344,2319506.0
2022-08-05,DHR,249.84081194601336,253.43678787299547,249.42185979389873,253.11383056640625,1484786.0
2022-08-08,DHR,253.98662963021204,254.0651681305248,249.80588164187253,250.48666381835938,1580441.0
2022-08-09,DHR,250.66996548276325,251.3682190485205,247.99044746950403,248.9592742919922,1535321.0
2022-08-10,DHR,252.04900777937388,254.16119469926036,249.7884269590988,254.10882568359375,1726291.0
2022-08-11,DHR,255.66240919857447,257.75713977522594,254.03899976186952,254.14373779296875,1823750.0
2022-08-12,DHR,255.03396322531097,260.13989681729885,254.09135105649096,259.8780517578125,2664223.0
2022-08-15,DHR,259.2584219458223,265.1760314127874,258.97037729646,263.89300537109375,2392037.0
2022-08-16,DHR,261.83313797090835,263.68347972508104,261.02143328907465,262.26080322265625,2245284.0
2022-08-17,DHR,260.846931635817,262.47034138363085,258.2285104018772,259.45916748046875,2422831.0
2022-08-18,DHR,259.02274129859865,259.0751103206187,252.6338107481598,256.8407287597656,2123686.0
2022-08-19,DHR,256.84064784890074,257.1461487371129,254.47535950078748,255.243408203125,1808635.0
2022-08-22,DHR,251.85697066379203,253.3669439346439,249.0989142659579,249.60513305664062,1734413.0
2022-08-23,DHR,247.81590114465868,249.20365007271286,246.00918505102757,247.9119110107422,1566679.0
2022-08-24,DHR,248.7760175263925,249.82338299885254,247.0740392444767,248.6974639892578,1805815.0
2022-08-25,DHR,250.61756005004383,254.18733581828013,248.75849024667633,253.9604034423828,1558783.0
2022-08-26,DHR,253.4717027418198,254.6587038043961,244.46432152955512,244.67379760742188,1887821.0
2022-08-29,DHR,242.8060061553046,243.77481802015663,240.56289647007623,241.49679565429688,1763854.0
2022-08-30,DHR,241.98554482520967,243.16383270891714,237.77862713163714,238.59906005859375,1807733.0
2022-08-31,DHR,238.77362768805233,240.3359550652574,234.3659620137188,235.57916259765625,3519586.0
2022-09-01,DHR,235.85843794352007,239.07910241497058,232.98691527162356,239.0267333984375,2192832.0
2022-09-02,DHR,240.89453443279334,241.6538851814227,234.28740023876736,235.15147399902344,1722456.0
2022-09-06,DHR,236.05047736592127,240.10030324771333,234.8634612481318,237.82228088378906,2289614.0
2022-09-07,DHR,237.19382674818195,243.23364471981373,236.32102485105588,242.17755126953125,1905530.0
2022-09-08,DHR,241.07781711135883,252.179913133481,240.11773352170354,251.4554901123047,3775754.0
2022-09-09,DHR,250.87942810832402,254.4928600721464,250.43429148400784,253.4803924560547,2430502.0
2022-09-12,DHR,253.82953559159174,257.1287536804528,252.52905333384857,256.1773681640625,1989454.0
2022-09-13,DHR,250.8358202518303,252.59015242717325,245.30223542531695,245.9393768310547,2137898.0
2022-09-14,DHR,246.3844989407563,250.89690260353814,243.58278650087271,245.89572143554688,3354559.0
2022-09-15,DHR,251.80463022591164,254.1350216203001,245.39824344522395,246.05284118652344,3632160.0
2022-09-16,DHR,246.6114376464908,246.85581138266363,240.2050360102224,241.81971740722656,6466486.0
2022-09-19,DHR,239.85589759750331,243.67879078625043,238.188832238803,243.46058654785156,2531570.0
2022-09-20,DHR,240.4232486102903,241.0254773356839,237.16767114798816,239.4718780517578,2367785.0
2022-09-21,DHR,241.75863724794058,244.1675821311825,234.2525011572203,234.3310546875,2382336.0
2022-09-22,DHR,232.1664825135691,234.5579710461505,231.56425380676143,232.5417938232422,3267590.0
2022-09-23,DHR,230.41216709281292,231.99193593061742,228.02067838687455,231.52935791015625,2288599.0
2022-09-26,DHR,229.1815021520562,232.7687350872273,227.39224225829847,229.25132751464844,1778179.0
2022-09-27,DHR,231.18018317293493,231.69514513308943,224.59923402153154,227.01690673828125,2529427.0
2022-09-28,DHR,230.83107506235936,233.93827336652652,227.70643544181706,232.37594604492188,3230592.0
2022-09-29,DHR,231.1965364097017,232.26235882476382,227.37005034047405,229.02120971679688,2779618.0
2022-09-30,DHR,229.01246020598933,232.03521486342592,225.4218564017671,225.6490020751953,3008376.0
2022-10-03,DHR,228.25246516856882,235.73944757986968,226.04219258648183,234.82212829589844,3416825.0
2022-10-04,DHR,239.01549281087833,243.9078011556574,237.57400641700852,243.78549194335938,2917234.0
2022-10-05,DHR,241.57523143334947,247.78671725822394,241.1471491697328,246.61605834960938,2346917.0
2022-10-06,DHR,245.55897134569247,246.85193946752977,242.5886347035082,242.91188049316406,2255436.0
2022-10-07,DHR,239.85420360901833,240.6754227226065,233.03992246167147,234.55130004882812,1779194.0
2022-10-10,DHR,235.26764855049566,235.26764855049566,227.34384860548573,228.37474060058594,1853304.0
2022-10-11,DHR,226.5576008484714,227.0468377507414,220.3461146482285,222.0234832763672,3671189.0
2022-10-12,DHR,221.90116736937438,223.83187572698242,219.53364036217786,219.8743438720703,2941034.0
2022-10-13,DHR,215.54990255904227,226.3304516583898,211.89814370512454,224.7579345703125,3268718.0
2022-10-14,DHR,226.20812285783248,227.80686396369651,221.32455085338378,221.64779663085938,2270326.0
2022-10-17,DHR,224.0240864917103,229.01249555798296,223.5697950747262,227.081787109375,2459942.0
2022-10-18,DHR,232.76033094377283,235.35500350692374,230.2006038706788,232.00901794433594,2327402.0
2022-10-19,DHR,227.4574144987729,228.06896057886547,219.56857532307933,225.299560546875,4634839.0
2022-10-20,DHR,211.1380831427856,221.90989530079327,211.05071941619127,212.3611602783203,8528018.0
2022-10-21,DHR,212.10779639452156,214.02103185149292,205.14498286684088,213.68032836914062,7548350.0
2022-10-24,DHR,215.61106240109277,220.1975982533523,211.6535303919649,219.86563110351562,4112011.0
2022-10-25,DHR,220.29369906572686,223.03689022725317,218.97452172512487,220.04034423828125,3999888.0
2022-10-26,DHR,221.58667514362025,224.16387530268935,219.3764026786904,221.708984375,5127662.0
2022-10-27,DHR,220.13643271096723,220.55577861009394,213.71527381452125,216.74676513671875,3711458.0
2022-10-28,DHR,217.61164483823734,220.61692695641048,216.5196132937206,219.9791717529297,3743042.0
2022-10-31,DHR,218.21447158051586,220.69557153328805,216.3186936042143,219.86563110351562,3328051.0
2022-11-01,DHR,221.68279645167786,224.75797020398926,219.734615010559,223.4912109375,3382421.0
2022-11-02,DHR,222.41659842494153,223.04561728059173,211.63604948001588,211.889404296875,5104313.0
2022-11-03,DHR,209.84515758080462,212.7892706537171,205.2673424892771,210.91098022460938,4596713.0
2022-11-04,DHR,213.8638045276618,216.0740919620734,208.89286820796448,215.75958251953125,3380503.0
2022-11-07,DHR,217.10496515981347,218.04847843402027,214.30061942015587,217.56797790527344,2752884.0
2022-11-08,DHR,218.41540352994747,224.05902539879622,217.18358995304638,221.03628540039062,3632386.0
2022-11-09,DHR,221.03627774364057,221.8487453813549,215.03444974689413,215.74209594726562,2478442.0
2022-11-10,DHR,224.81033987838572,234.3328657374824,224.63561242603004,234.0183563232422,3764249.0
2022-11-11,DHR,235.0405087929091,242.19550810872246,234.39403222322022,236.75282287597656,3976087.0
2022-11-14,DHR,235.88792404472514,238.05452954624184,233.01370239257812,233.01370239257812,2705508.0
2022-11-15,DHR,237.69634604007933,240.72783754488572,234.2280509008238,236.16749572753906,2886665.0
2022-11-16,DHR,235.87921244771323,236.87514398981648,230.36662091696795,232.52447509765625,2493331.0
2022-11-17,DHR,230.01714730706152,230.01714730706152,222.7398389937666,226.81094360351562,2439638.0
2022-11-18,DHR,231.57223226113643,232.38469998375118,223.9978864345297,227.71080017089844,3062971.0
2022-11-21,DHR,226.98567007153224,229.73759741481229,226.312969369635,227.19534301757812,1762387.0
2022-11-22,DHR,229.44932280466503,230.43651799937788,225.99850029164122,228.92514038085938,2042582.0
2022-11-23,DHR,230.10449504927888,230.82961394046808,228.14757775385664,230.06954956054688,1747723.0
2022-11-25,DHR,231.47610815071988,233.65143491710685,231.00434401675273,233.2932586669922,979442.0
2022-11-28,DHR,231.57221837655575,234.35909136437348,227.46616806731134,228.15634155273438,2643242.0
2022-11-29,DHR,227.1429382621419,228.6018825247282,224.21628329012484,226.28677368164062,2438059.0
2022-11-30,DHR,226.2693122242834,238.8582763671875,226.2693122242834,238.8582763671875,6479458.0
2022-12-01,DHR,240.7016388759625,242.8507567581867,236.35970620570578,239.84547424316406,2243818.0
2022-12-02,DHR,235.87046885621606,240.369640923391,234.13194561989576,239.57464599609375,2042357.0
2022-12-05,DHR,236.4645033517245,237.11971624123635,232.76906295776388,234.105712890625,2464906.0
2022-12-06,DHR,231.93042161275815,233.48546605470685,229.68520364987458,231.8168487548828,1928880.0
2022-12-07,DHR,232.04399283949152,235.8879370857166,231.85179261982276,234.3416290283203,2225657.0
2022-12-08,DHR,234.8221166067013,238.9019580133843,232.75162611381006,237.46920776367188,1974451.0
2022-12-09,DHR,236.31601659597632,238.25547648016246,235.04925747266842,235.3026123046875,1913652.0
2022-12-12,DHR,237.3294203080078,239.33003480193625,236.70915282653831,238.92816162109375,2310031.0
2022-12-13,DHR,245.70750430358808,245.96084408998698,238.5874353186796,241.71502685546875,2943516.0
2022-12-14,DHR,242.39644943957023,244.3446456334512,237.86233187946854,239.57464599609375,2940358.0
2022-12-15,DHR,236.37716370969125,237.78370476465204,233.25832357313323,235.94908142089844,3418968.0
2022-12-16,DHR,232.9962073316467,233.80867491891155,228.30483555282072,228.91636657714844,5657822.0
2022-12-19,DHR,229.2483806980406,229.66772662700458,225.1248575069236,226.0247039794922,2898960.0
2022-12-20,DHR,225.15981354502284,225.911141702934,222.33799483946774,223.2989959716797,2862187.0
2022-12-21,DHR,225.16849950928508,229.03866718312096,224.34729558057577,227.99905395507812,1852402.0
2022-12-22,DHR,225.56164168400173,226.40905474905324,221.90988322149394,225.98098754882812,2079017.0
2022-12-23,DHR,225.52670992640847,228.48831020349098,225.15104589962925,227.02061462402344,1236739.0
2022-12-27,DHR,226.5488535214145,229.4667719738673,224.32984489555457,227.91171264648438,1275091.0
2022-12-28,DHR,229.30953644006166,231.86052744689283,226.36540862289394,226.56634521484375,1558332.0
2022-12-29,DHR,229.78439925565954,234.8213458056953,228.84870529244978,233.35223388671875,1357322.0
2022-12-30,DHR,233.2210500734246,234.05179130270585,229.50455397209862,232.1017303466797,1701926.0
2023-01-03,DHR,234.19171345063666,234.35786471051276,226.54010100096264,229.34715270996094,3019318.0
2023-01-04,DHR,231.91809773102622,234.61146703386396,230.83375717753893,232.93247985839844,2465244.0
2023-01-05,DHR,226.47888829550658,229.05857513300967,221.78298918939902,223.19088745117188,4158710.0
2023-01-06,DHR,224.17903932329295,225.68313044805328,212.0414027876136,220.7948455810547,6586956.0
2023-01-09,DHR,222.91103528993756,228.10538774754653,221.7217572063179,223.03346252441406,3325570.0
2023-01-10,DHR,226.1465707458834,234.50649612140043,225.69184104065533,233.38717651367188,3036238.0
2023-01-11,DHR,234.46278981686172,240.5403524257538,234.3578521846539,239.4385223388672,3389866.0
2023-01-12,DHR,239.42977633799623,240.51411681408848,235.61708754074525,238.12681579589844,1828037.0
2023-01-13,DHR,236.5440663237668,239.84955719328815,235.80951781430593,239.2724151611328,1971293.0
2023-01-17,DHR,240.35672612700728,242.4816832053263,238.36294109689268,240.40919494628906,3020784.0
2023-01-18,DHR,241.36234465892358,243.79336966050164,235.88817352975408,236.64895629882812,2363498.0
2023-01-19,DHR,235.4859188339925,238.28422561587772,233.6582851589101,236.78887939453125,2129664.0
2023-01-20,DHR,238.36292851635966,239.97194212015262,235.18859521994295,239.95445251464844,3406334.0
2023-01-23,DHR,239.56093852710973,244.2568371466375,238.18801962034308,242.2280731201172,2381998.0
2023-01-24,DHR,238.73019604065382,238.73019604065382,230.35278033304408,237.4884490966797,5876993.0
2023-01-25,DHR,231.9355726350263,233.43966364985891,229.05856264601175,229.94178771972656,4918870.0
2023-01-26,DHR,230.85999265954283,232.52147518489969,228.07917531114595,232.4864959716797,4417135.0
2023-01-27,DHR,231.41086692145907,233.65826599619555,229.82808785357474,232.59140014648438,2796199.0
2023-01-30,DHR,230.44022623632512,233.3259810257132,229.4170993713735,229.7668914794922,2432758.0
2023-01-31,DHR,230.0029980304784,231.8918604609912,227.72937931237485,231.19229125976562,2937763.0
2023-02-01,DHR,231.82190113250095,235.55588691189908,230.00299713432722,233.92062377929688,4098137.0
2023-02-02,DHR,235.23233462601735,238.9400860816307,234.31414532826244,236.70144653320312,2843011.0
2023-02-03,DHR,235.02243299958388,237.2348529413169,232.94120014430553,235.97561645507812,1891205.0
2023-02-06,DHR,232.3378494713006,234.11301444042095,228.91866148010072,230.64137268066406,2602860.0
2023-02-07,DHR,227.49326776772506,233.9905657222675,226.19030724555492,232.60890197753906,2772286.0
2023-02-08,DHR,230.9212065460034,231.53332772675483,228.2540716375301,229.05857849121094,2616960.0
2023-02-09,DHR,229.73191229864418,230.52767429342245,222.66618697020283,223.0859375,3947436.0
2023-02-10,DHR,222.00158035498967,226.68873404744306,219.28197702070673,226.34768676757812,3164266.0
2023-02-13,DHR,227.04729635820797,228.5688770336344,225.21964757683162,227.25717163085938,2891402.0
2023-02-14,DHR,227.60695199997545,227.60695199997545,223.19963141559347,224.0740966796875,2278222.0
2023-02-15,DHR,222.49130760420402,225.788053094019,222.2027291128455,224.8348846435547,2106653.0
2023-02-16,DHR,222.24644601833032,226.28648456294994,221.94037793122422,223.64559936523438,2224303.0
2023-02-17,DHR,222.12402816133246,224.31019877322626,220.65491633249405,224.11781311035156,1898311.0
2023-02-21,DHR,220.3663182808827,221.38944507316455,218.25885108174603,219.30821228027344,2958631.0
2023-02-22,DHR,219.49188021814624,220.25266304188392,217.20077189247556,218.71360778808594,3133697.0
2023-02-23,DHR,220.54119753305338,221.23203684492688,218.2238552603681,220.81228637695312,2504160.0
2023-02-24,DHR,217.74290173339045,219.0633517599148,215.58296578153391,217.84783935546875,2042582.0
2023-02-27,DHR,219.85915403394293,221.07466657829897,216.4749454349715,216.82473754882812,2467838.0
2023-02-28,DHR,215.87158696694937,217.86537207845302,213.75537460545726,216.4574737548828,4017936.0
2023-03-01,DHR,214.86592832414584,216.9384164624952,214.16634410779463,214.5598602294922,3254731.0
2023-03-02,DHR,213.37058995137585,218.98467823735584,212.7147297244529,218.3813018798828,2236034.0
2023-03-03,DHR,220.23517092995405,221.83545483897117,218.61741246610944,221.3632354736328,2192719.0
2023-03-06,DHR,220.50625594137801,222.50005595306285,218.2763613024782,218.48623657226562,2414822.0
2023-03-07,DHR,219.28199494016053,219.4831254036965,213.16945306569767,214.4636688232422,3195624.0
2023-03-08,DHR,214.4986333045319,217.90031619163588,214.13135161373114,216.6585693359375,3353318.0
2023-03-09,DHR,217.62925911939178,218.48623474589766,212.28624479256655,213.04702758789062,2708554.0
2023-03-10,DHR,211.90148283602846,212.8284169261919,207.2493077274722,209.6540985107422,3399228.0
2023-03-13,DHR,208.94577899360382,212.84590092232503,207.24930226468092,210.21376037597656,2691634.0
2023-03-14,DHR,213.19571749230903,215.95030064773437,211.65664704071258,214.11390686035156,2577480.0
2023-03-15,DHR,209.89021589376847,211.89274580228462,208.72717207398406,211.7178497314453,3047292.0
2023-03-16,DHR,211.37680314512826,218.37255519766154,210.23997876157807,218.04025268554688,3028567.0
2023-03-17,DHR,217.46311838119382,217.5068423974817,211.77031166569844,212.46115112304688,3911002.0
2023-03-20,DHR,212.49611031783203,214.87466647722704,212.3999174910606,214.0701446533203,2496264.0
2023-03-21,DHR,215.5567520355303,217.7341777997567,214.99709971543498,217.2007598876953,1991935.0
2023-03-22,DHR,218.07524962136898,221.0659423708771,215.32941137437217,215.390625,3589634.0
2023-03-23,DHR,215.86281135680983,218.42500833474224,214.46365803648848,215.93276977539062,1810553.0
2023-03-24,DHR,214.3500157733086,217.17455735020945,212.58359547572368,217.01715087890625,3377909.0
2023-03-27,DHR,219.70172904926986,221.11837193958937,216.51865118428174,216.8422088623047,2094019.0
2023-03-28,DHR,216.5011637365401,216.81597661559005,214.51612374067562,215.86280822753906,1784834.0
2023-03-29,DHR,217.6817388351131,218.05776540183206,215.268203067605,216.41375732421875,1692113.0
2023-03-30,DHR,218.54102164755443,219.36391583842575,217.1140770434511,218.68109130859375,2996194.0
2023-03-31,DHR,219.9592347254755,221.26361851154,218.5585530374526,220.64205932617188,3107302.0
2023-04-03,DHR,218.8824409182526,219.5827741540249,216.29993668454026,218.93496704101562,2987734.0
2023-04-04,DHR,219.28513397963206,221.46495308464173,217.6918716675539,217.96324157714844,2654410.0
2023-04-05,DHR,216.58006635039303,218.91744857367306,215.10935004633055,216.84268188476562,3478865.0
2023-04-06,DHR,217.4642514910624,217.4642514910624,214.1201335324161,216.19488525390625,2304504.0
2023-04-10,DHR,215.21441027580445,218.61980867299005,214.2164139507547,218.45347595214844,2348045.0
2023-04-11,DHR,219.15381436368727,221.13228328536806,218.4622354705202,218.75112915039062,1720313.0
2023-04-12,DHR,221.4824647313766,222.44542862823258,218.1908576787897,218.82992553710938,2280026.0
2023-04-13,DHR,222.35789884719904,223.12826699881302,219.75788561736454,222.71682739257812,1989792.0
2023-04-14,DHR,221.83263422691005,223.39964863861647,219.83667150588556,220.3181610107422,2791913.0
2023-04-17,DHR,220.71209198040762,224.3626126607808,219.98549561328215,223.889892578125,2945095.0
2023-04-18,DHR,227.2077276430628,228.69595273168403,223.98617062544935,224.2312774658203,3595387.0
2023-04-19,DHR,222.7955801572984,223.767313443087,220.18682789054782,223.023193359375,2690393.0
2023-04-20,DHR,214.47904533990277,218.54977463520757,211.25748835934056,217.40296936035156,4211614.0
2023-04-21,DHR,219.0838014043892,221.45620125911472,217.6481023821165,221.31613159179688,2760780.0
2023-04-24,DHR,222.35788897864748,222.98818742604243,221.1848205598901,222.66429138183594,3568090.0
2023-04-25,DHR,214.63662449875397,216.79891975003287,202.21434714453903,203.0897674560547,11653932.0
2023-04-26,DHR,200.2184023918131,204.394169250646,198.72142282811967,203.50999450683594,8349343.0
2023-04-27,DHR,203.89515812024533,203.90391247361342,200.5510403368341,202.5907745361328,6785258.0
2023-04-28,DHR,203.5625040586022,209.73424818905326,202.87092517164066,207.39686584472656,5297652.0
2023-05-01,DHR,209.39281859384937,213.67365222643147,208.14971547205099,211.6164093017578,4290122.0
2023-05-02,DHR,208.7099956641697,214.1988999783553,207.99215374381097,212.5443572998047,3717324.0
2023-05-03,DHR,216.39626355691365,221.42120303659672,214.61039021153456,214.9780731201172,4828517.0
2023-05-04,DHR,214.7153970186428,214.8292036091127,211.80898192057055,212.1416473388672,2659373.0
2023-05-05,DHR,214.16391897131749,215.03058498775732,210.46961155606104,212.23797607421875,2325485.0
2023-05-08,DHR,213.26219161841382,213.3409807972253,208.01839432178286,209.43658447265625,2826204.0
2023-05-09,DHR,207.3706019536943,208.17598743757424,204.98944784960736,205.8648681640625,3032064.0
2023-05-10,DHR,206.8453329241385,208.00964687080938,203.2736019026999,204.35037231445312,3116100.0
2023-05-11,DHR,203.0985156975338,203.0985156975338,200.734870380162,202.0567626953125,4401794.0
2023-05-12,DHR,202.5558031055075,202.5558031055075,198.45881000236832,199.0190887451172,3978005.0
2023-05-15,DHR,198.90525183594656,199.7369004003326,197.26820270150648,198.66888427734375,3780605.0
2023-05-16,DHR,198.80016038907493,198.80016038907493,196.37523493849739,196.96176147460938,3026198.0
2023-05-17,DHR,197.4520532402012,198.3274736150632,193.66146297696022,197.18942260742188,3453372.0
2023-05-18,DHR,197.2331851731502,198.6688841642595,196.6379041677058,198.222412109375,4128367.0
2023-05-19,DHR,199.1853936658656,200.99751483577234,198.5463258142109,199.88572692871094,3686642.0
2023-05-22,DHR,199.97325533894272,204.21907156861943,199.37795930299274,202.4682159423828,3530414.0
2023-05-23,DHR,201.62783029323796,204.54298504441087,200.90997324741494,201.3564453125,4040496.0
2023-05-24,DHR,197.1806461191558,200.04328955964263,194.9658248334722,199.3429412841797,5289305.0
2023-05-25,DHR,199.596821357844,202.2230973056754,198.4500161025373,201.7416229248047,3965935.0
2023-05-26,DHR,203.53625543024407,204.67430644460998,202.17934555393552,203.28237915039062,3161558.0
2023-05-30,DHR,203.96520180064994,205.14702448890813,198.7214041764796,198.8789825439453,3066130.0
2023-05-31,DHR,197.9948228391981,201.30392360273603,195.753723178133,201.01502990722656,12662026.0
2023-06-01,DHR,201.09382340793306,204.65680052572557,199.6406156125583,203.7025909423828,3013226.0
2023-06-02,DHR,205.33960950038386,206.46015165362792,203.334877664962,205.3921356201172,2517132.0
2023-06-05,DHR,205.7335527457424,205.81234193009698,202.17933029917333,204.07901000976562,2692762.0
2023-06-06,DHR,203.30862705084166,206.985410454052,202.6608199355414,205.4184112548828,2300669.0
2023-06-07,DHR,205.3746214696285,208.76251089942386,204.84936028621837,207.9308624267578,3726235.0
2023-06-08,DHR,207.9308785460405,208.43861599496464,204.60425426202207,206.08372497558594,2519050.0
2023-06-09,DHR,206.96789812246166,207.16924825690637,204.46418310787857,206.0487060546875,2055893.0
2023-06-12,DHR,206.04869984795718,208.70999314846225,205.09449039424027,208.39483642578125,2465018.0
2023-06-13,DHR,208.07093176477906,211.4413277952299,207.9133684663146,211.21371459960938,2665126.0
2023-06-14,DHR,212.67568539548637,213.45480783730457,207.7470443419493,208.74502563476562,2639182.0
2023-06-15,DHR,204.84061316923226,214.1113679097806,204.03522772728616,213.17465209960938,3187954.0
2023-06-16,DHR,214.4790674044711,215.64338150662655,210.92484461537882,211.67771911621094,7220554.0
2023-06-20,DHR,200.3672025075561,207.70326035511175,199.9557478918805,207.12547302246094,5795890.0
2023-06-21,DHR,206.40763833227814,209.0951948231426,205.00695678693984,208.09719848632812,3126139.0
2023-06-22,DHR,208.9113454095417,210.2507464268755,205.89112358848425,206.93287658691406,2364288.0
2023-06-23,DHR,205.55847969004373,209.2265240541591,205.12953139147928,208.5086669921875,3684048.0
2023-06-26,DHR,208.58746781483103,209.70801017461685,205.38341912371888,208.2460479736328,2309580.0
2023-06-27,DHR,209.03392436131998,209.03392436131998,202.1180598416003,204.67430114746094,4814868.0
2023-06-28,DHR,204.40291070337773,206.02245112882304,202.50324601711733,205.52346801757812,2856209.0
2023-06-29,DHR,204.73468046086566,208.40693316541825,203.0256459480702,208.389404296875,2152337.0
2023-06-30,DHR,209.47617782376022,211.74615120161155,208.3280520260472,210.34385681152344,3722738.0
2023-07-03,DHR,208.2316299262723,209.80043326742515,206.7153980981815,207.54800415039062,1340628.0
2023-07-05,DHR,204.98005551496416,208.78377419349374,204.34903142209293,208.04757690429688,2765856.0
2023-07-06,DHR,205.8740281325415,206.22460548007922,203.23597884757143,205.43582153320312,2867376.0
2023-07-07,DHR,204.10365723659632,206.96083265238698,203.91083968171557,204.27894592285156,2859142.0
2023-07-10,DHR,203.82317020301915,206.46999886889537,203.56900163929325,205.49716186523438,2314205.0
2023-07-11,DHR,205.6549288800385,208.73119979714548,204.39286553543687,208.30174255371094,3302784.0
2023-07-12,DHR,209.46742783164706,211.12387572394093,207.88984476200486,208.68739318847656,3153437.0
2023-07-13,DHR,210.3438405680582,210.59800914080552,208.17905565310159,209.30088806152344,3020897.0
2023-07-14,DHR,210.19483910544054,212.0353399259598,209.50244887561126,210.80833435058594,3282029.0
2023-07-17,DHR,210.4753151048119,210.73823303605394,205.874032574356,208.38063049316406,3840276.0
2023-07-18,DHR,209.1694301143796,211.38680172129506,207.91613115154684,211.03622436523438,3065904.0
2023-07-19,DHR,212.350854987533,214.91880371617378,212.1930951917019,213.744384765625,3692395.0
2023-07-20,DHR,215.383344842043,216.8732684802135,212.51740503969978,214.18263244628906,2389442.0
2023-07-21,DHR,212.64885791906968,225.8917511600145,210.54542402408308,224.2615966796875,8335018.0
2023-07-24,DHR,223.46403222450886,227.8637326192392,221.43071380743376,226.1020965576172,6410311.0
2023-07-25,DHR,217.2588740718035,232.14070024435327,216.04939740617428,224.10382080078125,8281663.0
2023-07-26,DHR,222.88559536036493,232.9295155760047,222.64895565338384,232.14071655273438,6502243.0
2023-07-27,DHR,231.571020755069,232.7980262525756,223.66559294059712,223.72694396972656,4608444.0
2023-07-28,DHR,225.36590422780574,228.81904587412328,223.49033048817944,227.93385314941406,4129946.0
2023-07-31,DHR,228.22305480622734,228.54733884175826,222.92064802904338,223.54290771484375,4084375.0
2023-08-01,DHR,223.55167696280475,225.6288175514495,222.18444040917672,223.49032592773438,2920730.0
2023-08-02,DHR,222.79793900322522,226.78569573203953,221.73745768090888,226.00567626953125,2872226.0
2023-08-03,DHR,225.3659002555949,227.42551198280228,223.05210486873423,225.64634704589844,2746680.0
2023-08-04,DHR,224.77867717146242,226.44390442679938,222.18443506392168,223.27120971679688,3062858.0
2023-08-07,DHR,223.77955334870117,225.17308321000323,221.61476841347687,224.03372192382812,1433237.0
2023-08-08,DHR,224.36673756580555,227.40796562293096,222.2983615640958,227.05738830566406,1913088.0
2023-08-09,DHR,227.25023938456096,227.7059899643013,223.85844859443975,224.4193572998047,1914329.0
2023-08-10,DHR,225.50616303407327,230.0373155077479,225.08547016159193,225.57626342773438,1917600.0
2023-08-11,DHR,223.94607328964673,225.31330982383383,222.73659655768316,223.85842895507812,1573560.0
2023-08-14,DHR,222.938179557601,226.01445045992782,221.746231687042,225.4009552001953,1840219.0
2023-08-15,DHR,224.27912684495985,226.02321897224365,223.03459235095775,223.69190979003906,1734977.0
2023-08-16,DHR,221.67610782603623,223.5954885191226,221.05383307128326,221.55340576171875,1986634.0
2023-08-17,DHR,222.2195004871749,222.5613134004578,220.2212397796886,221.5797119140625,2014382.0
2023-08-18,DHR,220.64190875347134,222.1493762004691,219.2133362914912,220.34393310546875,2303827.0
2023-08-21,DHR,221.4920875074295,221.78131384469376,219.0380760280846,219.25718688964844,2671217.0
2023-08-22,DHR,218.9328591709039,220.8785330635562,218.27552671724965,218.84521484375,1933279.0
2023-08-23,DHR,221.08014294732865,223.78832282837197,220.53676313540586,223.3676300048828,1695835.0
2023-08-24,DHR,223.75325254009485,225.1730756546319,221.82510737744363,222.22825622558594,1738699.0
2023-08-25,DHR,222.9820121644938,225.37467245112694,221.15902499677685,223.95484924316406,1557768.0
2023-08-28,DHR,226.30368054917145,229.63412007860745,225.6901701940975,229.18714904785156,2534165.0
2023-08-29,DHR,229.8094162747461,231.65869674906796,228.46847296841264,231.37823486328125,2328418.0
2023-08-30,DHR,232.06182175059462,232.76297639292753,230.00221015890702,231.52720642089844,2037958.0
2023-08-31,DHR,232.25465393066406,234.875189401553,232.25465393066406,232.25465393066406,3313387.0
2023-09-01,DHR,234.9102198914791,236.29498515176945,231.61483850204147,232.771728515625,2897719.0
2023-09-05,DHR,233.4992069698417,233.73584669536433,228.48601090281295,228.6174774169922,2415950.0
2023-09-06,DHR,228.31070700674883,229.23095745960978,224.52451690588455,225.23443603515625,2867489.0
2023-09-07,DHR,224.4543998756937,226.5140266945467,223.07839888027505,223.4202117919922,2016751.0
2023-09-08,DHR,222.93818649914886,223.3588642350377,214.98893558002115,217.6708221435547,3582415.0
2023-09-11,DHR,216.49642020411414,219.48504710058972,213.9985865524565,219.25718688964844,2766194.0
2023-09-12,DHR,218.62614808565303,218.95043216147553,215.16424172064146,217.64454650878906,2680015.0
2023-09-13,DHR,213.3324891579957,224.1389161506326,212.9381046929597,221.2554473876953,3273456.0
2023-09-14,DHR,223.1660368438624,223.44649871213426,218.29307222297226,222.15814208984375,2132033.0
2023-09-15,DHR,221.54464205110125,227.9338384241995,220.76460749682462,223.7094268798828,6425765.0
2023-09-18,DHR,223.4903639444384,224.15646100993735,221.84266523592197,222.412353515625,2210429.0
2023-09-19,DHR,221.50959597997857,224.33169836180932,220.97496552699099,223.69190979003906,1994755.0
2023-09-20,DHR,223.91979621133277,225.77782606862726,222.41232863262613,223.01707458496094,1758665.0
2023-09-21,DHR,222.02668500466973,222.02668500466973,218.52095675785264,218.7838897705078,2718367.0
2023-09-22,DHR,219.2659280728956,220.55428471718707,217.42541211601483,217.67958068847656,3108317.0
2023-09-25,DHR,218.45085589424994,221.02756942039136,216.73305693354558,220.89610290527344,2142862.0
2023-09-26,DHR,219.59896508010797,220.50170174889698,216.35616987466096,216.69798278808594,2277319.0
2023-09-27,DHR,217.7935321402785,217.7935321402785,213.91969752813173,216.86451721191406,2532022.0
2023-09-28,DHR,216.87326119657362,219.0818834473225,216.38246798480597,216.64540100097656,2641663.0
2023-09-29,DHR,218.43332864931648,218.7225549847259,216.48765438127768,217.44296264648438,3692508.0
2023-10-02,DHR,216.5266845834693,219.1366302687586,206.58120985153408,211.30679321289062,6387700.0
2023-10-03,DHR,210.25883661548158,214.59887519218267,210.25883661548158,213.2444610595703,4817100.0
2023-10-04,DHR,213.77833818535308,214.98445096245555,211.31667881207008,213.6102752685547,3445800.0
2023-10-05,DHR,213.442209999241,215.02400179359552,210.20944621284642,214.4011688232422,2273000.0
2023-10-06,DHR,212.3250777330044,216.19055510486749,210.8421536269199,214.75706481933594,2696300.0
2023-10-09,DHR,215.01409192826762,216.0224693525735,212.4535651110421,215.88406372070312,1949400.0
2023-10-10,DHR,215.31067483690381,217.58449468385288,212.6414146187824,216.22021484375,2215500.0
2023-10-11,DHR,215.36894404830883,216.25979216626348,212.61719574187373,214.23062133789062,2444900.0
2023-10-12,DHR,214.3890323043112,216.4577903262695,202.64955173284866,207.36119079589844,5081600.0
2023-10-13,DHR,207.6086355502358,209.7763681665605,206.81676209900297,207.30177307128906,3365600.0
2023-10-16,DHR,207.4601552905554,209.60810206748005,206.06448000159804,208.31141662597656,3088700.0
2023-10-17,DHR,204.8865750155192,210.39007193152148,204.42134994277453,209.78627014160156,2643900.0
2023-10-18,DHR,207.81648597441148,208.05405253277732,202.64953038385678,202.7188262939453,4346800.0
2023-10-19,DHR,206.3515444025584,208.13325595570564,204.43125612326253,205.1934356689453,3793700.0
2023-10-20,DHR,205.18352793423782,207.07412228250408,203.66907688768936,203.73837280273438,2926100.0
2023-10-23,DHR,202.8672732334757,204.27284122966947,200.94698530366537,201.97642517089844,3917500.0
2023-10-24,DHR,191.96918229000235,200.91731107828744,190.47451725799314,194.83970642089844,5925600.0
2023-10-25,DHR,190.87048523291944,191.82072136376155,181.38783429342655,190.6923065185547,7514900.0
2023-10-26,DHR,188.80169635987508,193.2955540153161,187.78216447783987,191.71180725097656,3409600.0
2023-10-27,DHR,190.30624423373436,191.47426090184103,184.95123225100315,185.97076416015625,3966200.0
2023-10-30,DHR,186.93091725578643,187.35654035718574,180.2396025334893,183.21902465820312,5493600.0
2023-10-31,DHR,188.08903418822433,193.10750534645717,186.83193561096303,190.06871032714844,5208200.0
2023-11-01,DHR,189.88061916056628,189.88061916056628,186.94079918813352,188.0692138671875,3766300.0
2023-11-02,DHR,190.3458383509077,191.71180443375587,189.00955109415005,191.0189208984375,2535900.0
2023-11-03,DHR,193.99838275334483,197.96762826266803,193.99838275334483,195.85926818847656,2930400.0
2023-11-06,DHR,195.62170100458158,195.760277729097,193.12730485957346,193.53314208984375,2362600.0
2023-11-07,DHR,193.73109316649703,196.8985717228319,193.40444481641308,196.23538208007812,2212500.0
2023-11-08,DHR,196.9678623458476,198.40312437619653,194.2655938232398,194.81991577148438,1611900.0
2023-11-09,DHR,196.7303148007051,197.32422367933137,193.31537650792944,193.53314208984375,2316900.0
2023-11-10,DHR,193.86966272653672,195.18614902087313,190.39533693723968,194.99807739257812,2110000.0
2023-11-13,DHR,194.00825008593677,195.1465577566839,191.78111456199107,193.9884490966797,1683000.0
2023-11-14,DHR,198.32395141284925,202.6000439157353,198.32395141284925,201.45184326171875,2900000.0
2023-11-15,DHR,202.64952560586102,207.51952665956765,202.07541776447667,206.044677734375,4110600.0
2023-11-16,DHR,207.12362311703254,207.8165067686014,205.18353378890885,206.98504638671875,3499300.0
2023-11-17,DHR,207.8758832038994,207.8857912507752,204.2035925007149,205.66854858398438,2474400.0
2023-11-20,DHR,206.84646453868697,209.64770811418674,205.5200851379675,208.88552856445312,2568500.0
2023-11-21,DHR,212.25096579882896,219.31842397498085,211.4393064518178,215.6461181640625,4614100.0
2023-11-22,DHR,216.69532824108515,219.65494923141523,216.69532824108515,219.0511474609375,3727100.0
2023-11-24,DHR,218.73439598773936,220.12017824349437,218.34835977369437,219.1600341796875,1276500.0
2023-11-27,DHR,218.25927751714534,219.72423351814822,216.70522461791353,217.7643585205078,2048900.0
2023-11-28,DHR,217.39812612299218,218.18009150220644,214.55728077481783,216.53695678710938,1911500.0
2023-11-29,DHR,218.5562359568675,223.06989487264724,218.1701997365371,220.25875854492188,2240200.0
2023-11-30,DHR,220.66461289306787,221.24862888401213,217.43774594147428,221.04075622558594,3543400.0
2023-12-01,DHR,220.1399879295516,221.5158622877214,218.27910256759952,221.20901489257812,3134000.0
2023-12-04,DHR,219.74405791319285,220.585426338587,217.42784038711133,219.87274169921875,2246800.0
2023-12-05,DHR,219.0709681474056,219.0709681474056,214.86415636439972,217.21006774902344,2674400.0
2023-12-06,DHR,217.66537079344582,219.40749534491437,217.16055884931578,218.51663208007812,1909600.0
2023-12-07,DHR,214.79485578346237,217.83366583166392,214.67608005124572,216.69534301757812,2767500.0
2023-12-08,DHR,216.77449595448113,217.7643338355518,213.48822693953727,215.27984619140625,2527500.0
2023-12-11,DHR,215.853994579102,219.44709649275123,215.7451117875532,219.1006622314453,2591500.0
2023-12-12,DHR,219.71434836960117,219.79353722431978,216.25980821318407,217.51690673828125,2892000.0
2023-12-13,DHR,217.7643674654853,224.55465698242188,216.92299909514946,224.55465698242188,3749700.0
2023-12-14,DHR,228.42493774798155,230.38481291559816,224.27751377986434,226.92037963867188,5922500.0
2023-12-15,DHR,227.4548968884975,227.57368773444747,223.18869697151973,224.92091369628906,7886300.0
2023-12-18,DHR,225.7721527354797,227.46478241315302,223.95085438438687,224.14881896972656,2307900.0
2023-12-19,DHR,224.90111271007436,226.87088078704437,223.43614150364547,226.81149291992188,3087000.0
2023-12-20,DHR,226.76200234581825,229.9888841561864,224.39628993643564,224.5051727294922,2676600.0
2023-12-21,DHR,226.1779946142802,228.82086039754432,225.68307558886602,228.0092010498047,1743800.0
2023-12-22,DHR,229.27620261269425,230.3551225105708,226.0592288062643,228.01910400390625,1577000.0
2023-12-26,DHR,227.74195972482906,229.8602127278273,227.17774473855482,229.0485382080078,1461700.0
2023-12-27,DHR,229.14747220526328,231.3548064773761,228.96930863433138,230.49365234375,1683400.0
2023-12-28,DHR,231.86106615296566,232.07905639906474,230.44414467263417,230.9990234375,1501900.0
2023-12-29,DHR,230.51349234672745,231.7124386762851,228.79931009970974,229.22537231445312,1407600.0
2024-01-02,DHR,227.75891559234302,233.09964652756446,226.77795945837113,232.6438446044922,2764000.0
2024-01-03,DHR,233.1987353854562,233.37708279689568,227.78863711543573,228.70022583007812,2425000.0
2024-01-04,DHR,228.23450978377673,231.1179137511722,227.89762127661137,230.49366760253906,2719400.0
2024-01-05,DHR,228.76961607730036,230.90986082482547,226.93652019592793,228.18499755859375,2236700.0
2024-01-08,DHR,226.8176162408177,232.96094115455284,226.16364544463167,232.71322631835938,3123200.0
2024-01-09,DHR,232.0790741437428,239.34207486766536,224.4395420351665,228.7596893310547,5255800.0
2024-01-10,DHR,228.45252811393684,228.96777920663152,224.3305496110068,227.5409393310547,3334500.0
2024-01-11,DHR,226.8770441398482,227.50129030678778,224.13235977840242,225.87628173828125,2440500.0
2024-01-12,DHR,226.67888443450605,227.41211063412956,222.67580442853603,223.18115234375,2795500.0
2024-01-16,DHR,222.94331879705157,227.49135887187668,222.75505313097756,224.6773223876953,3267400.0
2024-01-17,DHR,223.4784076564385,227.0455073084566,221.43723984640562,222.52719116210938,2225800.0
2024-01-18,DHR,221.65523525624627,225.41060068811174,220.49593162225045,224.2413787841797,2867300.0
2024-01-19,DHR,224.5188100888608,229.5523772577169,222.67581114561548,228.93804931640625,3258200.0
2024-01-22,DHR,228.66059654108867,231.13774470059468,226.68878116316938,229.84962463378906,2276200.0
2024-01-23,DHR,230.9693139114384,231.11793676195225,228.42279819766975,229.97845458984375,1890200.0
2024-01-24,DHR,228.62095679530756,230.76121646269797,226.34197743388142,226.5203399658203,2106300.0
2024-01-25,DHR,229.21548093418892,229.98834996937435,224.54852703466497,225.31149291992188,3468300.0
2024-01-26,DHR,234.3778593763819,238.38093953828783,230.7414074478823,230.87022399902344,6343900.0
2024-01-29,DHR,230.79093984861592,231.8808910956765,229.03711470355034,231.7917022705078,3127700.0
2024-01-30,DHR,241.8192311540061,243.15688222573132,236.28033092995761,242.71099853515625,6158400.0
2024-01-31,DHR,243.35507930403202,246.50600499853226,237.4099227912558,237.7170867919922,5077100.0
2024-02-01,DHR,237.1720809093383,243.057787527163,236.52802841679787,242.88934326171875,2711700.0
2024-02-02,DHR,241.769680310005,245.60430113903655,239.93658447304378,244.07838439941406,2819500.0
2024-02-05,DHR,242.62181222931025,246.95186259328318,240.8779052796338,243.5730438232422,2644200.0
2024-02-06,DHR,243.44420791784853,246.18889223278777,242.1858124557244,245.93125915527344,2443100.0
2024-02-07,DHR,245.65384255234397,247.6058366362127,243.97928787050915,244.3855438232422,2300700.0
2024-02-08,DHR,244.1972893617735,244.54409618992105,241.84895748681157,243.62258911132812,1774400.0
2024-02-09,DHR,242.76051250187555,244.989945779954,240.65989576248816,240.729248046875,2538300.0
2024-02-12,DHR,241.5318614055525,244.82152159167515,239.4807904836423,244.5738067626953,2284800.0
2024-02-13,DHR,242.74069651983453,243.94954602278696,236.220840795172,239.32223510742188,2189400.0
2024-02-14,DHR,240.79863358943683,246.19881380148217,240.1149382469015,245.72320556640625,2838100.0
2024-02-15,DHR,245.27730789998958,249.39928627427537,245.27730789998958,246.68434143066406,2360900.0
2024-02-16,DHR,246.53568830234556,250.02351710606553,246.01053410783783,247.71481323242188,2152200.0
2024-02-20,DHR,246.387067384285,248.49758732835775,244.56388997330606,245.5052032470703,1982800.0
2024-02-21,DHR,244.05854583113197,248.45796343527735,243.8108310121536,248.35887145996094,1545400.0
2024-02-22,DHR,249.1218376060791,251.1035561600557,246.96177163951472,250.41986083984375,1826000.0
2024-02-23,DHR,251.67827073627026,252.6691300698776,250.27125229686544,251.5197296142578,1351200.0
2024-02-26,DHR,251.004479745791,251.99533902452353,248.15080018486128,249.3497314453125,2506300.0
2024-02-27,DHR,249.81542055579555,253.25370324287934,249.07227614422376,252.53038024902344,2265200.0
2024-02-28,DHR,251.73769283250945,254.21484090040283,251.22244180098028,253.37261962890625,1945000.0
2024-02-29,DHR,254.42291964911175,254.7400018675189,250.66756973064017,250.82611083984375,3466700.0
2024-03-01,DHR,250.64776944096963,254.03650635505412,249.17138367482437,253.53115844726562,1908700.0
2024-03-04,DHR,254.1752216130336,256.6325636099535,252.5205034840058,253.84825134277344,2888700.0
2024-03-05,DHR,252.82764785670207,255.60204163928412,251.8565949134862,252.06468200683594,2277800.0
2024-03-06,DHR,253.14473675030086,254.73010260267526,249.94426535595937,250.58831787109375,3733100.0
2024-03-07,DHR,252.48086026513582,253.51136242211882,250.9945712889326,251.7971649169922,2857200.0
2024-03-08,DHR,250.78649040206824,253.50143515925566,250.64777070731643,251.37109375,1786000.0
2024-03-11,DHR,250.1919664890921,251.6782553989283,248.44805961117018,250.48922729492188,1360800.0
2024-03-12,DHR,250.5189475320961,253.0852693767398,249.70643568483058,250.78648376464844,2221800.0
2024-03-13,DHR,252.06471378966418,253.34291572071416,250.78651185861418,253.0159454345703,2249300.0
2024-03-14,DHR,251.5494327131683,253.65996775178297,248.24986959957957,250.90538024902344,2635500.0
2024-03-15,DHR,248.41833866001718,251.44044739190898,246.86268232113156,247.12030029296875,5793300.0
2024-03-18,DHR,248.1012568718642,250.60812966453926,247.69500093456892,249.17138671875,3868300.0
2024-03-19,DHR,248.7056942631609,251.76744599417967,247.91300376754307,251.420654296875,3211300.0
2024-03-20,DHR,250.98465787620367,251.43054152697025,247.9427126386861,249.37945556640625,1651300.0
2024-03-21,DHR,249.9541661764202,253.03573926092096,249.20111853751013,251.78726196289062,2313200.0
2024-03-22,DHR,252.66913136829118,254.16533864608766,251.2323883510401,252.47096252441406,2310400.0
2024-03-25,DHR,251.95570678994582,252.4511364501619,243.9396585162848,245.53494262695312,3372400.0
2024-03-26,DHR,245.00980921557516,247.17979373079908,245.00980921557516,246.18893432617188,1962900.0
2024-03-27,DHR,247.82560144797995,248.23229935723188,245.08786005878827,246.7642364501953,2665300.0
2024-03-28,DHR,246.33768005123085,249.0357504399123,245.20687225125116,247.70655822753906,2560200.0
2024-04-01,DHR,247.70657631863278,248.02398837449235,244.68116461745075,245.79212951660156,1728900.0
2024-04-02,DHR,243.02462308421357,244.29430153681307,240.62413678677513,243.95704650878906,2955600.0
2024-04-03,DHR,244.0165688444674,246.09964316939553,241.8144668903759,242.3699493408203,1898600.0
2024-04-04,DHR,244.4926743664645,245.13744262145576,239.77105879068185,239.94960021972656,2693800.0
2024-04-05,DHR,240.1777809436376,244.1157731969872,240.08849508433164,242.31044006347656,2280800.0
2024-04-08,DHR,242.5683253050449,244.00664640747453,241.7549446412041,242.28067016601562,2426000.0
2024-04-09,DHR,244.58196622488714,247.84543300059667,243.55034304586357,247.78591918945312,1602100.0
2024-04-10,DHR,242.846081768918,244.26454475348868,241.46727447835448,243.88760375976562,2229400.0
2024-04-11,DHR,244.32404150445487,244.98863759093067,241.1101747660203,242.0326690673828,2081200.0
2024-04-12,DHR,240.42576583350808,241.21930355901048,237.07301294094134,238.01535034179688,2684800.0
2024-04-15,DHR,240.40590384283274,241.29864128132292,236.23977057027747,237.72767639160156,2824000.0
2024-04-16,DHR,239.1560731467578,239.3941283960059,236.60678719047843,238.40219116210938,3225300.0
2024-04-17,DHR,238.48154826735825,238.89816008984545,236.10090495721397,237.45985412597656,2988500.0
2024-04-18,DHR,230.38735095818055,236.5175313190704,228.87961716575987,234.4542999267578,4261000.0
2024-04-19,DHR,235.86283149323882,235.88267447569663,232.13315298649232,233.6111297607422,2351300.0
2024-04-22,DHR,234.05751656473,236.8051718071619,232.5795246361203,234.17654418945312,2820300.0
2024-04-23,DHR,252.66626400360818,254.6501385544306,247.57762093730486,251.06924438476562,6876700.0
2024-04-24,DHR,247.02212824297064,252.04132822672767,245.98059111981985,248.39100646972656,3344900.0
2024-04-25,DHR,247.91488228771013,248.61916443091096,243.302379893966,243.8181915283203,2943500.0
2024-04-26,DHR,241.71526132708232,246.0996372827051,241.71526132708232,244.59188842773438,2710400.0
2024-04-29,DHR,244.2645445645403,246.96261505952526,243.74873296338586,244.8299560546875,1616200.0
2024-04-30,DHR,244.51253365199716,245.00850228009452,242.310431732384,244.63156127929688,3941000.0
2024-05-01,DHR,244.27445824291493,247.5081833185587,242.57825404569755,244.89938354492188,2310400.0
2024-05-02,DHR,246.98245130409484,247.42882002132944,240.70348695009704,244.8497772216797,2780600.0
2024-05-03,DHR,247.52803141437667,247.71650192632097,245.5937566734578,246.3773956298828,1787600.0
2024-05-06,DHR,246.70470862979607,247.53793224844932,244.91921863571014,245.40525817871094,1741100.0
2024-05-07,DHR,244.55221621207116,247.09158842376615,244.21496116137178,246.7543182373047,1683400.0
2024-05-08,DHR,247.28996429104595,247.80577590915235,246.1492273497676,247.53794860839844,1471300.0
2024-05-09,DHR,247.60735187881124,249.50195550874767,246.99235567599297,249.4027557373047,1604300.0
2024-05-10,DHR,250.0078592247978,252.84480038105258,248.80762362162926,251.33706665039062,1520800.0
2024-05-13,DHR,250.96013684576374,252.69602712038858,249.5813446044922,249.5813446044922,1305500.0
2024-05-14,DHR,252.24966199681992,257.6954032999746,250.493928712891,257.169677734375,3096700.0
2024-05-15,DHR,257.9036603140695,261.89123677964,257.6457469668692,261.33575439453125,3073100.0
2024-05-16,DHR,260.34386568470785,263.2304069756302,259.4411990730565,262.7046813964844,3448400.0
2024-05-17,DHR,262.89314056591434,263.79580713860537,261.05805051248853,263.65692138671875,3187400.0
2024-05-20,DHR,263.4982410808889,265.4821156972912,262.91297143010877,264.95635986328125,1757800.0
2024-05-21,DHR,265.08531807454955,265.1745888002159,262.595576001346,264.40087890625,2561200.0
2024-05-22,DHR,265.2341051170184,266.8112816483643,264.4107802806516,265.03570556640625,2533600.0
2024-05-23,DHR,265.02578496195827,265.03571402126204,258.99481985212606,259.2923889160156,2901100.0
2024-05-24,DHR,260.0660865115276,261.0084389553555,258.7468233616894,260.6612548828125,2089000.0
2024-05-28,DHR,260.4430490436492,261.6829706399766,255.17586452417243,256.62408447265625,2881300.0
2024-05-29,DHR,251.42632850912327,254.41206922993044,251.42632850912327,253.86648559570312,2931700.0
2024-05-30,DHR,246.94278912712304,251.6346483431756,246.52617727518876,250.70223999023438,3450900.0
2024-05-31,DHR,251.04939816046766,254.9080486423375,250.7022292000123,254.72947692871094,4801100.0
2024-06-03,DHR,255.16594794951178,259.4610535213978,254.62039452904372,259.2725830078125,3003200.0
2024-06-04,DHR,259.2824569565442,262.09955472987065,257.9036498367038,261.206787109375,3119800.0
2024-06-05,DHR,261.87143469301094,265.9284544236647,260.48272859364045,265.6903991699219,2552000.0
2024-06-06,DHR,265.2638535393759,266.94019952089735,263.4287637052243,265.8193359375,2405900.0
2024-06-07,DHR,265.4225803383986,265.57139515674254,260.70097918071025,260.9588623046875,3626800.0
2024-06-10,DHR,260.26452676952783,263.4982522178271,259.7685580944648,262.53607177734375,3115400.0
2024-06-11,DHR,261.9706430393899,262.446753562445,258.19136440502257,259.14361572265625,3444700.0
2024-06-12,DHR,259.3122796335346,263.9644380319632,258.46912681782266,262.4765319824219,3311200.0
2024-06-13,DHR,261.3754713509513,261.3754713509513,250.39471847722768,252.95391845703125,4945500.0
2024-06-14,DHR,251.54536118209356,252.8150396390539,250.9105219536134,252.7952117919922,3097200.0
2024-06-17,DHR,252.2198795155929,253.18205982355232,251.93220924765083,252.0810089111328,3366800.0
2024-06-18,DHR,252.8646327099189,256.2967421291887,251.95205228957082,255.4337615966797,3162200.0
2024-06-20,DHR,248.37115509683608,249.74003327735014,245.20687300463942,246.555908203125,6112100.0
2024-06-21,DHR,247.83551249724624,253.05309665769764,247.46848544533793,252.90431213378906,6729000.0
2024-06-24,DHR,252.89438503873527,256.2074667758417,250.88075374214856,254.68980407714844,3122500.0
2024-06-25,DHR,254.07481672054976,255.33456610538786,251.96197044063018,252.09092712402344,2524100.0
2024-06-26,DHR,251.13865123941227,253.68793709039275,250.17648608717525,251.54534912109375,2460900.0
2024-06-27,DHR,250.90059629870208,251.03946690044643,249.00599262537858,249.7301025390625,2409200.0
2024-06-28,DHR,248.37964768305903,250.85221348914084,246.25462355933638,248.1016082763672,4638300.0
2024-07-01,DHR,248.23067316693388,248.54844112783803,241.4981198033831,242.7989501953125,3925500.0
2024-07-02,DHR,240.47533953979786,240.82289636855583,237.19842926869066,238.7276611328125,5067900.0
2024-07-03,DHR,239.22416175441273,241.35911040679397,238.32052612304688,238.32052612304688,1935800.0
2024-07-05,DHR,239.3036044204555,239.7405126585529,236.83102350025717,237.57577514648438,3932300.0
2024-07-08,DHR,237.7843281957342,239.015641302655,236.28488508364418,238.9659881591797,2489800.0
2024-07-09,DHR,240.18738570055876,240.18738570055876,237.04949499820836,238.11199951171875,2064200.0
2024-07-10,DHR,238.70781056155144,240.6838904961775,238.2708871466985,240.50514221191406,2108200.0
2024-07-11,DHR,242.0045781137611,246.94972493518972,240.3164622152873,244.54666137695312,2815400.0
2024-07-12,DHR,244.20901689746424,246.51278920956813,243.07699502741613,244.9736328125,2546200.0
2024-07-15,DHR,244.67573604601154,245.70846681925096,242.05421084380467,244.50692749023438,2869200.0
2024-07-16,DHR,246.2645362296993,250.9217187948165,245.341051491803,250.3755645751953,2754000.0
2024-07-17,DHR,250.71317917628036,252.76870090455668,249.15417367617658,249.49179077148438,2718500.0
2024-07-18,DHR,247.89306246111016,253.6723423949111,240.18737103471963,243.07699584960938,4266900.0
2024-07-19,DHR,243.27558903826085,243.5337641285871,239.31350521912128,241.83572387695312,2982600.0
2024-07-22,DHR,244.3877887506661,249.51168408933933,243.46428876250408,249.13433837890625,3314300.0
2024-07-23,DHR,268.1105785725425,271.0697358677165,261.7156423481943,262.331298828125,7523300.0
2024-07-24,DHR,260.0474453269671,266.3927142208386,259.7694058971015,263.9002990722656,4080200.0
2024-07-25,DHR,263.52288947334915,274.37639463141977,262.53982713891253,268.1999206542969,4250000.0
2024-07-26,DHR,269.9973113537566,275.7765918424368,269.29228822665704,271.9932556152344,2810100.0
2024-07-29,DHR,270.1959170872053,271.3279238890914,266.2139683850818,269.7490539550781,2176400.0
2024-07-30,DHR,271.31797606824057,274.3168315160002,269.85826176167797,273.2642517089844,2953200.0
2024-07-31,DHR,273.5720916690466,278.29879158899985,271.546358802778,275.1410217285156,2887200.0
2024-08-01,DHR,277.3057848889615,279.7287125136974,276.3028430390446,278.7952880859375,2132400.0
2024-08-02,DHR,277.4945033265929,277.4945033265929,270.2356589779379,274.8133850097656,3108800.0
2024-08-05,DHR,267.31623885637697,271.357735300839,263.9102178398036,267.4353942871094,2632600.0
2024-08-06,DHR,269.1333811502743,272.15211627961617,266.81969939160217,267.0877990722656,2763600.0
2024-08-07,DHR,268.1105630853085,269.13335402121396,261.07018193558764,261.4673767089844,2805300.0
2024-08-08,DHR,263.23492564621375,267.57434001732764,261.60641794425777,266.7601013183594,2265100.0
2024-08-09,DHR,266.531744548821,268.49789996483224,264.84362855794035,266.23382568359375,2017800.0
2024-08-12,DHR,266.3629313016827,266.4026598794134,262.4306506190649,265.3302307128906,2099800.0
2024-08-13,DHR,266.1841749735443,268.35885227849485,265.2606901739141,266.8296203613281,1858000.0
2024-08-14,DHR,266.601235123385,267.1573139176263,263.94990597968103,266.2040100097656,1357700.0
2024-08-15,DHR,268.11060682200986,268.8057205168616,265.11175094404183,267.4452819824219,1653500.0
2024-08-16,DHR,266.99847083840655,267.82264943698965,264.8734313102585,267.4353942871094,1746500.0
2024-08-19,DHR,268.1106021785414,270.3647063318534,267.3261219314851,269.3717041015625,1603000.0
2024-08-20,DHR,269.9377052849605,271.7847050726052,269.18301394118936,269.75897216796875,1409500.0
2024-08-21,DHR,270.10651642528086,271.8343304172218,267.83253308479294,269.202880859375,1455100.0
2024-08-22,DHR,270.32501418476437,270.32501418476437,265.3798520564528,265.9557800292969,1662800.0
2024-08-23,DHR,267.36583687048295,268.8354910058112,264.4563477570767,267.59423828125,1464000.0
2024-08-26,DHR,268.0410919665936,268.4382868086,265.5089483327819,266.1941223144531,1252200.0
2024-08-27,DHR,266.78992901366587,267.66374554212587,265.3004256321203,266.9388732910156,1552500.0
2024-08-28,DHR,266.1543968335945,267.08782139037555,263.3541231632514,264.19818115234375,1693000.0
2024-08-29,DHR,265.16133742290964,266.6607802226144,263.1554841821001,265.1513977050781,1904000.0
2024-08-30,DHR,266.422473138597,267.4254150390625,263.7314457122242,267.4254150390625,4600100.0
2024-09-03,DHR,265.1812554533113,267.3162346685823,260.75247362432447,262.3810119628906,2325500.0
2024-09-04,DHR,260.40487479536625,263.2647258434408,259.25298866189064,262.6391296386719,1732800.0
2024-09-05,DHR,262.4802592942409,264.0988577356801,259.7594429521048,262.85760498046875,1764100.0
2024-09-06,DHR,263.6619850959802,268.2198624540167,263.215152200503,264.3372497558594,3324700.0
2024-09-09,DHR,265.74723207399484,271.2683216356603,264.41661282176824,271.178955078125,3223900.0
2024-09-10,DHR,271.08958151082675,273.1053746227208,268.5375587635658,272.79754638671875,2267600.0
2024-09-11,DHR,271.8641128440009,271.8641128440009,266.45223929494756,270.07672119140625,2536300.0
2024-09-12,DHR,269.8781373219022,271.1193900747449,265.6876668161445,270.5831604003906,2606500.0
2024-09-13,DHR,270.9902820941248,272.9862261233697,269.4114123038343,272.3308410644531,2248500.0
2024-09-16,DHR,274.7538043332544,276.3326743280382,273.57212919119183,274.0984191894531,1904500.0
2024-09-17,DHR,273.9692835136803,274.4955734340838,269.1631568075005,270.56329345703125,2158500.0
2024-09-18,DHR,269.7788527388932,273.9395347253827,266.1643401899956,269.997314453125,2477900.0
2024-09-19,DHR,273.5125429357649,276.3426054170518,271.68542242709435,274.49560546875,3294000.0
2024-09-20,DHR,273.3536482929625,273.3536482929625,268.36878808748867,270.7221984863281,9267300.0
2024-09-23,DHR,271.8145141778962,272.9862495486188,269.9277856778914,271.2385559082031,1954600.0
2024-09-24,DHR,270.63283216899185,273.80051165925454,269.1433288464491,272.2812194824219,2834400.0
2024-09-25,DHR,274.23746025041135,274.2771585237629,264.99258089953463,266.0054626464844,2535400.0
2024-09-26,DHR,270.9406602464834,277.9413137360491,269.0142335263206,274.9920959472656,2713500.0
2024-09-27,DHR,275.8170476914252,277.90439319573125,273.7297325207117,273.7794189453125,1337400.0
2024-09-30,DHR,274.0677300466221,276.65203127834354,272.08970644200076,276.3439025878906,1500600.0
2024-10-01,DHR,276.940275644696,276.940275644696,271.3740303604431,272.9047546386719,1367200.0
2024-10-02,DHR,272.8351875489282,273.9385115265373,269.3960551537619,272.2586975097656,1111700.0
2024-10-03,DHR,271.21498827086106,271.65233805973315,267.9448446074442,268.88909912109375,1332000.0
2024-10-04,DHR,269.9228132779026,270.9167844655024,267.0303534819561,268.40203857421875,1132700.0
2024-10-07,DHR,266.88129549209776,268.8692381028397,265.8575062609096,267.1695556640625,1153200.0
2024-10-08,DHR,265.37046847601385,268.72014690214786,264.89335133213126,267.1894226074219,1431900.0
2024-10-09,DHR,268.15357515580695,268.849367196794,265.2114286115808,267.6069030761719,1508000.0
2024-10-10,DHR,266.75203557161956,267.4975139422226,263.8993431934866,264.8436279296875,1531700.0
2024-10-11,DHR,266.02647116240655,270.5092607256547,265.50958671590223,268.7002258300781,1747200.0
2024-10-14,DHR,268.7698107940971,270.6682994570728,267.249036046653,269.9228210449219,1901400.0
2024-10-15,DHR,270.7378925373139,273.85894647280827,270.1713216476621,271.03607177734375,1905400.0
2024-10-16,DHR,269.366219478579,270.181283216105,264.6945422840728,266.41412353515625,2820000.0
2024-10-17,DHR,275.8270428279487,277.72553169969706,269.3364112857376,270.34033203125,3222100.0
2024-10-18,DHR,270.8869772417225,273.84902241784744,269.6743311316144,272.725830078125,1949800.0
2024-10-21,DHR,271.45356671071886,272.5568602879591,268.66050979866753,270.44964599609375,2359600.0
2024-10-22,DHR,262.4382552060289,267.61683746346375,259.0388598308615,259.704833984375,4496400.0
2024-10-23,DHR,256.8819575544039,259.30725006974535,252.66751357964677,254.4566650390625,4717000.0
2024-10-24,DHR,253.71117474955898,254.15845880194777,246.32597525826387,246.5048828125,3989300.0
2024-10-25,DHR,248.79101668294624,248.87053620608614,243.41362836914612,243.91061401367188,3226900.0
2024-10-28,DHR,244.63621225947054,245.8588078823478,241.56484457300007,242.6482696533203,2031600.0
2024-10-29,DHR,241.71391913596966,243.46331822709467,240.3024817935922,241.2268829345703,3547200.0
2024-10-30,DHR,240.68020814000423,242.9464614733789,239.64648466927824,240.859130859375,2553300.0
2024-10-31,DHR,242.4196522027751,247.00186035978342,240.87899370238264,244.17898559570312,4948800.0
2024-11-01,DHR,247.4590892799415,251.42502486400133,245.77927543935178,246.2663116455078,2638500.0
2024-11-04,DHR,247.2801948446313,249.95398024179894,244.5070214110942,245.68983459472656,1836200.0
2024-11-05,DHR,244.17899140639682,249.30788691679578,243.8410448069081,248.56240844726562,1697300.0
2024-11-06,DHR,250.55034047669363,251.4150906115402,243.6720460741705,246.2663116455078,2930300.0
2024-11-07,DHR,248.19462044161412,248.53256702978246,244.25850274775257,244.6163330078125,2528000.0
2024-11-08,DHR,245.5606099935289,245.64012951666882,242.64826622987297,243.91061401367188,2941100.0
2024-11-11,DHR,243.52295800078687,244.66601887978575,239.97447333271248,241.78350830078125,3475300.0
2024-11-12,DHR,243.0359204605714,243.0359204605714,237.8473889895463,238.15553283691406,3077000.0
2024-11-13,DHR,238.15552575822045,240.60068662391654,237.52931899580645,240.07388305664062,2133700.0
2024-11-14,DHR,239.1395559331149,239.48745196138972,235.8793312210258,237.93685913085938,3154300.0
2024-11-15,DHR,234.7263137953651,235.99859583175007,227.61942514680214,229.11038208007812,5435800.0
2024-11-18,DHR,228.61339881670432,229.338993618419,226.87394904309897,228.67303466796875,3932700.0
2024-11-19,DHR,228.27545487357827,230.51189032283142,227.35105366781838,229.44833374023438,2608200.0
2024-11-20,DHR,228.11641464026766,232.3209090163455,227.51009153716626,231.69471740722656,2662100.0
2024-11-21,DHR,232.5097726271054,233.76217104788617,228.9911207781696,233.63296508789062,2537000.0
2024-11-22,DHR,233.07633024891584,235.50160742515516,233.07633024891584,234.41818237304688,2330100.0
2024-11-25,DHR,234.74619440475632,237.93684887372487,234.03053387277828,236.24708557128906,4460500.0
2024-11-26,DHR,236.0681840770558,236.6645729246014,231.74440284934613,235.1537322998047,2377700.0
2024-11-27,DHR,235.81970592123173,239.49739693174357,234.2492293473463,237.3901824951172,2271400.0
2024-11-29,DHR,238.08594081268006,240.15340290662448,236.86336037816613,238.24497985839844,1931400.0
2024-12-02,DHR,237.96667142686084,240.1235873174562,236.76395948626242,239.8353271484375,2520200.0
2024-12-03,DHR,239.20915170457855,240.21305732051013,237.429934472554,239.41787719726562,3035300.0
2024-12-04,DHR,237.5193667213384,238.02628657776475,232.77811980879696,234.83563232421875,4167500.0
2024-12-05,DHR,233.58325117010614,234.32872963128733,225.83027214046214,226.49623107910156,5335700.0
2024-12-06,DHR,227.07273579865472,229.61729984782588,226.63538600892878,228.732666015625,3099500.0
2024-12-09,DHR,228.19593743518416,234.90524384428943,227.90767725901532,234.48777770996094,2625300.0
2024-12-10,DHR,235.50159743486014,235.7600396627175,232.48986580607246,232.92721557617188,2753300.0
2024-12-11,DHR,234.37843257593173,236.2868556275094,232.92722782309966,233.9808349609375,3370000.0
2024-12-12,DHR,232.78807876572242,234.99469629671773,232.00284810085049,233.08627319335938,3996800.0
2024-12-13,DHR,232.71849477698126,234.08023054290015,230.60133115054282,233.47390747070312,2417900.0
2024-12-16,DHR,233.35462776483874,235.402206053095,232.27118760735019,232.76817321777344,4474400.0
2024-12-17,DHR,232.7184896365995,236.52540127902046,231.85372435046378,232.12210083007812,3211100.0
2024-12-18,DHR,229.49802698065693,232.91729059189313,226.71490437847874,226.92364501953125,5221600.0
2024-12-19,DHR,226.7248613288493,229.67695732574654,224.4784764669364,224.7965545654297,4550000.0
2024-12-20,DHR,225.59172373678953,229.41850398590933,224.06099950370339,227.17213439941406,7073600.0
2024-12-23,DHR,226.56581149073847,228.24562534726837,225.3929175168948,227.77845764160156,2798800.0
2024-12-24,DHR,227.15225401848662,229.60736427844412,226.62545045664615,229.35887145996094,988300.0
2024-12-26,DHR,227.94742501970882,230.09440652618304,227.78838598216316,229.8856658935547,1512400.0
2024-12-27,DHR,228.28351193862548,231.0101819183678,228.28351193862548,229.97525024414062,2130400.0
2024-12-30,DHR,228.35315569922477,229.43784695356666,226.4723550603616,228.5322723388672,2008000.0
2024-12-31,DHR,229.33835971578873,230.87085786699083,227.55706312805012,228.4327850341797,2077900.0
2025-01-02,DHR,229.72647521614425,230.7216082858533,227.45757303196967,228.6915283203125,2760600.0
2025-01-03,DHR,228.9601940449425,234.78171277021292,228.44272065229939,233.697021484375,2381100.0
2025-01-06,DHR,233.01038820446445,239.06079872706397,232.56258138689478,237.04067993164062,3674500.0
2025-01-07,DHR,236.84165742481423,241.9665863751127,236.84165742481423,237.93630981445312,2989300.0
2025-01-08,DHR,237.44870208498864,238.2249046636658,234.3538376345358,236.9312286376953,2527700.0
2025-01-10,DHR,234.40357816126917,237.54820204496485,233.35868548785152,233.92591857910156,2863300.0
2025-01-13,DHR,233.90601493797135,239.79720048215182,232.87106811352675,238.71250915527344,3301800.0
2025-01-14,DHR,239.99622619895862,240.9714522970893,230.92061800682916,236.4635009765625,4137600.0
2025-01-15,DHR,237.81689226954447,240.51370951886886,231.8262022355532,236.8118133544922,4128600.0
2025-01-16,DHR,236.5630227729903,240.9316561242187,233.45821260906303,240.72267150878906,3148900.0
2025-01-17,DHR,240.99137524515683,241.8670972112754,237.01084294029167,237.19992065429688,3075300.0
2025-01-21,DHR,238.7821637917716,243.30007618092415,237.83679046490394,242.9219207763672,2338100.0
2025-01-22,DHR,242.2551884207829,245.05150981904166,241.31976093854865,242.9915771484375,2049900.0
2025-01-23,DHR,243.73791272161003,244.6534484226569,240.6231568296698,244.46437072753906,2512100.0
2025-01-24,DHR,244.40467516388017,246.32527459902096,243.82749619160592,244.60369873046875,1911300.0
2025-01-27,DHR,246.31532615129026,249.5395473759659,245.26048759336427,249.37037658691406,2748500.0
2025-01-28,DHR,256.4159329205367,256.9732049698134,245.98692817012378,246.63375854492188,4273700.0
2025-01-29,DHR,233.87615790323565,234.5926548657175,221.9146551965784,222.64109802246094,11407400.0
2025-01-30,DHR,223.9049315478334,227.8755178003773,220.26274101703598,221.99427795410156,6668000.0
2025-01-31,DHR,222.21320161509874,226.39275717214105,221.28772003048624,221.6559295654297,4785800.0
2025-02-03,DHR,216.93899653340756,218.86955700547654,212.9883172625097,213.21719360351562,5787800.0
2025-02-04,DHR,209.47548732710024,214.10284950065895,209.017719485955,213.96353149414062,7520600.0
2025-02-05,DHR,215.3069729667682,215.38658542760936,209.90339296917261,211.09756469726562,5112600.0
2025-02-06,DHR,211.96332230514454,213.26694406444577,208.08230980153604,208.9878692626953,4367100.0
2025-02-07,DHR,209.3461233471079,209.7640773829608,204.78841240681982,205.75369262695312,5230600.0
2025-02-10,DHR,204.84813590488497,205.97262587918527,202.01200075641606,202.5095672607422,7038700.0
2025-02-11,DHR,201.26565632244558,202.1115254759791,198.7778237350235,200.6387176513672,6509700.0
2025-02-12,DHR,198.4892360798626,202.95737355920008,195.8421786393245,201.19598388671875,7207800.0
2025-02-13,DHR,201.6438019299658,204.64909261658306,200.27051354943617,202.59912109375,7198800.0
2025-02-14,DHR,203.10665461582633,206.1417981666541,202.93746864074419,205.2959442138672,4791700.0
2025-02-18,DHR,204.44012054880068,206.2612157128355,201.79306319444248,203.5345458984375,5589000.0
2025-02-19,DHR,202.46976959229815,204.57944672170765,200.23072031209568,203.98236083984375,4572700.0
2025-02-20,DHR,205.56463872185407,210.03277633945748,204.65906401398533,206.9379119873047,4718400.0
2025-02-21,DHR,209.58495776003556,212.60020947805242,208.3808401716956,209.20680236816406,6217000.0
2025-02-24,DHR,208.58982870643317,211.66478603169105,206.93790428239237,210.1123809814453,4878100.0
2025-02-25,DHR,209.87354600919863,211.10751640963858,208.43060617971966,209.3859405517578,5209500.0
2025-02-26,DHR,209.04759293493552,210.96819230270452,207.24638948150167,208.420654296875,4746900.0
2025-02-27,DHR,206.92795887117532,208.96798456223715,203.15639629015638,204.7088165283203,4494000.0
2025-02-28,DHR,206.04230435848402,207.08719711472096,203.94257298177902,206.74884033203125,3819000.0
2025-03-03,DHR,208.44055937145257,208.47041214590436,203.86294161820433,204.68890380859375,3223000.0
2025-03-04,DHR,204.67896063603243,207.24640575477932,201.40497954752337,204.90785217285156,5652400.0
2025-03-05,DHR,204.4401408137563,210.79904053871195,203.94257427757972,209.53521728515625,5137100.0
2025-03-06,DHR,209.6944209005819,215.09798564548603,208.63958238066112,213.76451110839844,5829400.0
2025-03-07,DHR,212.3016803497794,214.08297700512148,208.7590091362038,211.03787231445312,5937300.0
2025-03-10,DHR,208.17188902793822,210.1920079422205,203.74354991004176,204.2311553955078,5709600.0
2025-03-11,DHR,204.17145297845332,206.85830926777328,201.6637133556426,204.60931396484375,4400800.0
2025-03-12,DHR,204.5197507217136,207.734026253514,202.89767897503322,203.9624786376953,3316400.0
2025-03-13,DHR,203.06682691382565,205.81340356805552,202.23091888189646,203.0966796875,2456200.0
2025-03-14,DHR,205.1267763342508,210.8885898967964,204.11173639197736,209.71434020996094,4183000.0
2025-03-17,DHR,210.34126777488152,212.73954206801923,209.8238095220954,211.56529235839844,3156900.0
2025-03-18,DHR,212.56041637876334,212.56041637876334,209.50535075856132,211.74440002441406,2467000.0
2025-03-19,DHR,210.9482784479968,211.36623246477205,207.63448390300331,209.2366485595703,4125300.0
2025-03-20,DHR,209.21675396616837,210.61987986592587,206.49008425464245,209.22669982910156,2651200.0
2025-03-21,DHR,209.70437543011775,211.52547066476802,207.37576782562383,210.33131408691406,6457700.0
2025-03-24,DHR,211.96333631410332,214.34170365879135,210.23179936792528,211.76431274414062,3615100.0
2025-03-25,DHR,211.81406344915715,213.1475380143285,209.34612269581163,211.36624145507812,3077200.0
2025-03-26,DHR,210.03277093529243,212.72958807710424,207.57479118262134,209.3859405517578,2669300.0
2025-03-27,DHR,209.12720098391188,211.1871336524957,206.7189808642053,209.08740234375,2989700.0
2025-03-28,DHR,209.36646687008906,209.5956923244194,204.6622732929644,205.1605987548828,2389900.0
2025-03-31,DHR,203.77526121989303,205.43966649201948,198.48303186739454,204.31344604492188,3809500.0
2025-04-01,DHR,204.31344891046885,204.36328450052096,199.11092962891414,199.71888732910156,3020000.0
2025-04-02,DHR,198.5727437609545,204.79183605024838,198.5727437609545,204.47291564941406,2974500.0
2025-04-03,DHR,201.6224863551758,203.89484926092913,196.83855884549484,197.23721313476562,5413100.0
2025-04-04,DHR,194.80540938212377,194.80540938212377,180.59315651828214,181.1612548828125,7117800.0
2025-04-07,DHR,175.82915996555485,186.72256283086924,171.34423066016348,180.0150909423828,8557900.0
2025-04-08,DHR,184.42027815274545,185.87539517633888,171.2943874603896,174.05511474609375,5664500.0
2025-04-09,DHR,171.48375534635517,192.21409758244877,170.42730780140084,191.24734497070312,8180400.0
2025-04-10,DHR,191.8054691583174,191.8054691583174,174.9221999073919,180.1546173095703,6293500.0
2025-04-11,DHR,180.53333914719784,189.46333769134156,178.18124247052896,188.09791564941406,4764000.0
2025-04-14,DHR,192.243996569722,193.30044411839228,189.75236925391985,192.32373046875,4039300.0
2025-04-15,DHR,191.5563138055494,194.33697853415052,187.92850487523359,189.28395080566406,3505100.0
2025-04-16,DHR,191.81544382374764,195.29374582101633,188.49659441672628,190.02146911621094,3620300.0
2025-04-17,DHR,188.35706964147423,189.10455785844354,185.20764897079872,186.2042999267578,3667700.0
2025-04-21,DHR,184.65948129959037,185.01827623921167,181.33067087557856,184.34056091308594,4857600.0
2025-04-22,DHR,197.57607668191676,198.97138183618114,191.1775798327576,191.42674255371094,6687700.0
2025-04-23,DHR,199.35012376499583,204.42307336127567,195.35354379298826,195.6525421142578,6494100.0
2025-04-24,DHR,196.04123082685547,196.2804325198655,192.60278823114837,195.84190368652344,4453400.0
2025-04-25,DHR,195.9913871866342,197.61593296857598,193.30043288350709,196.47975158691406,2608700.0
2025-04-28,DHR,198.16410993621756,198.77206762317456,193.63930611324264,195.25389099121094,2715100.0
2025-04-29,DHR,195.70237842983735,198.81192448415166,194.3967681367166,198.26376342773438,3719900.0
2025-04-30,DHR,198.1242297961923,199.29032475594926,196.24056016474165,198.6624298095703,3729600.0
2025-05-01,DHR,197.7156137018962,199.64911891333318,195.62264069395826,196.05120849609375,3687500.0
2025-05-02,DHR,200.22717223072524,202.14075546098837,197.41662442520862,198.3833770751953,3159100.0
2025-05-05,DHR,197.51626280747655,199.52950183006723,195.35353223693735,196.73887634277344,1915600.0
2025-05-06,DHR,195.18411540419547,196.92825453994186,189.25404538419508,189.41351318359375,4479800.0
2025-05-07,DHR,191.01812529437706,193.33034759724984,189.0347844232172,192.44332885742188,2902600.0
2025-05-08,DHR,193.16091433157496,197.10765870619633,191.9748972915131,194.16754150390625,3612600.0
2025-05-09,DHR,193.66921323544125,194.9150268800465,188.68595865702028,189.09457397460938,4535800.0
2025-05-12,DHR,193.09115816864653,200.27700291404787,191.87524280788725,200.15740966796875,7207100.0
2025-05-13,DHR,200.24710112002163,201.04442489795122,195.7023753558149,195.9515380859375,2648300.0
2025-05-14,DHR,196.63924128986554,196.96813793801124,186.83219930178063,187.1909942626953,4489200.0
2025-05-15,DHR,186.06477340955033,190.5696400856842,179.5865420562583,190.3105010986328,6579400.0
2025-05-16,DHR,191.00814666665474,195.75221487642622,188.87531426225976,195.45321655273438,3868600.0
2025-05-19,DHR,193.56954455768135,195.84190745813797,193.03134453996535,195.75221252441406,2724500.0
2025-05-20,DHR,195.0047318667994,197.4963592844749,194.78546743742902,197.107666015625,2873100.0
2025-05-21,DHR,195.0844573492596,195.0844573492596,185.82556174848594,186.18435668945312,5613100.0
2025-05-22,DHR,185.06811334577915,187.77900508790503,183.70270644019828,186.85211181640625,3104400.0
2025-05-23,DHR,183.74257667466364,185.36712265084452,182.43696631419144,183.92196655273438,2814200.0
2025-05-27,DHR,186.97172213634082,189.52314610554362,186.3637644555787,188.54641723632812,2990600.0
2025-05-28,DHR,188.17765650146114,190.65932275027282,187.93847001519518,188.37698364257812,2879200.0
2025-05-29,DHR,190.80880587888217,191.84533129921962,187.99825833555667,189.83209228515625,2814500.0
2025-05-30,DHR,189.36367874551055,190.35036865163588,187.15111244039545,189.26400756835938,6514200.0
2025-06-02,DHR,187.58964047038486,189.61284065471116,186.3737251113324,188.59625244140625,3027700.0
2025-06-03,DHR,187.53980698656363,192.3137735419127,185.37707625517564,191.41677856445312,3525700.0
2025-06-04,DHR,192.35363096822897,195.00472611224723,191.40681561898998,192.43336486816406,2596800.0
2025-06-05,DHR,193.25060885051184,193.99809704649013,189.24408306960234,191.5064697265625,3096500.0
2025-06-06,DHR,193.68914387022835,195.9914051540478,192.25396405494175,195.363525390625,2802200.0
2025-06-09,DHR,196.84850975311426,199.61919798176046,194.68577916932554,198.53285217285156,4119400.0
2025-06-10,DHR,200.09761115703478,202.78856562223152,197.3568211038798,201.94140625,4626200.0
2025-06-11,DHR,202.3899101128609,206.30674093823066,201.9912406192864,204.0343780517578,4491400.0
2025-06-12,DHR,202.85832819461294,205.08087076837728,202.0510433562615,204.41311645507812,3661200.0
2025-06-13,DHR,202.86831508275014,203.58590502287126,199.75875360632944,199.99795532226562,3391400.0
2025-06-16,DHR,201.27366082807663,201.71218968914823,196.78873145242295,200.4364776611328,3143400.0
2025-06-17,DHR,198.33353693975496,199.60924892556662,194.71568916328872,195.09442138671875,2968600.0
2025-06-18,DHR,194.74559478078422,196.34024242671558,192.47323177032854,193.788818359375,3236300.0
2025-06-20,DHR,195.87179980454846,195.9415726671109,193.56953866296067,195.73226928710938,6590900.0
2025-06-23,DHR,194.59610342481093,196.34024263604482,192.23404547377115,195.6824493408203,3943100.0
2025-06-24,DHR,196.68906154340576,198.06442944659412,195.29374115634445,196.80865478515625,2739800.0
2025-06-25,DHR,196.2405532889499,200.69558396413737,195.044575267783,200.3268280029297,4379600.0
2025-06-26,DHR,201.30354108872416,204.92138866044723,199.92817321142036,200.78529357910156,5685500.0
2025-06-27,DHR,201.69370121264285,203.14114118700942,197.35136605766192,198.44943237304688,5619700.0
2025-06-30,DHR,198.56920640135374,200.0965070558711,195.67432659090554,197.19163513183594,4537400.0
2025-07-01,DHR,196.64262375122905,204.67841580479936,196.0336988455767,200.74537658691406,3976000.0
2025-07-02,DHR,201.82345555671662,203.041305349305,198.94854469043722,202.1428985595703,3503600.0
2025-07-03,DHR,202.94148929150123,203.93972582000652,202.00314451760534,202.84165954589844,1390700.0
2025-07-07,DHR,201.69370000788766,202.14290341354155,198.30967867853622,199.27796936035156,2388400.0
2025-07-08,DHR,198.8287408155647,204.2491729872163,198.62909655987542,200.3260955810547,4225600.0
2025-07-09,DHR,200.63556721547408,201.86339389203889,196.77238145651737,200.60562133789062,2050700.0
2025-07-10,DHR,201.0548223896819,207.78292682760159,200.23626112692745,205.1475830078125,3088200.0
2025-07-11,DHR,205.14757878995226,205.44705278801936,203.15110577867856,204.48875427246094,2369000.0
2025-07-14,DHR,199.64730784805627,199.70719960330976,194.5463185232632,197.40127563476562,4925400.0
2025-07-15,DHR,199.0583497678051,199.64730566386214,192.0407481922708,192.5198974609375,4521900.0
2025-07-16,DHR,193.04895933494376,193.9373892254377,190.81290405429502,192.95912170410156,2662400.0
2025-07-17,DHR,193.53810375858447,194.74596143282713,192.08067171938347,194.4464874267578,3064800.0
2025-07-18,DHR,195.31496665278746,195.8540076867225,188.74656833860195,189.71485900878906,4240300.0
2025-07-21,DHR,189.55514016637457,189.99436669079603,187.21927026673075,187.7383575439453,5898600.0
2025-07-22,DHR,186.42067265780284,195.98378047792707,185.17287699074927,189.57510375976562,7053300.0
2025-07-23,DHR,200.1663978926454,201.37425559204368,194.4664604724137,197.54103088378906,6374400.0
2025-07-24,DHR,197.6608084447633,204.31904422565114,197.6608084447633,202.4523468017578,7411400.0
2025-07-25,DHR,203.17108700685188,206.02604419414828,202.3026260688586,205.11764526367188,5355700.0
2025-07-28,DHR,203.83989534064645,205.67664689083313,201.87336816801943,202.58212280273438,5160200.0
2025-07-29,DHR,202.7418425560121,207.16402301197803,201.64377629531512,206.4852294921875,4973300.0
2025-07-30,DHR,206.5750743203649,207.10413847389393,202.72188062386923,203.63027954101562,5692900.0
2025-07-31,DHR,201.1446597567169,203.66022006425848,196.45295113631101,196.81231689453125,6060700.0
2025-08-01,DHR,194.9855408527465,196.81231550817472,191.92094743175,196.742431640625,5736500.0
2025-08-04,DHR,195.65435389740878,197.34137601862503,193.65788089845563,197.11178588867188,3176900.0
2025-08-05,DHR,197.03193427163532,200.29615680923882,196.1534812371855,198.68899536132812,4001100.0
2025-08-06,DHR,198.24978012710434,198.69898351736194,193.8076154015552,194.82582092285156,5123000.0
2025-08-07,DHR,196.75242074281894,198.72892475291596,195.20515111751035,198.1399688720703,2670100.0
2025-08-08,DHR,198.1399724103404,200.38600458115727,196.9021536416132,200.20631408691406,2963100.0
2025-08-11,DHR,200.4858274171134,201.8434297504424,198.8087973045852,199.40773010253906,2566300.0
2025-08-12,DHR,199.81700763274213,205.51694501379177,199.3079124776376,205.3572235107422,2830000.0
2025-08-13,DHR,205.67665501578333,208.95088496016825,205.67665501578333,208.7711944580078,3241300.0
2025-08-14,DHR,208.3719031100829,210.09884807814478,206.79468753189772,209.8492889404297,2634500.0
2025-08-15,DHR,211.64611859567398,212.02543812878673,209.45997810374644,210.5580291748047,3210200.0
2025-08-18,DHR,210.62791470000138,211.77588065419204,208.33196755973887,208.64141845703125,2859900.0
2025-08-19,DHR,209.38011393253302,212.68427443758551,208.501660904526,211.82579040527344,4851300.0
2025-08-20,DHR,211.82578341285577,213.63258905064282,210.41826628450178,211.02719116210938,3302500.0
2025-08-21,DHR,209.94911240088348,210.33842403478502,203.53044365049388,203.54042053222656,3172700.0
2025-08-22,DHR,206.51517655250643,212.19514479997832,205.26738089996448,211.42649841308594,3364900.0
2025-08-25,DHR,210.9273898371112,211.3566242499919,206.92445145155224,207.36367797851562,1985800.0
2025-08-26,DHR,207.41359222960293,208.9908078299192,205.3073124684574,205.88629150390625,3670600.0
2025-08-27,DHR,205.2773595398292,207.02427346834958,203.4406079792077,204.63848876953125,2503200.0
2025-08-28,DHR,204.1094324497525,205.31729016819827,201.66375590246489,204.927978515625,2519900.0
2025-08-29,DHR,204.97788201538103,207.33372079638914,204.3390112560507,205.45704650878906,1979800.0
2025-09-02,DHR,204.19926468875454,205.63672774699955,200.32610202980337,203.4306182861328,2389000.0
2025-09-03,DHR,202.42240907791864,203.68018166414038,198.32963307582838,199.0883026123047,3468200.0
2025-09-04,DHR,198.54924048967914,199.43767039552893,191.84108976366795,198.67901611328125,3673600.0
2025-09-05,DHR,199.07831032056598,203.52047520858213,198.27973325618123,199.85694885253906,2837600.0
2025-09-08,DHR,195.32493733060642,198.59915188575485,193.99728093600652,198.27972412109375,3502100.0
2025-09-09,DHR,198.27972476828458,198.79879679153817,193.04895992194704,193.9873046875,3345100.0
2025-09-10,DHR,193.70779822064034,196.58270901782836,192.03075295972363,192.2503662109375,5509500.0
2025-09-11,DHR,194.35664617646245,195.87396994225548,193.12881952950352,194.8158416748047,3426200.0
2025-09-12,DHR,194.65612687540388,194.65612687540388,188.5269550794741,189.71485900878906,3899900.0
2025-09-15,DHR,190.7230645342884,191.23217490111222,186.71014951240082,188.20750427246094,4675400.0
2025-09-16,DHR,188.66670060713108,191.7312940076606,187.4288818498296,190.1341094970703,4817600.0
2025-09-17,DHR,190.87281700018374,195.98378325053895,190.39365249030226,192.59976196289062,4419300.0
2025-09-18,DHR,193.55806472187396,195.8040970031164,192.95913191933806,194.9256591796875,2871800.0
2025-09-19,DHR,195.8240532036002,196.15347307781605,192.33022543885536,192.94912719726562,5934200.0
2025-09-22,DHR,191.56157801240684,192.7494818829894,189.8945248873632,190.12413024902344,2949600.0
2025-09-23,DHR,189.66494202351873,190.52342605458463,188.07774958539434,189.38543701171875,3461200.0
2025-09-24,DHR,188.30733472901585,188.84637574265153,185.12295782346106,185.5821533203125,5522100.0
2025-09-25,DHR,184.1047632472573,184.75362615672202,179.7125284331201,181.1400146484375,7433800.0
2025-09-26,DHR,181.75,185.10000610351562,181.35000610351562,184.83999633789062,4847900.0
2025-09-29,DHR,185.85000610351562,186.8000030517578,183.4499969482422,186.05999755859375,3513100.0
2025-09-30,DHR,186.3800048828125,198.3699951171875,185.66000366210938,198.25999450683594,7731200.0
2025-10-01,DHR,198.7100067138672,213.1300048828125,198.6300048828125,212.8800048828125,11404100.0
2025-10-02,DHR,210.94000244140625,216.16000366210938,210.0,210.3300018310547,6798100.0
2025-10-03,DHR,211.3300018310547,219.9199981689453,210.22000122070312,214.99000549316406,5927300.0
2025-10-06,DHR,215.00999450683594,215.27999877929688,210.63999938964844,211.7100067138672,3849500.0
2025-10-07,DHR,212.50999450683594,213.9600067138672,208.4600067138672,208.77000427246094,4008700.0
2025-10-08,DHR,206.89999389648438,209.8800048828125,204.89999389648438,204.9600067138672,5089500.0
2025-10-09,DHR,204.80999755859375,207.19000244140625,203.55999755859375,204.47999572753906,2572600.0
2025-10-10,DHR,204.91000366210938,206.4600067138672,202.13999938964844,202.4600067138672,3585500.0
2025-10-13,DHR,203.55999755859375,206.75,202.85000610351562,205.13999938964844,2229700.0
2025-10-14,DHR,202.8800048828125,207.36000061035156,202.3300018310547,206.14999389648438,2254100.0
2025-10-15,DHR,206.97999572753906,209.52000427246094,204.44000244140625,206.10000610351562,3081000.0
2025-10-16,DHR,209.60000610351562,211.58999633789062,205.47999572753906,210.9199981689453,5818300.0
2025-10-17,DHR,210.4600067138672,212.63999938964844,208.64999389648438,209.05999755859375,4147000.0
2025-10-20,DHR,210.25,211.55999755859375,207.74000549316406,208.38999938964844,4971500.0
2025-10-21,DHR,223.5,234.99000549316406,220.72999572753906,220.77000427246094,10741300.0
2025-10-22,DHR,222.5,222.97000122070312,215.27999877929688,218.10000610351562,4498800.0
2025-10-23,DHR,217.60000610351562,223.80999755859375,217.60000610351562,222.72999572753906,3664000.0
2025-10-24,DHR,223.47000122070312,225.0500030517578,222.17999267578125,223.00999450683594,3955300.0
