date,Ticker,Open,High,Low,Close,Volume
2011-03-10,HCA,23.27769864662866,23.501522097389884,22.904658613336757,23.143404006958008,64599900.0
2011-03-11,HCA,22.75543785877322,23.34484168636851,22.75543785877322,23.218008041381836,9531600.0
2011-03-14,HCA,23.098634223015598,23.165781531352756,22.80766350224427,23.061330795288086,8663800.0
2011-03-15,HCA,22.673373979681795,23.501523353213823,22.650992487230575,23.382150650024414,7121200.0
2011-03-16,HCA,23.314998626708984,23.8372551651611,23.21800885855709,23.314998626708984,6157900.0
2011-03-17,HCA,23.531362408050516,23.82233313444063,23.42691024693427,23.807411193847656,3332400.0
2011-03-18,HCA,23.956634277680383,24.68033294013998,23.799956704856204,24.6654109954834,5463200.0
2011-03-21,HCA,24.911609735441857,24.911609735441857,23.874559032824614,24.061079025268555,3823500.0
2011-03-22,HCA,24.150611246543527,24.165533189581577,23.419453114096775,23.777572631835938,3943900.0
2011-03-23,HCA,23.65074254416728,24.381900787353516,23.501525937256403,24.381900787353516,4216300.0
2011-03-24,HCA,24.269983915070515,24.58333902634677,24.247602423575646,24.38935661315918,2125600.0
2011-03-25,HCA,24.40427732269605,24.695248081701074,24.307288967074026,24.583337783813477,3026600.0
2011-03-28,HCA,24.523647106552783,24.702707546435875,24.434118309645804,24.650482177734375,2098300.0
2011-03-29,HCA,24.94891611465085,25.374181520020443,24.657945347405292,25.284652709960938,5137300.0
2011-03-30,HCA,25.79198702505405,25.79198702505405,25.314496249827737,25.5457820892334,3049500.0
2011-03-31,HCA,25.366718899601153,25.448788151412113,25.120511144168272,25.26972770690918,1960600.0
2011-04-01,HCA,25.28465314661757,25.44132927844483,25.113055071844435,25.17274284362793,1822100.0
2011-04-04,HCA,25.26973049522139,25.26973049522139,24.851927488728688,25.120513916015625,2648000.0
2011-04-05,HCA,25.14289979964755,25.40402669477017,24.80716318729726,25.38164520263672,3607100.0
2011-04-06,HCA,25.18019605024174,25.515932566792074,24.799696562197287,24.844459533691406,2718500.0
2011-04-07,HCA,24.829544946486237,25.254810378014007,24.50873027413094,25.113056182861328,1946900.0
2011-04-08,HCA,25.008600548812314,25.35925904002651,24.613179081575318,24.74747085571289,2339800.0
2011-04-11,HCA,24.874312876273965,24.874312876273965,22.971809020047065,23.964094161987305,15028000.0
2011-04-12,HCA,23.956627293356707,24.314745322499018,23.374684428724535,23.523900985717773,3848800.0
2011-04-13,HCA,23.874559052070378,24.210295607953963,23.650735630171063,23.91932487487793,3969800.0
2011-04-14,HCA,23.79248963697926,24.24759887116293,23.717882778880284,23.9790096282959,1565900.0
2011-04-15,HCA,24.09838744085121,24.15807521689677,23.792494703792247,23.859642028808594,3072800.0
2011-04-18,HCA,23.740269358904946,24.27744795985298,22.941963852534847,23.93425178527832,2911100.0
2011-04-19,HCA,24.68032295927675,24.695242051830036,23.62088808566039,23.680574417114258,3838100.0
2011-04-20,HCA,23.8745640744101,24.016318274016772,23.240395681576597,23.613435745239258,3866100.0
2011-04-21,HCA,23.732803069377443,23.859636719179388,23.329920631970122,23.426910400390625,1462000.0
2011-04-25,HCA,23.54628307984721,23.57612696122865,23.203086982168177,23.426910400390625,732700.0
2011-04-26,HCA,23.38960769921016,23.926784773473173,23.247852104308322,23.87455940246582,1800000.0
2011-04-27,HCA,24.068534978939866,24.620635326408383,24.061075432626374,24.359508514404297,3354500.0
2011-04-28,HCA,24.255063650874384,24.61318461599748,24.06108407033004,24.299829483032227,1600000.0
2011-04-29,HCA,24.2476044456576,24.516193750272983,23.896945870624197,24.47142791748047,1233900.0
2011-05-02,HCA,24.471422841095983,25.210043275567887,24.471422841095983,24.94891357421875,2786200.0
2011-05-03,HCA,25.06082213780574,25.27718597617481,23.829790676668676,24.32966423034668,3429400.0
2011-05-04,HCA,24.695252053439024,25.336881443704645,24.463969026299047,25.030988693237305,4518300.0
2011-05-05,HCA,24.956377267790035,25.9188211777873,24.732553830738663,25.62038803100586,2613000.0
2011-05-06,HCA,25.41149323502913,25.739767506174797,25.284658118085698,25.553247451782227,1601300.0
2011-05-09,HCA,25.62784241740546,25.926275504081417,25.47116632763156,25.732295989990234,1996100.0
2011-05-10,HCA,25.38910182371969,26.008349597990595,25.366720334167038,25.806907653808594,1475100.0
2011-05-11,HCA,25.515938305492647,25.956125649288776,25.4114875537562,25.76960563659668,1431700.0
2011-05-12,HCA,25.590542971561568,25.80690685073554,25.45624834628595,25.74721908569336,814000.0
2011-05-13,HCA,25.68753505829865,25.941202376393775,25.53831848658339,25.814367294311523,1694000.0
2011-05-16,HCA,25.590550893446707,25.814374389503758,25.404030839054137,25.553247451782227,1719900.0
2011-05-17,HCA,25.523397853729737,26.075498343568935,25.366721726125064,25.76960563659668,3131000.0
2011-05-18,HCA,25.665159083429785,26.291866542441234,25.47863904022483,26.16503143310547,2070300.0
2011-05-19,HCA,26.127730655377352,26.28440682457372,25.739768584459956,26.15011215209961,1183900.0
2011-05-20,HCA,26.03819388517164,26.14264463279607,25.47863386912414,25.83675193786621,2012400.0
2011-05-23,HCA,25.6651535960584,25.777063890412247,25.36672045230936,25.6726131439209,2200000.0
2011-05-24,HCA,25.762137021802758,25.844206262942087,25.418940964373597,25.732295989990234,3000000.0
2011-05-25,HCA,25.79197899794417,26.11279354634186,25.545774138748634,25.874048233032227,2539100.0
2011-05-26,HCA,26.03819109697964,26.04565064412429,25.40402143905825,25.985965728759766,1796500.0
2011-05-27,HCA,26.053113121027884,26.18740775328633,25.672613560341905,25.918821334838867,1474700.0
2011-05-31,HCA,26.10534473575304,26.344090147241914,25.784530055426774,26.03073501586914,8113400.0
2011-06-01,HCA,26.112798303672058,26.314240232114397,25.680070565669443,25.941200256347656,3049800.0
2011-06-02,HCA,25.99342534333521,26.150101448401283,25.55323806286212,25.63530731201172,2160100.0
2011-06-03,HCA,25.366721581622233,25.47863472702778,25.157820079339352,25.471172332763672,2519100.0
2011-06-06,HCA,25.351800466839197,25.575623918888084,24.66540816774666,25.17274284362793,2361000.0
2011-06-07,HCA,25.210040735719712,26.038189887700874,25.165274916723522,25.75467872619629,1896300.0
2011-06-08,HCA,25.79199212536047,26.105347287361443,25.55324669053596,25.933746337890625,1458400.0
2011-06-09,HCA,26.135185408632474,26.388852760516585,25.799451635139476,26.2918643951416,1634100.0
2011-06-10,HCA,26.11279918646802,26.11279918646802,25.262268468337,25.292112350463867,2222700.0
2011-06-13,HCA,25.478638528626483,25.478638528626483,24.807165248143495,25.10559844970703,1671700.0
2011-06-14,HCA,25.21750095200189,25.418942873729236,24.814617108547193,25.023521423339844,1846300.0
2011-06-15,HCA,24.8071603446645,25.008602288991604,24.337129141234588,24.732553482055664,2544700.0
2011-06-16,HCA,25.404022328769077,25.963582304495574,24.993678915783487,25.26972770690918,5779300.0
2011-06-17,HCA,25.366720334167038,26.10534079616772,25.329416902889488,25.806907653808594,3872600.0
2011-06-20,HCA,25.90389909454286,25.90389909454286,25.404024003321034,25.538318634033203,1461700.0
2011-06-21,HCA,25.515935774276887,25.635308456715112,24.99367922133368,25.292112350463867,2728100.0
2011-06-22,HCA,25.29211716207493,25.359264486599972,24.88923321492469,24.933996200561523,2487500.0
2011-06-23,HCA,24.844462450965114,24.94891319147467,24.08346053944934,24.777315139770508,3222100.0
2011-06-24,HCA,24.851924817815792,24.851924817815792,23.99393171414597,24.061079025268555,11475100.0
2011-06-27,HCA,24.17299254114758,24.404275513948534,23.494058448731177,24.232677459716797,3136700.0
2011-06-28,HCA,24.314745593164425,24.680326019563953,24.307286045962822,24.434118270874023,2536500.0
2011-06-29,HCA,24.605712570815108,24.8444578898837,24.314741891079553,24.441574096679688,1405800.0
2011-06-30,HCA,24.45650697550842,24.911616332972752,24.344596658045536,24.62064552307129,1479200.0
2011-07-01,HCA,24.725095928039796,24.993685239718406,24.277448972622064,24.6654109954834,1663200.0
2011-07-05,HCA,24.67286399829544,24.97129712010359,24.605716688192068,24.74747085571289,957900.0
2011-07-06,HCA,24.814623385016027,25.493556176162137,24.71017262423505,25.359264373779297,2467500.0
2011-07-07,HCA,25.55323831800446,25.9188187462113,25.3667183302818,25.58308219909668,1928600.0
2011-07-08,HCA,25.336877501025743,25.374180933849658,24.837005239832408,25.23988914489746,874800.0
2011-07-11,HCA,25.02352912903157,25.120517500194453,24.613185612220327,24.6654109954834,777900.0
2011-07-12,HCA,24.657947951677833,25.165282672380258,24.359517604603962,24.47142791748047,1075800.0
2011-07-13,HCA,24.605717394758837,25.120511556287855,24.47888516429328,24.799699783325195,1120100.0
2011-07-14,HCA,24.844461603275708,25.02352204237488,24.6057162485229,24.78477668762207,1107800.0
2011-07-15,HCA,24.822080115664235,24.829539662845015,24.426658655492858,24.78477668762207,1116700.0
2011-07-18,HCA,24.650485353276164,24.672866843868867,24.20283561893556,24.314748764038086,1609500.0
2011-07-19,HCA,24.650486839273835,25.314497663534446,24.523651744107045,24.643024444580078,2768200.0
2011-07-20,HCA,24.76985980286937,25.001142811578525,24.38935735939671,24.80716323852539,721700.0
2011-07-21,HCA,24.941458044756942,25.78452935716022,24.941458044756942,25.687538146972656,1554300.0
2011-07-22,HCA,25.60546685393551,26.05311374141018,25.38164341019818,25.82183074951172,2101300.0
2011-07-25,HCA,22.419707412770894,22.979267512154877,20.524664616168636,20.867860794067383,25100300.0
2011-07-26,HCA,20.64403000759968,21.173746030903175,20.11431256126177,20.920080184936523,7726300.0
2011-07-27,HCA,20.86040161348285,21.1737553529703,20.3903717157692,20.420215606689453,7519300.0
2011-07-28,HCA,20.53212876117093,20.81563862920204,20.062097408152983,20.308303833007812,3745300.0
2011-07-29,HCA,20.16654286529724,20.256071668189193,19.771119953926235,19.905414581298828,4122700.0
2011-08-01,HCA,20.114317483031467,20.285916976192198,17.555264104579393,18.607236862182617,11984800.0
2011-08-02,HCA,19.360775258542027,19.4652259960999,18.159586084488172,18.38340950012207,4763100.0
2011-08-03,HCA,18.331186743243777,18.577393104735357,16.943477384090453,18.472942352294922,8645800.0
2011-08-04,HCA,18.375951895875186,18.390873839126655,16.846488288470297,17.085233688354492,6587900.0
2011-08-05,HCA,17.226985901016135,17.34635857738332,16.182474271285983,16.40629768371582,5344500.0
2011-08-08,HCA,16.10040295356464,16.167550253271322,12.869877290587754,13.571192741394043,10496600.0
2011-08-09,HCA,13.809941615682071,14.369501641813267,12.705743505644849,13.690568923950195,8246200.0
2011-08-10,HCA,13.280221662566847,14.145674233491816,13.190692871386736,13.862164497375488,12044400.0
2011-08-11,HCA,14.018846031266419,14.82461249781849,13.989002143636583,14.526179313659668,7056800.0
2011-08-12,HCA,14.56348506939099,15.97357611687125,13.869630292683253,15.831820487976074,6145000.0
2011-08-15,HCA,15.981036132418952,17.570186152446524,15.981036132418952,16.84648895263672,7085300.0
2011-08-16,HCA,16.65996516923128,16.719651508104445,16.055640810261185,16.24216079711914,2753200.0
2011-08-17,HCA,16.376450756200168,16.458518559405665,15.525918890442878,15.660213470458984,3437400.0
2011-08-18,HCA,15.287176031467585,15.443853540721635,14.67539077912234,14.891753196716309,3699900.0
2011-08-19,HCA,14.67539147167517,14.958901203323762,14.220282284072328,14.376959800720215,1865200.0
2011-08-22,HCA,14.600788371933199,14.854455737889964,14.026306312381994,14.220287322998047,1310900.0
2011-08-23,HCA,14.279969330005471,14.62316683598516,13.83978205976918,14.608244895935059,3408800.0
2011-08-24,HCA,14.593326988220026,15.10066170583074,14.242669838358466,14.951446533203125,2030400.0
2011-08-25,HCA,15.100662131549772,15.100662131549772,14.078533118460706,14.220287322998047,1532500.0
2011-08-26,HCA,14.190443940935857,14.623170344984826,13.78009902929821,14.548562049865723,1456000.0
2011-08-29,HCA,14.720160081483002,15.24987769426083,14.653012758412082,14.9066801071167,2126400.0
2011-08-30,HCA,14.869380276493013,14.921605668647647,14.630634813480285,14.817154884338379,1880200.0
2011-08-31,HCA,14.839529962172575,15.227491883244502,14.73507922305113,14.943982124328613,2863200.0
2011-09-01,HCA,15.040972107150846,15.384169633917391,14.235205795090431,14.317275047302246,1599200.0
2011-09-02,HCA,14.041225172757963,14.17551979853489,13.660724207401554,13.91439151763916,1920900.0
2011-09-06,HCA,13.489125369855495,14.10837166825628,13.332449264216116,13.9964599609375,2363000.0
2011-09-07,HCA,14.250132592496925,15.003673791060551,14.100915978174092,14.802231788635254,2327200.0
2011-09-08,HCA,14.705237606346115,15.033513238044835,14.488875124410121,14.54110050201416,1371000.0
2011-09-09,HCA,14.414266021518412,14.615707972119475,13.638343526549676,13.653264045715332,2378000.0
2011-09-12,HCA,13.496583739834888,14.056143591658774,13.131004807407397,13.72786808013916,3584300.0
2011-09-13,HCA,13.48166340101181,13.48166340101181,12.832574692821641,13.17577075958252,4192500.0
2011-09-14,HCA,13.21307873069745,14.257592075746299,13.131010882126718,13.884552001953125,7234800.0
2011-09-15,HCA,14.891756217490867,15.667680105786461,14.869374728081938,15.548307418823242,7338600.0
2011-09-16,HCA,15.86166017863073,16.070563080490572,15.481159226868838,15.839277267456055,3972600.0
2011-09-19,HCA,15.466238933486597,15.473699904672868,14.727619862462788,14.779845237731934,3967900.0
2011-09-20,HCA,14.921599822722005,15.063355419487566,14.541098856478435,14.846991539001465,2470400.0
2011-09-21,HCA,14.83953024880434,15.309561429998878,14.735079507665386,14.787304878234863,4255800.0
2011-09-22,HCA,14.197903846389616,15.167807340986865,14.197903846389616,14.86191463470459,3843300.0
2011-09-23,HCA,14.570936910249506,14.802221216529443,14.347112148626334,14.518710136413574,2915600.0
2011-09-26,HCA,14.75000222389402,14.921600285650676,14.451570502787945,14.809688568115234,2518400.0
2011-09-27,HCA,15.145428397150146,15.197655209625053,14.735084831807535,14.794771194458008,1372800.0
2011-09-28,HCA,14.832071775623794,14.832071775623794,14.324738502502441,14.324738502502441,1467000.0
2011-09-29,HCA,14.548559315943836,14.87683489895841,14.347117383887078,14.772382736206055,1730100.0
2011-09-30,HCA,14.56348565787675,15.152888268304027,14.526180794536398,15.040976524353027,4126700.0
2011-10-03,HCA,14.988748799815417,15.287180544794769,13.966618472346974,14.03376579284668,4123900.0
2011-10-04,HCA,13.8099437025875,13.936777384598576,13.004177200115642,13.884552001953125,4096800.0
2011-10-05,HCA,13.339909066658148,14.05614656866531,13.205615869126735,13.481664657592773,4669800.0
2011-10-06,HCA,13.511509574209466,14.02630376177238,13.42197934596152,13.630882263183594,2032500.0
2011-10-07,HCA,13.8621685102404,14.190444160011547,13.541353832399835,13.877090454101562,2169300.0
2011-10-10,HCA,14.168063577539755,14.384427530054653,14.04122987990157,14.309819221496582,1054600.0
2011-10-11,HCA,14.317278936553983,14.369504321044896,14.071072536071819,14.250131607055664,875700.0
2011-10-12,HCA,14.391884508533517,15.518464105224595,14.257589875011474,15.160346031188965,4898800.0
2011-10-13,HCA,15.011130795688919,15.824356717352515,14.861914220813462,15.764670372009277,3378300.0
2011-10-14,HCA,16.0183386774519,16.533134326992645,15.921348893961378,16.451065063476562,3463600.0
2011-10-17,HCA,16.37645667245848,16.570436221410908,16.010876217883187,16.264543533325195,1974300.0
2011-10-18,HCA,16.354069503566784,17.070305438611577,16.234696847725985,16.936012268066406,2975500.0
2011-10-19,HCA,16.973320070566682,17.05538932627898,16.23470103826003,16.368995666503906,2507400.0
2011-10-20,HCA,16.361533910256426,16.510749049892762,15.74974856476786,16.167552947998047,3167400.0
2011-10-21,HCA,16.48836859159074,17.443350098628592,16.48836859159074,17.391124725341797,3662500.0
2011-10-24,HCA,17.361282452956644,17.570183948368275,16.816644378441026,17.010623931884766,1943500.0
2011-10-25,HCA,16.853951066923226,16.853951066923226,16.488371956279305,16.53313636779785,1446000.0
2011-10-26,HCA,16.801723611369347,16.93601825240178,16.003418159715224,16.667428970336914,2247300.0
2011-10-27,HCA,17.122537369024887,17.122537369024887,15.913887086432357,16.8166446685791,3777400.0
2011-10-28,HCA,16.771881656391606,17.226991009393192,16.607744533473237,16.99570655822754,2215300.0
2011-10-31,HCA,16.921093062773323,17.70447642110987,16.80172038765603,17.495574951171875,4239400.0
2011-11-01,HCA,17.11507450097316,19.12948951798125,16.786798923573595,17.532878875732422,5719200.0
2011-11-02,HCA,17.94322417730683,18.42817733591085,17.39112512510113,17.420969009399414,4120600.0
2011-11-03,HCA,17.159838622942207,17.473192254717315,16.801720593209097,17.226985931396484,3674800.0
2011-11-04,HCA,17.33143940244073,17.622411592667785,17.047929606591172,17.540342330932617,1343600.0
2011-11-07,HCA,17.42097414164083,18.361035428459118,17.42097414164083,18.293888092041016,2936000.0
2011-11-08,HCA,18.189427589915,19.092185021501663,17.83130957444147,18.808673858642578,6044300.0
2011-11-09,HCA,18.14466876347642,18.950435257149387,18.14466876347642,18.66692543029785,3704700.0
2011-11-10,HCA,18.65946098463061,19.38315807287593,18.65946098463061,19.301090240478516,4279400.0
2011-11-11,HCA,19.48760636733345,20.03970528724646,19.360772735526787,19.793498992919922,4686700.0
2011-11-14,HCA,19.696507815226035,19.942714109552572,19.442840551612708,19.793498992919922,2891000.0
2011-11-15,HCA,19.71889294481075,19.965099266877314,19.35331394677462,19.853187561035156,2435400.0
2011-11-16,HCA,19.786042800961678,19.957640866886948,18.995196942025263,19.039962768554688,2462500.0
2011-11-17,HCA,18.95789362041398,19.23394386015316,18.443097996594826,18.68930435180664,3054300.0
2011-11-18,HCA,18.719144973031238,19.16679320166018,18.375947475969735,18.80121421813965,3779500.0
2011-11-21,HCA,18.41325356409825,19.025038901074726,18.41325356409825,18.681842803955078,2041700.0
2011-11-22,HCA,18.59977414356693,18.674382426231944,17.749243421075807,17.868616104125977,2668800.0
2011-11-23,HCA,17.704479166243054,17.913382091606614,17.323978171670902,17.592567443847656,2631100.0
2011-11-25,HCA,17.600029615958107,17.89846137038658,17.46573497070658,17.50303840637207,258800.0
2011-11-28,HCA,17.801468906766114,18.174508899460896,17.614948910418722,17.73432159423828,1705000.0
2011-11-29,HCA,17.831310339142902,18.084977633407213,17.47319230831137,17.943222045898438,1698500.0
2011-11-30,HCA,18.413253165514956,18.450556593338877,17.838771269605438,18.189428329467773,3441400.0
2011-12-01,HCA,18.122284373049986,18.338646838922003,17.943223915938013,18.04767608642578,1495700.0
2011-12-02,HCA,17.920843865370554,18.256579047591668,16.0780251567977,16.74949836730957,8681400.0
2011-12-05,HCA,17.711941788414357,17.90592278939701,17.43589294231069,17.644794464111328,4116500.0
2011-12-06,HCA,17.644788426876516,17.928299570937035,17.15983680186546,17.338895797729492,3034400.0
2011-12-07,HCA,17.20460796616998,17.301599183164985,16.734578094919826,16.913637161254883,2697300.0
2011-12-08,HCA,16.80918638567772,16.824106907254492,15.764673031415787,16.003419876098633,2941500.0
2011-12-09,HCA,16.04817966595615,16.212316740318396,15.794512372737968,15.801973342895508,1562200.0
2011-12-12,HCA,15.727366570385826,15.876583141756315,15.175267533170512,15.414012908935547,2690300.0
2011-12-13,HCA,15.428937697682818,15.846742182366418,15.018592762212984,15.085740089416504,2385400.0
2011-12-14,HCA,15.040972789492706,15.496082047990521,14.817149357168848,15.369248390197754,4290500.0
2011-12-15,HCA,15.391628128743257,15.87658121533718,15.317021275145285,15.77212905883789,3124300.0
2011-12-16,HCA,15.98103717355493,16.339155310830645,15.81690004972897,16.09294891357422,6188100.0
2011-12-19,HCA,16.167552849511637,16.339150899413685,15.772129956966626,15.839277267456055,1709700.0
2011-12-20,HCA,16.063105738889853,16.264546292830655,15.622918347588053,15.712447166442871,2592300.0
2011-12-21,HCA,15.719908722108197,16.39884155294088,15.719908722108197,16.339155197143555,1678800.0
2011-12-22,HCA,16.34661310696047,16.57789751446461,16.182476015027646,16.324230194091797,1272600.0
2011-12-23,HCA,16.26453913403624,16.346608367726365,15.973568466275678,16.01087188720703,1161600.0
2011-12-27,HCA,15.973573862427052,16.18247679010283,15.704984587277451,15.951190948486328,981700.0
2011-12-28,HCA,15.966109605310535,15.995953484423007,15.533383319421068,15.600530624389648,1201800.0
2011-12-29,HCA,15.615456120765003,15.958652270523231,15.55576977197945,15.869123458862305,781300.0
2011-12-30,HCA,15.831819852354728,16.67489119647631,15.831819852354728,16.436145782470703,1972500.0
2012-01-03,HCA,16.41376139737794,16.510751179499866,15.86912329253875,16.145172119140625,1943500.0
2012-01-04,HCA,16.040717722478927,16.040717722478927,15.443854376437685,15.518461227416992,2927100.0
2012-01-05,HCA,15.40655338158751,16.092947112741296,15.40655338158751,15.884045600891113,1959300.0
2012-01-06,HCA,15.891505010164991,16.891252423367764,15.891505010164991,16.667428970336914,3020200.0
2012-01-09,HCA,16.51821274039815,16.921096672132173,16.107869260033354,16.152633666992188,1920600.0
2012-01-10,HCA,16.398838042344376,16.786799983491157,15.167806328161957,16.756956100463867,5678500.0
2012-01-11,HCA,16.630122939299444,17.868615555172383,16.55551465892652,17.756702423095703,5801400.0
2012-01-12,HCA,17.86862141218361,17.98053315790835,17.077775373253996,17.398590087890625,4220200.0
2012-01-13,HCA,17.3985876862839,17.98053067597337,17.28667595600685,17.831314086914062,2466300.0
2012-01-17,HCA,17.846232935450278,18.040213898372354,17.57764369093746,17.920841217041016,1641000.0
2012-01-18,HCA,17.943221766546053,18.30880218490885,17.786545664134458,18.099899291992188,2147200.0
2012-01-19,HCA,18.092439852955952,18.50278328040707,18.02529253965891,18.286420822143555,2033200.0
2012-01-20,HCA,18.278961181640625,18.346108499824126,18.01783288015309,18.278961181640625,1470800.0
2012-01-23,HCA,18.226733393785256,18.50278217819809,18.226733393785256,18.38340950012207,1551300.0
2012-01-24,HCA,18.353573675995186,19.51745841943827,18.256582450604462,19.44285011291504,6702100.0
2012-01-25,HCA,19.48761141059529,20.166544138018153,19.316011918659097,20.144161224365234,5779500.0
2012-01-26,HCA,19.808424025250233,20.047170827764305,19.532375213865237,19.666669845581055,1779400.0
2012-01-27,HCA,19.56968141007624,19.59206432620213,19.181719402103543,19.189180374145508,2851700.0
2012-01-30,HCA,19.136954064980635,19.263787737474342,18.44309935210533,18.540090560913086,2472400.0
2012-01-31,HCA,18.74899381016623,18.987740656913004,18.114826812069882,18.23419952392578,3674000.0
2012-02-01,HCA,18.525166943028427,18.83852061009798,18.204352304953087,18.62961769104004,3174500.0
2012-02-02,HCA,18.68184696630836,18.88328751804776,18.48786596352958,18.853445053100586,2187600.0
2012-02-03,HCA,18.84598247696933,19.771121580143966,18.84598247696933,19.74127769470215,4524000.0
2012-02-06,HCA,21.628860360342436,21.628860360342436,20.464975887163114,21.18867301940918,11567800.0
2012-02-07,HCA,21.248363942209885,21.86014948392966,21.248363942209885,21.502031326293945,6231600.0
2012-02-08,HCA,21.561712004913975,21.86014372431425,21.225976854226676,21.613937377929688,4131400.0
2012-02-09,HCA,21.636324591227044,21.636324591227044,20.450057025658353,20.74102783203125,6654600.0
2012-02-10,HCA,20.741025746097595,21.039458917839294,20.539585205117227,20.763408660888672,5350400.0
2012-02-13,HCA,20.987225855630687,21.039452641229268,19.71889094624472,20.37544059753418,5518700.0
2012-02-14,HCA,20.294944772397294,20.496203652895403,20.117837510332983,20.198341369628906,2462000.0
2012-02-15,HCA,20.31104510731296,20.415700581208913,19.85217512226408,19.997081756591797,2673800.0
2012-02-16,HCA,20.125880595419233,20.914814746243785,19.98097400945496,20.882614135742188,3320500.0
2012-02-17,HCA,20.794069045593947,20.930925156110934,20.05343624788145,20.190292358398438,2058000.0
2012-02-21,HCA,20.270791627128922,20.504251094786525,20.12588500938405,20.262741088867188,978500.0
2012-02-22,HCA,20.25468792470918,20.72965887219222,20.214436774101994,20.608903884887695,2004200.0
2012-02-23,HCA,20.995324708769665,21.172431956971206,20.794065844024757,20.987274169921875,1886500.0
2012-02-24,HCA,21.019474051714727,21.599098966710216,20.88261797707207,21.52664566040039,2369100.0
2012-02-27,HCA,21.365641766660918,21.896965045463368,21.333439611347664,21.71985626220703,2401500.0
2012-02-28,HCA,21.470296077249262,21.816461575525274,21.405893300975816,21.67960548400879,1866600.0
2012-02-29,HCA,21.703748644081177,22.033814494642886,21.220728743807644,21.47028923034668,2453400.0
2012-03-01,HCA,21.534693073091056,21.615196905694514,20.84236226237734,21.13217544555664,1971200.0
2012-03-02,HCA,21.011426179401326,21.083879494903112,20.82626838888935,20.858469009399414,1678400.0
2012-03-05,HCA,20.82626343736349,21.02752225802208,20.57670139419912,20.834312438964844,1457100.0
2012-03-06,HCA,20.560606412713266,20.737713661374283,20.117835987835797,20.25469207763672,2591600.0
2012-03-07,HCA,20.33519402166623,20.76186332874841,20.270791252246575,20.439847946166992,1375500.0
2012-03-08,HCA,20.57670247207902,20.705508001209168,20.31104087631271,20.351293563842773,1070700.0
2012-03-09,HCA,20.472054259823448,20.697463230867907,20.343248694802767,20.625011444091797,2146600.0
2012-03-12,HCA,20.55255704711303,20.55255704711303,19.85217548038891,20.14198875427246,2413300.0
2012-03-13,HCA,20.27079048627667,20.3271427154541,19.924625037920357,20.3271427154541,2247100.0
2012-03-14,HCA,20.294938719088027,20.898715180495795,20.24663703211063,20.737709045410156,1794000.0
2012-03-15,HCA,20.786016504325154,20.8504192833396,20.262743732897366,20.46400260925293,2605300.0
2012-03-16,HCA,20.51230315902177,20.59280701214487,20.214440898594567,20.4801025390625,2206900.0
2012-03-19,HCA,20.383497628568964,20.496202101763856,20.166137685564568,20.25469207763672,1051100.0
2012-03-20,HCA,20.125881530223978,20.230535438568662,19.425500177359705,19.860219955444336,2277600.0
2012-03-21,HCA,19.900477180875043,20.29494439505911,19.779722161918023,20.14198875427246,1389000.0
2012-03-22,HCA,19.980974949785555,20.174183228336272,19.844118893876768,19.948774337768555,873100.0
2012-03-23,HCA,20.085633477818817,20.327143479220254,19.90047417222903,20.166135787963867,5130400.0
2012-03-26,HCA,20.319092183039057,20.78601262768282,20.254689416035887,20.375444412231445,2652600.0
2012-03-27,HCA,20.36739183212514,20.44789566667753,19.441601573479986,19.54625701904297,6268400.0
2012-03-28,HCA,19.642868517304613,19.884380120861984,19.03909181163654,19.288652420043945,5628000.0
2012-03-29,HCA,19.12764205938373,19.683116937712843,18.47556378903066,19.232295989990234,6243100.0
2012-03-30,HCA,19.256449421659596,20.12588770928121,19.216198260434386,19.91657829284668,3719300.0
2012-04-02,HCA,19.884371741956016,21.011420810522104,19.811918444967638,20.91481590270996,4602900.0
2012-04-03,HCA,20.947019274010977,22.00966564460016,20.890667047613523,21.671550750732422,6027000.0
2012-04-04,HCA,21.470290020301253,21.631297683304915,21.25293013589117,21.623247146606445,3967100.0
2012-04-05,HCA,21.623255911097363,21.808413723763035,21.4058959385854,21.703758239746094,5084100.0
2012-04-09,HCA,21.56689644725919,21.647398748959507,21.043622273309246,21.615198135375977,3150800.0
2012-04-10,HCA,21.615208191084196,21.735963235294648,21.09998431471126,21.212690353393555,4904000.0
2012-04-11,HCA,21.389789207433825,21.63934973837415,21.389789207433825,21.51859474182129,6764400.0
2012-04-12,HCA,22.13847389277615,22.677847681764934,21.631302257390615,22.194826126098633,8664000.0
2012-04-13,HCA,22.10627174566347,22.162625514485693,21.623251725338548,21.7359561920166,4824300.0
2012-04-16,HCA,21.768162516123773,21.99357149266529,21.647405952423973,21.88086700439453,1637800.0
2012-04-17,HCA,21.953315734132786,22.55709228434227,21.880862425268994,22.227027893066406,1895900.0
2012-04-18,HCA,22.13041877746582,22.452432569484905,21.921109428782696,22.13041877746582,2353400.0
2012-04-19,HCA,22.218975067138672,22.444383973299537,22.001615162926687,22.218975067138672,2581900.0
2012-04-20,HCA,22.218978921179506,22.331683393809335,21.69570618120537,21.71985626220703,1971200.0
2012-04-23,HCA,21.51054573264283,21.558848963083133,20.898718633081074,21.140230178833008,2074500.0
2012-04-24,HCA,21.15632676647527,21.735951589419283,20.938966882065188,21.623247146606445,1656000.0
2012-04-25,HCA,21.663498710540885,21.929160284759448,21.59104541434647,21.776203155517578,3655600.0
2012-04-26,HCA,21.526645305016093,22.194824591244394,21.32538646536319,21.97746467590332,1613900.0
2012-04-27,HCA,22.033819970051905,22.06602058818002,21.63935126572931,21.921113967895508,1568400.0
2012-04-30,HCA,22.041866258763132,22.0982200206436,21.47834245930557,21.671550750732422,1685900.0
2012-05-01,HCA,21.752053149753454,22.46048350476603,21.687650390206855,22.186771392822266,2086300.0
2012-05-02,HCA,22.025767113714306,22.210924871044238,21.719852828533256,21.727903366088867,2466700.0
2012-05-03,HCA,21.76815603512386,22.283378154375015,21.41394006039717,21.54274559020996,4675600.0
2012-05-04,HCA,21.70375134281067,21.73595349242388,20.810163187806133,21.486392974853516,2354400.0
2012-05-07,HCA,21.389790727508462,21.42199288113533,20.898718633081074,21.140230178833008,1070000.0
2012-05-08,HCA,20.906767303755625,21.50249327328402,20.906767303755625,21.4139404296875,2473400.0
2012-05-09,HCA,21.17242737780663,21.413938884556476,20.971168556589905,21.285133361816406,1682700.0
2012-05-10,HCA,21.325388339094072,21.486396039156386,21.116078943206357,21.14828109741211,906000.0
2012-05-11,HCA,21.027521538010166,21.534693073091056,20.955068242215344,21.13217544555664,1057400.0
2012-05-14,HCA,21.003374875376927,21.164382578512647,20.84236717224121,20.84236717224121,1742200.0
2012-05-15,HCA,20.76186486409698,21.043626041467366,20.689411551206522,20.70551109313965,1627700.0
2012-05-16,HCA,20.874567393707018,21.003372930092617,20.391545864519465,20.423748016357422,2523100.0
2012-05-17,HCA,20.504252620161132,20.930921966875264,20.262742596275114,20.4801025390625,1883000.0
2012-05-18,HCA,20.48814446344266,20.608899424612826,19.642856664286196,19.828014373779297,2144400.0
2012-05-21,HCA,19.795822430996104,20.92287178764163,19.5865130234717,20.81016731262207,2427800.0
2012-05-22,HCA,20.810166921720338,21.365641818351605,20.794065844024757,20.987274169921875,3252300.0
2012-05-23,HCA,20.906771843607064,21.075830100789272,20.431800765286496,20.930923461914062,1600000.0
2012-05-24,HCA,20.97117613293244,21.470298865482533,20.576708885094813,21.011428833007812,2565200.0
2012-05-25,HCA,21.00337562919867,21.14023172113089,20.794066221803316,20.947023391723633,2131600.0
2012-05-29,HCA,21.16438864280611,21.365647561651432,21.09998431471126,21.212690353393555,1534600.0
2012-05-30,HCA,21.091931179660605,21.091931179660605,20.810168441345855,20.930923461914062,1619100.0
2012-05-31,HCA,20.86651840157834,21.01142502461787,20.27884290634755,20.922870635986328,1912300.0
2012-06-01,HCA,20.520354924125115,20.649160482625845,19.562362239227983,19.91657829284668,2741200.0
2012-06-04,HCA,20.021229918832105,20.06148107231724,19.4496540193481,19.64286231994629,1649900.0
2012-06-05,HCA,19.578461800410103,20.311043933407774,19.393304016352065,20.15003776550293,1854700.0
2012-06-06,HCA,20.24664298881354,20.834318548966092,20.150039586437355,20.745765686035156,2407700.0
2012-06-07,HCA,20.84236408052624,20.882616768080794,20.43179588036796,20.488149642944336,1518500.0
2012-06-08,HCA,20.415694864031643,21.16437790807601,20.28688934414045,20.729658126831055,1678500.0
2012-06-11,HCA,21.260985186848526,21.43809242537072,20.92287025113656,21.003374099731445,2954000.0
2012-06-12,HCA,21.21268348717961,21.333438492303557,21.003374095072612,21.091928482055664,3232000.0
2012-06-13,HCA,21.043625638914957,21.260985573428357,20.979222865964676,21.108028411865234,3652900.0
2012-06-14,HCA,21.236836238057315,21.405894494881334,21.10803067832634,21.25293731689453,3527500.0
2012-06-15,HCA,21.23683205954255,21.574946971180417,21.00337260427143,21.51859474182129,5242800.0
2012-06-18,HCA,21.212683103245507,21.856710809238923,21.212683103245507,21.631301879882812,1577800.0
2012-06-19,HCA,21.735961123527414,22.041873974838374,21.446147817192315,21.85671615600586,2363400.0
2012-06-20,HCA,21.961366659909647,22.347783290346214,21.784257886013823,21.921113967895508,3839900.0
2012-06-21,HCA,21.95331181251393,21.95331181251393,21.156327092864363,21.357585906982422,3424700.0
2012-06-22,HCA,21.389786481501403,21.679599664680705,21.11607437193937,21.13217544555664,8785800.0
2012-06-25,HCA,21.124124419451476,21.24487939781818,20.472046307884973,20.616952896118164,2914700.0
2012-06-26,HCA,20.63305290063701,21.19657819307342,20.439844623782985,21.083873748779297,2119400.0
2012-06-27,HCA,21.04362187398134,21.65544887528808,21.019471798122712,21.42198944091797,1933600.0
2012-06-28,HCA,21.373690300309523,23.949804320393934,21.373690300309523,23.724393844604492,20119400.0
2012-06-29,HCA,23.98200643350441,25.270061905834698,23.98200643350441,24.497228622436523,8294800.0
2012-07-02,HCA,24.505279567770476,24.55358126491368,23.77269742991827,24.14301300048828,3461400.0
2012-07-03,HCA,23.72439498322847,24.143013800292866,23.65999220640959,23.748546600341797,1975800.0
2012-07-05,HCA,23.643891945590273,23.796847576211736,22.790553259307682,23.13671875,3811300.0
2012-07-06,HCA,22.814703370675414,23.024012759041987,22.63759613535747,22.871055603027344,2174300.0
2012-07-09,HCA,22.95156022403654,23.17697069652772,22.154575335008634,22.661746978759766,3627400.0
2012-07-10,HCA,22.750301365010873,22.959610760415206,22.33973311273505,22.565143585205078,3311200.0
2012-07-11,HCA,22.60539628508202,22.742252378513644,22.170677923023707,22.46854019165039,3401500.0
2012-07-12,HCA,22.29143408309055,22.48464242453703,22.08212466265268,22.404138565063477,3406900.0
2012-07-13,HCA,22.500743084873623,22.74225312331727,22.355836447614085,22.6697998046875,5503100.0
2012-07-16,HCA,22.573192976478957,22.726148594379556,21.92111320780869,22.355833053588867,2252700.0
2012-07-17,HCA,22.428290528505617,22.742253896249586,22.21093056522898,22.645648956298828,2143500.0
2012-07-18,HCA,22.452433847669464,23.12061307995362,22.315577786334973,23.024009704589844,3215000.0
2012-07-19,HCA,23.04816715582461,23.19307380072162,22.31558492705281,22.371938705444336,1989400.0
2012-07-20,HCA,22.30752713264415,22.38803096868219,22.066017160012983,22.154571533203125,1608400.0
2012-07-23,HCA,21.71180723957092,21.85671387763321,21.212686081226792,21.752059936523438,1466500.0
2012-07-24,HCA,21.80035664983554,21.872809952290613,21.3414867579421,21.54274559020996,2149400.0
2012-07-25,HCA,21.64739953752252,21.9372127477464,21.510543469970468,21.86475944519043,2332500.0
2012-07-26,HCA,22.138472342770836,22.170674494119474,20.922868768055267,21.65545082092285,4275300.0
2012-07-27,HCA,21.74400182411685,22.090167219928844,21.550793552485633,21.985511779785156,1517400.0
2012-07-30,HCA,21.937211982619374,22.283377408205872,21.61519816887018,21.848657608032227,1182400.0
2012-07-31,HCA,21.8245043401219,21.848654412944587,21.188525807423403,21.317331314086914,2355400.0
2012-08-01,HCA,21.446142188936907,21.727904881097427,21.075826648456275,21.124128341674805,1553400.0
2012-08-02,HCA,21.11607515354322,21.534693870189923,21.01142124212302,21.285133361816406,1563500.0
2012-08-03,HCA,21.599098190051112,21.695703106818204,21.067774986539757,21.4139404296875,2093400.0
2012-08-06,HCA,21.075824295709385,21.13217652075412,19.24839380520826,20.56865119934082,10563000.0
2012-08-07,HCA,21.140228311387688,22.210925257168764,21.13217777369212,21.64739990234375,3625600.0
2012-08-08,HCA,21.502495929132614,22.04186973695143,21.48639638725214,21.93721580505371,2286100.0
2012-08-09,HCA,21.94526026770253,22.379978487778974,21.81645475542189,22.066015243530273,1801500.0
2012-08-10,HCA,21.83255465547316,21.977459697392394,21.72789922269051,21.905006408691406,1593200.0
2012-08-13,HCA,21.872817245609514,22.1062767704343,21.68765942669959,21.808414459228516,1526300.0
2012-08-14,HCA,21.945268255824754,22.130426055190632,21.542750499559773,21.888916015625,2132800.0
2012-08-15,HCA,21.969414902637837,22.001615517401177,21.71180230711593,21.95331382751465,2387900.0
2012-08-16,HCA,21.993570226747998,22.76640512671944,21.92111690689182,22.629549026489258,2282400.0
2012-08-17,HCA,22.710041600716266,23.563379993680105,22.540984950618345,23.35407066345215,2604800.0
2012-08-20,HCA,23.217219550155924,23.6760894526607,23.217219550155924,23.37822723388672,1904700.0
2012-08-21,HCA,23.426527351399166,23.46677850188691,22.943505868131385,23.024009704589844,1372300.0
2012-08-22,HCA,22.95155753176274,23.072312524635468,22.73419762330201,22.782499313354492,979300.0
2012-08-23,HCA,22.782505058863737,22.79860613810277,22.436341068125135,22.645648956298828,1163700.0
2012-08-24,HCA,22.557092283250427,22.79055175086888,22.476588436129756,22.637596130371094,1221400.0
2012-08-27,HCA,22.69394684715983,22.887155146056664,22.53293916367093,22.83080291748047,1742600.0
2012-08-28,HCA,22.83080444451121,22.97571106224663,22.661746211992156,22.82275390625,1039400.0
2012-08-29,HCA,22.806651688371016,22.91935614742132,22.71004676955426,22.798601150512695,1103100.0
2012-08-30,HCA,22.645646641779468,23.015963749011444,22.605395483279228,22.951560974121094,1346600.0
2012-08-31,HCA,22.99986381948598,23.241375388992616,22.895209880871448,22.983762741088867,1304200.0
2012-09-04,HCA,23.128665528038134,23.20916937114782,22.798601153223206,22.975709915161133,1283300.0
2012-09-05,HCA,23.024012001075842,23.289673613048585,22.895206464088034,23.128665924072266,1492200.0
2012-09-06,HCA,23.20111886869926,23.885399232951332,23.20111886869926,23.61973762512207,2538200.0
2012-09-07,HCA,23.668036258033325,23.86929507236266,23.450676370041748,23.595582962036133,1309900.0
2012-09-10,HCA,23.547285457577498,23.627789304700038,23.33797606925216,23.507034301757812,1098600.0
2012-09-11,HCA,23.490927840798765,23.57948220588402,23.265517427619397,23.289669036865234,939200.0
2012-09-12,HCA,23.36212996644612,23.59558945687831,23.34602888835195,23.474834442138672,1716700.0
2012-09-13,HCA,23.442631905293517,24.432825094899375,23.442631905293517,24.3925724029541,2704900.0
2012-09-14,HCA,24.4489265298214,25.62427751314325,24.328169987699845,25.084903717041016,2967500.0
2012-09-17,HCA,25.0849036992268,25.73698196299731,24.77094037509345,25.632328033447266,1939900.0
2012-09-18,HCA,25.511570057096737,26.79962689317594,25.455217829631035,26.30050277709961,4804500.0
2012-09-19,HCA,26.300502012394908,26.485662835502627,26.107295258406136,26.364906311035156,2534500.0
2012-09-20,HCA,26.17975159767344,26.324658215467856,26.083148209465943,26.17169952392578,1517200.0
2012-09-21,HCA,26.324656667582122,26.364907821054622,26.211952209472656,26.211952209472656,2007200.0
2012-09-24,HCA,26.050943743943087,26.195850348874572,25.881887061845042,25.922138214111328,1961000.0
2012-09-25,HCA,25.9543434315651,26.107299056639537,25.624277494945996,25.632328033447266,1393500.0
2012-09-26,HCA,25.624274077861998,25.922137820754887,25.125151505725615,25.73697853088379,2267200.0
2012-09-27,HCA,25.825538233145515,26.767428218187764,25.817486159052955,26.606420516967773,2825800.0
2012-09-28,HCA,26.389061698560514,27.008939378381502,26.389061698560514,26.76742935180664,3565200.0
2012-10-01,HCA,26.759378060209567,27.628814695728945,26.542018133588137,27.169944763183594,2635600.0
2012-10-02,HCA,27.15384214778971,27.588561976396008,26.533964556102845,26.775474548339844,2375400.0
2012-10-03,HCA,26.88013113483988,26.88013113483988,26.340758898524836,26.46956443786621,2836800.0
2012-10-04,HCA,25.366666396116642,26.292456826679075,24.320119423559934,25.90604019165039,3999300.0
2012-10-05,HCA,26.14755215459121,26.52591981482087,25.57597769792228,25.728933334350586,1890400.0
2012-10-08,HCA,25.793333406162912,25.841633561847814,25.133203127946157,25.213706970214844,3823000.0
2012-10-09,HCA,25.24590831421507,25.326410618427055,24.102758089898366,24.73873519897461,2972300.0
2012-10-10,HCA,24.73873555937625,24.795087787338808,24.223513434595095,24.473073959350586,2497600.0
2012-10-11,HCA,25.028553401044146,25.406919526969297,24.722639056267784,24.948049545288086,3291700.0
2012-10-12,HCA,24.956099706464475,25.068804181526104,24.77094191586799,24.89169692993164,1789800.0
2012-10-15,HCA,24.980257592000378,25.6886883116347,24.95610596893373,25.600133895874023,3604400.0
2012-10-16,HCA,26.36490531111576,26.381006385165172,24.66628038597636,24.835338592529297,6533500.0
2012-10-17,HCA,25.141254022617886,25.57597385575007,24.63408241944677,24.762887954711914,3124500.0
2012-10-18,HCA,24.81923903662416,24.899742876312537,24.561627978007774,24.778987884521484,1969900.0
2012-10-19,HCA,24.674332384275843,24.787038373813505,24.03835527648936,24.19131088256836,1839400.0
2012-10-22,HCA,24.07860536340315,24.762885665929545,24.01420260172319,24.75483512878418,1555700.0
2012-10-23,HCA,24.368423110212575,24.392573190676437,23.829049304593156,23.861249923706055,2659900.0
2012-10-24,HCA,24.255715933998687,24.948046869570547,24.07860869871705,24.650184631347656,9617700.0
2012-10-25,HCA,24.75483893612414,25.342514418774698,24.75483893612414,25.165407180786133,3430600.0
2012-10-26,HCA,25.133200866806476,25.423014058707103,24.561626555539053,25.382762908935547,3861700.0
2012-10-31,HCA,25.90738267255393,25.924870338014134,24.83191626248474,24.840660095214844,3180100.0
2012-11-01,HCA,24.482169086931687,26.397024921762732,24.412220099106214,26.239639282226562,3730600.0
2012-11-02,HCA,26.53691932682366,26.98284468960428,26.230891920870466,26.816715240478516,3003600.0
2012-11-05,HCA,26.755513837607104,28.65288201881961,26.711794677657483,28.18072509765625,7700300.0
2012-11-06,HCA,28.154497680818398,28.19821517679697,26.703054800484235,27.044055938720703,7165600.0
2012-11-07,HCA,29.352368354309647,29.868242705375806,28.35559497591107,29.59718894958496,20485600.0
2012-11-08,HCA,29.62342572105851,29.632167885342348,27.94464666693834,28.206954956054688,7238100.0
2012-11-09,HCA,28.285655710615593,28.749070597990137,27.621140969425394,28.5217342376709,5733500.0
2012-11-12,HCA,28.443034004063918,28.845243613471744,28.04957322998226,28.43429183959961,2401400.0
2012-11-13,HCA,28.31187961090079,28.364339265002744,27.57741443459711,27.708568572998047,3824000.0
2012-11-14,HCA,27.682342564179066,27.752291563036064,26.169694421574178,26.554414749145508,5016200.0
2012-11-15,HCA,26.50194699208732,26.519434655591432,25.942355101678693,26.160945892333984,3205600.0
2012-11-16,HCA,26.318338171137615,26.98285454257819,26.29210666926066,26.66808319091797,3107600.0
2012-11-19,HCA,27.079027861395115,27.59490228581803,27.017822703872984,27.5336971282959,2751800.0
2012-11-20,HCA,27.55993432424687,27.577421992216937,27.288880473858292,27.42003631591797,2875700.0
2012-11-21,HCA,27.51621515432171,27.62113949442629,27.245162971648938,27.42003631591797,2261600.0
2012-11-23,HCA,27.54243878113992,27.726054239177497,27.402540812811676,27.507463455200195,1010700.0
2012-11-26,HCA,27.288874689918067,27.45500416499054,26.790487932416102,27.070283889770508,2093000.0
2012-11-27,HCA,27.061540551203713,27.15771936504911,26.589383642867585,26.886667251586914,2677700.0
2012-11-28,HCA,26.641849804222556,26.877928301265985,26.414515140519512,26.842954635620117,1925500.0
2012-11-29,HCA,27.017821712270425,28.040826691393338,26.982848052562286,27.752286911010742,4068100.0
2012-11-30,HCA,27.507471641162173,27.935911172846705,27.507471641162173,27.761037826538086,2925300.0
2012-12-03,HCA,28.59167216183395,28.76654543745058,27.91841221873963,28.163232803344727,3740100.0
2012-12-04,HCA,28.20695597809562,28.408062453650196,27.962135344107065,27.988365173339844,2501800.0
2012-12-05,HCA,28.023348908340175,28.495505988741833,27.830989542833567,28.329378128051758,1699800.0
2012-12-06,HCA,28.27690425521929,29.203730390084118,28.11077645835089,29.046344757080078,3297400.0
2012-12-07,HCA,29.343627511365174,29.754575909720124,29.151266557605027,29.518497467041016,4199600.0
2012-12-10,HCA,29.43980982938967,29.710863645037175,29.29116967384281,29.614683151245117,3557100.0
2012-12-11,HCA,28.635400804625846,28.985147492137433,28.434297626707746,28.836503982543945,13138100.0
2012-12-12,HCA,28.880212173776712,28.941417324044238,28.63539157270661,28.77528953552246,8211400.0
2012-12-13,HCA,29.026646103683092,29.138357665406872,28.235348476376085,28.719436645507812,6224300.0
2012-12-14,HCA,28.793913811797793,29.18490785895054,28.505323517068486,28.626344680786133,4752000.0
2012-12-17,HCA,28.793917235778892,29.138363356596866,28.440159744771474,29.05457878112793,9013800.0
2012-12-18,HCA,29.203535428568465,29.920356574421564,29.203535428568465,29.566600799560547,8758300.0
2012-12-19,HCA,29.631757672594198,29.790017210047512,29.222144438781495,29.520044326782227,6596400.0
2012-12-20,HCA,29.482806803372032,29.55728177303506,28.859078266585414,29.017337799072266,3838800.0
2012-12-21,HCA,28.402922077072656,29.14767185817684,28.067783787764004,28.989412307739258,3221700.0
2012-12-24,HCA,28.989408379461388,29.212833283516925,28.72874687920824,28.86838722229004,839300.0
2012-12-26,HCA,28.859083907485573,28.859083907485573,28.263284033724158,28.337759017944336,1673100.0
2012-12-27,HCA,28.4308557028833,28.52394810966184,28.19812113468926,28.486711502075195,1786200.0
2012-12-28,HCA,28.73806169872556,29.55728649592078,28.030548486063328,28.058475494384766,5991000.0
2012-12-31,HCA,28.06777989251962,28.4773931030926,27.79780880019475,28.08639907836914,5035300.0
2013-01-02,HCA,28.533253452534343,29.18491085659654,28.533253452534343,29.138362884521484,4835200.0
2013-01-03,HCA,28.793912894988857,29.650375934071274,28.738057111637904,29.464187622070312,3256900.0
2013-01-04,HCA,29.46419038415442,30.08791897951797,29.426953783637533,29.734163284301758,3475600.0
2013-01-07,HCA,29.771396363272746,30.097226789089422,29.668994392246415,30.087915420532227,2448700.0
2013-01-08,HCA,30.05068256443476,30.25549009532531,29.454882712295603,29.510740280151367,2362700.0
2013-01-09,HCA,29.65968499173405,30.869903671020037,29.47349668309468,30.767499923706055,4383700.0
2013-01-10,HCA,30.804736330475897,30.935067072834944,30.54407484575781,30.879209518432617,2703900.0
2013-01-11,HCA,30.832660185511674,31.47500956622289,30.795425370956405,30.907136917114258,2609800.0
2013-01-14,HCA,30.67439952069462,31.74497580063044,30.67439952069462,31.51224136352539,3905900.0
2013-01-15,HCA,31.363298475956295,32.7410862254232,31.353990658939768,32.57352066040039,5891100.0
2013-01-16,HCA,32.499039275331604,32.79693909474273,32.09873572713929,32.75039291381836,3931200.0
2013-01-17,HCA,33.011057221924,34.17472960186701,32.824868930883866,34.01647186279297,6543600.0
2013-01-18,HCA,34.0350900091311,34.658816681161966,33.90475572350512,34.398155212402344,3129600.0
2013-01-22,HCA,34.435406274824345,35.440817704446474,34.28645630187116,35.37565231323242,3931300.0
2013-01-23,HCA,35.20808394473774,35.23601095553221,33.960626561369956,34.966041564941406,5343900.0
2013-01-24,HCA,35.077755705282144,35.31979810264572,34.696071141316004,35.12430191040039,2591300.0
2013-01-25,HCA,35.2266945230536,35.366336645379725,35.124290773514005,35.133602142333984,3911400.0
2013-01-28,HCA,35.096369471655656,35.096369471655656,34.43540422791791,34.79846954345703,4148200.0
2013-01-29,HCA,34.79847340475417,34.9846617683499,33.848915946538824,34.128196716308594,6906500.0
2013-01-30,HCA,34.03508527894465,35.50596507126801,33.941989373578814,35.440799713134766,5116600.0
2013-01-31,HCA,35.17083551127973,35.37564300190016,34.984650757530126,35.0498161315918,1788200.0
2013-02-01,HCA,35.487363642789376,35.80388277688091,35.13360967917042,35.58045959472656,2636800.0
2013-02-04,HCA,35.39426533267991,35.813188168335344,34.84501173731986,35.01258087158203,3206500.0
2013-02-05,HCA,34.49124501677611,36.86513571284041,34.01646829806162,34.91947555541992,6927500.0
2013-02-06,HCA,34.82638947786963,35.19876608810275,34.52848961018175,34.612274169921875,3206600.0
2013-02-07,HCA,34.723991595319866,34.91017993187262,34.26783389957513,34.5098762512207,3716000.0
2013-02-08,HCA,34.723986437439514,34.90086692895212,34.59365568658598,34.649513244628906,1868500.0
2013-02-11,HCA,34.60297366979243,35.068442803157936,34.09095833333991,34.128196716308594,3524300.0
2013-02-12,HCA,33.62548599282385,34.00717050372913,33.37413225863051,33.93269729614258,22095600.0
2013-02-13,HCA,34.37954260418026,34.621584935572095,33.839596828483835,34.34230422973633,7184700.0
2013-02-14,HCA,34.20265725666981,34.547103257607404,34.19334588972107,34.286441802978516,2861800.0
2013-02-15,HCA,34.25850976607911,34.42607885142168,33.60685260655195,33.77442169189453,2785000.0
2013-02-19,HCA,33.774420062128776,33.98853531612432,33.16931266203155,33.895442962646484,5254700.0
2013-02-20,HCA,33.811669156059764,33.84890752976886,32.85280411615465,32.964515686035156,5442600.0
2013-02-21,HCA,33.04829498278323,33.49514474231639,32.72246814288808,33.318267822265625,6301100.0
2013-02-22,HCA,33.33690544345677,33.48585544567943,33.16002487433425,33.29035568237305,2357600.0
2013-02-25,HCA,33.364823791656775,33.56031995292935,32.741093377897805,32.7783317565918,3180000.0
2013-02-26,HCA,32.77831965441779,33.327573107997395,32.489731204208034,33.17862319946289,3706700.0
2013-02-27,HCA,33.057598158816745,34.314366260384865,32.94588662242593,34.14679718017578,11416400.0
2013-02-28,HCA,34.072330772676565,35.04981855364214,34.007165394111766,34.52849197387695,8893200.0
2013-03-01,HCA,34.44470907875265,34.910178120357415,34.053716788403186,34.407470703125,3892700.0
2013-03-04,HCA,34.19335824655639,34.69606570607766,33.774435363622004,34.1188850402832,5424100.0
2013-03-05,HCA,34.23059339783299,34.6495162412686,34.23059339783299,34.388851165771484,6738100.0
2013-03-06,HCA,34.44471215881791,34.6681388813158,34.25852381527755,34.36092758178711,2972000.0
2013-03-07,HCA,34.30506074650076,34.87293344283774,34.30506074650076,34.48194122314453,4086100.0
2013-03-08,HCA,34.537798522234795,34.910175144272365,34.528490704744854,34.67744064331055,6147300.0
2013-03-11,HCA,34.67743792864871,35.487352934244,34.67743792864871,35.180145263671875,4089100.0
2013-03-12,HCA,35.1615297143855,35.62699872799731,35.1615297143855,35.394264221191406,2954000.0
2013-03-13,HCA,35.366341217902594,35.757333528972524,35.319791470277664,35.63631057739258,3215500.0
2013-03-14,HCA,35.794578552246094,36.1110977181264,35.62700937317723,35.794578552246094,4670300.0
2013-03-15,HCA,35.7759623574362,35.850435581457674,35.18947018155663,35.30118179321289,5918200.0
2013-03-18,HCA,35.12429502105243,35.27324497896418,34.79846809788521,35.170841217041016,2789400.0
2013-03-19,HCA,35.41289116375593,35.78526432545175,35.31048739013413,35.62700653076172,4119500.0
2013-03-20,HCA,35.84110747701413,36.176245673569994,35.64561137943856,35.89696502685547,2375700.0
2013-03-21,HCA,35.65491919545574,36.14831867427237,35.45942309788018,35.89696502685547,2245300.0
2013-03-22,HCA,36.08316544151445,37.023415074023866,36.02731141864101,36.595184326171875,3199400.0
2013-03-25,HCA,36.6044745337679,37.20027416606284,36.539309170938516,36.678951263427734,2710400.0
2013-03-26,HCA,36.818594667673906,37.47025193328466,36.76274066429776,37.41439437866211,3183800.0
2013-03-27,HCA,37.3585556713305,37.8426440225246,36.97687110324928,37.63783645629883,2395600.0
2013-03-28,HCA,37.637820646132596,38.09397824134252,37.6285092781712,37.82400894165039,3415000.0
2013-04-01,HCA,37.70298746433558,38.35464474804253,37.4423259713514,37.90779495239258,2679900.0
2013-04-02,HCA,38.54084247222991,38.6339348706965,36.408993165619826,37.10719680786133,6662000.0
2013-04-03,HCA,37.05132688188586,37.05132688188586,35.06842820484227,35.29185485839844,7316000.0
2013-04-04,HCA,35.18013967125289,35.24530503196208,34.00715607599577,35.08704376220703,9090700.0
2013-04-05,HCA,34.63089428273881,35.50597472359485,34.528490534620694,34.89155578613281,4232000.0
2013-04-08,HCA,34.91016716974462,35.180139981489646,34.556409814742366,35.09635543823242,1248800.0
2013-04-09,HCA,35.09636961123247,35.45012710909294,34.58435432955777,35.03120422363281,3932700.0
2013-04-10,HCA,33.88615058380375,34.444712061601074,33.37413175270105,34.13750076293945,9024900.0
2013-04-11,HCA,34.15611389066548,35.859732132725824,33.90476020489035,35.77594757080078,5767000.0
2013-04-12,HCA,35.53390750899034,36.01799577352267,35.40357673608687,35.67354965209961,2445200.0
2013-04-15,HCA,35.431512785703354,35.841124357049004,33.793059397825225,34.18405532836914,4647300.0
2013-04-16,HCA,33.13208576815534,35.26393478240406,33.094847393376625,35.25462341308594,8599600.0
2013-04-17,HCA,34.95672221591807,35.19876809172154,34.1188801220709,34.94741439819336,3630900.0
2013-04-18,HCA,35.05912346737306,35.05912346737306,34.10956632105324,34.3702278137207,2129600.0
2013-04-19,HCA,34.70537412051809,35.34772373578614,34.3981663685942,35.05913162231445,1629900.0
2013-04-22,HCA,35.08705586170943,35.35702876417179,34.267832887078,35.114986419677734,2404800.0
2013-04-23,HCA,35.12430021269619,35.45013073527081,34.85432726431234,35.245323181152344,2549700.0
2013-04-24,HCA,35.30115909298963,35.83179689744129,34.71467084549632,35.52458572387695,4710600.0
2013-04-25,HCA,35.357032081125034,35.664243388867554,34.86363597611146,35.319793701171875,5820100.0
2013-04-26,HCA,35.533902617608156,35.8876600605409,35.18014872592213,35.60837936401367,3672500.0
2013-04-29,HCA,37.7029855085912,38.941134638533285,37.339920290411584,37.58196258544922,8188100.0
2013-04-30,HCA,37.47957034597797,38.028824025683875,36.82791644738402,37.13512420654297,4421100.0
2013-05-01,HCA,37.00477955272121,37.31199074794569,36.51138362841701,36.76273727416992,3833400.0
2013-05-02,HCA,36.772053040408835,38.11260255634449,35.89697255030113,37.67506408691406,4845000.0
2013-05-03,HCA,37.861260930422645,38.6618684783646,37.56336094299047,38.16847229003906,4749300.0
2013-05-06,HCA,38.23364021313025,38.91322482625434,37.9729785947397,38.54085159301758,2701400.0
2013-05-07,HCA,38.550136705350226,38.68977880508339,38.242929057681806,38.336021423339844,2232200.0
2013-05-08,HCA,37.842632559918826,38.17776726961916,37.21890222954574,37.647132873535156,3209800.0
2013-05-09,HCA,37.702992769002115,37.8984889162458,37.0606467632384,37.55404281616211,3413300.0
2013-05-10,HCA,37.49817624749437,38.25223720024669,37.386464697502,37.91709899902344,1769000.0
2013-05-13,HCA,37.66574085134357,38.11259054921159,37.65643303630799,37.87985610961914,1433700.0
2013-05-14,HCA,37.97295796420415,38.22431162448497,37.796077489610454,37.9915771484375,1292900.0
2013-05-15,HCA,37.51681372532375,37.81471370473219,36.9768713443639,37.42372131347656,2765100.0
2013-05-16,HCA,37.36784474617118,37.4330101115983,36.71618754065392,36.76273727416992,1937000.0
2013-05-17,HCA,36.81860393614743,36.87446150483119,36.036615730811235,36.39037322998047,4598400.0
2013-05-20,HCA,36.287970719161216,36.36244747998432,34.789159644446734,35.56184005737305,6896000.0
2013-05-21,HCA,35.60838528908487,35.785262264359396,34.96603922506414,35.05913162231445,4303500.0
2013-05-22,HCA,34.85430297050446,35.841098119248926,34.37021498534181,34.714664459228516,5321800.0
2013-05-23,HCA,34.48195103819287,35.412889218157595,34.137501354707844,35.28255844116211,3283800.0
2013-05-24,HCA,35.105660350734446,35.2266832479311,34.79845275169131,34.93809127807617,1453300.0
2013-05-28,HCA,35.338411307652684,36.00868791178534,35.11498814043994,35.664241790771484,1945900.0
2013-05-29,HCA,35.46873363868694,35.49666419137635,34.9008644856157,35.403568267822266,1977100.0
2013-05-30,HCA,35.50597703298284,36.49277265483112,35.47805002758752,36.139015197753906,2787200.0
2013-05-31,HCA,36.10178073148403,36.930315126214225,35.86904619133522,36.36244583129883,2975900.0
2013-06-03,HCA,36.42760690658621,36.688268424299835,35.766638191853076,36.56724548339844,2369800.0
2013-06-04,HCA,36.49276824179899,37.00478340252808,36.073845455294666,36.325199127197266,2791600.0
2013-06-05,HCA,36.07385390420396,36.21349604949333,35.254627324417314,35.47805404663086,4227700.0
2013-06-06,HCA,35.617682069917514,36.12038938226709,35.263928229001486,35.748016357421875,4427000.0
2013-06-07,HCA,35.95282030191221,37.05132729573713,35.822489565567935,36.86513900756836,3024500.0
2013-06-10,HCA,36.86515686715306,37.68438360122809,36.79068364655421,37.460960388183594,3366200.0
2013-06-11,HCA,37.03270646047542,37.54472511791975,36.809283365632496,36.98616027832031,2670400.0
2013-06-12,HCA,37.460941114890225,37.50748729772294,36.42759952027187,36.79997253417969,3204400.0
2013-06-13,HCA,36.697577198279795,37.647134460576964,36.50208105490162,37.50749588012695,2917800.0
2013-06-14,HCA,37.47025898638431,37.53542437008695,37.060647495789546,37.144432067871094,1637300.0
2013-06-17,HCA,37.48885579246966,37.48885579246966,36.01797274993352,36.548606872558594,4547900.0
2013-06-18,HCA,36.50208848666848,36.5672538810621,36.06454991734664,36.14833450317383,3634400.0
2013-06-19,HCA,36.148329294064354,36.39967946407776,35.28255654902708,36.0738525390625,6374200.0
2013-06-20,HCA,35.62699708302507,35.83180457595683,34.5657283491906,35.07774353027344,5774100.0
2013-06-21,HCA,35.208085698609125,35.3011781067264,33.86753584498267,34.85432815551758,4372100.0
2013-06-24,HCA,34.56573004556297,35.22669519451238,33.49514989064746,34.072330474853516,4815200.0
2013-06-25,HCA,34.22128842809974,34.649522721054936,33.92338847289031,34.09095764160156,2091300.0
2013-06-26,HCA,34.211967614975464,34.668128745723486,33.634787114867684,33.99785232543945,2703200.0
2013-06-27,HCA,34.02578864591686,34.40747314507158,33.5882501306036,33.87683868408203,7830200.0
2013-06-28,HCA,33.72788744397039,33.951314153878435,32.95521065600116,33.56962966918945,16042800.0
2013-07-01,HCA,33.8954551230845,34.62158568420828,33.755812991523655,34.388851165771484,4618100.0
2013-07-02,HCA,34.416785150223404,34.62158913199525,33.960623886111875,34.36092758178711,3029100.0
2013-07-03,HCA,33.30897086991534,33.699966798248134,32.769028508524414,33.03900146484375,6750800.0
2013-07-05,HCA,33.17862681736925,33.5696225894365,33.001749891461635,33.3834342956543,3541000.0
2013-07-08,HCA,33.58825116465423,34.00717050372913,33.327586059983005,33.93269729614258,2695400.0
2013-07-09,HCA,34.20266910479212,34.575042233077475,33.541700321059466,34.32368850708008,3585700.0
2013-07-10,HCA,34.416775702941436,34.80776792092768,34.13749148866977,34.6960563659668,2506200.0
2013-07-11,HCA,34.92880581646834,35.059136611665394,34.43540964858009,34.66814422607422,2707300.0
2013-07-12,HCA,34.751911824568424,35.04050028676131,34.575031359357475,35.021881103515625,2324900.0
2013-07-15,HCA,35.28256270733871,35.28256270733871,34.41678981118716,34.64021301269531,2701200.0
2013-07-16,HCA,35.841123554960106,36.539327260576215,35.533912219890134,36.17626190185547,10196400.0
2013-07-17,HCA,36.37174451910642,36.37174451910642,35.72008726004106,35.83180236816406,4031400.0
2013-07-18,HCA,35.79457068934163,36.53001264134138,35.79457068934163,36.455535888671875,4280400.0
2013-07-19,HCA,36.017981679937535,36.49276193973307,35.63629732953613,35.962127685546875,4880000.0
2013-07-22,HCA,35.86904117230789,36.62310225532595,35.6456180337263,36.511390686035156,2298600.0
2013-07-23,HCA,36.50208485839048,36.56725024630673,35.94352337589491,36.399681091308594,2244800.0
2013-07-24,HCA,36.399683355187236,36.52070631937898,35.99007181263118,36.08316421508789,1463800.0
2013-07-25,HCA,35.87835529960706,36.02730525386151,35.785259358668625,36.00868606567383,1292300.0
2013-07-26,HCA,36.036607263790515,37.144425699289016,36.0086802616339,36.99547576904297,2830800.0
2013-07-29,HCA,36.95823761868181,37.35854122445976,36.3158881552841,36.353126525878906,1955300.0
2013-07-30,HCA,36.53932319522321,36.57656157434572,35.450127240244555,36.39037322998047,3886800.0
2013-07-31,HCA,36.408990982158755,36.50208337504255,36.157637259875905,36.30658721923828,3357300.0
2013-08-01,HCA,36.306584803605574,37.20028450031814,35.748023380971944,36.38106155395508,4306200.0
2013-08-02,HCA,36.30658791557872,36.56724946165043,36.1855649615109,36.34382629394531,2318400.0
2013-08-05,HCA,36.34382691831,36.99548434593158,36.28796934980051,36.82791519165039,1848400.0
2013-08-06,HCA,36.790672525417335,36.790672525417335,35.45012299862974,35.682857513427734,3576700.0
2013-08-07,HCA,35.54321486702736,35.76663800928521,35.18945741533115,35.43150329589844,2097600.0
2013-08-08,HCA,35.561841301243454,36.129714193016525,35.55252993019117,35.869049072265625,2134700.0
2013-08-09,HCA,35.91559494969945,36.49277559899883,35.86904520195587,36.315895080566406,2298400.0
2013-08-12,HCA,36.32519125399191,36.41828360803962,35.89696074337935,36.09245681762695,1303000.0
2013-08-13,HCA,36.194862132163486,36.39035821502243,35.710774057051445,35.962127685546875,2109800.0
2013-08-14,HCA,36.1390236701909,36.77206198337154,36.03661989140467,36.418304443359375,2620900.0
2013-08-15,HCA,35.96214320062278,36.1483315484921,35.357031957859334,35.7573356628418,2304500.0
2013-08-16,HCA,35.766643169646116,35.794573729893244,35.189462492417235,35.28255844116211,1926500.0
2013-08-19,HCA,35.338410860114806,35.72940672465622,35.14291470346769,35.42219543457031,2391000.0
2013-08-20,HCA,35.468738798036526,36.10177696530173,35.375646412187415,35.915592193603516,1957800.0
2013-08-21,HCA,35.85042173127417,36.083156237206545,35.46873728359495,35.6176872253418,2558900.0
2013-08-22,HCA,35.77595247415215,36.29727910327583,35.58976413866176,35.84111785888672,1307600.0
2013-08-23,HCA,35.84111391358544,35.85042173127417,35.41288327496908,35.6176872253418,2651900.0
2013-08-26,HCA,35.682866306776276,36.902393192048486,35.57115115524547,36.66035079956055,2657900.0
2013-08-27,HCA,36.20418315990707,36.41829850278453,35.73871409680464,35.84111785888672,2855500.0
2013-08-28,HCA,35.84111894556505,36.30658802278018,35.75733436961644,35.90628433227539,2032200.0
2013-08-29,HCA,35.81319099905029,36.408990834076555,35.81319099905029,36.0738525390625,1317500.0
2013-08-30,HCA,36.03662053543731,36.18557052053898,35.366347378103654,35.55253219604492,2079000.0
2013-09-03,HCA,35.664239962319215,36.1855630265863,35.654928592601856,36.00868606567383,2128900.0
2013-09-04,HCA,36.073848594847135,36.073848594847135,35.74802170545689,35.85042190551758,1320000.0
2013-09-05,HCA,35.785266981345785,36.23211693929339,35.785266981345785,36.018001556396484,5440800.0
2013-09-06,HCA,36.101780323342275,37.135122238120296,35.83181095876966,36.79067611694336,2394300.0
2013-09-09,HCA,36.781357656118246,36.818596027241675,35.77594649451132,36.157630920410156,4034300.0
2013-09-10,HCA,36.33450444383228,36.80928475294824,36.325196627548884,36.62309646606445,2707800.0
2013-09-11,HCA,36.63241006771653,37.07926344730778,36.63241006771653,36.9582405090332,1760400.0
2013-09-12,HCA,36.93030684526677,37.15373351625907,36.260033934782804,36.99547576904297,3206300.0
2013-09-13,HCA,37.107192223925786,37.777468774076006,37.00478846751429,37.50749588012695,2843500.0
2013-09-16,HCA,37.91710861330955,38.69909676402984,37.889181606541804,38.26155471801758,2959700.0
2013-09-17,HCA,38.20570800489814,38.46636958786358,37.814712079202266,38.457061767578125,1912200.0
2013-09-18,HCA,38.633934690241226,39.797607421875,38.50360391249782,39.797607421875,6365800.0
2013-09-19,HCA,39.797604745829354,40.132743038204296,39.36937406168231,39.41592025756836,3376000.0
2013-09-20,HCA,39.415925031963404,39.56487500758913,38.91321753250874,39.248355865478516,3706700.0
2013-09-23,HCA,39.266961088969076,39.266961088969076,38.63392302992126,39.108699798583984,2068900.0
2013-09-24,HCA,38.97836399054101,39.145933075626594,38.44772973818529,38.587371826171875,3862300.0
2013-09-25,HCA,38.89459244176713,39.2204229055062,38.68978847587798,39.12732696533203,2566700.0
2013-09-26,HCA,39.29489389689635,39.620724342314375,39.15525532135731,39.443843841552734,1819000.0
2013-09-27,HCA,39.164554595947266,39.63002351536784,39.01560468378252,39.164554595947266,2767500.0
2013-09-30,HCA,39.062165403183094,40.03034196820175,38.885288426423806,39.797607421875,3834200.0
2013-10-01,HCA,39.85345632087145,41.52914397960978,39.657956645542164,41.519832611083984,7655000.0
2013-10-02,HCA,41.45466399014203,42.32043653042145,41.212621696124025,42.20872497558594,7025000.0
2013-10-03,HCA,42.162195713252736,43.819264721532136,42.162195713252736,42.767303466796875,8183500.0
2013-10-04,HCA,42.823159731226845,43.381721263743806,42.5997329874715,42.91625213623047,3778900.0
2013-10-07,HCA,41.69671294679482,43.29792385640647,41.69671294679482,43.065189361572266,3173400.0
2013-10-08,HCA,43.32585506091941,43.47480499779905,42.553174821874215,42.646270751953125,4683100.0
2013-10-09,HCA,42.74866631433352,43.46548891762979,42.636954761594666,42.83245086669922,4015000.0
2013-10-10,HCA,43.10241805842845,43.521340765349414,42.394906915486416,42.497310638427734,4319900.0
2013-10-11,HCA,42.52524835370812,43.58651711123881,42.51593698495973,43.34447479248047,3005800.0
2013-10-14,HCA,43.00933291017925,43.24206739178061,42.171487355915836,43.13035583496094,2444500.0
2013-10-15,HCA,43.186206695349654,43.23275287803377,42.37629175265852,42.73004913330078,1690800.0
2013-10-16,HCA,42.87900796993279,43.111742483021615,42.4228467617301,43.027957916259766,1648600.0
2013-10-17,HCA,42.851069410298535,44.19162222811551,42.851069410298535,44.10783767700195,2053600.0
2013-10-18,HCA,45.79283255195847,46.10004375369088,44.31264119644354,45.18772506713867,7156100.0
2013-10-21,HCA,45.18773557055582,45.38323171641959,44.15439372635168,44.24748611450195,2017500.0
2013-10-22,HCA,44.37781615870351,44.71295443260448,43.726162349725975,43.75408935546875,3499200.0
2013-10-23,HCA,43.58652040616714,43.70754335031839,43.04657816908306,43.539974212646484,2062200.0
2013-10-24,HCA,43.47481246368174,43.67030862354987,42.218043826142534,42.636966705322266,5327400.0
2013-10-25,HCA,42.52525002320111,43.93096490342929,42.52525002320111,43.67961120605469,3399400.0
2013-10-28,HCA,43.512043575167205,44.21024707344414,43.418947644648966,43.772705078125,1658900.0
2013-10-29,HCA,43.67029503687066,44.33126006768891,43.28861065486684,44.07059860229492,2353900.0
2013-10-30,HCA,43.707537753764804,43.754083941325426,43.19552258810497,43.44687271118164,9637400.0
2013-10-31,HCA,43.46549566072996,44.17301055741222,43.44687647384392,43.88441848754883,5919700.0
2013-11-01,HCA,44.08921738611947,44.38711721565438,43.446867993297374,44.04267120361328,3511000.0
2013-11-04,HCA,44.04268187587171,44.44298553466797,43.921658931032916,44.44298553466797,2842100.0
2013-11-05,HCA,43.90303434815097,44.442980073197056,42.69281570222425,43.242069244384766,4675800.0
2013-11-06,HCA,43.59583512459776,43.847185299167094,41.93876280824212,42.1714973449707,5169300.0
2013-11-07,HCA,42.339061180777755,42.35768036752848,40.840250384188806,41.18470001220703,6181700.0
2013-11-08,HCA,41.38019881415979,42.03185618746289,41.11953373409035,42.01323699951172,4251400.0
2013-11-11,HCA,42.031854377417304,42.53455822546275,41.79911986492052,42.35768127441406,2282800.0
2013-11-12,HCA,42.02254196454299,42.40422641350828,41.54776513338977,42.301822662353516,3670800.0
2013-11-13,HCA,42.15287210973279,42.68350649326325,41.98530298322352,42.478702545166016,3606900.0
2013-11-14,HCA,42.432167252980946,42.81385179445093,42.20874050983499,42.68351745605469,2216200.0
2013-11-15,HCA,42.68350894317131,42.813843255573424,41.194009456759005,41.95737838745117,6522900.0
2013-11-18,HCA,41.51982430354297,41.91082002472215,41.082285954033665,41.249855041503906,3462000.0
2013-11-19,HCA,41.296419405589965,41.426750186291066,40.21653122817699,40.756473541259766,4480700.0
2013-11-20,HCA,40.9612840167208,41.7060339249571,40.86819160990915,41.1474723815918,2994700.0
2013-11-21,HCA,41.06368381732601,41.48260670989484,40.924041669387286,41.37089157104492,2013300.0
2013-11-22,HCA,41.35226601966096,41.80842722167122,40.93334674278544,41.668785095214844,2087000.0
2013-11-25,HCA,41.77118610593561,41.92013604046355,41.21262473926752,41.2870979309082,1401600.0
2013-11-26,HCA,41.333643049817084,42.73935767781542,41.11021639738056,42.339054107666016,4109000.0
2013-11-27,HCA,42.56248603607738,43.46549347146346,42.2273477915025,43.30723571777344,3305500.0
2013-11-29,HCA,43.59583754572721,43.93097231418069,43.13036844641983,43.214149475097656,1462800.0
2013-12-02,HCA,43.08380847885885,43.80994251643557,43.04657365869192,43.49342346191406,1867100.0
2013-12-03,HCA,43.32585973266054,43.8471827923292,43.27000216859018,43.8099479675293,2149100.0
2013-12-04,HCA,43.782016361211525,43.940277679996726,43.40033189399029,43.75408935546875,2010900.0
2013-12-05,HCA,43.66099774210505,43.66099774210505,43.22345570440208,43.35378646850586,1218500.0
2013-12-06,HCA,43.61444734244195,44.1823201357299,43.44687820503741,43.977516174316406,2522200.0
2013-12-09,HCA,44.05198890190734,44.20093885008911,43.68892362516723,43.735469818115234,1312700.0
2013-12-10,HCA,43.66099030134136,44.41504775121921,43.55858656092674,44.033363342285156,2416800.0
2013-12-11,HCA,43.95890020479826,44.11715798435099,42.96279667688645,43.50273895263672,3141800.0
2013-12-12,HCA,43.5865208305627,43.62375920624058,42.06909075853521,43.12105178833008,2921800.0
2013-12-13,HCA,43.40964069649153,43.81925214523428,43.11174081536104,43.595829010009766,1649800.0
2013-12-16,HCA,43.69823466259673,43.99613458090715,43.539976884664945,43.921661376953125,2639000.0
2013-12-17,HCA,43.80063920646049,43.80063920646049,41.95738209732672,42.39492416381836,4833200.0
2013-12-18,HCA,43.00003243921405,43.437574511904614,42.832463285896274,43.33517074584961,3471500.0
2013-12-19,HCA,43.279310206731125,43.288618024402865,42.469391570667234,42.506629943847656,2181400.0
2013-12-20,HCA,42.33905762265837,43.70753754823375,41.975992389647715,43.65167999267578,5315000.0
2013-12-23,HCA,43.67030483818479,43.81925478773239,42.43215904842918,42.860389709472656,2398700.0
2013-12-24,HCA,42.78591674433475,43.74478545867227,42.78591674433475,43.316551208496094,609800.0
2013-12-26,HCA,43.4748063361997,43.567898717897904,43.28861802155656,43.40032958984375,803500.0
2013-12-27,HCA,43.660996244594166,43.660996244594166,43.12105046754417,43.26069259643555,761000.0
2013-12-30,HCA,43.22345781942048,44.0240651823729,42.92555790082152,43.93096923828125,1048300.0
2013-12-31,HCA,43.98682744071468,44.66641186179722,43.921662054531915,44.41505813598633,1499800.0
2014-01-02,HCA,44.11714411215863,45.05739332869271,43.996121197395155,44.47090148925781,2221100.0
2014-01-03,HCA,44.526774857921936,45.55080543551323,44.526774857921936,45.40185546875,2434500.0
2014-01-06,HCA,45.40185537521054,46.23969760480979,44.899147906702595,45.178428649902344,4756700.0
2014-01-07,HCA,45.17841922534613,46.518972195051276,45.15980003951727,46.407257080078125,5691100.0
2014-01-08,HCA,46.42587983737413,47.42198327274388,46.2676220725242,47.05891799926758,4096900.0
2014-01-09,HCA,47.05891611436377,47.49645811935952,46.779635419125796,47.38474655151367,2848300.0
2014-01-10,HCA,47.19856473539433,48.13881070076265,47.08685315216924,47.7757453918457,2913500.0
2014-01-13,HCA,47.673339690732156,48.185354940230205,47.273036019920745,47.44060516357422,2868300.0
2014-01-14,HCA,47.87814677604375,48.17604668399964,47.4126777259568,47.859527587890625,3543800.0
2014-01-15,HCA,47.82229144451292,48.027098972513144,47.19856459287179,47.54301071166992,3239600.0
2014-01-16,HCA,47.570924971486136,47.99915910175056,47.4033558664362,47.682640075683594,3380100.0
2014-01-17,HCA,47.75712382867197,48.17604668399964,47.32889315489126,47.859527587890625,2142600.0
2014-01-21,HCA,48.14811625785893,48.14811625785893,46.12797887730558,46.54690170288086,3351100.0
2014-01-22,HCA,46.518971798298644,46.705156552506125,46.379329681396484,46.379329681396484,2477700.0
2014-01-23,HCA,46.25830635515951,46.54689840371127,45.8486949276556,46.351402282714844,1830300.0
2014-01-24,HCA,46.18382994562349,46.18382994562349,44.228858218169606,45.057395935058594,4336800.0
2014-01-27,HCA,45.1877338188208,46.565521707266406,44.90845311394952,45.70905685424805,2782900.0
2014-01-28,HCA,45.66250986740843,46.58414008381799,45.606655858154184,46.10005187988281,1528500.0
2014-01-29,HCA,45.95110979784041,46.52829048344206,45.45771369170089,45.8952522277832,1816400.0
2014-01-30,HCA,46.06281692616689,46.705162939009355,45.97903235481813,46.07212829589844,1815000.0
2014-01-31,HCA,45.47631834370803,47.245101904472605,45.43908352391295,46.79825210571289,2629200.0
2014-02-03,HCA,46.96582669770576,46.96582669770576,45.09463917412566,45.113258361816406,3475800.0
2014-02-04,HCA,46.08143588442914,47.07753936591199,42.841771727188615,45.16911697387695,5615600.0
2014-02-05,HCA,44.71295850876486,44.91776603954116,43.391028031474455,44.6571044921875,3741200.0
2014-02-06,HCA,44.74088382922506,45.1039490994526,44.340580184808346,45.02947235107422,1878300.0
2014-02-07,HCA,44.68502583385822,45.411156367259444,44.56400289454242,44.99223709106445,1560800.0
2014-02-10,HCA,44.88052070568637,45.61596258745682,44.433670886081295,45.588035583496094,2442000.0
2014-02-11,HCA,45.513562340413706,45.71836985521108,44.97362009855741,45.57872772216797,2278500.0
2014-02-12,HCA,45.159806644546656,46.11867532311986,45.15049882589417,45.68113327026367,1937500.0
2014-02-13,HCA,45.392536978100836,47.15201284551702,45.308752412985775,46.54690170288086,4917000.0
2014-02-14,HCA,46.537593756371386,47.0589167812038,46.27692869270842,46.3234748840332,2244500.0
2014-02-18,HCA,46.546906807879864,46.99375668708585,46.20246069185075,46.39795684814453,2460100.0
2014-02-19,HCA,46.221075520991064,46.537594599479355,45.90455644250277,46.137290954589844,2116900.0
2014-02-20,HCA,46.174524892141065,46.93789379304868,45.89524419324139,46.761016845703125,1279100.0
2014-02-21,HCA,46.7982554419885,47.124082333714654,46.25830967713171,46.556209564208984,1451000.0
2014-02-24,HCA,46.77964963477889,47.42199578415053,46.546915059481485,46.891361236572266,1301600.0
2014-02-25,HCA,46.75170992444984,47.06822900293813,45.92317562961936,46.137290954589844,2236500.0
2014-02-26,HCA,46.19315174792917,47.29165909039028,45.997655581367624,46.99375915527344,1327400.0
2014-02-27,HCA,46.844799212170685,48.08294843922612,46.76101465130794,47.9619255065918,2504200.0
2014-02-28,HCA,48.045712620549054,48.622893208692815,47.31027071958956,47.66402816772461,3005400.0
2014-03-03,HCA,47.20786700197889,48.49256248733378,47.20786700197889,48.12018585205078,2670400.0
2014-03-04,HCA,48.40877177136053,48.86493291406212,47.50576085384209,47.53369140625,3520900.0
2014-03-05,HCA,47.65472922218262,47.74782518082855,46.6493177275405,46.81688690185547,3713600.0
2014-03-06,HCA,47.133395185507595,47.21717975333674,46.1559109283322,46.193145751953125,4358400.0
2014-03-07,HCA,46.537595701519685,47.03099174242922,46.034888291207935,46.202457427978516,2575500.0
2014-03-10,HCA,46.2303792082352,46.50965988753656,45.97902553149003,46.12797546386719,1775000.0
2014-03-11,HCA,46.17452066356871,46.96582004777336,45.81145543312325,45.839385986328125,1365200.0
2014-03-12,HCA,45.42977036294966,45.86731232730759,45.29943962069318,45.81145477294922,1436300.0
2014-03-13,HCA,45.923173513318034,46.01626589336411,43.91234401235488,44.68502426147461,4641900.0
2014-03-14,HCA,44.53607647506037,44.945687938804745,43.94958450893457,44.35919952392578,3179300.0
2014-03-17,HCA,44.51745944049759,45.09464006532974,44.442986239509736,44.93638229370117,1480200.0
2014-03-18,HCA,45.19703622769018,46.37932783635639,45.16910922591934,45.830074310302734,1607900.0
2014-03-19,HCA,45.91386282043145,46.89134703029073,45.82077043901502,46.5003547668457,1572300.0
2014-03-20,HCA,46.50035791269568,46.76101943929335,45.91386592660396,46.01626968383789,1564900.0
2014-03-21,HCA,46.28624614434957,46.928592192036646,46.09074643309939,46.67723846435547,3276600.0
2014-03-24,HCA,46.54689372311475,46.779628191730325,45.28081764564664,45.42045974731445,1827300.0
2014-03-25,HCA,45.476325946134565,45.885940993575886,44.964310688080026,45.467018127441406,2063600.0
2014-03-26,HCA,45.73698078365039,47.32888376688364,45.643884861351,46.87272262573242,3605700.0
2014-03-27,HCA,46.95652277186854,47.16133031768626,46.565530422122904,46.882049560546875,2163400.0
2014-03-28,HCA,47.09616190461012,48.1760500338504,47.09616190461012,47.608177185058594,3270000.0
2014-03-31,HCA,48.176048714774,49.04182146853058,48.176048714774,48.87425231933594,3919100.0
2014-04-01,HCA,48.91148118264752,49.181454042860665,47.98054322432342,48.31568145751953,2814300.0
2014-04-02,HCA,48.41809467939756,48.77185219310735,48.07364853647478,48.6322135925293,2364000.0
2014-04-03,HCA,48.4739502736962,48.4739502736962,47.44060833581825,47.617488861083984,3101100.0
2014-04-04,HCA,47.99916112955309,48.72529158128189,46.667919600552686,46.70515441894531,2340100.0
2014-04-07,HCA,46.66792380399419,46.714469994612244,45.17842084548969,45.39253616333008,3103800.0
2014-04-08,HCA,45.38322881841239,46.96582417463715,44.712952302541495,46.528282165527344,3921100.0
2014-04-09,HCA,46.54689845193196,47.31026730244392,46.19314102934825,47.24510192871094,3443700.0
2014-04-10,HCA,47.170623301118745,47.24510004026324,45.40184336139367,45.81145477294922,1736600.0
2014-04-11,HCA,45.68113875873005,46.463127015635806,44.81536591889697,44.880531311035156,2511600.0
2014-04-14,HCA,45.16910899196182,45.60665095741945,44.70364002487802,45.150489807128906,2228200.0
2014-04-15,HCA,45.364616699649005,45.82077796652044,44.489536096336266,45.37392807006836,3670600.0
2014-04-16,HCA,45.764913678149945,45.802152051865114,44.97361776855976,45.215660095214844,2247000.0
2014-04-17,HCA,45.29014371237005,45.82077818893556,44.778124874239026,45.62527847290039,1576400.0
2014-04-21,HCA,45.42977432133028,46.090739458220035,45.373920313351626,46.044193267822266,1008000.0
2014-04-22,HCA,45.98834237139122,46.87273070252622,45.727677295283186,46.0069580078125,2193200.0
2014-04-23,HCA,46.26761987298689,47.105461952429295,46.06281237409696,46.91927719116211,2836200.0
2014-04-24,HCA,47.25442145107564,47.691963541304666,46.97514070143372,47.040306091308594,2579500.0
2014-04-25,HCA,47.70127503901662,50.01930917358904,47.226494567238475,49.74933624267578,7662400.0
2014-04-28,HCA,49.79586506179078,50.093764877144416,48.87423506655889,48.97663879394531,5976800.0
2014-04-29,HCA,47.47784685133858,48.380858016086705,46.46312410011302,47.850223541259766,5525200.0
2014-04-30,HCA,48.055017900139944,48.78115194493148,47.85021395782398,48.408775329589844,4750100.0
2014-05-01,HCA,48.40877421113301,49.190762244285786,47.924686042872096,48.781150817871094,3084800.0
2014-05-02,HCA,48.743919410737455,48.902177182900374,48.14811959583491,48.29706954956055,2899000.0
2014-05-05,HCA,48.36223080492525,48.93941138244718,48.05501955400838,48.73460388183594,2452900.0
2014-05-06,HCA,48.64152829945991,49.19078206249894,48.32500912158575,48.37155532836914,2346600.0
2014-05-07,HCA,48.41809118507091,48.47394875201935,47.18925312218245,47.980552673339844,2652900.0
2014-05-08,HCA,47.8781469710598,48.70668131538982,47.487151120745715,47.64541244506836,1678000.0
2014-05-09,HCA,47.60817534659652,48.25052492837413,47.28234842196086,47.95262145996094,1524500.0
2014-05-12,HCA,48.12949556336197,48.771841508291274,48.12949556336197,48.68805694580078,1094800.0
2014-05-13,HCA,48.47393888473925,49.08835779111332,48.4367005143538,48.74391174316406,1819000.0
2014-05-14,HCA,48.743909236758554,49.21868600539745,48.52979394492169,49.04180908203125,1664200.0
2014-05-15,HCA,48.892876551284076,49.00458814518717,48.22259988537046,48.50188064575195,1538900.0
2014-05-16,HCA,48.3808477684492,48.3808477684492,47.580240540569875,47.7105712890625,2273100.0
2014-05-19,HCA,47.62679453532529,48.17604817345905,47.47784457674226,47.95262145996094,1794400.0
2014-05-20,HCA,47.88745199667371,48.39015939579578,47.88745199667371,48.14811706542969,6609300.0
2014-05-21,HCA,48.33430669560987,49.041821673217356,48.33430669560987,48.66013717651367,4455200.0
2014-05-22,HCA,48.827699726927875,49.77725693090421,48.48325365481039,48.71598815917969,5786000.0
2014-05-23,HCA,49.060443961807856,49.95414378354066,48.75323265051053,49.74933624267578,2945700.0
2014-05-27,HCA,50.084469471592875,50.27065780333612,49.36764670269196,49.45143127441406,1931000.0
2014-05-28,HCA,49.693477324391615,50.24273095154313,49.50728899207385,49.684165954589844,2217600.0
2014-05-29,HCA,49.68417392999262,49.954146877627615,49.60970071585916,49.70279312133789,1737000.0
2014-05-30,HCA,49.61900237023189,49.82380989833279,49.2186986841695,49.330413818359375,2607800.0
2014-06-02,HCA,49.432814031162636,49.60038318120024,48.75322961211996,49.330413818359375,4012900.0
2014-06-03,HCA,49.376957185844645,51.03402585098616,49.367645816238806,50.73612594604492,3663200.0
2014-06-04,HCA,50.54993812017153,51.15504930567538,50.382368978070375,50.98748016357422,2147500.0
2014-06-05,HCA,50.93161949702968,52.49559569388527,50.903692492129444,52.37457275390625,3971400.0
2014-06-06,HCA,52.421131130153476,52.79350427805327,51.68568910252385,51.7508544921875,1948700.0
2014-06-09,HCA,51.7415434098537,52.09529734536302,51.322620537543,51.555355072021484,1143800.0
2014-06-10,HCA,51.52741859804738,51.52741859804738,50.66164594507234,51.443634033203125,1945800.0
2014-06-11,HCA,51.24813772644314,51.694987553692485,50.27065350738228,51.210899353027344,3383100.0
2014-06-12,HCA,51.201591495604106,51.201591495604106,50.54062634859644,50.75474166870117,1557500.0
2014-06-13,HCA,50.726810532179826,51.518106370337634,50.39167230149063,51.18296813964844,1846700.0
2014-06-16,HCA,51.20159962467577,52.71902984426541,51.192291805474646,52.12322998046875,3236500.0
2014-06-17,HCA,52.15114626958868,52.579376889763296,51.65775027465908,51.72291564941406,2137400.0
2014-06-18,HCA,51.68567366620269,52.03011970173159,50.98747022726105,51.95564651489258,2082800.0
2014-06-19,HCA,51.88116928195419,52.63523026726746,51.63912698797813,52.58868408203125,1604300.0
2014-06-20,HCA,52.63524037105281,53.7802937936486,52.63524037105281,53.631343841552734,4023700.0
2014-06-23,HCA,53.70581561883897,54.50642292185677,53.528938665176824,54.00371551513672,2653400.0
2014-06-24,HCA,53.97579208427869,53.97579208427869,52.58869626613785,52.6352424621582,2199100.0
2014-06-25,HCA,52.57938203171793,53.47308173111046,51.95565522628155,52.923828125,3186600.0
2014-06-26,HCA,52.69109535904417,52.80281048861952,50.81060351073739,51.90910720825195,5599100.0
2014-06-27,HCA,51.81600203459176,52.38387470713451,50.92230252595703,51.60188674926758,5525700.0
2014-06-30,HCA,51.77877881135563,52.90521666968687,51.68568641702944,52.48629379272461,3023600.0
2014-07-01,HCA,52.812108300271355,53.26826944815285,51.918408740489326,52.21630859375,3611700.0
2014-07-02,HCA,52.030131355580856,53.426538546235186,51.88118139729428,53.31482696533203,1666000.0
2014-07-03,HCA,53.33345127365945,53.761682000934606,52.77488621303113,53.1658821105957,1044500.0
2014-07-07,HCA,52.99830216417207,53.091394546378574,51.54603756352206,51.648441314697266,1903800.0
2014-07-08,HCA,51.42501818467895,51.555348940286464,49.90758820600559,50.75474166870117,4583200.0
2014-07-09,HCA,50.968860043514624,51.76946736308258,50.51269882030254,51.15504837036133,1909400.0
2014-07-10,HCA,50.605802671981145,52.23494457193732,50.605802671981145,51.8532600402832,2656300.0
2014-07-11,HCA,51.68567933623997,52.28147910129802,51.248137330105024,52.0766716003418,2469100.0
2014-07-14,HCA,52.132538096366176,52.43043802995991,51.56466523818833,51.927730560302734,1977600.0
2014-07-15,HCA,51.546052340937024,52.495609826902395,51.313317767452794,51.39710235595703,1917000.0
2014-07-16,HCA,54.47850138464002,57.19683909902275,54.16198226914709,56.77791976928711,14306600.0
2014-07-17,HCA,56.992028971793395,58.63978975842404,56.20072949279168,56.424156188964844,7161600.0
2014-07-18,HCA,56.28451259203464,58.23017322198821,56.144874017909224,58.127769470214844,3319200.0
2014-07-21,HCA,57.76470532285402,57.76470532285402,56.694128695534936,57.29923629760742,3316900.0
2014-07-22,HCA,57.22477046764139,59.207666213582876,55.288417368720516,57.504051208496094,7262300.0
2014-07-23,HCA,57.71815946541367,58.35119762752118,56.85238678933272,57.764705657958984,2486300.0
2014-07-24,HCA,57.615754628348604,58.09984283446598,57.15028560914883,57.252689361572266,3002200.0
2014-07-25,HCA,58.46291144534076,59.58003786556959,58.24879611041101,58.556007385253906,4286400.0
2014-07-28,HCA,58.6025540461886,59.4869459505467,58.27672358076876,59.25421142578125,4053800.0
2014-07-29,HCA,59.375226627468514,60.76232230838717,58.38843458496856,60.57613754272461,4907000.0
2014-07-30,HCA,60.11997996439418,62.10287542071058,60.11997996439418,61.683956146240234,5152700.0
2014-07-31,HCA,61.00436422259737,61.0416025938094,60.054810615416336,60.799556732177734,4663300.0
2014-08-01,HCA,60.59475212630827,61.90737813966953,60.29685224492388,60.96712875366211,3627200.0
2014-08-04,HCA,61.376745643358106,61.702572538887594,60.52958861248779,61.283653259277344,3952900.0
2014-08-05,HCA,61.77705335606925,62.735918469994274,61.535007459522106,62.186668395996094,5630600.0
2014-08-06,HCA,61.96323768059919,63.387571837600056,61.19986872248463,62.400779724121094,5097700.0
2014-08-07,HCA,62.77315958033865,63.30379404040106,62.307690506512174,62.57766342163086,2495500.0
2014-08-08,HCA,62.56833125436064,63.04311154054981,61.302255226184236,62.49385452270508,3346200.0
2014-08-11,HCA,62.74523502774447,62.74523502774447,61.20918560350733,61.37675476074219,2750200.0
2014-08-12,HCA,61.27433528327013,61.50706976962447,60.56682045605495,60.89265441894531,3368500.0
2014-08-13,HCA,61.26502785463452,61.97254272734494,61.032293353314685,61.80497360229492,2739100.0
2014-08-14,HCA,62.11218995302312,62.689367018133055,62.07495157745249,62.55903625488281,1682600.0
2014-08-15,HCA,62.69867560764591,63.29447538537088,62.61489459319721,63.06174087524414,2330100.0
2014-08-18,HCA,63.471358944392755,64.41160839931129,63.31310117447898,64.11370849609375,2826200.0
2014-08-19,HCA,64.37434408081879,64.41158244152571,63.192049211469964,63.94611358642578,3738800.0
2014-08-20,HCA,63.629603441874046,64.01129138645554,63.09896912799931,63.79717254638672,2782000.0
2014-08-21,HCA,64.02063255675095,64.07649369211839,63.48999793698788,63.72273254394531,1956900.0
2014-08-22,HCA,63.806491990756626,64.69088025833143,63.806491990756626,64.47676849365234,1539200.0
2014-08-25,HCA,64.56987183588949,64.90501014423276,63.7971914526261,64.02061462402344,2152000.0
2014-08-26,HCA,64.22540723576579,64.70949894756856,64.08576512264987,64.48606872558594,2078500.0
2014-08-27,HCA,64.46743774414062,64.77464889936041,64.27194167331655,64.46743774414062,1240100.0
2014-08-28,HCA,64.4209106357223,64.66295651898625,64.17887185495206,64.21611022949219,1153100.0
2014-08-29,HCA,64.21613073202204,65.23085012786234,64.21613073202204,64.99811553955078,1779800.0
2014-09-02,HCA,65.16564812711148,65.43562095022284,64.29056429374997,65.30529022216797,1944400.0
2014-09-03,HCA,65.25877825814827,65.30532801760508,64.36507827604692,64.3743896484375,2258100.0
2014-09-04,HCA,64.374376578931,64.46746897644861,62.763850402147355,63.378273010253906,5281400.0
2014-09-05,HCA,63.471345621645874,65.03532156088018,63.35963051795326,64.45813751220703,4968200.0
2014-09-08,HCA,64.70020326583263,65.58459169249723,64.56056111886068,65.37979125976562,2219400.0
2014-09-09,HCA,65.9848603265829,67.47436629939905,65.76143727165682,65.81729125976562,3690800.0
2014-09-10,HCA,65.74285832224498,66.18039331069072,65.18428971955798,65.9383544921875,2374400.0
2014-09-11,HCA,65.82663273819087,67.42784741971286,65.82663273819087,67.3533706665039,2443100.0
2014-09-12,HCA,67.53955364065507,68.13535338274896,66.10590829171258,66.617919921875,2636400.0
2014-09-15,HCA,66.62722767567561,66.9251275305605,66.00350096427486,66.4131088256836,1597900.0
2014-09-16,HCA,66.28279143710515,67.2137295589886,66.00351426203663,66.74826049804688,3077800.0
2014-09-17,HCA,67.17648750727858,67.43714900318932,66.35725754585275,66.54344940185547,2049400.0
2014-09-18,HCA,66.81342894682705,67.73506284355757,66.44105936299059,67.36268615722656,1807800.0
2014-09-19,HCA,67.77229628278158,68.5449695051702,66.97168895139615,68.40533447265625,3008100.0
2014-09-22,HCA,68.47979388590753,68.83355485537888,67.15786369075921,67.61402130126953,2004700.0
2014-09-23,HCA,67.42786251256463,67.94918569673052,67.02755875258133,67.10203552246094,1962900.0
2014-09-24,HCA,67.38128363042453,68.28429454302812,66.66446456203913,68.07018280029297,1458700.0
2014-09-25,HCA,67.9677919576763,68.12604972841984,66.46898106417814,66.59931182861328,1929400.0
2014-09-26,HCA,66.82272925900301,67.27888689546157,65.45424924713402,66.28278350830078,1987600.0
2014-09-29,HCA,65.92903481802645,67.12063442902536,65.71491593363106,66.81342315673828,1872300.0
2014-09-30,HCA,67.0275490179426,67.2044295450938,65.56597635817892,65.6497573852539,3417100.0
2014-10-01,HCA,65.64977480545296,65.64977480545296,63.54585907235532,63.72273254394531,4445500.0
2014-10-02,HCA,64.00199368378102,64.73743562713756,62.54973253626348,64.57917785644531,3472000.0
2014-10-03,HCA,64.8956925809604,66.68309198655923,64.70019643683183,66.32933807373047,2992600.0
2014-10-06,HCA,66.59930576941198,66.81341753329244,65.24013713360684,66.0128173828125,2351400.0
2014-10-07,HCA,65.64044163163088,66.97168328134391,65.08188024138272,66.08728790283203,3457600.0
2014-10-08,HCA,66.35727803659086,67.3626930619926,65.48219379938986,67.11133575439453,3524900.0
2014-10-09,HCA,67.02752456575976,67.12992829649015,64.36504177175384,64.68156433105469,3260300.0
2014-10-10,HCA,64.50469197559883,66.16176040478625,64.05783863056855,64.29057312011719,3489900.0
2014-10-13,HCA,64.27196399726184,65.78939046594766,62.335611143452425,62.41939926147461,3896500.0
2014-10-14,HCA,62.93142522494928,63.39689435694224,60.47374877622607,62.354248046875,3225500.0
2014-10-15,HCA,61.19055610091398,61.91668658358001,58.183623322509725,60.36201477050781,9486700.0
2014-10-16,HCA,61.96322680705801,64.22540627781711,60.5668199017127,63.51789855957031,11510000.0
2014-10-17,HCA,64.4209102691673,65.99419784769039,63.908898602764786,64.64434051513672,5445300.0
2014-10-20,HCA,64.58850268487228,65.70563300993481,63.015221641715975,65.59391784667969,3966600.0
2014-10-21,HCA,65.75214454605283,66.77618196828847,65.57527116606994,66.66446685791016,4654700.0
2014-10-22,HCA,66.93445217847986,67.21372935269119,65.18428396911439,65.38909149169922,2948800.0
2014-10-23,HCA,66.17110108793958,67.01825131190158,65.44497029525897,66.4317626953125,2218600.0
2014-10-24,HCA,66.79480488196563,67.11132040879473,65.7149133380916,67.09270477294922,2228200.0
2014-10-27,HCA,66.92515190588794,67.21374049784067,66.08730603933687,66.468994140625,2563100.0
2014-10-28,HCA,67.26025721699206,67.81881848618497,64.27194767944272,66.35724639892578,6686300.0
2014-10-29,HCA,65.78008579182027,67.01822799608883,64.77467099674297,65.0911865234375,3858600.0
2014-10-30,HCA,64.8491626356475,64.99810906403,63.72272109024632,64.60711669921875,3984500.0
2014-10-31,HCA,65.70562300085741,66.0035229549951,64.1509578371543,65.21222686767578,3329200.0
2014-11-03,HCA,65.48218792488412,67.53025617465185,65.0167188366407,65.37979125976562,4263600.0
2014-11-04,HCA,65.50080751479994,65.64975392257533,64.10440031724592,64.5512466430664,5719200.0
2014-11-05,HCA,64.91431453483737,65.33323382397585,62.62420063989938,63.164146423339844,7309000.0
2014-11-06,HCA,63.220002735526876,64.34643685870788,63.17345299471634,64.20679473876953,3543300.0
2014-11-07,HCA,64.00198120581334,64.33711942105408,59.8593103542159,61.20916748046875,13825000.0
2014-11-10,HCA,61.581544064346545,62.9407125583818,60.92057900164744,61.20916748046875,7421700.0
2014-11-11,HCA,61.367444778396106,62.29838298353862,60.94852542707991,61.45123291015625,4765200.0
2014-11-12,HCA,60.278233762120074,60.89265623360246,59.35660360614304,60.36201477050781,6893700.0
2014-11-13,HCA,60.51097098038255,61.162624749943156,59.403156020882825,60.296852111816406,4640400.0
2014-11-14,HCA,60.30615318380661,60.40855691618046,58.416350472258195,58.59322738647461,9777400.0
2014-11-17,HCA,58.9469843177099,61.209163574999685,58.937676501767676,61.190547943115234,4898300.0
2014-11-18,HCA,61.26502632125907,63.266544403013164,61.26502632125907,62.58696365356445,5835700.0
2014-11-19,HCA,62.726606946591744,62.95934147279941,62.18666824368547,62.410091400146484,2892600.0
2014-11-20,HCA,62.093559330696884,63.220000516839,61.75842109560374,63.182762145996094,3553400.0
2014-11-21,HCA,63.51792125591304,63.99269465958255,63.00590236666709,63.7413444519043,3268300.0
2014-11-24,HCA,63.76925240834699,65.3704668898898,63.48996816994089,64.63502502441406,4630700.0
2014-11-25,HCA,64.67226979062532,65.18428147500236,64.3371315123996,64.79328918457031,1863900.0
2014-11-26,HCA,64.7653453275657,65.05393378553747,64.45813413537454,64.68156433105469,1842200.0
2014-11-28,HCA,64.28126785018,65.17496742378695,64.04853336426696,64.87706756591797,1031300.0
2014-12-01,HCA,65.08185872926819,65.08185872926819,63.31307565939023,63.94611358642578,3725900.0
2014-12-02,HCA,63.759940764837374,64.50469399571388,63.51790200192172,64.18817138671875,2810800.0
2014-12-03,HCA,64.59779366572874,65.82663166364058,64.45815153136499,65.72422790527344,3528000.0
2014-12-04,HCA,66.32003162565917,67.93986911577439,66.0593700808115,67.52094268798828,5132900.0
2014-12-05,HCA,67.89333110866829,69.57832717389888,67.5581927494794,68.88943481445312,10148900.0
2014-12-08,HCA,69.21524047851562,69.63416684968965,68.58220233979141,69.21524047851562,3797500.0
2014-12-09,HCA,68.28430628885599,68.97319847473061,67.7350562345422,68.77770233154297,3449600.0
2014-12-10,HCA,68.44256670304259,68.56359320290512,67.31613244255557,67.58610534667969,2991300.0
2014-12-11,HCA,68.0050240946077,69.19662360440482,67.57678636218688,68.47979736328125,3021900.0
2014-12-12,HCA,68.39601440029017,69.50383286723566,67.87469140525377,67.90261840820312,3048400.0
2014-12-15,HCA,68.18190779757573,68.87080713914126,67.19511563600132,68.41464233398438,3498800.0
2014-12-16,HCA,67.95847212896646,68.63805997535309,67.24165301379898,67.45576477050781,3495400.0
2014-12-17,HCA,67.58609762960074,67.9770898864492,66.72963637102984,67.5674819946289,3619200.0
2014-12-18,HCA,68.88009654068534,69.15938076509667,68.30291956055814,69.0942153930664,2755200.0
2014-12-19,HCA,69.53175755805123,69.62484993228455,69.15938095862506,69.32695007324219,2870300.0
2014-12-22,HCA,69.2897155690565,69.80173430964707,69.23386156189872,69.78311157226562,1363300.0
2014-12-23,HCA,69.7924312694557,70.5837272427557,69.24317409105133,69.82035827636719,2722000.0
2014-12-24,HCA,70.07171814639592,70.21136030278872,69.66211015080421,69.71796417236328,660800.0
2014-12-26,HCA,69.85758611527008,70.13686324475094,69.53175924629588,69.65277862548828,771700.0
2014-12-29,HCA,69.71791730584108,69.8575593683622,69.06626381739633,69.42932891845703,1314500.0
2014-12-30,HCA,69.48521194696661,69.72725781634458,68.92665056589641,69.14076232910156,1829400.0
2014-12-31,HCA,69.39211322884255,69.74586708062625,68.23775219973912,68.321533203125,1456300.0
2015-01-02,HCA,68.83357658992796,69.4759191537776,68.02365775421033,68.86150360107422,2038000.0
2015-01-05,HCA,68.82423783759364,68.86147620513877,66.15244356179299,66.85064697265625,3025500.0
2015-01-06,HCA,66.92512210871445,67.53954450479016,66.01280698438,66.73893737792969,3050300.0
2015-01-07,HCA,67.47437690690455,68.3773806340833,67.14854298507058,67.94915008544922,2023400.0
2015-01-08,HCA,68.67531898085088,69.90415731922431,68.4798227795751,69.75521087646484,3626800.0
2015-01-09,HCA,69.59690291950399,70.69540966559335,69.42933385306694,69.49449920654297,3357400.0
2015-01-12,HCA,70.66750853473421,70.91885867513433,67.03684883483102,67.2137222290039,4525900.0
2015-01-13,HCA,68.07021300508681,68.13537840385587,65.83595960051146,67.15789031982422,4460100.0
2015-01-14,HCA,66.34797566678712,66.5993330084871,65.09121026577598,65.59391784667969,4336400.0
2015-01-15,HCA,65.86388858492533,66.15247720203936,64.77469241469238,65.23085021972656,2770600.0
2015-01-16,HCA,64.9794847281762,65.17498088441997,63.63893153965399,65.01671600341797,4871400.0
2015-01-20,HCA,65.03533031521523,65.21221081091511,62.41939676509422,63.17345428466797,5654900.0
2015-01-21,HCA,63.01519216124468,65.04463717804958,62.86623867992293,64.48606872558594,3597300.0
2015-01-22,HCA,64.71881013127894,65.79870167881589,64.00199095765046,65.53804016113281,2759100.0
2015-01-23,HCA,65.58457345250433,65.64043455725412,63.825101356477795,63.89957809448242,2597000.0
2015-01-26,HCA,66.93445786689838,68.37740781252138,66.34796225647234,67.95848846435547,81150000.0
2015-01-27,HCA,67.54886408679657,67.8653867238952,66.87858753999365,67.41853332519531,6572100.0
2015-01-28,HCA,67.3254494126878,67.95848766406932,66.47829935565213,66.56208038330078,5963500.0
2015-01-29,HCA,66.9530723399462,67.41854143091217,65.85456500116673,67.20442962646484,4202000.0
2015-01-30,HCA,66.58070048177366,67.37200367587609,65.72423899679865,65.91043090820312,5436700.0
2015-02-02,HCA,66.13383631241594,66.34794807482582,64.53262181746689,65.3332290649414,7447400.0
2015-02-03,HCA,63.06173721853041,65.25875143492974,62.829002721899066,65.0632553100586,8457600.0
2015-02-04,HCA,63.76927138506814,64.83985181422163,63.76927138506814,64.19750213623047,5677400.0
2015-02-05,HCA,64.23473492202781,64.8770845440464,63.87166959718984,64.0950927734375,4916600.0
2015-02-06,HCA,64.23474067859858,64.3743828397033,62.87557165566971,63.285186767578125,4517800.0
2015-02-09,HCA,63.16415644852476,63.27587159118981,62.02841069016228,62.614906311035156,5209500.0
2015-02-10,HCA,63.16415731910427,64.84916034067534,62.987283885565446,64.24404907226562,3701000.0
2015-02-11,HCA,64.05784125017043,64.73742911254062,63.7878683789545,64.20679473876953,3843700.0
2015-02-12,HCA,64.15094502266037,64.66295669335692,63.90889913874371,64.25334167480469,2808600.0
2015-02-13,HCA,63.95544971043573,64.374376150217,63.32241146803937,63.80650329589844,3318800.0
2015-02-17,HCA,63.694792712823926,64.56987693172552,63.51791927681891,64.53263854980469,2663200.0
2015-02-18,HCA,64.45815675312812,64.75605668273984,63.76926449761875,64.23473358154297,3634500.0
2015-02-19,HCA,64.26265476112856,65.40771172881547,64.17887374281909,64.79328918457031,3408200.0
2015-02-20,HCA,64.75604258091387,65.3239153078362,64.23471959324472,64.97016143798828,3086100.0
2015-02-23,HCA,65.46357819260965,66.23625865340404,65.46357819260965,65.9662857055664,3501600.0
2015-02-24,HCA,66.09661342019204,66.66448630087498,65.36117137631587,65.54736328125,2777000.0
2015-02-25,HCA,65.43565323697958,66.27349911823002,65.1377532683678,66.0780029296875,2732200.0
2015-02-26,HCA,66.02210505773577,67.37196908806014,65.5752589047599,67.27886962890625,3567600.0
2015-02-27,HCA,67.33475377220817,67.55817692516928,66.42243131866816,66.59931182861328,2787800.0
2015-03-02,HCA,66.59929977037486,68.37738750751652,66.59929977037486,67.01821899414062,3190800.0
2015-03-03,HCA,66.76688821952938,67.01823840609434,65.23083878331424,65.90111541748047,4123000.0
2015-03-04,HCA,65.84527264595738,71.75672975023488,65.3611807263732,69.75521087646484,12786400.0
2015-03-05,HCA,69.8110405186738,70.17410578028996,67.31612632712297,67.87469482421875,4418000.0
2015-03-06,HCA,67.96776636864476,69.1872925349344,67.03682862888381,67.79088592529297,5026200.0
2015-03-09,HCA,67.95846370030198,68.31221752978992,66.6179109106766,66.73893737792969,3135500.0
2015-03-10,HCA,66.2734869662706,66.68309490894605,65.38909149169922,65.38909149169922,3931300.0
2015-03-11,HCA,65.60320437948693,67.37198806423804,65.37046987103267,66.80411529541016,3598400.0
2015-03-12,HCA,67.01822967099322,68.03295586059593,66.88789890939196,67.41853332519531,3610000.0
2015-03-13,HCA,67.43715414980957,68.08880793931887,66.38518961496708,66.84135437011719,2143000.0
2015-03-16,HCA,67.38128371897547,68.4146253726435,67.38128371897547,68.08879852294922,3275000.0
2015-03-17,HCA,67.59541832028553,68.47980670452513,67.12994925437116,68.10743713378906,1962500.0
2015-03-18,HCA,68.11669929044713,69.89479343219026,68.00499132928373,69.8482437133789,3848100.0
2015-03-19,HCA,69.82036477853815,70.63028356686732,69.57831885860735,70.21135711669922,3048200.0
2015-03-20,HCA,70.66751255784772,70.99333946302445,69.99723600863051,70.77922058105469,4569100.0
2015-03-23,HCA,71.00264269666933,73.02278368435393,70.94678868587869,72.27803039550781,4484600.0
2015-03-24,HCA,71.9894389913743,72.12908111526129,71.09573934198848,71.21675872802734,2216600.0
2015-03-25,HCA,71.32847180791696,71.81255644072294,70.24858032339804,70.42546081542969,2660200.0
2015-03-26,HCA,70.25790239919927,71.50535609470785,69.94137973903653,70.84439086914062,3043000.0
2015-03-27,HCA,70.95610178864355,71.71947073223785,70.71405589848129,70.81645965576172,1846400.0
2015-03-30,HCA,71.6356764035033,71.75670288934313,70.83506915368888,70.9095458984375,1580400.0
2015-03-31,HCA,70.80714275475486,71.39363824654254,70.02515823569577,70.03446960449219,2111600.0
2015-04-01,HCA,70.47201345665327,70.76991337354752,68.56359455553181,69.68071746826172,2564400.0
2015-04-02,HCA,69.78310947229929,70.54647832462126,69.4200442317128,69.86689758300781,1657800.0
2015-04-06,HCA,69.43867360150229,71.39364940982136,69.28041581968431,70.70475006103516,2556300.0
2015-04-07,HCA,70.77923495083782,71.44951163613634,70.46271935083314,70.49064636230469,1214400.0
2015-04-08,HCA,70.5837248322818,71.87772819328,70.56510919580793,71.45880889892578,2668700.0
2015-04-09,HCA,71.42156103939728,72.53868374432813,71.26330329165577,72.47351837158203,3083200.0
2015-04-10,HCA,72.47354352647497,73.04141644429123,72.01738575892426,72.83660888671875,2487800.0
2015-04-13,HCA,72.82730341750054,73.76754594904878,71.93359643509574,72.06393432617188,2292500.0
2015-04-14,HCA,71.86839516758721,72.02665999114751,71.22605291663493,71.99872589111328,2346800.0
2015-04-15,HCA,73.65582432329913,74.66123206377218,73.05071314359708,73.76753234863281,6450000.0
2015-04-16,HCA,74.41917382897046,74.41917382897046,72.27801393794611,72.43627166748047,3109800.0
2015-04-17,HCA,71.88702942176285,72.8272787371666,71.59844093091822,72.65039825439453,2195900.0
2015-04-20,HCA,73.38584821780192,73.45101359723033,72.50145280842365,73.13449096679688,5748200.0
2015-04-21,HCA,72.97622694765184,73.17172306918005,72.20354672745002,72.31526184082031,4365800.0
2015-04-22,HCA,72.36181289170622,72.61316302322808,71.49604027925261,72.17562103271484,3408100.0
2015-04-23,HCA,72.22218104935344,72.6317889924299,71.654308227992,72.09185028076172,4276100.0
2015-04-24,HCA,72.23145929121915,72.95759672923279,72.17560529694566,72.37110137939453,2497700.0
2015-04-27,HCA,72.47354482169432,72.70627939536867,70.95611795823594,71.10506439208984,2083900.0
2015-04-28,HCA,71.29124564452867,71.66362232718441,68.8242581122406,70.70475006103516,4146000.0
2015-04-29,HCA,70.3044292021916,71.1981358633253,70.02515208526846,70.80713653564453,2433900.0
2015-04-30,HCA,70.48132707362389,71.00265016918542,68.77770854027816,68.89873504638672,5310500.0
2015-05-01,HCA,69.17800079309225,69.43866229777055,68.59151240756607,69.3548812866211,2231500.0
2015-05-04,HCA,69.68071566469231,70.53717701578346,69.5596962680688,70.22997283935547,2081900.0
2015-05-05,HCA,70.28583213881124,70.52787805275597,67.97710234213412,68.52635955810547,4848300.0
2015-05-06,HCA,68.85217391224437,69.80173465356484,68.56358540384959,69.3548812866211,4557800.0
2015-05-07,HCA,69.54106487981886,72.02667470628906,69.39211849499846,71.300537109375,4451900.0
2015-05-08,HCA,71.75672628356104,71.98014948815431,71.30987277187889,71.58915710449219,3334500.0
2015-05-11,HCA,71.44022589856168,72.53873372640629,71.38437185557736,72.26876068115234,2927000.0
2015-05-12,HCA,71.91496640663306,72.25010468235863,70.88162457356154,71.22607421875,2267200.0
2015-05-13,HCA,71.22607086996673,72.69694756372509,71.21675950094163,72.36181640625,4346300.0
2015-05-14,HCA,73.08795275088036,73.99096385084223,72.90176086803075,73.6092758178711,2874500.0
2015-05-15,HCA,73.5813493516669,74.33540695088911,73.20897268572593,74.32609558105469,2259500.0
2015-05-18,HCA,74.25161425118841,75.40597534179688,74.18644887758535,75.40597534179688,3901500.0
2015-05-19,HCA,75.40598402690222,78.08708312429428,75.10808412719199,76.82100677490234,5439700.0
2015-05-20,HCA,76.65345471281937,77.4168309222771,76.22522395549862,76.46726989746094,3684300.0
2015-05-21,HCA,76.54173390765638,76.69999168458432,75.92731133488543,75.95523834228516,2673100.0
2015-05-22,HCA,75.73180105165571,76.87685785887614,75.64802004508718,76.45793151855469,2820500.0
2015-05-26,HCA,76.33692868191841,76.8117091294922,76.09488277300899,76.51380920410156,3132100.0
2015-05-27,HCA,76.8768626187293,76.96995499928916,75.77835548213896,76.29036712646484,2846200.0
2015-05-28,HCA,76.0948728360729,76.34623008240357,75.35943093763262,76.1507339477539,1946100.0
2015-05-29,HCA,75.8993656919306,76.6999728524563,75.56422748043181,76.17864990234375,3423100.0
2015-06-01,HCA,76.69998168945312,76.97926593204404,75.61078592783653,76.69998168945312,3199400.0
2015-06-02,HCA,76.29969550248737,76.56966843803332,75.517710808488,75.91801452636719,2311900.0
2015-06-03,HCA,76.25314506115832,76.34623745295586,75.37806095277425,75.4897689819336,2241200.0
2015-06-04,HCA,75.22912503086741,75.57357477378693,74.84744400452038,74.92192077636719,2062500.0
2015-06-05,HCA,75.21981013119992,75.79698727520623,74.83812205629715,75.66665649414062,2831600.0
2015-06-08,HCA,75.53631323160215,75.8435244944202,74.70777893066406,74.70777893066406,2209100.0
2015-06-09,HCA,74.79156545307822,75.88076845576425,74.75433417832303,75.70388793945312,2370700.0
2015-06-10,HCA,76.0669243399647,77.55642335157535,75.8714282605494,77.35161590576172,4702900.0
2015-06-11,HCA,77.10960504087559,78.30120468040838,76.91410889087356,77.84504699707031,3774400.0
2015-06-12,HCA,77.53782456979802,78.34774316264492,76.73721734537276,76.76514434814453,2377300.0
2015-06-15,HCA,76.02972776361146,78.22674267667429,76.02972776361146,78.04055786132812,2623100.0
2015-06-16,HCA,77.62160674916295,78.3198102389632,76.8582378844144,77.28646850585938,2266900.0
2015-06-17,HCA,77.40750525446899,78.73874703565326,77.00720158313402,78.31051635742188,3279100.0
2015-06-18,HCA,78.23601567267195,78.51529275870311,77.00717802765584,77.82640075683594,2899700.0
2015-06-19,HCA,77.92883264674431,79.18559774426846,77.87297862985265,78.57118225097656,3851600.0
2015-06-22,HCA,78.81322612549097,79.57659511409804,78.3384456866944,78.673583984375,2136600.0
2015-06-23,HCA,78.84110950095771,79.32519393943076,78.13359491935213,78.1615219116211,2180400.0
2015-06-24,HCA,78.1988007657397,78.29189315567629,76.89548599914522,77.61231231689453,2795600.0
2015-06-25,HCA,78.21742191391557,86.2328001253656,77.95676036272933,84.4547119140625,15829700.0
2015-06-26,HCA,86.05590578953004,86.23277916914017,84.9667029974925,85.4973373413086,10373600.0
2015-06-29,HCA,84.73399881016306,86.66104075860544,84.15682162427404,84.3523178100586,5274700.0
2015-06-30,HCA,85.25531930841717,85.25531930841717,84.0730238551865,84.4547119140625,4654600.0
2015-07-01,HCA,84.90155691549633,85.08774880803796,84.16612202306393,84.59435272216797,4136600.0
2015-07-02,HCA,84.71537755470908,85.27393906314224,84.18474305632334,84.24990844726562,2785400.0
2015-07-06,HCA,83.83096889300757,86.26071761662897,83.79373052108505,85.73938751220703,4272800.0
2015-07-07,HCA,85.90697353830146,86.56793878937269,84.38023550153235,86.06523132324219,4289000.0
2015-07-08,HCA,85.59045500076344,86.15832783526774,84.65020548916699,84.75260925292969,2912000.0
2015-07-09,HCA,85.11565348815404,85.8138569214149,84.84568064166072,85.31114959716797,4195400.0
2015-07-10,HCA,86.12107054869963,86.80065126537784,85.53457510273887,86.54930114746094,2709300.0
2015-07-13,HCA,87.35921136747895,88.39255303118252,86.9123651414136,88.26222229003906,3802700.0
2015-07-14,HCA,87.92707907672612,88.89525531488472,87.85260944493876,88.17843627929688,3691000.0
2015-07-15,HCA,88.336715142103,88.60668804157257,86.92169236479063,87.6198959350586,2676600.0
2015-07-16,HCA,87.2661361694336,87.4988706962048,85.55321346159468,87.2661361694336,4567300.0
2015-07-17,HCA,87.16372444005592,88.13190083520284,86.10245566321078,86.8006591796875,3670700.0
2015-07-20,HCA,87.21027691578054,87.40577305422268,86.40966962359252,86.7354965209961,1907500.0
2015-07-21,HCA,86.58654741484798,86.8937515642127,85.31115976781138,85.9069595336914,1897200.0
2015-07-22,HCA,85.71146002231123,87.28474749026311,85.58112927256893,86.82858276367188,2073200.0
2015-07-23,HCA,86.98684481123433,87.91778276648301,86.59584547213525,86.87512969970703,1451300.0
2015-07-24,HCA,86.54932186305476,86.94031418561748,85.84180687282614,86.41899108886719,1765900.0
2015-07-27,HCA,86.20484388757724,86.22346662205884,85.06909856893387,85.67420959472656,1525800.0
2015-07-28,HCA,85.8324792831637,86.26071700599451,84.6501911685895,85.91626739501953,2124300.0
2015-07-29,HCA,86.11177205984525,87.65713267573791,85.76732241470808,87.09856414794922,2167900.0
2015-07-30,HCA,86.85652354816423,87.12648933446577,85.73008224914156,86.54000091552734,1614300.0
2015-07-31,HCA,87.18234762044756,87.79676302476938,86.37242898032561,86.5865478515625,1800400.0
2015-08-03,HCA,86.46552276611328,87.66643369234322,86.05591485741397,86.46552276611328,1616400.0
2015-08-04,HCA,87.22888754373463,87.88985977229754,86.77272991355848,87.54541015625,1749300.0
2015-08-05,HCA,87.25682383838182,87.64781610262558,81.25226934109479,85.88834381103516,6346800.0
2015-08-06,HCA,84.5105381285594,86.62377105651086,84.46399549687071,85.06909942626953,2616000.0
2015-08-07,HCA,85.4601154634079,86.00005413219029,84.38953529001407,85.14359283447266,1988100.0
2015-08-10,HCA,85.53461921480472,86.56796142608879,84.78987274254811,85.1156997680664,1637100.0
2015-08-11,HCA,84.42676533893724,84.96670395447696,82.9279546644804,84.212646484375,2277000.0
2015-08-12,HCA,83.28171503115539,84.9946446938859,82.20183061328716,84.60364532470703,1923400.0
2015-08-13,HCA,84.817744672508,85.54387502992294,84.21263367383159,84.57569885253906,1247100.0
2015-08-14,HCA,84.92016129191164,85.5159610142135,84.6222614307607,85.08773040771484,1875800.0
2015-08-17,HCA,84.53847950776176,85.19944465110396,83.56099884612615,85.01325988769531,2850700.0
2015-08-18,HCA,85.04120442516178,85.25532333947139,84.08233920117749,84.23129272460938,1913700.0
2015-08-19,HCA,84.02645913722915,84.2871206199483,83.10482547726725,83.6168441772461,2711400.0
2015-08-20,HCA,83.0862153322691,83.0862153322691,81.00091623027495,81.03815460205078,2861500.0
2015-08-21,HCA,80.25615762681093,80.99159943953805,78.29187803772157,80.29339599609375,6136800.0
2015-08-24,HCA,75.90867107349808,80.03272592075587,40.87747973792135,78.48736572265625,5482700.0
2015-08-25,HCA,79.96758805144236,80.62855328189006,77.3423427674483,77.37026977539062,4093200.0
2015-08-26,HCA,78.85045011428524,81.07539148897979,78.0405385551457,80.94506072998047,4152900.0
2015-08-27,HCA,81.43844463312658,83.63545138140083,80.76816825797864,82.70451354980469,3115500.0
2015-08-28,HCA,82.36938997414049,83.0675934114911,81.86668264694893,82.68590545654297,2195200.0
2015-08-31,HCA,82.85349334568316,83.42136617164526,80.18169836291882,80.63786315917969,2650400.0
2015-09-01,HCA,79.02734624107666,79.84656933139439,77.82643506501748,78.49671173095703,2491000.0
2015-09-02,HCA,79.36246849426978,79.59520300598318,77.95675005482262,79.56727600097656,2589900.0
2015-09-03,HCA,80.21892556899427,82.09011293334424,79.81862194582473,80.43304443359375,2372200.0
2015-09-04,HCA,79.37177146147391,80.29339804160124,78.61770689364893,79.51141357421875,1721100.0
2015-09-08,HCA,81.02882979868679,81.82943690289136,80.44234152106847,81.38258361816406,1986900.0
2015-09-09,HCA,82.33213993735245,82.35075556794689,79.8372263906905,80.03272247314453,1919000.0
2015-09-10,HCA,79.87449555961372,80.47959967094107,78.99010006172216,79.3904037475586,2983300.0
2015-09-11,HCA,79.1390329619308,80.01410975927786,78.57116027405522,78.84113311767578,3278800.0
2015-09-14,HCA,79.18557650761075,80.14444142039862,78.79458428923964,79.1111068725586,2719900.0
2015-09-15,HCA,79.23211677070893,80.24683556408291,78.62700577987066,79.91169738769531,1854300.0
2015-09-16,HCA,79.67897557092526,79.80000204977712,78.28256864873596,79.31591033935547,3077300.0
2015-09-17,HCA,79.61382324701185,81.03816450718224,78.56186575011547,80.07929229736328,3211200.0
2015-09-18,HCA,79.0924820539451,80.097896676843,76.77444870322977,76.78376007080078,9059000.0
2015-09-21,HCA,77.59369811790594,78.23604775340975,75.60149092351182,76.56035614013672,3445000.0
2015-09-22,HCA,75.94593265959033,77.2678630701681,75.424602488698,76.98857879638672,3075900.0
2015-09-23,HCA,76.99788340137813,78.7945940785331,76.46724900980873,78.34774780273438,3223700.0
2015-09-24,HCA,77.65885053266321,77.90089641469262,76.02970894293402,76.24382781982422,2766600.0
2015-09-25,HCA,76.87685284353384,77.25853368604501,73.78613932548693,73.9630126953125,3997800.0
2015-09-28,HCA,73.50686803918671,73.50686803918671,67.76298193906803,68.91734313964844,8229300.0
2015-09-29,HCA,68.93595544523849,69.58760914472718,66.41310744545018,68.96388244628906,7131900.0
2015-09-30,HCA,69.82035764265913,72.59455631142484,69.35488859170806,72.01737213134766,5821000.0
2015-10-01,HCA,71.98014063752399,72.92039019904766,70.33238316470039,71.76602172851562,3605500.0
2015-10-02,HCA,70.54648519680758,72.52938781431874,69.5969314987342,72.5107650756836,3898400.0
2015-10-05,HCA,73.23691081048214,75.76906400028192,72.52940285053444,73.40447998046875,4077000.0
2015-10-06,HCA,73.49756524986867,73.83270355730461,70.80715452253176,71.86842346191406,3837500.0
2015-10-07,HCA,71.9801483410253,72.47354449861614,70.23929118080328,72.19426727294922,4021800.0
2015-10-08,HCA,71.63568081382665,71.99874608871204,69.60623556068836,71.36571502685547,3380300.0
2015-10-09,HCA,71.36570833349029,72.89244603917346,70.70473612326184,72.52938079833984,2972700.0
2015-10-12,HCA,72.17565573935812,72.95764771816695,71.47745191300938,72.4177017211914,2242000.0
2015-10-13,HCA,71.98010948021782,73.06000072343616,70.47198770684132,70.62094116210938,4023300.0
2015-10-14,HCA,70.85367029006962,71.8125350032772,70.18339399666476,70.76988220214844,3887200.0
2015-10-15,HCA,64.70018903909249,67.56747969679017,63.42480146084884,67.22303009033203,15350400.0
2015-10-16,HCA,67.50232595047844,69.42005622989743,67.12063790710202,67.91193389892578,5777300.0
2015-10-19,HCA,67.88401605006344,68.82426567908314,67.14857397414659,68.43327331542969,3914500.0
2015-10-20,HCA,68.41463677600139,69.02905931140201,66.88789890939196,67.41853332519531,4297800.0
2015-10-21,HCA,67.87469375649073,67.92123639552089,64.96085323795532,66.28278350830078,4185200.0
2015-10-22,HCA,61.246415053132885,64.24403670521335,59.617273468523386,61.516387939453125,14727000.0
2015-10-23,HCA,62.37284975347147,64.85845265845161,61.81428834035703,64.21611022949219,6580500.0
2015-10-26,HCA,63.806504257143,65.66838063312326,63.66686210844553,64.30921173095703,5958000.0
2015-10-27,HCA,64.8305072855301,66.04072925647864,63.63890804782231,64.04852294921875,7370800.0
2015-10-28,HCA,63.992679982251445,64.83052565316996,62.41939949727005,64.21611022949219,7227900.0
2015-10-29,HCA,64.23470464099358,64.83981559796499,62.99655573099679,63.02448272705078,4608200.0
2015-10-30,HCA,63.666846115132344,65.0353260441105,63.31309224945828,64.03922271728516,6279300.0
2015-11-02,HCA,64.1974805265091,65.21220659078716,64.03922277875245,64.93292236328125,3384900.0
2015-11-03,HCA,64.5605344734726,64.97014937486904,63.45272333036486,64.04852294921875,3473800.0
2015-11-04,HCA,64.21611640677719,64.69088974722385,63.44343604135229,63.927520751953125,3094100.0
2015-11-05,HCA,63.9275231763053,64.21611884207391,62.624208302576925,63.85304641723633,5229900.0
2015-11-06,HCA,63.73203001027467,65.59390645966334,63.73203001027467,65.13774871826172,4766300.0
2015-11-09,HCA,64.78396898347319,65.24943796172201,64.03922287977086,65.14704132080078,3626800.0
2015-11-10,HCA,65.01670496439019,65.72421981626016,64.61640845230474,65.2401351928711,3636600.0
2015-11-11,HCA,65.46356577995829,65.46356577995829,62.85693630387308,62.987274169921875,3384100.0
2015-11-12,HCA,62.819710245873566,63.1082988030611,60.52959611901702,60.61338424682617,6039200.0
2015-11-13,HCA,60.65993208899391,62.503185612916894,60.20376729052797,61.860836029052734,3767100.0
2015-11-16,HCA,61.73050193029463,62.661440012078565,61.3953636526529,62.55903625488281,3976700.0
2015-11-17,HCA,62.493847201430384,64.77464889936041,62.13078205525835,64.46743774414062,4199800.0
2015-11-18,HCA,64.5140028073109,65.83593299235424,64.26264558329287,65.36115264892578,3915900.0
2015-11-19,HCA,64.20681874719826,64.31852680292457,60.594773425467764,60.87405776977539,8715600.0
2015-11-20,HCA,61.46983270359929,63.0989741426421,61.199859841401604,62.76383590698242,4827100.0
2015-11-23,HCA,61.84221981494185,63.489977168086,61.469843145122866,62.70799255371094,3264700.0
2015-11-24,HCA,62.456641684163806,64.33714086335841,62.177364480047295,64.22542572021484,2723700.0
2015-11-25,HCA,64.22542914788306,64.79330205980374,63.86236379140858,64.19750213623047,3313500.0
2015-11-27,HCA,64.42089864698221,65.13772479411413,64.15093291117098,64.65363311767578,955900.0
2015-11-30,HCA,64.7095103719527,64.89569515398267,63.32240746660103,63.35964584350586,3925900.0
2015-12-01,HCA,64.02057419681977,66.68305624154476,63.6109664916629,66.24552154541016,4124100.0
2015-12-02,HCA,66.10591828919736,67.30682932355052,64.93293426221382,65.17498016357422,4662500.0
2015-12-03,HCA,65.18425660790223,65.68696383346337,62.20525871845605,62.72658157348633,4258000.0
2015-12-04,HCA,63.04312136476568,63.70408648060207,62.3821562489293,62.6055793762207,4038700.0
2015-12-07,HCA,62.63351598700897,62.66144299439262,61.283658545174596,61.832908630371094,3503900.0
2015-12-08,HCA,61.562926278038894,62.95933325297318,60.87403415910273,62.6055793762207,2940100.0
2015-12-09,HCA,62.3449007981938,64.21608762070063,62.16802035702658,62.72658157348633,3794300.0
2015-12-10,HCA,62.78246721052926,64.31850938065827,62.726606095301555,63.70409393310547,2812500.0
2015-12-11,HCA,62.95934131405191,63.43412173501677,61.3395110044292,61.72119903564453,2974900.0
2015-12-14,HCA,61.84220849093207,62.3076774673496,58.94699088941564,60.9391975402832,4924800.0
2015-12-15,HCA,61.413981423025255,62.41939617460798,60.91127404723389,61.12539291381836,2798200.0
2015-12-16,HCA,61.89806249530444,62.82900044813949,59.84069047183813,60.9391975402832,4882100.0
2015-12-17,HCA,59.97104001772584,61.53501655288907,59.97104001772584,60.26893997192383,4842100.0
2015-12-18,HCA,59.868617015097065,61.06952781734776,59.747597639053645,60.01757049560547,5548800.0
2015-12-21,HCA,60.501674121896784,63.005900255866194,60.3713433367269,62.94073486328125,4809600.0
2015-12-22,HCA,63.005872859290754,63.52719577328567,61.86081619891819,62.24250411987305,2946200.0
2015-12-23,HCA,62.67076550237785,64.97018421888112,62.65214986164507,64.7374496459961,3431200.0
2015-12-24,HCA,64.43020536275736,65.16564708935049,63.880955460771794,64.16023254394531,911500.0
2015-12-28,HCA,64.03922984951492,64.18817624546887,62.9500340264678,63.341026306152344,1660400.0
2015-12-29,HCA,63.620314457553306,64.54194840787416,63.52722205618114,64.22542572021484,1702400.0
2015-12-30,HCA,64.05785582994386,64.79329786668106,63.508605696333404,63.71341323852539,1847500.0
2015-12-31,HCA,63.25726203674442,64.1044193979478,62.93143501416482,62.9593620300293,2320200.0
2016-01-04,HCA,61.15332214123031,61.77704892364433,60.576137999336,61.711883544921875,4068200.0
2016-01-05,HCA,61.963240013062034,62.37285506539415,61.24642077397515,61.851531982421875,4366800.0
2016-01-06,HCA,60.967140680046874,61.93531725956407,60.64131373080907,61.42330551147461,4443700.0
2016-01-07,HCA,60.641305864427856,60.985755510365756,59.20766037125898,59.85000991821289,4071700.0
2016-01-08,HCA,60.0268936379977,61.02299715118087,59.23559409819289,59.831390380859375,3866800.0
2016-01-11,HCA,63.95544613586713,64.66296109723534,62.69868109175509,63.14553451538086,8485900.0
2016-01-12,HCA,63.7785809146974,64.24405003545348,60.98576619016089,62.047035217285156,5274700.0
2016-01-13,HCA,62.00046552900975,63.3223957023139,59.20765170245532,60.46441650390625,6612800.0
2016-01-14,HCA,60.566827180834544,61.87945323881142,60.08274252056611,60.62268829345703,5089300.0
2016-01-15,HCA,59.30075948307425,60.855428003986766,58.73288665661061,59.831390380859375,6356500.0
2016-01-19,HCA,60.455119479624656,61.00436952210658,58.15570135060383,59.086639404296875,4741300.0
2016-01-20,HCA,58.12777207984704,59.15180609230765,55.92144983814298,58.490840911865234,4933500.0
2016-01-21,HCA,58.63977940870696,60.87402821986715,58.062595358483456,59.60795211791992,3591500.0
2016-01-22,HCA,60.34340354211929,62.335610381943695,60.213072784560204,61.27434158325195,4278400.0
2016-01-25,HCA,61.20918781560832,61.87946446877158,60.83681110801817,61.05093002319336,2193500.0
2016-01-26,HCA,61.181248271245664,62.698674698368094,60.87403701773518,62.335609436035156,2503200.0
2016-01-27,HCA,62.31698687989799,63.91820124492264,62.307675511963836,62.81038284301758,4727600.0
2016-01-28,HCA,64.03923299800795,65.52873254324737,61.73050337601627,62.847633361816406,5490400.0
2016-01-29,HCA,63.30379704363711,66.3479618057849,63.07106249568256,64.7746810913086,7218000.0
2016-02-01,HCA,64.65365407987417,66.57139156985849,64.40230389512827,66.11522674560547,5208100.0
2016-02-02,HCA,65.67768404680662,67.44646070770362,65.05395013852302,66.99030303955078,4490100.0
2016-02-03,HCA,67.56747388610736,67.68849325513453,63.862337951939224,65.35183715820312,4981900.0
2016-02-04,HCA,65.35184750754722,65.99419702736077,64.2626517063366,65.28668212890625,3241200.0
2016-02-05,HCA,65.28669050371636,66.282794049288,64.04854815071216,64.41161346435547,3465100.0
2016-02-08,HCA,63.63892081856975,63.7040861930061,61.553621734113506,62.15872573852539,3693400.0
2016-02-09,HCA,61.38605234250637,62.59626744847519,61.227787488866234,61.90737533569336,3168200.0
2016-02-10,HCA,62.15873080641235,63.77856813588592,62.102876795911094,62.65213394165039,2468500.0
2016-02-11,HCA,61.54432014257789,62.6335160465411,59.68244388862604,59.812774658203125,4256800.0
2016-02-12,HCA,60.04551423169249,61.54432531017154,59.79416404140174,61.45123291015625,3077300.0
2016-02-16,HCA,59.63589631114655,61.15333005892584,59.45901933903438,61.069541931152344,4123800.0
2016-02-17,HCA,61.6280962348502,62.97796067247903,61.069534823845785,62.41939926147461,3140300.0
2016-02-18,HCA,62.745221766169436,63.50859063167579,62.289064141078526,62.856929779052734,3089200.0
2016-02-19,HCA,62.81969291270915,63.3223931308813,61.46982868986154,62.95002365112305,3912400.0
2016-02-22,HCA,63.38757228977865,65.33323662650133,63.30379126935461,65.1191177368164,3407000.0
2016-02-23,HCA,64.8863852325888,65.6125229447012,64.2440427485005,65.01671600341797,3329200.0
2016-02-24,HCA,64.56055566997598,65.5380435137854,63.927517479293336,65.2959976196289,2275500.0
2016-02-25,HCA,65.56597600191681,65.91972995180237,64.30921088515814,65.1656723022461,2847600.0
2016-02-26,HCA,65.35184138418823,66.85996342320536,65.05394152367172,65.57527160644531,3870800.0
2016-02-29,HCA,65.42634822858386,65.66839419615154,64.41162880329381,64.43024444580078,3579300.0
2016-03-01,HCA,64.85846208627804,66.04075756668088,64.68158865961927,65.90111541748047,3358100.0
2016-03-02,HCA,65.65907383646987,66.56208507812478,65.10982367649143,66.37590026855469,2078200.0
2016-03-03,HCA,66.31071874305246,67.95847592462079,66.19900362299104,67.893310546875,3442500.0
2016-03-04,HCA,67.92125008413042,69.08492283180775,67.45578098505949,67.95848846435547,3851300.0
2016-03-07,HCA,67.502314793445,68.33084902591062,67.04615007029501,67.90261840820312,2472900.0
2016-03-08,HCA,67.2602875702336,67.82816046255559,66.32934933396739,66.55277252197266,2683100.0
2016-03-09,HCA,66.88789665075113,67.3719884082039,66.12452774322352,67.26958465576172,3270700.0
2016-03-10,HCA,67.58609885764665,68.62875199734763,66.82272996505108,67.2137222290039,2364500.0
2016-03-11,HCA,67.86537013657967,69.87619218301953,67.76296640570858,69.77378845214844,3764100.0
2016-03-14,HCA,70.6768074523087,70.70473445440703,69.01042766967679,69.55968475341797,2558300.0
2016-03-15,HCA,68.96388670041401,69.37349457857724,67.86537960887553,68.11672973632812,1598900.0
2016-03-16,HCA,67.94916634889363,69.60623494315519,67.93986208217974,69.34557342529297,1993000.0
2016-03-17,HCA,69.224553441393,69.42936094723929,67.77229236720088,68.62875366210938,2572100.0
2016-03-18,HCA,68.83358071871741,70.96543029486263,68.66601153929346,70.24860382080078,5385200.0
2016-03-21,HCA,70.05307798904425,71.31915411957058,69.75517814083175,70.30442810058594,2552500.0
2016-03-22,HCA,69.93206988541141,72.61316895133206,69.84828176640157,71.83118438720703,3083700.0
2016-03-23,HCA,71.93358870971485,73.23690355804781,71.52398074780615,71.63568878173828,2662400.0
2016-03-24,HCA,70.9281721392581,71.67291831604997,70.12756484989893,71.09574127197266,3617900.0
2016-03-28,HCA,71.27262722928285,71.86842711669104,70.71406572264952,71.16091918945312,1379900.0
2016-03-29,HCA,70.79784839769174,72.2501096234924,70.75129864968763,72.20355987548828,2211100.0
2016-03-30,HCA,72.61316067651728,73.54409863390853,71.8218648332333,72.70625305175781,2157300.0
2016-03-31,HCA,72.53870249288771,73.26483314901985,72.46422573264472,72.65972900390625,2312100.0
2016-04-01,HCA,72.44558628438925,73.87923148666871,71.78462123507401,73.73027801513672,2487400.0
2016-04-04,HCA,73.77684746318525,73.86993985652005,72.80867094701573,73.29276275634766,2075300.0
2016-04-05,HCA,72.68766245552675,73.23691263038438,72.30597435232434,72.83660888671875,3204500.0
2016-04-06,HCA,72.79933863903813,73.71166087731164,72.53867717167206,73.6371841430664,2796700.0
2016-04-07,HCA,73.06932234825867,73.83269123164912,72.66901872023116,73.39514923095703,3592100.0
2016-04-08,HCA,73.96301168763006,74.67983783226359,73.32997364545024,73.67442321777344,3108000.0
2016-04-11,HCA,73.84200304514292,74.52159092100082,73.62788417665543,74.07473754882812,2409100.0
2016-04-12,HCA,73.80477931337745,74.50298296294018,73.80477931337745,74.27024841308594,3206800.0
2016-04-13,HCA,74.94051509583646,75.40598413369881,74.4471190521014,75.03360748291016,2937100.0
2016-04-14,HCA,75.21050536207306,75.40600155083132,74.6984864611618,75.14533996582031,2818800.0
2016-04-15,HCA,75.1453300266447,75.34082618954544,73.15312291613854,74.78226470947266,3752200.0
2016-04-18,HCA,74.6891617060486,75.4152922372695,73.63719718043932,75.29426574707031,3819200.0
2016-04-19,HCA,75.51770929360197,75.8249135015135,73.77685230379412,74.27024841308594,5151800.0
2016-04-20,HCA,73.94438514690864,75.46181110979495,72.66899788320013,74.57742309570312,4619400.0
2016-04-21,HCA,74.83812076427958,75.48977465835738,74.48436680785088,74.67986297607422,3322000.0
2016-04-22,HCA,74.88466254929313,75.80628927359494,74.88466254929313,75.32220458984375,2705400.0
2016-04-25,HCA,75.15461120876905,75.35010729314256,73.96300486676742,74.58673858642578,2036300.0
2016-04-26,HCA,75.0522092008986,75.90867028608574,74.59604455776234,75.57353210449219,2686100.0
2016-04-27,HCA,75.5921572609819,76.33691044781132,75.08014565971786,76.1321029663086,2643700.0
2016-04-28,HCA,75.92732115665724,77.91022416847217,75.88077850580181,76.29969787597656,4002200.0
2016-04-29,HCA,75.84352678529264,75.89006942796279,73.82339284906512,75.05223083496094,3281600.0
2016-05-02,HCA,75.03359822295567,75.62939794969185,73.94440251337481,75.60147094726562,3598400.0
2016-05-03,HCA,74.01887136759214,74.12127510057178,71.52395761430068,73.59994506835938,5887500.0
2016-05-04,HCA,73.2368995241928,74.84742558212115,73.13449576373233,74.28886413574219,4853000.0
2016-05-05,HCA,74.46573877808746,75.3687498975317,74.38195775586814,75.04292297363281,2332000.0
2016-05-06,HCA,74.7450238965597,76.33692725905283,74.57745474774494,75.31289672851562,4875100.0
2016-05-09,HCA,75.40598288464399,75.7038827798416,75.02429487072226,75.38736724853516,2505200.0
2016-05-10,HCA,75.46182442465309,75.4711357924156,74.59605188754784,75.34080505371094,2177700.0
2016-05-11,HCA,75.3128900870498,75.8435244944202,74.69846756141372,74.70777893066406,1804300.0
2016-05-12,HCA,75.03361911744942,75.26635367246786,72.08254666441425,72.32459259033203,4608800.0
2016-05-13,HCA,72.4828498984245,73.14381517795738,72.10116182154916,72.53870391845703,2211500.0
2016-05-16,HCA,72.6317677632274,73.07862105528619,71.84047201306349,72.43627166748047,2654900.0
2016-05-17,HCA,72.4921623687769,73.04141251408049,71.46812463601593,71.93359375,3471100.0
2016-05-18,HCA,71.93357929597326,72.07322142260838,71.02126399327844,71.2912368774414,2360900.0
2016-05-19,HCA,70.81647378809144,71.82188882249137,70.46271980302272,71.42158508300781,2396900.0
2016-05-20,HCA,71.90563805090143,72.6038414433108,71.48671885645268,71.79393005371094,1891800.0
2016-05-23,HCA,71.48674256336571,71.76601975144992,70.7140621815931,70.95610809326172,2109800.0
2016-05-24,HCA,70.93748343671538,72.56662518193845,70.77922565749236,72.20355987548828,2449400.0
2016-05-25,HCA,72.25010128542928,73.06001993076904,72.25010128542928,72.36181640625,2230200.0
2016-05-26,HCA,72.38044229341189,72.50146169790477,71.57983490370322,71.86842346191406,1360600.0
2016-05-27,HCA,71.95220674831427,72.83659510412366,71.85911435862288,72.01737213134766,1335900.0
2016-05-31,HCA,72.14770545607344,72.7155782865724,71.92428229239174,72.63179016113281,2634000.0
2016-06-01,HCA,72.28734217015757,73.34861099609343,72.28734217015757,72.9576187133789,2270100.0
2016-06-02,HCA,72.78072142703665,73.53477881304933,72.58522533075529,73.52547454833984,2015700.0
2016-06-03,HCA,73.54410705913298,73.57203406465517,72.61316899509333,72.74349975585938,1756900.0
2016-06-06,HCA,72.7155621040634,73.38583854843588,72.52937735951225,73.23688507080078,1298500.0
2016-06-07,HCA,73.16242116893076,74.15853174478264,73.16242116893076,73.76753234863281,1598300.0
2016-06-08,HCA,73.7954569152204,75.61079039430993,73.7954569152204,75.38736724853516,2912500.0
2016-06-09,HCA,75.23841803307592,75.66664871289615,75.06153751875014,75.43391418457031,1589400.0
2016-06-10,HCA,74.70776789819445,74.91257537649486,73.73959161145143,74.05611419677734,1544500.0
2016-06-13,HCA,73.73027695959544,73.96301142866297,72.56660461425781,72.56660461425781,2106100.0
2016-06-14,HCA,72.25009805349202,72.9948512873283,71.9242711771236,72.62247467041016,1457000.0
2016-06-15,HCA,72.86450222518691,73.11585942149877,72.26870257076993,72.43627166748047,1477000.0
2016-06-16,HCA,71.6915577141238,72.38045004092719,71.2260885820278,72.29666900634766,1347300.0
2016-06-17,HCA,72.35249236574815,73.04138440059275,71.51464686256293,72.08251953125,3211200.0
2016-06-20,HCA,72.73419900613244,73.51619078739782,72.73419900613244,73.14381408691406,3305600.0
2016-06-21,HCA,73.43239788023001,73.71168216305253,72.65041325231792,73.3113784790039,2009600.0
2016-06-22,HCA,73.22761765817432,74.25164847354938,72.93902192563952,73.82341766357422,1864400.0
2016-06-23,HCA,74.33540959387862,75.05223594423819,73.96303291469783,74.24231719970703,1460600.0
2016-06-24,HCA,71.96153098324059,72.81799248550928,71.2819429222586,71.42158508300781,5764900.0
2016-06-27,HCA,70.89096441655221,70.93750707757293,68.72187612257936,69.28974914550781,2871900.0
2016-06-28,HCA,69.83896967083119,70.8164574683166,69.77380429116508,70.68612670898438,1893900.0
2016-06-29,HCA,71.11434497731368,71.97080613306203,71.03056397625878,71.72876739501953,1640100.0
2016-06-30,HCA,71.84048233346243,72.14769357198018,70.94678272345062,71.69153594970703,2473800.0
2016-07-01,HCA,71.6077538084499,72.20355359813327,71.08643076810037,71.36571502685547,2204300.0
2016-07-05,HCA,71.21676401804751,71.21676401804751,70.12756815531122,70.85369873046875,3435400.0
2016-07-06,HCA,70.66750713174444,71.38432626809333,69.94136952418535,70.9095458984375,2269600.0
2016-07-07,HCA,71.14229338263196,72.55732338113062,70.85370482217924,71.67292785644531,2215100.0
2016-07-08,HCA,72.21286264403675,73.16241630876426,72.02667787918618,72.80866241455078,4021200.0
2016-07-11,HCA,73.13449265467001,73.24620778019428,72.70626199390111,72.76212310791016,1601100.0
2016-07-12,HCA,72.86453865921678,73.29277653354464,72.52940740071412,72.98556518554688,2701000.0
2016-07-13,HCA,73.5440955010263,74.42848368187703,73.39514202499231,74.05611419677734,2749700.0
2016-07-14,HCA,74.45645160140157,74.5960866704857,72.65042894795737,72.90177917480469,2098200.0
2016-07-15,HCA,73.15310477063397,73.8419968550954,73.13448203450396,73.27412414550781,1618300.0
2016-07-18,HCA,73.18103028130926,74.10265683116847,73.18103028130926,74.05611419677734,1314100.0
2016-07-19,HCA,73.9630382321779,74.5495338523637,73.17174217108845,73.87925720214844,1607700.0
2016-07-20,HCA,74.13057647275531,75.03358729970736,74.13057647275531,74.96842193603516,1699200.0
2016-07-21,HCA,74.81948468724245,76.14141485554563,74.63329283801416,75.0615234375,2750100.0
2016-07-22,HCA,75.42459191451464,75.59216103479221,73.82338455713155,74.80086517333984,1451000.0
2016-07-25,HCA,74.6891811463527,74.93121998476248,73.63721634693515,74.1957778930664,1778600.0
2016-07-26,HCA,73.99094682541607,74.61467350883014,73.61857024789533,74.15851593017578,2614600.0
2016-07-27,HCA,72.18492090558154,73.4696125668109,71.13296370415769,72.59453582763672,3891900.0
2016-07-28,HCA,69.70862822242066,73.42307560129917,68.98249778820157,72.5014419555664,4733900.0
2016-07-29,HCA,71.43088361542027,72.48284111266115,70.70474593053925,71.80325317382812,3725800.0
2016-08-01,HCA,71.68221933762669,72.38042277273344,69.89482024835162,70.30442810058594,3775700.0
2016-08-02,HCA,70.23927828683505,70.82577384781284,69.49453205260902,69.85759735107422,3591900.0
2016-08-03,HCA,69.12213949346906,70.69542682679143,68.99180875487944,70.48130798339844,2943400.0
2016-08-04,HCA,70.41615825217137,70.472012266116,69.82035842844815,70.05309295654297,1695300.0
2016-08-05,HCA,70.37894036311326,70.68615173422812,70.06242472196186,70.60236358642578,2955300.0
2016-08-08,HCA,70.76988996532364,71.74737751751405,70.42544751745024,70.9840087890625,3698200.0
2016-08-09,HCA,70.94676478440277,71.77529881030745,70.64886498972348,70.88159942626953,2472500.0
2016-08-10,HCA,70.74196310004035,71.73806628540969,70.63955937142829,71.19812774658203,1596200.0
2016-08-11,HCA,71.25398439231623,72.13837251503789,71.15158065989682,71.79393005371094,2602800.0
2016-08-12,HCA,71.70085324458086,71.84980675789593,71.17953015296698,71.34709930419922,1469400.0
2016-08-15,HCA,71.42153528922326,72.42694962266677,71.23534350386869,72.07318878173828,2070800.0
2016-08-16,HCA,71.68223306391711,71.68223306391711,70.85369873046875,70.85369873046875,2648400.0
2016-08-17,HCA,70.69542617989092,70.69542617989092,68.22843933203137,68.90802001953125,5272600.0
2016-08-18,HCA,68.65668809491595,69.89483753058225,68.181907652951,69.50384521484375,2282300.0
2016-08-19,HCA,69.05698551321964,69.55969291746989,68.80563536234139,69.36419677734375,1891300.0
2016-08-22,HCA,69.36418593269396,69.82034352167094,69.19661682414224,69.62484741210938,1314700.0
2016-08-23,HCA,69.83895443523947,70.34166172692245,69.55036597431656,69.79241180419922,1170800.0
2016-08-24,HCA,69.72724991458975,69.8110309161339,68.79631201747237,68.90802001953125,2815600.0
2016-08-25,HCA,69.0383511316305,70.2485660184521,68.74975558195287,69.83895111083984,2653700.0
2016-08-26,HCA,69.78311589602947,70.22996928845859,68.60082768881111,69.13146209716797,2794400.0
2016-08-29,HCA,69.07559670412955,69.95999206492296,69.02905406566249,69.78311157226562,1486900.0
2016-08-30,HCA,69.7831150496456,70.9095492325832,69.7831150496456,70.86300659179688,1845500.0
2016-08-31,HCA,70.61165939410427,70.89094368855474,69.82036336315412,70.33238220214844,1932600.0
2016-09-01,HCA,70.36960348718256,70.65819911113512,69.59693030690607,69.96930694580078,1953000.0
2016-09-02,HCA,70.34167878461547,71.38433198714989,70.14618264085787,71.22607421875,2105300.0
2016-09-06,HCA,70.98402255535518,71.01194955897805,69.76449604720202,70.89093017578125,4533900.0
2016-09-07,HCA,71.1515850235524,73.80475665692592,70.56509669485699,72.73417663574219,3536700.0
2016-09-08,HCA,72.61315145932465,72.71555518983845,72.0452788091998,72.59453582763672,1422100.0
2016-09-09,HCA,72.1104494346722,72.41766064862622,70.69542694091797,70.69542694091797,1834800.0
2016-09-12,HCA,70.15548008528103,72.147686605279,69.76448787537319,71.72876739501953,2779700.0
2016-09-13,HCA,70.88163818279162,71.3005575566339,70.30445390766883,70.90026092529297,1740700.0
2016-09-14,HCA,70.76990233966394,70.76990233966394,68.93596047932333,69.94136810302734,4022500.0
2016-09-15,HCA,69.80173737078695,70.63957592486999,69.54106875346811,70.18341827392578,1951700.0
2016-09-16,HCA,70.05309365408473,70.75129724532147,69.69933972475604,70.09033203125,3955000.0
2016-09-19,HCA,70.21135250641986,71.40295218399721,70.20204823885658,70.61165618896484,1441700.0
2016-09-20,HCA,70.75127602773904,70.87229539036302,69.522438359778,69.77378845214844,2362700.0
2016-09-21,HCA,69.77380805459455,70.65820351490105,69.56900763780726,70.22997283935547,2808600.0
2016-09-22,HCA,70.78854878109058,71.41227573393891,70.60235686065377,71.10506439208984,2366600.0
2016-09-23,HCA,71.65430251010088,72.00805641055028,70.77921847439166,70.86300659179688,1959200.0
2016-09-26,HCA,70.53719559989365,70.73269890343902,69.3362913795181,69.7365951538086,2991700.0
2016-09-27,HCA,69.70863360728687,70.16479833273326,69.48521048007412,69.94136810302734,1833000.0
2016-09-28,HCA,70.09963034286557,70.40683446788752,69.2338577669101,70.22064971923828,2171100.0
2016-09-29,HCA,70.18342785209511,70.78853908123166,69.5131512353589,70.06240844726562,2452200.0
2016-09-30,HCA,70.30442609821924,70.64887567329218,69.57829568278822,70.40682983398438,2572600.0
2016-10-03,HCA,69.97860521611676,70.00653221870446,68.92664787118629,69.40142822265625,1961000.0
2016-10-04,HCA,69.47590067022364,69.96930377835707,68.94526629213044,69.3548812866211,1905200.0
2016-10-05,HCA,69.51313510359735,69.92275007487648,69.40142709506152,69.57830047607422,1306400.0
2016-10-06,HCA,69.50383626981795,69.69933240252718,68.9918175157032,69.4479751586914,1790800.0
2016-10-07,HCA,69.52245014290506,70.17410390208401,68.7590812667983,69.10353088378906,2189500.0
2016-10-10,HCA,69.40144232548174,70.98403434865058,69.40144232548174,70.70475006103516,3811700.0
2016-10-11,HCA,70.98402784386529,70.98402784386529,69.87620926766792,70.52787017822266,2767900.0
2016-10-12,HCA,70.63025760927498,71.61704946268706,70.21133131306806,71.5798110961914,3645900.0
2016-10-13,HCA,71.64499986084806,74.8567407707382,71.57052310353302,74.74502563476562,6765600.0
2016-10-14,HCA,74.93117641175694,75.66661807578852,74.41916491824797,74.77291870117188,2868600.0
2016-10-17,HCA,74.72637389663626,75.16391579795601,74.42847408547051,74.83808898925781,2183800.0
2016-10-18,HCA,75.50837237422748,76.68135609730577,75.18254553517583,76.35552215576172,2660100.0
2016-10-19,HCA,76.1414115341225,76.5324037467069,75.35942000646118,76.17864990234375,3146700.0
2016-10-20,HCA,76.25313717105763,76.61620243324668,75.71319141100956,76.34622955322266,2347300.0
2016-10-21,HCA,76.03903276036294,76.3369327014395,75.52701390734315,76.09488677978516,1325000.0
2016-10-24,HCA,76.33690965086652,76.62549813406604,76.03900979974333,76.07624816894531,1796300.0
2016-10-25,HCA,76.0483241018848,76.4858660787742,75.04290940211678,75.36873626708984,2106300.0
2016-10-26,HCA,74.82881578396113,74.82881578396113,73.25553493318955,73.47895812988281,3690600.0
2016-10-27,HCA,73.6186060534791,75.46185999983938,73.48827525333225,73.83271789550781,4621700.0
2016-10-28,HCA,73.85130072575394,73.92577745772748,70.9933218343217,71.9708023071289,4814100.0
2016-10-31,HCA,72.07323969849992,72.12910082481505,70.98404361904268,71.24470520019531,3310200.0
2016-11-01,HCA,71.49602520463365,71.70082555260313,69.7924073421521,70.19271087646484,3083400.0
2016-11-02,HCA,70.22996714202593,70.62095940939297,69.8017365012201,69.91344451904297,3145000.0
2016-11-03,HCA,70.24858288438078,71.0212631538009,68.24706469958494,68.34016418457031,3197900.0
2016-11-04,HCA,68.83357516080927,70.35100192237816,68.49843682902186,70.12757873535156,3801200.0
2016-11-07,HCA,71.87773534198975,74.29817316647402,71.87773534198975,74.12129974365234,5036000.0
2016-11-08,HCA,73.62788581138703,75.65733101268076,73.13448978901864,75.29426574707031,3542900.0
2016-11-09,HCA,63.94614198755862,67.34406045695172,62.372854285761406,67.17649841308594,23023700.0
2016-11-10,HCA,67.49301962255777,68.83357290579036,65.52873944879133,67.08340454101562,9313100.0
2016-11-11,HCA,66.35727317640162,66.59000772435617,63.322412682375784,64.7746810913086,8891600.0
2016-11-14,HCA,64.77467289403742,67.66989087240012,64.77467289403742,66.97168731689453,5982300.0
2016-11-15,HCA,68.06090028826273,68.88943481445312,67.04617383891427,68.88943481445312,4393200.0
2016-11-16,HCA,69.00113507690637,69.12215447396964,67.90262782608224,68.46118927001953,2723200.0
2016-11-17,HCA,68.3680995431796,69.94138017626861,68.2470730389074,69.50384521484375,3483400.0
2016-11-18,HCA,69.52247462355488,69.79244759099151,67.32545960113569,67.390625,4314300.0
2016-11-21,HCA,67.5488574308629,68.52634514904928,67.15786518458559,67.90261840820312,3173300.0
2016-11-22,HCA,67.9584602359289,68.2842870494384,65.10979280568597,65.24942779541016,4934700.0
2016-11-23,HCA,64.79328866670413,66.54345679511546,64.40229637939713,66.09660339355469,2985900.0
2016-11-25,HCA,66.32003649704987,66.4783013916133,65.71492523635244,66.45967864990234,787600.0
2016-11-28,HCA,66.31071344076578,66.44104418583595,65.39839112278169,65.57527160644531,2144500.0
2016-11-29,HCA,65.07259569958386,66.67381088691354,64.7839999653582,66.5807113647461,2099500.0
2016-11-30,HCA,66.76687427277211,66.84135101712106,65.47287102530566,65.99419403076172,2367400.0
2016-12-01,HCA,66.03143337055641,67.44645602145559,65.8638642445624,66.28278350830078,2063400.0
2016-12-02,HCA,66.50621872668226,67.1951109173775,65.40771150787388,65.45425415039062,1805900.0
2016-12-05,HCA,65.70560455322266,66.01281579225068,65.16565881841458,65.70560455322266,2511900.0
2016-12-06,HCA,65.69629511856836,66.47828674070495,65.52872599257434,66.28278350830078,2853200.0
2016-12-07,HCA,66.1431530844098,67.95847949006466,65.83594181499318,66.99030303955078,3115800.0
2016-12-08,HCA,67.12995446684224,67.85608512965179,65.77078554113554,67.53025817871094,3093100.0
2016-12-09,HCA,67.6326313774696,68.9173229615309,67.39989693164381,68.19119262695312,2403900.0
2016-12-12,HCA,68.4984382511824,70.3603147542154,68.09813451893051,68.86150360107422,3575200.0
2016-12-13,HCA,68.8056565947567,69.54109163824978,68.49844523583168,68.84288787841797,2139800.0
2016-12-14,HCA,68.71253566665571,68.79632378502427,67.60472420929075,68.02364349365234,2563400.0
2016-12-15,HCA,67.93985047982491,69.78310352849603,67.86537374387048,69.31763458251953,2505500.0
2016-12-16,HCA,69.72725267817579,69.77379531338084,68.34015714519234,69.03836059570312,6243300.0
2016-12-19,HCA,68.66598077669747,69.04766161842146,68.09810809541943,68.42393493652344,1955500.0
2016-12-20,HCA,68.61012864150482,68.69391675587906,68.21913638107404,68.2843017578125,1793600.0
2016-12-21,HCA,68.28430053397341,68.8242462758396,68.10742714456384,68.44255828857422,1078000.0
2016-12-22,HCA,68.51702701488247,69.38279953328794,68.42393464674593,68.85216522216797,1557000.0
2016-12-23,HCA,68.79631163582346,69.45727668681097,68.61011979593738,69.31763458251953,1048500.0
2016-12-27,HCA,69.35488321753827,69.95068298838878,69.01043358962733,69.2338638305664,1058900.0
2016-12-28,HCA,69.27110034939048,69.45728510936128,68.15397048208568,68.47979736328125,1292900.0
2016-12-29,HCA,68.19123311419517,69.08493306448445,68.19123311419517,68.78703308105469,1036300.0
2016-12-30,HCA,68.7497622816195,69.13145022863402,67.8281357521712,68.90802001953125,1711100.0
2017-01-03,HCA,69.22454221382273,69.63415715907962,68.44255069128614,69.31763458251953,2065400.0
2017-01-04,HCA,69.94137697181267,71.98013368581769,69.42005390804644,71.80325317382812,3232300.0
2017-01-05,HCA,71.42154433023549,72.08250927131016,71.36569033880394,71.50532531738281,2808800.0
2017-01-06,HCA,71.3657219598275,71.97082607509141,71.2819338330637,71.32848358154297,1872300.0
2017-01-09,HCA,70.78855047265687,75.46185769861339,70.78855047265687,73.46965026855469,4616400.0
2017-01-10,HCA,73.39513624031171,73.75820853390566,72.43627139701749,72.864501953125,2319500.0
2017-01-11,HCA,73.20899090873418,74.13061788191432,72.85523689440643,73.83271789550781,1837500.0
2017-01-12,HCA,73.67444602155666,73.9164919338505,73.11588454145091,73.65583038330078,1482900.0
2017-01-13,HCA,73.76752752403814,74.29816191715017,73.63719676801018,73.9164810180664,1436600.0
2017-01-17,HCA,75.38735479003084,76.52309306981532,73.36721413512356,75.34080505371094,3645000.0
2017-01-18,HCA,75.6387165584839,75.71319330707843,74.139905729864,74.22369384765625,2845200.0
2017-01-19,HCA,73.97235338255295,74.29818035347347,73.1438188982857,73.19036865234375,2560100.0
2017-01-20,HCA,73.12517854152365,74.33539361052676,73.10655580519689,74.20506286621094,1882500.0
2017-01-23,HCA,73.59996498884158,74.78226037051711,72.67833824507063,74.32609558105469,4095700.0
2017-01-24,HCA,74.10267672201282,74.80088034772744,73.56273088019482,74.78226470947266,2010600.0
2017-01-25,HCA,74.86602653031665,75.53630297545881,74.56812667719709,75.00566864013672,2994300.0
2017-01-26,HCA,74.949829033895,75.72250226533141,74.60537937717446,74.73571014404297,1855000.0
2017-01-27,HCA,75.01497431332444,75.03358994539063,73.88854035727704,74.0281753540039,1481900.0
2017-01-30,HCA,74.0002717034387,74.0002717034387,72.98555252709787,73.8140869140625,1911900.0
2017-01-31,HCA,74.19576433701967,74.93120629434573,73.07864144886273,74.73571014404297,3077300.0
2017-02-01,HCA,75.25704448238152,76.90480915705857,75.1546478095015,76.29969787597656,3091200.0
2017-02-02,HCA,76.07623829569393,77.13750682149356,75.8062654808864,76.60687255859375,2316200.0
2017-02-03,HCA,77.0816733396594,78.31051128090066,76.86755446317703,78.01261138916016,2847300.0
2017-02-06,HCA,78.02191640137988,78.44084278915437,76.88617083373764,76.96064758300781,2819700.0
2017-02-07,HCA,77.03512292942159,77.49128058103052,76.53241553474305,76.88616943359375,1455400.0
2017-02-08,HCA,76.62551843245929,77.62162198938277,76.38347962226842,77.26786804199219,1918200.0
2017-02-09,HCA,76.93271707432855,78.1708663402116,76.93271707432855,77.86365509033203,1286800.0
2017-02-10,HCA,77.87297759877876,78.27328128702271,77.36095877573612,77.85435485839844,1347000.0
2017-02-13,HCA,77.90090669443094,78.4036141607549,77.80781429751791,77.96607208251953,1323300.0
2017-02-14,HCA,77.81710263410227,78.48737911864299,77.73332162478125,77.92881774902344,1934400.0
2017-02-15,HCA,77.96608062556508,78.77599948269318,77.61232663753549,78.46878814697266,2867700.0
2017-02-16,HCA,78.58977065037132,79.0180012039392,77.91019000541284,78.32910919189453,1519500.0
2017-02-17,HCA,78.0312359455999,78.80391631961697,77.41682045598601,78.78529357910156,1813600.0
2017-02-21,HCA,79.0925034213274,80.42374524393101,78.87839162679704,79.81863403320312,2170600.0
2017-02-22,HCA,79.455552851305,80.17237905235996,79.01801087708836,79.97688293457031,1701700.0
2017-02-23,HCA,80.06067967891059,80.62855250994892,79.46487984019731,80.47959899902344,2207800.0
2017-02-24,HCA,80.04206639483336,81.40123526076866,79.76278210488323,81.0567855834961,1857000.0
2017-02-27,HCA,80.94505505739914,81.89461578069947,80.94505505739914,81.71773529052734,2606000.0
2017-02-28,HCA,80.87990381248348,81.5688031564054,80.78681141810047,81.21504211425781,2171400.0
2017-03-01,HCA,81.87599734497124,82.38801610526693,81.39191269182277,81.95978546142578,1646500.0
2017-03-02,HCA,81.66185105937078,82.07146589448088,81.26154758937423,81.30809020996094,1290700.0
2017-03-03,HCA,81.33604742373582,82.4997198065165,81.20571668506379,82.41593170166016,1339700.0
2017-03-06,HCA,82.18320428361761,82.30423076741671,81.62464291240794,81.71773529052734,1350900.0
2017-03-07,HCA,81.3639896907997,81.61533984754428,80.46097861593167,80.64716339111328,1990700.0
2017-03-08,HCA,80.52613058703372,81.78289536644841,80.2933961055683,80.50751495361328,2763700.0
2017-03-09,HCA,80.56337143962644,81.57809040089651,80.29339858050588,80.88919830322266,1907600.0
2017-03-10,HCA,81.32673725506166,81.41051825866072,79.65104615815397,79.82792663574219,2620300.0
2017-03-13,HCA,80.04204842228286,80.04204842228286,78.34774162984294,79.12041473388672,2505900.0
2017-03-14,HCA,78.45944787507578,78.57116298395916,77.31439819461562,77.90088653564453,2663800.0
2017-03-15,HCA,78.1987973113854,79.86517729686776,78.01261253973676,79.64175415039062,2395600.0
2017-03-16,HCA,79.53003330375704,79.8093175436294,78.1056993058931,78.43152618408203,4014200.0
2017-03-17,HCA,78.61770849838143,78.87837709532255,78.04983577012254,78.74803924560547,2528900.0
2017-03-20,HCA,78.72012846695303,78.91562462808022,77.77057466969316,78.12432861328125,1875100.0
2017-03-21,HCA,78.13365041367116,78.65497357960204,75.88078147233223,76.91412353515625,2659600.0
2017-03-22,HCA,76.80238412568332,77.01650298834284,75.74111538596425,76.8396224975586,2531100.0
2017-03-23,HCA,76.82099821254684,78.39428565573505,76.69997883326046,77.42610931396484,3160000.0
2017-03-24,HCA,77.86365535355934,80.50752302124371,77.649543586551,80.09790802001953,5855200.0
2017-03-27,HCA,81.89463189485741,84.74330042029585,81.6991357315915,84.24059295654297,8584400.0
2017-03-28,HCA,83.77507953806338,83.94264860397006,81.96906527494775,83.43994140625,4933200.0
2017-03-29,HCA,83.2072460315059,84.17542252188912,82.5369765558506,83.0303726196289,3553300.0
2017-03-30,HCA,82.79763887187137,83.2910349403015,82.59283134856207,83.08622741699219,1923400.0
2017-03-31,HCA,82.93727727099589,83.1234691645056,82.42526554445682,82.84418487548828,1709000.0
2017-04-03,HCA,82.82555207125378,83.24447131546152,82.42524846129155,83.16069030761719,1838100.0
2017-04-04,HCA,82.77902154490903,82.79764428596991,80.31203393894906,81.61534881591797,3326400.0
2017-04-05,HCA,82.12734242998948,83.59822601221038,81.92253495620018,82.36007690429688,2094800.0
2017-04-06,HCA,82.36008471748117,82.60213058242071,81.68049686293702,82.59281921386719,2732800.0
2017-04-07,HCA,82.5090102064116,82.5090102064116,81.5315298306338,81.82942962646484,1185700.0
2017-04-10,HCA,81.84807741356269,82.40663886238707,81.53156186347674,82.15528869628906,1375400.0
2017-04-11,HCA,81.96908849534256,82.03425386707254,81.35466604546606,81.92253875732422,1102500.0
2017-04-12,HCA,81.47570353591772,82.19252988681758,81.01023446221448,82.1087417602539,1474600.0
2017-04-13,HCA,82.43456071880796,82.43456071880796,81.50362274164465,81.66188049316406,1045500.0
2017-04-17,HCA,79.12972927808826,79.96757489094313,78.33843340580601,79.7348403930664,4345200.0
2017-04-18,HCA,79.67898737527139,79.92103326634101,78.95285680455643,79.32523345947266,2295400.0
2017-04-19,HCA,79.40901976452918,79.87448879690626,78.58978972194947,78.76667022705078,2254400.0
2017-04-20,HCA,78.44084712460125,78.96217019331874,77.00720158313402,78.31051635742188,4299000.0
2017-04-21,HCA,78.25464999941005,78.40360349620579,77.55644646379078,77.77987670898438,1764400.0
2017-04-24,HCA,78.74804583181596,79.28799160261359,78.41291466984855,78.44084167480469,2108000.0
2017-04-25,HCA,78.56186271640586,79.15766250964903,78.40360494999615,78.76667022705078,1451400.0
2017-04-26,HCA,79.04594883263319,79.20420658772134,77.20268847118702,77.77056121826172,2634400.0
2017-04-27,HCA,77.76126363046545,78.22673271203413,77.15615240392725,77.67748260498047,1560800.0
2017-04-28,HCA,77.8264295168095,78.52463314363942,77.8264295168095,78.39430236816406,1464800.0
2017-05-01,HCA,78.394300747872,78.85045845260764,78.04985107552378,78.06847381591797,1780600.0
2017-05-02,HCA,78.4408414003831,79.99550622578124,78.25464953050411,78.88768768310547,3018300.0
2017-05-03,HCA,78.66428444151404,79.16699196361725,76.74655386283897,77.12823486328125,3307000.0
2017-05-04,HCA,76.87685326343752,78.07776400325059,75.79696189337587,77.7146987915039,2997000.0
2017-05-05,HCA,77.82639924496759,78.39427187543887,77.3888573392774,77.73330688476562,1350300.0
2017-05-08,HCA,77.95675868103612,78.18949321850249,77.70540850567,78.06847381591797,2060000.0
2017-05-09,HCA,78.2080933305001,78.45944343314166,77.98466312538274,78.3198013305664,1606400.0
2017-05-10,HCA,78.42221648520888,79.96757700108527,78.14293934188332,79.65105438232422,1935400.0
2017-05-11,HCA,79.15766571355557,79.4928039986313,78.60841564231671,79.39971160888672,1195000.0
2017-05-12,HCA,79.32523164540453,79.33454301475034,78.23603581424065,78.76667022705078,1225300.0
2017-05-15,HCA,78.68286551997589,78.86905735516997,77.98466211860575,78.03121185302734,1564800.0
2017-05-16,HCA,78.41293663056872,78.41293663056872,77.45406420940135,77.72403717041016,1414000.0
2017-05-17,HCA,77.29577589877746,77.40749100829707,75.8062766176467,75.93660736083984,3322600.0
2017-05-18,HCA,76.05762574119649,76.34622132805777,75.49906440588946,75.64801788330078,1664800.0
2017-05-19,HCA,75.91800108851211,77.31440816847866,75.81559733444841,76.4765625,1965600.0
2017-05-22,HCA,76.20661114571757,76.99790729412743,76.17868413262597,76.63484191894531,993900.0
2017-05-23,HCA,76.64415102804307,76.93273962479714,76.21592026745797,76.27177429199219,1353000.0
2017-05-24,HCA,76.20659395701404,77.04443967326088,75.67595952047338,76.73722839355469,1214900.0
2017-05-25,HCA,76.81170830906103,77.72402371348402,76.41140462273418,77.37026977539062,697400.0
2017-05-26,HCA,77.17477067973901,77.5285246043672,76.2996865842185,76.98857879638672,1139800.0
2017-05-30,HCA,76.63480213188463,77.500574600713,76.31828667784664,76.32759094238281,1235300.0
2017-05-31,HCA,76.28105505281812,76.87685475041334,76.08555894290336,76.25312805175781,2773100.0
2017-06-01,HCA,76.36485728663462,78.2267336348739,76.36485728663462,77.96607208251953,1794900.0
2017-06-02,HCA,77.86367709469522,78.31053059375529,77.25856579278913,77.57508850097656,1216600.0
2017-06-05,HCA,77.29577022268803,77.52850469022714,76.38345508733043,76.70928192138672,1378600.0
2017-06-06,HCA,76.70928333521744,76.94201780704607,76.01107991973153,76.78376007080078,1406100.0
2017-06-07,HCA,77.68677459153422,78.07777395613577,76.38346705117371,76.96995544433594,1509300.0
2017-06-08,HCA,77.09100745633738,77.68680747051476,76.48590317185777,77.08170318603516,2050000.0
2017-06-09,HCA,77.08167325936891,77.84504217506463,76.62550850179326,77.79849243164062,1959700.0
2017-06-12,HCA,77.67748205885873,79.13905468060884,77.67748205885873,78.9994125366211,2234700.0
2017-06-13,HCA,79.11110826337048,79.3717697468671,78.83182404391395,78.99008178710938,1288200.0
2017-06-14,HCA,79.26007786573196,79.772096717285,78.86908552590681,79.45557403564453,1711500.0
2017-06-15,HCA,78.99939113010588,79.33452934386605,78.14292996271547,78.21739959716797,1547400.0
2017-06-16,HCA,78.31982086666859,78.38498625045958,77.32371737015245,77.64955139160156,1915400.0
2017-06-19,HCA,77.8450435316424,78.84114697682962,77.45404414655037,78.76667022705078,1079100.0
2017-06-20,HCA,78.34774066683642,78.66425615815788,77.24923361035059,77.95674133300781,1681300.0
2017-06-21,HCA,78.03123480091101,78.99009995104926,77.75195051723247,78.24535369873047,1725500.0
2017-06-22,HCA,78.1801794266423,81.81083208682446,78.09639131006463,80.19100189208984,3249500.0
2017-06-23,HCA,80.40512989763546,80.60062605519552,79.60452252715464,80.28410339355469,4885900.0
2017-06-26,HCA,80.2747978576622,81.33606675478937,80.2003211028652,80.63786315917969,1420300.0
2017-06-27,HCA,80.46099971613084,81.02887266259661,79.94898079636803,80.07000732421875,1669500.0
2017-06-28,HCA,80.8612844431529,81.47569989972322,80.4889077803103,80.9729995727539,1516200.0
2017-06-29,HCA,81.2243351194724,81.72704245847086,80.13513943622218,80.8147201538086,1618300.0
2017-06-30,HCA,81.20572188583124,81.72704487390715,81.08469540467574,81.17778778076172,1727900.0
2017-07-03,HCA,81.43846042463976,81.76428730838023,80.97299141858385,81.16848754882812,695700.0
2017-07-05,HCA,81.27090323288314,81.91324572587195,81.0753999714361,81.21504211425781,1534900.0
2017-07-06,HCA,80.81472699027798,80.97299185107728,78.7480434559522,78.97147369384766,2319900.0
2017-07-07,HCA,79.08318335590968,80.51682878435061,78.85044884679577,80.19100189208984,1613200.0
2017-07-10,HCA,80.01411709614462,80.50752019506827,79.37177471517532,79.9489517211914,1253100.0
2017-07-11,HCA,80.01411807307124,81.10332092843514,79.79069494228855,80.43304443359375,1750700.0
2017-07-12,HCA,80.90783679168703,81.26159072639356,80.31202985047943,80.47959899902344,1016300.0
2017-07-13,HCA,80.42374707025297,80.7961237547336,80.07929739417186,80.59131622314453,1198900.0
2017-07-14,HCA,80.45166374715346,80.87989439344027,80.02343310086664,80.6564712524414,1057300.0
2017-07-17,HCA,80.47027667345361,81.0474536425321,80.2189194557965,80.52613067626953,955400.0
2017-07-18,HCA,80.9171321628843,81.14986667124683,79.31591760895115,79.93965148925781,2088700.0
2017-07-19,HCA,80.02345303166913,80.6751140837524,79.17630289720483,79.3438720703125,2308900.0
2017-07-20,HCA,79.33454235278742,80.76818781284587,79.14835047989389,79.83724975585938,2254700.0
2017-07-21,HCA,80.19102243006776,80.52616077722462,79.33456092177593,79.80934143066406,2150300.0
2017-07-24,HCA,79.81863565076021,80.63786577511485,79.59521248161555,80.14446258544922,2533300.0
2017-07-25,HCA,76.89547834429167,78.83183111318505,76.14142082762854,76.50448608398438,4952300.0
2017-07-26,HCA,75.40599651924634,76.77447685173559,74.65193882685229,75.99248504638672,4316000.0
2017-07-27,HCA,75.42461269108757,75.62011597067597,74.12130484379877,74.43782043457031,2816600.0
2017-07-28,HCA,74.57745515129925,75.98317373493563,74.54952814342805,74.8846664428711,2461800.0
2017-07-31,HCA,74.78226830247364,75.01500285556051,74.03751489159767,74.79157257080078,2016200.0
2017-08-01,HCA,74.90326317941638,75.31287813148265,73.71166379430643,73.80475616455078,3178900.0
2017-08-02,HCA,73.91646674090256,74.1678168354094,73.28342871854248,73.52547454833984,2714900.0
2017-08-03,HCA,73.04139743717427,73.86993172084365,72.9017553113044,73.50686645507812,1552100.0
2017-08-04,HCA,73.81406501814568,73.95370712000216,73.23688097830198,73.4230728149414,1156600.0
2017-08-07,HCA,73.3299668656918,73.66510503953648,72.99483579433883,73.06930541992188,1684700.0
2017-08-08,HCA,72.61315726386643,73.3485990679406,71.88702682762658,72.73417663574219,3036400.0
2017-08-09,HCA,72.82729959444653,72.85522660446279,72.2594267157995,72.53870391845703,1766800.0
2017-08-10,HCA,72.41765603562024,72.70624449565256,72.1942329408369,72.43627166748047,2519800.0
2017-08-11,HCA,72.26872007275843,74.18645733343571,72.26872007275843,73.88855743408203,2491800.0
2017-08-14,HCA,74.12127482181143,74.25160555375132,73.49754105896517,74.0281753540039,2036000.0
2017-08-15,HCA,74.29815556007298,74.62398952475752,73.4137673480539,73.7768325805664,1599200.0
2017-08-16,HCA,73.82337032775972,74.13057440364445,73.37651705898558,73.53477478027344,1275600.0
2017-08-17,HCA,73.3672557999272,73.95375155965796,72.3152979251272,72.4177017211914,1473800.0
2017-08-18,HCA,72.2780247795368,72.70625540147716,72.14769402948944,72.17562103271484,1360900.0
2017-08-21,HCA,72.15699829927254,73.02277082655164,72.082521563003,72.8552017211914,1703100.0
2017-08-22,HCA,72.94829110258912,73.47892539741493,72.82727173797699,73.34859466552734,1331100.0
2017-08-23,HCA,73.19035014688414,73.61858078646222,72.76211950730605,73.45101165771484,1789500.0
2017-08-24,HCA,73.64649833545128,74.16782129018067,73.44169085966686,73.78614044189453,1412600.0
2017-08-25,HCA,73.8885367670686,74.58674012674642,73.44168349177838,74.01886749267578,1245700.0
2017-08-28,HCA,73.94443495138849,74.2702619601169,73.4510387521003,73.69308471679688,1370100.0
2017-08-29,HCA,72.9110713946503,73.32999069685287,71.6543063855486,72.23148345947266,2808700.0
2017-08-30,HCA,72.11976482726318,72.3338765804583,71.54258073572862,72.0452880859375,1429200.0
2017-08-31,HCA,72.25009711989951,73.43238522815724,72.21285874843956,73.22758483886719,2127000.0
2017-09-01,HCA,73.41376554986928,73.73959240408016,72.75280047347218,73.23688507080078,1852100.0
2017-09-05,HCA,73.1531365041479,73.55344027467947,72.66904458966995,72.90177917480469,2151900.0
2017-09-06,HCA,73.02278556837273,73.02278556837273,70.88162513456764,71.9428939819336,2784800.0
2017-09-07,HCA,71.92427556636864,72.36181758526187,70.844384021654,71.09574127197266,2789000.0
2017-09-08,HCA,70.91884887235976,71.77531002810811,70.50923392722252,71.72876739501953,1921800.0
2017-09-11,HCA,72.43629553495096,73.3486180515354,71.69154927278487,72.93900299072266,1876800.0
2017-09-12,HCA,72.89247083866287,73.49757504425885,72.5294054743071,73.3207015991211,1362400.0
2017-09-13,HCA,73.18103947637073,73.5534161107515,73.04139735066624,73.48825073242188,1668600.0
2017-09-14,HCA,73.61859241496342,74.41919981182906,73.05071956131465,74.35403442382812,1840100.0
2017-09-15,HCA,74.35402789161057,74.82880120426668,73.2927590359767,73.76753234863281,2451700.0
2017-09-18,HCA,73.80476117329226,73.869926547135,71.69153510511222,72.31526184082031,2810100.0
2017-09-19,HCA,72.1756207262252,72.38042821899941,70.3416717622838,71.03057098388672,4522400.0
2017-09-20,HCA,71.09574769312214,72.52008189859058,70.96541692285014,72.38043975830078,2659900.0
2017-09-21,HCA,72.41767665383522,72.51076904462516,71.97082323455169,72.28734588623047,1366000.0
2017-09-22,HCA,72.09185489107927,73.48826216028667,72.09185489107927,72.81798553466797,3027100.0
2017-09-25,HCA,72.50143487906603,73.05069188627064,70.53715551027754,70.9840087890625,2730400.0
2017-09-26,HCA,71.45881153395993,72.46421929798312,71.44950016413269,72.28734588623047,1972000.0
2017-09-27,HCA,72.47351585929479,72.93898482062937,71.71945841473045,72.77141571044922,1949800.0
2017-09-28,HCA,72.45489617251539,74.08403744604558,72.38973080567388,73.6371841430664,1928100.0
2017-09-29,HCA,73.64651458466038,74.2050760311806,73.51618381722214,74.0933609008789,1455800.0
2017-10-02,HCA,74.27956194731229,74.8474348336966,73.59066964837699,74.40058135986328,1557900.0
2017-10-03,HCA,74.21437465783178,74.64260526338335,73.66511757294433,73.99095153808594,1696700.0
2017-10-04,HCA,73.7861653117481,74.13060790757864,71.98945426290587,72.32459259033203,2201200.0
2017-10-05,HCA,72.259393542421,73.23687395671575,71.79392464918779,71.92425537109375,3200400.0
2017-10-06,HCA,72.00806453892237,72.34320284138684,71.15160314484402,71.34709930419922,1998900.0
2017-10-09,HCA,71.12368174085455,71.24470115308786,69.33628205520358,70.10895538330078,2455300.0
2017-10-10,HCA,70.2392578125,71.06779192927893,69.72724625743567,70.2392578125,2817600.0
2017-10-11,HCA,70.21135508318878,70.61165878042497,69.85760113545464,70.31375885009766,1862800.0
2017-10-12,HCA,70.1275570798983,70.26719919210396,68.55426968053403,69.0942153930664,4312900.0
2017-10-13,HCA,66.56203936431943,69.55965961614598,66.26413961210321,69.42932891845703,4928000.0
2017-10-16,HCA,69.15936983269779,70.25787671791296,69.12213146849656,69.9972152709961,3428500.0
2017-10-17,HCA,70.39754834096239,72.93900561707626,70.09964840487042,71.5146713256836,3771300.0
2017-10-18,HCA,71.71948477619422,72.71558843548183,71.65431938175468,72.10116577148438,4521900.0
2017-10-19,HCA,72.89244543766863,74.42848739660025,71.55189249642633,74.279541015625,6572100.0
2017-10-20,HCA,74.61468426267349,75.53631092043511,74.42849239583198,75.45252990722656,3793200.0
2017-10-23,HCA,75.7131863858323,76.12279426067096,75.11738665652787,75.1732406616211,2277200.0
2017-10-24,HCA,74.95912582183456,75.35942945227285,73.65581828319212,74.07473754882812,2453100.0
2017-10-25,HCA,73.83268175119186,73.84199311878571,72.56660565313966,73.73027801513672,2922200.0
2017-10-26,HCA,73.94439409997379,74.08403619870943,71.40293063096011,71.5798110961914,3925400.0
2017-10-27,HCA,71.54257673676433,72.46420327605198,70.73266530322076,71.37500762939453,2899600.0
2017-10-30,HCA,70.99332286342421,71.58912252286483,70.70472729846641,70.9188461303711,2865600.0
2017-10-31,HCA,70.90024118207116,72.25009843522653,69.81103832889447,70.42546081542969,3483100.0
2017-11-01,HCA,70.49994865084452,72.17563304571055,70.09033359537989,71.52397918701172,3895600.0
2017-11-02,HCA,71.06780795080472,72.1197725021225,70.54648491103262,71.15159606933594,2395800.0
2017-11-03,HCA,71.5984494623504,72.13838813818847,70.49063090034096,71.15159606933594,2124500.0
2017-11-06,HCA,71.17021125248965,72.11977204316743,71.15159561654214,71.56121063232422,2455000.0
2017-11-07,HCA,71.67293109547836,72.79936548193535,71.60776570460878,72.53870391845703,1707700.0
2017-11-08,HCA,72.34319244304388,74.12128746456996,72.14769631178856,73.41377258300781,2653100.0
2017-11-09,HCA,73.06932807536133,73.99096189043634,73.04140106929735,73.92579650878906,2668800.0
2017-11-10,HCA,73.68373487361887,73.85130397668965,72.90174335845775,73.2461929321289,1804600.0
2017-11-13,HCA,73.10657737022854,73.10657737022854,71.88705057332513,72.34320831298828,1878000.0
2017-11-14,HCA,72.1476935353098,72.31526265600766,70.49062506534933,70.79783630371094,3323200.0
2017-11-15,HCA,70.49996439775005,70.5651297981753,69.67142273163468,69.75521087646484,2410200.0
2017-11-16,HCA,69.93206985062693,70.9561002994453,69.93206985062693,70.7233657836914,2608500.0
2017-11-17,HCA,70.37890040296138,70.68611159964604,69.79241211132974,70.04376220703125,1735500.0
2017-11-20,HCA,70.04376369471326,70.21133279623739,69.13144855502041,69.457275390625,2122700.0
2017-11-21,HCA,69.61554583660428,70.69543737750332,69.1500768143189,70.64888763427734,1860300.0
2017-11-22,HCA,70.60235641490735,72.79006707563063,70.2392910504672,71.7474136352539,1582000.0
2017-11-24,HCA,71.9428813454286,72.01735808365193,71.06779742753625,71.85910034179688,482300.0
2017-11-27,HCA,71.85911024614174,72.32457927045411,71.19814508391741,72.008056640625,1347700.0
2017-11-28,HCA,72.00806052955959,72.81797923250205,71.61706823261937,72.67833709716797,1272600.0
2017-11-29,HCA,72.64109727936395,75.95523457288803,72.38974712274582,74.60537719726562,3616000.0
2017-11-30,HCA,77.02580092339707,80.09789887691423,77.02580092339707,79.12972259521484,8262200.0
2017-12-01,HCA,78.83184217146214,79.01802695891824,77.01651563503479,78.24535369873047,3486400.0
2017-12-04,HCA,78.89700294338739,79.94896042573473,78.38498415408463,78.45014953613281,2258500.0
2017-12-05,HCA,78.48739838005483,78.48739838005483,76.69068734681488,77.4726791381836,2626700.0
2017-12-06,HCA,77.56577710118084,77.70541926349212,76.41141562423208,77.36096954345703,1760300.0
2017-12-07,HCA,77.30508591475862,79.80931119837055,76.53240573470468,79.18557739257812,3036900.0
2017-12-08,HCA,79.49281568658405,79.6417692140715,78.3198315163533,78.98079681396484,2683300.0
2017-12-11,HCA,78.95284552953801,79.8279294782489,78.77597214814436,79.10179901123047,2242800.0
2017-12-12,HCA,80.40512934605502,81.14057132563735,80.16308344204828,80.47959899902344,3107700.0
2017-12-13,HCA,80.5540709448762,82.20183532425888,79.53935184663551,81.54086303710938,3067300.0
2017-12-14,HCA,81.31746344996981,81.71776722455965,80.14447914030023,80.2003402709961,1729400.0
2017-12-15,HCA,80.6471509139036,82.56488789354503,80.51682017094163,82.35076904296875,3810900.0
2017-12-18,HCA,82.84417346678575,83.86820388133629,82.55558494970617,83.49583435058594,2573000.0
2017-12-19,HCA,83.61685525624226,84.0543972755622,82.57420208472438,82.69522857666016,2512000.0
2017-12-20,HCA,81.3360674818563,81.86670193516326,78.86908000148404,80.47959899902344,3414900.0
2017-12-21,HCA,80.54475973309079,82.30423924244269,80.45166734538546,81.77359771728516,1957400.0
2017-12-22,HCA,81.90392130277013,82.94656722727024,81.78289482761018,82.937255859375,1908900.0
2017-12-26,HCA,83.07691807760216,83.72857904064979,82.81625653338087,82.98382568359375,921900.0
2017-12-27,HCA,82.79762472636037,82.9465711071878,81.20572166146151,81.82013702392578,1698200.0
2017-12-28,HCA,82.07149322411445,82.38800871846902,81.5780901436612,82.21112823486328,1228000.0
2017-12-29,HCA,82.3694046240858,82.90934331377422,81.71774370516074,81.77359771728516,1242800.0
2018-01-02,HCA,81.92256646313943,83.6075624323669,81.72707028183365,83.32828521728516,1826900.0
2018-01-03,HCA,82.58351931734252,83.13277649840963,80.62855069662562,81.02885437011719,2402200.0
2018-01-04,HCA,80.37721440726669,80.74959117090448,79.50213718058829,80.0234603881836,2750300.0
2018-01-05,HCA,80.22824146950737,81.01953739186773,79.35315742931229,80.92644500732422,3079100.0
2018-01-08,HCA,80.65646923575632,80.93575348189204,79.87448471056577,80.75887298583984,1367400.0
2018-01-09,HCA,80.52613027705702,81.01021487154486,80.00480731337895,80.06066131591797,1842900.0
2018-01-10,HCA,79.81863704799346,80.47029803127334,79.05526802943302,79.0925064086914,1740800.0
2018-01-11,HCA,79.4276348650476,81.33606072592028,79.41832349576458,80.96368408203125,1911100.0
2018-01-12,HCA,81.32677439119807,82.88143972282167,80.73097441856991,82.66732788085938,1871300.0
2018-01-16,HCA,82.8814126430659,83.81235068394498,82.39732798690595,82.65798950195312,2394100.0
2018-01-17,HCA,82.89069954353354,83.49581051197998,82.47177328730533,83.22583770751953,1325600.0
2018-01-18,HCA,83.38412576203153,84.23128284658851,82.97451072312538,83.88683319091797,2124000.0
2018-01-19,HCA,84.08232228695613,86.87513636703991,83.84027641131735,86.5865478515625,4204200.0
2018-01-22,HCA,86.46552267917725,86.94030306871954,85.72077650797682,86.44690704345703,1844000.0
2018-01-23,HCA,85.93490489569662,86.30728160454355,84.8177818716508,85.39496612548828,1532400.0
2018-01-24,HCA,85.70214312233435,86.03728134361053,84.77120519712109,85.1715087890625,1165600.0
2018-01-25,HCA,85.66492634964537,86.8099834114299,85.50666856705966,86.41899108886719,2065800.0
2018-01-26,HCA,86.63310122296099,90.41271490923123,86.31658566387377,90.36616516113281,3621800.0
2018-01-29,HCA,90.0775816715949,91.62293538087728,89.7052049733659,90.87818908691406,3608600.0
2018-01-30,HCA,94.53675640304854,99.46141215524985,94.02473766388158,94.44365692138672,6562400.0
2018-01-31,HCA,94.95568299369104,96.05419019869821,93.31723000431732,94.17369842529297,3733500.0
2018-02-01,HCA,93.79201191033282,96.4172570216389,93.36378124423256,95.17910766601562,3193600.0
2018-02-02,HCA,94.5274400819423,95.1884051726513,92.71210682204394,92.80520629882812,2417600.0
2018-02-05,HCA,92.09769137103503,92.86106020339429,89.0162890395898,89.26763916015625,2670600.0
2018-02-06,HCA,88.0946621110753,92.28388319324668,87.61057746667704,91.89289093017578,3353800.0
2018-02-07,HCA,91.47397069965226,93.3730850892031,91.23192482875538,91.60430145263672,1894800.0
2018-02-08,HCA,91.79982431702506,92.39562424775299,89.28629380317251,89.34214782714844,2129300.0
2018-02-09,HCA,90.31029653059286,91.97667638742757,88.20637468141975,91.08296966552734,2532000.0
2018-02-12,HCA,91.72533402287577,92.16287608614851,89.76105397445629,91.49259948730469,1512200.0
2018-02-13,HCA,90.74784062670325,92.34904804286941,90.58027150027392,92.08838653564453,1139500.0
2018-02-14,HCA,91.47399081103654,94.01544815548941,91.12954111527958,93.01004028320312,2224800.0
2018-02-15,HCA,93.59652947239242,94.35989852854004,92.56318748019936,93.97821044921875,1999600.0
2018-02-16,HCA,93.76409582791177,95.16050311581158,93.36379212128071,94.0247573852539,1893500.0
2018-02-20,HCA,93.72685744793507,94.406445453144,93.59652666926401,94.0247573852539,1413300.0
2018-02-21,HCA,93.72682025585533,94.81601580361081,93.36375507327018,93.41960906982422,1340000.0
2018-02-22,HCA,93.96888081934881,94.89981878790985,93.24275034027009,93.59650421142578,1485500.0
2018-02-23,HCA,94.27608945735167,94.41573157980915,92.926232179414,93.87578582763672,1650700.0
2018-02-26,HCA,93.74545727626887,93.8850994020068,92.20941520063224,93.11241912841797,1815400.0
2018-02-27,HCA,93.42894346282611,95.86800371585697,93.14965920624087,94.54606628417969,3133000.0
2018-02-28,HCA,94.56476090704818,95.16262109924203,92.69644602467845,92.71512603759766,2896100.0
2018-03-01,HCA,92.94866863114176,94.26583409001714,91.58479957481593,92.8832778930664,2312900.0
2018-03-02,HCA,92.48157269384085,94.94774739551224,92.31342409476986,94.70486450195312,2054700.0
2018-03-05,HCA,94.25647978565335,94.72355846930174,93.15417380716099,94.45265197753906,1755800.0
2018-03-06,HCA,94.60215446658337,95.04120975990142,93.81746535882547,94.34059143066406,1529400.0
2018-03-07,HCA,93.74271304484914,94.89173002029993,93.44378290013087,94.6395034790039,1686400.0
2018-03-08,HCA,94.82632646854921,95.98467973202673,94.54607637763336,95.61101531982422,1261100.0
2018-03-09,HCA,95.92860768610159,97.31115638752176,95.46152907374672,97.0589370727539,1614900.0
2018-03-12,HCA,96.92816875428201,97.33919314240497,96.0313785523933,96.7413330078125,2411100.0
2018-03-13,HCA,97.1430249119851,97.1430249119851,95.51759305027473,95.82586669921875,1798600.0
2018-03-14,HCA,96.06873792502505,96.68528519362292,94.91038481296668,95.21865844726562,1737600.0
2018-03-15,HCA,95.50824318379752,97.03092418918907,95.29339098958773,96.35832977294922,1349600.0
2018-03-16,HCA,96.3676695752404,97.08696755351609,95.73244233218136,96.00334167480469,2068900.0
2018-03-19,HCA,95.8258623204345,96.05005808803308,94.94775213401219,95.90059661865234,1115800.0
2018-03-20,HCA,95.98465871692845,96.00333872627358,93.18218692957288,93.9762191772461,1576400.0
2018-03-21,HCA,93.48112505059414,95.09722039026288,93.48112505059414,94.25647735595703,1959800.0
2018-03-22,HCA,93.87347366417907,95.0224903841365,93.088784881422,93.21956634521484,1740700.0
2018-03-23,HCA,93.69599292349534,94.9197368740958,92.09857744905163,92.27606964111328,1901700.0
2018-03-26,HCA,93.13547681483357,93.40638327793405,90.48247359338775,91.52873229980469,1927600.0
2018-03-27,HCA,91.78098545888933,92.40686934898045,90.54789769505828,91.01497650146484,2374000.0
2018-03-28,HCA,91.3138957855351,92.16398253301654,90.73471556877665,90.75340270996094,1929300.0
2018-03-29,HCA,91.26715793843218,91.37925937105709,89.49226491438877,90.61325073242188,3301600.0
2018-04-02,HCA,90.92155825265542,91.50073138635754,88.43669568852478,89.04389953613281,1979500.0
2018-04-03,HCA,89.42689005054557,90.77207184529583,89.06256211167717,90.67865753173828,2390700.0
2018-04-04,HCA,89.58568514156087,90.94955392370306,89.55766156331312,90.48247528076172,2638700.0
2018-04-05,HCA,90.61327604763805,91.92109795208732,90.33302595130749,91.7716293334961,3632600.0
2018-04-06,HCA,91.32322052517436,91.70622131580332,89.4175387595311,89.9032974243164,1965700.0
2018-04-09,HCA,90.37042287718523,91.13643198217592,89.93136757425306,89.96873474121094,1249900.0
2018-04-10,HCA,90.84678156121828,90.92151584266118,89.93130443117605,90.5478515625,2080400.0
2018-04-11,HCA,90.05277008891306,90.75338810237392,89.79120717088314,89.85659790039062,1472200.0
2018-04-12,HCA,90.3143193539028,90.77205439125822,89.9406550444671,90.26760864257812,1256700.0
2018-04-13,HCA,90.1741902317992,90.35168237426826,89.41752520683713,89.9406509399414,1953300.0
2018-04-16,HCA,90.60391691987306,91.33255849275236,90.01540037109858,91.0242919921875,1738000.0
2018-04-17,HCA,91.36059001202892,91.59412934526308,89.89396328440053,91.2765121459961,2419700.0
2018-04-18,HCA,91.45403283737328,92.93000359414788,91.36995494512306,92.22938537597656,1935200.0
2018-04-19,HCA,92.04254478721332,92.34147492633498,91.53809884112238,91.93045043945312,1133200.0
2018-04-20,HCA,91.9864748536386,92.20132705172375,90.86548176400083,91.03363037109375,1581000.0
2018-04-23,HCA,91.03364164081395,91.2952117163829,90.04343701371262,90.51985931396484,2796400.0
2018-04-24,HCA,91.14573737753793,91.19244809843418,89.67911054229306,90.43577575683594,2534000.0
2018-04-25,HCA,90.26762339562823,91.94910949937858,89.41754390160534,91.93976593017578,1847500.0
2018-04-26,HCA,90.25828073440321,90.51984363761852,88.43666972634585,89.06255340576172,3335000.0
2018-04-27,HCA,89.15598583762812,90.00606537796375,89.07190796433247,89.91265106201172,1663900.0
2018-04-30,HCA,90.21157053429201,90.56654774396254,89.43621826171875,89.43621826171875,3189000.0
2018-05-01,HCA,90.2676242340875,90.37972568439716,86.9046591224047,89.86593627929688,3119000.0
2018-05-02,HCA,89.2026809317299,92.7898487643127,88.99716517998624,91.30453491210938,2737900.0
2018-05-03,HCA,90.75339121631913,90.91219626099267,88.0256533674768,89.5296401977539,2281200.0
2018-05-04,HCA,89.90331638659536,91.28587263145285,89.2680889973997,91.12706756591797,1506500.0
2018-05-07,HCA,91.22981862974113,91.73425737342191,90.84681065995667,91.19245147705078,1268400.0
2018-05-08,HCA,91.47269722224519,91.51940794629706,90.5385397576543,90.9869384765625,2081500.0
2018-05-09,HCA,90.95890685989555,93.70532471684419,90.66931322504993,93.52783966064453,2273300.0
2018-05-10,HCA,93.9014867366332,95.16260476744435,93.64926740670364,94.7889404296875,1724700.0
2018-05-11,HCA,94.68619259823411,95.49891208449905,94.3498953713007,95.07853698730469,1948700.0
2018-05-14,HCA,95.28405275121457,95.7698114528655,94.88236479276941,95.07853698730469,1769200.0
2018-05-15,HCA,94.54606986001704,95.02249213090906,94.01360042562786,94.40594482421875,1096900.0
2018-05-16,HCA,94.59278831396279,96.54517402397957,94.25649105137663,96.14348602294922,2154000.0
2018-05-17,HCA,95.92862180718672,97.2177564013126,95.17194949738982,96.3116226196289,1878200.0
2018-05-18,HCA,96.43308981021758,96.77872355239346,95.88193313371465,96.0594253540039,1214100.0
2018-05-21,HCA,96.77870825930668,97.63813138385139,96.74134110688445,97.02159118652344,1353400.0
2018-05-22,HCA,97.13369627622257,97.94640870886793,96.59188323642175,96.60122680664062,1681100.0
2018-05-23,HCA,96.21819603556001,97.01222826675331,95.58296882519454,96.69461822509766,3101800.0
2018-05-24,HCA,96.46109930283377,97.02159234172977,95.77916123535559,96.7787094116211,1181500.0
2018-05-25,HCA,96.61056645386645,97.23645026522681,96.61056645386645,96.86279296875,1165300.0
2018-05-29,HCA,96.23689916736296,96.72266504162141,95.48957746958548,96.47978210449219,1064900.0
2018-05-30,HCA,97.29246989670189,98.50686993168127,96.86275845721194,97.99308776855469,1623300.0
2018-05-31,HCA,97.93687216806393,98.22743527542497,96.41847559472174,96.67153930664062,1889400.0
2018-06-01,HCA,97.28078994535504,97.94626129316043,96.85900749612706,97.77754974365234,1274800.0
2018-06-04,HCA,97.77750991720922,98.40548875923574,97.72127514058374,97.76813507080078,1919900.0
2018-06-05,HCA,97.74941393482607,98.5086121891756,97.51509277968962,97.71192169189453,1396200.0
2018-06-06,HCA,97.78689936751039,98.52735502428312,97.56194592558782,98.08683013916016,1703500.0
2018-06-07,HCA,98.46175714807902,98.87415753901826,98.22743598128294,98.7148208618164,1809100.0
2018-06-08,HCA,98.35866599827658,98.799190984082,97.15894263747946,98.78044128417969,1939000.0
2018-06-11,HCA,98.8835072334457,100.39253573581111,98.8835072334457,99.76455688476562,1875300.0
2018-06-12,HCA,100.0645131038112,100.242592328013,99.3802921501389,99.64273071289062,1499100.0
2018-06-13,HCA,100.16762487584087,100.63626725584233,98.9397769776147,99.05225372314453,1431500.0
2018-06-14,HCA,99.08035350966283,99.93328592209087,98.63982860662101,99.36154174804688,1505500.0
2018-06-15,HCA,99.3240579841731,100.03639633821194,99.25844834307179,99.83019256591797,2046800.0
2018-06-18,HCA,99.71771301389505,100.37380940637429,99.21157844644776,99.30530548095703,954100.0
2018-06-19,HCA,98.78979026036409,99.6052232196643,98.52735173778868,98.90225982666016,1062100.0
2018-06-20,HCA,99.04283887530224,101.10486880511667,98.84601001329986,101.0298843383789,1600800.0
2018-06-21,HCA,101.2923345668634,102.02341532505154,100.64560598035243,100.82369232177734,1776600.0
2018-06-22,HCA,101.4329532660137,101.50793775962886,99.93329914828513,100.04576873779297,2811800.0
2018-06-25,HCA,99.78331701485982,99.97077822420017,98.11495158175745,98.62108612060547,2068700.0
2018-06-26,HCA,98.69605068321356,99.09908326330348,98.49921466540772,98.73353576660156,1828800.0
2018-06-27,HCA,98.87417259985695,98.87417259985695,97.64633178710938,97.64633178710938,1248000.0
2018-06-28,HCA,96.990211873145,97.14017368807023,96.02480274511193,96.62466430664062,1631500.0
2018-06-29,HCA,96.43721868460815,96.86836877273296,95.33122249301336,96.1654052734375,1258700.0
2018-07-02,HCA,95.87483392453613,96.76525135367226,94.94692425667981,96.71839141845703,1403100.0
2018-07-03,HCA,96.76525718083704,97.75878368946847,96.615295367839,97.35575103759766,741700.0
2018-07-05,HCA,97.49634653643,97.8337695838523,96.32474071924541,96.99021911621094,2002200.0
2018-07-06,HCA,97.17766698779756,98.86478211729094,97.02769802032529,98.62108612060547,1233600.0
2018-07-09,HCA,98.61171975219561,99.51151218166208,98.2649218482797,99.08973693847656,960500.0
2018-07-10,HCA,99.08036691403062,99.66148601488281,98.49924781317844,99.16472625732422,1024800.0
2018-07-11,HCA,99.01473654386965,99.58648067558609,98.79916510785989,98.90225982666016,1018000.0
2018-07-12,HCA,99.2115808694195,99.56775362053337,98.62109410176716,98.76168823242188,1370900.0
2018-07-13,HCA,98.70543774266334,99.98952020344576,98.67732034915001,99.86767578125,1111100.0
2018-07-16,HCA,99.82083649528631,100.21449441594932,99.5302804801659,100.13014221191406,1167000.0
2018-07-17,HCA,100.0457522936681,101.67663258261929,99.49275783370838,101.61102294921875,1805300.0
2018-07-18,HCA,101.44232001873839,101.58290699440211,99.78332219676324,99.90516662597656,1428500.0
2018-07-19,HCA,99.55839437519447,101.23613505521713,99.0147674652823,100.94557189941406,3015900.0
2018-07-20,HCA,101.21736312770939,101.51729391715749,100.32694560772993,101.22673797607422,1216200.0
2018-07-23,HCA,102.57642462047916,103.10130168622574,101.43293631217664,101.56415557861328,2038600.0
2018-07-24,HCA,101.22674762928705,101.65789773330202,100.52378410408367,101.37671661376953,2428100.0
2018-07-25,HCA,104.83526728913762,111.91176794861654,104.42286698200883,110.7214126586914,4998800.0
2018-07-26,HCA,111.90240031546547,116.70129971988227,111.36814841533989,116.50447082519531,3970000.0
2018-07-27,HCA,116.66383005483786,116.66383005483786,114.50807234194045,116.36389923095703,2252300.0
2018-07-30,HCA,116.59819738747089,118.48214130189828,115.55781098330303,116.27014923095703,1912800.0
2018-07-31,HCA,116.0077008640507,116.66380431277368,114.69550826843141,116.43885803222656,1650500.0
2018-08-01,HCA,116.86066430178778,119.26948585181533,116.41076447005013,116.76693725585938,2156100.0
2018-08-02,HCA,116.61696161786486,117.45114443565933,116.13895156558812,117.42302703857422,2112700.0
2018-08-03,HCA,117.90101259457518,122.11878549624272,117.81665327504886,121.9969482421875,2831900.0
2018-08-06,HCA,121.57520851411343,122.87803371559367,120.61917408584239,120.73164367675781,2199700.0
2018-08-07,HCA,119.97245119050145,121.50022995021631,119.84123189408506,121.3221435546875,1051100.0
2018-08-08,HCA,121.88448358961104,122.4187426786732,120.18800074496619,120.26298522949219,2009300.0
2018-08-09,HCA,120.44107747644381,120.53481166213751,119.1757446296368,120.1598892211914,1340500.0
2018-08-10,HCA,119.88808603585964,120.28174388256281,119.1944902287184,120.13177490234375,1286800.0
2018-08-13,HCA,120.18798438706636,121.88446700081548,120.12238191067733,120.5816421508789,973500.0
2018-08-14,HCA,121.10656792447821,122.13757256058342,120.86286473814975,121.85638427734375,1033200.0
2018-08-15,HCA,121.53769108445283,122.63431233867219,120.82535994462076,121.50020599365234,1724400.0
2018-08-16,HCA,122.26876923705562,122.381253110644,120.80660759685452,120.92845916748047,1510900.0
2018-08-17,HCA,121.52830289459395,123.60907547793468,121.52830289459395,123.31851959228516,1608300.0
2018-08-20,HCA,123.33727611457518,124.09647434633044,122.8405164246161,123.21543884277344,1112700.0
2018-08-21,HCA,123.19671026853085,123.91842353312235,122.1188242210809,122.41876220703125,2208900.0
2018-08-22,HCA,122.31564593231829,123.23418087810259,122.11880986445017,122.88739013671875,973300.0
2018-08-23,HCA,122.90611238234867,123.14043349080166,122.08129750400998,122.85924530029297,1245200.0
2018-08-24,HCA,122.99048483126252,123.38414264216244,121.93134866980914,123.1217041015625,692400.0
2018-08-27,HCA,123.20605571962308,123.59971352872589,122.5218419777416,123.02796936035156,876800.0
2018-08-28,HCA,123.27167597711448,123.95588973826561,121.97821863804322,122.07195281982422,1392400.0
2018-08-29,HCA,122.76552091143992,124.25581414925357,122.2687612661109,123.8434066772461,1296000.0
2018-08-30,HCA,123.42164786224923,124.21834561303945,122.70931660756196,123.52474975585938,958200.0
2018-08-31,HCA,122.9233097209666,126.10916549470653,122.90451009312191,126.03398132324219,1545800.0
2018-09-04,HCA,129.75549960497844,129.8588616929351,125.82720968587009,125.95877838134766,3377800.0
2018-09-05,HCA,125.91174534423384,126.79514101373358,124.73702011136879,125.73318481445312,1835800.0
2018-09-06,HCA,125.949401087726,126.27831569654724,123.62814183898685,124.33297729492188,1572200.0
2018-09-07,HCA,123.86303240163416,125.1599193178447,123.61868037372334,124.49268341064453,1403700.0
2018-09-10,HCA,124.88742525244358,124.94380978588191,123.08304848285752,123.58113098144531,1451000.0
2018-09-11,HCA,123.68450022066891,124.70885742505416,123.35557134150508,123.8442611694336,1707300.0
2018-09-12,HCA,123.89126025526802,124.3141585959674,122.34061388615447,123.58113098144531,2103200.0
2018-09-13,HCA,123.84428198726144,125.83661220077357,123.84428198726144,125.78022766113281,1547400.0
2018-09-14,HCA,126.0151920976882,126.61665117913768,125.5171094680464,125.58290100097656,990400.0
2018-09-17,HCA,125.95875660681921,126.11851754228744,124.37993253402024,124.70884704589844,866000.0
2018-09-18,HCA,124.88742712508657,126.40986691039754,124.88742712508657,125.72383117675781,1927600.0
2018-09-19,HCA,125.66742221864152,125.66742221864152,123.69387786280014,123.97581481933594,2461200.0
2018-09-20,HCA,124.82163043674825,125.73320416502942,124.40812479675523,124.70884704589844,1304400.0
2018-09-21,HCA,124.92498772300956,125.73319935025299,124.84981791853467,125.33849334716797,3714700.0
2018-09-24,HCA,125.31029009840212,126.83274379385313,125.31029009840212,126.22187805175781,1090800.0
2018-09-25,HCA,126.69181105020269,127.1993005671356,125.35732441738853,126.41928100585938,1896200.0
2018-09-26,HCA,126.889159335191,128.99425834841074,126.3910768479623,128.40220642089844,1965300.0
2018-09-27,HCA,128.4491707207401,130.5918831008797,128.34580864906408,129.99981689453125,2427000.0
2018-09-28,HCA,129.69910682367816,130.97720892833058,128.5243811517518,130.7422637939453,2013100.0
2018-10-01,HCA,131.52226740486293,132.0767344131662,130.7798471798362,131.8511962890625,1616000.0
2018-10-02,HCA,131.85120614741092,132.5560415177571,129.4077711275792,129.62391662597656,2151700.0
2018-10-03,HCA,130.29119024150341,130.68589639825504,129.59574739013252,130.3005828857422,1498800.0
2018-10-04,HCA,130.23479891655705,130.9584340028886,129.63333989854377,130.8362579345703,1389000.0
2018-10-05,HCA,130.84564087919645,132.41507266392728,129.9528522320627,130.60130310058594,1512900.0
2018-10-08,HCA,130.6106930811719,130.95842162584867,129.16343738520484,130.5167236328125,1215100.0
2018-10-09,HCA,130.7798392549114,132.61240810176116,130.25356454401202,131.17454528808594,1649800.0
2018-10-10,HCA,131.35312087113957,131.55987372262038,126.86097135244209,126.95494079589844,1642300.0
2018-10-11,HCA,128.19546844983134,129.37958678215062,124.27658527153426,124.45513153076172,1940600.0
2018-10-12,HCA,125.92121018778391,127.53763399818858,124.73707743137454,125.79903411865234,1605800.0
2018-10-15,HCA,125.89298380905225,126.1373215412043,124.69005175100666,124.7652359008789,1422600.0
2018-10-16,HCA,125.88357803310402,127.56579293029183,124.37053105972598,127.34024047851562,1908800.0
2018-10-17,HCA,128.1390619965849,128.74991351452164,126.09972592982469,128.2518310546875,1552000.0
2018-10-18,HCA,128.91902597566437,129.57688351116397,127.18983405013128,128.15780639648438,2227200.0
2018-10-19,HCA,128.13903923648405,128.69350612688487,125.33848384514545,125.65802001953125,2247300.0
2018-10-22,HCA,125.95877492177824,126.85156349799136,123.64692300189637,124.38934326171875,2356200.0
2018-10-23,HCA,122.43457519043638,122.98904212066658,119.82198712809112,122.76350402832031,2294500.0
2018-10-24,HCA,122.43458607662912,123.82545701609999,118.61908004948641,118.88221740722656,2084100.0
2018-10-25,HCA,119.35213139083396,120.98735473131342,118.89164092297689,119.40851593017578,1595600.0
2018-10-26,HCA,117.59472041618349,120.91215129454199,116.83350057656568,120.16032409667969,2469600.0
2018-10-29,HCA,121.44781203278929,124.12619179751374,121.03430637957749,121.2316665649414,4097500.0
2018-10-30,HCA,120.29190250490824,127.87593792880524,113.87320004889592,127.0677261352539,4695800.0
2018-10-31,HCA,126.7481555261279,128.90026029157792,125.01896333775548,125.48885345458984,2536200.0
2018-11-01,HCA,126.99256971048113,128.46801794262532,125.60168395926291,127.51884460449219,2013300.0
2018-11-02,HCA,128.29885398782275,129.9810549845236,125.74264955960413,126.34410858154297,2084300.0
2018-11-05,HCA,126.91733433732911,128.69351855808347,126.44744418009347,127.20866394042969,2047000.0
2018-11-06,HCA,126.88913342818155,128.09205100153878,126.18429824035934,127.09588623046875,1534300.0
2018-11-07,HCA,128.37399402919186,133.34542548003571,127.88530426063163,133.119873046875,2345200.0
2018-11-08,HCA,132.97891344885036,134.41677617145788,131.60682789098405,133.10108947753906,2216300.0
2018-11-09,HCA,133.35487974255275,135.49757865801647,133.11054191532125,135.28143310546875,1903200.0
2018-11-12,HCA,135.32836470214556,136.23056010972005,133.12928221731397,133.36422729492188,1426800.0
2018-11-13,HCA,133.56161499905477,134.74574773894608,132.07675992230696,133.01654052734375,1538400.0
2018-11-14,HCA,134.13487241209663,134.4450017109777,130.3005660894485,131.42831420898438,1985000.0
2018-11-15,HCA,130.73286825428835,131.19336586984892,127.7819580053892,129.44537353515625,2628200.0
2018-11-16,HCA,129.84007420912462,131.88878876685604,129.520552288363,131.841796875,2388800.0
2018-11-19,HCA,131.77603959265718,132.95076536684653,126.46628482928703,127.020751953125,2693700.0
2018-11-20,HCA,126.16552863928737,127.9980976956745,125.44189365910455,126.95494079589844,1653000.0
2018-11-21,HCA,127.91351275561351,128.24244163656147,126.44745760378706,126.6917953491211,1906100.0
2018-11-23,HCA,125.75200837998206,128.25182759313083,125.75200837998206,126.80455780029297,570000.0
2018-11-26,HCA,127.56577678745919,129.05063130895286,126.8609415972513,127.34961700439453,2047400.0
2018-11-27,HCA,126.86096766732477,130.13139960679246,126.61661557362986,129.7554931640625,1962000.0
2018-11-28,HCA,130.64827749350252,135.72308600572515,130.62008522820548,135.6855010986328,2458500.0
2018-11-29,HCA,134.87732826771736,136.96364254089053,134.257069572468,135.79830932617188,1819900.0
2018-11-30,HCA,135.87362295274986,136.56133868765903,134.54532621590184,135.6475372314453,2214300.0
2018-12-03,HCA,137.24907172864994,138.0121399636455,135.412052945377,137.81430053710938,1385000.0
2018-12-04,HCA,137.6352819690695,138.87879649701293,133.37715714667368,133.89529418945312,3066900.0
2018-12-06,HCA,132.7460203471615,133.74460422214628,128.58210613510755,132.6894989013672,2121900.0
2018-12-07,HCA,132.16187618188383,132.93437394821132,127.66825063777195,127.9885482788086,1829800.0
2018-12-10,HCA,127.75302752088287,128.3559466217686,122.40210792263753,126.34934997558594,1987400.0
2018-12-11,HCA,127.57405196855659,128.48785338498521,125.20005137512253,126.13269805908203,1169100.0
2018-12-12,HCA,127.59296362080603,129.4488281331746,126.97119884133808,127.14077758789062,2356600.0
2018-12-13,HCA,127.6306231300764,129.6466362996376,126.65088445760725,128.42196655273438,2377100.0
2018-12-14,HCA,126.58492234410497,126.58492234410497,118.26651666625081,119.3875732421875,2450300.0
2018-12-17,HCA,113.04745784452878,117.3903649250452,112.39743266196632,115.9866943359375,3510500.0
2018-12-18,HCA,117.15487124241118,119.8397474295936,116.2222315536773,118.0498275756836,2391100.0
2018-12-19,HCA,118.12518925558021,118.5114382420855,113.54676597880805,115.1671142578125,2103200.0
2018-12-20,HCA,114.79028293428671,115.56277368647078,111.85105333444712,112.90615844726562,2185400.0
2018-12-21,HCA,112.90616339340772,116.34469217032762,112.07715117025269,113.12284088134766,3192800.0
2018-12-24,HCA,112.77428796565279,113.5373562024161,109.01546103797429,109.40170288085938,971100.0
2018-12-26,HCA,109.96693181316611,114.26273345947266,109.44879469031567,114.26273345947266,1275000.0
2018-12-27,HCA,112.60469773861003,115.2895736694336,110.258964787192,115.2895736694336,1641600.0
2018-12-28,HCA,115.93957790744594,116.90990068320755,114.56416815674504,115.41202545166016,1117300.0
2018-12-31,HCA,116.32585254488559,117.62589589319533,115.96786428150172,117.2396469116211,1206400.0
2019-01-02,HCA,115.78887843194406,115.93018202423187,113.13225589909634,114.70550537109375,1501300.0
2019-01-03,HCA,113.81997141782578,115.46858050973367,112.21846831777566,112.51992797851562,1817300.0
2019-01-04,HCA,114.16853929877978,116.79689413623446,114.16853929877978,116.24107360839844,1487100.0
2019-01-07,HCA,116.45773387875866,118.24764634156324,116.33526119060839,117.230224609375,2906500.0
2019-01-08,HCA,118.70926609301456,119.33102344036527,117.11717859112048,118.87883758544922,1066600.0
2019-01-09,HCA,119.73608313593961,121.43179048545845,119.4911449945316,120.86656188964844,1857100.0
2019-01-10,HCA,120.34844248924182,122.29851808541441,119.72667800570319,122.2325668334961,960200.0
2019-01-11,HCA,121.72387209609909,122.17605796027154,120.82890144081163,121.65792083740234,1466100.0
2019-01-14,HCA,120.89484697798584,122.91085956314208,120.53685873281317,121.77095794677734,992800.0
2019-01-15,HCA,122.11010655053703,124.9457231764004,121.77096355914482,123.87177276611328,2168800.0
2019-01-16,HCA,124.10728097645291,125.56746590518382,123.62682004853501,124.64424896240234,1318000.0
2019-01-17,HCA,124.1731993886634,127.12185827342056,124.1166779643095,126.29283905029297,961800.0
2019-01-18,HCA,127.28200791903303,128.20522473044417,125.99138747223292,126.74502563476562,2233600.0
2019-01-22,HCA,126.01023692540107,126.62258599106659,123.88118149065413,125.2660140991211,2039800.0
2019-01-23,HCA,125.39789492529073,127.47985862763447,124.794975716761,126.03849029541016,1561200.0
2019-01-24,HCA,126.15155244468778,126.94288124145294,124.97397469662236,125.00223541259766,1187300.0
2019-01-25,HCA,126.09505928998927,126.66971793490352,124.91748127784791,125.20008850097656,1909800.0
2019-01-28,HCA,124.45585051609349,124.55006249559796,122.54346520493766,124.09786224365234,1812900.0
2019-01-29,HCA,127.17841960819082,130.09881869723424,124.36164795455812,130.03286743164062,2669700.0
2019-01-30,HCA,130.22126043778783,131.38942279950766,128.96831592373397,131.003173828125,2259000.0
2019-01-31,HCA,130.84300786566172,132.39740462082574,130.53212563968347,131.35171508789062,1880100.0
2019-02-01,HCA,131.01262021120047,132.80253295768782,130.37201032710976,131.61553955078125,1866700.0
2019-02-04,HCA,130.9372810531836,131.29525505297957,129.64664556462077,130.72059631347656,1334100.0
2019-02-05,HCA,131.01260425109626,132.33148565365815,130.9560684412186,131.62493896484375,1037300.0
2019-02-06,HCA,131.02197519213038,131.9640371238759,130.04222273326948,131.91693115234375,902600.0
2019-02-07,HCA,131.4553797305247,132.7931209756636,130.91841164245264,132.47280883789062,1241300.0
2019-02-08,HCA,131.80394164795675,132.29380370085974,130.09881116156222,131.44595336914062,996900.0
2019-02-11,HCA,131.26696881067397,131.49306895717578,129.35458332588115,130.62637329101562,1015400.0
2019-02-12,HCA,131.07854876709388,132.38801479829624,130.42852347557434,132.09597778320312,1076400.0
2019-02-13,HCA,132.31264787856568,133.16992802615627,131.56842498240542,132.72715759277344,745700.0
2019-02-14,HCA,132.12419350079875,134.4887639101188,131.49301369531634,133.9800567626953,1035600.0
2019-02-15,HCA,134.9315479333919,135.93956126065297,134.35688948858106,135.90187072753906,1176600.0
2019-02-19,HCA,135.47797629034318,136.81570302374587,134.72432357969566,135.27072143554688,1418800.0
2019-02-20,HCA,134.7997178083455,135.3272705010826,133.7917184221655,134.08375549316406,1640900.0
2019-02-21,HCA,134.07433904120498,134.52652500663845,132.98154311456912,133.78228759765625,1714600.0
2019-02-22,HCA,134.08370762673118,136.58016657605796,134.01775637631653,135.6946258544922,898100.0
2019-02-25,HCA,135.6946616473277,137.1171850698581,134.79028979400235,134.95985412597656,1433200.0
2019-02-26,HCA,135.02576331806526,135.61926704449468,133.97065835972583,134.2626953125,1332700.0
2019-02-27,HCA,133.45249077879583,134.8749990577043,130.15527416400676,130.76760864257812,1279300.0
2019-02-28,HCA,130.12521862445834,133.07295727891724,130.12521862445834,131.36288452148438,1718800.0
2019-03-01,HCA,131.66524471176407,132.78954122417176,130.62597539367067,130.8243865966797,1997100.0
2019-03-04,HCA,131.42901746782692,131.8163827056446,127.6215357796979,128.58522033691406,2334500.0
2019-03-05,HCA,128.8497709640556,129.00092559366894,127.33810933773269,127.9144287109375,2257000.0
2019-03-06,HCA,127.61210936955084,128.1033871609585,121.42376510000895,121.62216186523438,3543000.0
2019-03-07,HCA,121.83945475158106,122.44411644990993,119.39245835929161,119.88374328613281,3655600.0
2019-03-08,HCA,118.57995115564715,119.60031333795546,117.19111624223112,117.85246276855469,1700400.0
2019-03-11,HCA,117.82411086841317,119.16570354677914,117.20055665221409,118.93895721435547,3133000.0
2019-03-12,HCA,119.29796663939038,122.28348268685693,119.29796663939038,121.76386260986328,2694800.0
2019-03-13,HCA,121.88667583883336,124.19195294359199,121.27257151566936,123.59674835205078,1584800.0
2019-03-14,HCA,123.59674299001352,124.98556325420552,123.37943212645716,124.4942855834961,1756200.0
2019-03-15,HCA,125.3918096361963,126.10984072155814,124.99500184563303,125.04224395751953,2924400.0
2019-03-18,HCA,124.92889165515443,127.36643820008564,124.38091473423759,127.30975341796875,2385900.0
2019-03-19,HCA,127.66871184123823,129.72833477236804,127.13017785031454,129.07643127441406,1767400.0
2019-03-20,HCA,129.0198060503284,129.15207534164747,127.19637836169646,127.62152862548828,1759900.0
2019-03-21,HCA,126.88459043678138,129.49219106708577,126.60115213829225,129.35047912597656,770000.0
2019-03-22,HCA,128.4907382647838,129.19932689492046,127.00741914588684,127.01687622070312,1560100.0
2019-03-25,HCA,126.36497900104969,126.39332139443965,124.305354861255,125.33516693115234,1305500.0
2019-03-26,HCA,125.8169617286878,126.00591576284585,122.36850375243013,122.58580017089844,1717700.0
2019-03-27,HCA,122.12287466483986,123.19992873026199,120.70570471235328,121.57489776611328,1427600.0
2019-03-28,HCA,122.18901909646075,122.20791882889047,120.7434995154336,121.55601501464844,1031500.0
2019-03-29,HCA,122.22680366792174,123.54951102367215,121.31981834264265,123.18104553222656,1410600.0
2019-04-01,HCA,124.37151028977371,124.94782977882618,123.6251364021205,124.69273376464844,1405500.0
2019-04-02,HCA,124.55097255629101,124.6643421105664,122.51023408170883,123.43611907958984,958400.0
2019-04-03,HCA,124.22971794761501,124.85326475549344,123.69118386777994,123.96517944335938,994000.0
2019-04-04,HCA,124.24861396012449,125.2595403726752,123.79512140180482,125.04224395751953,1488700.0
2019-04-05,HCA,125.24065059384704,126.96960822910886,125.16506609207786,126.67672729492188,1592400.0
2019-04-08,HCA,126.10045181593205,126.31774832371023,124.44707810903459,124.5604476928711,993000.0
2019-04-09,HCA,124.02190020123373,125.47686239691488,123.66287737714413,124.97612762451172,1132000.0
2019-04-10,HCA,125.54296858500715,127.26246887323114,124.9855347753676,126.53498077392578,1111400.0
2019-04-11,HCA,126.68619459595634,127.28141365300864,122.51969002913506,122.94485473632812,1020800.0
2019-04-12,HCA,123.4172315416573,124.98556320721023,120.47894330255376,120.80962371826172,2693200.0
2019-04-15,HCA,120.94191618277199,121.1686697604866,119.40191931018016,120.07271575927734,1651100.0
2019-04-16,HCA,121.09307554685091,121.09307554685091,107.33701009071558,108.06449127197266,5138500.0
2019-04-17,HCA,108.42351392775537,108.89590636374996,104.21921692252164,105.82535552978516,3955700.0
2019-04-18,HCA,105.67417158435806,109.31159138680823,105.60803694097298,108.87699127197266,3832200.0
2019-04-22,HCA,108.81086498386146,110.81381137868004,107.6582263608119,108.65025329589844,3140700.0
2019-04-23,HCA,109.93515026876113,114.7913431384617,109.8123308504553,113.54422760009766,3050300.0
2019-04-24,HCA,113.6103773630239,118.52325566303527,113.54424271234386,117.00215148925781,3483800.0
2019-04-25,HCA,116.44472256713205,118.14533803148848,115.84006089272438,117.68238830566406,1425400.0
2019-04-26,HCA,117.15330992963699,118.68386383171108,115.11257139353819,118.61772918701172,1887500.0
2019-04-29,HCA,118.83504195928676,119.09958057440217,116.72817569737713,118.49491882324219,2223000.0
2019-04-30,HCA,123.25660586999558,124.32420267022353,116.75648317657611,120.20494842529297,3623900.0
2019-05-01,HCA,119.79870763840407,120.52618871494326,116.21797261710275,117.23833465576172,2823500.0
2019-05-02,HCA,117.44618967721978,118.80668202047914,115.9439853883172,118.5893783569336,2810200.0
2019-05-03,HCA,119.3169155447674,119.4586347566221,117.48403007656044,118.6744613647461,1580700.0
2019-05-06,HCA,116.66201065618247,121.78273447292649,116.37857238059473,121.66936492919922,1824900.0
2019-05-07,HCA,120.1293885620202,121.63160013975484,118.14534192694408,119.52472686767578,1859900.0
2019-05-08,HCA,119.33576697779107,119.51527839819427,118.04141640202165,118.1831283569336,2050000.0
2019-05-09,HCA,116.86987656679973,118.23036898179515,115.76448008368395,117.72018432617188,1475500.0
2019-05-10,HCA,117.67292191426203,118.09807209053425,114.46065291177264,116.9170913696289,1152900.0
2019-05-13,HCA,114.8480428535175,115.69835065121673,113.01516516529503,115.42436218261719,1588000.0
2019-05-14,HCA,115.59442068072133,116.90767099700109,115.12202827319231,115.49049377441406,1409100.0
2019-05-15,HCA,114.98975861771133,117.28558599947964,113.9504967660105,116.37859344482422,1252300.0
2019-05-16,HCA,116.52974097464752,117.60680215984839,115.4904792504078,115.92507934570312,1430600.0
2019-05-17,HCA,114.45122615843718,118.0130687684725,114.45122615843718,116.69036865234375,1216100.0
2019-05-20,HCA,116.01013017984229,119.09957340340537,116.01013017984229,118.75000762939453,1976700.0
2019-05-21,HCA,119.66644766357116,121.65994419213848,119.26963256462713,121.13086700439453,1683400.0
2019-05-22,HCA,120.37503627207226,121.37650586548361,120.03491316334085,121.13086700439453,1012900.0
2019-05-23,HCA,120.3939072897927,120.60176106445753,118.60826489200439,119.71366119384766,2532000.0
2019-05-24,HCA,119.16570964455704,120.48840986629435,115.97233947036328,117.00215148925781,2335000.0
2019-05-28,HCA,116.50141900233726,118.79724650484427,116.22743052743799,116.24633026123047,2719800.0
2019-05-29,HCA,116.12351198340296,116.24633142173437,114.20559263996117,115.13148498535156,1136000.0
2019-05-30,HCA,115.67942669284194,116.69034590870862,114.64960774875289,115.80224609375,1044800.0
2019-05-31,HCA,115.13873900695451,115.97286902317171,113.68848685942758,114.65531921386719,1558300.0
2019-06-03,HCA,114.69324041715046,117.24303460504244,113.74536239717402,116.617431640625,1588300.0
2019-06-04,HCA,117.57479295662503,119.65064817850782,117.44209060955573,118.98712921142578,2470400.0
2019-06-05,HCA,120.21937556750886,120.21937556750886,117.48000856444897,118.24778747558594,1981100.0
2019-06-06,HCA,118.5985200439568,120.20991005126939,117.98239778290083,119.44213104248047,987800.0
2019-06-07,HCA,120.10564376461771,122.37107927640193,120.04877338776289,121.717041015625,1035000.0
2019-06-10,HCA,122.27626290282434,124.39002680865956,122.07720215742758,123.48007202148438,1180200.0
2019-06-11,HCA,123.5464171913422,123.56537880144278,120.27624092732403,121.36629486083984,2082800.0
2019-06-12,HCA,120.97767246914113,120.97767246914113,118.25726710404702,120.12458801269531,1173000.0
2019-06-13,HCA,120.2288599627812,121.01560055562145,119.3757754210604,120.74071502685547,1001000.0
2019-06-14,HCA,120.94923563527057,121.56535780342841,119.48002902230161,120.02979278564453,748800.0
2019-06-17,HCA,119.89710452734532,121.5938072745789,119.29994389946432,121.48954010009766,911800.0
2019-06-18,HCA,121.7928697418816,123.51800046862851,121.00612913503694,122.3331527709961,1125800.0
2019-06-19,HCA,122.85448896227317,124.15307741386088,120.85446546505761,123.31895446777344,1073800.0
2019-06-20,HCA,124.39002279190093,125.41373274201865,119.63167853238606,121.40421295166016,2082900.0
2019-06-21,HCA,121.05350096014071,122.21939410568096,119.21461528879942,121.54639434814453,1819400.0
2019-06-24,HCA,123.22415579632629,124.70284335172664,122.5322088173961,124.25733947753906,1551500.0
2019-06-25,HCA,124.67439112927562,129.23368195658892,123.83078029494395,128.13414001464844,3246300.0
2019-06-26,HCA,127.96353536520516,128.02989377045324,125.32843557179936,126.6933822631836,2027100.0
2019-06-27,HCA,127.09149676234398,128.77871861501842,126.77869525525644,127.11045837402344,1330300.0
2019-06-28,HCA,127.11047266912064,128.54176354723984,125.43272420186703,128.12469482421875,1885800.0
2019-07-01,HCA,129.25263346151436,129.29054221430337,126.81658027008136,127.5274887084961,1286600.0
2019-07-02,HCA,127.75498778610638,128.76922412588002,125.47059847607659,128.28579711914062,957800.0
2019-07-03,HCA,129.02515671644153,131.0725767943795,128.97777438428562,130.977783203125,805700.0
2019-07-05,HCA,130.06783702832897,131.33799024028667,128.68392860659597,131.30955505371094,1139500.0
2019-07-08,HCA,130.47540927955518,131.37590500806346,129.72659197547455,130.20053100585938,1289200.0
2019-07-09,HCA,128.7692237625895,130.21947585177708,125.43268936846948,127.95404815673828,1355400.0
2019-07-10,HCA,131.17683167189827,131.17683167189827,128.7597399560334,129.5559539794922,1220400.0
2019-07-11,HCA,131.97303446114694,132.20053036139956,129.10096561400064,131.4232635498047,1412800.0
2019-07-12,HCA,131.3853907225318,134.390162717212,131.00624524857744,134.1342315673828,1201300.0
2019-07-15,HCA,133.80244707342857,134.6176226413261,131.17682125560626,133.574951171875,1104300.0
2019-07-16,HCA,133.58448060851165,134.4660149401509,132.38068559264042,132.41859436035156,1124800.0
2019-07-17,HCA,132.409110027666,134.59870638784773,131.5465373816933,132.6745147705078,1295000.0
2019-07-18,HCA,132.71242287679874,134.3712097430682,131.67923909989887,133.86883544921875,1059300.0
2019-07-19,HCA,134.0773737748131,134.57027450798708,132.14370853462918,132.21005249023438,1092700.0
2019-07-22,HCA,132.86403476693974,134.0299204574708,132.41853102616963,133.24319458007812,1234100.0
2019-07-23,HCA,133.42330298587407,133.6507989142797,131.45171499677036,133.33799743652344,1166600.0
2019-07-24,HCA,132.92092215099424,136.05839588136973,131.6128604026334,135.82142639160156,1278500.0
2019-07-25,HCA,135.97309759934726,136.00153278256073,134.00150960354642,134.47544860839844,1042600.0
2019-07-26,HCA,136.97785545008813,138.42810774817,136.24799974583155,137.4991912841797,2639400.0
2019-07-29,HCA,137.4423128840927,139.3001601670048,136.55130523124052,138.54185485839844,2752700.0
2019-07-30,HCA,124.44689173172354,129.81188448790857,121.63170748046426,125.8781967163086,6907300.0
2019-07-31,HCA,125.54646752501388,129.11997246927325,125.30949796967657,126.55121612548828,3187400.0
2019-08-01,HCA,126.24789571064758,126.24789571064758,121.83077996951653,122.78813171386719,1631800.0
2019-08-02,HCA,122.43740538637589,123.22414589965949,119.78335119834765,120.51321411132812,1608200.0
2019-08-05,HCA,119.2430593439759,119.58429601410823,115.87808943695698,117.1008529663086,1867600.0
2019-08-06,HCA,117.88760166067652,118.83547975874882,115.48946399789538,117.84968566894531,1578400.0
2019-08-07,HCA,116.83544240945572,119.78334352017052,115.65059492867759,119.52741241455078,1588600.0
2019-08-08,HCA,119.59379043792123,120.47531745082857,118.53217148507746,120.02033996582031,1722300.0
2019-08-09,HCA,121.07246153564192,121.77388923894614,119.82126285030196,120.85444641113281,1358300.0
2019-08-12,HCA,119.96343933595776,120.38998878200395,118.04872892647671,119.24305725097656,1748400.0
2019-08-13,HCA,118.62695471597829,122.51325377626691,118.62695471597829,121.2336196899414,1206300.0
2019-08-14,HCA,119.29044426082643,119.89708559927284,116.15297041057372,116.84491729736328,2222600.0
2019-08-15,HCA,116.86387890704079,117.83071128027251,116.04870325255307,116.84491729736328,1643100.0
2019-08-16,HCA,117.54635199462498,119.13878731291754,116.67429874451737,117.47052001953125,1447800.0
2019-08-19,HCA,119.29047163427612,119.3663036269168,116.04872988212394,118.11510467529297,1084800.0
2019-08-20,HCA,117.86863882575695,118.09612754204745,116.05819543772951,116.76910400390625,1823700.0
2019-08-21,HCA,117.1293055093049,117.7169925797942,116.4278776864049,117.13878631591797,1336500.0
2019-08-22,HCA,117.54637018399698,117.69802692591696,115.8212322582065,115.86862182617188,1276300.0
2019-08-23,HCA,115.9160107109885,116.88284316595372,112.88279653060123,113.53683471679688,1394600.0
2019-08-26,HCA,114.41837706631811,114.54159862933672,113.24301011897083,114.13401794433594,999100.0
2019-08-27,HCA,114.57002961304094,115.2809381946345,111.28089141845703,111.28089141845703,1194800.0
2019-08-28,HCA,110.9017413475747,113.3377878554272,110.5510238356146,112.84489440917969,973000.0
2019-08-29,HCA,113.92545894558077,114.9017721268871,113.31881760512373,114.45626831054688,1089700.0
2019-08-30,HCA,115.35977406235911,115.60703627844703,114.0853919434838,114.31363677978516,827400.0
2019-09-03,HCA,113.17239404436586,114.69403822742146,112.56373637114362,114.08538055419922,1946700.0
2019-09-04,HCA,115.41682465420506,116.5485509431562,114.56089751364419,115.36927032470703,1233600.0
2019-09-05,HCA,116.10154574171507,118.26037696006023,115.6450489292533,118.16527557373047,1872000.0
2019-09-06,HCA,119.94369961826303,120.55235718943442,118.18429134408231,119.92467498779297,1495800.0
2019-09-09,HCA,120.07684713612167,122.06450025387473,119.1638607479806,121.26563262939453,1342600.0
2019-09-10,HCA,121.10398763687219,123.90001425502668,120.82819570701052,123.72883605957031,2101300.0
2019-09-11,HCA,123.26279627019974,124.87954171039999,122.68266834330845,124.84150695800781,1793700.0
2019-09-12,HCA,125.48821092538611,126.00177445516208,122.32128419691317,122.38786315917969,1135000.0
2019-09-13,HCA,123.15817994351872,124.82247967248519,122.47343832267772,122.7492446899414,1005000.0
2019-09-16,HCA,122.34982797279193,123.21526751259695,121.84578395764072,122.63513946533203,992100.0
2019-09-17,HCA,122.14058214776054,122.14058214776054,118.76443535778176,118.86904907226562,1586300.0
2019-09-18,HCA,118.2413827645228,119.70596761957668,117.3379012778497,119.38261413574219,1798800.0
2019-09-19,HCA,119.86763495405322,121.85528832427941,119.44918008542207,120.60943603515625,1233900.0
2019-09-20,HCA,121.15150062140744,121.34170338862099,118.01310417199062,118.19380187988281,2265100.0
2019-09-23,HCA,117.83243838627388,118.78346693296572,116.18715580795731,117.39496612548828,1952900.0
2019-09-24,HCA,117.92754446658807,118.10824221947271,114.95082760946916,115.35025787353516,1840900.0
2019-09-25,HCA,114.83669269586356,115.31220695133298,112.32597800744679,113.26749420166016,1440100.0
2019-09-26,HCA,113.74300664099002,114.11390717387224,110.82334944925697,112.3449935913086,1938700.0
2019-09-27,HCA,113.08679893822674,114.92227692121052,112.7539331688513,113.13434600830078,1401100.0
2019-09-30,HCA,113.07729744467684,115.70213830675664,112.63031285972508,114.52285766601562,2486800.0
2019-10-01,HCA,114.81769346767608,115.483410628256,110.08156754201106,111.30839538574219,1643200.0
2019-10-02,HCA,110.37637923168292,110.67120303758476,108.54089370624338,109.4538803100586,1554000.0
2019-10-03,HCA,109.19710692359047,110.5951201695543,108.63600351508668,110.27176666259766,1194300.0
2019-10-04,HCA,110.74727638703783,112.16431421008721,110.42393014925571,111.8599853515625,1189400.0
2019-10-07,HCA,111.47005637494358,113.23897007268957,111.44152667913671,112.3925552368164,1725800.0
2019-10-08,HCA,111.65076230404024,111.92656147666939,110.50001853561889,110.927978515625,1264900.0
2019-10-09,HCA,111.93605209657045,112.49716268732311,111.6982949704046,111.79340362548828,1194200.0
2019-10-10,HCA,112.36403406115397,113.80008932375718,111.8790074283434,112.75395202636719,930800.0
2019-10-11,HCA,113.67644435276377,116.32030262903632,113.61938496013902,114.5323715209961,1149700.0
2019-10-14,HCA,114.13292759426545,114.4752984205613,113.2104288265112,113.58132934570312,584200.0
2019-10-15,HCA,114.7225690093251,116.62462607011267,114.23754968298,115.55947875976562,1045900.0
2019-10-16,HCA,115.73065260348345,115.97791477248481,115.0078689611021,115.48338317871094,1077200.0
2019-10-17,HCA,116.2347099908043,117.00504079080478,115.68311169303438,116.78630828857422,806000.0
2019-10-18,HCA,116.72923222868508,117.94654750782345,116.1966586080049,117.58515930175781,1206500.0
2019-10-21,HCA,117.59468263800947,118.93562913167573,117.17622775067744,117.556640625,842500.0
2019-10-22,HCA,118.06067287031219,119.89615809497185,117.20474580206675,119.09729766845703,1013200.0
2019-10-23,HCA,119.03072104422922,120.50481074813524,118.82149363000191,119.1163101196289,921800.0
2019-10-24,HCA,119.70595265480223,119.75349972345866,118.12724195767659,118.87855529785156,877400.0
2019-10-25,HCA,117.68979108799448,120.809163783787,116.76729217066396,120.08638000488281,1228700.0
2019-10-28,HCA,120.114919279348,121.52243759329676,120.08638232550204,120.6570053100586,1501100.0
2019-10-29,HCA,127.33324181769652,129.39697251341593,123.63374047173497,128.37937927246094,3158600.0
2019-10-30,HCA,127.83728488437727,128.51252169279013,126.24906858778479,128.17015075683594,1501100.0
2019-10-31,HCA,127.98937498607819,128.27468634412529,125.52621546763062,127.00029754638672,2405900.0
2019-11-01,HCA,128.0179359885718,129.66321108926567,127.06690757011768,127.10494232177734,1483900.0
2019-11-04,HCA,127.29515489985398,129.6632062867083,126.70550743440361,129.54908752441406,2345100.0
2019-11-05,HCA,129.97706765328127,131.184877951468,127.73263973857344,127.76116943359375,1194500.0
2019-11-06,HCA,128.21770370176594,128.60761446250095,126.87674967457929,128.26524353027344,1016900.0
2019-11-07,HCA,129.19725615886648,130.29093337160074,128.94047434373323,129.5396270751953,1840100.0
2019-11-08,HCA,129.33987247470046,130.98514767162456,129.10211535618078,130.13873291015625,879600.0
2019-11-11,HCA,129.11164837957517,129.5681525943128,127.95139222898919,128.7027130126953,886700.0
2019-11-12,HCA,128.9023935015585,129.53959535187008,128.03696861549534,128.52198791503906,962400.0
2019-11-13,HCA,127.65655540227527,128.63611362635865,127.31418455132568,127.80872344970703,1033400.0
2019-11-14,HCA,127.98946637336587,129.2067821594544,127.60904612049518,127.90387725830078,1038100.0
2019-11-15,HCA,126.93376264190456,133.1820117298284,126.58188677501158,131.2894744873047,3044000.0
2019-11-18,HCA,131.12780209693256,131.87910815737237,129.55859651012747,130.0816650390625,1455900.0
2019-11-19,HCA,130.40498230812452,132.0407519751527,129.56808735889385,132.01222229003906,2353800.0
2019-11-20,HCA,131.89813285262574,133.4102645457439,130.9946587630512,132.9157257080078,2356000.0
2019-11-21,HCA,132.73505132382516,133.2961546417383,131.50821646366344,132.46875,1367800.0
2019-11-22,HCA,133.36275238335884,133.4863907597647,131.85062021220375,132.38319396972656,1210900.0
2019-11-25,HCA,133.06791985599023,134.94144735729995,132.09786662159328,134.60858154296875,1515300.0
2019-11-26,HCA,134.4659208351233,134.4659208351233,132.06932491979924,132.0978546142578,1369100.0
2019-11-27,HCA,132.84917028979436,134.3613020856341,132.36413647907915,133.07740783691406,1033200.0
2019-11-29,HCA,132.43841348543114,133.35402464459207,131.69448578561412,132.24766540527344,619400.0
2019-12-02,HCA,132.5910297785962,133.67830994242226,131.9901594461947,132.08554077148438,951800.0
2019-12-03,HCA,130.67395998315263,132.35257800303557,130.09216888365145,131.7803192138672,1407200.0
2019-12-04,HCA,132.49561965508082,134.84186294766354,132.2190371568918,134.1074676513672,1395400.0
2019-12-05,HCA,134.7751257182108,134.83234869352722,132.84853641472318,134.17425537109375,954900.0
2019-12-06,HCA,137.3406943281854,138.0941542339638,136.58723442240705,137.9224853515625,1749100.0
2019-12-09,HCA,137.3406882607095,137.51235713552677,135.8528331330547,136.2343292236328,2669900.0
2019-12-10,HCA,136.43463528351404,136.74937613288367,135.40457829098003,135.85284423828125,1156600.0
2019-12-11,HCA,135.58580551539825,137.0736608905762,135.54764716810652,135.93869018554688,1418100.0
2019-12-12,HCA,136.31065800016592,137.75082275975495,135.7956367218881,136.9401397705078,1117900.0
2019-12-13,HCA,136.55861195203013,137.35023022109323,135.13752654459424,136.25341796875,822400.0
2019-12-16,HCA,137.2548768836759,137.85573259962985,136.21528749201622,137.02597045898438,2277800.0
2019-12-17,HCA,137.29304535578547,137.30259222091289,136.52050604416553,136.79708862304688,1720200.0
2019-12-18,HCA,136.97831942005408,137.5887221759682,136.7112691239135,137.41705322265625,1318100.0
2019-12-19,HCA,137.79850713999878,139.7250961584983,137.67452889620162,138.6664276123047,1882300.0
2019-12-20,HCA,141.39416318475017,143.22537083678577,140.27827170396966,140.70745849609375,2864700.0
2019-12-23,HCA,140.24014007935432,142.24303156175148,140.18291710325397,141.88059997558594,1309100.0
2019-12-24,HCA,141.689852667626,141.8233777969935,140.20199706806042,141.1366729736328,455000.0
2019-12-26,HCA,141.06990141210747,142.147634634411,140.4022758422854,141.4132537841797,679900.0
2019-12-27,HCA,141.45137297853088,142.4528184356661,141.1270998371784,142.35743713378906,678000.0
2019-12-30,HCA,142.44332452456283,142.62452576194536,140.49765604567585,140.7265625,754800.0
2019-12-31,HCA,140.5834443643343,141.25108433201734,140.49760992956678,140.9744873046875,811600.0
2020-01-02,HCA,141.30834087037255,141.77567149504048,139.314996461405,140.66932678222656,780100.0
2020-01-03,HCA,138.56154903132546,141.49911668218004,138.1037506275874,141.09854125976562,1191700.0
2020-01-06,HCA,139.98263718084328,141.89014734103898,139.43898979967665,141.63262939453125,1059600.0
2020-01-07,HCA,139.74418134270158,141.9091946318264,139.74418134270158,141.44186401367188,817600.0
2020-01-08,HCA,141.97596579560272,142.8248071390445,140.87915339843104,142.3765411376953,883200.0
2020-01-09,HCA,142.50054739375767,142.8152883107888,140.55487891631935,140.60256958007812,953000.0
2020-01-10,HCA,141.2129434696287,141.69936776646594,140.6693107623419,141.28924560546875,940500.0
2020-01-13,HCA,141.58489045308414,141.67072488827017,139.95397797197873,140.35455322265625,1869400.0
2020-01-14,HCA,139.78231036782833,141.51815120368778,139.6773967507913,141.06988525390625,1182100.0
2020-01-15,HCA,141.2797234300113,141.85196766014258,140.16383190045264,140.44041442871094,1168300.0
2020-01-16,HCA,141.06036436725856,141.7184576723008,140.07799784189456,140.93638610839844,1007500.0
2020-01-17,HCA,141.4227550132449,141.97593452184856,140.7455972816586,141.53720092773438,1685400.0
2020-01-21,HCA,140.90775513884222,141.43230869495116,140.09705764698214,140.43087768554688,1501100.0
2020-01-22,HCA,141.1843516226032,141.51817169418533,139.8109420927685,140.33551025390625,1443900.0
2020-01-23,HCA,140.33552844816447,140.4881327608524,138.8190612928423,139.90634155273438,1084000.0
2020-01-24,HCA,140.2496392632024,140.52622173803962,135.84328241059558,136.8161163330078,1161200.0
2020-01-27,HCA,134.95628497209776,136.0817084902442,134.27911275719484,135.05166625976562,1696300.0
2020-01-28,HCA,140.67885697092797,141.15573445218536,137.5028511993763,138.77134704589844,2380000.0
2020-01-29,HCA,139.09559006875983,140.411776288539,137.97016644262138,138.52334594726562,2031300.0
2020-01-30,HCA,138.141834856833,138.5328777981051,134.29820436857932,136.8161163330078,2193800.0
2020-01-31,HCA,135.59534471662315,136.57771118870042,131.60865585761377,132.38119506835938,3039700.0
2020-02-03,HCA,133.26816728303868,135.68116600095655,132.6673115958701,135.24244689941406,2073600.0
2020-02-04,HCA,136.55861761381126,138.44706276665744,136.30111427281423,137.69358825683594,1504100.0
2020-02-05,HCA,138.2181841043478,144.255455492149,138.16096112819338,144.05516052246094,2331800.0
2020-02-06,HCA,144.62737822954313,144.90396071995707,141.8328836328956,142.35743713378906,1269900.0
2020-02-07,HCA,141.63259928094536,142.17624654652298,137.60775253443393,139.1814422607422,2395800.0
2020-02-10,HCA,138.99067964644212,139.9635135943459,138.5424137367778,139.89674377441406,1260400.0
2020-02-11,HCA,140.2019899069169,142.71990261291523,139.97308345977274,142.6436004638672,1232400.0
2020-02-12,HCA,143.1776965439539,144.88492615088165,142.5863730984788,143.59735107421875,1776900.0
2020-02-13,HCA,143.02507419819676,144.94211608008135,142.4242040256486,143.90252685546875,1544800.0
2020-02-14,HCA,143.864349370169,144.00742130100252,141.06985520287668,142.65309143066406,1822100.0
2020-02-18,HCA,142.1190345853503,142.62452359697247,140.02077638857844,141.37510681152344,1401700.0
2020-02-19,HCA,141.37507411370387,143.273051461014,141.2034052301314,143.1395263671875,1131900.0
2020-02-20,HCA,142.76755440603577,142.76755440603577,140.20195173623713,141.2606201171875,801200.0
2020-02-21,HCA,140.4022863788634,142.25255893889778,140.01124331821228,141.15574645996094,800600.0
2020-02-24,HCA,135.21384041352988,136.62539363413626,133.02020116531958,133.54476928710938,1515900.0
2020-02-25,HCA,134.26007505234233,134.41266476879724,126.02916599428842,126.84939575195312,2268400.0
2020-02-26,HCA,128.2705076071748,129.96819024257456,122.271380862016,122.43351745605469,2715300.0
2020-02-27,HCA,120.8884314124264,127.68870838478257,119.37196464130925,121.47022247314453,3293100.0
2020-02-28,HCA,117.70927526159404,122.04442057254478,117.66142304221778,121.54679107666016,4689100.0
2020-03-02,HCA,121.60421503392136,129.7194598138183,119.63282614050665,129.240966796875,3978900.0
2020-03-03,HCA,129.02084674852458,132.7339421310455,121.38408871125046,123.2310791015625,3250600.0
2020-03-04,HCA,129.6716135964018,133.97805094831182,127.93947113124757,129.41322326660156,3194200.0
2020-03-05,HCA,125.70965591547659,126.93459657755025,119.60408910866846,122.33149719238281,3389800.0
2020-03-06,HCA,118.25475088591881,121.94871715381497,116.99152975242013,121.72860717773438,2732900.0
2020-03-09,HCA,114.28326678782481,116.12067816228566,105.75652529311589,111.71854400634766,3248400.0
2020-03-10,HCA,115.63261049514901,117.00110065314418,108.50306100861133,115.67089080810547,3247100.0
2020-03-11,HCA,112.48411645182144,113.48894720257046,105.88091269897734,107.74703216552734,4054800.0
2020-03-12,HCA,99.51695168602275,104.33058911061242,96.665138079578,97.14363098144531,4602200.0
2020-03-13,HCA,102.52191882742441,103.85212892962956,96.72258536597678,99.79450988769531,6110000.0
2020-03-16,HCA,88.9996749489341,92.39697728951657,80.2623976603442,80.81744384765625,5711600.0
2020-03-17,HCA,82.61658723770991,83.64056176865876,73.01802067257144,74.12812042236328,7008100.0
2020-03-18,HCA,69.87909998586176,71.01791542559573,55.86883209205012,65.1994400024414,6345800.0
2020-03-19,HCA,64.11805122055694,84.21475384192551,63.91708507048995,79.90831756591797,5333900.0
2020-03-20,HCA,81.53519255528968,84.64539660806294,71.79307618409256,75.1233901977539,5947500.0
2020-03-23,HCA,77.42974435607098,81.8797236214988,72.09932507965122,75.37222290039062,5829200.0
2020-03-24,HCA,82.59744805099727,88.10011680001226,79.3819749457359,83.01852416992188,4505300.0
2020-03-25,HCA,83.50658892094317,91.75580243377028,81.74573112645099,88.61688995361328,5038000.0
2020-03-26,HCA,90.99978154748753,99.27771066259002,86.30098479090336,90.37774658203125,4787300.0
2020-03-27,HCA,86.5115242132774,88.2819466146823,82.30078491992063,83.57357788085938,3708200.0
2020-03-30,HCA,85.15261898017211,88.43508130956634,82.31993394560762,87.04744720458984,3361900.0
2020-03-31,HCA,85.75550913865746,87.88958365812634,83.83196538920767,85.98518371582031,2929400.0
2020-04-01,HCA,80.31027852520707,82.6740355595307,78.49200332178697,80.12845611572266,3224500.0
2020-04-02,HCA,79.06618910520724,85.01863612983443,78.2336086235254,80.29113006591797,2180800.0
2020-04-03,HCA,79.73606471937886,80.7217590260004,76.3100534526721,78.3101577758789,2080800.0
2020-04-06,HCA,82.82711718726048,90.13848752168542,81.38206670221564,89.55472564697266,3918600.0
2020-04-07,HCA,95.22967413202372,98.19632912310867,93.61236553668157,94.3683853149414,4568000.0
2020-04-08,HCA,95.6985916049829,106.06275082809609,94.97128026444256,103.41189575195312,4130300.0
2020-04-09,HCA,104.05308186463607,107.35468035451873,101.08641968390312,103.41189575195312,3551600.0
2020-04-13,HCA,102.55061565138432,103.33534382107834,97.28719304213288,99.15331268310547,2817100.0
2020-04-14,HCA,100.77060559723077,107.8714383355493,100.69404498250499,107.69918060302734,3677100.0
2020-04-15,HCA,101.91898455047655,106.56036407680314,101.91898455047655,104.77080535888672,2513200.0
2020-04-16,HCA,104.81867298220824,105.98619704334196,102.03384758339416,103.66072082519531,2592500.0
2020-04-17,HCA,107.94800973958185,111.08692224484918,106.43597030312023,110.68498992919922,2362100.0
2020-04-20,HCA,107.74705585884469,109.97683510751291,104.01481610503419,105.67996978759766,2835200.0
2020-04-21,HCA,99.34470373769747,109.37391916154904,96.23449956911266,100.93330383300781,4039600.0
2020-04-22,HCA,103.67027560099528,104.22532912871787,99.85189692349005,100.02415466308594,3110800.0
2020-04-23,HCA,100.96200672164677,104.78995010445801,100.11028990306907,100.23469543457031,2897000.0
2020-04-24,HCA,101.45008123565925,103.93824321185855,99.79449235194869,103.1917953491211,2366100.0
2020-04-27,HCA,104.17748280820705,107.09629264384895,104.00522505887042,106.12016296386719,2328700.0
2020-04-28,HCA,106.85704743058423,108.84757252258332,104.20619244027831,104.5602798461914,2354100.0
2020-04-29,HCA,107.74705577957016,110.98167329879159,106.61781925063976,108.45523071289062,2838200.0
2020-04-30,HCA,107.04843779618588,107.4695139066994,104.36887449491866,105.15360260009766,2205400.0
2020-05-01,HCA,102.76113412078017,103.9478017875041,99.23942603177532,100.34953308105469,1850700.0
2020-05-04,HCA,98.83750557425681,99.8327718165166,97.095791475608,99.15331268310547,2459700.0
2020-05-05,HCA,101.05771355542298,103.82340233112889,100.40696282577315,101.88072204589844,2144600.0
2020-05-06,HCA,102.3209282116617,102.3209282116617,94.78945403281385,95.20095825195312,2694500.0
2020-05-07,HCA,96.69386218679107,100.31126794411229,96.06224794917705,98.12934112548828,1830200.0
2020-05-08,HCA,100.0050333361847,103.46932515770638,99.60310098320372,103.27792358398438,1694500.0
2020-05-11,HCA,101.2395508371061,102.01470716853163,98.61741121500555,99.6605224609375,2764200.0
2020-05-12,HCA,100.38781717576981,100.45480589325463,95.16267530828671,95.2679443359375,2822500.0
2020-05-13,HCA,95.81343215811486,96.92353201963329,94.1195630048322,95.99525451660156,4652700.0
2020-05-14,HCA,94.42579629916048,95.14353571882796,91.73666827653099,94.90428924560547,3935800.0
2020-05-15,HCA,94.1769828051598,95.80385586080091,92.93289825586524,94.49278259277344,4201400.0
2020-05-18,HCA,98.11021266103806,103.67030691796484,97.9953790007665,101.05773162841797,5842900.0
2020-05-19,HCA,99.8901846876657,101.92856930855439,98.23460318469635,99.3925552368164,4048300.0
2020-05-20,HCA,101.30653556568252,102.60803707151624,99.80406788190407,101.84244537353516,4987800.0
2020-05-21,HCA,101.31609148034508,103.77554474784465,101.10555343156558,103.4023208618164,3738000.0
2020-05-22,HCA,103.82340811043919,104.11050682820431,100.96202204193457,102.10083770751953,2122500.0
2020-05-26,HCA,106.1775870533097,108.7231731566378,104.29233088576598,104.37845611572266,2118200.0
2020-05-27,HCA,106.22544792988744,109.05812566520424,105.50770841684766,108.77103424072266,2074800.0
2020-05-28,HCA,110.05338734493517,110.53188033339141,104.71340384146988,105.04834747314453,1724100.0
2020-05-29,HCA,104.51242329648686,105.18231776897797,100.02415734531996,102.30178833007812,3055400.0
2020-06-01,HCA,102.2443660696434,105.68952101645486,101.96684659452725,104.14877319335938,1339100.0
2020-06-02,HCA,104.8569574115578,105.19190105669098,103.19180378916438,104.33061218261719,1185800.0
2020-06-03,HCA,105.029223481882,108.34039448042583,103.17266812904506,103.29708099365234,2788500.0
2020-06-04,HCA,102.92383260980453,103.93823528941209,100.83760313390897,102.35920715332031,2191400.0
2020-06-05,HCA,107.67049165658761,112.45542142337479,106.43597890060971,110.58929443359375,3081700.0
2020-06-08,HCA,112.44583511265282,113.59421518905901,111.38358025642698,112.96260833740234,1839000.0
2020-06-09,HCA,110.94337199904437,111.86207755642405,107.373811497909,111.01036071777344,2589600.0
2020-06-10,HCA,110.31177144193158,111.19220409836664,104.03394570741725,105.35458374023438,3296400.0
2020-06-11,HCA,100.48353164527353,102.35922335983844,96.45462139545276,96.76085662841797,4087900.0
2020-06-12,HCA,100.33040062188707,102.07212201021224,94.26311337712426,96.22493743896484,3666500.0
2020-06-15,HCA,93.58365015537382,99.85190329359845,92.90419105618308,99.08631896972656,1950000.0
2020-06-16,HCA,104.39760481492085,104.64642323256156,98.684404222608,99.7753677368164,2368500.0
2020-06-17,HCA,100.09115381530124,100.80889325492183,94.31096528663322,94.8373031616211,2494200.0
2020-06-18,HCA,93.95688491372738,97.32547239041597,92.56925814689323,95.79429626464844,2789900.0
2020-06-19,HCA,97.52644998790048,98.90450490861394,93.23914935366393,93.33484649658203,2713100.0
2020-06-22,HCA,93.16256581007194,94.85643475821668,92.83719414391481,94.0908432006836,5367700.0
2020-06-23,HCA,96.32063627313738,97.11493635523426,92.94247707482033,94.81816864013672,2175000.0
2020-06-24,HCA,93.23914065963547,93.66021681068092,89.03797295661741,89.69829559326172,3410000.0
2020-06-25,HCA,89.03796197497894,90.74139557415138,87.28667616409932,89.33462524414062,4443400.0
2020-06-26,HCA,89.2867880886102,90.52129348418639,87.50679371659483,88.50205993652344,2428800.0
2020-06-29,HCA,89.62172510310445,92.08117841235988,88.16710254205307,92.0620346069336,2540700.0
2020-06-30,HCA,92.06203946517682,93.43052957647213,89.72699886430127,92.88504791259766,1841200.0
2020-07-01,HCA,92.55011731723619,95.93784871147402,91.88023002228404,93.86119079589844,2240100.0
2020-07-02,HCA,95.88998731712543,97.78482267208358,93.5262382017806,93.75591278076172,1546000.0
2020-07-06,HCA,95.4019300077927,95.75601013025927,93.124298814216,94.94257354736328,1361500.0
2020-07-07,HCA,93.87073354773834,94.84686315169827,92.0237579642826,92.10031127929688,1280500.0
2020-07-08,HCA,92.08117356754565,92.08117356754565,89.33462173118492,91.51654815673828,1600800.0
2020-07-09,HCA,91.64096894114708,91.85150700070966,88.10011684196964,90.28204345703125,2934100.0
2020-07-10,HCA,89.79399586727916,92.84677616544195,89.23894224898645,92.55968475341797,1693900.0
2020-07-13,HCA,90.91365405522443,95.42105644855253,90.91365405522443,92.6649398803711,2607800.0
2020-07-14,HCA,92.3969837086156,94.86600157173596,91.61225562939298,94.70331573486328,1826400.0
2020-07-15,HCA,97.34460547920429,101.84243622231857,96.84696872986548,101.10556030273438,3859000.0
2020-07-16,HCA,100.33041563928234,103.66073036098419,99.00020559184671,102.53148651123047,2901600.0
2020-07-17,HCA,102.7994262459593,103.67028694174368,100.7610488554434,101.4979248046875,1581400.0
2020-07-20,HCA,101.05771725996489,101.74674832852573,98.73224105418385,100.45481872558594,3112900.0
2020-07-21,HCA,101.69890647840418,105.46943393178397,101.63191774553205,104.62728881835938,2483300.0
2020-07-22,HCA,110.34047796840508,119.02990445273728,110.14907640632188,117.15421295166016,5347900.0
2020-07-23,HCA,119.62323578139733,121.99656399183833,118.60883307836241,121.50849914550781,4157800.0
2020-07-24,HCA,121.06830654015381,121.06830654015381,118.72368635027591,120.11132049560547,1646100.0
2020-07-27,HCA,119.62324165682226,120.24528397368238,118.29303179369624,119.93904876708984,1655500.0
2020-07-28,HCA,119.80507907993999,121.2788383887497,118.25475913921773,118.62798309326172,1530900.0
2020-07-29,HCA,119.79549805331719,125.16418236064239,119.50839935611934,124.1976318359375,2429200.0
2020-07-30,HCA,122.5994776759551,122.95355782499676,120.33141821582535,122.54206085205078,1544500.0
2020-07-31,HCA,122.37934840311254,122.37934840311254,119.05861362216172,121.19268798828125,2549200.0
2020-08-03,HCA,121.64249406013836,121.8243237410383,119.44142328507485,120.4558334350586,1125100.0
2020-08-04,HCA,119.52754513153143,123.25021254550016,119.01077184879941,122.86742401123047,2115200.0
2020-08-05,HCA,124.08279767065412,126.21687217976593,123.62343391611144,124.800537109375,2232500.0
2020-08-06,HCA,125.28858326724828,127.25040714167908,124.92492397861328,126.62837219238281,1687600.0
2020-08-07,HCA,125.84366128347413,127.27914030952138,123.10668068971283,124.66657257080078,1372400.0
2020-08-10,HCA,124.71439796728991,127.25996912809214,124.71439796728991,126.77191162109375,1052200.0
2020-08-11,HCA,128.16912269598612,129.16439627239592,125.2311833901706,125.92977905273438,1493000.0
2020-08-12,HCA,127.15469332030561,127.38437515969719,124.74309971769142,126.446533203125,1252000.0
2020-08-13,HCA,125.7096618674686,125.7096618674686,124.03493662960396,125.0493392944336,819600.0
2020-08-14,HCA,124.64744885473378,129.10700791911498,124.11153893501331,128.64764404296875,1295100.0
2020-08-17,HCA,128.15959495212562,129.65249114365233,127.59497657756509,128.52325439453125,1365400.0
2020-08-18,HCA,128.59976315524915,128.8103012103784,126.73362906638117,128.1499786376953,898400.0
2020-08-19,HCA,128.05431967281802,129.71948089932894,126.56142355368085,127.31743621826172,1415900.0
2020-08-20,HCA,126.49440721734565,127.9394654771358,124.54216212916738,125.50871276855469,1245400.0
2020-08-21,HCA,125.12587588918925,127.2599498367034,124.68565605754458,126.81016540527344,1194600.0
2020-08-24,HCA,127.75764006791171,129.26011520372836,126.32216096602507,128.59979248046875,3161400.0
2020-08-25,HCA,128.71460881987812,128.95385530467345,126.09246208964075,128.3413848876953,994300.0
2020-08-26,HCA,127.84377083957294,128.04474434760795,124.31248975978745,125.96808624267578,1014900.0
2020-08-27,HCA,126.85805186034888,132.04491382068608,126.22643764536761,128.63804626464844,1998400.0
2020-08-28,HCA,128.6284937911495,130.25536709629165,126.67623414302075,130.14053344726562,1090600.0
2020-08-31,HCA,129.738614296158,131.93010606896476,129.2409774289133,129.8821563720703,2449000.0
2020-09-01,HCA,128.57106214033996,128.8103086165204,126.86762839813099,128.42750549316406,1354200.0
2020-09-02,HCA,128.89642374777344,133.48037944728392,127.24084235096026,132.2267303466797,2198000.0
2020-09-03,HCA,132.80094673664124,133.37512955540487,128.5232182957182,130.7242889404297,1860100.0
2020-09-04,HCA,130.7625395427311,133.19327705736677,129.04954138037237,131.1549072265625,1123400.0
2020-09-08,HCA,130.4180272944604,130.4180272944604,126.69535301269576,126.82933044433594,1418800.0
2020-09-09,HCA,127.90113903005779,129.51844727615358,127.04942230076068,128.05426025390625,1953900.0
2020-09-10,HCA,129.01125098500444,130.58070708399464,128.33179925688998,128.8772735595703,2093100.0
2020-09-11,HCA,128.8390509711384,129.3366732589428,126.49442320486614,128.23614501953125,745600.0
2020-09-14,HCA,129.26012123985137,130.45635388061797,128.09259701426723,129.8821563720703,1658200.0
2020-09-15,HCA,131.0688016605591,132.7913646823391,129.1069775497022,129.9586944580078,1320500.0
2020-09-16,HCA,131.0209327528263,133.19328006094537,130.83910310975799,132.0736083984375,1327200.0
2020-09-17,HCA,130.41806497555066,131.9492485816462,128.40838831785643,131.24107360839844,1381100.0
2020-09-18,HCA,130.33191291561846,131.00180012954044,126.40826485880311,126.56138610839844,2070700.0
2020-09-21,HCA,120.50366332743471,120.551515543143,113.9961635583738,120.05387878417969,3631400.0
2020-09-22,HCA,120.06344193536071,120.41752932261046,114.42679595354286,115.46034240722656,2639200.0
2020-09-23,HCA,116.55129805552025,116.8383894064055,111.07733827113277,111.32615661621094,2260100.0
2020-09-24,HCA,111.04864885346018,114.02487569754982,109.46004869562982,111.91950225830078,1290400.0
2020-09-25,HCA,111.0964982981775,116.20680719970447,110.7615546672777,115.36466217041016,1439500.0
2020-09-28,HCA,117.2116431840777,118.53228117582607,115.62304299143726,116.13981628417969,1119300.0
2020-09-29,HCA,116.75226528200795,116.89581460940238,112.71378411799213,115.01055145263672,1132100.0
2020-09-30,HCA,115.89099750640928,120.91517376218907,115.36465961272829,119.31700897216797,1899200.0
2020-10-01,HCA,119.37440617286377,120.29311166106308,116.25463773415218,119.2021484375,1847900.0
2020-10-02,HCA,116.27380010734596,122.66645963905233,116.23551979083454,121.58507537841797,1489900.0
2020-10-05,HCA,122.66645448146038,125.15462384151901,121.43194900668593,124.57086181640625,1481700.0
2020-10-06,HCA,125.16419388276141,126.70494194369715,122.695182825933,122.8482894897461,1257600.0
2020-10-07,HCA,124.40818612056748,126.64752996615012,123.03012387637871,123.51819610595703,1001500.0
2020-10-08,HCA,124.30287679139984,126.78146634557496,123.40330786225371,126.15943145751953,1135500.0
2020-10-09,HCA,133.49954124537274,133.97803422474684,127.47052678476975,128.19784545898438,2754300.0
2020-10-12,HCA,129.1930920555053,129.47061153188184,124.30289369063982,124.62826538085938,1332500.0
2020-10-13,HCA,124.67615406696659,127.93948033292929,122.80046939615823,127.22174072265625,1435700.0
2020-10-14,HCA,126.91547722097462,130.8773986323537,126.56139707773688,128.86773681640625,1197100.0
2020-10-15,HCA,126.80061914430513,132.55209857464982,126.3603992489927,131.86306762695312,1327800.0
2020-10-16,HCA,131.86305725010692,133.48036546944334,128.92511865364813,129.3079071044922,1197600.0
2020-10-19,HCA,128.7719977712941,130.90607186513176,127.66189081750349,128.55189514160156,894500.0
2020-10-20,HCA,128.55190512239193,132.0448974746759,127.95857859522286,130.552001953125,980900.0
2020-10-21,HCA,129.7577269754563,132.91578366528086,129.7577269754563,130.13095092773438,1257300.0
2020-10-22,HCA,129.93954787090465,132.16932683089524,128.64761102975828,129.39407348632812,1485200.0
2020-10-23,HCA,130.92522921314173,131.9109234509546,129.0016929495588,130.71469116210938,897200.0
2020-10-26,HCA,128.71462423694783,131.53773017518677,124.87711541806596,129.6046142578125,1966800.0
2020-10-27,HCA,128.91558464916204,129.57589269321446,124.79096290982476,124.94408416748047,1451000.0
2020-10-28,HCA,122.53246701432234,124.48472640862713,120.14958149215803,121.1065673828125,1342600.0
2020-10-29,HCA,120.81164385720015,121.86492614163859,118.56144822558635,120.07434844970703,1343900.0
2020-10-30,HCA,119.69134132066208,121.29999324022695,116.73257486979757,118.67636108398438,1718800.0
2020-11-02,HCA,120.75420929708173,125.18758155907312,119.86370536437198,125.05352783203125,2013000.0
2020-11-03,HCA,127.15050919030531,131.39237825482112,126.7292079090677,130.31036376953125,1656100.0
2020-11-04,HCA,130.2146324968122,132.74251349121482,125.97276300746186,126.20257568359375,2301300.0
2020-11-05,HCA,128.24206991371872,134.52348310246015,127.84949346066314,131.71791076660156,1681800.0
2020-11-06,HCA,131.49768709855167,133.63297637621284,130.55931114413798,132.6179962158203,1004200.0
2020-11-09,HCA,141.41771247232444,146.18621130277117,139.78991319237167,141.0634307861328,3778600.0
2020-11-10,HCA,140.16336181567078,148.35982304619853,140.16336181567078,145.65000915527344,2497400.0
2020-11-11,HCA,145.19040071480848,145.5446824374035,138.631308852766,139.29200744628906,1456300.0
2020-11-12,HCA,138.4685565662158,141.55180751214172,136.41944083918088,138.44940185546875,2101800.0
2020-11-13,HCA,138.85151252958252,143.60087092187513,138.7749083252664,143.3902130126953,1373800.0
2020-11-16,HCA,145.30529554429714,147.38313557901992,143.8498446708966,145.37232971191406,1803800.0
2020-11-17,HCA,143.9360294138609,149.22158863634274,142.80613553078936,146.5309295654297,1587600.0
2020-11-18,HCA,145.6500026416024,147.91934583859043,143.72537109827482,144.81695556640625,1219400.0
2020-11-19,HCA,143.8211082413336,144.81694835152126,141.39855673879873,144.44351196289062,2141800.0
2020-11-20,HCA,144.5105424865313,144.96058311863567,140.7665936580717,141.08258056640625,1337300.0
2020-11-23,HCA,142.56673361276432,144.88395596288672,141.94434455325805,143.05506896972656,1243100.0
2020-11-24,HCA,144.57760333690896,149.0301164081493,143.1987564317922,148.47474670410156,2489500.0
2020-11-25,HCA,147.4022572475113,148.85770779469368,146.04256560095865,147.09584045410156,1077100.0
2020-11-27,HCA,146.9809805504031,148.41727677728,145.84151653935902,146.5500946044922,753500.0
2020-11-30,HCA,145.9851271547148,145.9851271547148,142.59546052214608,143.73492431640625,1846300.0
2020-12-01,HCA,146.15745876849104,147.17243878738753,144.70200827931077,145.45846557617188,880500.0
2020-12-02,HCA,144.07005630277308,146.85645916332896,143.39020316786846,146.11917114257812,839200.0
2020-12-03,HCA,146.7415827424944,147.5267649455371,145.47763517976978,146.2628173828125,906400.0
2020-12-04,HCA,147.12458152581593,151.49093365181594,146.1000313070353,150.98342895507812,1447000.0
2020-12-07,HCA,150.47594894717415,150.98343906714243,147.22035029710298,148.77154541015625,1043500.0
2020-12-08,HCA,148.5417339412609,152.8697619458591,148.41725028171103,152.42930603027344,1367500.0
2020-12-09,HCA,152.1133281626821,154.56460442624686,151.5483885541241,153.13787841796875,1531900.0
2020-12-10,HCA,152.62084652502435,157.24572243314773,152.62084652502435,154.91891479492188,1401600.0
2020-12-11,HCA,153.51133762754085,154.58376739750753,150.01634160595475,150.8781280517578,1153200.0
2020-12-14,HCA,156.9105278075373,158.22235460683973,152.93678183757038,154.0283660888672,1833500.0
2020-12-15,HCA,156.20198750842792,156.49881968721616,152.48676372312187,154.11456298828125,1625600.0
2020-12-16,HCA,153.85605285312076,155.6466455115526,152.88895193633977,154.6986846923828,1107100.0
2020-12-17,HCA,155.86682221151278,158.70111907645352,155.7040437708322,157.75315856933594,1371300.0
2020-12-18,HCA,158.17453333839362,158.93097632845195,156.27862622787345,157.36062622070312,3119900.0
2020-12-21,HCA,154.3443785134267,157.36059442576715,152.14205494356642,156.16368103027344,1831100.0
2020-12-22,HCA,156.55625700521577,157.43718342589912,155.00506206996437,156.33602905273438,1813100.0
2020-12-23,HCA,157.64785143420366,159.77357072430686,157.4371935145892,158.8160400390625,1904800.0
2020-12-24,HCA,160.041734795659,160.041734795659,157.36590703364965,157.5193634033203,288900.0
2020-12-28,HCA,158.78537845087988,158.87169219080428,156.51236215975453,157.28921508789062,906600.0
2020-12-29,HCA,157.50977071717793,158.27703796758004,155.879336956577,157.1261444091797,915500.0
2020-12-30,HCA,156.5986485744958,157.2124594530892,154.92984338844235,155.7067108154297,879400.0
2020-12-31,HCA,156.39725595755493,158.2482742009664,155.16003398217077,157.73037719726562,958200.0
2021-01-04,HCA,156.684998598785,158.19076221969252,151.88959542556483,156.94395446777344,1617000.0
2021-01-05,HCA,156.43562637560655,159.9170933945776,155.58204528632584,158.25787353515625,1142300.0
2021-01-06,HCA,161.2501761395187,166.9758867231977,161.2501761395187,163.5807342529297,3093800.0
2021-01-07,HCA,164.04109518210825,167.23483447564766,164.04109518210825,166.49635314941406,2094100.0
2021-01-08,HCA,166.87996590420548,167.40746297618566,162.64083289426154,165.2303466796875,1063600.0
2021-01-11,HCA,163.59993789662101,165.9976389187293,162.71758567661385,164.35760498046875,854900.0
2021-01-12,HCA,164.04107808652506,165.34542780049625,162.60245772410403,165.19198608398438,982800.0
2021-01-13,HCA,165.0193802069947,165.81541873817434,161.6913698682584,163.49444580078125,862400.0
2021-01-14,HCA,163.7917624330964,164.39598781566403,160.7610646182966,161.3844757080078,1489400.0
2021-01-15,HCA,160.43494826693643,162.54492195867667,159.55259616436885,161.86398315429688,1111800.0
2021-01-19,HCA,163.57115783619636,164.57819513806874,159.26488176427603,159.30325317382812,1385500.0
2021-01-20,HCA,159.2265421604317,162.0750122990586,157.91259197806295,161.0775604248047,942100.0
2021-01-21,HCA,161.82565824230574,161.82565824230574,159.94586854634983,160.55007934570312,1014700.0
2021-01-22,HCA,159.6677253174398,160.50213534446846,158.5456028339265,160.13768005371094,1023000.0
2021-01-25,HCA,159.2936431881011,161.87357153131543,157.84543720645618,161.5378875732422,1180500.0
2021-01-26,HCA,162.42985031982326,163.18751736492112,157.30836471078882,157.4138641357422,1221100.0
2021-01-27,HCA,154.95863714057498,155.94648884485832,150.02894952097756,150.59481811523438,2287600.0
2021-01-28,HCA,153.05963156700886,159.82115105074698,152.45542088991914,157.0973663330078,1709900.0
2021-01-29,HCA,156.16707439850356,159.0826725827929,153.16514784992424,155.83139038085938,1531400.0
2021-02-01,HCA,157.73995928106476,162.48740447630945,156.69456512602576,160.0992889404297,1811300.0
2021-02-02,HCA,161.8064468568119,163.92600616390496,158.2578379733926,159.0634765625,3077700.0
2021-02-03,HCA,159.38957528313722,166.8416341479438,158.38253792825975,166.03599548339844,2600200.0
2021-02-04,HCA,166.86081953485137,172.15494793672326,166.2661943141247,171.963134765625,2338000.0
2021-02-05,HCA,172.10692754908882,173.60309022035977,168.45283457093052,169.55577087402344,2165200.0
2021-02-08,HCA,169.2201727958375,172.51941219448906,169.2201727958375,171.6178741455078,1594000.0
2021-02-09,HCA,171.91517761110617,172.46186051421745,167.74317163121614,168.2418975830078,1737900.0
2021-02-10,HCA,169.19138506955844,169.7572390207033,166.93754016665102,167.63766479492188,1358600.0
2021-02-11,HCA,168.6255176871961,169.8723104607407,167.38829581456116,168.36656188964844,985000.0
2021-02-12,HCA,167.83908462740493,168.52962374633879,164.99061442040443,166.41004943847656,1106900.0
2021-02-16,HCA,166.98550432185033,167.58972971219484,164.77961627295477,166.8800048828125,1097300.0
2021-02-17,HCA,166.60186832617103,169.73805080287286,165.44137456400372,169.22015380859375,1068000.0
2021-02-18,HCA,168.04048094107358,168.56796344607181,166.62103143242308,167.46502685546875,1179500.0
2021-02-19,HCA,167.89661761424225,170.57246020729625,167.493805590059,170.11209106445312,1090800.0
2021-02-22,HCA,163.4177388253806,169.43117813696787,163.16838314390668,167.66647338867188,1761700.0
2021-02-23,HCA,168.10757234807244,169.37356520693535,165.93045624742905,167.9061737060547,2355700.0
2021-02-24,HCA,166.87997178389455,171.445188732126,166.5347022913793,168.25144958496094,1995900.0
2021-02-25,HCA,169.4791063327289,169.6900905600755,165.93049709475167,167.8678436279297,1247700.0
2021-02-26,HCA,167.52260325082585,169.23936568530243,164.88513165427736,164.99063110351562,1750600.0
2021-03-01,HCA,166.76490934775876,169.84354932349353,166.76490934775876,168.28025817871094,1662500.0
2021-03-02,HCA,168.30901740262613,171.61784171298447,168.30901740262613,170.88893127441406,1191700.0
2021-03-03,HCA,168.6830211608146,172.06857291345713,167.94452534901387,168.39529418945312,1436800.0
2021-03-04,HCA,168.31861302329108,173.57436960581492,167.4266752608448,169.12423706054688,1877500.0
2021-03-05,HCA,170.46693184969982,177.2955786647157,168.92281203513545,176.19264221191406,2059400.0
2021-03-08,HCA,177.23807249537637,182.44587238513034,176.63384712065553,181.46762084960938,2603500.0
2021-03-09,HCA,183.20351109430038,186.07115163886792,176.34607861443246,176.78726196289062,2979800.0
2021-03-10,HCA,178.5615664606702,180.52768403812914,176.87359037051064,177.7847137451172,1447200.0
2021-03-11,HCA,177.21888364511685,179.05073080927556,177.0078847762396,177.6504669189453,1409800.0
2021-03-12,HCA,178.8301336099494,182.7048118955246,177.631283138194,181.6785888671875,1188500.0
2021-03-15,HCA,181.99510710827127,185.05457618924484,181.27579674632727,183.9708251953125,1415200.0
2021-03-16,HCA,183.81695588974867,184.18232540255272,178.1826598852003,178.3749542236328,1606900.0
2021-03-17,HCA,179.08645253570128,180.9228950905453,177.81729810992684,178.35572814941406,1801800.0
2021-03-18,HCA,178.58647185630858,183.64388454704937,178.04802720091425,180.78826904296875,1566200.0
2021-03-19,HCA,180.25944435565037,184.93226828116005,179.8075446286334,181.33631896972656,2674000.0
2021-03-22,HCA,181.5863287810467,181.96130790401736,179.9421805211792,180.93251037597656,1232500.0
2021-03-23,HCA,179.31718046064162,181.5574451191556,174.90396222131068,176.58656311035156,1475900.0
2021-03-24,HCA,177.6730835499895,181.77863500528414,176.89428183381395,177.4807891845703,1287800.0
2021-03-25,HCA,177.8365088265729,181.4997692064574,176.16351741755952,180.13446044921875,1436300.0
2021-03-26,HCA,181.57672627348958,183.89389752310086,180.1441061472824,183.7112274169922,1553200.0
2021-03-29,HCA,183.96120519224968,185.25920310380403,178.35573739917004,179.98065185546875,1470100.0
2021-03-30,HCA,179.53833758522046,182.94200739582826,179.09606209098956,181.27862548828125,1317000.0
2021-03-31,HCA,181.76895003805848,184.03805781964013,179.5863724843614,181.08628845214844,1724500.0
2021-04-01,HCA,181.00940377412695,181.6632220806699,178.269176648778,178.9806671142578,1402700.0
2021-04-05,HCA,180.1248606383736,181.7016977648922,180.1248606383736,180.7594451904297,1138400.0
2021-04-06,HCA,181.0382403395283,182.72084128429933,178.69222620312783,179.20181274414062,1288300.0
2021-04-07,HCA,179.12491297828424,180.9132782064706,178.66340363036707,179.57681274414062,1583200.0
2021-04-08,HCA,179.46141667530313,181.29785907694213,178.07688869117644,180.79788208007812,1110400.0
2021-04-09,HCA,181.61514046422113,183.78809414696582,181.0382428353287,183.52850341796875,1370800.0
2021-04-12,HCA,183.52851473923772,185.8937628871455,183.52851473923772,184.27847290039062,1112200.0
2021-04-13,HCA,183.36507889327316,183.63429391318988,180.90366137084877,181.31710815429688,1586000.0
2021-04-14,HCA,182.0767051874311,186.0957266375447,181.74980327807313,183.59585571289062,1246200.0
2021-04-15,HCA,184.8073082197802,186.80718703007506,183.04778633943428,186.0380096435547,1322900.0
2021-04-16,HCA,187.35523559374536,189.61473444313376,187.13409783543855,189.3455047607422,1523800.0
2021-04-19,HCA,188.07631971264732,189.65315652351404,184.79764818780174,187.38404846191406,1484200.0
2021-04-20,HCA,186.83601096351924,188.25900647378128,185.4514684471062,185.5091552734375,1409300.0
2021-04-21,HCA,186.1437446047285,190.86463096085365,185.90337304127772,189.92237854003906,1328200.0
2021-04-22,HCA,195.1817349768392,197.66237159569968,191.07618402975822,193.74911499023438,2607100.0
2021-04-23,HCA,194.8067528564483,196.34513690776572,190.5762187220018,194.70098876953125,1672100.0
2021-04-26,HCA,188.67247077625373,193.3645290684978,188.66286119392697,192.83570861816406,1461600.0
2021-04-27,HCA,193.1145413983935,193.28760190116816,189.80702597049185,191.29733276367188,1809900.0
2021-04-28,HCA,191.6049808988292,193.16258394673306,189.9416137753815,190.8454132080078,2274900.0
2021-04-29,HCA,191.96072488201037,195.71053007800217,191.8741946401554,194.16253662109375,1388500.0
2021-04-30,HCA,193.94142698512545,195.86439977308672,192.84533308283224,193.3164520263672,1394800.0
2021-05-03,HCA,195.50866847181143,197.72009043615068,193.91259730292032,196.63360595703125,1594600.0
2021-05-04,HCA,196.1432223066728,198.71038919103484,194.39331004591787,198.39309692382812,1732200.0
2021-05-05,HCA,198.08541442794643,200.47950595920094,196.44126637646409,199.83531188964844,1337000.0
2021-05-06,HCA,199.9603071214097,201.75828180888172,199.22958281451207,201.26792907714844,1249700.0
2021-05-07,HCA,199.60455596213234,203.10436540583208,199.16226582166252,202.41209411621094,1053800.0
2021-05-10,HCA,203.05631730552187,208.91176602222558,201.91214613007253,203.72935485839844,1414200.0
2021-05-11,HCA,200.3064460766165,202.4121034571264,198.20078869610663,198.79690551757812,1911600.0
2021-05-12,HCA,198.44116534506617,200.32568502884047,196.09513632549465,196.2489776611328,1278300.0
2021-05-13,HCA,196.40281518399752,201.30638662555327,195.84515135647308,199.4795684814453,1129200.0
2021-05-14,HCA,201.0756520829725,204.04664148702057,200.54683163780587,203.3543701171875,1234600.0
2021-05-17,HCA,203.00824893798418,203.8928147135058,200.7487499067851,201.43141174316406,1013700.0
2021-05-18,HCA,202.05638292609734,202.05638292609734,197.48932203257326,197.5373992919922,1395200.0
2021-05-19,HCA,195.99901818268827,196.76819560375927,192.06652746253616,195.82594299316406,1430700.0
2021-05-20,HCA,195.86438116721428,199.86415303617105,195.8451473332487,198.26809692382812,1101400.0
2021-05-21,HCA,199.32575495226342,202.00831038176042,198.1912079757156,198.43157958984375,1053500.0
2021-05-24,HCA,200.17184814343872,200.17184814343872,197.16239113424876,198.1815643310547,1173300.0
2021-05-25,HCA,199.30647619976878,203.0370475050793,198.6238291853119,202.11402893066406,1870100.0
2021-05-26,HCA,202.10441874341362,205.41193398599242,201.7486735046756,203.67164611816406,1350100.0
2021-05-27,HCA,204.61387889184456,206.440711501452,204.17160344914728,205.45999145507812,2034400.0
2021-05-28,HCA,206.14264485303747,207.37334607171528,204.2485157785958,206.5176239013672,1054600.0
2021-06-01,HCA,208.50793759173104,208.70023193409594,205.97922370983483,207.55606079101562,1227400.0
2021-06-02,HCA,208.8829185166339,208.98868260652503,201.23910463977703,202.51788330078125,1360800.0
2021-06-03,HCA,201.09487537866073,205.70040346622324,199.912251210533,205.0465850830078,1567900.0
2021-06-04,HCA,206.36380505752197,207.7771910634028,204.74850047746546,205.53692626953125,964700.0
2021-06-07,HCA,205.91192553941426,206.93109874927973,203.3832116790409,203.71011352539062,1053000.0
2021-06-08,HCA,203.68128896761348,204.05626810164574,200.76798615602777,201.75831604003906,1317200.0
2021-06-09,HCA,202.4601846941154,202.8640071944629,200.19107635565052,200.28721618652344,1096200.0
2021-06-10,HCA,201.4313878510992,204.22931661630432,200.76795993036836,202.00828552246094,1096400.0
2021-06-11,HCA,202.31597173131155,203.78704478746013,201.5371700746586,203.5370635986328,702500.0
2021-06-14,HCA,202.65245107635292,203.0658831014304,198.01808053662367,199.85452270507812,1472100.0
2021-06-15,HCA,200.16295490639743,203.4877579575515,199.34380862992325,201.95545959472656,859800.0
2021-06-16,HCA,201.05920065391217,202.66859762023176,199.03539996053468,199.25704956054688,1339300.0
2021-06-17,HCA,199.95094174852636,201.550707038577,196.7225156927844,199.6907501220703,1240900.0
2021-06-18,HCA,195.5081778139244,196.74172755004886,193.14708721142392,194.052978515625,2576000.0
2021-06-21,HCA,195.53713605264812,200.8761081431741,194.5734241653407,200.53880310058594,964600.0
2021-06-22,HCA,199.94130358577357,203.35283714797444,199.6329087277949,202.2252960205078,1131100.0
2021-06-23,HCA,202.04214984925784,202.32163447409212,198.54388641534464,198.66915893554688,1052100.0
2021-06-24,HCA,200.72189300045832,200.72189300045832,196.6646745477423,197.0115966796875,1287200.0
2021-06-25,HCA,197.40672822946576,200.89537506237951,196.35628586131537,200.08584594726562,3049300.0
2021-06-28,HCA,199.79676373539243,200.1436859121887,198.05243279550817,199.41127014160156,1097900.0
2021-06-29,HCA,200.9821054076204,202.20602355109088,197.9560508448038,198.40899658203125,916000.0
2021-06-30,HCA,198.0331379908927,199.44979547692293,197.02123768586043,199.23777770996094,1438300.0
2021-07-01,HCA,199.89312384519667,204.78878214291657,199.642564040873,204.14309692382812,1446900.0
2021-07-02,HCA,203.79614654859338,207.38115581496274,202.7938779875246,207.05349731445312,829400.0
2021-07-06,HCA,206.28248224782632,207.11127485753755,203.77682606821386,207.04380798339844,961100.0
2021-07-07,HCA,206.78363777954976,209.53020745096,206.50415313650046,209.0579833984375,975800.0
2021-07-08,HCA,205.86812798146718,207.49680341845308,203.95035074330443,206.28253173828125,976900.0
2021-07-09,HCA,208.4797414606367,211.9780194297767,207.41002094887907,210.8504638671875,913000.0
2021-07-12,HCA,209.58802215534195,213.6645333459646,208.7881396577627,212.34423828125,1098800.0
2021-07-13,HCA,212.01658303205642,212.90319606921793,210.20480025324963,211.27452087402344,872600.0
2021-07-14,HCA,212.01654436383927,212.80679490581153,210.0698428845331,210.81190490722656,1223400.0
2021-07-15,HCA,209.14476934547397,212.94179674205432,209.14476934547397,212.2960968017578,1122000.0
2021-07-16,HCA,212.96101114895626,213.58743258817913,211.0432342429798,211.24560546875,1040900.0
2021-07-19,HCA,208.20992341484148,211.27451967557633,206.82217616278263,209.7325897216797,1593300.0
2021-07-20,HCA,230.42349509941775,242.85537132070985,229.05501141579543,239.86785888671875,4824100.0
2021-07-21,HCA,241.88201816287827,245.21645259319027,239.29926301837492,240.2051544189453,2435600.0
2021-07-22,HCA,240.3593926180865,240.9279791195903,236.81292511880616,237.83445739746094,1704700.0
2021-07-23,HCA,239.6847450653688,241.25558514798243,237.41038484914716,239.44381713867188,1484600.0
2021-07-26,HCA,238.56689527025142,239.40531995798736,232.08111798845772,236.8418426513672,1710100.0
2021-07-27,HCA,236.74541814764135,241.6796173125964,235.15528503036785,238.70175170898438,1548300.0
2021-07-28,HCA,238.4415970386123,238.58616264696457,233.90252221483757,237.0056610107422,1106400.0
2021-07-29,HCA,238.20063880540374,240.42681066352648,237.90189050653183,238.90414428710938,1092700.0
2021-07-30,HCA,238.07537378315953,240.72558142441937,237.52606566415616,239.1932830810547,1283600.0
2021-08-02,HCA,239.81965784668046,242.67223618935748,239.3956223539674,241.89163208007812,1171900.0
2021-08-03,HCA,242.79755748678284,244.97554089900785,238.4415759572575,244.31057739257812,1276500.0
2021-08-04,HCA,243.04807917248937,245.87176199990677,239.01977146790125,239.2510528564453,1528200.0
2021-08-05,HCA,240.1955399837097,241.4098115864852,235.4444330511568,240.02206420898438,1147700.0
2021-08-06,HCA,240.90866004426329,243.34684960443252,240.60991175346322,241.0435791015625,1047500.0
2021-08-09,HCA,239.96424641839752,240.9183264269003,238.53795702297037,239.6173095703125,698300.0
2021-08-10,HCA,237.07308164764484,239.44381893435374,231.02097326003772,231.92686462402344,1980400.0
2021-08-11,HCA,232.07141693979943,232.93876631084154,227.8407230772131,232.40872192382812,1250400.0
2021-08-12,HCA,228.39972051766136,235.56973941330654,227.54201751404705,233.73867797851562,1121400.0
2021-08-13,HCA,233.71939001551897,235.16495771652154,233.2664442927988,234.16268920898438,830400.0
2021-08-16,HCA,233.79649406218337,237.64169482339517,233.41100051006944,237.37185668945312,897600.0
2021-08-17,HCA,235.65648021021252,238.5958045769393,234.8758758893114,236.13833618164062,1087600.0
2021-08-18,HCA,234.5289218502843,237.71880579504563,233.41101254910672,233.6712188720703,1224600.0
2021-08-19,HCA,232.302765555608,238.2970549853341,231.1366676405964,237.55499267578125,1062300.0
2021-08-20,HCA,237.65136985280677,241.56403796926185,237.65136985280677,240.29193115234375,1006900.0
2021-08-23,HCA,241.15926891620117,242.65301058330482,240.38829646232665,240.59066772460938,1005700.0
2021-08-24,HCA,240.52316538111802,242.51804093299805,240.3207794559636,240.42678833007812,817300.0
2021-08-25,HCA,241.0821665499126,246.0163666518752,240.1955533881585,242.94212341308594,1112100.0
2021-08-26,HCA,242.46025073531393,243.98291715963902,240.96649448888124,241.93020629882812,917100.0
2021-08-27,HCA,243.3372069006925,244.2141880864632,241.45797200623656,242.71080017089844,905800.0
2021-08-30,HCA,243.3854141117678,245.8236037500995,242.44098068039708,244.2913055419922,601700.0
2021-08-31,HCA,244.16603515528993,248.07871762257722,242.9228533377449,243.79981994628906,1820600.0
2021-09-01,HCA,244.9947818951814,245.74647582128773,242.15183541002818,243.49139404296875,958100.0
2021-09-02,HCA,244.2238625562717,245.63088836952667,243.79982697679552,244.0889434814453,804400.0
2021-09-03,HCA,243.14449773333118,244.87918196894069,241.97839994839836,243.77090454101562,605700.0
2021-09-07,HCA,241.85311085576834,244.06963614975277,239.38599638672628,242.98065185546875,1764600.0
2021-09-08,HCA,242.25786499189388,247.2209746340677,240.64846813020765,245.19717407226562,1416400.0
2021-09-09,HCA,245.02373547797714,252.29974811060777,244.7346189847756,248.8882293701172,2145900.0
2021-09-10,HCA,250.4591005000426,251.3071422698576,246.4018522145197,247.38485717773438,1113200.0
2021-09-13,HCA,249.56280111136005,250.05430354379507,246.67168039768868,248.33889770507812,1129000.0
2021-09-14,HCA,249.31225413381165,249.57244573185469,245.1201019266621,245.42848205566406,1403400.0
2021-09-15,HCA,245.27402644772252,248.52786369321996,242.64777893935562,247.61062622070312,1337700.0
2021-09-16,HCA,248.60513412428529,253.69347601365615,247.22440128050417,252.6217498779297,1750800.0
2021-09-17,HCA,252.36100828418114,254.82313172610188,249.17476555426987,249.8216552734375,5765300.0
2021-09-20,HCA,245.65057280447692,248.12234632661685,243.45881172511258,246.2395477294922,1217700.0
2021-09-21,HCA,248.14164198982152,251.6947915037471,247.01197169111654,247.02162170410156,1413600.0
2021-09-22,HCA,248.93336973427313,251.27960450282288,247.224359906128,249.34854125976562,1213500.0
2021-09-23,HCA,251.00923720193362,251.00923720193362,246.57745094150474,246.72227478027344,1769400.0
2021-09-24,HCA,247.83266243724026,250.30442115970726,247.0698988989962,247.49472045898438,1175200.0
2021-09-27,HCA,247.91952735288245,250.8257867692879,246.51952427425005,246.74159240722656,1481500.0
2021-09-28,HCA,244.96506454735504,247.35957914038377,242.59949999509013,243.1208953857422,1674600.0
2021-09-29,HCA,244.16365861510272,245.3512584692551,242.96639401502463,243.51675415039062,1818600.0
2021-09-30,HCA,244.443638545211,244.97468388294857,234.1800327068365,234.3538360595703,2115800.0
2021-10-01,HCA,235.46421713618207,240.90981547760148,234.633859263104,239.2490997314453,1794000.0
2021-10-04,HCA,239.25876654136434,242.15536174226983,234.93318849987537,235.95664978027344,1313000.0
2021-10-05,HCA,236.40074266415465,239.01733966368622,234.54692384434833,234.73037719726562,1396100.0
2021-10-06,HCA,232.7607154017909,233.6586527393135,227.8944277720344,231.27378845214844,1170200.0
2021-10-07,HCA,232.0655470278178,235.1842102538384,231.7662198290467,233.92901611328125,1512100.0
2021-10-08,HCA,233.88072760616097,235.7345466074234,231.95932905043344,232.13311767578125,817400.0
2021-10-11,HCA,231.74689783808296,233.49450766989702,228.99512689585933,229.33306884765625,909000.0
2021-10-12,HCA,230.24066078303298,232.1137796216664,229.1689201690877,230.8296356201172,1070600.0
2021-10-13,HCA,231.25449437023246,232.7607362121972,228.8213650706591,230.771728515625,1166700.0
2021-10-14,HCA,232.90554791311382,236.03387579143285,232.2007139273899,234.1510772705078,1146000.0
2021-10-15,HCA,235.67662647643908,239.98290429264028,234.92351293750505,238.37046813964844,1127100.0
2021-10-18,HCA,237.61733777759008,239.12356474881847,235.55110069834336,238.09043884277344,911100.0
2021-10-19,HCA,239.59666785273714,242.84085471561983,239.50977354200612,240.1083984375,898000.0
2021-10-20,HCA,241.17049613709443,244.7139955507878,241.17049613709443,242.21327209472656,1105800.0
2021-10-21,HCA,246.48089782227404,251.21199661851503,241.2573684966908,251.0382080078125,1878400.0
2021-10-22,HCA,238.02287662011244,248.99131722055006,234.65316571427945,244.38572692871094,2830500.0
2021-10-25,HCA,245.4574236213714,245.4574236213714,232.5386071993492,233.4751739501953,2136900.0
2021-10-26,HCA,232.55796506932975,233.83245924796506,229.17860413069297,233.079345703125,1917400.0
2021-10-27,HCA,232.50966897835957,238.341488261795,232.50966897835957,236.91249084472656,1710800.0
2021-10-28,HCA,238.67940463963126,244.29880553077962,237.8683616448808,242.02980041503906,1357500.0
2021-10-29,HCA,241.74016309500195,244.27951613934005,239.8090997263115,241.8270721435547,1176500.0
2021-11-01,HCA,242.66709867319597,244.28918495598722,241.4698339886271,242.3388214111328,1117100.0
2021-11-02,HCA,243.27536937556306,244.1153772254163,239.57738126105636,239.87669372558594,1085700.0
2021-11-03,HCA,238.66977765571698,241.38291931152344,237.04767677686456,241.38291931152344,1171700.0
2021-11-04,HCA,241.3829103045208,243.95122800604338,236.63249639766906,238.88218688964844,1184300.0
2021-11-05,HCA,236.5359474459266,244.4340042695976,236.52629743292587,239.71255493164062,1824600.0
2021-11-08,HCA,240.93875872580975,241.33463023370226,236.47800726791382,239.0946044921875,1233800.0
2021-11-09,HCA,239.55807399578111,241.61466125978873,237.07665042063158,237.65597534179688,1006100.0
2021-11-10,HCA,236.5842308337228,239.25875776296044,235.58973436319425,236.8159637451172,881300.0
2021-11-11,HCA,236.84490691826267,238.11940098259245,232.413120363521,235.58006286621094,1105800.0
2021-11-12,HCA,236.21732407389283,239.04633961072673,235.58973436319425,236.8159637451172,734100.0
2021-11-15,HCA,237.25045510496017,237.7428709776883,234.0062679407136,234.19937133789062,983800.0
2021-11-16,HCA,234.7786582121657,235.99522267677523,233.23380181943153,233.38829040527344,1093300.0
2021-11-17,HCA,234.91389438265685,238.65049780566207,233.39800235587762,235.45458984375,1176900.0
2021-11-18,HCA,235.30004107025485,235.45452965760484,232.95380642285278,234.8655548095703,878300.0
2021-11-19,HCA,234.1993837780673,236.05320300855846,229.89312033418503,230.8200225830078,1096400.0
2021-11-22,HCA,231.78554971479988,235.15526082855285,231.12899519609243,232.14279174804688,1251300.0
2021-11-23,HCA,232.56759860621983,234.55659140336644,230.20204906333035,233.34002685546875,1037500.0
2021-11-24,HCA,232.76071342040058,235.05866864498313,231.27378648341568,231.582763671875,1049700.0
2021-11-26,HCA,226.9095723705469,228.49304357982035,221.71502246424652,223.0377960205078,1329800.0
2021-11-29,HCA,225.24887792299566,227.80754570082397,221.41573072840342,221.9950408935547,1612400.0
2021-11-30,HCA,220.9522941541071,222.71921912067074,216.9743078422118,217.81431579589844,3375900.0
2021-12-01,HCA,221.6764148663211,226.33028463549746,217.74670858995958,217.83360290527344,1761500.0
2021-12-02,HCA,219.3494949220161,226.17581143605682,219.3494949220161,224.06129455566406,1731600.0
2021-12-03,HCA,225.88612432790492,225.88612432790492,220.70122413340047,222.1012420654297,1404200.0
2021-12-06,HCA,223.52055008400265,227.46957052152692,222.3232856782177,225.71231079101562,1559900.0
2021-12-07,HCA,228.32893252652903,233.1759057907295,227.30547128072755,230.37586975097656,1237600.0
2021-12-08,HCA,231.38965865458053,232.92486520572885,229.15928285575285,232.2200164794922,1103900.0
2021-12-09,HCA,231.38002091354545,234.68213762974602,230.18275627628972,233.11798095703125,1001700.0
2021-12-10,HCA,234.45039370773466,236.90283752614585,232.32621236953216,235.1552276611328,1296500.0
2021-12-13,HCA,235.18424935202813,237.4867423966117,234.5747585180819,236.1516876220703,1188200.0
2021-12-14,HCA,234.04268399705583,238.32844356626282,232.4270637230462,237.12881469726562,2054300.0
2021-12-15,HCA,237.39971301282026,245.5842485316028,237.39971301282026,245.5648956298828,1747600.0
2021-12-16,HCA,246.69679803936754,248.4188372525696,244.76192119199996,245.7100067138672,1729000.0
2021-12-17,HCA,245.29399307021848,247.87705165616958,242.80766946071478,245.5261688232422,3894800.0
2021-12-20,HCA,242.74963395339284,243.6686974522191,233.1332941966766,237.62220764160156,1719200.0
2021-12-21,HCA,234.29421564255836,240.6406237032418,234.29421564255836,238.98629760742188,1604700.0
2021-12-22,HCA,239.4796884633602,244.65548966598053,238.75410968328845,243.86219787597656,1283000.0
2021-12-23,HCA,245.3133448702749,246.69677459896266,243.27204939978247,243.84283447265625,822200.0
2021-12-27,HCA,244.2975379915048,246.28078957532446,243.54293725415886,245.5068359375,819300.0
2021-12-28,HCA,246.38715656721394,249.57972037881447,244.7328454925812,248.39944458007812,708100.0
2021-12-29,HCA,248.71875791199975,252.25958632913037,248.71875791199975,250.0731658935547,642100.0
2021-12-30,HCA,250.65360560935835,252.18217477872625,249.52171924138938,249.70550537109375,617400.0
2021-12-31,HCA,249.4346337488277,251.18572444334816,248.3511074469798,248.55429077148438,931500.0
2022-01-03,HCA,248.32207838859074,248.32207838859074,243.79447381770657,245.80674743652344,1518500.0
2022-01-04,HCA,246.97731225099795,252.47236936305717,245.40039789115025,251.79515075683594,2366800.0
2022-01-05,HCA,252.77225549948636,260.9664583571227,250.2859322025328,250.5374755859375,1384800.0
2022-01-06,HCA,250.51812942615052,250.71159934852776,244.85861014791777,246.22268676757812,1757400.0
2022-01-07,HCA,245.70029035378528,247.81898245577653,243.28169476008495,243.9976043701172,1660000.0
2022-01-10,HCA,245.39071725674214,246.87089666493412,238.14461388561662,241.34683227539062,1262000.0
2022-01-11,HCA,239.68285550744267,242.5174428380063,232.46575879186494,242.17884826660156,1547800.0
2022-01-12,HCA,242.73996466998344,245.4391112238107,239.97309034460673,241.18238830566406,1099400.0
2022-01-13,HCA,241.78217336738774,249.8312521874794,241.29845422698517,246.1259765625,1139400.0
2022-01-14,HCA,244.3071722940212,248.95086393626008,244.0362907736218,248.63162231445312,1212100.0
2022-01-18,HCA,245.7777147554319,247.24822517470488,239.59578431492554,240.6309356689453,1510100.0
2022-01-19,HCA,241.5790443742805,242.90443023111092,236.71281574171152,237.34165954589844,1368100.0
2022-01-20,HCA,238.52191671867885,240.06014007862638,231.74984859308955,232.92044067382812,1906500.0
2022-01-21,HCA,232.64957269930903,233.52027608054604,229.727919480455,230.18260192871094,1634300.0
2022-01-24,HCA,226.67077519993276,236.42255411287275,224.21347388370225,235.66795349121094,1829600.0
2022-01-25,HCA,232.15615519013133,234.01363483594957,229.07969391660336,231.32415771484375,1764500.0
2022-01-26,HCA,232.29162999390974,238.7444422165669,229.176477229601,232.18521118164062,2454000.0
2022-01-27,HCA,213.320124218608,224.45533264470205,213.320124218608,221.3982391357422,3196900.0
2022-01-28,HCA,221.55302680009808,228.95393821904796,221.26280713663564,228.9055633544922,1944500.0
2022-01-31,HCA,227.34797005349063,234.39091875334182,226.60303852890974,232.23353576660156,2497900.0
2022-02-01,HCA,233.33647041293275,235.08753155768684,227.7446776333799,229.60215759277344,2018800.0
2022-02-02,HCA,228.96362179912938,234.38128221015825,228.6540492178364,232.949462890625,1121500.0
2022-02-03,HCA,232.01106728775338,236.0259304507726,230.85981331363254,233.01719665527344,1045800.0
2022-02-04,HCA,231.0242692135316,234.1877965909022,227.25125098275777,231.29515075683594,1545300.0
2022-02-07,HCA,230.8114075982267,231.69177990336124,223.14929882330884,224.84231567382812,1436700.0
2022-02-08,HCA,225.14223623168363,232.4270452515365,224.12642309193268,231.68211364746094,1762200.0
2022-02-09,HCA,233.02684966757676,236.89660271928759,233.01718059924457,235.4938201904297,939700.0
2022-02-10,HCA,232.63021376900465,238.97660648201713,230.588918421197,232.19485473632812,1214700.0
2022-02-11,HCA,232.281968586931,234.6618588133653,228.85722834234102,229.8343505859375,1095600.0
2022-02-14,HCA,231.24674003504927,233.35576288027545,226.44825507313635,227.75428771972656,1078300.0
2022-02-15,HCA,230.89850373092878,234.70054403220126,229.77627172875708,234.49737548828125,1094400.0
2022-02-16,HCA,234.3812882925108,244.57808179328603,233.16230654933054,243.7847900390625,1945500.0
2022-02-17,HCA,242.60450769491283,247.59647812586942,241.48227571909575,242.63352966308594,1385000.0
2022-02-18,HCA,241.907942376434,246.51294322753762,235.14554355454203,236.1516876220703,1565500.0
2022-02-22,HCA,233.97496364224492,238.02851780380539,233.1526351653102,236.37420654296875,1208100.0
2022-02-23,HCA,237.5351201187824,237.5351201187824,232.9881631472958,233.9072265625,1034100.0
2022-02-24,HCA,228.32508069525556,236.20971075905135,227.03838613795534,235.62924194335938,1477000.0
2022-02-25,HCA,236.88695185373888,245.92282238095007,236.88695185373888,245.04244995117188,1162600.0
2022-02-28,HCA,238.43485616774106,242.35296957596924,233.59766454085457,242.15948486328125,1602200.0
2022-03-01,HCA,242.03369290587415,245.0230883002356,239.2668336982618,244.2007598876953,1206300.0
2022-03-02,HCA,245.7293269794879,255.21989429343932,244.44263227544636,252.62716674804688,1676200.0
2022-03-03,HCA,254.43628942465506,257.5417583026586,252.26923693955302,255.5101318359375,1682000.0
2022-03-04,HCA,251.69845463588598,257.34829119452763,250.01509178968072,256.767822265625,1351000.0
2022-03-07,HCA,254.9586890374629,255.7810174688185,249.22175767858369,251.3598175048828,1454600.0
2022-03-08,HCA,251.35982031739363,257.2805378512053,249.58939173639956,249.6280975341797,1403500.0
2022-03-09,HCA,255.0264048925383,259.73785437618517,254.22344406633252,255.75198364257812,1197200.0
2022-03-10,HCA,252.89801494279627,259.5056046372005,252.89801494279627,258.4027404785156,1454000.0
2022-03-11,HCA,257.7739814641059,263.39479638008254,257.7739814641059,258.3060607910156,1370000.0
2022-03-14,HCA,260.5891675866789,262.0693765358126,250.66327065653334,252.91738891601562,2315600.0
2022-03-15,HCA,255.8680782550046,259.29278839299764,254.50398678355086,258.4704895019531,2014500.0
2022-03-16,HCA,259.8180650538277,261.6115911961904,255.05796187884087,258.21844482421875,2118100.0
2022-03-17,HCA,258.3154050758159,260.2349375712017,255.96927364314624,258.81951904296875,1509000.0
2022-03-18,HCA,260.39002549864057,260.39002549864057,249.1441640508488,252.7215118408203,2602700.0
2022-03-21,HCA,253.70069713356597,258.19902415296093,251.1994470735587,253.5746612548828,1527300.0
2022-03-22,HCA,254.87371806771677,255.47478487779676,251.25761303743442,252.40158081054688,1643200.0
2022-03-23,HCA,251.03464191374783,254.15633746399004,249.76463818729047,252.6536407470703,1391300.0
2022-03-24,HCA,253.83644220398676,255.06768864585717,251.52912731879488,252.64401245117188,1522400.0
2022-03-25,HCA,252.81844201165953,253.7297463825312,248.14560325794127,252.13980102539062,1562600.0
2022-03-28,HCA,251.8684029863309,256.37646410275664,250.8601750525533,256.3376770019531,1238700.0
2022-03-29,HCA,256.3279327786616,257.44281766897416,254.03999714886436,255.600830078125,1077000.0
2022-03-30,HCA,255.17427817756518,255.9886297073384,245.61531489118957,247.17616271972656,1613300.0
2022-03-31,HCA,245.82863873875354,247.65123319696065,242.88144017123216,242.96868896484375,1643800.0
2022-04-01,HCA,243.3370789121892,246.58481078297604,242.7263078050816,243.09471130371094,1182800.0
2022-04-04,HCA,242.73601102414855,243.511575533879,236.8416290339394,238.0922393798828,1435200.0
2022-04-05,HCA,235.03840512787195,240.79706164587463,235.03840512787195,236.1726837158203,1596800.0
2022-04-06,HCA,235.03842587466642,243.05595089777296,234.51490353066717,242.8329620361328,1669800.0
2022-04-07,HCA,242.0864395022998,248.78546815387807,242.0864395022998,246.85623168945312,1656900.0
2022-04-08,HCA,246.08067067978354,252.22712419029864,243.0365342492402,250.79229736328125,1630500.0
2022-04-11,HCA,250.9861662215098,253.03173423961726,248.80485816771997,250.29782104492188,1454500.0
2022-04-12,HCA,251.6551069703621,253.4874201806707,249.95853381380434,252.92514038085938,1126400.0
2022-04-13,HCA,253.27409272333261,254.1466099963991,249.34775020159202,250.74378967285156,1091600.0
2022-04-14,HCA,251.60664551437637,255.31002945152335,251.480609631747,252.97360229492188,1045900.0
2022-04-18,HCA,251.24796430426275,254.83498720248036,250.94743083291152,251.97506713867188,932700.0
2022-04-19,HCA,253.0511588156571,255.10646096176302,251.48062146627987,253.96246337890625,1069700.0
2022-04-20,HCA,255.639634543329,267.53502488146944,255.48451573970152,266.75946044921875,1688600.0
2022-04-21,HCA,265.6154842702714,270.5015932956165,260.89413904245674,261.2140808105469,2384800.0
2022-04-22,HCA,234.20462521577966,234.61180094640133,202.79378018024826,204.20921325683594,8886800.0
2022-04-25,HCA,202.15398473313496,209.68675956654644,201.17481009973295,204.0735321044922,4740100.0
2022-04-26,HCA,200.87425434147883,212.31400747449226,198.47966138424428,208.37796020507812,5892900.0
2022-04-27,HCA,206.62321882951863,211.8680421397749,203.08464320364894,205.7506866455078,2675100.0
2022-04-28,HCA,206.47777938751636,213.4967496521901,205.01388456681363,212.25582885742188,2213400.0
2022-04-29,HCA,209.9969845930679,215.0091448016041,207.6896403001031,207.9998779296875,2061800.0
2022-05-02,HCA,207.93200899608055,209.2698828930575,201.64984489335063,204.38375854492188,2105900.0
2022-05-03,HCA,204.16075939054676,211.97468811871008,203.53060957425373,209.69644165039062,1839100.0
2022-05-04,HCA,212.16860471440782,219.20695455124113,209.58010570717823,217.93695068359375,2091300.0
2022-05-05,HCA,219.3911642818096,222.19293327128537,212.59516700665455,217.3455810546875,2167800.0
2022-05-06,HCA,214.54380446077587,222.00872365115598,212.8084441446939,220.4091033935547,1679200.0
2022-05-09,HCA,218.13083345668824,220.1570229816016,215.10609063316423,217.25831604003906,1681900.0
2022-05-10,HCA,219.29419966009905,222.26077669204844,215.04792940334244,217.63641357421875,1687900.0
2022-05-11,HCA,217.15168151069426,221.04894189091246,202.0764137426032,203.1331329345703,2962700.0
2022-05-12,HCA,201.16512949951388,207.49577070466532,200.54466896891995,207.27279663085938,2614400.0
2022-05-13,HCA,209.22139430577298,213.47736855948827,207.72841647253446,208.3585662841797,1618200.0
2022-05-16,HCA,207.37939742295512,208.51367590973922,204.39342709500986,205.17869567871094,1685100.0
2022-05-17,HCA,207.3212382320099,210.16177922904708,203.54999919920252,209.3765106201172,1543700.0
2022-05-18,HCA,206.28387813489226,206.28387813489226,198.89651958070414,200.4864501953125,2378500.0
2022-05-19,HCA,198.0143299504039,199.9920430650032,193.44811784020405,196.92852783203125,2271800.0
2022-05-20,HCA,197.85920029826448,200.62219671457675,192.62406632234433,198.52813720703125,1481400.0
2022-05-23,HCA,199.8078481565939,201.39777896357893,196.43408063525627,198.7801971435547,1390400.0
2022-05-24,HCA,198.7414214952943,199.03226555851026,194.766587148211,198.5087432861328,1123400.0
2022-05-25,HCA,197.85921693697085,205.55681453471558,197.15150766356246,199.86602783203125,2151900.0
2022-05-26,HCA,202.35755017350988,206.65231168952607,201.5141156687405,205.32412719726562,1182900.0
2022-05-27,HCA,207.1855533862247,209.94853551977042,207.1855533862247,208.96937561035156,1640600.0
2022-05-31,HCA,206.44869948950435,208.65909061215788,203.48212270872946,203.97654724121094,3331000.0
2022-06-01,HCA,206.02215004728174,206.03185421879763,199.16800198936446,200.63189697265625,1844300.0
2022-06-02,HCA,201.3686937898364,204.96542052004963,197.38417004215762,204.7327423095703,2227200.0
2022-06-03,HCA,203.32704667851266,205.5471424387415,200.98092981071713,201.25238037109375,1150100.0
2022-06-06,HCA,201.07784971591192,202.5029723200284,197.72347578146832,198.56692504882812,1531800.0
2022-06-07,HCA,196.4147016042682,202.4641872063175,196.4147016042682,201.1844940185547,1321100.0
2022-06-08,HCA,199.71088832884698,201.97944535470322,198.9643920314189,199.44912719726562,1171900.0
2022-06-09,HCA,198.29549321873364,200.8355160347884,194.8829676467094,195.11563110351562,1203100.0
2022-06-10,HCA,191.7418697370761,193.5838577260005,189.90957112746028,190.7142333984375,1863400.0
2022-06-13,HCA,185.35303825471735,187.1756472432276,179.41018028601283,180.0985107421875,2416800.0
2022-06-14,HCA,179.54587171268997,179.7300734110267,173.3412685699517,173.80661010742188,3828800.0
2022-06-15,HCA,174.3220700211199,178.77615872343497,172.80495981949116,176.6949920654297,2534800.0
2022-06-16,HCA,171.93942276387006,171.98805113325506,164.4802879504938,166.84347534179688,2574800.0
2022-06-17,HCA,166.6101229997429,171.80331357082667,166.04606642560782,168.3411865234375,6001700.0
2022-06-21,HCA,171.95887636994595,172.26035148387615,165.59866556658076,169.0899658203125,2368000.0
2022-06-22,HCA,168.48701056562507,172.9508187126863,168.10773304017465,171.7351837158203,1614600.0
2022-06-23,HCA,172.96054517619027,173.87469018594345,170.1694372635973,172.5618133544922,1629000.0
2022-06-24,HCA,172.8341798968277,178.09545347187301,172.8341798968277,177.31744384765625,4783800.0
2022-06-27,HCA,177.96897226943037,178.63027061729665,173.9914179260417,174.87640380859375,1367300.0
2022-06-28,HCA,175.11953314837348,176.9672925230817,169.55678586878844,170.9863739013672,2543400.0
2022-06-29,HCA,172.16311151639115,173.50517747228042,168.94411200936634,170.8404998779297,1627400.0
2022-06-30,HCA,164.85956551974084,165.45279601204135,161.31963688155446,163.439697265625,5189100.0
2022-07-01,HCA,163.90652628608382,171.00583914804702,163.45918082194146,170.24728393554688,1386100.0
2022-07-05,HCA,168.55509522870705,168.81766170682312,164.87900130284214,167.83543395996094,1320400.0
2022-07-06,HCA,163.70228581425337,164.60671119986407,161.377992111858,161.42662048339844,2086500.0
2022-07-07,HCA,164.27605950884004,170.4223175632078,164.12045465800395,169.85826110839844,1819900.0
2022-07-08,HCA,169.7999358124799,172.68828632226962,167.78683673747003,167.85491943359375,1465700.0
2022-07-11,HCA,166.9310328275865,167.3783931455821,164.597018996152,164.73316955566406,1523400.0
2022-07-12,HCA,163.18687337686868,167.80628716973396,162.84648958272822,165.43336486816406,1846700.0
2022-07-13,HCA,163.9065143135434,166.4933895104435,162.9145667015292,164.6553497314453,1165200.0
2022-07-14,HCA,162.0879274498084,163.25493423221388,159.94841254218227,162.88539123535156,1293700.0
2022-07-15,HCA,166.2308223164902,167.05746023619952,163.03127681363077,166.8921356201172,1192800.0
2022-07-18,HCA,167.76735855343878,169.11914415089856,166.51282969680724,166.96990966796875,1128600.0
2022-07-19,HCA,169.96525264428183,173.83583090609704,168.72044340591617,173.281494140625,1363300.0
2022-07-20,HCA,172.86332403094187,174.7499922202506,171.99779236916893,173.89418029785156,1376400.0
2022-07-21,HCA,174.2442878124383,177.90091320573956,173.68996586950962,176.32545471191406,1837400.0
2022-07-22,HCA,204.23639375959237,206.16197022752027,196.25211162330746,196.4757843017578,5507200.0
2022-07-25,HCA,196.3980310812943,201.7079324652938,191.90504787588546,193.1693115234375,2966800.0
2022-07-26,HCA,192.97478362507715,198.5958943418024,192.97478362507715,198.33331298828125,1800200.0
2022-07-27,HCA,197.53583753939972,200.84237393302791,196.47580728784382,199.03350830078125,1599900.0
2022-07-28,HCA,198.87791455747256,205.89942451285566,197.80814966814407,204.01275634765625,1700200.0
2022-07-29,HCA,203.03052103373648,207.2123088489327,202.66096320562963,206.58016967773438,1497800.0
2022-08-01,HCA,204.5281683037771,207.54294923403666,203.67235645997792,205.11167907714844,1074000.0
2022-08-02,HCA,205.5979171538389,208.67104595509738,204.55732648458027,205.65626525878906,1354100.0
2022-08-03,HCA,207.79581876247664,211.83173656882198,206.29816271098147,210.5188446044922,1437200.0
2022-08-04,HCA,209.32264221467423,211.0731448682822,206.47318585469614,206.87191772460938,1088700.0
2022-08-05,HCA,204.8977297575652,209.77972447436045,204.8977297575652,206.95944213867188,907300.0
2022-08-08,HCA,207.92222250583842,208.83638244030197,204.40173330039613,205.52984619140625,909800.0
2022-08-09,HCA,204.8977348218502,206.28841428781539,203.38062455378056,204.29478454589844,805400.0
2022-08-10,HCA,207.7179625832372,211.71497071861606,206.45369932234956,210.7619171142578,1108400.0
2022-08-11,HCA,211.5885955848302,213.6405734412099,210.20762101677687,210.5674591064453,985600.0
2022-08-12,HCA,211.47186998593904,212.9987147291155,210.9564419127216,212.87228393554688,715600.0
2022-08-15,HCA,211.06340683281132,212.77501554455253,209.5365770125382,210.7424774169922,902900.0
2022-08-16,HCA,209.38099411608397,210.6063489636577,205.38398528461522,207.01779174804688,1194300.0
2022-08-17,HCA,204.42118748049998,205.4714979466779,202.7290329844036,203.2444610595703,861600.0
2022-08-18,HCA,204.42122240291508,209.95479648205384,204.01277073617254,209.12815856933594,1419800.0
2022-08-19,HCA,208.49598842120704,211.7052677720538,207.94166658057856,209.11839294433594,1111100.0
2022-08-22,HCA,205.90913596528142,210.12983239934545,205.48123002677113,206.55099487304688,1195700.0
2022-08-23,HCA,205.61738583918188,208.37932019330026,203.10832793412422,204.46983337402344,1069600.0
2022-08-24,HCA,204.6448515738037,206.89135752162858,203.29306604568006,204.6351318359375,1065500.0
2022-08-25,HCA,205.1700350964375,207.78608426039162,203.6626445731941,207.68882751464844,912300.0
2022-08-26,HCA,207.66939437526398,207.72775733223915,198.7028824287476,199.3447265625,1011400.0
2022-08-29,HCA,197.92486496752764,199.94768372195617,195.01706022566847,198.46946716308594,843000.0
2022-08-30,HCA,198.96545757644853,199.52951413726095,194.78366916994145,196.2327117919922,1043400.0
2022-08-31,HCA,197.3024665749968,197.3024665749968,191.79806665149158,192.43019104003906,1869300.0
2022-09-01,HCA,190.97142416111197,194.054273272303,187.41205554485205,193.9667510986328,1303200.0
2022-09-02,HCA,196.97178220234997,199.33498457967985,193.12065847237687,194.53079223632812,1036900.0
2022-09-06,HCA,195.20182789319384,198.508349512281,192.60523303528265,195.19210815429688,1682200.0
2022-09-07,HCA,194.6669247528483,207.83469139459348,194.6669247528483,206.32730102539062,1802900.0
2022-09-08,HCA,205.44234431338944,210.38268743901398,204.22670913993744,210.2659912109375,1364400.0
2022-09-09,HCA,211.03428025568925,215.58561152728092,210.2757250437573,213.66004943847656,1940400.0
2022-09-12,HCA,213.40719564301781,216.29554610106993,212.90148723856268,216.24691772460938,1510800.0
2022-09-13,HCA,211.90949961228824,212.93063603964893,205.6951737237501,206.21060180664062,1459300.0
2022-09-14,HCA,206.42456076800613,206.42456076800613,200.16162116597704,203.02078247070312,1318000.0
2022-09-15,HCA,202.9817890063111,206.960296194276,202.7672605638809,203.77163696289062,1030200.0
2022-09-16,HCA,205.12704618661397,205.23431040136333,201.27531009568344,204.45420837402344,4048000.0
2022-09-19,HCA,201.25583724883984,203.30360355457447,199.54937028713135,203.20608520507812,1039600.0
2022-09-20,HCA,201.29482424858224,202.0554345972661,195.77563415354211,196.74099731445312,1279100.0
2022-09-21,HCA,198.61322704448187,200.92428078480137,193.8058734022358,193.8936309814453,898000.0
2022-09-22,HCA,193.1720528813854,193.1720528813854,188.73523610680465,189.2325439453125,1074400.0
2022-09-23,HCA,187.0482680942455,187.43831169099715,183.03074762749782,186.73622131347656,1297800.0
2022-09-26,HCA,186.1511567160155,188.02340779988322,180.54419398506067,182.58221435546875,1385300.0
2022-09-27,HCA,184.6299387153164,186.88247233697436,179.21799859101628,179.72506713867188,1617300.0
2022-09-28,HCA,181.43155649492215,186.19016604672905,180.01762976868096,185.2150421142578,1724800.0
2022-09-29,HCA,182.96250143608873,184.32766893931415,178.8767299296508,183.01124572753906,1129200.0
2022-09-30,HCA,183.7523214153221,184.3178949745486,179.04247192796325,179.21798706054688,1330100.0
2022-10-03,HCA,182.47493900351247,190.06140170674726,180.36866782194755,188.4524383544922,1526900.0
2022-10-04,HCA,191.8458534735622,199.1885341797457,191.70933674263318,198.82772827148438,1814100.0
2022-10-05,HCA,195.697601518545,198.69122390419903,193.57182385699275,197.50157165527344,1280400.0
2022-10-06,HCA,196.80924850497522,199.90038932513193,195.40506777977401,196.51670837402344,1118000.0
2022-10-07,HCA,194.85902529002263,195.74639167637187,191.09504615946193,195.47335815429688,1303100.0
2022-10-10,HCA,196.3217036252819,197.84289458325648,193.1232983087173,194.13742065429688,1101500.0
2022-10-11,HCA,194.0983924241885,200.3586853398058,193.03551106930698,197.64784240722656,1729300.0
2022-10-12,HCA,197.68684655501227,198.52545362983446,195.3173028301035,195.50257873535156,1139700.0
2022-10-13,HCA,192.0994038998502,202.61123811073367,190.38319123167662,200.87551879882812,1314400.0
2022-10-14,HCA,203.05979890578982,203.39133744871904,195.72686327836195,196.4582061767578,1118800.0
2022-10-17,HCA,199.69558787288858,203.1572801899581,198.8862482473747,201.1777801513672,962900.0
2022-10-18,HCA,207.07731865489157,208.21821186905612,203.51812225717853,204.7955322265625,1459100.0
2022-10-19,HCA,203.7033660298567,204.61023894628352,201.8018775008445,203.9861602783203,1007600.0
2022-10-20,HCA,204.46395273938253,208.58873715662065,202.26017829175808,203.4205780029297,2469300.0
2022-10-21,HCA,179.01326000167177,193.15255755115652,173.88411328161598,191.76788330078125,6288100.0
2022-10-24,HCA,193.84485508641174,205.6146065813343,193.09402046789793,205.12704467773438,3205800.0
2022-10-25,HCA,205.12706481687974,214.66377539726142,204.37621524543988,209.06655883789062,2330300.0
2022-10-26,HCA,211.02657143021028,218.14497903325145,211.02657143021028,212.0699462890625,1481500.0
2022-10-27,HCA,213.51313725694277,216.94556269708804,212.0601972787701,212.3527374267578,1642500.0
2022-10-28,HCA,212.57701690474042,218.96408162703227,210.62676904322905,218.09622192382812,1390400.0
2022-10-31,HCA,215.50236659628177,217.72564774006057,211.8163997063744,212.0601806640625,1424900.0
2022-11-01,HCA,213.47412004853595,216.61402016224937,211.27034541535232,215.629150390625,1084800.0
2022-11-02,HCA,213.76665473719513,215.9021783808356,208.3644601962365,208.50099182128906,1296100.0
2022-11-03,HCA,206.45323465074185,208.66677008442073,203.11831267640108,207.45761108398438,1486000.0
2022-11-04,HCA,208.9203211805468,209.64191831150225,202.0847071602806,206.63853454589844,1648000.0
2022-11-07,HCA,207.4868352056634,210.35370147863972,205.70235691576573,208.9105224609375,1254600.0
2022-11-08,HCA,208.4815141200496,209.82717512182575,204.36648965081395,206.4044952392578,1236300.0
2022-11-09,HCA,204.78576231551128,208.36446519814734,202.37720512236555,203.81063842773438,1221000.0
2022-11-10,HCA,211.09480760962902,217.29659591217975,210.1294445174945,216.96505737304688,1346900.0
2022-11-11,HCA,216.93580258080135,219.1395771098547,214.27371865512046,218.50575256347656,1333700.0
2022-11-14,HCA,219.09084527199573,221.13861154978582,217.08209228515625,217.08209228515625,1224200.0
2022-11-15,HCA,219.25660976630775,223.3521270751953,218.42774851890488,223.3521270751953,1565500.0
2022-11-16,HCA,222.08444867815288,227.5353872283761,220.88505055289716,225.25360107421875,2014300.0
2022-11-17,HCA,221.68464354717668,223.0888242152178,219.24683402049652,221.64564514160156,1271200.0
2022-11-18,HCA,225.0878339564677,227.35987425065161,222.88405947194667,224.3564910888672,1085800.0
2022-11-21,HCA,222.7670191994784,225.9751846907614,221.9284121737092,223.29359436035156,1433600.0
2022-11-22,HCA,225.7216605147569,229.85619091986015,225.08783597550124,228.90057373046875,1543200.0
2022-11-23,HCA,229.51489029139208,232.3135057914241,228.40324972430474,231.37738037109375,973500.0
2022-11-25,HCA,233.02534642833484,235.22912096150395,231.50415561081908,233.41539001464844,385100.0
2022-11-28,HCA,232.1770088508213,232.6645708056704,227.0283557979517,228.52029418945312,1072600.0
2022-11-29,HCA,228.09120995427122,232.37200280967156,227.07707287736073,229.94393920898438,774800.0
2022-11-30,HCA,230.02197445440584,234.83908886502937,228.15948424833388,234.2442626953125,2431200.0
2022-12-01,HCA,236.7796064450835,237.42317694867813,232.39154863739145,232.53781127929688,1205600.0
2022-12-02,HCA,228.9493166652372,234.03946422964054,228.50076803742732,233.08384704589844,803600.0
2022-12-05,HCA,229.67092225780846,231.38713490014138,228.1789839377828,229.4954071044922,741700.0
2022-12-06,HCA,228.43250233930058,232.92782377660038,227.9644470685543,230.73379516601562,1260800.0
2022-12-07,HCA,230.9093272167457,234.90732601467522,230.41200453795884,232.18673706054688,974700.0
2022-12-08,HCA,232.08922728679357,236.24326450185558,232.08922728679357,235.52166748046875,1188000.0
2022-12-09,HCA,234.9658652129187,235.12187373119048,230.90934615364947,231.6796875,823800.0
2022-12-12,HCA,232.73280261124913,237.2086174178361,231.67966708983886,236.69180297851562,1162300.0
2022-12-13,HCA,243.3673130635191,243.3673130635191,235.07914529242953,237.6007843017578,1189000.0
2022-12-14,HCA,238.26537942141408,241.69597330576093,236.08582908590333,239.16456604003906,1161300.0
2022-12-15,HCA,236.17381195486303,236.20313212568917,233.51534043343472,234.27769470214844,1280300.0
2022-12-16,HCA,230.47569752754094,234.55136542384136,228.73596441824102,233.6424102783203,2206700.0
2022-12-19,HCA,233.0168982171596,236.47681282885227,231.3553571334245,233.27101135253906,871900.0
2022-12-20,HCA,232.7432246239422,237.76695119338729,231.75606246489838,232.968017578125,1093500.0
2022-12-21,HCA,234.9618720629891,238.3826980742184,234.7468475206224,237.4053192138672,786200.0
2022-12-22,HCA,234.92277779366802,236.0174373184513,231.33579925249234,235.6949005126953,961600.0
2022-12-23,HCA,234.90319849852364,236.24221748910654,233.71079526443035,235.29415893554688,592200.0
2022-12-27,HCA,235.4016774585854,236.55497722287257,233.5348804703414,234.6002197265625,532100.0
2022-12-28,HCA,235.28442063043437,236.0370065663141,230.9253190471301,231.0523681640625,603400.0
2022-12-29,HCA,232.87026857072695,236.46703032605055,231.3553433547792,234.94232177734375,567600.0
2022-12-30,HCA,233.4078352350272,235.09869642952833,232.56728884745934,234.53182983398438,710300.0
2023-01-03,HCA,236.20311090663066,240.37652217150267,234.02356056052193,237.70828247070312,1058300.0
2023-01-04,HCA,238.9984269468933,243.35754277770351,238.40222530685546,243.25003051757812,1186400.0
2023-01-05,HCA,242.1651418423372,245.51754386245963,240.90431487833024,244.63790893554688,1353800.0
2023-01-06,HCA,247.71666391375624,250.00372681915073,243.8657888995556,248.76246643066406,1164000.0
2023-01-09,HCA,248.34216648094562,249.66163377734296,243.79736119533942,244.13943481445312,1544300.0
2023-01-10,HCA,243.445494061703,244.80404988983386,242.23353907654402,244.73562622070312,671500.0
2023-01-11,HCA,245.55667268304364,247.39413481749818,241.41258090508225,246.61224365234375,1170800.0
2023-01-12,HCA,248.25420945835634,251.6066115062856,246.26036331446164,249.37818908691406,1389100.0
2023-01-13,HCA,248.5962667869437,253.87410555684707,247.82412929811093,253.01400756835938,1039300.0
2023-01-17,HCA,253.02378533689398,255.06650310102842,251.57725422194576,252.47645568847656,1887900.0
2023-01-18,HCA,252.82833275944367,256.75741449952324,250.61947702443214,250.9517822265625,1812800.0
2023-01-19,HCA,250.05256776705755,254.23574748923673,247.00315093763012,251.1667938232422,1713800.0
2023-01-20,HCA,251.5284441343688,255.67252076737375,248.09783494724886,255.48681640625,1241200.0
2023-01-23,HCA,256.18072935354735,263.00284375325214,256.18072935354735,257.84228515625,1888200.0
2023-01-24,HCA,257.92050326562145,259.34746794770285,246.38741564480188,246.9640655517578,2223200.0
2023-01-25,HCA,246.0062568867754,247.9219260206553,243.88534654324778,247.90237426757812,1695600.0
2023-01-26,HCA,249.1925037188932,249.81802555010353,243.82668877440517,249.08499145507812,1799500.0
2023-01-27,HCA,243.03499046492655,253.98161397902555,238.89089941921654,249.00677490234375,1918600.0
2023-01-30,HCA,250.72699790313004,251.57731273944856,245.37096592314342,247.570068359375,1486800.0
2023-01-31,HCA,247.94143228237297,249.3000030517578,245.38070474893075,249.3000030517578,1916800.0
2023-02-01,HCA,246.377682236522,258.63400744541184,244.57930858625122,255.5454864501953,1575900.0
2023-02-02,HCA,254.48014302775977,257.65662449778466,251.8216711889879,252.1539764404297,1364300.0
2023-02-03,HCA,252.15392182029387,254.27484672791851,250.48261259125974,252.24188232421875,936600.0
2023-02-06,HCA,249.84734984060944,250.47285676851706,246.99340550655185,247.7850799560547,887700.0
2023-02-07,HCA,246.21151553559363,250.39469591994484,245.5273533070536,249.45640563964844,851100.0
2023-02-08,HCA,250.09167309245598,252.9358487633741,249.3097671292104,250.5998992919922,846300.0
2023-02-09,HCA,252.65240867299525,254.4801021761448,249.79846449231914,250.40444946289062,733700.0
2023-02-10,HCA,249.76916904665754,252.07578373794254,249.4564006549359,250.81495666503906,1024600.0
2023-02-13,HCA,252.408039704881,254.98833369211923,251.77274953941435,254.23573303222656,792300.0
2023-02-14,HCA,253.6102007141502,256.44459258642416,251.47949277434475,253.04330444335938,817100.0
2023-02-15,HCA,251.35251276142142,253.78617636714125,250.74651286587516,253.18020629882812,700400.0
2023-02-16,HCA,250.20895269676706,257.6370369453986,250.1405290277285,257.19720458984375,1051000.0
2023-02-17,HCA,256.3371130303441,258.125732839156,255.79956665082221,256.89422607421875,878800.0
2023-02-21,HCA,253.7177309376998,255.7115918199096,249.7886793358202,250.29690551757812,949100.0
2023-02-22,HCA,250.45331768461782,251.87052887655605,247.931678589125,248.35195922851562,960300.0
2023-02-23,HCA,248.0489604782848,250.29693471358962,245.41982401900833,246.2799072265625,1681200.0
2023-02-24,HCA,243.8462083710623,244.66720286996144,240.32763921347325,243.50411987304688,1624300.0
2023-02-27,HCA,247.01294033747314,247.01294033747314,240.7381702212183,242.4290313720703,1265300.0
2023-02-28,HCA,240.29834222281633,241.9207945416092,236.47678769683597,237.94285583496094,2781800.0
2023-03-01,HCA,236.33998757100213,239.64353299947544,234.57093416204233,238.77366638183594,917900.0
2023-03-02,HCA,236.70157693977157,238.53905374988912,235.86104553744195,238.23606872558594,1035000.0
2023-03-03,HCA,239.64353915110703,244.89205916535397,239.32100231872053,244.3349609375,1186000.0
2023-03-06,HCA,243.8560025027009,246.7001782955274,242.34106243028145,246.03555297851562,996000.0
2023-03-07,HCA,246.64152189095583,246.84676306714712,239.21343777597974,239.7803192138672,1006500.0
2023-03-08,HCA,239.4382499244522,247.247511764336,239.4382499244522,245.74234008789062,1954700.0
2023-03-09,HCA,247.39409378926328,251.46977612548403,245.39047936881516,246.42649841308594,2522000.0
2023-03-10,HCA,246.14306156610704,248.5962917807503,239.66305057524315,241.0216064453125,1200200.0
2023-03-13,HCA,238.06014670230982,244.30559625021942,235.87081295726136,241.48097229003906,1058800.0
2023-03-14,HCA,244.94089665308294,247.50162428433336,242.50721812197364,245.0190887451172,1226100.0
2023-03-15,HCA,239.72171772788914,242.00878068636234,238.7247871125478,241.8719482421875,1338300.0
2023-03-16,HCA,239.74587475568538,250.15087561084067,239.74587475568538,249.2299041748047,1210000.0
2023-03-17,HCA,248.75961475155322,249.50423759932443,245.44805533072426,245.58522033691406,1123200.0
2023-03-20,HCA,246.7315314631767,253.4036709203489,246.2416543046388,251.24819946289062,1457900.0
2023-03-21,HCA,253.22731296121762,253.9131529986974,250.8171255176215,253.45266723632812,871500.0
2023-03-22,HCA,254.1286756857499,256.42129716490484,249.00454992139896,249.2299041748047,842700.0
2023-03-23,HCA,248.75957786687925,251.66944894874877,245.3696368094598,247.6524658203125,979200.0
2023-03-24,HCA,246.43757886163448,249.12211081837899,244.8993725032909,249.0731201171875,1021400.0
2023-03-27,HCA,252.4532857027628,253.5701899775599,248.6420273946425,249.25927734375,981200.0
2023-03-28,HCA,248.03456736245704,250.55252778611302,248.03456736245704,249.3278350830078,609000.0
2023-03-29,HCA,251.72823375345777,252.943149265874,249.6021689813852,252.14952087402344,1174000.0
2023-03-30,HCA,254.72627653849744,256.6662005547952,253.94248516408538,254.1874237060547,913000.0
2023-03-31,HCA,255.46113365614943,258.34161376953125,254.80471500090243,258.34161376953125,1223900.0
2023-04-03,HCA,257.616588251836,259.478115371205,256.09798110439147,258.8118896484375,823000.0
2023-04-04,HCA,259.58592448317575,261.84915461782043,258.5277730515553,261.81976318359375,1103200.0
2023-04-05,HCA,261.3005156669727,266.24826352605527,260.6244827254707,265.8171691894531,1099500.0
2023-04-06,HCA,265.8073114694872,267.0418113710562,264.03395869962543,265.1116943359375,912100.0
2023-04-10,HCA,263.8086149937096,266.5617217945063,263.0737993728623,265.5035705566406,1008100.0
2023-04-11,HCA,267.4141354389122,268.53103976968464,265.5917769311824,266.0914611816406,1752100.0
2023-04-12,HCA,266.3265652598871,269.902691932187,263.69105402673546,266.8654479980469,1200300.0
2023-04-13,HCA,269.4422159940272,269.85369602011264,265.76813769106394,267.8746032714844,1612600.0
2023-04-14,HCA,267.1005950597661,270.0594719885924,266.30699652050873,267.8158264160156,1084100.0
2023-04-17,HCA,267.4729162972982,267.8060291618623,263.7204705908389,265.61138916015625,1007300.0
2023-04-18,HCA,267.26712101567614,268.8739021419504,265.2194385981973,265.9542541503906,1179000.0
2023-04-19,HCA,265.17048288151267,267.73743424319474,263.740050042508,267.4631042480469,2105200.0
2023-04-20,HCA,265.71916927525126,267.9432307887898,263.2795905081423,265.2978820800781,2227200.0
2023-04-21,HCA,281.78705211234114,288.067279253159,273.94901959708204,275.5166320800781,4083000.0
2023-04-24,HCA,278.1130238961184,283.4918949993742,277.39782243756224,280.45465087890625,1892800.0
2023-04-25,HCA,280.4252858918112,283.1391946255238,275.6244956485388,276.2809143066406,2072500.0
2023-04-26,HCA,276.4767979695354,276.4767979695354,270.69625505012954,272.4402160644531,1608200.0
2023-04-27,HCA,273.17506591503195,278.09342110361035,273.17506591503195,276.7217712402344,1254500.0
2023-04-28,HCA,276.2907096577258,281.6401597068345,276.2907096577258,281.5127868652344,1206400.0
2023-05-01,HCA,282.08104530101747,283.83481375305746,277.6917355656511,278.260009765625,980400.0
2023-05-02,HCA,276.9667256239651,278.10324411854054,272.33247735294526,274.8602600097656,1018900.0
2023-05-03,HCA,275.4971015414765,276.61400584507277,272.03857021498004,272.5774230957031,938100.0
2023-05-04,HCA,272.98897069941836,274.67414944762595,269.6773960744742,272.00921630859375,1460300.0
2023-05-05,HCA,273.70414959972095,275.94779534080715,270.03987804943915,272.43048095703125,1247900.0
2023-05-08,HCA,271.41156601755625,273.71399494687984,270.6865572950286,272.15618896484375,934600.0
2023-05-09,HCA,271.1960030377635,271.5291458419373,267.48275542958316,268.5016784667969,1069300.0
2023-05-10,HCA,270.5101540768588,274.57612822948204,269.8341212532006,272.9007568359375,1029900.0
2023-05-11,HCA,272.3128707578478,274.1058076959088,270.29457960145663,272.4696350097656,1418100.0
2023-05-12,HCA,273.15543186639394,274.59567159331766,269.1972468193799,270.2847595214844,1171800.0
2023-05-15,HCA,270.3533990946677,272.63621341692493,269.6479748153056,271.9013977050781,769900.0
2023-05-16,HCA,271.94060729510716,274.51736594661327,269.9321228943613,269.99090576171875,888900.0
2023-05-17,HCA,271.7054148187113,271.852371954108,267.4826770298858,269.883056640625,949300.0
2023-05-18,HCA,272.646057524245,276.7806223532636,272.0973974435941,273.7433776855469,1490500.0
2023-05-19,HCA,275.77137509525414,279.9745283637115,274.62504969486724,276.7511291503906,1512000.0
2023-05-22,HCA,277.1528518137188,279.0143786722801,271.2645199513756,271.43109130859375,1236300.0
2023-05-23,HCA,268.8446040251141,268.8446040251141,261.614011698018,262.33905029296875,1168500.0
2023-05-24,HCA,260.0561643102785,261.0555327845958,256.78378869181114,259.5368957519531,1057400.0
2023-05-25,HCA,259.5760831925511,261.17308734128767,257.24426338517327,258.7432861328125,868700.0
2023-05-26,HCA,258.8118851690088,262.0156707890033,258.4297666612624,259.05682373046875,975300.0
2023-05-30,HCA,258.2044242903209,263.41669379042736,257.2932301815256,258.8314514160156,1102400.0
2023-05-31,HCA,256.7936255548139,259.096054297068,253.93272964746888,258.84130859375,1918100.0
2023-06-01,HCA,258.96872179425196,263.0738956233174,258.35147166295195,262.44683837890625,895100.0
2023-06-02,HCA,264.043787871572,270.15744522877424,264.00458932705106,268.7074279785156,1037500.0
2023-06-05,HCA,267.8745780295886,269.6675149166064,266.6498853773373,266.7184753417969,999000.0
2023-06-06,HCA,267.0123908671677,267.70800792497715,261.2906303570578,265.69952392578125,1164800.0
2023-06-07,HCA,266.2971715040523,269.8340996063786,262.3585705036961,267.9921569824219,1208000.0
2023-06-08,HCA,268.5800294656021,269.6283736583144,266.1992338838068,267.9529724121094,845300.0
2023-06-09,HCA,267.3455053403816,269.43238642647697,266.1208126748067,266.2873840332031,730000.0
2023-06-12,HCA,266.787074157041,270.80407261983413,266.20902272918386,270.6473083496094,1166000.0
2023-06-13,HCA,271.940528464472,275.31088474802687,271.5094342956647,274.1841735839844,1096400.0
2023-06-14,HCA,288.8903208797395,290.87925069085054,277.68195988090986,278.4461669921875,2195800.0
2023-06-15,HCA,277.79814777936184,282.1574622761302,277.1894198027563,280.6945495605469,1251700.0
2023-06-16,HCA,282.37346819663554,286.40876302740253,282.37346819663554,284.8083801269531,2967800.0
2023-06-20,HCA,284.1014805962184,285.3680459685825,279.86001021662605,280.1152648925781,999400.0
2023-06-21,HCA,279.19235816743003,283.94442801193145,276.64942940645585,281.7647705078125,1325600.0
2023-06-22,HCA,281.28364017639586,289.1186313293003,280.29201516652785,289.0498962402344,1198000.0
2023-06-23,HCA,287.4494977997265,291.5830112989853,286.3007769178776,290.0317077636719,2007500.0
2023-06-26,HCA,290.5029462552194,291.42586593282243,288.31346149444147,289.51129150390625,928400.0
2023-06-27,HCA,288.65718864815847,293.0557851666154,288.65718864815847,292.1917724609375,1164400.0
2023-06-28,HCA,291.985576700114,294.33212789679106,290.4538988526655,294.07684326171875,1226200.0
2023-06-29,HCA,293.56626927993995,297.42484214992857,292.73171034791903,294.9801025390625,954300.0
2023-06-30,HCA,298.4165368701456,299.3198010401242,296.32524031312875,297.96490478515625,1282700.0
2023-07-03,HCA,294.9800680244992,295.8931598249752,286.7130725728377,292.1720275878906,932900.0
2023-07-05,HCA,291.26881050710654,295.0881020755696,290.57172170498285,292.9281005859375,891000.0
2023-07-06,HCA,291.7008330536036,293.8902882776503,288.10734232562106,289.1087951660156,1206100.0
2023-07-07,HCA,286.4971130031857,289.48187553937566,284.72983634897145,286.1927490234375,929000.0
2023-07-10,HCA,286.5167940637901,290.5815427132236,286.5167940637901,290.36553955078125,737200.0
2023-07-11,HCA,291.74011358067116,292.2801064906753,287.59680209535964,289.3346252441406,843300.0
2023-07-12,HCA,290.3949703998029,291.3964531485171,288.24476680318895,289.8746032714844,1275400.0
2023-07-13,HCA,290.2771460827442,293.605553989533,288.725872608993,290.6011657714844,1262600.0
2023-07-14,HCA,290.63063089398514,294.6168462683112,289.8058997782263,291.1706237792969,1214500.0
2023-07-17,HCA,289.42297846158596,290.36552404601144,284.5334689344703,286.5560302734375,1800300.0
2023-07-18,HCA,286.3203879130493,287.84223775660945,283.14910584649397,284.47454833984375,1549500.0
2023-07-19,HCA,283.54188163423186,284.82807285175846,275.3829001098658,281.4996643066406,2637500.0
2023-07-20,HCA,283.26694374321846,284.72985652132803,279.96798913518467,281.6960144042969,1738100.0
2023-07-21,HCA,282.4716350806001,284.013080672515,279.6734221855988,279.9581604003906,1027400.0
2023-07-24,HCA,279.8207148420219,282.0003721351002,278.5738052502774,279.9974365234375,1031900.0
2023-07-25,HCA,279.39851891488706,281.3621729312892,276.6592131723711,280.341064453125,3057800.0
2023-07-26,HCA,279.01559495517256,282.2850957063872,276.6984975735038,277.05194091796875,1943600.0
2023-07-27,HCA,269.0205856697709,271.671530433461,260.3019575153014,271.2984313964844,3025300.0
2023-07-28,HCA,273.3308772205461,273.84141655663353,267.15517599979876,268.2842712402344,2011900.0
2023-07-31,HCA,270.5031788947711,270.5031788947711,265.29947757581346,267.85223388671875,1600300.0
2023-08-01,HCA,268.13700922810494,272.55523154432535,267.5577347866479,268.89300537109375,1273000.0
2023-08-02,HCA,268.49045976328574,270.81738545089564,263.4733371153826,264.49444580078125,1168200.0
2023-08-03,HCA,264.11151433013043,268.3431871255184,263.6795079691313,265.8297119140625,1091800.0
2023-08-04,HCA,265.1423687232093,266.7525793815443,262.9430858366855,263.8070983886719,1159200.0
2023-08-07,HCA,265.0933032061148,267.6558574215417,264.8282206895828,267.62640380859375,952900.0
2023-08-08,HCA,266.00640776700214,266.00640776700214,261.116928008195,262.7467346191406,1193800.0
2023-08-09,HCA,263.7089762398748,265.3093594439154,261.2838617452775,262.2460632324219,1027500.0
2023-08-10,HCA,262.1968839540167,264.73001435067334,261.1856033595482,263.1787109375,1088800.0
2023-08-11,HCA,262.304903653824,265.8394868294185,261.3329045166538,264.680908203125,958200.0
2023-08-14,HCA,264.0918999924058,266.02610084047285,262.6387849004858,265.9671936035156,880900.0
2023-08-15,HCA,266.07510501524064,267.3809216827109,263.1394520056249,263.8856201171875,949200.0
2023-08-16,HCA,264.92634655529923,268.0387510979129,261.8335977275347,262.1968688964844,746200.0
2023-08-17,HCA,261.2837613103494,263.8463450165022,259.545938540713,260.78302001953125,1240200.0
2023-08-18,HCA,259.4968762632367,264.6023888874458,259.4968762632367,264.1507568359375,977900.0
2023-08-21,HCA,264.7103736636103,270.1202502379027,264.5434798462125,269.8257141113281,1264200.0
2023-08-22,HCA,270.56214383254485,272.61415919979254,269.3348597638807,269.8355712890625,1628000.0
2023-08-23,HCA,271.88753886193433,272.63370698745166,270.3264076056317,272.13299560546875,833700.0
2023-08-24,HCA,271.96612234191485,274.8821501951473,267.54790013780433,267.6362609863281,1002700.0
2023-08-25,HCA,268.5984589645099,271.29848361040246,267.7933535153452,268.313720703125,879100.0
2023-08-28,HCA,269.3642764620746,272.8497507541416,269.02063097735305,272.4963073730469,662200.0
2023-08-29,HCA,272.74175910008313,274.8428535179641,271.12175037410776,274.2734069824219,694200.0
2023-08-30,HCA,275.03923559536264,276.6690722081991,274.2243023074515,274.67596435546875,538600.0
2023-08-31,HCA,274.53843521725435,275.42207344184675,272.22133809663507,272.2605895996094,981000.0
2023-09-01,HCA,274.02793229918177,275.89339767879045,273.1050124864205,275.70684814453125,966900.0
2023-09-05,HCA,273.82177489986447,273.8610264106009,266.49732314450233,269.2660827636719,1240100.0
2023-09-06,HCA,268.85368883615797,271.47518025232546,268.3235238006952,269.58026123046875,780300.0
2023-09-07,HCA,269.51155967275514,270.8763138289241,266.4384358193849,266.9490051269531,1260200.0
2023-09-08,HCA,266.94892495215703,272.17222118515565,266.8507362715,268.6081848144531,990900.0
2023-09-11,HCA,268.8144503826639,269.2268009858279,267.1060508520289,267.52825927734375,1042600.0
2023-09-12,HCA,266.2223920524628,267.70496044957196,256.05067844742996,256.12921142578125,1591600.0
2023-09-13,HCA,255.5400999632249,257.9946674388262,255.1670308758383,257.7197570800781,1422000.0
2023-09-14,HCA,259.74700707076846,260.2488656698295,256.89316116378643,259.38287353515625,867000.0
2023-09-15,HCA,254.4723415365823,258.42831830191597,248.30219262009874,252.19912719726562,4375400.0
2023-09-18,HCA,251.6086627441118,253.23238290103788,249.8963793093494,251.63819885253906,1387500.0
2023-09-19,HCA,251.85466840317022,253.3996755744578,248.695791535933,250.24078369140625,1089700.0
2023-09-20,HCA,251.7759636212154,252.46479911144385,249.62083381131114,250.16207885742188,1084300.0
2023-09-21,HCA,248.7449827822778,251.21500901099728,248.6465691411153,249.40431213378906,1188800.0
2023-09-22,HCA,249.13863828115663,250.31952704281431,247.3476269127358,248.2529754638672,818300.0
2023-09-25,HCA,247.41651983093632,250.8706230519677,246.76702571613228,250.4671630859375,726700.0
2023-09-26,HCA,249.22718635016375,250.36871859028864,244.46426012651568,244.50363159179688,1540300.0
2023-09-27,HCA,245.18262716974823,247.7510671546455,239.70132947208864,243.32272338867188,1308900.0
2023-09-28,HCA,243.83447296191815,248.59739959845578,243.25387143311127,246.6587677001953,1065300.0
2023-09-29,HCA,246.934301128138,246.934301128138,240.901922584666,242.06312561035156,1529100.0
2023-10-02,HCA,241.68918063615945,243.46050622258613,240.30162924641897,243.27354431152344,1294700.0
2023-10-03,HCA,242.08280935838224,242.25993591373611,238.70743430540745,240.094970703125,1004200.0
2023-10-04,HCA,241.60060640616172,241.74822688472244,236.11930832952535,239.48484802246094,1290400.0
2023-10-05,HCA,240.11467412726537,243.06690372719078,238.66808042203664,241.5218963623047,896400.0
2023-10-06,HCA,240.75431535316707,243.42116933753974,237.92018517759323,241.4727020263672,1011700.0
2023-10-09,HCA,242.24027303619636,245.33027262250613,240.2425989573683,244.98583984375,795400.0
2023-10-10,HCA,245.103946596671,250.24081222810324,245.103946596671,249.04025268554688,1085300.0
2023-10-11,HCA,247.72159369463856,247.72159369463856,237.09356360964173,240.18357849121094,1720200.0
2023-10-12,HCA,240.7936475159707,241.6694748778661,230.72655053313915,231.22842407226562,2002900.0
2023-10-13,HCA,232.1239636504188,234.9777794206381,230.569121018541,233.63943481445312,1177900.0
2023-10-16,HCA,235.09586574617015,236.36533281790133,233.7083293173736,235.6075897216797,1437600.0
2023-10-17,HCA,234.32826074652695,241.09871098664078,234.01336411591043,240.08511352539062,1216800.0
2023-10-18,HCA,239.4749967900823,241.97454422705562,238.56963329253708,238.6483612060547,1153900.0
2023-10-19,HCA,239.543860719322,243.61793616354134,239.10102936978336,240.16383361816406,1124600.0
2023-10-20,HCA,242.17137028645703,243.22433929689504,237.12306830225413,237.2903594970703,1166300.0
2023-10-23,HCA,237.0738572041579,240.3508335296919,236.6802176212593,237.10337829589844,1282500.0
2023-10-24,HCA,215.26671401718596,228.88632788538072,212.52114744879364,226.45565795898438,3636500.0
2023-10-25,HCA,226.3375832382988,227.74480535258053,221.23022406617375,221.77146911621094,1565400.0
2023-10-26,HCA,220.19696138832998,223.4247312412495,217.87454015114972,218.27801513671875,1548100.0
2023-10-27,HCA,220.00997801277015,224.20213826271066,217.03806294448887,221.70257568359375,1320400.0
2023-10-30,HCA,222.94252237726158,223.56248032896906,218.69130491279066,219.78363037109375,1442700.0
2023-10-31,HCA,220.53153789523168,223.41487467886984,220.53153789523168,222.53904724121094,1433500.0
2023-11-01,HCA,221.41720099398796,222.617775462865,220.16741969950482,221.77146911621094,1158100.0
2023-11-02,HCA,222.1749520147767,225.08780999879167,221.73212060010457,224.29071044921875,1128500.0
2023-11-03,HCA,227.33150629057423,230.53960528267035,226.632820386179,227.16421508789062,1250300.0
2023-11-06,HCA,227.79400775529186,228.29589634458836,222.8342691562844,227.3216552734375,1610300.0
2023-11-07,HCA,227.6660869279826,230.43133927967685,226.83945131897113,229.39805603027344,1387400.0
2023-11-08,HCA,230.54943966148795,232.4191789925325,227.7448156491055,227.8629150390625,1424600.0
2023-11-09,HCA,230.27388654960126,232.24203942609358,223.6904127752041,223.93643188476562,1279600.0
2023-11-10,HCA,225.00907414930552,230.69703482558046,222.87363005600227,229.11268615722656,1536000.0
2023-11-13,HCA,229.8015166337492,232.00583807810636,225.62902744636597,226.32772827148438,1798200.0
2023-11-14,HCA,234.39717750795566,236.07010450890368,229.51615159488452,233.79689025878906,1810800.0
2023-11-15,HCA,233.78705557669164,240.9412807447774,233.78705557669164,237.2313232421875,1949900.0
2023-11-16,HCA,236.74910011357443,238.18584323657925,235.01713106990115,236.59164428710938,1676600.0
2023-11-17,HCA,239.62262673750027,246.34387100599827,239.62262673750027,242.45677185058594,3050100.0
2023-11-20,HCA,241.12825401295797,246.71781611909142,241.12825401295797,244.45443725585938,1636400.0
2023-11-21,HCA,243.8934992901932,246.3241692783699,243.7262080986598,244.60203552246094,1169000.0
2023-11-22,HCA,246.39307496986083,249.3944962346373,245.29089909657503,248.98118591308594,1112600.0
2023-11-24,HCA,249.66019863939863,250.06367359783937,247.36729865134717,248.16439819335938,435500.0
2023-11-27,HCA,247.11143983827225,249.1878417641863,246.82606427256187,247.36729431152344,1146000.0
2023-11-28,HCA,246.511142844664,247.53457571298884,241.92534313046477,242.72244262695312,1546200.0
2023-11-29,HCA,244.74966604154673,246.58004888072358,243.77542492824097,245.11376953125,1401000.0
2023-11-30,HCA,244.79887275895305,246.55052778510805,242.67327886129482,246.49148559570312,1792800.0
2023-12-01,HCA,246.4816335561137,249.52242623121964,246.01911641598642,248.34153747558594,980500.0
2023-12-04,HCA,246.68827010999547,253.350486703144,246.67843475147467,253.04542541503906,2000400.0
2023-12-05,HCA,251.76614299986795,252.30740312575853,248.34156078238937,248.48916625976562,981700.0
2023-12-06,HCA,249.24690601527317,250.9985610633976,247.54445779754204,248.37107849121094,1079900.0
2023-12-07,HCA,249.6503497597495,250.37855670149995,248.8237291695284,249.9062042236328,900100.0
2023-12-08,HCA,250.1915944041969,254.03932179403498,249.23703907561682,253.42919921875,1552500.0
2023-12-11,HCA,252.0317618274401,258.0051120587023,251.6578230515376,257.84765625,1484800.0
2023-12-12,HCA,258.50707245975053,259.5009993897475,256.6373330128482,258.8121337890625,1373200.0
2023-12-13,HCA,259.39406361441604,265.07531535419764,257.73704189041433,264.60186767578125,1417300.0
2023-12-14,HCA,267.5213921766094,272.9954931270866,267.5016463791173,272.0782165527344,2410000.0
2023-12-15,HCA,270.71710146540755,270.8946330544912,265.16407710452114,266.6929016113281,2794300.0
2023-12-18,HCA,267.7284943407057,267.7284943407057,263.1716702710735,263.5267333984375,881800.0
2023-12-19,HCA,264.27638466116434,265.57834316005284,262.6587943867327,265.4994201660156,1478300.0
2023-12-20,HCA,265.50925133298205,266.65339376426425,259.62088051612415,259.8674621582031,1019800.0
2023-12-21,HCA,262.1755444771953,265.2923410171028,262.12624017352283,265.0753479003906,737200.0
2023-12-22,HCA,266.0912196619235,267.21564656387244,264.3454322144951,266.29833984375,569500.0
2023-12-26,HCA,266.63369244332307,269.33624815949884,266.11094047893226,267.9849853515625,509400.0
2023-12-27,HCA,267.48188601837853,268.17232660869144,266.3772051541147,267.511474609375,517100.0
2023-12-28,HCA,267.28462228348184,268.8726236819153,266.59421175832176,266.7816162109375,542300.0
2023-12-29,HCA,266.1997359081548,268.56691404276467,266.0221742203242,266.9789123535156,629400.0
2024-01-02,HCA,265.81499245263024,271.66390138901966,265.1245518606868,271.555419921875,1065800.0
2024-01-03,HCA,270.1844208051725,271.82172646710615,267.0676253391143,268.3597106933594,1158700.0
2024-01-04,HCA,268.1427183154324,272.96586953696533,267.42271920649887,269.36578369140625,832900.0
2024-01-05,HCA,269.1389074287659,275.0371507390323,269.08960314384956,272.06829833984375,822700.0
2024-01-08,HCA,273.0645426990485,277.83836013641206,272.7883724373928,277.6410827636719,834700.0
2024-01-09,HCA,276.447611888186,277.89751316086324,275.03717210668515,275.5105895996094,764400.0
2024-01-10,HCA,275.13585076579346,279.2291006364357,274.4552829205199,278.6372985839844,890900.0
2024-01-11,HCA,278.63728152139197,280.06746721887873,277.4339617918716,278.6668701171875,869800.0
2024-01-12,HCA,280.7578983018877,283.30263812714446,277.09863455349466,278.33154296875,899900.0
2024-01-16,HCA,276.8224392520282,278.3512335086442,275.5895309482086,276.9802551269531,841600.0
2024-01-17,HCA,274.8398743905289,278.08489701761,272.71927842644044,274.0804138183594,737400.0
2024-01-18,HCA,275.1950121179042,281.9611985838941,274.6919758872352,280.9255676269531,1316700.0
2024-01-19,HCA,282.17824423329614,284.15089792860414,279.54476840623164,283.83526611328125,1212200.0
2024-01-22,HCA,284.64399862160815,286.99146081773193,283.10533148638916,284.3678283691406,1769000.0
2024-01-23,HCA,284.8018341716536,287.3761324064108,279.79130778776226,281.01434326171875,1992000.0
2024-01-24,HCA,281.2510419146285,282.5727160309195,274.86950720145484,275.1160888671875,1435700.0
2024-01-25,HCA,276.4574686478391,282.29650478857246,276.1023754485761,282.1091003417969,1438800.0
2024-01-26,HCA,283.55901841267985,284.25933195560947,278.08491794228235,279.5545349121094,929900.0
2024-01-29,HCA,278.5583828330309,283.2631500683733,277.7594305625838,282.8094482421875,1742800.0
2024-01-30,HCA,295.89799181401554,300.7803207190669,292.0710396371729,297.46624755859375,2483200.0
2024-01-31,HCA,299.2712130113605,305.10037639398513,298.25529787577625,300.73095703125,2555800.0
2024-02-01,HCA,299.20216264178515,310.515329286546,299.20216264178515,310.3575134277344,1739800.0
2024-02-02,HCA,308.7202451900198,308.7202451900198,302.95022819755826,305.189208984375,1280100.0
2024-02-05,HCA,304.56780773261096,308.2369439909085,303.8773670532437,306.3727722167969,861900.0
2024-02-06,HCA,306.38262716435946,308.21718013587275,300.80001516777793,302.6247253417969,1261300.0
2024-02-07,HCA,303.4532390920774,305.93877123656443,302.05264210491265,303.07843017578125,890800.0
2024-02-08,HCA,302.86142315235185,303.50252937945663,297.979094768444,301.2832946777344,899500.0
2024-02-09,HCA,301.4411206421593,303.30529230225187,301.3128933723796,302.1315612792969,770400.0
2024-02-12,HCA,301.81594504081,307.2210257423546,299.3205399018375,305.9190673828125,1367700.0
2024-02-13,HCA,301.8554361165882,303.79850094805533,297.70297897656025,300.3759460449219,996800.0
2024-02-14,HCA,301.9638794933076,303.1474834413678,299.6657517828543,301.25372314453125,936100.0
2024-02-15,HCA,302.6937559789589,305.0806492681369,301.6285064959453,303.4532165527344,839700.0
2024-02-16,HCA,303.0389996617452,307.09281797044963,302.42748193592985,304.3310852050781,869100.0
2024-02-20,HCA,302.4866421705955,305.62315361443484,302.4866421705955,304.36065673828125,774900.0
2024-02-21,HCA,303.29546954686066,307.5662510446392,303.29546954686066,307.359130859375,572800.0
2024-02-22,HCA,306.7672868198313,313.94774322926946,305.3371313168922,308.5624084472656,1618000.0
2024-02-23,HCA,309.4599717323371,312.6458174965578,309.4599717323371,311.0479431152344,787200.0
2024-02-26,HCA,311.6792134961743,312.1723768086683,308.79912650707774,308.9175109863281,858300.0
2024-02-27,HCA,308.6117653339318,310.69290015348207,307.32952260645106,309.7065734863281,620100.0
2024-02-28,HCA,310.3180846266848,312.389376603867,305.5048057769436,307.7930908203125,738700.0
2024-02-29,HCA,309.6671272256288,309.73617731979874,305.33716859596746,307.43804931640625,1479200.0
2024-03-01,HCA,307.32949055506515,309.6966682893014,304.2521564905282,307.71417236328125,1212000.0
2024-03-04,HCA,308.27638285316004,310.39700923389825,306.4714183252408,309.78546142578125,750600.0
2024-03-05,HCA,310.6928696087814,313.51374915137194,308.2665146742058,311.2254943847656,987400.0
2024-03-06,HCA,312.96139891569186,319.73748752571026,312.4189313591335,318.9779968261719,1914000.0
2024-03-07,HCA,320.86190094188794,324.19568963584516,319.85585865507613,320.2207946777344,966800.0
2024-03-08,HCA,320.01367792567436,324.24499737427584,320.01367792567436,320.92108154296875,708700.0
2024-03-11,HCA,319.2443455033729,320.595608136255,312.66553380350194,316.857421875,1043900.0
2024-03-12,HCA,316.36427397400854,321.7693548689712,314.7269681178669,319.1259765625,1048700.0
2024-03-13,HCA,319.32327612891106,320.75346191540103,316.83774362650314,317.4985656738281,969700.0
2024-03-14,HCA,317.99271262264836,321.2641589282967,315.53172308741523,320.997314453125,1058200.0
2024-03-15,HCA,315.1858108717711,319.9002746616927,315.1858108717711,318.2200622558594,1231000.0
2024-03-18,HCA,318.2200789168458,324.347880781388,317.953234412974,323.3595275878906,829500.0
2024-03-19,HCA,324.67403122067816,326.86817656509373,323.88336071330986,326.6309814453125,916800.0
2024-03-20,HCA,326.40357979299347,327.5401797159385,324.74315398405776,325.0297546386719,828200.0
2024-03-21,HCA,325.39550698824905,330.1395898765351,324.74319031273467,325.0199279785156,1041100.0
2024-03-22,HCA,324.92108638470575,326.8384938397649,323.6461024216287,326.09722900390625,710100.0
2024-03-25,HCA,326.1564998281685,327.7082213238405,323.44842217844996,323.5077209472656,755700.0
2024-03-26,HCA,322.94437793857765,326.5222113624822,322.40079579420393,323.8931884765625,891300.0
2024-03-27,HCA,327.16463341113416,328.7064618393821,325.6228049828863,327.82684326171875,1032000.0
2024-03-28,HCA,328.88436476548947,330.59419620804255,326.8878723359545,329.6453857421875,812700.0
2024-04-01,HCA,328.4495103453083,328.65705605148605,323.86353747071246,326.2652282714844,850500.0
2024-04-02,HCA,325.20771207343824,325.8007299651448,321.73858304477636,325.51409912109375,904600.0
2024-04-03,HCA,325.28678798616613,328.78556662649515,325.11878483935766,328.3309326171875,791700.0
2024-04-04,HCA,330.6041028811269,331.9185991967258,320.73046533485854,321.3827819824219,749500.0
2024-04-05,HCA,322.42055175735214,325.7117543321694,322.42055175735214,324.9704895019531,604400.0
2024-04-08,HCA,322.68734511818303,325.5634558232499,321.29376383868845,324.19952392578125,1063600.0
2024-04-09,HCA,325.1681525995753,325.5931371710499,321.5013712390648,325.0594482421875,667200.0
2024-04-10,HCA,322.4501737190923,325.40533960565966,320.84904664794686,323.9425964355469,735200.0
2024-04-11,HCA,325.42516759725544,325.68211890582063,320.43396609589865,323.4385681152344,643400.0
2024-04-12,HCA,322.3612458310087,325.27686933454515,316.90554766004544,319.0601501464844,994900.0
2024-04-15,HCA,323.91301348892125,326.08737248798445,317.43928176386004,318.8724060058594,731900.0
2024-04-16,HCA,319.5938360471997,319.5938360471997,308.2673182462585,310.2341613769531,1623100.0
2024-04-17,HCA,311.80559225782565,311.87475403948866,306.537654266296,307.40740966796875,1511000.0
2024-04-18,HCA,299.480874664931,301.0622154539357,289.55780135457303,293.5408630371094,2767400.0
2024-04-19,HCA,295.1618108251224,302.34712765039853,293.88682676597927,301.5564270019531,1652000.0
2024-04-22,HCA,303.6813665733105,309.45334474263547,303.43427831180446,306.6958312988281,1131400.0
2024-04-23,HCA,308.7120985286945,316.4904326428689,308.7120985286945,315.7096252441406,1183400.0
2024-04-24,HCA,315.1166233292609,318.2497161038631,313.9998095996321,315.3044128417969,835600.0
2024-04-25,HCA,317.6566965457294,318.50669593949453,308.49467369875134,310.46148681640625,1585000.0
2024-04-26,HCA,293.91641703185905,303.6912124199673,292.34493939700343,303.11798095703125,2257100.0
2024-04-29,HCA,305.25289377111915,309.1964134120197,304.00755907940476,307.79296875,1141200.0
2024-04-30,HCA,308.6824612295937,309.76965572062187,304.5610153470145,306.2115783691406,955800.0
2024-05-01,HCA,303.8592922520501,310.2143957133218,303.47382004901516,305.83599853515625,812500.0
2024-05-02,HCA,308.3661805072673,308.3661805072673,303.50346977407844,305.24298095703125,868700.0
2024-05-03,HCA,308.3661752281679,310.90625000021186,303.72090347237327,304.1755676269531,1044900.0
2024-05-06,HCA,305.66795358883667,307.36792213405295,304.2447227062304,306.4487609863281,751200.0
2024-05-07,HCA,308.48474867996356,310.96552448364884,306.20165555084003,310.7876281738281,1178500.0
2024-05-08,HCA,310.5504126788151,310.5504126788151,303.70113307647404,305.81622314453125,1027000.0
2024-05-09,HCA,306.0435582136638,318.3979730467856,306.0238020083032,318.1410217285156,1147800.0
2024-05-10,HCA,319.1293330356643,323.9623637998248,318.4572300337122,322.84552001953125,1030900.0
2024-05-13,HCA,321.4223143043107,322.8455452304263,312.2701847925449,313.48583984375,1316500.0
2024-05-14,HCA,314.34570413842425,318.4276074329086,312.7544700607204,316.7671813964844,976300.0
2024-05-15,HCA,318.0816903863133,323.45833409406066,318.0816903863133,323.1519470214844,778200.0
2024-05-16,HCA,321.50138386892814,324.13040669778786,318.91190360891795,318.951416015625,694400.0
2024-05-17,HCA,319.8310722213401,320.4043037534259,316.26310181223585,319.09967041015625,739200.0
2024-05-20,HCA,320.2461272581566,321.52111106979953,317.74559538200896,321.2641296386719,725900.0
2024-05-21,HCA,321.27405748937076,321.283950672294,314.2765307862211,317.37994384765625,838600.0
2024-05-22,HCA,316.32236025917746,318.7537303149808,313.8712641642164,314.70147705078125,678300.0
2024-05-23,HCA,315.08694077071726,315.87764130924575,309.4928890416033,311.6474914550781,900700.0
2024-05-24,HCA,313.89107150510745,315.8183722015118,312.9027183607245,314.9881591796875,814300.0
2024-05-28,HCA,314.4247824520554,315.0672059467288,312.0033052465826,314.9486083984375,852500.0
2024-05-29,HCA,312.8137395742013,328.1431049947938,311.5288926771417,321.3432312011719,1786600.0
2024-05-30,HCA,323.98211767592073,333.00578584699235,323.04320037584824,331.1971130371094,1585500.0
2024-05-31,HCA,331.18720954405234,336.0103771031051,328.03436100021594,335.7929382324219,2049300.0
2024-06-03,HCA,333.3319607569848,336.04003847397803,323.73503088264783,328.8250732421875,1109000.0
2024-06-04,HCA,327.6093833238835,329.80352827882484,324.2983946079747,328.1332092285156,729000.0
2024-06-05,HCA,330.83145090289395,333.68777573699316,327.79719958386517,332.9860534667969,647400.0
2024-06-06,HCA,332.22502186485445,335.0418040392191,330.0605261866436,332.8970947265625,927700.0
2024-06-07,HCA,331.24655054763446,334.26104573747426,328.904158419692,333.5098876953125,908300.0
2024-06-10,HCA,331.44419975617717,338.29347912082847,329.7837738790753,337.2853698730469,1176300.0
2024-06-11,HCA,335.94121997550616,336.42553351531336,331.16748766986103,332.3930358886719,783400.0
2024-06-12,HCA,336.62316780800916,339.52892824087763,334.7947085997952,336.8406066894531,794600.0
2024-06-13,HCA,336.46503826665383,337.1272481143523,332.1360468669238,336.9295654296875,654200.0
2024-06-14,HCA,334.39444120469346,335.11734934595506,329.32426250498435,334.1864929199219,747400.0
2024-06-17,HCA,332.58230121852887,334.4935157303082,328.95790813146306,332.20599365234375,931100.0
2024-06-18,HCA,331.89899156529816,338.30604150298257,331.41376879739937,337.32568359375,737600.0
2024-06-20,HCA,335.28570709165376,336.82064419918356,332.1069478694387,335.0777587890625,1007900.0
2024-06-21,HCA,336.3156076282066,337.6524786297181,334.00829103588785,335.6224365234375,2060100.0
2024-06-24,HCA,337.5435364361025,339.38545499879166,335.3847543296342,338.048583984375,845500.0
2024-06-25,HCA,338.672418976707,338.92989890735544,333.95872300689126,337.13751220703125,691800.0
2024-06-26,HCA,336.275968898245,337.69207836849955,334.2063076363662,337.167236328125,837500.0
2024-06-27,HCA,336.4245303860502,340.38561147405085,333.7507885633896,339.94989013671875,914000.0
2024-06-28,HCA,338.2862353930439,340.8510621606272,316.23292586250903,318.154052734375,4016800.0
2024-07-01,HCA,318.0055200266901,321.768535241164,310.3309248697965,312.0539855957031,2399900.0
2024-07-02,HCA,314.3811332333815,318.0451456633785,311.3905276176701,316.5894470214844,1588900.0
2024-07-03,HCA,315.59917410945854,323.3727722167969,313.98502859610403,323.3727722167969,945100.0
2024-07-05,HCA,322.30327395194956,322.84791052565095,313.34133987520164,317.1835632324219,942700.0
2024-07-08,HCA,317.9461221560185,318.16398285118305,310.19228805958966,313.1333923339844,1378100.0
2024-07-09,HCA,313.678003597522,317.0548286638621,311.5984300977586,313.8265380859375,1203000.0
2024-07-10,HCA,316.26261392026584,316.26261392026584,309.59811428905215,312.28173828125,1433200.0
2024-07-11,HCA,313.0442859527716,316.88654008662684,309.62787107485593,314.4207763671875,1674700.0
2024-07-12,HCA,315.68826587818756,322.8677252911834,314.10382741187914,321.1644592285156,1237300.0
2024-07-15,HCA,311.7370922232589,319.2334459807842,310.7666466272933,313.8959045410156,1693600.0
2024-07-16,HCA,315.7080348086065,318.8967060085511,311.2320244582706,315.80706787109375,1853100.0
2024-07-17,HCA,314.8069341771158,327.62103475916854,314.3415059097682,319.8375244140625,1976700.0
2024-07-18,HCA,319.39190514519083,324.4522025127042,316.12402497236576,318.5997009277344,1544900.0
2024-07-19,HCA,321.05552419622234,322.79840958774645,318.51055250326186,319.0254821777344,1239800.0
2024-07-22,HCA,320.03553518671697,327.8190751405039,317.18355200428056,322.2141418457031,1571600.0
2024-07-23,HCA,343.12865768863605,344.6140631331756,331.1265865320607,336.8602600097656,2767100.0
2024-07-24,HCA,340.8510468412459,341.5937495607832,333.8795355187401,340.59356689453125,1974200.0
2024-07-25,HCA,340.5935843269285,352.83331126544937,340.5935843269285,349.35748291015625,2152100.0
2024-07-26,HCA,352.53625607515113,352.6253767830737,347.7631455798284,351.328125,1215900.0
2024-07-29,HCA,352.0708079259449,357.60641542388197,350.5061941073652,355.23968505859375,1196700.0
2024-07-30,HCA,355.16042566790225,360.6465314158537,354.63558363454956,357.83416748046875,1054000.0
2024-07-31,HCA,359.5176696777344,362.53801263972764,354.63564368153493,359.5176696777344,1243400.0
2024-08-01,HCA,360.56733310201304,365.8157842417986,357.41828055053384,359.58697509765625,1385300.0
2024-08-02,HCA,359.3592562473453,361.89434616857807,349.3872256144761,352.89276123046875,1604500.0
2024-08-05,HCA,346.20836585581975,349.2683275071057,338.81107613733775,346.7728271484375,1418600.0
2024-08-06,HCA,347.9215372012573,354.83363425071883,345.51518780762746,349.4960632324219,1205500.0
2024-08-07,HCA,351.9519927372808,356.2497624788587,347.68392989771587,348.842529296875,824100.0
2024-08-08,HCA,348.941565433517,357.3489512040133,348.941565433517,357.16082763671875,811400.0
2024-08-09,HCA,357.2103084013602,358.329318690001,353.4868823550477,357.3885498046875,624200.0
2024-08-12,HCA,356.8142492580314,359.43845985830933,355.0119498191027,357.88372802734375,808100.0
2024-08-13,HCA,359.4681482383598,365.67713264667793,357.89362195933137,365.2711181640625,884500.0
2024-08-14,HCA,366.4000163272909,371.0641810463234,366.25148182426153,367.9646301269531,1023100.0
2024-08-15,HCA,371.2424478676499,371.98515059383976,365.3206205847286,368.2716369628906,773100.0
2024-08-16,HCA,368.49942167719416,371.6781812448237,367.7170995882344,370.13336181640625,734600.0
2024-08-19,HCA,370.1333094235185,372.1534692442059,368.717230184693,370.56903076171875,515500.0
2024-08-20,HCA,371.37116885496124,374.2033577179068,369.95508953381454,371.6583557128906,688800.0
2024-08-21,HCA,371.5197215041005,375.8273731297506,370.8463147328478,373.005126953125,721900.0
2024-08-22,HCA,375.1143894176723,380.1350672504469,375.1143894176723,379.3923645019531,979200.0
2024-08-23,HCA,382.81867719911105,385.0369032091142,380.11525863600104,384.9972839355469,795400.0
2024-08-26,HCA,385.5815315232678,387.5323651707162,383.84855854479616,384.7200012207031,929400.0
2024-08-27,HCA,385.0765333285017,388.0671692784226,383.79910627107284,386.3836975097656,762100.0
2024-08-28,HCA,387.0768988781901,388.18599689114586,384.4823952648856,386.3836975097656,592000.0
2024-08-29,HCA,388.1859702121282,390.2556315798932,384.2050943562243,388.9682922363281,915000.0
2024-08-30,HCA,388.04733893059813,392.0579521260688,386.4629304896088,391.7410583496094,904700.0
2024-09-03,HCA,392.14702745610697,393.86020590498316,390.08727858877717,391.9786682128906,930100.0
2024-09-04,HCA,392.8303225031725,393.2957507468121,388.30478003936946,390.46356201171875,899100.0
2024-09-05,HCA,389.93874849105345,394.75147815185437,387.888911815057,393.8800354003906,903600.0
2024-09-06,HCA,395.1178458450969,399.1284284327078,383.0167416883333,384.205078125,2248800.0
2024-09-09,HCA,386.3539776194722,386.3539776194722,375.56994903818054,381.20458984375,1522500.0
2024-09-10,HCA,382.19485558646033,385.5221494732246,381.20458523149676,382.670166015625,912000.0
2024-09-11,HCA,381.1055455951558,394.3751620792408,380.99660014324456,384.8685607910156,1823900.0
2024-09-12,HCA,381.6700323874231,389.0772356677488,381.6700323874231,387.8592224121094,1191700.0
2024-09-13,HCA,387.12639087479107,391.97870967353754,387.12639087479107,390.83990478515625,876300.0
2024-09-16,HCA,393.79588336827896,401.0667109181605,392.5262152322499,400.1739807128906,922800.0
2024-09-17,HCA,400.26321124267184,401.6320782157188,392.87335776352097,394.29180908203125,1394600.0
2024-09-18,HCA,394.242227230221,400.50129733944874,392.0004578096732,396.66253662109375,936100.0
2024-09-19,HCA,399.59863857524556,401.3840988225455,394.59930750302294,400.2632141113281,938100.0
2024-09-20,HCA,399.16220243964796,402.42565773371405,395.1151146616291,401.39404296875,3447700.0
2024-09-23,HCA,403.0009341931343,406.1156059478417,400.9674917442489,402.4256286621094,957900.0
2024-09-24,HCA,400.6004392292775,402.7132528839217,397.37666991635143,398.55706787109375,1000500.0
2024-09-25,HCA,400.3624283578179,403.0505478090582,398.3984280650682,401.84039306640625,824500.0
2024-09-26,HCA,401.0666411927177,403.42743706755266,397.376664083999,400.6004333496094,857800.0
2024-09-27,HCA,401.1063455174338,402.15778788981294,393.36931102798906,400.025146484375,823100.0
2024-09-30,HCA,399.8961931432465,403.8043960482378,392.80390644229294,403.14971923828125,910800.0
2024-10-01,HCA,402.4355543262741,404.0325759486598,398.62655014250356,402.17767333984375,852000.0
2024-10-02,HCA,401.0964394323015,404.5483636245233,399.3010501691876,400.590576171875,999600.0
2024-10-03,HCA,399.65818285221724,399.65818285221724,387.4475372726434,389.2925109863281,932500.0
2024-10-04,HCA,391.15730580083033,392.14923487075316,387.2491028436324,390.8894958496094,787900.0
2024-10-07,HCA,389.04449311135176,390.50263005901036,378.5399678644532,379.442626953125,1641700.0
2024-10-08,HCA,379.6112789378968,382.51762393777705,367.4700461611346,375.5245056152344,1893700.0
2024-10-09,HCA,375.42535350558984,383.53932664244127,372.9951149930705,383.2417297363281,1435300.0
2024-10-10,HCA,382.88463086694037,385.2751836196728,380.04772818399255,384.1245422363281,956700.0
2024-10-11,HCA,387.89385977103655,392.55593861738987,386.89203197141273,391.355712890625,755000.0
2024-10-14,HCA,391.42512300669523,394.77784816857735,390.0265296309027,392.585693359375,865400.0
2024-10-15,HCA,394.07359561944617,408.545837702142,394.07359561944617,398.021484375,1602800.0
2024-10-16,HCA,401.73131377264235,413.3567248536548,399.98550874697025,405.92718505859375,1769000.0
2024-10-17,HCA,403.4473536251128,407.1968445970606,400.8584028054504,403.1993713378906,1109800.0
2024-10-18,HCA,403.1794554152372,413.7732802084374,401.4832652904601,412.1861877441406,1094000.0
2024-10-21,HCA,410.8371741621745,412.62266464752526,407.2563247565303,407.4447937011719,962000.0
2024-10-22,HCA,404.77650294302197,408.0399277886748,401.88005673866786,404.8757019042969,976700.0
2024-10-23,HCA,404.88559778609226,407.4745483823248,403.0505229647626,406.7206726074219,905400.0
2024-10-24,HCA,402.2966918832592,405.2129658555624,390.9390915929861,395.6805114746094,2224300.0
2024-10-25,HCA,367.01376904819904,368.0056981537347,354.1484473385504,360.6158142089844,4263600.0
2024-10-28,HCA,360.5662084422753,364.8612478947313,353.6227051160141,353.71197509765625,1969900.0
2024-10-29,HCA,354.11870099552095,358.979147700028,352.4026526952787,357.75909423828125,1639700.0
2024-10-30,HCA,356.90599256317427,361.1911333663544,356.0727757855458,358.0070495605469,1266500.0
2024-10-31,HCA,355.1106171638881,358.48317004359205,354.37659931801056,355.8446350097656,1188200.0
2024-11-01,HCA,357.61030082608335,357.9674110756919,352.6903405176467,354.30718994140625,1317700.0
2024-11-04,HCA,354.9618323215397,365.43660113186945,354.72374875452743,360.2289733886719,1547700.0
2024-11-05,HCA,360.07025010580776,364.2859486263303,359.82226783989466,363.7007141113281,999800.0
2024-11-06,HCA,346.44116574254514,354.84280639619544,343.09836953255655,345.9352722167969,3443800.0
2024-11-07,HCA,345.44921641406313,353.9599542395948,343.03880584588177,353.156494140625,1670900.0
2024-11-08,HCA,354.19805194410225,355.8149013220069,349.0797241055103,351.3016357421875,1252600.0
2024-11-11,HCA,353.6624288978685,357.5706321847254,351.7182259615086,355.1007080078125,909700.0
2024-11-12,HCA,354.8229718481144,355.259423100832,347.4926310864384,347.700927734375,1416200.0
2024-11-13,HCA,347.59179942234795,349.15903403987136,344.47712759984944,346.50067138671875,1433100.0
2024-11-14,HCA,346.996616679333,357.2729867855969,342.5130781399989,342.7214050292969,1835700.0
2024-11-15,HCA,342.6222551546725,342.6222551546725,332.45498125379606,340.1920166015625,1863500.0
2024-11-18,HCA,339.9142669340337,340.5094304661674,330.2033025486302,333.139404296875,1496200.0
2024-11-19,HCA,331.651488967652,334.2800949358904,327.97144061211833,332.40533447265625,1173200.0
2024-11-20,HCA,332.90132901028875,332.90132901028875,325.2337360196487,330.3124084472656,1510500.0
2024-11-21,HCA,324.52947490601076,330.1239395982046,317.58597082218114,329.55853271484375,2322100.0
2024-11-22,HCA,325.85864887967045,326.9894323492248,317.4966632897269,322.3075256347656,2133200.0
2024-11-25,HCA,317.7446300311591,324.82701821829505,316.91141323348546,322.991943359375,2688300.0
2024-11-26,HCA,324.40051667734133,327.64411409003736,321.18664565692603,326.29510498046875,1056500.0
2024-11-27,HCA,326.205794123721,329.3105370960758,322.3075199681312,322.8431701660156,757100.0
2024-11-29,HCA,321.88102243492443,325.20399127856956,321.375128860776,324.5790710449219,626800.0
2024-12-02,HCA,323.8251474717253,328.130115893369,322.8629750874711,324.9857177734375,1189000.0
2024-12-03,HCA,327.9020192838455,330.3520854421699,322.9721303041917,324.4302673339844,1067300.0
2024-12-04,HCA,324.36082156496445,325.78920191649377,321.0577109215994,321.47430419921875,1800100.0
2024-12-05,HCA,321.8512591987714,322.88287401216337,316.70314438160193,317.4669189453125,1384600.0
2024-12-06,HCA,319.24243959091297,322.0595144406951,313.14208203025214,317.1693115234375,1329200.0
2024-12-09,HCA,317.4173371271586,320.90891693789786,314.83831520874514,315.929443359375,1405300.0
2024-12-10,HCA,315.43347165258183,317.1991043396604,308.976003159301,314.2332458496094,1087400.0
2024-12-11,HCA,315.4334603720832,316.36587616721204,311.76331051710577,312.5965576171875,882800.0
2024-12-12,HCA,313.072661870084,315.77071026888467,307.99398965381783,309.4719543457031,1568700.0
2024-12-13,HCA,310.13792238601917,313.11006776821,309.39239853412965,312.056396484375,1324500.0
2024-12-16,HCA,310.764173509418,315.18759691809987,306.7681461684438,307.75225830078125,1788200.0
2024-12-17,HCA,305.4958192499323,308.40835585548786,301.94714831999204,305.9431457519531,1633500.0
2024-12-18,HCA,307.4639913331535,307.921237493555,297.0862963168307,297.3646240234375,1504400.0
2024-12-19,HCA,296.7185164119689,302.7821169517984,294.88950139159243,295.7443542480469,1911000.0
2024-12-20,HCA,297.19566075762873,303.10021251897166,294.8795495022032,301.8079528808594,2933000.0
2024-12-23,HCA,301.08231204748535,302.65286897302104,297.7522993886316,301.7085266113281,924000.0
2024-12-24,HCA,300.54556039062345,302.802001953125,299.87954564928845,302.802001953125,321300.0
2024-12-26,HCA,302.0067658231302,303.64691231872746,299.99880205897506,300.9530944824219,663900.0
2024-12-27,HCA,298.2095889478184,302.46404453672267,297.54357418490446,300.71453857421875,1238700.0
2024-12-30,HCA,298.5972515892797,301.19166024023616,294.96901095169267,296.6390075683594,903100.0
2024-12-31,HCA,298.08034537303706,300.3765566688935,296.3706092665324,298.3586730957031,647800.0
2025-01-02,HCA,301.0823303619345,302.0465121624427,295.5554852066241,295.9729919433594,962600.0
2025-01-03,HCA,295.9729815559459,296.49981721985694,288.24936504869686,294.92926025390625,1260000.0
2025-01-06,HCA,295.943193161596,300.16782894615784,294.24340702220354,295.1479797363281,1440900.0
2025-01-07,HCA,298.7264371691066,306.93714986201473,298.7065674530976,306.37054443359375,1724600.0
2025-01-08,HCA,306.2115113572483,312.6230291772559,301.99682585406134,309.3924255371094,1995200.0
2025-01-10,HCA,307.15586639504994,312.5932222660113,298.7165450160048,301.01275634765625,2417600.0
2025-01-13,HCA,300.9133233437028,306.6190564648087,299.8397822915208,306.3407287597656,1406700.0
2025-01-14,HCA,304.1737956015927,305.56543435098064,298.36865229311036,303.9650573730469,1055600.0
2025-01-15,HCA,306.9272519838141,308.1499222735969,302.1161407085706,304.42230224609375,1235700.0
2025-01-16,HCA,304.193658961967,308.87557148105265,302.2453647535525,307.59326171875,767800.0
2025-01-17,HCA,309.04452517722746,311.0425390910714,306.64890455305994,308.59722900390625,1206600.0
2025-01-21,HCA,310.3466866240006,317.80192576875714,310.2274076513558,316.5693359375,1846000.0
2025-01-22,HCA,316.34070945721027,319.30293550840844,309.5614347975249,317.6031494140625,2376900.0
2025-01-23,HCA,322.1856230096965,324.8496212909374,318.4679533137043,323.418212890625,2915800.0
2025-01-24,HCA,321.9967718580909,324.0345556174563,307.1558816837803,311.20159912109375,3031300.0
2025-01-27,HCA,314.3625539756683,330.6746193099632,311.6190165245389,330.0185546875,2805800.0
2025-01-28,HCA,331.0722455552628,332.0563273794832,321.39038504298804,326.73828125,2498600.0
2025-01-29,HCA,326.7383053518281,328.875467920023,322.83173683797344,325.66473388671875,1142200.0
2025-01-30,HCA,327.35459957016934,335.65477217928066,326.7879940945779,332.6130065917969,1201700.0
2025-01-31,HCA,332.0464271922062,334.0543607265123,327.911250812805,327.9410705566406,1254800.0
2025-02-03,HCA,322.89138677301264,338.1497833577618,322.3347313047417,332.30487060546875,1532200.0
2025-02-04,HCA,328.24922696566074,333.69653289315147,328.24922696566074,332.8018798828125,1133100.0
2025-02-05,HCA,335.4857779273723,335.9827938946721,332.4340926076441,334.81976318359375,951400.0
2025-02-06,HCA,334.81971868487875,337.2252889944979,318.09017679657865,322.5931396484375,2209200.0
2025-02-07,HCA,323.766089722932,326.579216710331,319.2929466141056,320.1279296875,1530000.0
2025-02-10,HCA,320.69456013708884,322.0663289845834,307.60317727084276,316.360595703125,1632400.0
2025-02-11,HCA,315.3665558044569,322.11601025367423,315.3665558044569,321.7979431152344,1419200.0
2025-02-12,HCA,318.3188424232476,320.2571864036303,308.46798277265884,310.51568603515625,1972100.0
2025-02-13,HCA,312.6031791480504,320.8934019864776,311.21151014705987,319.998779296875,1715000.0
2025-02-14,HCA,320.07826806924703,323.86552713726803,314.05443725229503,314.32281494140625,1451600.0
2025-02-18,HCA,316.1816430233667,318.4281647509505,312.4142840875798,314.81982421875,1084500.0
2025-02-19,HCA,314.09422809670474,321.8178454671553,313.6667713010667,318.6468811035156,1738400.0
2025-02-20,HCA,318.18959927868855,323.3883664072614,317.80191229857957,319.58123779296875,1545500.0
2025-02-21,HCA,317.13594440566334,320.69456524363636,313.23932602805826,314.5315856933594,1638400.0
2025-02-24,HCA,317.04648583894567,319.0842390946239,314.6210455822319,317.66278076171875,1488400.0
2025-02-25,HCA,319.0643722469719,331.3505920494444,318.25920882959855,331.08221435546875,2908600.0
2025-02-26,HCA,331.0822269666202,332.1955378905583,313.66676788789715,318.0007629394531,2109600.0
2025-02-27,HCA,319.7601710591443,327.05636149067965,317.96097576528,319.02459716796875,1788600.0
2025-02-28,HCA,302.1856931435976,307.23536177353265,293.2394061755306,304.4719543457031,3469100.0
2025-03-03,HCA,306.8377522657216,310.47591257287667,305.5653926776,309.4222412109375,1413600.0
2025-03-04,HCA,309.67073643671785,313.1697175762041,308.5077058418247,310.1876220703125,1321100.0
2025-03-05,HCA,309.1439418937225,319.1240313413875,309.1439418937225,317.7224426269531,1324300.0
2025-03-06,HCA,317.7124800881445,320.7542153620845,315.48585827596537,319.82977294921875,1512500.0
2025-03-07,HCA,318.9450615989011,330.5255575286151,317.26517559268814,328.17962646484375,1869000.0
2025-03-10,HCA,328.20942622424593,344.55131212923925,327.60308136179964,334.15374755859375,2674900.0
2025-03-11,HCA,334.0643177228108,336.9271345325446,316.71844842429664,321.6190185546875,2126200.0
2025-03-12,HCA,319.6408859666329,320.96296534272494,308.3287984225845,311.00274658203125,1466600.0
2025-03-13,HCA,310.9530718263611,315.38644568610425,309.40238446133077,312.91131591796875,957100.0
2025-03-14,HCA,313.9550550099824,319.581279622755,311.34074606483995,317.48388671875,1041800.0
2025-03-17,HCA,316.9060299182567,328.71192897829235,315.1127418804741,327.2374267578125,1104300.0
2025-03-18,HCA,327.3071535844757,331.3819262521164,326.10166592583056,328.93109130859375,1009700.0
2025-03-19,HCA,329.77794293086384,334.4405160012173,329.2399443753654,332.9361267089844,1276200.0
2025-03-20,HCA,331.5811882280813,334.23129085281346,330.5450507919187,332.278564453125,1671400.0
2025-03-21,HCA,330.72437628699737,330.90372940144954,324.1489366007033,327.5661926269531,3392400.0
2025-03-24,HCA,326.59980010029665,335.53641330305226,324.8164543011151,332.5973815917969,1423800.0
2025-03-25,HCA,335.4865981873173,341.4642653711968,331.6509527341848,335.2076416015625,1318000.0
2025-03-26,HCA,335.74561682484915,339.2325891064129,331.6010975502838,336.0345458984375,1191800.0
2025-03-27,HCA,336.68211866958,342.3808288425872,332.3682188141261,341.06573486328125,1326100.0
2025-03-28,HCA,341.72328327253035,343.68595174247076,339.38202437630923,340.88641357421875,1114500.0
2025-03-31,HCA,339.92003717581673,347.1430514842383,338.3658461845305,344.2637939453125,1571800.0
2025-04-01,HCA,345.50913992500597,346.68477087362226,341.4841993751904,344.4431457519531,1226300.0
2025-04-02,HCA,342.6398719080292,347.25261254975607,340.77680689597963,345.73828125,1249400.0
2025-04-03,HCA,345.06080018548687,352.0347443423595,343.8353676239165,347.8404235839844,1946900.0
2025-04-04,HCA,345.2102588017657,347.36222250511213,329.05063161803156,330.41552734375,2518300.0
2025-04-07,HCA,325.0356219325497,334.15155743238984,317.27460960378784,328.4030456542969,1999100.0
2025-04-08,HCA,338.6348393110738,344.6822532321222,326.81899845824586,330.9435729980469,2058700.0
2025-04-09,HCA,325.6832121088441,343.50663683861757,320.8413165149273,337.2699279785156,2909100.0
2025-04-10,HCA,339.0134213004007,340.8964010070341,323.19252437756666,333.74310302734375,2134700.0
2025-04-11,HCA,333.16525728116585,335.2873338249926,323.25228117218614,332.1291198730469,1677500.0
2025-04-14,HCA,335.237510119425,339.89014086379717,331.292258510098,339.3521423339844,1172400.0
2025-04-15,HCA,336.47293424304024,340.1193148768894,334.012126700688,334.301025390625,1011400.0
2025-04-16,HCA,335.3072463462405,336.0743692894424,327.9248243668581,329.7679443359375,1194600.0
2025-04-17,HCA,335.09803959137605,337.5189873157685,329.83769409448104,333.7630310058594,1830600.0
2025-04-21,HCA,333.6833351817535,333.6833351817535,313.2596391234322,316.42779541015625,1650300.0
2025-04-22,HCA,319.0978127986252,323.7105836997981,316.35804895403083,323.41168212890625,1432800.0
2025-04-23,HCA,327.40678313297644,336.7618160036075,326.7791232450327,334.72943115234375,1402100.0
2025-04-24,HCA,336.36331966259706,341.70338469803005,334.7194673064833,340.13922119140625,2272300.0
2025-04-25,HCA,348.9463024612753,348.9463024612753,320.1937394990646,326.6994323730469,2803600.0
2025-04-28,HCA,325.83264721352595,331.84020122143613,324.92606115744104,330.7841491699219,1528100.0
2025-04-29,HCA,330.0967165468661,342.3210648503003,328.49272385143456,339.3122863769531,1416600.0
2025-04-30,HCA,338.893862442857,344.8017825408048,333.86264127563135,343.7955322265625,1330400.0
2025-05-01,HCA,342.7195406706056,346.8441450853791,339.6908478445872,341.76312255859375,1148000.0
2025-05-02,HCA,345.5191187329987,347.60133579106133,343.3572128246889,346.6748046875,802300.0
2025-05-05,HCA,347.1729123981115,349.8429294991454,342.9387319162241,348.07952880859375,789900.0
2025-05-06,HCA,348.2987357727486,359.59652272697826,344.92133933199375,355.372314453125,1587000.0
2025-05-07,HCA,354.82434409762203,362.1569647576548,348.86662211558115,359.6363830566406,1984400.0
2025-05-08,HCA,357.35489541169824,362.6052686029866,352.3834787951959,352.6026611328125,1224500.0
2025-05-09,HCA,352.6823550768841,355.60144184878396,351.0584173343498,352.38348388671875,979500.0
2025-05-12,HCA,353.73839073587004,371.98023469263904,353.43951955957635,361.92779541015625,1679400.0
2025-05-13,HCA,361.1008949992164,371.5518392248775,360.1046172151424,366.7298583984375,2203500.0
2025-05-14,HCA,366.63021896258505,370.71496389595427,364.31884724173415,366.132080078125,1798700.0
2025-05-15,HCA,366.13209349635974,384.2543892094916,365.3948576496153,384.0650939941406,3047300.0
2025-05-16,HCA,385.0215236107858,386.645461346515,379.5519680257723,386.07757568359375,1789700.0
2025-05-19,HCA,383.5470264669696,386.9343648008779,382.8197327501425,385.4499206542969,2041100.0
2025-05-20,HCA,383.5968751236535,386.67537015810876,382.5707101121684,384.6130676269531,1361400.0
2025-05-21,HCA,380.93679565294553,385.28058302039017,379.5818723298817,380.38885498046875,1118200.0
2025-05-22,HCA,377.4697507643246,382.10243661351444,373.3152588170981,375.23809814453125,1250400.0
2025-05-23,HCA,373.1658201683227,376.05501978365385,372.2193440717895,375.1882629394531,1138200.0
2025-05-27,HCA,378.34646997537857,379.53204299884146,375.7860287126739,377.3999938964844,996900.0
2025-05-28,HCA,375.5668424920142,380.9168493992717,375.5469278815015,377.0313720703125,921100.0
2025-05-29,HCA,381.1858523458973,384.77245867494565,376.7624066780557,377.2406005859375,1449500.0
2025-05-30,HCA,376.2144112517541,383.25810246890245,373.6141408341109,379.97039794921875,2556400.0
2025-06-02,HCA,378.8645112280825,380.78732003772495,376.2642408280974,380.7375183105469,1066900.0
2025-06-03,HCA,380.0700222900421,383.3577573943801,377.4797242371529,381.6341857910156,1220800.0
2025-06-04,HCA,383.6765199698469,384.80231872209333,380.0401121658896,380.2393798828125,943000.0
2025-06-05,HCA,381.4149951964133,382.859610190327,377.8283889802029,380.0799865722656,1058700.0
2025-06-06,HCA,379.93056279673306,385.1211618632418,379.31287539661713,382.909423828125,619600.0
2025-06-09,HCA,380.44861975320714,380.44861975320714,354.9239859640907,371.6216125488281,2014600.0
2025-06-10,HCA,365.73358484038954,367.7161679243302,356.8567460332407,363.56170654296875,1915000.0
2025-06-11,HCA,364.189355913078,369.130915940046,362.5953356762363,366.2217712402344,1026700.0
2025-06-12,HCA,366.6800393299914,370.2865905761719,364.7871175536116,370.2865905761719,787900.0
2025-06-13,HCA,367.74607096346324,373.41489429809553,366.44094942705976,369.79840087890625,872300.0
2025-06-16,HCA,370.9563196880832,373.4019564230619,350.11360436552684,367.9317321777344,2140000.0
2025-06-17,HCA,364.3181986928525,371.97451418890995,360.64477814223363,371.78485107421875,1334100.0
2025-06-18,HCA,371.8447437239046,379.8803550346996,370.21764986862945,376.18695068359375,1374300.0
2025-06-20,HCA,375.04901623883046,378.682499851543,373.06257985721015,376.8258361816406,4238400.0
2025-06-23,HCA,378.2832017693443,379.96022458695245,371.66503750037555,378.04364013671875,1098000.0
2025-06-24,HCA,378.2532735145993,378.5527560318773,372.3638162317317,378.3431091308594,1105100.0
2025-06-25,HCA,376.64617422864575,377.65434981552977,369.2294503296789,373.5217590332031,1294200.0
2025-06-26,HCA,378.67254956133615,387.89603869716564,375.5980328740071,376.9855651855469,1838000.0
2025-06-27,HCA,377.8240604841843,383.2144108687538,375.5381415225308,378.62261962890625,1554900.0
2025-06-30,HCA,375.71782435557606,382.7053231417635,374.3302921171846,382.41583251953125,1172500.0
2025-07-01,HCA,383.40406325731357,390.3117184716777,380.3595223323771,388.8343505859375,1299900.0
2025-07-02,HCA,386.28890468515146,386.28890468515146,376.74598029407133,377.3648681640625,1297300.0
2025-07-03,HCA,378.48288026602245,380.49926187963155,370.55705748852097,375.907470703125,943100.0
2025-07-07,HCA,376.4165528596452,378.3031921386719,374.2903519438191,378.3031921386719,1369700.0
2025-07-08,HCA,376.01728067160434,381.866800813867,375.12885547928613,376.9256591796875,1098700.0
2025-07-09,HCA,378.32315763549894,378.32315763549894,374.3602462960974,377.76416015625,1217700.0
2025-07-10,HCA,376.0871670493895,380.6090758599949,367.76206482351694,377.6443786621094,1584400.0
2025-07-11,HCA,374.5399269628316,376.45651155644146,372.8030440702105,375.3984069824219,877100.0
2025-07-14,HCA,375.25862159175443,380.7987281584072,374.00089253297176,379.77056884765625,935600.0
2025-07-15,HCA,378.8621840965226,382.3159963168779,367.99161803849967,371.135986328125,1304400.0
2025-07-16,HCA,365.166699084514,365.166699084514,354.30612451359167,361.9324645996094,2004800.0
2025-07-17,HCA,360.86440385517847,364.857260419113,357.42055288355374,361.95245361328125,1226100.0
2025-07-18,HCA,362.87077486093983,364.2083780853471,358.90786370696406,360.4750671386719,1029800.0
2025-07-21,HCA,360.85441532570974,365.50609692157735,358.6982691055386,363.8989562988281,1145300.0
2025-07-22,HCA,368.40088993147253,373.5117412025242,344.8630150730204,350.34320068359375,2985800.0
2025-07-23,HCA,352.3496389532122,356.43233114008376,349.5246758708792,352.63909912109375,1237000.0
2025-07-24,HCA,349.44483409832907,351.4113171883944,339.74219136133394,340.87017822265625,2404800.0
2025-07-25,HCA,335.37000867813197,344.38388122024304,329.4106689932759,333.72296142578125,3175900.0
2025-07-28,HCA,331.486940628551,340.5806873511702,331.0177787608012,339.9318542480469,1869500.0
2025-07-29,HCA,340.5107970127001,347.7977783937759,339.213130837082,343.884765625,1879300.0
2025-07-30,HCA,343.6252192213222,354.85512808114953,342.0979528349088,354.4259033203125,2389900.0
2025-07-31,HCA,353.11825695475613,358.0394454225204,352.49936905340854,353.3578186035156,1462700.0
2025-08-01,HCA,355.1546036850975,357.8198182766501,352.75889593422926,356.3324890136719,1369800.0
2025-08-04,HCA,356.0929448301108,364.1185646657123,354.39596858924136,362.5513916015625,1078300.0
2025-08-05,HCA,363.55955787763224,366.76384715177846,360.7745624027497,363.1602783203125,1106100.0
2025-08-06,HCA,363.3399475963833,369.468996912184,363.3399475963833,365.49609375,1125200.0
2025-08-07,HCA,365.8953784365949,372.66326904296875,364.6476107697629,372.66326904296875,1136800.0
2025-08-08,HCA,373.58162566787445,381.39762864081933,372.3937484558256,380.928466796875,1016100.0
2025-08-11,HCA,381.0782256458414,384.1327583634653,377.86397501619496,382.2261657714844,991600.0
2025-08-12,HCA,384.31243108700625,390.15198970393067,382.56555640024715,389.6129455566406,1089900.0
2025-08-13,HCA,390.04216352141464,392.0485835891771,388.0058287125715,389.7626647949219,1416100.0
2025-08-14,HCA,389.65289648291576,394.4842492753778,388.1056462847283,392.9469909667969,912000.0
2025-08-15,HCA,392.89709947051193,395.28281547212254,385.75987431909317,395.08319091796875,1251400.0
2025-08-18,HCA,395.0432542599165,396.69030153313497,392.6176011595542,392.91705322265625,1016100.0
2025-08-19,HCA,393.545925908271,404.4264539751992,392.2582211340393,401.9708557128906,1502100.0
2025-08-20,HCA,402.72948739120454,410.2659915966174,399.2357380710387,409.44744873046875,1639500.0
2025-08-21,HCA,411.2642230662337,411.2642230662337,403.3982908189327,403.5380554199219,1198700.0
2025-08-22,HCA,403.22859772182636,407.0417524303901,400.51345415236995,404.24676513671875,1081200.0
2025-08-25,HCA,404.1968744233338,405.464595387612,400.6432041340662,402.0506896972656,805500.0
2025-08-26,HCA,400.37368508198205,402.28027764649613,398.99614476582485,401.24212646484375,1180600.0
2025-08-27,HCA,401.05248844222797,406.14338670445704,398.1077749749064,404.3266296386719,702200.0
2025-08-28,HCA,404.027162334289,407.44106800532717,400.06425108619925,406.5526428222656,965400.0
2025-08-29,HCA,406.9519135474333,408.24961014434354,400.10417950141675,403.2385559082031,996400.0
2025-09-02,HCA,400.9426930780963,407.7505207892291,399.41542667022776,405.4147033691406,955600.0
2025-09-03,HCA,404.7159419436439,407.34124999675754,402.549803863663,406.8820495605469,651700.0
2025-09-04,HCA,409.26779314065914,416.454947059092,406.8720853222074,410.8549499511719,1714800.0
2025-09-05,HCA,411.24427428923747,420.2282015912977,408.42930309011984,420.0185546875,1059800.0
2025-09-08,HCA,418.09200122519934,418.09200122519934,405.9637056768509,417.35333251953125,1472900.0
2025-09-09,HCA,415.0574204507577,415.4866756758892,399.59509342277255,412.6617126464844,1084100.0
2025-09-10,HCA,414.43852570613353,414.6481726020559,384.90137393036923,393.65570068359375,2014000.0
2025-09-11,HCA,395.0631813484232,403.44820411554696,391.92880493142303,402.13055419921875,1295300.0
2025-09-12,HCA,399.85464015860725,405.65426179935963,398.9263083316473,404.406494140625,761200.0
2025-09-15,HCA,403.0888534221476,405.8838408565536,399.3056132644766,402.45001220703125,897500.0
2025-09-16,HCA,403.739990234375,406.2300109863281,398.9800109863281,399.75,1319800.0
2025-09-17,HCA,401.7300109863281,405.1600036621094,390.3399963378906,399.3900146484375,1250000.0
2025-09-18,HCA,396.70001220703125,402.3900146484375,390.1000061035156,401.05999755859375,1337800.0
2025-09-19,HCA,401.4800109863281,403.6700134277344,396.8999938964844,402.29998779296875,4308500.0
2025-09-22,HCA,402.44000244140625,409.1400146484375,400.92999267578125,407.239990234375,1010600.0
2025-09-23,HCA,408.8599853515625,413.54998779296875,406.0899963378906,409.45001220703125,801600.0
2025-09-24,HCA,407.19000244140625,417.20001220703125,407.19000244140625,416.6199951171875,978600.0
2025-09-25,HCA,418.3500061035156,418.3500061035156,409.0,414.8900146484375,667300.0
2025-09-26,HCA,417.70001220703125,422.4599914550781,414.05999755859375,419.0799865722656,1184900.0
2025-09-29,HCA,419.3500061035156,422.9599914550781,415.92999267578125,420.9200134277344,894800.0
2025-09-30,HCA,421.260009765625,429.44000244140625,419.0799865722656,426.20001220703125,1591800.0
2025-10-01,HCA,426.32000732421875,428.5400085449219,420.4599914550781,426.07000732421875,1371900.0
2025-10-02,HCA,423.8900146484375,427.42999267578125,420.4100036621094,426.69000244140625,865200.0
2025-10-03,HCA,426.8900146484375,432.3599853515625,425.80999755859375,429.5400085449219,988400.0
2025-10-06,HCA,427.19000244140625,435.0299987792969,425.7099914550781,433.54998779296875,960400.0
2025-10-07,HCA,435.0,439.010009765625,432.739990234375,437.57000732421875,1252400.0
2025-10-08,HCA,436.75,436.75,425.7699890136719,426.2699890136719,1485100.0
2025-10-09,HCA,427.489990234375,428.32000732421875,417.8699951171875,418.8699951171875,1245300.0
2025-10-10,HCA,419.8999938964844,421.489990234375,409.5,415.1400146484375,1638400.0
2025-10-13,HCA,416.25,416.5,410.3699951171875,410.67999267578125,1067200.0
2025-10-14,HCA,410.0,420.5799865722656,407.70001220703125,418.3999938964844,1523000.0
2025-10-15,HCA,418.44000244140625,421.4100036621094,414.8999938964844,420.25,1260800.0
2025-10-16,HCA,420.45001220703125,421.6099853515625,416.9800109863281,419.6000061035156,1004700.0
2025-10-17,HCA,420.94000244140625,426.6499938964844,417.989990234375,426.1600036621094,1034500.0
2025-10-20,HCA,426.9800109863281,436.260009765625,424.5199890136719,433.1499938964844,878400.0
2025-10-21,HCA,433.7099914550781,434.9700012207031,430.1099853515625,432.010009765625,1082700.0
2025-10-22,HCA,434.70001220703125,443.4100036621094,432.3900146484375,441.19000244140625,1522700.0
2025-10-23,HCA,439.0199890136719,447.0899963378906,439.0199890136719,440.1600036621094,1928600.0
2025-10-24,HCA,457.1300048828125,461.55999755859375,424.0,447.0400085449219,2847200.0
