date,Ticker,Open,High,Low,Close,Volume
2008-01-02,GILD,16.07082940344342,16.31559861727225,15.752629825631411,15.854034423828125,13117800.0
2008-01-03,GILD,15.913483473610775,16.434492437803918,15.854040205058174,16.396028518676758,11630000.0
2008-01-04,GILD,16.413513982822316,16.55687867019631,16.03237352118626,16.04985809326172,15413200.0
2008-01-07,GILD,16.312108919411884,16.714228690221816,16.189723597428962,16.682758331298828,18028600.0
2008-01-08,GILD,16.81213532538263,16.941512860245286,16.375047797171376,16.38204002380371,19202200.0
2008-01-09,GILD,16.43449079375906,16.9799765003038,16.36805397074894,16.958995819091797,17632800.0
2008-01-10,GILD,16.87507740315793,17.105859601635178,16.61282484425717,16.86109161376953,19160000.0
2008-01-11,GILD,16.896058784440985,17.133834554355126,16.83311806099986,17.021940231323242,17491800.0
2008-01-14,GILD,16.917036706182405,17.15131498991301,16.563869223034207,16.84010887145996,16052600.0
2008-01-15,GILD,16.500928288289078,16.738704016160565,16.406517219820813,16.51141929626465,16480000.0
2008-01-16,GILD,16.56736701548961,17.035924926596863,16.560373454561397,16.651287078857422,21975400.0
2008-01-17,GILD,16.86458939409229,16.9520069223639,16.273647383175046,16.51491928100586,21521800.0
2008-01-18,GILD,16.35057151855552,16.833116577790697,15.780610277671844,16.14426612854004,27386400.0
2008-01-22,GILD,14.892452796217183,15.735157864023918,14.836505621611643,15.52535629272461,29237000.0
2008-01-23,GILD,15.200159405262202,15.735154221965658,14.742091102157293,15.668717384338379,35946800.0
2008-01-24,GILD,16.05684630821977,16.504424830550505,15.85753450812231,15.944952011108398,27393400.0
2008-01-25,GILD,16.084824802919115,16.224693378237866,14.972873764180383,15.060291290283203,35228400.0
2008-01-28,GILD,14.930909734074978,15.235122270108171,14.850485791624145,15.035810470581055,23082000.0
2008-01-29,GILD,15.165188100177108,15.21763913571529,14.916922710918232,15.088261604309082,27035400.0
2008-01-30,GILD,15.04979798165368,15.801587724358548,14.990353384630493,15.385480880737305,31165400.0
2008-01-31,GILD,15.693195138711262,16.049858816168978,15.542836882511864,15.97642707824707,27618600.0
2008-02-01,GILD,16.070836278768805,16.343579843494634,15.738649441735918,16.060346603393555,18107400.0
2008-02-04,GILD,16.053347123809885,16.259652444743754,16.000896098498654,16.186222076416016,11456000.0
2008-02-05,GILD,15.875021798116496,16.112797553723862,15.553324638341927,15.584794998168945,22260600.0
2008-02-06,GILD,15.661722446847959,16.070835780422136,15.598781728777249,15.689695358276367,18992200.0
2008-02-07,GILD,15.630247267779318,15.801584798890755,15.32603478017379,15.535836219787598,19635200.0
2008-02-08,GILD,15.434435400688937,15.616263982126668,15.27708361541731,15.570806503295898,14100400.0
2008-02-11,GILD,15.420449428392931,15.66871618983255,15.357508709592516,15.595284461975098,17082400.0
2008-02-12,GILD,15.570805894107515,15.955443724599167,15.570805894107515,15.766621589660645,15674000.0
2008-02-13,GILD,15.94494961729229,16.084818134625657,15.71067138472669,15.892499923706055,15214400.0
2008-02-14,GILD,15.895998060454442,15.895998060454442,15.619758437183767,15.64423656463623,12599400.0
2008-02-15,GILD,15.549833749703934,15.65823065473264,15.392481897694298,15.602283477783203,17852400.0
2008-02-19,GILD,15.822574414459172,16.046363098833112,15.73515687625774,15.798097610473633,13921000.0
2008-02-20,GILD,15.658222708024848,15.969428805233685,15.609269119774277,15.944952011108398,15031400.0
2008-02-21,GILD,15.82956666331663,15.944957110541514,15.270093664946783,15.361008644104004,21500800.0
2008-02-22,GILD,15.175681050866954,15.21764108433935,14.815519984082195,15.007838249206543,22390000.0
2008-02-25,GILD,15.18966472982262,15.385480415307029,15.067280760073134,15.252605438232422,19180000.0
2008-02-26,GILD,15.210646022338402,15.644237438390446,15.175679553542313,15.406461715698242,15107200.0
2008-02-27,GILD,15.420445753349156,15.44841999232042,15.224631416090839,15.31204891204834,13620800.0
2008-02-28,GILD,15.091758167166317,16.119787556484155,15.070777485548911,15.89599895477295,28296000.0
2008-02-29,GILD,15.965932646581244,16.871578028294866,15.909985498184795,16.546384811401367,39990400.0
2008-03-03,GILD,16.714228624799276,17.133832964168235,16.382041800553623,16.983474731445312,25103400.0
2008-03-04,GILD,16.826123193312824,17.420562571967746,16.696745642450868,17.2457275390625,27164000.0
2008-03-05,GILD,17.375107271365902,17.452035122345826,17.028934609727454,17.119848251342773,18917800.0
2008-03-06,GILD,17.196771392038755,17.196771392038755,16.707232838975525,16.717723846435547,18195800.0
2008-03-07,GILD,16.58834382293489,17.028928756713867,16.560370917393055,17.028928756713867,20806200.0
2008-03-10,GILD,16.97997785663806,16.97997785663806,16.046358143349362,16.130279541015625,30167200.0
2008-03-11,GILD,16.354066419648877,16.532397536660422,16.084820353662646,16.52540397644043,18323000.0
2008-03-12,GILD,16.724719308914146,17.053408679196902,16.609327550926924,16.78765869140625,16333200.0
2008-03-13,GILD,16.896058854078806,17.158311424869208,16.577859121541874,16.955503463745117,21978600.0
2008-03-14,GILD,16.84360125992778,17.116344734587422,16.259653069523683,16.626806259155273,20032200.0
2008-03-17,GILD,16.588344480374765,16.955499051036938,16.32609197783619,16.350568771362305,16471600.0
2008-03-18,GILD,16.675765211799135,16.819129887605367,16.28063899182431,16.81563377380371,15586800.0
2008-03-19,GILD,16.73870885322653,17.11285578793169,16.630311965942383,16.630311965942383,16767400.0
2008-03-20,GILD,16.882075384415742,16.945016121740252,16.45198123528882,16.934526443481445,20027000.0
2008-03-24,GILD,16.784164569775047,17.46252407427132,16.784164569775047,17.34713363647461,17605800.0
2008-03-25,GILD,17.556928496612173,17.990519837012197,17.38209351536596,17.8366641998291,22340000.0
2008-03-26,GILD,17.675823560501534,17.801705011862303,17.45902846864998,17.567426681518555,15392600.0
2008-03-27,GILD,17.665331243048737,17.77722555333225,17.42755550022492,17.47650909423828,13734800.0
2008-03-28,GILD,17.728274093602007,17.766738017496095,17.2876890266695,17.34713363647461,12998800.0
2008-03-31,GILD,17.521966630315596,18.060458833944733,17.521966630315596,18.018497467041016,18103400.0
2008-04-01,GILD,18.133889285663216,18.53251293537991,18.084935691331047,18.49055290222168,21228800.0
2008-04-02,GILD,18.570977194113127,18.602447553027993,18.07794246037054,18.147876739501953,16946000.0
2008-04-03,GILD,18.235298074772917,18.357682088475133,17.987031265156592,18.0639591217041,12268600.0
2008-04-04,GILD,18.256275586472015,18.543004961535075,18.07095086046153,18.30522918701172,10599000.0
2008-04-07,GILD,18.312216112847814,18.39264004657303,18.01849328216719,18.203819274902344,12681800.0
2008-04-08,GILD,18.06045664207326,18.4415970082706,18.04297207437599,18.140880584716797,10524400.0
2008-04-09,GILD,18.24579310551901,18.312229970467072,17.70380450399127,17.843671798706055,15714600.0
2008-04-10,GILD,17.89960991903652,18.36467173982473,17.843662762704934,18.214313507080078,12763200.0
2008-04-11,GILD,18.214312475257323,18.26326606753861,17.64434993537088,17.707290649414062,15213000.0
2008-04-14,GILD,17.777225342560257,17.994020399428507,17.51846891941915,17.756244659423828,15107800.0
2008-04-15,GILD,17.910094150228247,17.97303484401849,17.696795280592976,17.857643127441406,14110000.0
2008-04-16,GILD,17.994015755650164,18.235288880854075,17.833167894770913,18.112903594970703,15762800.0
2008-04-17,GILD,17.829673947723503,17.833170060825942,17.336639299397252,17.469512939453125,27733000.0
2008-04-18,GILD,17.833170297274442,18.14787383607455,17.51846675847434,18.098918914794922,20474200.0
2008-04-21,GILD,18.186341222276113,18.476568044075968,18.01150617315877,18.217811584472656,13815600.0
2008-04-22,GILD,18.09541888322394,18.2108106004252,17.759736070450135,17.794702529907227,11243400.0
2008-04-23,GILD,17.938072398597996,18.008006671867747,17.58840236613454,17.658336639404297,17004600.0
2008-04-24,GILD,17.668829069723515,17.983532681585864,17.49749147406498,17.840167999267578,13442800.0
2008-04-25,GILD,17.903109155897226,18.35068645128185,17.903109155897226,17.97304344177246,11633400.0
2008-04-28,GILD,17.941571309826077,18.46957251501817,17.938073862240294,18.368167877197266,13317600.0
2008-04-29,GILD,18.217809171401765,18.368167400437567,18.046471592937497,18.081438064575195,11528600.0
2008-04-30,GILD,18.18633641625215,18.36816497934941,18.004509187040107,18.098918914794922,11873000.0
2008-05-01,GILD,18.13039343938246,18.532514572143555,18.060460489237503,18.532514572143555,13072800.0
2008-05-02,GILD,18.536009312026902,18.808752866138796,18.511532514513522,18.752805709838867,12129000.0
2008-05-05,GILD,18.738817480459655,18.927639622025918,18.605942491888726,18.76679039001465,12612200.0
2008-05-06,GILD,18.76679550932849,18.983591953474065,18.598954004557715,18.931140899658203,11005400.0
2008-05-07,GILD,18.97658929143964,19.02903898622019,18.58845541419226,18.612932205200195,12796800.0
2008-05-08,GILD,18.819243929713984,19.08849005611334,18.696859933116784,18.9206485748291,12140600.0
2008-05-09,GILD,18.710844398413357,18.931136910581028,18.619930769359872,18.756301879882812,8105200.0
2008-05-12,GILD,18.675875318495304,19.060511798778236,18.619928169838055,19.05002212524414,10956800.0
2008-05-13,GILD,18.920647994590613,19.057019110584125,18.612937954729944,18.69685935974121,12710600.0
2008-05-14,GILD,18.868195563986355,18.8786865725207,18.322711140074308,18.378658294677734,11182400.0
2008-05-15,GILD,18.322709753846574,18.661888769393965,18.228298687492572,18.51502799987793,11145200.0
2008-05-16,GILD,18.563982009887695,18.689863434542186,18.30172948648594,18.563982009887695,11146200.0
2008-05-19,GILD,18.647905678747453,18.889177549505984,18.452089957192033,18.60944175720215,10270600.0
2008-05-20,GILD,18.658392206961793,18.91015504451251,18.546497908913754,18.83672332763672,9196800.0
2008-05-21,GILD,18.917148293502773,18.934632862299623,18.305225734402043,18.350683212280273,11374800.0
2008-05-22,GILD,18.459080515174406,18.878684802297176,18.43809983395843,18.77378273010254,10870000.0
2008-05-23,GILD,18.64440436381489,18.780775450909104,18.452086129864448,18.525516510009766,8896400.0
2008-05-27,GILD,18.626928743673858,18.784280575358522,18.494053715375056,18.759803771972656,9731400.0
2008-05-28,GILD,18.777282355844033,18.815746275593398,18.574473082214812,18.73182487487793,9405200.0
2008-05-29,GILD,18.857705775413148,19.4066876434819,18.777281824524426,19.354236602783203,13688400.0
2008-05-30,GILD,19.305280364562964,19.4311617778848,19.161915718032027,19.3437442779541,11622200.0
2008-06-02,GILD,19.14443089513287,19.25982262572454,18.864695185360002,19.08498764038086,12861000.0
2008-06-03,GILD,19.193383495875562,19.511583099569904,19.147926028523507,19.336748123168945,16221000.0
2008-06-04,GILD,19.266814721354766,19.87873716592991,19.25632504914813,19.66543960571289,16870600.0
2008-06-05,GILD,19.84028665081836,19.913717068673428,19.595517257415594,19.80531883239746,11013800.0
2008-06-06,GILD,19.798320554996568,19.798320554996568,19.144437845894167,19.147933959960938,13432800.0
2008-06-09,GILD,19.161914610113982,19.19688240839558,18.78776783875411,18.987079620361328,14083400.0
2008-06-10,GILD,18.857706214936027,19.14093944031672,18.7458119037972,18.948619842529297,9170800.0
2008-06-11,GILD,18.826238552384417,18.94512644172925,18.56398597299601,18.5849666595459,11584200.0
2008-06-12,GILD,18.710843015709973,18.710843015709973,18.312219388597402,18.438100814819336,12209800.0
2008-06-13,GILD,18.602451452884484,18.997579079009725,18.515033919115183,18.931140899658203,14212800.0
2008-06-16,GILD,18.696853651368166,19.130443665537296,18.5220186670356,18.997570037841797,13716400.0
2008-06-17,GILD,19.046525822077616,19.050021935259032,18.637411217819803,18.724828720092773,10111400.0
2008-06-18,GILD,18.58146312012986,18.990577703480202,18.50453529521771,18.689861297607422,11462600.0
2008-06-19,GILD,18.59195608344998,19.399694386326576,18.59195608344998,19.396198272705078,17114600.0
2008-06-20,GILD,19.37871536347715,19.37871536347715,18.8681973623274,19.133947372436523,20303800.0
2008-06-23,GILD,19.189895332075572,19.31927289471512,18.973098911139985,19.147933959960938,10814400.0
2008-06-24,GILD,19.015058302512436,19.22485980568895,18.868196183180533,19.060514450073242,11253200.0
2008-06-25,GILD,19.015055657540326,19.277308166974663,18.83672320414924,19.05002212524414,12893800.0
2008-06-26,GILD,18.88218645136805,18.980093657976177,18.51153564453125,18.51153564453125,14550400.0
2008-06-27,GILD,18.58495753377596,18.71783114835687,18.46956581524076,18.483552932739258,16102800.0
2008-06-30,GILD,18.48006019721796,18.728326927505268,18.322709753846574,18.51502799987793,14754200.0
2008-07-01,GILD,18.462575336182066,18.476562456013717,17.903103881767674,18.24228286743164,27212400.0
2008-07-02,GILD,18.4800604238791,18.4800604238791,17.819184285180615,17.9345760345459,22640600.0
2008-07-03,GILD,17.927579985163575,18.252773172376443,17.84715605005186,17.864639282226562,8688600.0
2008-07-07,GILD,17.955553372764,18.308720808062592,17.840162970199568,18.067447662353516,19215400.0
2008-07-08,GILD,17.93458356569393,18.72833502167414,17.93458356569393,18.717844009399414,23419400.0
2008-07-09,GILD,18.717841634269703,19.287804319725087,18.60245118497662,18.819246292114258,21255600.0
2008-07-10,GILD,18.819247174347776,19.396203449517586,18.819247174347776,19.08849334716797,20841000.0
2008-07-11,GILD,18.94862029933071,19.231853531539414,18.5499966395532,18.77728271484375,19446400.0
2008-07-14,GILD,18.87868437777974,19.0570154955071,18.658391898564,18.724828720092773,12577600.0
2008-07-15,GILD,18.584964401435254,19.543059628081128,18.5604876037105,19.231853485107422,20789800.0
2008-07-16,GILD,19.32976266452429,19.53956552445803,19.112967576423102,19.16541862487793,20439400.0
2008-07-17,GILD,19.47312456825962,19.553548519544524,19.06401125078181,19.371721267700195,22244000.0
2008-07-18,GILD,17.973042560998454,18.046472957320475,17.203768121840472,17.31915855407715,71193000.0
2008-07-21,GILD,17.53595463015794,17.79121362244504,17.33664279599013,17.357622146606445,35619400.0
2008-07-22,GILD,17.284192760723464,17.92758578359908,17.200271351702494,17.868141174316406,26136400.0
2008-07-23,GILD,17.983521864491404,18.689855175456206,17.924077291835324,18.427602767944336,25854600.0
2008-07-24,GILD,18.23529524860544,18.588461443329603,18.151373842297694,18.42061996459961,16253000.0
2008-07-25,GILD,18.581466839692762,19.140939737972513,18.403135695381266,19.060514450073242,18770000.0
2008-07-28,GILD,19.060506971362734,19.123447664396934,18.354174898663203,18.4171142578125,18443600.0
2008-07-29,GILD,18.598947293005338,18.899663714077953,18.591953732761183,18.875186920166016,15220000.0
2008-07-30,GILD,18.857707291439482,19.088489488073325,18.53251401428923,18.8507137298584,16192600.0
2008-07-31,GILD,18.82972944552161,19.31227443128662,18.616431860558347,18.875186920166016,16704800.0
2008-08-01,GILD,19.07100304484524,19.221361258846613,18.522021224937085,18.77378273010254,12077800.0
2008-08-04,GILD,18.931137479648662,18.969601400980157,18.61993132907269,18.826236724853516,12352200.0
2008-08-05,GILD,18.941623244718812,19.39969142455434,18.899663218239933,19.3437442779541,22677200.0
2008-08-06,GILD,19.151434324231584,19.8437810629246,19.091989704959932,19.592018127441406,17819800.0
2008-08-07,GILD,19.728385741432273,19.931195032909386,19.24584197998047,19.24584197998047,21395000.0
2008-08-08,GILD,19.47312474595663,19.94867623083764,19.396198241439095,19.85076904296875,14817200.0
2008-08-11,GILD,19.7913253667867,19.882240331679316,19.595510981883447,19.731882095336914,12877800.0
2008-08-12,GILD,19.7178962826151,20.03609601311131,19.703909158796783,19.966161727905273,12216000.0
2008-08-13,GILD,19.920700871318278,20.151483024270636,19.585016648390567,19.86475372314453,11901800.0
2008-08-14,GILD,19.777337816059575,19.871748886321754,19.581522114713714,19.82279396057129,12627400.0
2008-08-15,GILD,19.850766302301277,19.89971988947702,19.466128497276504,19.672433853149414,10969600.0
2008-08-18,GILD,19.738873135548328,19.85776099714789,19.238844894163584,19.50809097290039,12370200.0
2008-08-19,GILD,19.259825146006374,19.52557377159438,18.96959839209284,19.074499130249023,14276200.0
2008-08-20,GILD,19.256327911165595,19.424169360842974,18.927638572283055,19.098976135253906,11937800.0
2008-08-21,GILD,18.934635162353516,19.036038470712306,18.63391868335903,18.934635162353516,12951200.0
2008-08-22,GILD,19.029044098736588,19.207376577004062,18.82274004306647,18.990581512451172,9865200.0
2008-08-25,GILD,18.95561957140984,18.95561957140984,18.45209500745045,18.60594940185547,11940200.0
2008-08-26,GILD,18.5499965761344,19.011560952602515,18.5499965761344,18.843719482421875,12522400.0
2008-08-27,GILD,18.85770236160498,18.95211341744018,18.637409897989507,18.794761657714844,9546800.0
2008-08-28,GILD,18.466082134365223,18.665394024300348,18.37866459197663,18.60594940185547,11644800.0
2008-08-29,GILD,18.609442128377914,18.728330009214012,18.30173208376351,18.42061996459961,10461800.0
2008-09-02,GILD,18.008009290168886,18.34369225000844,17.43105311916267,17.581411361694336,28640800.0
2008-09-03,GILD,17.68281407031651,18.011503432443384,17.556932640685048,17.966047286987305,17941600.0
2008-09-04,GILD,17.798206236717434,17.92408633537234,17.47650909423828,17.47650909423828,16922600.0
2008-09-05,GILD,17.301672957438402,17.31216263151517,16.728214320562806,16.73171043395996,25601200.0
2008-09-08,GILD,16.871583791483314,16.90305415657415,16.16874741630221,16.458972930908203,27599600.0
2008-09-09,GILD,16.451973179366977,16.724716685516075,16.30511242011262,16.326091766357422,21424200.0
2008-09-10,GILD,16.301615338209018,16.54988205670878,16.16524424902315,16.371549606323242,17275600.0
2008-09-11,GILD,16.17923152386248,17.15131372488507,16.109297255080698,17.147817611694336,27601600.0
2008-09-12,GILD,17.280689160390278,17.37859765837068,16.770171327771653,16.82611846923828,26805600.0
2008-09-15,GILD,16.651286374176163,17.144321060724284,16.581352101739025,16.72471809387207,19326400.0
2008-09-16,GILD,16.46596240773779,17.80869542861982,16.46596240773779,17.42405891418457,28301200.0
2008-09-17,GILD,16.798151017011783,17.3121651292122,16.410017013549805,16.410017013549805,24535800.0
2008-09-18,GILD,16.822627257725863,17.02543520442337,15.151204752293715,16.49393653869629,35838400.0
2008-09-19,GILD,17.000957578628853,17.133832572063376,13.916867822368276,16.245670318603516,36342200.0
2008-09-22,GILD,16.154754074179444,16.284131599149145,15.63024908043261,15.633745193481445,13879800.0
2008-09-23,GILD,15.787597260331905,15.983411559845932,15.556815168844034,15.626748085021973,17758800.0
2008-09-24,GILD,15.794593208031074,16.35406600653074,15.665215681942447,16.326091766357422,19138200.0
2008-09-25,GILD,16.116291955535385,17.165302059821347,16.116291955535385,16.451974868774414,17316600.0
2008-09-26,GILD,16.14426443916139,17.09187122214196,16.025377911005865,17.007949829101562,19709400.0
2008-09-29,GILD,16.703738331605564,17.123342655444542,13.986801902063487,14.839996337890625,33929400.0
2008-09-30,GILD,15.840056369312041,16.084825723181062,15.441432640898391,15.955448150634766,25970200.0
2008-10-01,GILD,15.997404390042949,16.04286186890146,15.598780756368454,15.840052604675293,13240200.0
2008-10-02,GILD,15.927464426572657,16.266644672352133,15.60227129758272,15.626748085021973,15544400.0
2008-10-03,GILD,15.94495210916811,16.700239286257435,15.626752449697264,15.997403144836426,21429400.0
2008-10-06,GILD,15.69668745647151,16.308610009875675,14.273530538979502,14.644181251525879,36117200.0
2008-10-07,GILD,14.661662577194836,15.319042522457298,14.193104743957518,14.19310474395752,25868200.0
2008-10-08,GILD,13.818961180305976,14.843494581280536,13.721053988584867,14.360949516296387,28661000.0
2008-10-09,GILD,14.640682172205159,14.944896025240471,13.909871836535485,14.000786781311035,27712400.0
2008-10-10,GILD,13.490269581503709,14.40290718412548,12.448251781326709,13.10213565826416,50204200.0
2008-10-13,GILD,13.90637640105026,14.979863220661317,13.591672859779658,14.913426399230957,26735600.0
2008-10-14,GILD,15.025326240490111,15.158199932389014,14.189614824993614,14.448369979858398,27175400.0
2008-10-15,GILD,14.44137199985474,14.881956985473517,13.322427634936714,13.385368347167969,25519200.0
2008-10-16,GILD,13.70356788965643,14.567253283928716,12.937791010069917,14.4728422164917,34100200.0
2008-10-17,GILD,14.86098090958059,15.958944932772592,14.721112320406718,15.046305656433105,41084800.0
2008-10-20,GILD,15.046301384707041,16.284133645645664,15.014831027771809,16.256160736083984,21568600.0
2008-10-21,GILD,16.23518254075127,16.465964749004005,15.986917094608362,16.09181785583496,21525600.0
2008-10-22,GILD,15.759626070205766,16.532396414617057,15.50786325491389,16.249164581298828,24260800.0
2008-10-23,GILD,16.22469513965472,16.521914227117353,15.04280968494647,15.89950180053711,37808200.0
2008-10-24,GILD,14.96937584068853,15.577801001847522,14.948395156760988,15.147706985473633,25293800.0
2008-10-27,GILD,14.808527086922314,15.340025758986783,14.679149533147523,14.826011657714844,21546000.0
2008-10-28,GILD,15.186171876553978,15.710677003304259,14.79104430758082,15.654729843139648,25725400.0
2008-10-29,GILD,15.64073521311051,16.23867045050401,15.350509875884754,15.958934783935547,26928200.0
2008-10-30,GILD,16.228192856893582,16.43799442948337,15.850549759454784,16.333093643188477,25603200.0
2008-10-31,GILD,16.263157574021758,16.539397303897093,15.752639491338593,16.03237533569336,21199400.0
2008-11-03,GILD,15.997406634863815,16.780668224223614,15.94495558775267,16.542892456054688,21534400.0
2008-11-04,GILD,16.700244840680824,16.931027073385064,16.200217781393047,16.458972930908203,19987000.0
2008-11-05,GILD,16.287632273798522,16.71073273246755,15.735152930635635,15.742146492004395,18687400.0
2008-11-06,GILD,15.535840149524894,15.86452951043004,15.329534770370238,15.507865905761719,21369800.0
2008-11-07,GILD,15.535837073210077,15.923970958313307,15.451915692423528,15.749135971069336,19119800.0
2008-11-10,GILD,15.983419452164755,15.997406575860877,15.448424642700648,15.679206848144531,11653600.0
2008-11-11,GILD,15.567308913578012,15.7876013920684,15.280579613777606,15.434433937072754,17033600.0
2008-11-12,GILD,15.235123323845936,15.686197989294417,15.091758662798588,15.54283332824707,20565800.0
2008-11-13,GILD,15.465907348766217,16.591845423776892,15.315549108915022,16.53939437866211,29975600.0
2008-11-14,GILD,16.357563438443577,17.077884174360346,16.168742637590697,16.406517028808594,30148000.0
2008-11-17,GILD,16.11978535648646,16.44497854080546,16.046354981675098,16.053348541259766,16335600.0
2008-11-18,GILD,16.018390600597215,16.084827451174913,15.252612092169576,15.812085151672363,28251800.0
2008-11-19,GILD,15.437938927916509,15.90649702087433,15.060294494538919,15.105751991271973,20358600.0
2008-11-20,GILD,14.90993311893186,15.381988562759403,14.437879008989915,14.521799087524414,21918600.0
2008-11-21,GILD,14.595224857254244,15.154696265064663,13.766506083710931,14.497316360473633,31399000.0
2008-11-24,GILD,14.784050631715056,15.025323841844667,14.402910189196232,14.941402435302734,21498600.0
2008-11-25,GILD,15.242115699482513,15.647732855338104,14.86447145064185,15.434433937072754,27106600.0
2008-11-26,GILD,15.385481727684464,15.822569276766409,15.196659586348582,15.75263500213623,20480000.0
2008-11-28,GILD,15.64772934387038,15.73514682623837,15.399464014077667,15.66171646118164,5009400.0
2008-12-01,GILD,15.287578558511393,15.451922613085863,14.843497331948807,14.846993446350098,15233600.0
2008-12-02,GILD,14.986856289453936,15.504367725106981,14.94839237635047,15.416950225830078,17188200.0
2008-12-03,GILD,15.270090973200801,16.221193969053232,15.189667018975843,16.14426612854004,22621400.0
2008-12-04,GILD,15.871524954284723,16.392533968158055,15.738649948416771,15.927472114562988,16502800.0
2008-12-05,GILD,15.798089584102911,16.60582770690393,15.434432489811838,16.570859909057617,23150800.0
2008-12-08,GILD,16.735211521665924,16.787661237344523,16.053354546759337,16.319103240966797,20750000.0
2008-12-09,GILD,16.20720705178765,16.469459601712273,15.525351489091982,15.67570972442627,20420800.0
2008-12-10,GILD,15.801587359566623,16.119787017080576,15.595281999164046,15.944952011108398,14163000.0
2008-12-11,GILD,15.836551822527591,16.08132104606494,15.34701337545289,15.409954071044922,14964200.0
2008-12-12,GILD,15.235123762519008,15.812079870648073,15.053295178950364,15.745641708374023,12710000.0
2008-12-15,GILD,15.717668732329452,15.927470225011824,15.437932964124501,15.507865905761719,11386600.0
2008-12-16,GILD,15.812085267720697,16.766684656871444,15.812085267720697,16.738710403442383,28325800.0
2008-12-17,GILD,16.61981422971152,17.088372070564997,16.532396732043967,16.661775588989258,15181200.0
2008-12-18,GILD,16.658282076372704,17.403079705890487,16.623315602601547,17.05690574645996,20594800.0
2008-12-19,GILD,17.161804611698855,17.581407553672193,16.9764786006459,17.361116409301758,33040200.0
2008-12-22,GILD,17.473007591421144,17.605881210222265,17.158304107134306,17.588397979736328,17024000.0
2008-12-23,GILD,17.528962736158864,17.89961219375138,17.413570961250226,17.483505249023438,18417600.0
2008-12-24,GILD,17.58140743687633,17.82268059418193,17.417063441453116,17.64434814453125,6005000.0
2008-12-26,GILD,17.609384835835662,17.661834545698238,17.38909231953358,17.48699951171875,5257000.0
2008-12-29,GILD,17.72826523554524,17.72826523554524,17.193269350156072,17.445032119750977,8565600.0
2008-12-30,GILD,17.58490548407154,17.980031643086587,17.570918363251916,17.948562622070312,13377800.0
2008-12-31,GILD,18.001009882866665,18.273752032431513,17.843658129700376,17.882122039794922,12030600.0
2009-01-02,GILD,17.798207486947486,18.305228032460317,17.714286081397116,18.245784759521484,11256400.0
2009-01-05,GILD,18.09892048505928,18.175848319859178,17.626866469788876,17.833171844482422,15666000.0
2009-01-06,GILD,17.90660005832426,17.920587178205544,17.133829692333105,17.354122161865234,17652600.0
2009-01-07,GILD,17.130332147280296,17.48349822450589,16.836609323753194,17.035921096801758,15564800.0
2009-01-08,GILD,17.01844271382105,17.088376998901367,16.647793270500785,17.088376998901367,15022400.0
2009-01-09,GILD,17.165303545380528,17.168799659121174,16.56037449295537,16.703739166259766,13731000.0
2009-01-12,GILD,16.700238167499446,16.87507316283455,16.399523095986606,16.661775588989258,12793200.0
2009-01-13,GILD,16.70723209420357,17.270201004964786,16.66177595481572,16.92752456665039,16262600.0
2009-01-14,GILD,16.70024067146954,16.931022846559063,16.570863129011034,16.651287078857422,14689600.0
2009-01-15,GILD,16.570862426815935,16.965989932261373,16.518412722904962,16.79465103149414,16829400.0
2009-01-16,GILD,16.794653023940736,17.011449427592193,16.619817989058536,16.882070541381836,17154800.0
2009-01-20,GILD,16.822624710550397,17.154811493067882,16.504425048828125,16.504425048828125,18141000.0
2009-01-21,GILD,16.766675180602697,17.333140153525672,16.63030410692541,17.273696899414062,20986200.0
2009-01-22,GILD,16.815629849681123,17.189776631763586,16.78415949726834,17.028928756713867,14829200.0
2009-01-23,GILD,16.857589190058867,17.028928064875252,16.71422455353295,16.8715763092041,12970000.0
2009-01-26,GILD,17.060406538885402,17.273705538809256,16.749200326099086,16.9205379486084,15351800.0
2009-01-27,GILD,17.133830029648337,17.133830029648337,16.72121932222354,16.86458396911621,15283600.0
2009-01-28,GILD,17.280689976923554,17.966044159629902,17.20376348745024,17.672321319580078,30507800.0
2009-01-29,GILD,17.521965954667664,17.924085701182054,17.42405877010509,17.707290649414062,16224600.0
2009-01-30,GILD,17.721280035685492,18.116407605695564,17.70029935036164,17.752750396728516,17628800.0
2009-02-02,GILD,17.675821932143304,18.186339918844098,17.5814108523202,18.137386322021484,16475400.0
2009-02-03,GILD,18.19682917669936,18.57097601227382,17.896112729291396,18.46257781982422,16591400.0
2009-02-04,GILD,18.57447287598375,18.63042003121108,18.042974234381415,18.168855667114258,17838000.0
2009-02-05,GILD,17.987024085853044,18.34368764128032,17.672321890277335,18.263263702392578,18308000.0
2009-02-06,GILD,18.214311374322143,18.543000712547496,18.140880990338594,18.340192794799805,20649400.0
2009-02-09,GILD,18.24928088665225,18.28424869477594,17.801703613752952,18.011505126953125,13950200.0
2009-02-10,GILD,17.98702640671018,18.13039106998837,17.2002688154282,17.403078079223633,23053200.0
2009-02-11,GILD,17.65833506022961,17.65833506022961,17.19327331837847,17.469512939453125,14574400.0
2009-02-12,GILD,17.329647289087365,17.658336639404297,17.168798060401336,17.658336639404297,14046800.0
2009-02-13,GILD,17.672325584223433,17.833173495620045,17.44503950611723,17.570920944213867,11086600.0
2009-02-17,GILD,17.312159354996307,17.336637479684867,16.969482949862197,17.035921096801758,16252800.0
2009-02-18,GILD,17.119844981162828,17.43454855334372,16.917037049890418,17.340137481689453,16678800.0
2009-02-19,GILD,17.427553352936243,17.535951536242273,17.147817611694336,17.147817611694336,12473200.0
2009-02-20,GILD,17.18278874531854,17.567426661128412,16.959000091552735,17.483505249023438,22627200.0
2009-02-23,GILD,17.521965448788468,17.65833654731639,17.116348266601562,17.116348266601562,16633200.0
2009-02-24,GILD,17.116349135466237,17.68281424037009,17.04641485901117,17.60239028930664,18863400.0
2009-02-25,GILD,17.417060045147537,17.728266075709172,17.214250841388072,17.322649002075195,16422000.0
2009-02-26,GILD,17.312167568869338,17.45553226897522,16.434496128491517,16.458972930908203,24678000.0
2009-02-27,GILD,16.077827171405676,16.45896754210133,15.658222885538452,15.665216445922852,32016800.0
2009-03-02,GILD,15.39596943773801,15.703679406520692,15.263095800167111,15.479890823364258,30901000.0
2009-03-03,GILD,15.570807573183433,15.885511165350323,15.490383618270883,15.742146492004395,24540400.0
2009-03-04,GILD,15.843554070264592,16.084825979762176,15.59528726421514,15.864533424377441,17410000.0
2009-03-05,GILD,15.630249847578577,15.84704488214657,15.280579834585254,15.308552742004395,23159000.0
2009-03-06,GILD,15.368000560312046,15.598782763924385,15.196661631108169,15.3889799118042,24313400.0
2009-03-09,GILD,15.378489677967506,15.633748671647604,15.245614676502019,15.284078598022461,16422000.0
2009-03-10,GILD,15.451919847990343,15.56731161086913,15.266595138514607,15.563814163208008,21678200.0
2009-03-11,GILD,15.598782164109178,15.822570797323683,15.32254248641013,15.399470329284668,22299800.0
2009-03-12,GILD,14.371434628441406,15.602273031092132,14.203593209973356,15.535836219787598,39388000.0
2009-03-13,GILD,15.588293307985365,15.899499475772092,15.476397651612137,15.885512351989746,20398000.0
2009-03-16,GILD,15.89250752324833,16.01838898226585,15.29806804115764,15.451922416687012,19101400.0
2009-03-17,GILD,15.626752546610605,16.158251131397133,15.472898219653421,16.119787216186523,17355400.0
2009-03-18,GILD,16.119786269317178,16.151256622287733,15.581295489655124,15.784103393554688,18901400.0
2009-03-19,GILD,15.958945004682958,15.958945004682958,15.32604290383938,15.490386962890625,15390600.0
2009-03-20,GILD,15.749141185077871,15.868029069118938,15.385483971083373,15.493882179260254,26965600.0
2009-03-23,GILD,15.654726484558672,16.119786903548917,15.595281889326476,15.972926139831543,18725400.0
2009-03-24,GILD,15.979918582947791,16.025376054490383,15.378485781841665,15.581295013427734,22756000.0
2009-03-25,GILD,15.39247183824347,15.791095380231269,15.112736136312122,15.343518257141113,20071800.0
2009-03-26,GILD,15.462409517195988,15.602276732155175,15.095254909950443,15.364500999450684,20103800.0
2009-03-27,GILD,15.455419733460605,15.8785202629816,15.420451920761145,15.514863014221191,14909000.0
2009-03-30,GILD,15.354017257987003,15.958946497798232,15.25261258758591,15.951952934265137,23079800.0
2009-03-31,GILD,15.997406374382233,16.39952750532528,15.899499177513531,16.196718215942383,19736000.0
2009-04-01,GILD,15.770123357984001,15.909991952660604,15.497381065638983,15.798097610473633,26787000.0
2009-04-02,GILD,16.084821712403066,16.116292069108834,15.511363064773827,15.630250930786133,21809600.0
2009-04-03,GILD,16.89255768299756,16.91353702869355,16.09530919942116,16.4274959564209,30236600.0
2009-04-06,GILD,16.389034813289914,16.941514130642776,16.312108309598216,16.91353988647461,23090800.0
2009-04-07,GILD,16.67226782237232,16.871579640953584,16.455472768349523,16.584850311279297,16538200.0
2009-04-08,GILD,16.612819932588096,16.777165247753025,16.31560098726247,16.570859909057617,12093800.0
2009-04-09,GILD,16.644296053665347,16.857595025872833,16.427500967403805,16.654787063598633,13021000.0
2009-04-13,GILD,16.57785769952539,16.857593484262846,16.55687701546304,16.61981773376465,9484800.0
2009-04-14,GILD,16.521910498046534,16.71422876616734,16.0918164800684,16.312108993530273,16937600.0
2009-04-15,GILD,16.098812620929394,16.172243025887354,15.263101248797136,15.574307441711426,28958200.0
2009-04-16,GILD,15.567309742024731,15.861032617681246,15.381985054797092,15.682700157165527,22158600.0
2009-04-17,GILD,15.665211989250764,15.822563718420875,15.32952918961111,15.626748085021973,20879600.0
2009-04-20,GILD,15.441427663099896,15.773614440987282,15.207149395529099,15.30505657196045,15580600.0
2009-04-21,GILD,15.291075706481935,15.521857955251402,15.228134971918827,15.291075706481934,14222400.0
2009-04-22,GILD,16.165244999428054,16.6897500338049,16.074331380378926,16.1617488861084,29239000.0
2009-04-23,GILD,16.119791046021266,16.24567249520537,15.707180222089184,16.04985809326172,18046400.0
2009-04-24,GILD,15.997407432163145,16.12678499856371,15.882015656321796,16.014890670776367,12592400.0
2009-04-27,GILD,16.668771329358023,16.74919661798764,16.329592273938733,16.61981773376465,24713200.0
2009-04-28,GILD,16.752694860050145,16.864589188160622,16.61632373103335,16.644296646118164,14974000.0
2009-04-29,GILD,16.78766271601056,16.854100895828534,16.32609824117893,16.420509338378906,13863000.0
2009-04-30,GILD,16.563872633322266,16.602336558602715,15.770121328534454,16.014890670776367,23699800.0
2009-05-01,GILD,16.067341077873156,16.067341077873156,15.549829499083662,15.668717384338379,11638400.0
2009-05-04,GILD,15.770123508247288,15.889011414689472,15.542838707089382,15.700190544128418,13826200.0
2009-05-05,GILD,15.731658570041878,15.731658570041878,15.455418867676075,15.567313194274902,13457800.0
2009-05-06,GILD,15.588294747974222,15.60577798737442,15.186173572341323,15.395975112915039,16888600.0
2009-05-07,GILD,15.458914413826975,15.955446637015935,15.361007215121633,15.885512351989746,24887800.0
2009-05-08,GILD,15.619762115416538,15.819075291790647,15.277085590894307,15.3889799118042,24929200.0
2009-05-11,GILD,15.374997129672135,15.710680158066168,15.284082142470137,15.612772941589355,14807800.0
2009-05-12,GILD,15.689697887518843,15.759632178191701,15.423949183624757,15.574307441711426,13142600.0
2009-05-13,GILD,15.40996449478989,15.735157864023918,15.385487689267832,15.52535629272461,12885800.0
2009-05-14,GILD,15.47289896058132,15.801588311409644,15.392475013055835,15.455415725708008,12404000.0
2009-05-15,GILD,15.392480100426225,15.448427270843116,15.158200407259034,15.29806900024414,13385400.0
2009-05-18,GILD,15.263093407310734,15.280576637525446,15.039303525353567,15.161688804626465,17299000.0
2009-05-19,GILD,15.088259321230856,15.098748993197152,14.721104795790014,14.927410125732422,20013000.0
2009-05-20,GILD,15.039306493878975,15.10224720218342,14.710617165755378,14.79803466796875,18052000.0
2009-05-21,GILD,14.89593806882383,15.063780804359466,14.773554130292522,14.881952285766602,19695400.0
2009-05-22,GILD,14.871464724821811,15.018326818952326,14.749080757950713,14.801531791687012,10906000.0
2009-05-26,GILD,14.686139526478147,15.018326282544564,14.50081485929679,14.850484848022461,15754000.0
2009-05-27,GILD,14.934401139670593,14.941394697751194,14.444864078991785,14.490320205688477,17053400.0
2009-05-28,GILD,14.525296630506915,14.850489938196294,14.451866227837858,14.693138122558594,14688200.0
2009-05-29,GILD,14.686141390210265,15.09875213597938,14.486829578053952,15.070777893066406,18547400.0
2009-06-01,GILD,15.08826883337582,15.259606474972438,14.82951231270316,14.95539379119873,14789600.0
2009-06-02,GILD,14.826008004482373,15.186167664786677,14.78404664558244,15.067279815673828,15986600.0
2009-06-03,GILD,15.070774192409083,15.784101204907252,14.983356705599553,15.64073657989502,23853600.0
2009-06-04,GILD,15.62674752230802,15.909980624615091,15.62674752230802,15.707171440124512,14810800.0
2009-06-05,GILD,15.766625197112516,15.875023410612833,15.486889377950277,15.58829402923584,13303600.0
2009-06-08,GILD,15.409958757109628,15.766622362628489,15.409958757109628,15.5568208694458,11461000.0
2009-06-09,GILD,15.525353303188636,15.658226983612197,15.472902253520765,15.58829402923584,12062800.0
2009-06-10,GILD,15.511363144143028,15.668714928477009,15.228129932341863,15.483388900756836,14655600.0
2009-06-11,GILD,15.39247913542078,15.693195657765816,15.39247913542078,15.451922416687012,16879200.0
2009-06-12,GILD,15.385485780999868,15.81208376813465,15.361008978513679,15.7141752243042,19583800.0
2009-06-15,GILD,15.735155569831363,15.735155569831363,15.287578238244016,15.361008644104004,15110600.0
2009-06-16,GILD,15.409961635961386,15.637247740941476,15.361008033999056,15.441431999206543,13666200.0
2009-06-17,GILD,15.507867077637584,16.081327113148824,15.441430244507682,15.920477867126465,18863400.0
2009-06-18,GILD,16.000902365879355,16.417010617158276,15.850545457789613,16.259658813476562,18400800.0
2009-06-19,GILD,16.43449279738595,16.71772602579497,16.305115248851894,16.441486358642578,21652400.0
2009-06-22,GILD,16.27714217535389,16.33658678337097,16.03587029711937,16.196718215942383,14520600.0
2009-06-23,GILD,16.217692284604528,16.46246151079898,16.161745147235937,16.31559944152832,13971000.0
2009-06-24,GILD,16.291122277800287,16.399520437534772,16.07082984590082,16.2701416015625,14614800.0
2009-06-25,GILD,16.130278319351522,16.777167319719975,16.063840162181013,16.74220085144043,17494600.0
2009-06-26,GILD,16.458965989926742,16.689748125306853,16.458965989926742,16.616317749023438,14399800.0
2009-06-29,GILD,16.595341744350762,16.665276027413086,16.266652348009,16.563871383666992,9716000.0
2009-06-30,GILD,16.479946560928408,16.609324080276412,16.31210513028867,16.378541946411133,17196600.0
2009-07-01,GILD,16.38204181846279,16.640798250420243,16.34357923223024,16.375049591064453,12284600.0
2009-07-02,GILD,16.26315573339526,16.32959390595663,16.04985809326172,16.04985809326172,13800000.0
2009-07-06,GILD,16.077827088011997,16.172238151883818,15.822568137789034,15.997403144836426,13701600.0
2009-07-07,GILD,15.969433366778627,16.011394740595264,15.798095758960368,15.801591873168945,14383400.0
2009-07-08,GILD,15.993901988445462,16.025372333146247,15.651224308865874,15.707171440124512,17053200.0
2009-07-09,GILD,15.689692339459034,15.717666579390416,15.52534834846028,15.633745193481445,12122000.0
2009-07-10,GILD,15.60577819728039,15.724666094240778,15.511367102586638,15.539340019226074,12000800.0
2009-07-13,GILD,15.549828981304756,15.847048017601963,15.434437213920932,15.83655834197998,13291600.0
2009-07-14,GILD,15.857533399074361,15.955441902613194,15.647731940134989,15.703679084777832,11818600.0
2009-07-15,GILD,15.871526658714668,16.09881277206379,15.703685159855514,16.02188491821289,16626400.0
2009-07-16,GILD,16.049857110049295,16.511421506191912,16.01838674968114,16.389036178588867,17973400.0
2009-07-17,GILD,16.78416135841819,16.95899637256838,16.66527349544065,16.72471809387207,24741600.0
2009-07-20,GILD,16.724716610335143,16.83661090275505,16.500926691610143,16.773670196533203,14780600.0
2009-07-21,GILD,16.749195754205907,16.990467605995686,16.64779112062897,16.97648048400879,18786000.0
2009-07-22,GILD,16.22819038013956,16.78416592992371,16.224694265813852,16.735212326049805,25395400.0
2009-07-23,GILD,16.700243978271264,17.10586125522593,16.644296813652883,16.903053283691406,22720600.0
2009-07-24,GILD,16.80165140536461,16.983480053870323,16.67576993071559,16.934526443481445,12666000.0
2009-07-27,GILD,16.983473281470502,17.133831501356497,16.913539008565454,17.116348266601562,11362800.0
2009-07-28,GILD,17.133832514307418,17.42056184967275,17.06389823726786,17.38909149169922,15495400.0
2009-07-29,GILD,17.27370000786726,17.469514370893524,17.27020256059304,17.417064666748047,10812200.0
2009-07-30,GILD,17.417061428794845,17.483498241915505,17.26670323720357,17.336637496948242,14443000.0
2009-07-31,GILD,17.44853241695419,17.44853241695419,17.091868879712266,17.109352111816406,9645200.0
2009-08-03,GILD,17.189782818529572,17.329651398234233,17.00096063609397,17.23174285888672,9856800.0
2009-08-04,GILD,17.102361030816123,17.17579141662673,16.56736631435984,16.72471809387207,17985800.0
2009-08-05,GILD,16.717722254472648,16.752688718982338,16.322594802864554,16.378541946411133,18380400.0
2009-08-06,GILD,16.396024185113113,16.465958443779797,15.882008917880777,15.892499923706055,20570600.0
2009-08-07,GILD,16.203707598278346,16.259654744042223,15.944951215442178,16.000898361206055,15886200.0
2009-08-10,GILD,16.060344905172077,16.179232771100466,15.923973804171787,16.084821701049805,12255800.0
2009-08-11,GILD,15.944951155583798,16.16524362477684,15.815573631593992,15.962435722351074,12465200.0
2009-08-12,GILD,16.04636246138253,16.259661459542325,15.927474560796037,16.03237533569336,15619200.0
2009-08-13,GILD,16.08132902973737,16.08132902973737,15.72816146981826,15.801591873168945,12510800.0
2009-08-14,GILD,15.742149150003202,15.752638826884757,15.4239493903679,15.717672348022461,15439600.0
2009-08-17,GILD,15.43793195799254,15.65822311078645,15.41345516323766,15.469402313232422,13408000.0
2009-08-18,GILD,15.602273349204005,15.612764355118111,15.395968018027263,15.4973726272583,12250200.0
2009-08-19,GILD,15.392480690516726,15.843555519606182,15.319050276633087,15.812085151672363,13706600.0
2009-08-20,GILD,15.885511037141779,16.19671717916989,15.773616723915614,16.07433319091797,19089400.0
2009-08-21,GILD,16.221191783874882,16.38903323102362,16.067337457459853,16.116291046142578,15992000.0
2009-08-24,GILD,16.137272740150838,16.147762414416913,15.930967364977613,16.084821701049805,11931200.0
2009-08-25,GILD,16.025376637447373,16.35406595513986,15.986912724272525,16.172237396240234,11591600.0
2009-08-26,GILD,16.165246963500977,16.280638725348883,16.105803692647527,16.165246963500977,10018800.0
2009-08-27,GILD,16.0883217613387,16.140772813307166,15.822573054949789,16.02188491821289,11176800.0
2009-08-28,GILD,16.0918159471129,16.1722398989767,15.68270129280487,15.822569847106934,11889200.0
2009-08-31,GILD,15.731659139090732,15.87502383359915,15.633750599360997,15.756135940551758,12868600.0
2009-09-01,GILD,15.693190046378403,16.102303308013727,15.623255779276539,15.77711009979248,15039400.0
2009-09-02,GILD,15.801590533430865,15.997406259649399,15.710676898974175,15.83655834197998,12831800.0
2009-09-03,GILD,15.976422900145083,15.99740358176249,15.73515106402868,15.89599895477295,9687800.0
2009-09-04,GILD,15.878516681902203,16.186226694831344,15.878516681902203,16.130279541015625,9445200.0
2009-09-08,GILD,16.224691358177157,16.396028941030313,16.067339564006097,16.375049591064453,13122200.0
2009-09-09,GILD,16.378545578184564,16.61981743812527,16.336585544691705,16.507923126220703,15506400.0
2009-09-10,GILD,16.717722032900607,16.724715592486877,16.098806015309137,16.203706741333008,19429800.0
2009-09-11,GILD,16.245668635462973,16.28762999781196,15.997403244048453,16.119787216186523,14806400.0
2009-09-14,GILD,16.09181052213861,16.33308229639092,16.049850503547976,16.2701416015625,10939600.0
2009-09-15,GILD,16.26665112753238,16.392532560822655,16.112796783447266,16.112796783447266,12892600.0
2009-09-16,GILD,16.207205926488452,16.301616997972417,16.053351588080517,16.193220138549805,11154800.0
2009-09-17,GILD,16.22818518668834,16.284132335194748,15.9029919691557,16.02537727355957,17634000.0
2009-09-18,GILD,16.1547540124706,16.168741132382863,15.840050483870552,16.000898361206055,18124000.0
2009-09-21,GILD,16.03586864850002,16.34707477845428,16.02537897388123,16.30511474609375,10566600.0
2009-09-22,GILD,16.217697052220522,16.322597798889326,16.08132594816254,16.130279541015625,13609000.0
2009-09-23,GILD,16.172239480835344,16.259656991542563,15.997404459420908,16.042861938476562,10897000.0
2009-09-24,GILD,16.004397752610796,16.200213453517947,15.909986682560133,16.084821701049805,11423600.0
2009-09-25,GILD,16.046354561427446,16.350567059025238,15.997400979501947,16.154752731323242,13000400.0
2009-09-28,GILD,16.109292217548195,16.605824170131783,16.08481543121148,16.462459564208984,11882400.0
2009-09-29,GILD,16.437987345745306,16.472955148698592,16.133774796420813,16.252662658691406,10753200.0
2009-09-30,GILD,16.277142050799974,16.322599534949248,16.049857297824616,16.259658813476562,13156000.0
2009-10-01,GILD,16.203709767772686,16.26315303453083,15.840052604675293,15.840052604675293,16157000.0
2009-10-02,GILD,15.840053837476509,15.913484231734579,15.546330926558772,15.563814163208008,20574000.0
2009-10-05,GILD,15.703680934956354,15.84005203272245,15.549826602532994,15.735151290893555,14510400.0
2009-10-06,GILD,15.777110869489313,16.014886588904577,15.609269420587701,15.986913681030273,13891000.0
2009-10-07,GILD,15.927468830892584,15.993906987072164,15.759627384660648,15.843548774719238,9863600.0
2009-10-08,GILD,15.902998806877944,15.92397949679576,15.745646967208854,15.812085151672363,10748800.0
2009-10-09,GILD,15.822569369386743,15.864529400856334,15.738647972562209,15.840052604675293,9356800.0
2009-10-12,GILD,15.916985515783011,15.962443009135773,15.75264011712087,15.798097610473633,10038200.0
2009-10-13,GILD,15.815573741762204,15.951944826631822,15.784103388801125,15.93446159362793,12286800.0
2009-10-14,GILD,16.007897183698123,16.17923612423744,15.902996417640768,16.10230827331543,12807200.0
2009-10-15,GILD,16.09880936398351,16.326094095331324,16.09880936398351,16.30511474609375,19572400.0
2009-10-16,GILD,16.25616177559806,16.263154003021594,16.06384217431508,16.14426612854004,11598800.0
2009-10-19,GILD,16.189720986513553,16.437986370265254,16.10929704532153,16.368053436279297,15000200.0
2009-10-20,GILD,16.263150638876365,16.31560167090103,16.011389153259362,16.126779556274414,17391600.0
2009-10-21,GILD,15.829562340260308,15.864528809534097,15.31554697184676,15.850543022155762,47581200.0
2009-10-22,GILD,15.591788348213052,15.766623381795219,15.553324427403304,15.595284461975098,30685600.0
2009-10-23,GILD,15.441427818320372,15.591786031571514,15.29106960506923,15.326037406921387,29558600.0
2009-10-26,GILD,15.392471130422232,15.472895057661393,14.993847606765096,15.186165809631348,18314600.0
2009-10-27,GILD,15.186171296430192,15.385483130270588,15.00084658556801,15.077773094177246,14408600.0
2009-10-28,GILD,15.067286299741859,15.21065100296611,14.853987302140618,14.888955116271973,15707600.0
2009-10-29,GILD,14.913432030641788,15.035816046301578,14.794544129478393,15.014835357666016,16084000.0
2009-10-30,GILD,15.00433654948584,15.137211495545971,14.853978373811595,14.87845516204834,25506800.0
2009-11-02,GILD,15.021824322866557,15.088262482935141,14.82600995774312,14.920419692993164,14942800.0
2009-11-03,GILD,14.836496652101738,15.395968059924703,14.836496652101738,15.315544128417969,22102400.0
2009-11-04,GILD,15.427442461920025,15.490383178566793,15.235124198337306,15.340024948120117,14806600.0
2009-11-05,GILD,15.40646120533323,15.937959783515767,15.367997290600544,15.909985542297363,27356600.0
2009-11-06,GILD,15.906492592083955,16.298122709820355,15.875022231398008,16.175737380981445,17304600.0
2009-11-09,GILD,16.235175242501892,16.287626266479492,16.039359598055132,16.287626266479492,19425000.0
2009-11-10,GILD,16.161748079696213,16.483443844464297,16.11629060549717,16.368053436279297,15565000.0
2009-11-11,GILD,16.504430624193404,16.595344272303358,16.347078796805302,16.483449935913086,12273200.0
2009-11-12,GILD,16.542892501972837,16.588348653450765,16.343580656614115,16.392534255981445,10551800.0
2009-11-13,GILD,16.35756379932244,16.528902703265356,16.31909988207697,16.451974868774414,10389600.0
2009-11-16,GILD,16.525405710115653,16.61981678216236,16.41001528909325,16.584850311279297,13644000.0
2009-11-17,GILD,16.535894970632217,16.609325352056224,16.441483908564827,16.6058292388916,7468600.0
2009-11-18,GILD,16.528907696548103,16.535901259422296,16.200218244775463,16.357568740844727,12885200.0
2009-11-19,GILD,16.172241974724106,16.315606661036508,16.049857974415552,16.266653060913086,10877000.0
2009-11-20,GILD,16.18622493911499,16.30860890797274,16.098807437392253,16.22119140625,9872600.0
2009-11-23,GILD,16.41001346707784,16.47994773496448,16.273642378335758,16.437986373901367,9696400.0
2009-11-24,GILD,16.47995395537995,16.563874041411673,16.284138198163067,16.420509338378906,8719800.0
2009-11-25,GILD,16.451972748989654,16.47644954155841,16.336582346006256,16.4274959564209,5275800.0
2009-11-27,GILD,16.084818267286884,16.39252820762714,16.004394336016656,16.2806339263916,4503400.0
2009-11-30,GILD,16.245669270501125,16.2771396265504,16.060344581480543,16.1232852935791,14544600.0
2009-12-01,GILD,16.011392440004098,16.301617897497312,15.958941397212524,16.22469139099121,18633800.0
2009-12-02,GILD,16.24567305916622,16.368058398515124,16.196719456980905,16.27364730834961,11494600.0
2009-12-03,GILD,16.228188426753192,16.434493828164292,16.14776446808588,16.175737380981445,14797200.0
2009-12-04,GILD,16.29462618001981,16.43799086813575,16.203712540630555,16.29113006591797,9625200.0
2009-12-07,GILD,16.259660442840378,16.403025137475588,16.231686193211242,16.301620483398438,7998000.0
2009-12-08,GILD,16.133773116136712,16.25266096602549,16.053349178548004,16.126779556274414,11028800.0
2009-12-09,GILD,16.140768853611085,16.151258527877157,15.868026651610505,16.084821701049805,9364400.0
2009-12-10,GILD,16.102300702695043,16.32608925410433,16.074327800711373,16.186222076416016,15105000.0
2009-12-11,GILD,16.140770101346096,16.333088369774508,16.140770101346096,16.2316837310791,7782200.0
2009-12-14,GILD,16.242178155147208,16.497437195479417,16.242178155147208,16.420509338378906,10289600.0
2009-12-15,GILD,16.049854135816144,16.182727780404814,15.675707328487302,15.843548774719238,29395800.0
2009-12-16,GILD,15.86802585465992,15.895998762592992,15.018327600764259,15.11623477935791,46600200.0
2009-12-17,GILD,15.056798379660627,15.19316953597391,14.937910465510557,15.105751991271973,21901600.0
2009-12-18,GILD,15.214139436032204,15.23162400121303,14.899437271053015,14.976365089416504,31328400.0
2009-12-21,GILD,15.04629839737091,15.242114060966237,15.035808725103598,15.091755867004395,15738600.0
2009-12-22,GILD,15.1547031501149,15.298067846867259,15.077775296384385,15.119736671447754,11745200.0
2009-12-23,GILD,15.133717704002885,15.16518805846218,15.014829846477243,15.039306640625,10613400.0
2009-12-24,GILD,15.039306583780988,15.063784711721466,14.948392967845118,15.035810470581055,4028200.0
2009-12-28,GILD,15.088259759526707,15.186166924416328,15.000842266908093,15.12672233581543,8706600.0
2009-12-29,GILD,15.154695883251673,15.26309404935863,15.0882590720871,15.200153350830078,8677200.0
2009-12-30,GILD,15.200153734129193,15.378484828533683,15.154696265404498,15.315544128417969,10163400.0
2009-12-31,GILD,15.378483843816031,15.378483843816031,15.12322494697377,15.130218505859375,10998800.0
2010-01-04,GILD,15.172184051216128,15.287575814028518,15.067283297495607,15.140713691711426,16809000.0
2010-01-05,GILD,15.161690133193922,15.17917336494063,14.930908006036187,15.12672233581543,20788200.0
2010-01-06,GILD,15.38548309912631,15.738649283355741,15.249111985078454,15.65123176574707,32750400.0
2010-01-07,GILD,15.647735324191038,15.787603882989378,15.581298492398815,15.689695358276367,20892600.0
2010-01-08,GILD,15.721168251627347,15.770121854932654,15.472902786930064,15.574307441711426,17618400.0
2010-01-11,GILD,15.521852680411643,15.745641289969338,15.490382323824758,15.696687698364258,17399000.0
2010-01-12,GILD,15.735155587453608,15.756136275102387,15.570810202252346,15.717672348022461,13968600.0
2010-01-13,GILD,15.787604466456088,16.03936601415791,15.693193385860848,15.913484573364258,17846200.0
2010-01-14,GILD,16.049854618863368,16.081324974346835,15.805085335534752,15.89599895477295,16884800.0
2010-01-15,GILD,15.829564179853739,16.08132705631597,15.65822525917573,15.91698169708252,19067400.0
2010-01-19,GILD,16.000895474621665,16.294618270365305,15.990405803522405,16.182723999023438,20906400.0
2010-01-20,GILD,16.189725800677497,16.207209039372785,15.889009293130291,16.10230827331543,15961200.0
2010-01-21,GILD,16.16874375328504,16.25965737968121,15.80158913244199,16.00789451599121,24302200.0
2010-01-22,GILD,16.109299335919534,16.23168332168208,15.962438553004482,16.112796783447266,22095000.0
2010-01-25,GILD,16.210708411023546,16.228191651793416,15.972932601673142,15.98342227935791,20666200.0
2010-01-26,GILD,15.941458230559205,15.944954344280717,15.626754640205657,15.689695358276367,20806200.0
2010-01-27,GILD,16.462466189277237,16.896056293634814,16.389034466830815,16.79814910888672,56743600.0
2010-01-28,GILD,16.514916299184783,16.76667916199382,16.399525876320894,16.612823486328125,27932400.0
2010-01-29,GILD,16.640802378937746,16.95900215992314,16.60933201229586,16.878578186035156,25100600.0
2010-02-01,GILD,16.868082059138455,16.90654464020771,16.65128569010132,16.717723846435547,18501800.0
2010-02-02,GILD,16.661778860763903,16.979978561401367,16.605831704626063,16.979978561401367,20596800.0
2010-02-03,GILD,16.861093505294413,16.889066421094782,16.490442700268577,16.62331771850586,27632000.0
2010-02-04,GILD,16.58134999894934,16.595337118440025,16.214196782572106,16.249164581298828,23467600.0
2010-02-05,GILD,16.22119516487282,16.385540533035407,15.89250576243318,16.21769905090332,28918200.0
2010-02-08,GILD,16.189721429166667,16.252662138583098,15.969428946209153,16.116291046142578,15454800.0
2010-02-09,GILD,16.284133128967355,16.434491348011047,16.102304553986954,16.189722061157227,18992000.0
2010-02-10,GILD,16.238677213158347,16.361062535295698,15.976424666431003,16.07433319091797,22741600.0
2010-02-11,GILD,16.01838333525494,16.462464399619822,15.941455507667024,16.350568771362305,22954200.0
2010-02-12,GILD,16.22818490412666,16.472954174787294,16.15825063624002,16.437986373901367,19065200.0
2010-02-16,GILD,16.77717017850095,16.798150863374882,16.189724340885714,16.389036178588867,26284000.0
2010-02-17,GILD,16.420504687745474,17.13383188641439,16.41351112690927,17.01144790649414,35693800.0
2010-02-18,GILD,17.046417941465958,17.30867052518082,17.01494757806475,17.291187286376953,25876400.0
2010-02-19,GILD,17.168804049362357,17.287691955226784,17.05690970665299,17.077890396118164,23377800.0
2010-02-22,GILD,16.976479123460972,17.063896628045104,16.65128589969719,16.74220085144043,27884200.0
2010-02-23,GILD,16.78416514683,16.81913162399832,16.53589969083235,16.5568790435791,20081400.0
2010-02-24,GILD,16.651291320185408,16.777172781186337,16.535900870191686,16.630311965942383,18946400.0
2010-02-25,GILD,16.434489514088348,16.59883483607248,16.294620984669706,16.57785415649414,23808400.0
2010-02-26,GILD,16.612825007633493,16.672269615189386,16.4589706517641,16.64779281616211,18997200.0
2010-03-01,GILD,16.780666284124408,16.836613438761372,16.570863453821747,16.612823486328125,18722400.0
2010-03-02,GILD,16.51841694995459,16.630311280927366,16.43099942051426,16.62331771850586,15558400.0
2010-03-03,GILD,16.542892591305364,16.668772704407314,16.521911905512265,16.633806228637695,17649400.0
2010-03-04,GILD,16.563867887494165,16.577855007931436,16.340079296038695,16.45547103881836,19900000.0
2010-03-05,GILD,16.410017053709545,16.661779939573556,16.406519605913928,16.64779281616211,16142200.0
2010-03-08,GILD,16.577854909674645,16.623312383883746,16.35056887251437,16.437986373901367,14617400.0
2010-03-09,GILD,16.36455410235012,16.69324472327971,16.36455410235012,16.588342666625977,14542000.0
2010-03-10,GILD,16.60932605560938,16.696743561165217,16.521908550053542,16.532398223876953,12711200.0
2010-03-11,GILD,16.472951258057446,16.54638162608836,16.305109845178933,16.469453811645508,18272600.0
2010-03-12,GILD,16.69674398441042,16.69674398441042,16.41700822631778,16.58135223388672,16998400.0
2010-03-15,GILD,16.598834516653834,16.693245572111852,16.500926014390817,16.616317749023438,12463000.0
2010-03-16,GILD,16.62331560457215,16.64429495528314,16.511421287828618,16.598838806152344,10754000.0
2010-03-17,GILD,16.6407973727827,16.6407973727827,16.399525523702067,16.497432708740234,15564400.0
2010-03-18,GILD,16.55337932502011,16.60932647663864,16.427497900407094,16.58135223388672,11149200.0
2010-03-19,GILD,16.67576966711281,16.784167898321698,16.399531250872823,16.738710403442383,38567800.0
2010-03-22,GILD,16.756189317867584,17.01144964589041,16.71073316861243,16.83661460876465,14699000.0
2010-03-23,GILD,16.931021336018308,16.93801489632257,16.5848487712113,16.700239181518555,17343600.0
2010-03-24,GILD,16.595341481253165,16.703739684975528,16.46946004051377,16.535898208618164,14502400.0
2010-03-25,GILD,16.563865837900206,16.609323306753875,16.000896981870728,16.06733512878418,40254200.0
2010-03-26,GILD,16.165240443086752,16.207200460522152,15.728153037637018,15.854034423828125,23744600.0
2010-03-29,GILD,15.854039795216485,16.161749806393793,15.850543681697753,16.042861938476562,14648600.0
2010-03-30,GILD,16.10929701692719,16.133773810556175,15.840050953123148,15.94844913482666,15933800.0
2010-03-31,GILD,15.965938647389086,15.997409013558073,15.850548194026628,15.89950180053711,14102400.0
2010-04-01,GILD,15.916974767421497,16.091809725762396,15.833053400508522,15.958934783935547,11188600.0
2010-04-05,GILD,16.095308350597065,16.151255492644452,15.878513341899076,16.028871536254883,12673800.0
2010-04-06,GILD,15.923975582687383,16.007895653959498,15.882014213165844,15.913484573364258,11472200.0
2010-04-07,GILD,15.972923854312977,15.972923854312977,15.808578546529025,15.892499923706055,11920000.0
2010-04-08,GILD,15.90999058564012,16.07433597018135,15.770122002981326,16.02188491821289,15041600.0
2010-04-09,GILD,16.018388118830373,16.070837834670037,15.913486019379837,16.014890670776367,14091600.0
2010-04-12,GILD,16.018386417878737,16.123287172304526,15.979922496682674,16.039365768432617,12800000.0
2010-04-13,GILD,16.063843945495414,16.298123606578148,16.000903220660383,16.20720863342285,24087200.0
2010-04-14,GILD,16.060343155319714,16.301614974349004,16.01488568197732,16.10580062866211,16827400.0
2010-04-15,GILD,16.06384191362986,16.147763314090135,15.805086818824384,15.847046852111816,17586200.0
2010-04-16,GILD,15.83306111807895,16.04286397068397,15.822571442308632,15.979923248291016,18808200.0
2010-04-19,GILD,15.993906974792482,16.074330917682374,15.80508484771956,15.99390697479248,14048800.0
2010-04-20,GILD,15.965931736606871,16.077826027022383,15.651228211135022,15.759626388549805,27776200.0
2010-04-21,GILD,14.679147997222456,14.860976576578599,13.951835013683219,14.25255012512207,146440000.0
2010-04-22,GILD,14.353952616918876,14.553264401650372,14.151144719246977,14.19310474395752,80492800.0
2010-04-23,GILD,14.329472756680588,14.60221485973159,14.28751274095386,14.570744514465332,41925200.0
2010-04-26,GILD,14.528792708170307,14.546275946778202,14.172129038249729,14.18262004852295,30009600.0
2010-04-27,GILD,14.318988734380921,14.388923010767783,14.056736198344222,14.116179466247559,35050800.0
2010-04-28,GILD,14.112682647003439,14.29101377568178,14.07072261682359,14.224576950073242,27811600.0
2010-04-29,GILD,14.252549975295612,14.364445613164552,14.098695640789462,14.126669883728027,33514600.0
2010-04-30,GILD,14.360948424846834,14.371438099195311,13.829449804396672,13.885396957397461,40693800.0
2010-05-03,GILD,13.871412213663003,14.028764025291835,13.829452175190506,13.90288257598877,25135400.0
2010-05-04,GILD,13.763011743252907,13.81546144417875,13.434321081689294,13.472784996032715,41827800.0
2010-05-05,GILD,13.455304058490006,14.116180273682453,13.381873664332055,14.060233116149902,50234200.0
2010-05-06,GILD,13.902883121684843,14.074222064158183,13.290960423243183,13.700075149536133,39024000.0
2010-05-07,GILD,13.640629190347648,13.749027395000404,13.315437244160362,13.416840553283691,38054400.0
2010-05-10,GILD,13.50076163313706,13.913372422967921,13.301449799696698,13.420337677001953,38259200.0
2010-05-11,GILD,13.612652204653505,14.077712576799087,13.542717943024481,13.728042602539062,30899800.0
2010-05-12,GILD,13.843435643215898,14.063728121316341,13.759514254549225,14.039251327514648,27321400.0
2010-05-13,GILD,14.053239934686024,14.10918709373124,13.787491262692617,13.801478385925293,19181200.0
2010-05-14,GILD,13.811965015953472,13.88889284288559,13.130108248388856,13.210532188415527,55320400.0
2010-05-17,GILD,13.182561834025973,13.388867227558496,13.098640430773147,13.367886543273926,27792600.0
2010-05-18,GILD,13.367885112411578,13.591673718618122,13.332918642898797,13.385368347167969,21212600.0
2010-05-19,GILD,13.427331137520525,13.790986994291671,13.322429050068678,13.63713264465332,34776800.0
2010-05-20,GILD,13.48677490994299,13.511251708888508,12.91331619084426,12.927303314208984,49437000.0
2010-05-21,GILD,12.720995846233917,13.000731598648636,12.619591219144429,12.787432670593262,38691400.0
2010-05-24,GILD,12.64756192444598,12.892331165381066,12.560144433675239,12.710502624511719,25030400.0
2010-05-25,GILD,12.644070357225354,12.68253428041374,12.455248189147207,12.651063919067383,28089600.0
2010-05-26,GILD,12.661550545766588,12.832889434921054,12.16152233250411,12.175509452819824,43798600.0
2010-05-27,GILD,12.413286429962467,12.68952608191665,12.325868919892308,12.672042846679688,32930600.0
2010-05-28,GILD,12.717501002596185,12.752468812485079,12.53916984076228,12.560149192810059,26511400.0
2010-06-01,GILD,12.525181265830799,12.689526618556165,12.381816596608267,12.388810157775879,18942400.0
2010-06-02,GILD,12.525178802590947,12.591615619789486,12.311879897525715,12.588119506835938,26167600.0
2010-06-03,GILD,12.53566942395294,12.700014756794218,12.444755807544404,12.553153991699219,22404000.0
2010-06-04,GILD,12.276914399381047,12.40629193101437,12.084596158545517,12.137045860290527,33902000.0
2010-06-07,GILD,12.172012867387343,12.23495357248063,12.014661104654124,12.042634010314941,26449600.0
2010-06-08,GILD,12.046131733549839,12.067111079805448,11.483162821681061,11.699957847595215,50593400.0
2010-06-09,GILD,11.74191851033077,11.811851438875248,11.497149258769765,11.507638931274414,32348400.0
2010-06-10,GILD,11.591563597500373,11.853816155508206,11.567086798797149,11.790875434875488,26437200.0
2010-06-11,GILD,11.783877980702764,12.116064711225455,11.713943721558243,12.074103355407715,23324800.0
2010-06-14,GILD,12.147536656392493,12.329363886607208,12.088092061453462,12.112568855285645,18547200.0
2010-06-15,GILD,12.147537364436122,12.437762794170604,12.130052795920964,12.423775672912598,21942400.0
2010-06-16,GILD,12.33286156506786,12.633577990803122,12.098581961854363,12.521683692932129,21575600.0
2010-06-17,GILD,12.595116140858085,12.619592939162668,12.420281105033656,12.577632904052734,19032600.0
2010-06-18,GILD,12.59511661529541,12.762958095942919,12.500705532327654,12.59511661529541,27190600.0
2010-06-21,GILD,12.644068565548706,12.762956432245584,12.57063817744087,12.623087882995605,15680200.0
2010-06-22,GILD,12.563645630507228,12.86436210194351,12.532175271080513,12.556652069091797,20666400.0
2010-06-23,GILD,12.486719281912663,12.73848218743073,12.46573992904323,12.661554336547852,14890400.0
2010-06-24,GILD,12.58811864946906,12.714000049385358,12.45174757752142,12.490211486816406,18453400.0
2010-06-25,GILD,12.469230830183092,12.874847934003927,12.469230830183092,12.710502624511719,26453000.0
2010-06-28,GILD,12.755964451231876,12.759461899033225,12.409791816486676,12.507699012756348,12980400.0
2010-06-29,GILD,12.378319761853009,12.451750149007049,12.147537592307934,12.227961540222168,18170800.0
2010-06-30,GILD,12.17900626616457,12.283906995303992,11.979693146748989,11.986686706542969,19945800.0
2010-07-01,GILD,11.972700494257214,11.983190166631871,11.644009865076978,11.937732696533203,23827000.0
2010-07-02,GILD,12.021659363171898,12.294401635919913,11.951725070858497,12.192996978759766,19527800.0
2010-07-06,GILD,12.276917443817664,12.38531432130215,12.035644220749717,12.158029556274414,21248000.0
2010-07-07,GILD,12.123059102438416,12.241946964058009,11.983191893047023,12.217470169067383,23426800.0
2010-07-08,GILD,12.234954047219002,12.262926953965218,12.00766801068689,12.175509452819824,25102600.0
2010-07-09,GILD,12.144041691025931,12.21047852587776,12.053128057339984,12.147539138793945,19020800.0
2010-07-12,GILD,12.133549379068874,12.144039052322691,11.993680844220362,12.056621551513672,18961200.0
2010-07-13,GILD,12.112572020632955,12.395805281131539,12.070611982224653,12.308387756347656,18014000.0
2010-07-14,GILD,12.353845716056588,12.409792880706444,12.133553171672812,12.172017097473145,21826200.0
2010-07-15,GILD,12.2034854888916,12.32237336129615,12.098583404975217,12.203485488891602,21450200.0
2010-07-16,GILD,12.056622367464467,12.199987025138277,11.129996929566559,11.168460845947266,62530600.0
2010-07-19,GILD,11.18943930441064,11.595056425840122,11.185942524594905,11.507638931274414,33461400.0
2010-07-20,GILD,11.420225160013313,11.553100168561894,11.374767674530935,11.53911304473877,25984800.0
2010-07-21,GILD,11.392248532067937,11.69296359291048,11.095028250213463,11.507638931274414,60230200.0
2010-07-22,GILD,11.549597151377325,11.839823828273111,11.546101039050164,11.811849594116211,29403000.0
2010-07-23,GILD,11.794371043066205,11.82234528831937,11.483164900994607,11.689470291137695,25155800.0
2010-07-26,GILD,11.612542034261232,11.783880945580703,11.224408065543663,11.675482749938965,34005400.0
2010-07-27,GILD,11.689469872064102,11.727933790965539,11.4761709282546,11.675482749938965,92023800.0
2010-07-28,GILD,11.713945501533413,11.87829083541313,11.595057643087813,11.6859712600708,29995600.0
2010-07-29,GILD,11.972702818673023,12.042635759927846,11.59156241973869,11.682476043701172,23583000.0
2010-07-30,GILD,11.581069573543738,11.780381359037273,11.570579900797279,11.65100383758545,21930200.0
2010-08-02,GILD,11.829336175001082,12.091588662469368,11.801361936072935,12.049627304077148,26386200.0
2010-08-03,GILD,12.025151197867016,12.1685158458384,11.972701497712729,12.056621551513672,15718600.0
2010-08-04,GILD,12.126557002452836,12.346849499479296,12.035642045762721,12.31537914276123,23428200.0
2010-08-05,GILD,12.259436907515477,12.626590327238086,12.213979410936984,12.493715286254883,29825400.0
2010-08-06,GILD,12.479722387420663,12.542663096994232,12.343351294639682,12.525179862976074,22606000.0
2010-08-09,GILD,12.595112056791164,12.60560172869592,12.448249980699417,12.504197120666504,17472400.0
2010-08-10,GILD,12.444756128039486,12.63357825992608,12.36782829640748,12.514690399169922,20018000.0
2010-08-11,GILD,12.325870418182859,12.371327902432895,12.049630732649927,12.084598541259766,23441200.0
2010-08-12,GILD,11.916757993490323,12.17201701381884,11.888783744414841,12.119565963745117,19354000.0
2010-08-13,GILD,12.063618732753394,12.203487309585936,11.993684444337124,11.99718189239502,16060400.0
2010-08-16,GILD,11.979695715425333,12.007669960599467,11.783881334748095,11.839828491210938,21429200.0
2010-08-17,GILD,11.899273215733233,12.098585068360284,11.808359575576484,11.941234588623047,20386000.0
2010-08-18,GILD,11.885285073291685,11.941232225520888,11.794370117240899,11.808357238769531,40228600.0
2010-08-19,GILD,11.759404968119654,11.773390757333843,11.528622772517092,11.584569931030273,27682600.0
2010-08-20,GILD,11.56708754734494,11.58107333759079,11.332807886743078,11.41323184967041,25738800.0
2010-08-23,GILD,11.521627807150729,11.581071072253412,11.46568065545425,11.48666000366211,19309600.0
2010-08-24,GILD,11.367770828383627,11.423717973627017,11.22091007232666,11.22091007232666,31742400.0
2010-08-25,GILD,11.234898693847152,11.479667987211567,11.199930889717756,11.476170539855957,25147000.0
2010-08-26,GILD,11.511140639374869,11.514638087833164,11.154477595059694,11.213921546936035,32904000.0
2010-08-27,GILD,11.262870094943452,11.39224895206781,11.119505451925647,11.371268272399902,29399200.0
2010-08-30,GILD,11.311825959661032,11.434211281557214,11.25937625075018,11.336302757263184,24914400.0
2010-08-31,GILD,11.297840346146248,11.371270740091393,11.10552140911057,11.129998207092285,38403800.0
2010-09-01,GILD,11.220913053536218,11.556596014181931,11.206925930037936,11.546106338500977,30595400.0
2010-09-02,GILD,11.504144761785103,11.689469454727886,11.444700161818245,11.591562271118164,16276800.0
2010-09-03,GILD,11.745416618403345,11.90626451559513,11.64750943470145,11.895774841308594,22362800.0
2010-09-07,GILD,11.885287378563241,11.885287378563241,11.584570876797267,11.619537353515625,15668600.0
2010-09-08,GILD,11.640517129211924,11.87829288717461,11.640517129211924,11.857312202453613,14912000.0
2010-09-09,GILD,11.930741100607516,11.941232108593928,11.811853236548925,11.906264305114746,10676200.0
2010-09-10,GILD,11.958713483621766,12.088091001661205,11.878289548954813,12.025150299072266,14902600.0
2010-09-13,GILD,12.112567793347447,12.112567793347447,11.934236691935524,12.025150299072266,14581400.0
2010-09-14,GILD,11.965711512535469,12.102082641119031,11.965711512535469,12.06711483001709,14648200.0
2010-09-15,GILD,12.091591027403107,12.199987889737649,11.986688944790416,12.182504653930664,11139600.0
2010-09-16,GILD,12.06361619707094,12.238451214419793,12.021656166395106,12.227961540222168,14681000.0
2010-09-17,GILD,12.238452897486527,12.273419372210856,12.046134618731697,12.084598541259766,28283000.0
2010-09-20,GILD,12.084598653452927,12.479724890271125,12.081101205616719,12.444758415222168,22333800.0
2010-09-21,GILD,12.40978933982233,12.574133338778367,12.297893708564164,12.553153991699219,19058600.0
2010-09-22,GILD,12.539167878431686,12.762956491156332,12.539167878431686,12.591617584228516,19668400.0
2010-09-23,GILD,12.549660062080907,12.665051838899803,12.483223221233603,12.51119613647461,17482000.0
2010-09-24,GILD,12.714003499801693,12.853870722422922,12.59161817938703,12.780440330505371,15356800.0
2010-09-27,GILD,12.731488557496954,12.745475681925958,12.528680588818803,12.539170265197754,10562000.0
2010-09-28,GILD,12.535671735337846,12.780441056179782,12.486718137946557,12.637076377868652,20016000.0
2010-09-29,GILD,12.574134886270068,12.57763233380385,12.444757339113684,12.542664527893066,15392200.0
2010-09-30,GILD,12.53217470714031,12.696520058293872,12.413286836198766,12.451750755310059,19965400.0
2010-10-01,GILD,12.514688126456292,12.66854242789452,12.434264196121422,12.504197120666504,13909000.0
2010-10-04,GILD,12.483219097162394,12.553153362989207,12.32936344556637,12.364331245422363,15809400.0
2010-10-05,GILD,12.50420164626623,12.658057337273917,12.43776481034915,12.59511661529541,18493800.0
2010-10-06,GILD,12.59511680337169,12.623089716954555,12.38881139689161,12.50070571899414,16924400.0
2010-10-07,GILD,12.53566957943816,12.693021353909675,12.4902134376127,12.679034233093262,11729600.0
2010-10-08,GILD,12.658055666930705,12.759460298279889,12.567140709898563,12.703513145446777,12711800.0
2010-10-11,GILD,12.689528585554575,12.73848218743073,12.616098182740341,12.661554336547852,11039600.0
2010-10-12,GILD,12.574135868043712,12.68952763573084,12.486718347269406,12.6265869140625,15559800.0
2010-10-13,GILD,12.689525170628153,12.864360178212827,12.658054815907501,12.825896263122559,13482400.0
2010-10-14,GILD,12.874852392356482,13.000733836078659,12.818905232245015,12.864362716674805,17538200.0
2010-10-15,GILD,13.007727571628243,13.231516215064213,12.937793287083121,13.193052291870117,27616000.0
2010-10-18,GILD,13.259486308369583,13.283964436556786,13.116121655793027,13.126612663269043,17064400.0
2010-10-19,GILD,13.1126299507849,13.165081004142317,12.759463704353466,12.8433837890625,23125800.0
2010-10-20,GILD,13.10912972002825,13.724548372230196,13.03569800160873,13.423831939697266,40286400.0
2010-10-21,GILD,13.462293850239469,13.675592745444096,13.462293850239469,13.67209529876709,25295000.0
2010-10-22,GILD,13.672097836182202,13.679091396949074,13.52173961440778,13.6755952835083,14623600.0
2010-10-25,GILD,13.763009922665272,13.927355231707281,13.735035685430441,13.825950622558594,20269200.0
2010-10-26,GILD,13.81895727712974,13.853923740329417,13.658109412195122,13.850427627563477,13541000.0
2010-10-27,GILD,13.71755445821172,13.909872698700868,13.63713051523936,13.797978401184082,15290400.0
2010-10-28,GILD,13.836438725107573,13.979803339961565,13.81196193724603,13.937843322753906,13348600.0
2010-10-29,GILD,13.85043292483209,13.951837574333704,13.836445800648644,13.87141227722168,10234600.0
2010-11-01,GILD,13.95533272161395,14.242062078082135,13.944843046145877,14.070724487304688,20092200.0
2010-11-02,GILD,14.186115816570705,14.196605492702389,14.014778214953873,14.102195739746094,15595000.0
2010-11-03,GILD,14.116181644340212,14.116181644340212,13.815465143196642,13.920367240905762,16858200.0
2010-11-04,GILD,13.997292015465625,14.02176881285076,13.804973750060098,13.860920906066895,17565000.0
2010-11-05,GILD,13.822456872053326,13.843437555589633,13.48327782513816,13.619648933410645,23031000.0
2010-11-08,GILD,13.560202695706836,13.60566017094642,13.353897334401335,13.57768726348877,22122400.0
2010-11-09,GILD,13.560202766467576,13.595170568328667,13.395858766318828,13.465791702270508,19457800.0
2010-11-10,GILD,13.553211423684083,13.556708871385073,13.35739703676365,13.54272174835205,17807600.0
2010-11-11,GILD,13.476284998231463,13.640629026288106,13.416840391915716,13.630139350891113,15549800.0
2010-11-12,GILD,13.462295715640753,13.53222998613542,13.16157928623337,13.21752643585205,24225600.0
2010-11-15,GILD,13.283964213971846,13.434321090499381,13.221023505711377,13.287460327148438,14754400.0
2010-11-16,GILD,13.252495557708865,13.483277739602581,13.189554841384634,13.228018760681152,19401400.0
2010-11-17,GILD,13.252492320065766,13.283962670539534,13.095140567696923,13.182558059692383,19755000.0
2010-11-18,GILD,13.29445340891666,13.42732838089381,13.196546236873065,13.269976615905762,15700200.0
2010-11-19,GILD,13.287464021836735,13.346907299564077,13.214033619743338,13.315438270568848,16926600.0
2010-11-22,GILD,13.242001313984462,13.357393043683302,13.109127686548614,13.182558059692383,14254000.0
2010-11-23,GILD,13.07765968343779,13.147592622478653,12.916810455542,12.930797576904297,18199600.0
2010-11-24,GILD,13.112625015145701,13.224519308564128,13.091644334922798,13.210532188415527,19606600.0
2010-11-26,GILD,13.077663259189508,13.123119415217827,12.972761154174805,12.972761154174805,5508400.0
2010-11-29,GILD,12.976252075350976,12.997231418692753,12.815404218267329,12.958768844604492,19583400.0
2010-11-30,GILD,12.762959480285645,12.843383448451302,12.67204583528097,12.762959480285645,29356400.0
2010-12-01,GILD,12.983247015862133,13.091643858354903,12.9238024243371,13.007723808288574,30669400.0
2010-12-02,GILD,13.025206307323542,13.193047731888615,12.916808137050545,13.182558059692383,21945200.0
2010-12-03,GILD,13.098639817610335,13.123116614520487,12.958772597250242,13.025209426879883,12626400.0
2010-12-06,GILD,12.986741043169442,13.011217831664931,12.80840996500446,12.836382865905762,13883200.0
2010-12-07,GILD,12.990239200818264,13.158080617072033,12.955271405420602,12.993735313415527,17167600.0
2010-12-08,GILD,13.056680411646974,13.144097928775333,13.0112229292523,13.063673973083496,15583800.0
2010-12-09,GILD,13.06367416170123,13.088150960139739,12.902826247995185,12.934296607971191,15451600.0
2010-12-10,GILD,12.955273976835738,13.179062576259227,12.91331394791515,13.151089668273926,16727800.0
2010-12-13,GILD,13.133609267529076,13.179065419547687,12.85387212401317,12.878350257873535,20023600.0
2010-12-14,GILD,12.951775771114526,13.060172606137716,12.878345398895258,13.011219024658203,17327800.0
2010-12-15,GILD,12.934293114213265,13.098637097353404,12.930795667446494,13.046187400817871,15645400.0
2010-12-16,GILD,13.021713486835504,13.252495670696819,13.011222478101756,13.235011100769043,17937200.0
2010-12-17,GILD,13.207041734011057,13.207041734011057,12.986749165882186,13.004232406616211,34926000.0
2010-12-20,GILD,13.032206658899266,13.14759711485245,12.972762039740658,13.004232406616211,14602600.0
2010-12-21,GILD,13.067171289447655,13.077662299510667,12.755965113251667,12.783939361572266,19027200.0
2010-12-22,GILD,12.759461312690915,12.783938110633537,12.665050234675608,12.707010269165039,19145800.0
2010-12-23,GILD,12.65106132534569,12.703512361464615,12.5461605869931,12.679034233093262,17797400.0
2010-12-27,GILD,12.609104226973312,12.776945714118684,12.532176378491261,12.731488227844238,11024000.0
2010-12-28,GILD,12.727989309792529,12.797922246949355,12.65455759156142,12.665048599243164,7818200.0
2010-12-29,GILD,12.679031423744101,12.794423144083778,12.654554634681435,12.727986335754395,9024800.0
2010-12-30,GILD,12.696518801056408,12.752465950436807,12.6021077363735,12.679034233093262,8534200.0
2010-12-31,GILD,12.65455827755738,12.710505430646865,12.588121450102783,12.672042846679688,9501200.0
2011-01-03,GILD,12.811909141533732,13.018214503825378,12.780438786815168,12.790929794311523,18870600.0
2011-01-04,GILD,12.892335238746199,12.983250204848208,12.822400957256686,12.934296607971191,19948400.0
2011-01-05,GILD,12.839887406904124,13.189557531633447,12.839887406904124,13.123119354248047,22014200.0
2011-01-06,GILD,13.126615162610737,13.210535235085969,13.084653792487618,13.116124153137207,15898200.0
2011-01-07,GILD,13.088149280447396,13.196547469538928,13.025208568572998,13.112626075744629,12199600.0
2011-01-10,GILD,13.035699949392352,13.133608477286034,12.815408762873895,12.818904876708984,20786800.0
2011-01-11,GILD,12.846877459108036,13.02520858708204,12.738479269862468,12.997234344482422,21264400.0
2011-01-12,GILD,13.042688341863107,13.228014314925764,13.000728323044276,13.224516868591309,14259600.0
2011-01-13,GILD,13.245502879309802,13.472787628840818,13.224522194508353,13.329422950744629,19120000.0
2011-01-14,GILD,13.297952206884649,13.455304003642743,13.242005049580154,13.36439037322998,12146200.0
2011-01-18,GILD,13.462296104681599,13.616150437107823,13.413342514086223,13.532230377197266,17993400.0
2011-01-19,GILD,13.53922326055028,13.53922326055028,13.294453985932455,13.339911460876465,16129200.0
2011-01-20,GILD,13.332920872174942,13.497264907025853,13.294456948948495,13.346906661987305,19049600.0
2011-01-21,GILD,13.322432449284339,13.444817804576275,13.255995599647544,13.353902816772461,12530400.0
2011-01-24,GILD,13.276971851316539,13.420336514422385,13.252495055216908,13.395859718322754,12888200.0
2011-01-25,GILD,13.336414070600366,13.416838013452992,13.207036539392687,13.34340763092041,20770000.0
2011-01-26,GILD,13.283965853638765,13.93784847696011,13.2385083734208,13.867914199829102,42215000.0
2011-01-27,GILD,13.829448824890992,13.871408853198322,13.570693760796331,13.61614990234375,28124000.0
2011-01-28,GILD,13.539225734789564,13.738537570886818,13.339913898692311,13.360893249511719,19187800.0
2011-01-31,GILD,13.353899509931525,13.497264185456794,13.259488430846282,13.420337677001953,13298800.0
2011-02-01,GILD,13.546216922453846,13.563700156368,13.385367702341988,13.462295532226562,17657800.0
2011-02-02,GILD,13.399354799544879,13.899383025147808,13.399354799544879,13.797978401184082,22605000.0
2011-02-03,GILD,13.770007829039518,13.770007829039518,13.518244949986997,13.54272174835205,17314200.0
2011-02-04,GILD,13.623142024619037,13.62663947137518,13.374876660337359,13.563698768615723,14666800.0
2011-02-07,GILD,13.563702352527223,13.567198466322026,13.360893071406595,13.420337677001953,14027600.0
2011-02-08,GILD,13.406347011717086,13.598665232866484,13.357393428211978,13.563698768615723,8482600.0
2011-02-09,GILD,13.591678630263646,13.616155434544874,13.280472403928774,13.353902816772461,12682200.0
2011-02-10,GILD,13.364390158314501,13.455303787265262,13.31543656319598,13.409846305847168,16430800.0
2011-02-11,GILD,13.315435086494892,13.430825500207948,13.287460844452164,13.423831939697266,13212600.0
2011-02-14,GILD,13.423829871598848,13.486770572612953,13.329418820077688,13.483274459838867,11690000.0
2011-02-15,GILD,13.483276353046689,13.640626793790702,13.339911699247855,13.633634567260742,13895200.0
2011-02-16,GILD,13.640627364178663,13.881900539994227,13.567196977576236,13.773502349853516,23224600.0
2011-02-17,GILD,13.71056354167505,13.797981061834497,13.661609943807441,13.738537788391113,11564800.0
2011-02-18,GILD,13.731540471031025,13.913369023297438,13.661606207253923,13.742030143737793,14620600.0
2011-02-22,GILD,13.602164128700887,13.71056097975714,13.381871645574392,13.465791702270508,16427200.0
2011-02-23,GILD,13.437820196128458,13.500760912157403,13.287461967157684,13.294455528259277,14828800.0
2011-02-24,GILD,13.283969909138952,13.591678688240037,13.228022737130955,13.560208320617676,15905200.0
2011-02-25,GILD,13.616152016560308,13.724550218227877,13.455304104835879,13.640628814697266,14156800.0
2011-02-28,GILD,13.717556869560669,13.794484712833233,13.570696078460843,13.630139350891113,13929200.0
2011-03-01,GILD,13.67559267565527,13.735035930010218,13.462293781539142,13.483274459838867,11560200.0
2011-03-02,GILD,13.465791634010632,13.797978413638218,13.444812286885576,13.64762020111084,13014600.0
2011-03-03,GILD,13.794482842558988,14.004284325366573,13.752522812774531,13.983304977416992,17245400.0
2011-03-04,GILD,14.021769363732908,14.434380155700572,13.98330677624903,14.235068321228027,29822200.0
2011-03-07,GILD,14.367943021357021,14.483333449163716,14.228074461830573,14.357453346252441,21245400.0
2011-03-08,GILD,14.336469754305753,14.486827958439774,14.259541928780859,14.423887252807617,15374000.0
2011-03-09,GILD,14.434381855083693,14.619707922237868,14.385428252626763,14.563760757446289,15992400.0
2011-03-10,GILD,14.364446068636958,14.47284292874768,14.31549114194219,14.32947826385498,14884400.0
2011-03-11,GILD,14.311993597527703,14.430881454129574,14.235065768583777,14.277027130126953,11309400.0
2011-03-14,GILD,14.161636502386665,14.33647152093465,14.147649380770346,14.25255012512207,12150400.0
2011-03-15,GILD,13.951835003595004,14.081212543739069,13.878403282105094,13.913371086120605,20811600.0
2011-03-16,GILD,13.81196881848849,14.028763904936302,13.65811445615223,13.930856704711914,23863200.0
2011-03-17,GILD,14.056733765562164,14.168628054861582,13.958825262011315,14.095197677612305,14955000.0
2011-03-18,GILD,14.161635296523105,14.245556685189777,14.039251327514648,14.039251327514648,22548800.0
2011-03-21,GILD,14.182616036110293,14.315489679047406,14.074217853191378,14.077713966369629,11712200.0
2011-03-22,GILD,14.098691684133986,14.179115609184219,13.955327064020972,14.14065170288086,13254200.0
2011-03-23,GILD,14.098699842235714,14.59173468292827,14.095203727769205,14.448369979858398,32306600.0
2011-03-24,GILD,14.521793264596777,14.81901353609863,14.48682680154247,14.700125694274902,24498400.0
2011-03-25,GILD,14.766561017413318,14.878455288556973,14.66865386363385,14.714111328125,19410800.0
2011-03-28,GILD,14.714117351354224,14.752579939023025,14.581242349771854,14.591732025146484,14502600.0
2011-03-29,GILD,14.612712998580749,14.710620194373558,14.56026195290003,14.70362663269043,9620200.0
2011-03-30,GILD,14.836503287958513,15.000848671087248,14.822516163035717,14.864476203918457,14393600.0
2011-03-31,GILD,14.80502737600028,14.99384949004458,14.759569903978102,14.850484848022461,22282600.0
2011-04-01,GILD,14.738592393405044,14.9204196363623,14.728101385395165,14.916923522949219,13482400.0
2011-04-04,GILD,14.955387535165205,15.011334687328048,14.913427504514404,14.969374656677246,12073400.0
2011-04-05,GILD,14.902936870913026,14.948394350026737,14.581241071364555,14.630194664001465,18186200.0
2011-04-06,GILD,14.717613465183941,14.784050299032389,14.591732025146484,14.591732025146484,17174200.0
2011-04-07,GILD,14.556767111690172,14.647680753748373,14.483335374539974,14.511309623718262,14586600.0
2011-04-08,GILD,14.581239016888007,14.602218362841947,14.350456874198493,14.423887252807617,17598200.0
2011-04-11,GILD,14.45885398561318,14.549768932709409,14.357450699231503,14.41689395904541,11237200.0
2011-04-12,GILD,14.385420799255373,14.427380817637333,14.332971109749154,14.385420799255371,8784400.0
2011-04-13,GILD,14.46235403025014,14.60921481655834,14.371439066824214,14.458856582641602,17759400.0
2011-04-14,GILD,14.381925559888412,14.640680578483833,14.332971979823604,14.633687019348145,16097200.0
2011-04-15,GILD,14.616208079725494,14.633691315755234,14.441373051657282,14.581241607666016,16136000.0
2011-04-18,GILD,14.465847069274195,14.476338075984525,14.07771316812074,14.09869384765625,22427800.0
2011-04-19,GILD,14.109185673616306,14.214087753417306,14.049742406688736,14.207094192504883,15422000.0
2011-04-20,GILD,14.336469334809573,14.339965447737873,14.102191085944622,14.259541511535645,23121600.0
2011-04-21,GILD,13.82944913648067,13.986800913534996,13.62314376965062,13.658111572265625,44105000.0
2011-04-25,GILD,13.717555256438848,13.773502408452815,13.563700921871765,13.70706558227539,23387000.0
2011-04-26,GILD,13.797981411599084,13.874909258132798,13.693080651525722,13.818962097167969,18413400.0
2011-04-27,GILD,13.857424879728951,13.993795989987172,13.777000925830139,13.948338508605957,23431000.0
2011-04-28,GILD,13.927359523362334,13.972815672048474,13.61265592692119,13.759516716003418,26400000.0
2011-04-29,GILD,13.752521362055882,13.76650714791851,13.581182479858398,13.581182479858398,26627800.0
2011-05-02,GILD,13.661613795211544,14.301510863439857,13.637136989377376,14.221085548400879,28164800.0
2011-05-03,GILD,14.273527436621404,14.59172704187532,14.091698900207021,14.56725025177002,23400000.0
2011-05-04,GILD,14.53928079824677,14.598724064351625,14.305001179521831,14.451863288879395,20905400.0
2011-05-05,GILD,14.423894416276644,14.465854462908688,14.182622480785097,14.203601837158203,17000000.0
2011-05-06,GILD,14.308500225506581,14.451866250781789,14.284023424578034,14.339970588684082,15584400.0
2011-05-09,GILD,14.294513453394286,14.521798208394166,14.280526329856766,14.420394897460938,16262200.0
2011-05-10,GILD,14.430878254743927,14.535778967574483,14.231566500200389,14.350454330444336,15902200.0
2011-05-11,GILD,14.388921270845142,14.399410944174868,14.095198412645882,14.256046295166016,23016800.0
2011-05-12,GILD,14.256049998405887,14.455361846756448,14.23856676035305,14.437878608703613,18200000.0
2011-05-13,GILD,14.469348076470796,14.658168903211083,14.346962749893882,14.406407356262207,23727200.0
2011-05-16,GILD,14.322487291271706,14.402911255976504,14.133665112981,14.18262004852295,17727000.0
2011-05-17,GILD,14.182620112947266,14.182620112947266,14.014778620554976,14.15114974975586,16102200.0
2011-05-18,GILD,14.112682609425995,14.126669730743805,13.979807624677415,14.10568904876709,15985200.0
2011-05-19,GILD,14.154642543074468,14.19310645949378,13.983304976697,14.053237915039062,14056000.0
2011-05-20,GILD,14.214087842787864,14.406406100489967,14.17562392447037,14.32947826385498,21076600.0
2011-05-23,GILD,14.161636142798562,14.186112938062946,14.060231514483089,14.13715934753418,13000000.0
2011-05-24,GILD,14.165134492026867,14.263043022423796,14.028763372918673,14.13366413116455,12685000.0
2011-05-25,GILD,14.130161502562384,14.179115078248163,14.063724697543813,14.154638290405273,11666000.0
2011-05-26,GILD,14.126671011808998,14.336472515060592,14.067226407760275,14.301506042480469,13971600.0
2011-05-27,GILD,14.32248627355386,14.448367716802863,14.287519798822697,14.402910232543945,9929200.0
2011-05-31,GILD,14.416899494207367,14.6057216870857,14.409905931446795,14.595232009887695,13747200.0
2011-06-01,GILD,14.53578709578341,14.630198190289756,14.430886324293809,14.434382438659668,15302800.0
2011-06-02,GILD,14.378432833941359,14.507811719600287,14.36444704496334,14.483333587646484,11075200.0
2011-06-03,GILD,14.322483959457987,14.479835738095781,14.25954324800287,14.353954315185547,13982200.0
2011-06-06,GILD,14.301505145365564,14.371438086139007,14.231570870706776,14.305001258850098,10354600.0
2011-06-07,GILD,14.343464908004275,14.423888855495953,14.235066717618803,14.34696102142334,9846000.0
2011-06-08,GILD,14.35046162686701,14.451866278845392,14.252553089077095,14.388925552368164,10002600.0
2011-06-09,GILD,14.420396927098778,14.577747420443295,14.353958747887292,14.392422676086426,12480200.0
2011-06-10,GILD,14.371438015540964,14.371438015540964,14.060231895417735,14.067225456237793,11997800.0
2011-06-13,GILD,13.742031447620107,14.063728557964245,13.724548213488257,13.972813606262207,17699400.0
2011-06-14,GILD,14.06722864280727,14.07422220521154,13.888897470098122,13.909876823425293,15579000.0
2011-06-15,GILD,13.846928697801397,14.0462404512389,13.808466125955416,13.864413261413574,15163000.0
2011-06-16,GILD,13.906373279535963,13.9308500679311,13.787485449951758,13.864413261413574,18837600.0
2011-06-17,GILD,13.951832022345235,13.955328135057064,13.752520250644736,13.825950622558594,15756200.0
2011-06-20,GILD,13.794489465475737,14.039258868858475,13.794489465475737,14.021774291992188,10405600.0
2011-06-21,GILD,13.976311473948018,14.007781829886353,13.829449368274021,13.951834678649902,13684600.0
2011-06-22,GILD,13.951831352536653,14.144149555695506,13.864413866202174,14.004281044006348,10646800.0
2011-06-23,GILD,13.867915527862126,14.060233807975331,13.75252509334841,14.03226089477539,12026000.0
2011-06-24,GILD,14.021768059469048,14.021768059469048,13.839940812630493,13.885396957397461,12799600.0
2011-06-27,GILD,13.892389966589688,14.088205661259254,13.79448278619755,14.049741744995117,8347400.0
2011-06-28,GILD,14.05323881533708,14.378432068224777,13.997291660748088,14.318988800048828,11762000.0
2011-06-29,GILD,14.511306132916259,14.574246844540935,14.423888626091461,14.4728422164917,13510600.0
2011-06-30,GILD,14.535784574953551,14.58823561854501,14.448367058224754,14.479837417602539,11183400.0
2011-07-01,GILD,14.490329559764088,14.675655633823247,14.469350205864101,14.668662071228027,12459600.0
2011-07-05,GILD,14.644177158691786,14.682641064720167,14.486825422159741,14.535778999328613,8889400.0
2011-07-06,GILD,14.591728158955158,14.77355670928955,14.563755254072625,14.77355670928955,12234200.0
2011-07-07,GILD,14.85048364150452,14.930907572311215,14.805026173175502,14.927410125732422,10788400.0
2011-07-08,GILD,14.839996337890623,14.948394532830351,14.752578826002727,14.839996337890625,9525000.0
2011-07-11,GILD,14.714119551041971,14.738596353165585,14.381932664368497,14.430886268615723,13550600.0
2011-07-12,GILD,14.339967383404314,14.637187710064854,14.336471270004093,14.528789520263672,14635800.0
2011-07-13,GILD,14.591726560196308,14.742084742385488,14.51130263337872,14.549766540527344,9862400.0
2011-07-14,GILD,14.59173420653823,14.682649186327945,14.40990558084448,14.430886268615723,9524000.0
2011-07-15,GILD,14.43088550780477,14.46235587085965,14.235069767253796,14.336474418640137,12105400.0
2011-07-18,GILD,14.298007699574459,14.364445860756048,14.098695883800382,14.270034790039062,10437600.0
2011-07-19,GILD,14.371438773652915,14.668659121700122,14.298008381996764,14.581241607666016,16830800.0
2011-07-20,GILD,14.581244403015221,14.773562703982236,14.581244403015221,14.612714767456055,13231200.0
2011-07-21,GILD,14.703626753279526,15.0742775222122,14.703626753279526,15.028820037841797,16810200.0
2011-07-22,GILD,15.042804660932376,15.207149999802798,14.969374275691022,15.109241485595703,12567400.0
2011-07-25,GILD,15.049799740770874,15.1477069309763,14.902937621577308,14.909931182861328,10383600.0
2011-07-26,GILD,14.846989059428187,14.958883361607128,14.696630840771743,14.742088317871094,14831600.0
2011-07-27,GILD,14.63718986290632,15.126727177942394,14.591732378705693,15.025323867797852,24871800.0
2011-07-28,GILD,14.997343924333071,15.203649247944364,14.948390344812594,15.095251083374023,14195800.0
2011-07-29,GILD,14.90643519381172,15.067283103032933,14.798036993831111,14.812024116516113,19094000.0
2011-08-01,GILD,14.892444931807413,15.018326341665823,14.413397418855263,14.518298149108887,16189600.0
2011-08-02,GILD,14.371439894594149,14.605719544099271,14.112684779846683,14.13366413116455,20053800.0
2011-08-03,GILD,14.179121518226637,14.179121518226637,13.584682113730514,13.8923921585083,24300600.0
2011-08-04,GILD,13.738534526032332,13.766507432220434,13.067167437010463,13.08814811706543,28618800.0
2011-08-05,GILD,13.186059470703634,13.388868773887976,12.934297899639189,13.203542709350586,29249200.0
2011-08-08,GILD,12.95178098394789,13.207040000031327,12.668547719254194,12.874853134155273,35305200.0
2011-08-09,GILD,13.032200861604462,13.353896616440602,12.64057084105628,13.336413383483887,33614800.0
2011-08-10,GILD,13.252494661737664,13.301448252483448,12.33635822334972,12.357338905334473,31104800.0
2011-08-11,GILD,12.4657383652955,13.025209936391706,12.427274444679117,12.892334938049316,29225800.0
2011-08-12,GILD,12.958770591439436,13.14059915026025,12.78043814568519,13.08814811706543,16154400.0
2011-08-15,GILD,13.07066950843195,13.098642424517013,12.651065096070743,13.032205581665039,27790800.0
2011-08-16,GILD,13.032203501063675,13.665106799808324,13.014720264566016,13.584681510925293,25843200.0
2011-08-17,GILD,13.556711884391767,13.672102340346289,13.325929638596957,13.444817543029785,18721600.0
2011-08-18,GILD,13.074164397052622,13.23151620367229,12.92031003829424,13.03919792175293,19609400.0
2011-08-19,GILD,12.871352726516932,13.217525267339541,12.846875934090491,13.007723808288574,22590600.0
2011-08-22,GILD,13.259485930115607,13.42732870609131,13.133605848961649,13.231513023376465,17334000.0
2011-08-23,GILD,13.221024302073848,13.654614391890597,13.158083590022175,13.651118278503418,17680800.0
2011-08-24,GILD,13.577687175204039,13.633634323640807,13.196546809639418,13.339911460876465,18478400.0
2011-08-25,GILD,13.367888255732904,13.437822545088105,13.221027448584046,13.30844497680664,12799800.0
2011-08-26,GILD,13.266482070934476,13.553211423684083,13.077661245530555,13.54272174835205,15702200.0
2011-08-29,GILD,13.637131436882054,13.91686719957949,13.500760335934887,13.913371086120605,11040600.0
2011-08-30,GILD,13.881907014263435,14.077721469860874,13.797985580517432,14.021774291992188,11102800.0
2011-08-31,GILD,14.060229879814896,14.088204119084885,13.82944774137808,13.944839477539062,11439600.0
2011-09-01,GILD,13.930858816236661,14.074223524246223,13.818964475052894,13.836447715759277,11961000.0
2011-09-02,GILD,13.640626963714814,13.811965861308927,13.567196579268169,13.574190139770508,9992200.0
2011-09-06,GILD,13.21752946693253,13.570697013671591,13.21752946693253,13.511252403259277,14887400.0
2011-09-07,GILD,13.693081460113284,13.920367565264941,13.591676808037276,13.9168701171875,11709000.0
2011-09-08,GILD,13.78049469219095,13.955329692768803,13.721051432259376,13.815461158752441,10644200.0
2011-09-09,GILD,13.682590827009125,13.73504053953312,13.140602460948053,13.221026420593262,17076200.0
2011-09-12,GILD,13.039193330106372,13.308439363534873,13.014716539238787,13.280465126037598,13594600.0
2011-09-13,GILD,13.301449977009423,13.399357171194605,13.165078861141351,13.360893249511719,10261200.0
2011-09-14,GILD,13.378376638205271,13.89239208127756,13.360893401029005,13.770008087158203,17877400.0
2011-09-15,GILD,13.916865082838735,13.958825107389941,13.703566179385314,13.923858642578125,11014600.0
2011-09-16,GILD,14.077717865397512,14.23856712773629,13.934353175448267,14.130168914794922,26279400.0
2011-09-19,GILD,14.03924883887113,14.077711412394914,13.86790997874616,14.004281044006348,12230800.0
2011-09-20,GILD,14.091705879452988,14.434382444530764,13.990301222288,14.28052806854248,16424400.0
2011-09-21,GILD,14.224579826483,14.29801022761772,13.857426486923814,13.87141227722168,12344400.0
2011-09-22,GILD,13.623142291936238,13.623142291936238,13.259485187498072,13.406347274780273,25886000.0
2011-09-23,GILD,13.308439108638764,13.504253431829023,13.140597688524956,13.437816619873047,16245200.0
2011-09-26,GILD,13.472789773242516,14.021771774347256,13.416842605419284,13.829453468322754,21927400.0
2011-09-27,GILD,14.070719187306942,14.091698530340826,13.81895639982045,14.004281044006348,19858000.0
2011-09-28,GILD,14.00428777470201,14.088209188826543,13.700075149536131,13.700075149536133,12052600.0
2011-09-29,GILD,13.881898187033224,13.97630923975609,13.469287512415558,13.724546432495117,9873400.0
2011-09-30,GILD,13.560198519454861,13.76300770507422,13.48676815937261,13.567192077636719,14526600.0
2011-10-03,GILD,13.5671990584624,13.679093379176214,13.21752897276035,13.221026420593262,16178400.0
2011-10-04,GILD,13.03220257995181,13.276971875275162,12.83988432429966,13.245501518249512,18709600.0
2011-10-05,GILD,13.315435054854595,13.693077984337108,13.196547194226062,13.689581871032715,15439400.0
2011-10-06,GILD,13.644120831972415,13.864413261413576,13.560199461842712,13.864413261413574,11489400.0
2011-10-07,GILD,13.860920551214049,13.87840378691507,13.567197656226595,13.745530128479004,12859800.0
2011-10-10,GILD,13.98330531603602,14.21408748626709,13.93435039056915,14.21408748626709,11119600.0
2011-10-11,GILD,14.1966039967879,14.308498310020648,13.829450698125104,13.881901741027832,12394400.0
2011-10-12,GILD,14.04974237321472,14.217583833056937,13.89239058777347,14.08820629119873,12611000.0
2011-10-13,GILD,14.028760838286773,14.238563650758135,14.007781490759326,14.210589408874512,9313600.0
2011-10-14,GILD,14.28052400574784,14.298007240381642,14.021767597957544,14.13715934753418,9589400.0
2011-10-17,GILD,14.063724708261782,14.203591876915613,13.88888974703082,13.937843322753906,12556200.0
2011-10-18,GILD,13.948337566336473,14.31199472504876,13.888894300295119,14.25255012512207,13520400.0
2011-10-19,GILD,14.28401708254065,14.448362387708569,14.182613809667377,14.266533851623535,12573000.0
2011-10-20,GILD,14.266540185898446,14.42389200178596,14.12667294257613,14.339970588684082,11986000.0
2011-10-21,GILD,14.472844958488968,14.61620964348782,14.381931321076388,14.500819206237793,14004800.0
2011-10-24,GILD,14.476344178622291,14.707126415260701,14.476344178622291,14.682649612426758,10429600.0
2011-10-25,GILD,14.546274167562075,14.714116972547988,14.336472662157842,14.357453346252441,11393600.0
2011-10-26,GILD,14.500820844621256,14.553270564248038,14.123176460657058,14.507814407348633,12352400.0
2011-10-27,GILD,14.672157371713842,14.752581336269227,14.514805556763918,14.724608421325684,14598000.0
2011-10-28,GILD,14.693137144513816,15.028820106272526,14.658169335652168,14.962383270263672,15350200.0
2011-10-31,GILD,14.819013045864555,14.843489835969853,14.567250251770021,14.56725025177002,13119200.0
2011-11-01,GILD,14.332974967290703,14.472842177502402,14.16862962805953,14.353954315185547,14630400.0
2011-11-02,GILD,14.476339893979157,14.51130636371108,14.231570604199737,14.34696102142334,12345600.0
2011-11-03,GILD,14.277030936911148,14.399414939331104,14.182619849093362,14.311997413635254,14466000.0
2011-11-04,GILD,14.193103209951715,14.350454952965924,14.028757907927432,14.238560676574707,10119600.0
2011-11-07,GILD,14.305001086735716,14.38542503476581,14.147649304118,14.364445686340332,8725600.0
2011-11-08,GILD,14.406408995011512,14.448369035295093,14.242063614229515,14.413402557373047,9874600.0
2011-11-09,GILD,14.14065317733263,14.161633855836204,13.87840069852085,13.941341400146484,15155000.0
2011-11-10,GILD,14.014774590479881,14.0812114119414,13.832946025869946,14.042747497558594,11035200.0
2011-11-11,GILD,14.175623547199073,14.448365747812895,14.175623547199073,14.364445686340332,11062000.0
2011-11-14,GILD,14.378436788565708,14.381934237186234,14.116184165230584,14.14765453338623,8632600.0
2011-11-15,GILD,14.158146143317222,14.31200054197282,14.102198967998287,14.221085548400879,8392200.0
2011-11-16,GILD,14.12666957752339,14.256047113596614,14.021767502662911,14.049741744995117,10645600.0
2011-11-17,GILD,13.99029481424725,14.161633685249825,13.790983039461945,13.850427627563477,12989000.0
2011-11-18,GILD,13.794481276175741,14.03575308739623,13.74552769133841,13.944839477539062,12111000.0
2011-11-21,GILD,12.955273866733782,13.007724902852706,12.046132355830984,12.679034233093262,86777600.0
2011-11-22,GILD,12.790929893079273,13.626641022310071,12.783936332656117,13.55320930480957,61453800.0
2011-11-23,GILD,13.434323007836678,14.004285576702152,13.332919704620583,13.860920906066895,51863400.0
2011-11-25,GILD,13.780495279224438,14.014774883599108,13.731541690398902,13.735037803649902,15299400.0
2011-11-28,GILD,13.77000931118965,14.070725819340232,13.759518300842938,13.9168701171875,28682400.0
2011-11-29,GILD,13.909872754145015,13.990296697437943,13.717554512889295,13.731541633605957,21105800.0
2011-11-30,GILD,13.85742351499315,14.014775293596536,13.787489242959944,13.93435001373291,27184200.0
2011-12-01,GILD,13.87141227722168,14.018274413376702,13.794485761983886,13.87141227722168,20919800.0
2011-12-02,GILD,13.976316117815793,13.990301909857946,13.707069946189616,13.77700424194336,19180600.0
2011-12-05,GILD,13.878402110393964,14.049741000891025,13.637130285540769,14.039251327514648,33945400.0
2011-12-06,GILD,14.000791530533137,14.098698734531704,13.871412629380046,13.9168701171875,18594400.0
2011-12-07,GILD,13.874902927728908,13.913366833446664,13.776995774181835,13.783987998962402,17398600.0
2011-12-08,GILD,13.777001390556029,13.777001390556029,13.525238511503508,13.54272174835205,14505200.0
2011-12-09,GILD,13.644126262365663,13.815463849324372,13.612655902777366,13.640628814697266,11385800.0
2011-12-12,GILD,13.553211297383713,13.68958374485664,13.497264139658457,13.640628814697266,14944200.0
2011-12-13,GILD,13.549712979618603,13.717554425493455,13.469289036838063,13.493765830993652,15859600.0
2011-12-14,GILD,13.50775316288695,13.595170667348503,13.458799573810122,13.55320930480957,14750800.0
2011-12-15,GILD,13.637126616327995,13.679086632428934,13.44830454304647,13.458795547485352,13798800.0
2011-12-16,GILD,13.346901376679394,13.497259562176833,12.951775292823337,12.993735313415527,46339600.0
2011-12-19,GILD,12.99024136214459,13.276970662686642,12.930796767020626,13.10213565826416,16252000.0
2011-12-20,GILD,13.318930836742881,13.406348339915548,13.203539092290047,13.34340763092041,17307200.0
2011-12-21,GILD,13.35739676868483,13.591675072301445,13.315436734313357,13.584681510925293,11437600.0
2011-12-22,GILD,13.577687854415244,13.60216464971293,13.434321862121212,13.532230377197266,9562200.0
2011-12-23,GILD,13.61265634593983,13.752524911749145,13.546219510817432,13.738537788391113,8778600.0
2011-12-27,GILD,13.77350059672325,13.948335590505238,13.651116634629918,13.944839477539062,6503200.0
2011-12-28,GILD,13.951835956188972,14.056736707627186,13.864418441009557,13.948338508605957,12766200.0
2011-12-29,GILD,13.934353258302679,14.186116162690286,13.895890666919552,14.18262004852295,12289600.0
2011-12-30,GILD,14.10219588551945,14.35745490048506,14.074221637031698,14.311997413635254,9839800.0
2012-01-03,GILD,14.497318464891036,14.682644479411596,14.458854549917236,14.637187004089355,19564000.0
2012-01-04,GILD,14.668661321668907,14.707125247034302,14.581243794524141,14.693138122558594,16236000.0
2012-01-05,GILD,14.700129948065852,15.025323217335632,14.686142825242637,14.867971420288086,18431800.0
2012-01-06,GILD,14.819016075452835,15.070777587132278,14.75607536406165,14.958883285522461,15542000.0
2012-01-09,GILD,14.857482362646309,15.032317403546953,14.808527430730305,14.941402435302734,16801200.0
2012-01-10,GILD,15.070775566389125,15.7491361795626,15.014828423085808,15.472896575927734,30110000.0
2012-01-11,GILD,15.406468379952106,15.59528926056714,15.308559823978017,15.52535629272461,15471000.0
2012-01-12,GILD,15.51836190287062,15.72466734834718,15.374997192209673,15.700190544128418,15342400.0
2012-01-13,GILD,15.58479339358541,15.73165550228598,15.385481579830254,15.696687698364258,18483000.0
2012-01-17,GILD,15.735153665263685,16.25965878743914,15.689696181187204,16.175737380981445,24215200.0
2012-01-18,GILD,16.19671660708353,16.62681060845871,16.119788769250682,16.612823486328125,26292400.0
2012-01-19,GILD,16.532399923581988,16.602334201993695,16.36106234205299,16.507923126220703,24058000.0
2012-01-20,GILD,16.4834419438573,16.59533622599523,16.37504510834653,16.588342666625977,14076000.0
2012-01-23,GILD,16.48344742500525,16.58834818265598,16.441487388722056,16.563871383666992,15997800.0
2012-01-24,GILD,16.546382071714287,16.73520416649482,16.458964583451266,16.668766021728516,15147400.0
2012-01-25,GILD,16.584850260760135,16.952003539455376,16.584850260760135,16.88556671142578,15804800.0
2012-01-26,GILD,16.983479230450357,17.0569096424735,16.731716293358687,16.9904727935791,18193200.0
2012-01-27,GILD,16.98696751519475,17.130332147280296,16.89955002407222,17.035921096801758,16363800.0
2012-01-30,GILD,16.95200330632906,17.09536796875793,16.78416184791614,17.01144790649414,14153400.0
2012-01-31,GILD,16.941516145161497,17.091874390731068,16.91354189766691,17.084880828857422,13315800.0
2012-02-01,GILD,17.151315307013142,17.273700622142044,17.088374592692077,17.186283111572266,19617600.0
2012-02-02,GILD,17.175793203044798,17.354125683001744,16.913540654543176,17.242231369018555,17363600.0
2012-02-03,GILD,18.675876551511067,19.196885491561428,18.53251189024384,19.126951217651367,75343200.0
2012-02-06,GILD,18.987088926470523,19.756363525202463,18.966109571104106,19.592018127441406,37824600.0
2012-02-07,GILD,19.301784780436403,19.53956049347491,19.11296265527902,19.259824752807617,27495600.0
2012-02-08,GILD,19.07799189554825,19.19687972531895,18.822733006252175,18.976587295532227,23592000.0
2012-02-09,GILD,19.018553399688805,19.018553399688805,18.72133439709395,18.787771224975586,15745800.0
2012-02-10,GILD,18.738814513577516,18.86819203429162,18.679369922621216,18.794761657714844,14493000.0
2012-02-13,GILD,18.80525838750425,19.221366678697073,18.784279034257978,19.196889877319336,14034800.0
2012-02-14,GILD,18.976592579390392,19.19688507051554,18.93812866288922,19.0779972076416,14643000.0
2012-02-15,GILD,19.196885222951337,19.200381336349523,18.90665845714541,19.16891098022461,12190800.0
2012-02-16,GILD,19.22136578741648,19.31927298838755,19.060516527968275,19.16541862487793,17269800.0
2012-02-17,GILD,16.084822066286776,16.74220212422292,15.94495351476492,16.434492111206055,124983800.0
2012-02-21,GILD,16.277134343001848,16.34706859306466,15.591781626933004,15.626748085021973,38854000.0
2012-02-22,GILD,15.45891219685504,15.74214541034397,15.319044980746645,15.570806503295898,36038400.0
2012-02-23,GILD,15.70368767055208,15.847052390449864,15.51486545393962,15.787609100341797,22631200.0
2012-02-24,GILD,15.875021901675272,15.90998837553985,15.616265459866773,15.826066970825195,13753400.0
2012-02-27,GILD,15.735155032121034,15.84355324698558,15.654731066467578,15.801591873168945,15203600.0
2012-02-28,GILD,15.840052408387196,16.228186362855922,15.78060914236567,16.084821701049805,17867800.0
2012-02-29,GILD,16.046357057345965,16.16174880459179,15.875019493956145,15.923973083496094,18379000.0
2012-03-01,GILD,16.0498569729366,16.315605642975367,16.000902041982304,16.29812240600586,16514800.0
2012-03-02,GILD,16.343580327433912,16.532401159206874,16.18273107489955,16.430997848510742,15709000.0
2012-03-05,GILD,16.4205059511787,16.483446669662023,16.06733977203156,16.165246963500977,13825600.0
2012-03-06,GILD,15.937961192404972,16.144265237144065,15.868026917062126,16.042861938476562,18648000.0
2012-03-07,GILD,16.039363342047434,16.056846576159344,15.66521652973443,15.902992248535156,15951600.0
2012-03-08,GILD,16.0078891510724,16.423997226203053,15.976418803658193,16.2701416015625,13422000.0
2012-03-09,GILD,16.291126053658168,16.298119614025023,16.056846449966947,16.116291046142578,11584000.0
2012-03-12,GILD,16.19671520092724,16.277139145367848,16.081324788081247,16.14076805114746,8289400.0
2012-03-13,GILD,16.20370810686483,16.375046996454937,15.955442723113126,16.368053436279297,14249800.0
2012-03-14,GILD,16.368050466386048,16.403016927034557,16.224685843511224,16.31559944152832,10575400.0
2012-03-15,GILD,16.41001071886537,16.50442176461837,16.3086061141064,16.490434646606445,12254600.0
2012-03-16,GILD,16.427499685851974,16.563870799375984,16.287632458546653,16.3400821685791,17104600.0
2012-03-19,GILD,16.277144303037332,16.514920098415725,16.200217781393047,16.458972930908203,7009200.0
2012-03-20,GILD,16.441484831844534,16.455471953058908,16.30860984807856,16.406517028808594,11708800.0
2012-03-21,GILD,16.448478469290762,16.448478469290762,16.14776203120338,16.189722061157227,8691600.0
2012-03-22,GILD,16.07083511981957,16.336585103835493,15.997404729717292,16.30511474609375,9333000.0
2012-03-23,GILD,16.378543910487544,16.434491060743174,16.10929783304318,16.38204002380371,10342600.0
2012-03-26,GILD,16.434491462575252,16.525405083756556,16.32259715932812,16.51141929626465,11661800.0
2012-03-27,GILD,16.581349581468963,16.682754194395624,16.47644885570022,16.570859909057617,9534800.0
2012-03-28,GILD,16.59184435081217,16.700241214007512,16.41001576242773,16.567367553710938,10210400.0
2012-03-29,GILD,16.504427335906957,16.77367344604164,16.462467301592007,16.703739166259766,11387200.0
2012-03-30,GILD,16.78416433771828,17.126840866213765,16.759687538103286,17.084880828857422,14474600.0
2012-04-02,GILD,17.03242894804306,17.067396755699686,16.72472024397756,17.05690574645996,14014200.0
2012-04-03,GILD,16.97298370454786,17.084878008282296,16.598836876332346,16.819128036499023,17569600.0
2012-04-04,GILD,16.745696240461875,16.745696240461875,15.927468379587417,16.500926971435547,35547200.0
2012-04-05,GILD,16.444980232896498,16.74220054334414,16.434490559382724,16.700239181518555,16543000.0
2012-04-09,GILD,16.329593990466126,16.577859442149844,16.28413650382871,16.29113006591797,11947400.0
2012-04-10,GILD,16.228188898507966,16.301619297614636,15.969432443803049,16.0044002532959,14541200.0
2012-04-11,GILD,16.133776188366255,16.259657622087957,15.850544296377835,15.882013320922852,13153200.0
2012-04-12,GILD,15.941456205113608,16.098807980298012,15.875019381762533,15.986913681030273,12839200.0
2012-04-13,GILD,16.007895653959498,16.13727454248935,15.899498784075893,15.913484573364258,12426000.0
2012-04-16,GILD,15.927467607749545,16.084819368347365,15.871520463302003,16.035865783691406,9391400.0
2012-04-17,GILD,16.158255935014793,16.406521400235075,16.12328945654753,16.322601318359375,9166200.0
2012-04-18,GILD,16.30861208141047,16.479951005036796,16.20371132570794,16.29812240600586,11502400.0
2012-04-19,GILD,19.039540186178627,19.144440965789357,18.04297944516223,18.270265579223633,72033400.0
2012-04-20,GILD,18.263265828900757,18.36816657297359,17.633860030578443,17.833171844482422,29794800.0
2012-04-23,GILD,17.661832243424453,18.147874694994087,17.62336966142646,17.97653579711914,16151800.0
2012-04-24,GILD,17.98003837878355,18.30872917175293,17.94507189752057,18.30872917175293,14329600.0
2012-04-25,GILD,18.347184185753207,18.385648096782603,18.0674471360431,18.382150650024414,12612800.0
2012-04-26,GILD,18.2772547535492,18.4590833503595,18.196830797363283,18.434606552124023,13356800.0
2012-04-27,GILD,18.35768030715919,18.61993288297575,18.08144060716654,18.238792419433594,11804600.0
2012-04-30,GILD,18.18284484749314,18.350686332172966,18.06395696244257,18.189838409423828,10283400.0
2012-05-01,GILD,18.16536445913846,18.175854136737186,17.934582214766102,17.987031936645508,12372600.0
2012-05-02,GILD,17.976535252336173,18.2038212935483,17.83317060086113,18.140880584716797,11708800.0
2012-05-03,GILD,18.16885334810839,18.22480049619483,17.87862793424911,17.969541549682617,9558400.0
2012-05-04,GILD,17.784216734027716,17.864640675411337,17.549937136183924,17.577911376953125,12764800.0
2012-05-07,GILD,17.528957953979123,17.591898662415222,17.406572650293267,17.44853401184082,11738400.0
2012-05-08,GILD,17.308666763280986,17.452031424530524,17.10935494968736,17.294679641723633,16516600.0
2012-05-09,GILD,17.483502036765124,17.7597416890785,17.238732741473342,17.707290649414062,17594000.0
2012-05-10,GILD,17.791215693609924,17.959057187507064,17.756247882036174,17.92059326171875,13056600.0
2012-05-11,GILD,18.266766383704166,18.266766383704166,17.899611716162443,18.12689781188965,19139800.0
2012-05-14,GILD,18.060460857575162,18.55349563591131,17.920592286661634,18.343692779541016,18509400.0
2012-05-15,GILD,18.291242007904525,18.308725244786107,18.06745204060969,18.137386322021484,12099400.0
2012-05-16,GILD,18.130386121277596,18.22130105398619,18.032478963485246,18.03597640991211,13440000.0
2012-05-17,GILD,18.025492655322207,18.10941406281969,17.518470764160156,17.518470764160156,16547400.0
2012-05-18,GILD,17.61637434017195,17.61637434017195,17.382094754974098,17.4625186920166,15807800.0
2012-05-21,GILD,17.493986176590518,17.80519220096737,17.483496505530375,17.794702529907227,11385800.0
2012-05-22,GILD,17.80869218521663,17.81218829810661,17.556929372814306,17.647844314575195,8592200.0
2012-05-23,GILD,17.560427932056367,17.626864752255752,17.396082604228432,17.553434371948242,9576000.0
2012-05-24,GILD,17.5289663911814,17.731774400737727,17.49050245819161,17.70030403137207,5950000.0
2012-05-25,GILD,17.742257977195816,17.74925020400358,17.54644227944566,17.65484046936035,5765200.0
2012-05-29,GILD,17.780713725479302,17.875124757717334,17.658329795106738,17.819177627563477,9108000.0
2012-05-30,GILD,17.70729023052753,17.773728390382185,17.546442335726816,17.658336639404297,11467600.0
2012-05-31,GILD,17.619876861683846,17.66183690194885,17.343637151010842,17.466022491455078,13342600.0
2012-06-01,GILD,17.273704422115873,17.343637378847685,16.9100471780136,17.018444061279297,11261000.0
2012-06-04,GILD,17.018439900843777,17.273700199277805,16.948506961208214,17.20726203918457,9012200.0
2012-06-05,GILD,17.133828958279352,17.203763220804454,16.868080361346102,16.96249008178711,13695600.0
2012-06-06,GILD,16.9799779392291,17.270203384220636,16.9659908172358,17.21076011657715,8403600.0
2012-06-07,GILD,17.396089349474224,17.445042955327413,17.13383674621582,17.13383674621582,7104400.0
2012-06-08,GILD,17.098867040511784,17.42056286622633,17.070892794509405,17.357622146606445,7522000.0
2012-06-11,GILD,17.357615462227194,17.448530392838318,17.287681208038244,17.322649002075195,8479400.0
2012-06-12,GILD,17.284188593904645,17.350625415194266,17.06389611548188,17.280691146850586,7200600.0
2012-06-13,GILD,17.305173496299005,17.570922180174087,17.16530492548967,17.17579460144043,9520400.0
2012-06-14,GILD,17.24922779509118,17.53945330334588,17.207266419964554,17.514976501464844,12478400.0
2012-06-15,GILD,17.507975894148466,17.61637406878023,17.45902231008416,17.584903717041016,14875000.0
2012-06-18,GILD,17.605886041689452,17.651343520535477,17.45902526464355,17.55693244934082,8566000.0
2012-06-19,GILD,17.61287667978821,17.850652375068165,17.57091665529326,17.738758087158203,8924400.0
2012-06-20,GILD,17.780721456140306,17.90660288718812,17.61287999270501,17.756244659423828,8195000.0
2012-06-21,GILD,17.819187378568735,17.94856627162957,17.427557253184126,17.455530166625977,10058800.0
2012-06-22,GILD,17.44503838433732,17.717780593418073,17.361118320259564,17.66533088684082,11571400.0
2012-06-25,GILD,17.577915247770918,17.665332768596983,17.420563443506904,17.581411361694336,9848800.0
2012-06-26,GILD,17.57092067269844,17.70029822257168,17.518469629673522,17.61288070678711,6064400.0
2012-06-27,GILD,17.609387075083283,17.952063625192316,17.609387075083283,17.92059326171875,6772800.0
2012-06-28,GILD,17.889114168466957,17.90310128627083,17.39258349139422,17.49748420715332,10368000.0
2012-06-29,GILD,17.88212627057595,17.95905410896561,17.633860853445277,17.931079864501953,10835600.0
2012-07-02,GILD,17.899609215249825,18.067450677645297,17.829676272999073,18.053464889526367,7177800.0
2012-07-03,GILD,18.01849396281254,18.217805748244242,17.959050705420868,18.210813522338867,3587200.0
2012-07-05,GILD,18.193330355451366,18.23529171742236,17.95205852660175,17.9940185546875,6372600.0
2012-07-06,GILD,17.997510021974698,18.088423608267913,17.749243381399957,17.819177627563477,6565800.0
2012-07-09,GILD,17.87163973327057,18.01500442660147,17.7842222048033,18.008010864257812,6679800.0
2012-07-10,GILD,18.15137458910911,18.22130887492866,17.980035655545496,18.04297637939453,9118400.0
2012-07-11,GILD,17.6233694285702,17.780719869453204,17.500984122023652,17.7177791595459,18216400.0
2012-07-12,GILD,17.535949979779126,17.791208904373814,17.34363042422789,17.71428108215332,9989600.0
2012-07-13,GILD,17.675817440486213,17.924082809219396,17.661830320981068,17.89261245727539,7181600.0
2012-07-16,GILD,17.899612648970106,18.161865234375,17.794711881585272,18.161865234375,7247600.0
2012-07-17,GILD,18.354182269388154,18.525519853988122,18.182843350902747,18.47307014465332,11474600.0
2012-07-18,GILD,18.483562008716508,18.637416375092222,18.354184443039525,18.5849666595459,8496600.0
2012-07-19,GILD,18.58496214283983,18.889174687509595,18.48006006947036,18.798259735107422,10491600.0
2012-07-20,GILD,18.770287324370774,18.882181627303225,18.54300127122874,18.56048583984375,12412400.0
2012-07-23,GILD,18.319211761199192,18.319211761199192,18.067448925084545,18.144376754760742,8093000.0
2012-07-24,GILD,18.165361552958693,18.17585122887923,17.81219401293094,17.868141174316406,13031000.0
2012-07-25,GILD,17.90660408092088,17.987028037477202,17.75974329083163,17.89961051940918,6873800.0
2012-07-26,GILD,18.161855519114077,18.238783329858844,17.84715338530214,18.070941925048828,10841200.0
2012-07-27,GILD,18.86819461323473,19.438157139083415,18.749306748957434,19.406686782836914,28110600.0
2012-07-30,GILD,19.40668455547699,19.595506671284337,19.38220776274846,19.445148468017578,14145800.0
2012-07-31,GILD,19.1828946943911,19.469623961985704,18.994072591179506,18.997570037841797,13024600.0
2012-08-01,GILD,19.039535052611676,19.09198476133231,18.707348228505982,18.752805709838867,13132600.0
2012-08-02,GILD,20.24589359485358,20.5745829156501,19.592009732476445,20.032594680786133,58864400.0
2012-08-03,GILD,20.238898158716268,20.462686725228075,19.854260392874664,19.885730743408203,17163400.0
2012-08-06,GILD,19.913709757127165,20.186451971240345,19.840279366232906,20.15498161315918,11487000.0
2012-08-07,GILD,20.060573450118707,20.193448462842692,19.896229408632145,20.12351417541504,8351200.0
2012-08-08,GILD,19.92419704152233,20.025601664716575,19.756355596520773,19.868249893188477,8649200.0
2012-08-09,GILD,19.784330674186915,20.029098624818968,19.75985254523842,19.896224975585938,7932200.0
2012-08-10,GILD,19.885735514668955,19.906716198020316,19.745868293982735,19.85076904296875,6476400.0
2012-08-13,GILD,19.728383309714864,19.815800821013962,19.68992072520697,19.801815032958984,6270600.0
2012-08-14,GILD,19.924199225951035,20.21792212037796,19.85076883581565,20.130504608154297,11102400.0
2012-08-15,GILD,20.161981788106885,20.319333630129595,20.036100314488717,20.2703800201416,8732200.0
2012-08-16,GILD,19.906715356543895,20.280862190239205,19.689920306618887,19.82279396057129,19966000.0
2012-08-17,GILD,19.906717422922423,20.018611739910646,19.637471305830292,19.84377670288086,13487200.0
2012-08-20,GILD,19.86825336029784,19.8857365970996,19.53257041171637,19.75286293029785,7036800.0
2012-08-21,GILD,19.756355596520773,19.917203481244947,19.68292521443607,19.868249893188477,8147200.0
2012-08-22,GILD,19.791322975267672,19.966157988596485,19.74236938495725,19.74936294555664,7431400.0
2012-08-23,GILD,19.76335008500756,19.83328435718073,19.592011184877553,19.5990047454834,7086600.0
2012-08-24,GILD,19.679427232741123,20.140991527427808,19.630473646014533,20.032594680786133,12176600.0
2012-08-27,GILD,20.06056987974357,20.099033797677265,19.70041016433783,19.997629165649414,6233600.0
2012-08-28,GILD,20.130504759824742,20.368280501575423,20.11651763763108,20.151485443115234,10713400.0
2012-08-29,GILD,20.158482598367517,20.284362718898088,20.05707794521162,20.196945190429688,8791400.0
2012-08-30,GILD,20.165467101928463,20.249388484019576,20.011612790960726,20.109519958496094,7308600.0
2012-08-31,GILD,20.16896825719492,20.312332921968814,20.029099705953644,20.17246437072754,6114600.0
2012-09-04,GILD,20.1095220626671,20.37177457505073,19.938184501552207,20.28435707092285,9283000.0
2012-09-05,GILD,20.23890280463944,20.665499357272658,20.175962089124063,20.434717178344727,16491600.0
2012-09-06,GILD,20.564096508226285,20.815858041928635,20.546611938288486,20.80187225341797,13525600.0
2012-09-07,GILD,20.840329108826793,20.871799458622032,20.536116616729515,20.7214412689209,8119600.0
2012-09-10,GILD,20.707462327666214,20.945238086058232,20.641024159539175,20.861316680908203,11183800.0
2012-09-11,GILD,20.80536848681942,20.94523704381439,20.689976727215758,20.73893165588379,7886800.0
2012-09-12,GILD,20.819357534385848,20.945238980544033,20.7878871728463,20.89278793334961,11742200.0
2012-09-13,GILD,20.871807350315677,21.17951740533911,20.812364074829567,21.06412696838379,11020200.0
2012-09-14,GILD,21.039642691386636,21.91032155477628,20.980199433257283,21.686532974243164,29969600.0
2012-09-17,GILD,21.651575075442736,23.17263969633496,21.648078960847997,23.008296966552734,42983200.0
2012-09-18,GILD,22.822958632912982,23.620208435650156,22.77051026964168,23.347463607788086,37150800.0
2012-09-19,GILD,23.49782434541659,23.52929603454905,23.305507434518073,23.50132179260254,25121800.0
2012-09-20,GILD,23.36844782416042,23.567759626694254,23.09920041772054,23.539785385131836,17487600.0
2012-09-21,GILD,23.550271880071737,23.774060446824148,23.511807970057713,23.69363784790039,17886200.0
2012-09-24,GILD,23.32299227216703,23.599231943694253,23.281033571733605,23.483842849731445,10118600.0
2012-09-25,GILD,23.497825184743395,23.805536521605138,23.49083295789228,23.529296875,15775400.0
2012-09-26,GILD,23.441882875035063,23.732109686549652,23.00129781989722,23.099205017089844,16877000.0
2012-09-27,GILD,23.120180456101643,23.45935810190832,23.029265512681878,23.3020076751709,16017800.0
2012-09-28,GILD,23.24257046446468,23.291524061863928,22.934859089074003,23.19361686706543,12538000.0
2012-10-01,GILD,23.599232772955578,23.87547245418968,23.378941584626553,23.581750869750977,15170200.0
2012-10-02,GILD,23.697138053035808,24.298570964314578,23.67266125631031,24.190174102783203,27254000.0
2012-10-03,GILD,24.34053280701254,24.61327502379801,24.25661274056412,24.476903915405273,24339800.0
2012-10-04,GILD,24.476897235655763,24.595783741699307,24.165691184224034,24.36150550842285,20828600.0
2012-10-05,GILD,24.44892928303779,24.578308162079743,24.21465098954115,24.277591705322266,14542800.0
2012-10-08,GILD,24.372003226051845,24.585302185798167,24.337036752011834,24.41046714782715,9106000.0
2012-10-09,GILD,24.30905563422341,24.37899123030568,24.03631347892808,24.05030059814453,11406000.0
2012-10-10,GILD,24.109754002016853,24.211158658190694,23.602733388918978,23.648189544677734,18745000.0
2012-10-11,GILD,23.721612913583193,24.050303586586782,23.693641339444806,23.732105255126953,10018000.0
2012-10-12,GILD,23.920933359718667,24.022335343361462,23.68315757965819,23.756587982177734,6930000.0
2012-10-15,GILD,23.896447627855885,24.193669275858184,23.2110947161997,23.539785385131836,27701200.0
2012-10-16,GILD,23.64818221101865,23.952396085198853,23.585241501456213,23.91043472290039,12432000.0
2012-10-17,GILD,23.91743177028826,24.399975475193322,23.830014258458093,24.323047637939453,10334000.0
2012-10-18,GILD,24.06429390114781,24.172690768217244,23.85099494688345,23.878969192504883,14188800.0
2012-10-19,GILD,23.875472005594286,23.997855996810944,23.20410610997354,23.284528732299805,13346200.0
2012-10-22,GILD,23.28453002343553,23.38943211759291,23.0012981040901,23.21109962463379,9963000.0
2012-10-23,GILD,23.032767357717898,23.246066303527076,22.518751952825976,22.697084426879883,16187000.0
2012-10-24,GILD,24.018840529219805,24.337038939689293,23.623711600513403,23.896453857421875,24662000.0
2012-10-25,GILD,23.95239568433056,24.20765596544243,23.54328241290691,23.56076431274414,11959600.0
2012-10-26,GILD,23.504822641588227,23.892956634515507,23.253059763173674,23.45237159729004,11624200.0
2012-10-31,GILD,23.665670223185728,24.036319640235796,23.312502708809767,23.490835189819336,10130400.0
2012-11-01,GILD,23.67265891846942,23.89994496148623,23.45236776969525,23.602725982666016,8702600.0
2012-11-02,GILD,23.672655501417886,23.672655501417886,23.239065492928642,23.431385040283203,11575600.0
2012-11-05,GILD,23.350964317137823,23.529296780487222,22.987307163616006,23.441879272460938,7289400.0
2012-11-06,GILD,23.48733539588528,23.763575041141454,23.288023584468885,23.59223747253418,6264800.0
2012-11-07,GILD,23.417406247821045,23.504823769924144,22.843947516246413,22.885906219482422,13579200.0
2012-11-08,GILD,22.791493438666908,22.896395518349397,22.42783627494384,22.676101684570312,18285600.0
2012-11-09,GILD,22.592179497497867,23.200604566251787,22.560707809443628,22.73204803466797,18081600.0
2012-11-12,GILD,25.28463647685925,25.994466139644096,25.02937887454044,25.851102828979492,61555000.0
2012-11-13,GILD,25.969997255747177,26.3931004260568,25.368566922299642,25.41752052307129,37446600.0
2012-11-14,GILD,25.375558030351243,25.847612112823406,25.176246188073172,25.277650833129883,23384000.0
2012-11-15,GILD,25.19373185624263,25.550394185614394,24.865041107458204,25.48745346069336,16891800.0
2012-11-16,GILD,25.536398773065038,26.19727483634924,25.462968395785712,26.01544761657715,26510400.0
2012-11-19,GILD,26.127339370089466,26.309166572214014,25.79165653463412,26.16230583190918,18330000.0
2012-11-20,GILD,26.18329819077805,26.613393621487752,26.095880658889776,26.50849151611328,15283400.0
2012-11-21,GILD,26.484005601427555,26.571423103237706,26.14832271460903,26.417570114135742,8267400.0
2012-11-23,GILD,26.44205489716809,26.672835784434692,26.435060000958384,26.61688995361328,4055600.0
2012-11-26,GILD,26.449045937388597,26.522476337664184,26.113362964226873,26.389602661132812,10464400.0
2012-11-27,GILD,26.088872380440417,26.515470100458256,25.914037424221284,26.102859497070312,11027400.0
2012-11-28,GILD,26.067901400955385,26.207767276578483,25.532904022391804,26.183290481567383,10486400.0
2012-11-29,GILD,26.312675568521588,26.494502850458154,26.067907560574053,26.33016014099121,7691600.0
2012-11-30,GILD,26.358125801992717,26.42456396112975,26.08888105372316,26.225252151489258,8630200.0
2012-12-03,GILD,26.214767709860684,26.4770202837204,26.032937764699444,26.088886260986328,9308600.0
2012-12-04,GILD,26.316164552105167,26.522468568479816,25.914043524584862,25.931528091430664,10630800.0
2012-12-05,GILD,26.26372302577166,26.270715254378683,25.78817144735467,26.064411163330078,9700400.0
2012-12-06,GILD,26.16581764575303,26.19029444924375,25.760198996167976,25.809152603149414,12606000.0
2012-12-07,GILD,25.770680731088046,25.938523523131487,25.637807077057882,25.84760856628418,7619400.0
2012-12-10,GILD,25.963001251220703,26.1238491543281,25.868591511399043,25.963001251220703,8242000.0
2012-12-11,GILD,26.127349486950692,26.840676788916983,26.06091131632845,26.69381332397461,18427200.0
2012-12-12,GILD,26.704301415358735,26.966553940450012,26.599399338213967,26.65534782409668,11670200.0
2012-12-13,GILD,26.5679280334623,26.7252784678919,26.043423028336413,26.144824981689453,11188000.0
2012-12-14,GILD,26.1203453155322,26.1203453155322,25.68675530595531,25.959497451782227,9999400.0
2012-12-17,GILD,26.046924170721983,26.389602031604536,25.697254081881898,26.386104583740234,10991000.0
2012-12-18,GILD,26.49449623238794,26.791717883501242,26.281199974610846,26.522470474243164,8140600.0
2012-12-19,GILD,26.606389163610178,26.606389163610178,26.10286617496621,26.137832641601562,7224400.0
2012-12-20,GILD,26.211270039246525,26.242741735083346,25.69725457200444,25.75670051574707,9788800.0
2012-12-21,GILD,25.480461564920756,25.819639326550764,25.221703765885522,25.448989868164062,15813200.0
2012-12-24,GILD,25.365064925854718,25.518920596559777,25.330098455541023,25.407026290893555,2914400.0
2012-12-26,GILD,25.43849543041604,25.539900062229908,25.176242900205565,25.344085693359375,3927200.0
2012-12-27,GILD,25.344081044123385,25.64829221598838,24.9524497104543,25.38603973388672,8359200.0
2012-12-28,GILD,25.200725203084428,25.51542884165902,25.099320549111987,25.30912208557129,6763800.0
2012-12-31,GILD,25.26365516257103,25.777670441856873,25.07483305990867,25.683258056640625,8548000.0
2013-01-02,GILD,25.983986114949104,26.246238708496094,25.830133074152712,26.246238708496094,7941800.0
2013-01-03,GILD,26.263721705747614,26.52247683554337,26.134342806964145,26.207773208618164,5965400.0
2013-01-04,GILD,26.295192212898304,26.59241395200906,26.17280820326105,26.477022171020508,7126200.0
2013-01-07,GILD,26.886123026411614,26.952561172536175,26.644849900186692,26.882625579833984,7948400.0
2013-01-08,GILD,26.861651497487628,27.417628230350257,26.85815405022493,27.06446075439453,13371400.0
2013-01-09,GILD,27.085441449914413,27.232302229006777,26.89661930489391,27.22880744934082,8257400.0
2013-01-10,GILD,27.305734738462967,27.480569775080927,26.910608516103917,27.253286361694336,8277000.0
2013-01-11,GILD,27.305731336508707,27.43860765515703,27.050473708800137,27.302236557006836,8262400.0
2013-01-14,GILD,27.42812100002745,27.44910035043026,27.095932834614477,27.19384002685547,9162200.0
2013-01-15,GILD,27.06796446150246,27.396652550403612,26.952572685082853,27.050479888916016,9326800.0
2013-01-16,GILD,27.029488571391333,27.08193693039189,26.781220555861832,26.98402976989746,10416000.0
2013-01-17,GILD,27.06095928898795,27.309224652363866,26.788217133948773,27.109912872314453,8848400.0
2013-01-18,GILD,27.116923204302125,27.386168065887325,27.06447214437023,27.372180938720703,9848400.0
2013-01-22,GILD,27.477070399132586,27.512036867053247,27.095928695817022,27.2427921295166,8020800.0
2013-01-23,GILD,27.22880323227702,27.33720007608997,26.763741502740277,26.868640899658203,8987600.0
2013-01-24,GILD,27.029494661190416,27.536515142742175,26.95606160650494,27.41413116455078,11185800.0
2013-01-25,GILD,27.414137716911792,27.75331815737582,27.40364804024116,27.749820709228516,18244800.0
2013-01-28,GILD,28.015559085736573,28.106471357560476,27.421118533338614,27.581966400146484,5978900.0
2013-01-29,GILD,27.512037964759347,27.98758941721183,27.477071495443553,27.903669357299805,8439600.0
2013-01-30,GILD,27.952622754568015,28.246344296113946,27.72883415117,27.86870002746582,7279700.0
2013-01-31,GILD,27.798767857641884,27.847721449252557,27.44210559479689,27.588966369628906,7956200.0
2013-02-01,GILD,28.09249517211185,28.770856034737218,27.931647242702258,28.3652400970459,13030400.0
2013-02-04,GILD,28.470128662940567,28.603004960527418,27.630920191193297,27.68686866760254,12765200.0
2013-02-05,GILD,28.078498024195387,28.910711543970887,28.078498024195387,28.351240158081055,11527200.0
2013-02-06,GILD,28.40019250989825,28.40718473477023,27.658891288283698,27.910654067993164,11644000.0
2013-02-07,GILD,27.81974617782494,28.29529762255447,27.609944697566746,28.225364685058594,11699400.0
2013-02-08,GILD,28.197393533273114,28.861767183378873,28.078506992946526,28.603012084960938,8968800.0
2013-02-11,GILD,28.6030098008762,28.679934967301296,28.0854969775953,28.253339767456055,11061800.0
2013-02-12,GILD,28.295296532393344,28.637974315569796,28.183402236048668,28.554054260253906,9791000.0
2013-02-13,GILD,28.644969242977655,29.02960575619557,28.554056952717353,28.952680587768555,7962700.0
2013-02-14,GILD,28.798813579351005,29.197437057492806,28.749860006089357,29.0925350189209,8687400.0
2013-02-15,GILD,28.987635648118648,29.169462824837677,28.882733609546737,29.0925350189209,8020500.0
2013-02-19,GILD,29.547116813287705,30.099596087457897,29.414243165530674,29.568096160888672,11548300.0
2013-02-20,GILD,29.728944820707916,29.95972832137881,29.28836250305176,29.288362503051758,9391800.0
2013-02-21,GILD,29.24641450477094,29.267393862503027,28.798837088007467,29.050600051879883,9769500.0
2013-02-22,GILD,29.134509491723318,29.71496307582271,29.092548123838863,29.686988830566406,6138700.0
2013-02-25,GILD,29.910770193830512,30.316385980467597,29.414239466072786,29.435218811035156,9560900.0
2013-02-26,GILD,29.470185595853174,29.665999931686272,29.15548207914266,29.5471134185791,7196000.0
2013-02-27,GILD,29.64502562276323,30.274432763111562,29.428231904909346,29.99469566345215,7986000.0
2013-02-28,GILD,30.09260050947833,30.19750258064125,29.868811914249893,29.87580680847168,10104200.0
2013-03-01,GILD,29.812870948852794,30.421296124364222,29.638035913655298,30.386329650878906,11294500.0
2013-03-04,GILD,30.442274151993647,30.68704479129588,30.197506180462227,30.680049896240234,8814000.0
2013-03-05,GILD,31.01573370950011,31.87592441734657,31.01573370950011,31.48429298400879,15086800.0
2013-03-06,GILD,31.63115845672094,31.785014161853866,31.218547612040965,31.75004768371582,8542200.0
2013-03-07,GILD,31.540244132631813,31.61017975812774,31.127633279405508,31.435344696044922,9176500.0
2013-03-08,GILD,31.638151029703828,31.854944778902485,31.127630348846978,31.771024703979492,6885100.0
2013-03-11,GILD,31.812977058770194,32.13467281127466,31.596180703245707,32.12767791748047,7298000.0
2013-03-12,GILD,32.14867521500598,32.42840974104582,31.84096376825908,32.295536041259766,9915900.0
2013-03-13,GILD,32.27454859052818,32.27454859052818,31.896904273932783,32.078731536865234,6112100.0
2013-03-14,GILD,32.09971099879876,32.26755112540502,31.94585532626743,32.085723876953125,8979700.0
2013-03-15,GILD,32.03676941299334,32.16964306525674,31.442328755690337,31.589189529418945,14207400.0
2013-03-18,GILD,31.28847419730981,31.477293658262344,30.84089433601973,31.330432891845703,9084200.0
2013-03-19,GILD,31.337419456916493,31.470293067247745,30.617097601516026,31.03670310974121,9059300.0
2013-03-20,GILD,31.337435689188677,31.344427917451213,30.97377846079969,31.134626388549805,7041300.0
2013-03-21,GILD,31.085674155205847,31.28848346476857,30.95279780243033,31.14861488342285,12615200.0
2013-03-22,GILD,31.561221809738328,31.861938288548615,31.358412525374003,31.826969146728516,8290600.0
2013-03-25,GILD,32.17663346086775,32.26055618488272,31.302458427323767,31.456314086914062,12174000.0
2013-03-26,GILD,31.575201570054652,32.09271166795664,31.547227330230125,32.00179672241211,7122900.0
2013-03-27,GILD,32.30951546906886,33.44944066073929,32.11369841295119,33.37251281738281,18418400.0
2013-03-28,GILD,33.470410796771446,34.60334078108044,33.46341590324429,34.2256965637207,18502100.0
2013-04-01,GILD,34.27465207631825,34.38654636911818,33.50537914678998,33.5543327331543,14403100.0
2013-04-02,GILD,33.79911352134741,33.83407999818095,33.54735061971209,33.70819854736328,15536500.0
2013-04-03,GILD,33.74316429972035,33.82708437587328,33.08578547894205,33.309574127197266,9168000.0
2013-04-04,GILD,33.50538786213073,33.81309658042842,33.26061986664065,33.38650131225586,10050300.0
2013-04-05,GILD,32.799054704877726,33.183691260892246,32.54029692382728,33.127742767333984,10958000.0
2013-04-08,GILD,33.04381656575904,33.295579404531914,32.764079485395726,33.00885009765625,9538000.0
2013-04-09,GILD,33.631253590188926,34.13477913732722,33.56132067209519,33.778114318847656,13126300.0
2013-04-10,GILD,33.93198209948743,34.862103048737595,33.917994977302435,34.77818298339844,10084900.0
2013-04-11,GILD,35.106870858519045,36.34470306062737,35.0928837374603,36.120914459228516,15567100.0
2013-04-12,GILD,36.12791594761843,36.666408241460495,35.93909376657476,36.31673812866211,10697000.0
2013-04-15,GILD,36.54051028952107,36.61743810644748,35.40058548949437,35.44254684448242,13210200.0
2013-04-16,GILD,35.85516291711624,36.40064727555467,35.70830215411673,36.37267303466797,13561900.0
2013-04-17,GILD,36.15589030804277,36.505560421915966,35.477529433441966,36.32373046875,12453000.0
2013-04-18,GILD,36.281755063673785,36.407636460152546,35.33764459008304,35.56842803955078,9391500.0
2013-04-19,GILD,35.42856069269251,37.750369043306016,35.42856069269251,37.183902740478516,20436500.0
2013-04-22,GILD,37.84827761907479,37.93220033447256,37.26782684364306,37.79932403564453,15188600.0
2013-04-23,GILD,38.04409275717695,38.57558992314584,36.7712943147911,37.295799255371094,13828200.0
2013-04-24,GILD,37.1909053067403,37.428681038342596,35.26772010541224,35.36562728881836,18388700.0
2013-04-25,GILD,35.87615274295397,36.253797101919154,35.60341048406953,35.96706771850586,10862700.0
2013-04-26,GILD,36.009022410723915,36.54051970534619,35.86915385915888,35.93209457397461,9678600.0
2013-04-29,GILD,35.91810067326416,36.10692278207521,35.50548999129268,35.729278564453125,10806000.0
2013-04-30,GILD,35.491509134633205,35.58941631919578,34.568380440513664,35.414581298828125,13550600.0
2013-05-01,GILD,35.28169575719382,35.42156425991979,34.86908514142559,35.06489944458008,9679100.0
2013-05-02,GILD,36.89019319416487,37.211889025356065,36.33072160344737,36.49156951904297,16602700.0
2013-05-03,GILD,38.148994126008276,39.40780551522622,38.12801478098188,38.568599700927734,17089300.0
2013-05-06,GILD,38.58959150186705,38.9532487170701,37.848289947671844,38.065086364746094,13330700.0
2013-05-07,GILD,38.0231095458787,38.183957402449565,36.93913323643244,37.15592956542969,14096100.0
2013-05-08,GILD,37.15594047228412,37.35175484771635,36.35869318057198,36.63143539428711,12612500.0
2013-05-09,GILD,36.77130632319989,37.218883591816954,36.540522793448055,36.91816711425781,9815900.0
2013-05-10,GILD,36.904177965415435,37.169927954483505,36.498559420639396,36.98110580444336,12752600.0
2013-05-13,GILD,37.148944998743914,38.52664583584674,37.0160713414515,38.093055725097656,14485400.0
2013-05-14,GILD,38.107045519251066,39.35187011858086,38.04410479974726,39.33788299560547,16929400.0
2013-05-15,GILD,39.40081924457843,39.93231651848352,38.526644166084736,39.4148063659668,16779100.0
2013-05-16,GILD,39.5826433510443,39.610617591604715,37.9042289339757,38.435726165771484,15554100.0
2013-05-17,GILD,38.79937478501741,39.46374817996093,38.21892409335948,39.372833251953125,13909500.0
2013-05-20,GILD,39.225992063818154,39.708535843131784,38.61057193865977,38.981224060058594,9493700.0
2013-05-21,GILD,39.26094626115923,39.757477009360365,38.99519632035667,39.491729736328125,10085900.0
2013-05-22,GILD,39.8623836203598,40.60368504808322,38.89729358573321,39.11408996582031,12765800.0
2013-05-23,GILD,38.386770566660566,39.20499971965807,37.87625270815832,38.799381256103516,10768700.0
2013-05-24,GILD,38.67350550943609,39.40781205264759,38.393771080854435,39.03017044067383,8745700.0
2013-05-28,GILD,39.63859520433984,39.73650238686014,38.89030154619688,39.28892517089844,8669400.0
2013-05-29,GILD,39.12108296218649,39.29591798150444,38.35880217124941,38.90428924560547,9677700.0
2013-05-30,GILD,38.9882078169164,39.73650145755934,38.778406335312226,39.02317428588867,9719000.0
2013-05-31,GILD,39.30990217387957,39.30990217387957,38.10004425048828,38.10004425048828,11526200.0
2013-06-03,GILD,38.15599629227649,38.2119421122672,35.91111257460703,37.14894485473633,15319800.0
2013-06-04,GILD,37.15593629054895,37.54756499733735,36.30973283244441,36.58946990966797,11367200.0
2013-06-05,GILD,36.08594927012932,36.82725076071039,34.44949327603213,35.050926208496094,18605900.0
2013-06-06,GILD,35.23275190078242,36.14189341764412,34.72922621917324,35.911109924316406,14267400.0
2013-06-07,GILD,36.28176580431962,37.351755323372664,36.232812209838166,36.98809814453125,12883500.0
2013-06-10,GILD,37.449665069376394,37.45665996493467,36.44261619843464,36.673397064208984,8744200.0
2013-06-11,GILD,36.2957554049627,37.05104139122626,35.93909042907827,36.673397064208984,7277900.0
2013-06-12,GILD,36.94613182354523,37.10697969619898,35.7642455691782,35.78522491455078,9707600.0
2013-06-13,GILD,35.84118791360001,36.435626060668255,35.44256418339729,36.330726623535156,9292700.0
2013-06-14,GILD,36.288751701166966,36.91815876008874,36.260777461265924,36.526527404785156,6216700.0
2013-06-17,GILD,36.904197198135904,37.24687253704725,35.540482737878676,35.68734359741211,10079200.0
2013-06-18,GILD,35.57543663848306,36.400658320645505,35.57543663848306,36.32373046875,6873600.0
2013-06-19,GILD,36.23980780929401,36.400655730095956,35.36563258682402,35.38661193847656,6406800.0
2013-06-20,GILD,35.099873996373276,35.28170389217289,34.28164746858625,34.512428283691406,11510700.0
2013-06-21,GILD,34.708244655100486,34.918046119782105,33.62426819777014,34.148773193359375,20298000.0
2013-06-24,GILD,33.70818637643529,34.76418853503861,32.65917644356554,34.21870422363281,11453100.0
2013-06-25,GILD,34.55440477368021,35.5824358879252,34.48447180945836,34.81315994262695,12879000.0
2013-06-26,GILD,35.260729398653304,36.106933015247144,35.17680932687666,35.88314437866211,9904400.0
2013-06-27,GILD,36.15587465527061,36.33070963651682,35.45653473028576,35.6733283996582,8249000.0
2013-06-28,GILD,35.631378769452745,36.09294313056709,35.400595255010174,35.855167388916016,9086200.0
2013-07-01,GILD,36.34470306062737,36.92515391182733,36.036991732876025,36.120914459228516,9472900.0
2013-07-02,GILD,36.155878063292526,36.834236040385605,35.96006105175556,36.526527404785156,8566000.0
2013-07-03,GILD,36.37267154562797,36.60345502183967,36.10692427139493,36.35169219970703,2786800.0
2013-07-05,GILD,36.645419173527394,37.40769992405495,36.5545042213258,37.28881072998047,6126900.0
2013-07-08,GILD,37.484625087549574,37.73638792886444,37.21188289871531,37.28881072998047,10022700.0
2013-07-09,GILD,37.778354161146055,38.32383860912525,37.30979488657682,38.03011703491211,8202100.0
2013-07-10,GILD,38.03709963253174,38.81336740752548,37.89723110831995,38.694480895996094,8768300.0
2013-07-11,GILD,39.18403652843486,39.33789224958681,38.73645915901634,39.05815505981445,11373200.0
2013-07-12,GILD,39.16304291494496,40.46381583860607,38.99520012863328,40.10015869140625,13267800.0
2013-07-15,GILD,40.00225211793366,40.3659092706514,39.73650214714557,40.32394790649414,7637500.0
2013-07-16,GILD,40.24702214994186,40.40087782535517,39.708529953766075,39.96029281616211,8831400.0
2013-07-17,GILD,40.1211328496015,40.40086990134671,39.93930563340629,40.38688278198242,9123400.0
2013-07-18,GILD,40.45682602869492,40.86943681797315,40.25401941561684,40.71558380126953,8821500.0
2013-07-19,GILD,40.96734369957109,42.31706761717063,40.205062895749386,42.030338287353516,14574100.0
2013-07-22,GILD,41.75759506225586,42.28210011629858,40.98832205010147,41.75759506225586,12171600.0
2013-07-23,GILD,41.95341376966325,42.065308078944,41.29603236833941,41.34498596191406,10997200.0
2013-07-24,GILD,41.75759091485681,42.05131510318854,41.296026619853,41.87648010253906,9589400.0
2013-07-25,GILD,42.04433096395153,42.757658269199595,41.128197033578594,42.56184387207031,11325400.0
2013-07-26,GILD,44.6318807304675,44.78573639154447,43.06536054917123,43.75770568847656,14716300.0
2013-07-29,GILD,43.77868175028874,43.932537399819125,43.05836242343341,43.37306594848633,10264600.0
2013-07-30,GILD,43.35907585574697,43.55489018334455,42.981431651577246,43.17025375366211,11134400.0
2013-07-31,GILD,43.42901572513902,43.49895133029773,42.91150558581737,42.93947982788086,8423200.0
2013-08-01,GILD,43.39405155355288,43.49895363295875,42.63876565225092,43.35908508300781,7726300.0
2013-08-02,GILD,43.26117771346243,43.32411842728279,42.8555591871155,43.18424987792969,5614300.0
2013-08-05,GILD,43.18424641767386,43.28914848822579,42.261117800790565,42.62477493286133,6105100.0
2013-08-06,GILD,42.60379749399694,42.60379749399694,41.38694721730384,41.94641876220703,8579000.0
2013-08-07,GILD,42.0513209115589,42.28909665199597,41.40093440588608,42.114261627197266,9417900.0
2013-08-08,GILD,42.3100719137989,42.50588626896959,41.463871115787846,41.470863342285156,8283700.0
2013-08-09,GILD,41.13518245330498,42.12125183928515,40.96034743687041,41.40792465209961,5666200.0
2013-08-12,GILD,41.16315353635254,41.35896788604117,40.78550928957837,41.19112777709961,6263600.0
2013-08-13,GILD,41.33099513787328,41.57576575159386,40.71557782583585,41.21210861206055,4565900.0
2013-08-14,GILD,41.337999783650126,41.65270340823063,40.65963893375116,40.68061828613281,5155200.0
2013-08-15,GILD,40.12114053683311,40.31695757768149,39.135071108766695,39.785457611083984,7345200.0
2013-08-16,GILD,39.694547825534876,40.37290866035929,39.337885504116834,39.7994499206543,7598300.0
2013-08-19,GILD,39.750488665379955,40.65263797279273,39.6875479539844,40.10015869140625,5518000.0
2013-08-20,GILD,40.07917060208926,40.94635058354721,40.07917060208926,40.56171417236328,5349400.0
2013-08-21,GILD,40.35193185652237,41.638717988090434,40.16310967404664,41.04427719116211,10075700.0
2013-08-22,GILD,41.08624291785829,41.94643117285704,41.05127643616336,41.91146469116211,4750500.0
2013-08-23,GILD,41.95341167567309,42.04432396333365,41.5897545217189,41.708641052246094,6215500.0
2013-08-26,GILD,41.83453206376702,42.65276151460403,41.680676360515164,42.25413513183594,6619100.0
2013-08-27,GILD,41.820533811091764,41.84151582635197,40.96034588299823,41.0792350769043,6127400.0
2013-08-28,GILD,41.1421657899209,42.68770626075174,40.91138235253093,42.26810073852539,8862800.0
2013-08-29,GILD,42.05133002966389,42.85556971746094,41.897474320793435,42.610801696777344,5500100.0
2013-08-30,GILD,42.771635518624514,42.771635518624514,41.932426961028526,42.14922332763672,5545400.0
2013-09-03,GILD,42.589809644691975,43.07934554010294,42.1352375500726,42.60379409790039,7068700.0
2013-09-04,GILD,42.51987127364235,42.981435564838606,42.21216263543497,42.73666763305664,7264000.0
2013-09-05,GILD,42.79261833493734,42.86954617022135,42.31706686933677,42.70869827270508,4951900.0
2013-09-06,GILD,42.90451168176377,42.99542663668337,41.55478515040695,42.7436637878418,8284700.0
2013-09-09,GILD,42.71569228225808,43.820648193359375,42.71569228225808,43.820648193359375,5751200.0
2013-09-10,GILD,44.170319373878634,44.45005647316291,43.673788557031216,43.96051788330078,4835000.0
2013-09-11,GILD,44.14234554945812,44.26822697855402,43.484966828001205,44.00947189331055,5462000.0
2013-09-12,GILD,44.058418174983345,44.401095934607696,43.55489254215419,44.19129180908203,4853700.0
2013-09-13,GILD,44.4290771484375,44.492017866201245,43.862613356334684,44.4290771484375,3839800.0
2013-09-16,GILD,44.81371975986903,44.90463206195643,43.76470949583956,44.072418212890625,7037400.0
2013-09-17,GILD,43.98847716397336,44.324159968268575,43.610833008727575,43.84161376953125,5631400.0
2013-09-18,GILD,43.93954170801351,45.12142290114778,43.76470667527643,44.953582763671875,7916500.0
2013-09-19,GILD,45.19136777220882,45.27528518541222,44.50601199630663,44.981563568115234,5450300.0
2013-09-20,GILD,45.04450173599595,45.093455333197554,44.61790114880733,44.65986251831055,9073800.0
2013-09-23,GILD,44.35913595531744,44.54795807349989,43.589863030370005,43.76469802856445,5998800.0
2013-09-24,GILD,43.79967052152014,44.170319915007525,43.610848377355616,43.8765983581543,5175000.0
2013-09-25,GILD,43.79966076061165,43.876588580102165,43.15626663486655,43.17025375366211,5358300.0
2013-09-26,GILD,43.60384507108491,44.19828563273283,43.39404361840867,43.918548583984375,4672200.0
2013-09-27,GILD,43.61084048992923,44.70880401767254,43.46397973806375,44.43606185913086,5632700.0
2013-09-30,GILD,43.46399472028215,44.5479715022938,43.35909262263505,43.9675178527832,7887300.0
2013-10-01,GILD,44.072404227573045,44.31017991867817,43.56887860693391,43.918548583984375,6773000.0
2013-10-02,GILD,43.62484496733684,43.841638734607514,43.28916197189111,43.638832092285156,5045800.0
2013-10-03,GILD,43.56190294037118,43.84863232383602,42.9185085507847,43.15628433227539,6715000.0
2013-10-04,GILD,43.10033713561708,44.10039383185163,43.10033713561708,44.08640670776367,6351200.0
2013-10-07,GILD,43.46397684374969,43.7437112094699,43.121299111112606,43.19822692871094,8070600.0
2013-10-08,GILD,43.24718544157062,43.275159681664014,41.470861212196034,41.52680969238281,9671000.0
2013-10-09,GILD,41.8275270813581,42.128243499963034,41.12818706930391,41.19112777709961,15313300.0
2013-10-10,GILD,43.10033043251257,43.918557056121486,42.764647509921424,43.8765983581543,15240300.0
2013-10-11,GILD,44.01644873017062,44.39409288541641,43.624820125711096,43.84161376953125,8092400.0
2013-10-14,GILD,43.68778397521294,44.67385356918004,43.22621954118091,44.6668586730957,8669400.0
2013-10-15,GILD,44.373124128308945,45.26128626034587,44.35913700798903,44.478023529052734,8003800.0
2013-10-16,GILD,44.79972106611915,45.97461254178661,44.65286029860335,45.91167449951172,8336700.0
2013-10-17,GILD,45.946636956689645,47.121528398006596,45.63893097755154,47.1075439453125,7651400.0
2013-10-18,GILD,47.044610572155776,47.86983218063257,46.499126096907766,47.70199203491211,15446800.0
2013-10-21,GILD,47.63205200458141,47.79989212535101,46.59702636616287,46.84878921508789,9685200.0
2013-10-22,GILD,46.86278162686826,47.72996185750724,46.60402386889708,47.618064880371094,6873000.0
2013-10-23,GILD,47.87682774943968,48.499240078465974,47.57611126071018,48.26146697998047,9770300.0
2013-10-24,GILD,48.562172978589935,49.0517088612205,48.219492525207585,48.83491516113281,10476900.0
2013-10-25,GILD,49.03772996857547,49.163611400602385,47.694992915107825,48.730018615722656,9458300.0
2013-10-28,GILD,48.953818354703884,49.23355552669646,47.98173581707533,48.06565856933594,7013300.0
2013-10-29,GILD,48.107606585111164,48.646096119687314,47.715977832692154,48.6041374206543,6255900.0
2013-10-30,GILD,50.2755642591273,51.19169817198784,49.95386842205828,50.821048736572266,16630600.0
2013-10-31,GILD,50.88399241327882,50.89098197340915,49.63217286502043,49.77903366088867,12730300.0
2013-11-01,GILD,49.92587786620206,49.995810793061004,49.247517271035655,49.63215637207031,9395500.0
2013-11-04,GILD,49.74406426228041,49.82798700329162,48.47826026472814,48.492244720458984,9332700.0
2013-11-05,GILD,48.59714908082549,48.981788325650086,48.429308926512164,48.632118225097656,7102200.0
2013-11-06,GILD,48.71602811771887,48.92582692137564,47.00264187571367,47.1075439453125,11095700.0
2013-11-07,GILD,47.48519881467577,47.862843148367716,45.827760683840346,45.8976936340332,13750800.0
2013-11-08,GILD,46.50611234857714,47.26140086724929,46.3312773397479,47.114540100097656,12507100.0
2013-11-11,GILD,47.37328951551206,47.61106788702921,47.00963506768317,47.21244430541992,9444800.0
2013-11-12,GILD,46.98166272855122,47.443224366990236,46.9676782757977,47.282379150390625,8446100.0
2013-11-13,GILD,47.45721936551769,47.91179149525697,46.8977451542168,47.9047966003418,11909400.0
2013-11-14,GILD,48.1006111093317,48.44328626356093,47.960745223882654,48.240482330322266,9619800.0
2013-11-15,GILD,48.576156597747975,48.883867910429515,47.96073930792576,48.87687301635742,9383800.0
2013-11-18,GILD,49.324462795019954,49.47132359479782,48.07963810929514,48.23349380493164,8781100.0
2013-11-19,GILD,48.11460855780319,48.85590747265349,47.79990226213745,48.716041564941406,7336500.0
2013-11-20,GILD,49.08668651335087,49.98184104578257,48.84890808943138,49.70909881591797,10245300.0
2013-11-21,GILD,49.807008044362064,50.26158022455584,49.8000131486705,50.09373474121094,9155300.0
2013-11-22,GILD,50.95392415261782,52.59737245080685,50.94692925711162,51.93999099731445,18519700.0
2013-11-25,GILD,52.74423510143502,52.751229997187664,52.05888471285591,52.1707763671875,12257400.0
2013-11-26,GILD,52.33161781396171,52.49246303937801,51.82809211857966,52.00992202758789,9030800.0
2013-11-27,GILD,52.27567994693875,52.66031919113315,51.87006135043235,52.19175720214844,8228900.0
2013-11-29,GILD,52.450507093164894,52.625342116808774,52.28965652377426,52.317630767822266,4900300.0
2013-12-02,GILD,52.33861867050541,52.42953631240517,51.47843320150339,52.114830017089844,11734800.0
2013-12-03,GILD,51.69522767400254,51.79313487775485,50.60425864045254,50.646217346191406,12863900.0
2013-12-04,GILD,50.36648416621954,50.97491212515794,50.002829571520074,50.681190490722656,11241700.0
2013-12-05,GILD,50.78606882679839,51.31057378658224,50.4154141733639,51.1846923828125,9662700.0
2013-12-06,GILD,51.79313237147994,51.84208597098723,51.107781978377936,51.744178771972656,11554900.0
2013-12-09,GILD,53.19880285394186,53.22677709907993,51.912019590840586,52.5833854675293,17248700.0
2013-12-10,GILD,52.4504938097222,52.52042673436047,49.114644751061526,50.91893768310547,25872900.0
2013-12-11,GILD,51.02385361182853,51.10078145051026,49.28949313282952,49.38040542602539,16840400.0
2013-12-12,GILD,49.226550450971374,49.800009133981135,48.988777372047615,49.14262771606445,12064600.0
2013-12-13,GILD,49.800019303548765,50.079756474821416,49.05172543833151,49.93289566040039,11343000.0
2013-12-16,GILD,50.37345909177752,50.60424257114116,49.89091278684277,49.946861267089844,12025400.0
2013-12-17,GILD,50.1566831993685,50.17066765662257,48.28944602670617,49.009765625,12247500.0
2013-12-18,GILD,50.548316737734176,51.52739423854493,49.3874145979698,51.46445083618164,17907500.0
2013-12-19,GILD,51.07279439312702,52.36657220054457,51.05181504884818,51.35253143310547,10040500.0
2013-12-20,GILD,51.71621317176174,52.50647112735793,51.56236278725801,52.21274948120117,14893400.0
2013-12-23,GILD,52.69527482265117,53.009981065122595,52.2267182419185,52.443511962890625,7545000.0
2013-12-24,GILD,52.44349902771982,52.47147326474243,51.898014744629286,52.42251968383789,4530700.0
2013-12-26,GILD,52.42953255899647,52.69527989854573,52.21972837713938,52.59037780761719,4852200.0
2013-12-27,GILD,52.70225884659009,52.70225884659009,51.9259910783732,52.06585693359375,4913900.0
2013-12-30,GILD,52.21971868015256,52.625337177465525,51.90501780134757,52.50645065307617,5899800.0
2013-12-31,GILD,52.49946361232661,52.62534504978764,51.863066865276025,52.520442962646484,6679700.0
2014-01-02,GILD,52.597373962402344,52.863121308313914,52.02391523187791,52.597373962402344,8279300.0
2014-01-03,GILD,52.597353339005466,52.625327575323595,51.91200322360133,51.97494125366211,6561500.0
2014-01-06,GILD,52.15677623203088,52.23370405555775,50.8629983549143,51.21965789794922,8346000.0
2014-01-07,GILD,51.401505542265674,51.66026334130091,50.849026134947664,50.897979736328125,8513000.0
2014-01-08,GILD,51.170725839412725,52.01692691863824,50.72314849726936,51.37353515625,11063200.0
2014-01-09,GILD,51.91200680513444,52.49245490827708,51.590305733051025,51.960960388183594,8825500.0
2014-01-10,GILD,52.45051236778103,52.47848661464222,51.415486576084994,52.35960006713867,8471300.0
2014-01-13,GILD,52.555405672763236,52.646317958205756,50.77208641619921,51.14973068237305,9130400.0
2014-01-14,GILD,51.4364658593899,52.5693933927709,50.925945245002815,52.443511962890625,11265200.0
2014-01-15,GILD,52.60435993336037,52.737236251543685,52.05188064814804,52.61135482788086,10223900.0
2014-01-16,GILD,52.72325056044829,55.26185324349823,52.66031251149558,54.47859573364258,20728500.0
2014-01-17,GILD,54.4715974009202,55.28982399891749,54.15689650493395,54.82826232910156,11843300.0
2014-01-21,GILD,55.77237233623502,57.05216598510742,55.541588825348235,57.05216598510742,13026200.0
2014-01-22,GILD,58.54875566464749,59.02430715938131,57.268961965292135,57.471771240234375,17385400.0
2014-01-23,GILD,57.20602623530182,57.54170651840717,56.583613930483,57.4507942199707,10756500.0
2014-01-24,GILD,57.17803785517886,57.82142935170794,55.77236301134898,56.38079071044922,13269300.0
2014-01-27,GILD,56.47870288703674,56.47870288703674,54.26179091454065,55.14995574951172,13638100.0
2014-01-28,GILD,56.366821696198286,56.76544541546995,55.82133716830471,56.415775299072266,10284700.0
2014-01-29,GILD,55.95419738107237,56.709480559633135,55.21988821421658,55.84230041503906,10140000.0
2014-01-30,GILD,56.43674185307255,57.485751964360446,56.40177805068775,57.01020050048828,10162700.0
2014-01-31,GILD,55.92623148398818,57.1710560713661,55.49263867922681,56.40178298950195,10819500.0
2014-02-03,GILD,57.18502302592972,57.24796639333737,54.9611218624293,55.12896728515625,14336700.0
2014-02-04,GILD,56.07309891418283,57.38785660373216,55.84231536162407,57.35988235473633,15478300.0
2014-02-05,GILD,57.331892849085754,57.34587730078958,53.646368234656705,54.653419494628906,23469100.0
2014-02-06,GILD,54.89821133582421,55.59755160761815,53.33169062095779,53.49953079223633,17193800.0
2014-02-07,GILD,54.30375934318484,55.114991077399324,52.94004295913813,55.07303237915039,16074200.0
2014-02-10,GILD,55.48564185377217,56.737461292909735,55.10800288905372,56.632564544677734,10487600.0
2014-02-11,GILD,56.730472673073805,57.373864305414806,56.5696220972177,57.206024169921875,12608600.0
2014-02-12,GILD,57.520732728446404,57.99628428843762,57.07315541734201,57.34589767456055,9490300.0
2014-02-13,GILD,56.71645716290595,57.77945665524224,56.57659133601189,57.73050308227539,8964800.0
2014-02-14,GILD,57.91234272498677,57.94031696478425,56.38778133703858,56.793399810791016,10425700.0
2014-02-18,GILD,57.28993446541941,58.730578567667585,57.115099456429085,58.61168670654297,15019700.0
2014-02-19,GILD,58.49980265210358,58.604704738192794,57.55569454838415,57.835426330566406,9752400.0
2014-02-20,GILD,57.83542186610335,58.18509190238098,57.26196322002969,57.912349700927734,8962700.0
2014-02-21,GILD,58.422875474587336,58.478823965875634,57.751509585753126,57.75849914550781,11015000.0
2014-02-24,GILD,58.03822914747543,58.78652278616038,57.905358166390826,58.44384765625,9098200.0
2014-02-25,GILD,58.84246721934257,59.35997732579736,58.09417363217687,58.709590911865234,8351300.0
2014-02-26,GILD,58.77953215676324,59.0942330387294,58.262016688562326,58.61168670654297,11908500.0
2014-02-27,GILD,58.49979400634765,58.74456194735343,57.69555191257927,58.499794006347656,11003900.0
2014-02-28,GILD,58.59770509057304,58.8844317447182,57.206019845580656,57.89836502075195,12503600.0
2014-03-03,GILD,57.89839597714547,57.97532385279993,56.64657594259323,56.96127700805664,12024000.0
2014-03-04,GILD,57.947328329453526,58.29699842300053,57.73752413910844,58.00327682495117,8220800.0
2014-03-05,GILD,58.05921193062538,58.35293882346959,57.856407999779286,57.954315185546875,6590400.0
2014-03-06,GILD,58.19907867924034,58.33894455229514,54.89819285395303,55.89125442504883,21950000.0
2014-03-07,GILD,56.79340674379615,56.89131392726892,54.4156494261546,55.65348434448242,20459900.0
2014-03-10,GILD,55.52762046313407,56.15702779543692,54.79331101952358,56.10807418823242,8661900.0
2014-03-11,GILD,56.191976840136434,56.34583251821132,55.47165737964186,55.83531188964844,10569900.0
2014-03-12,GILD,55.49961051999987,56.15699168160096,54.982100528707306,55.751373291015625,9671400.0
2014-03-13,GILD,56.12904599959966,56.27590680147495,54.24082425646953,54.5555305480957,10600700.0
2014-03-14,GILD,53.84218580762586,53.91911363547151,52.13579981355894,52.485469818115234,18775000.0
2014-03-17,GILD,53.12188566971865,53.751292972727484,52.50646815985599,52.765220642089844,14099000.0
2014-03-18,GILD,52.82815453762812,54.5904893335078,52.80717518722531,54.38768005371094,10327000.0
2014-03-19,GILD,54.68837873863095,54.96811576928294,53.15682796639494,53.5274772644043,11155700.0
2014-03-20,GILD,53.49952787249284,53.604429974645456,52.35261031618738,52.8211669921875,12148300.0
2014-03-21,GILD,52.91906690859977,53.28971632767955,49.54824766025845,50.40144348144531,36979700.0
2014-03-24,GILD,50.73012951283334,50.974897471164816,48.12158869408018,50.443397521972656,29285300.0
2014-03-25,GILD,50.77209085168809,51.96097223843942,50.2825549095527,51.07280731201172,19176900.0
2014-03-26,GILD,51.55536124247352,52.457510755521234,50.890984840261666,50.897979736328125,15708700.0
2014-03-27,GILD,50.61823193696273,51.28959775847516,49.36641258150869,49.939876556396484,17749700.0
2014-03-28,GILD,49.38739972197127,49.73007487659761,47.2963689839566,47.93976593017578,29246100.0
2014-03-31,GILD,48.373354137599804,49.653147819679276,48.373354137599804,49.555240631103516,18594900.0
2014-04-01,GILD,51.289608339815345,51.66725269274027,50.45040222367709,51.499412536621094,19497100.0
2014-04-02,GILD,52.56240158273126,52.62533962720566,51.289597548697856,51.72319030761719,15992800.0
2014-04-03,GILD,52.56241599630055,52.57640045372702,50.555307548640634,51.75117874145508,15989400.0
2014-04-04,GILD,52.38756783993749,52.62534090556056,50.0168000651949,50.49235153198242,19387500.0
2014-04-07,GILD,50.29653333096733,51.56234240472486,49.45732743495851,50.51333236694336,16037200.0
2014-04-08,GILD,50.14968397947104,50.14968397947104,48.45028711807894,48.96080780029297,25269000.0
2014-04-09,GILD,49.3034879398875,49.85596738118115,48.85591060387237,49.408390045166016,20688600.0
2014-04-10,GILD,49.51328248823547,49.81399895239482,45.32423133985772,45.79279327392578,43152600.0
2014-04-11,GILD,44.89063476052663,48.212499646061445,44.40808846978122,46.17741775512695,35988700.0
2014-04-14,GILD,47.408271144848,47.82787418310541,45.97462165063123,46.70893096923828,17988000.0
2014-04-15,GILD,47.240416242362656,48.352364213234445,45.86970523099576,47.67400360107422,21802600.0
2014-04-16,GILD,48.478249662028055,48.87687325744956,47.79289409918607,48.45027542114258,17266400.0
2014-04-17,GILD,48.51322548112824,49.401385075563205,48.317405767950035,48.95380783081055,17546400.0
2014-04-21,GILD,49.2195543158889,50.345492303702116,48.53420400581049,50.072750091552734,17973500.0
2014-04-22,GILD,50.95391082763672,51.23364788376922,50.247575961398766,50.95391082763672,29207300.0
2014-04-23,GILD,52.96102716145353,53.0659239061205,51.58332633571862,51.65325927734375,35411800.0
2014-04-24,GILD,52.401563215040476,52.450516817314934,50.09373834086163,51.807125091552734,22098100.0
2014-04-25,GILD,51.765146025499455,52.3665788706202,51.35253797401991,51.68122863769531,22726800.0
2014-04-28,GILD,52.34561471657181,53.70933135514749,50.89098576964142,51.807125091552734,22497800.0
2014-04-29,GILD,52.21972797552689,53.4155989976143,51.75117135326389,53.317691802978516,15865700.0
2014-04-30,GILD,53.25475150502821,55.01708626971498,52.79318446216875,54.891204833984375,20165300.0
2014-05-01,GILD,54.982112902517834,55.87027235781538,54.42963366042693,55.261844635009766,15970200.0
2014-05-02,GILD,55.45767969976162,55.59754560480207,53.60442711249309,54.345726013183594,16772700.0
2014-05-05,GILD,53.66036638099307,55.88426803617243,53.590428104957546,55.82831954956055,14085700.0
2014-05-06,GILD,55.76537374864365,55.891255170287856,54.709374121255095,54.77231216430664,10990500.0
2014-05-07,GILD,55.24785615166815,55.40870668810192,53.709310393053045,55.087005615234375,14664700.0
2014-05-08,GILD,55.163955910061205,56.14303330783908,54.68840433602867,55.059059143066406,13777000.0
2014-05-09,GILD,55.11498173246035,55.80033725572359,54.5485180599797,55.77935791015625,9017400.0
2014-05-12,GILD,56.1080572446224,56.45772728635856,55.36675312797359,56.19197463989258,11254300.0
2014-05-13,GILD,56.289876284672985,56.443731941581014,55.95419606554719,56.157005310058594,8515500.0
2014-05-14,GILD,56.22693717316776,57.07313793449904,55.674457931860736,56.62556076049805,10735800.0
2014-05-15,GILD,56.66051559491756,56.94025261829588,55.56954707283606,56.01712417602539,12705000.0
2014-05-16,GILD,56.15700950149196,56.5346484423094,55.40172094877454,56.50667953491211,10525700.0
2014-05-19,GILD,56.443744585668234,57.41582699693721,56.29688378995947,57.380863189697266,10159200.0
2014-05-20,GILD,57.37387599472545,57.67459252216981,56.45074705812416,56.744468688964844,10553900.0
2014-05-21,GILD,56.82837883611336,57.33190456903157,56.42276029175795,57.2130126953125,9042000.0
2014-05-22,GILD,57.08712358292708,58.534757202565636,57.03816999523073,57.97528839111328,10879000.0
2014-05-23,GILD,57.6466144307518,57.69556803263051,56.471722650120164,56.60459899902344,13588000.0
2014-05-27,GILD,57.401834259199184,58.01025670570326,56.73046843187736,57.45778274536133,10994500.0
2014-05-28,GILD,57.35988131294969,57.954324756115334,57.17106180508528,57.247989654541016,8522900.0
2014-05-29,GILD,57.352863744715414,57.80044083086442,57.21299257058151,57.401817321777344,7904300.0
2014-05-30,GILD,57.18502849687436,57.41581197354805,56.27588971338935,56.793399810791016,11058500.0
2014-06-02,GILD,56.87034980129446,57.20603547415541,56.47172606601489,57.03120040893555,7598000.0
2014-06-03,GILD,56.83534364931983,57.9193224821363,56.79338496835947,57.73050308227539,8249600.0
2014-06-04,GILD,57.527705766587026,58.24802506122071,57.359860337039855,58.059200286865234,9055500.0
2014-06-05,GILD,58.36692285718204,58.36692285718204,57.660587877339935,57.90536117553711,8423500.0
2014-06-06,GILD,58.21307131764179,58.21307131764179,57.15007666055142,57.61863327026367,9104500.0
2014-06-09,GILD,56.919303073475575,56.99623092856614,54.89821015818947,55.25487518310547,23319200.0
2014-06-10,GILD,55.44368505505966,55.90525210526923,55.06604074185414,55.62551498413086,11293800.0
2014-06-11,GILD,55.499639591031034,57.206031413835774,55.46467044625197,56.52067565917969,11865400.0
2014-06-12,GILD,56.506680836730965,57.04517035296572,56.17799014405694,56.35282516479492,7080000.0
2014-06-13,GILD,56.422755128010614,56.716476666817975,55.856291398090555,56.45072937011719,7695100.0
2014-06-16,GILD,56.55563697983378,56.91929149173175,56.23394116743205,56.48569869995117,7356500.0
2014-06-17,GILD,56.457723906294966,56.55563108527618,55.639492002607554,55.80034255981445,11141300.0
2014-06-18,GILD,55.84230830267506,55.940215494012925,55.128983717850325,55.576560974121094,10436400.0
2014-06-19,GILD,55.576560304152224,56.296879775543935,55.16394685802369,55.79335403442383,10967200.0
2014-06-20,GILD,56.04511252202491,57.031184577193834,55.723416731587605,56.78641128540039,14042000.0
2014-06-23,GILD,56.83536488447237,57.50673604391538,56.35282386652064,56.50667953491211,7481800.0
2014-06-24,GILD,56.61158288363834,57.38086131537811,56.268907704844565,56.513675689697266,7274100.0
2014-06-25,GILD,56.548642747223795,57.24098797473114,56.36681282137379,57.206024169921875,8664300.0
2014-06-26,GILD,57.27595686043957,57.49275059013501,56.576616740862875,57.471771240234375,6920700.0
2014-06-27,GILD,57.49975103655673,58.31098287910385,57.10112734333483,58.00327682495117,10397800.0
2014-06-30,GILD,57.94032813973281,59.059271269739085,57.786472458942875,57.98229217529297,10882500.0
2014-07-01,GILD,58.303963002831786,59.78656001382626,58.26899387744291,59.64669418334961,11599400.0
2014-07-02,GILD,59.82855865406031,61.45801733068137,59.709666760259296,60.912532806396484,13949300.0
2014-07-03,GILD,61.332128891041044,61.821670196330615,60.87756206293617,61.47200012207031,9126100.0
2014-07-07,GILD,61.58388270428031,61.96152696914544,60.835589068957134,60.989444732666016,11474000.0
2014-07-08,GILD,60.7307117135179,61.20626335147571,60.164247753429656,60.91953659057617,11727100.0
2014-07-09,GILD,61.01742240803409,62.2132933129581,60.975463710313,62.017478942871094,10397200.0
2014-07-10,GILD,60.96847396998652,62.41610785470764,60.36004612388505,62.19931411743164,9521200.0
2014-07-11,GILD,62.171319518952345,62.92660790778334,61.716747507033304,62.052433013916016,11268700.0
2014-07-14,GILD,62.33217909472381,63.12942635505308,62.12936983228337,62.8357048034668,10729000.0
2014-07-15,GILD,62.96158759868468,63.45811842350005,61.67480439108566,62.241268157958984,13756100.0
2014-07-16,GILD,62.52099984430042,62.548974085807934,60.01736125255863,60.84258270263672,14259700.0
2014-07-17,GILD,60.42299019878607,61.66081992016462,59.26907788089911,59.49286651611328,14942500.0
2014-07-18,GILD,59.954422057736416,62.76576658090905,59.65370563674051,62.37413787841797,13236100.0
2014-07-21,GILD,62.80072610244904,63.625947410330724,62.108375749406385,62.14334487915039,13822000.0
2014-07-22,GILD,62.4650548184855,62.87067333948234,61.94754466080684,62.472049713134766,12302900.0
2014-07-23,GILD,63.010538936796806,63.45112659352392,62.444075190194845,63.17837905883789,17694800.0
2014-07-24,GILD,64.03157710960545,65.01764920028462,62.86368043661471,63.31825256347656,23546700.0
2014-07-25,GILD,63.416133973425815,63.48606688708549,62.03143880659125,62.82868576049805,13059400.0
2014-07-28,GILD,63.01055155515183,64.15047950679443,62.89166500054565,63.96165466308594,14066500.0
2014-07-29,GILD,64.40921167928936,65.21345373074448,64.05954168609502,65.03162384033203,13989000.0
2014-07-30,GILD,65.94779052496158,65.97575944087819,65.4302748762747,65.59112548828125,10753800.0
2014-07-31,GILD,65.03863831937653,65.29739611305529,63.81479297465708,64.02459716796875,13429400.0
2014-08-01,GILD,63.63994256525092,64.75888554324604,63.42314886388527,63.9896125793457,11992900.0
2014-08-04,GILD,64.33928276573745,64.96169496564967,64.00359720366947,64.46516418457031,11030000.0
2014-08-05,GILD,64.51412223552265,65.09457578115267,64.05955011743237,64.52810668945312,10250800.0
2014-08-06,GILD,63.98964259752638,65.05263759139807,63.702910490400086,64.89179229736328,11016200.0
2014-08-07,GILD,65.4232468638005,65.48618489093663,64.1014949385441,64.37423706054688,8804600.0
2014-08-08,GILD,64.22740895900367,64.7169503578909,63.51408421876728,64.65400695800781,9820800.0
2014-08-11,GILD,65.1365369511968,65.25542348851378,64.70294416531289,64.98268127441406,8575000.0
2014-08-12,GILD,64.8288381536929,65.30438973060737,64.69596713618007,65.2904052734375,10587800.0
2014-08-13,GILD,65.38830576546943,66.16457377947505,65.2764087774309,65.72399139404297,13027400.0
2014-08-14,GILD,66.1435879510372,67.39540737053889,65.90580954251064,67.38841247558594,12344200.0
2014-08-15,GILD,68.82906063673543,69.57735443115234,67.84998329768865,69.57735443115234,19714200.0
2014-08-18,GILD,70.24171615774317,70.98301490155869,69.98995331351503,70.43753051757812,14755700.0
2014-08-19,GILD,70.93406467698512,71.08792034859528,69.46545157300513,70.82916259765625,16300900.0
2014-08-20,GILD,70.43051698451451,71.73128955694492,70.36058406530057,70.48646545410156,12590600.0
2014-08-21,GILD,70.6333326445219,71.54946624174629,70.53542548156082,71.52149200439453,9799500.0
2014-08-22,GILD,72.04600310434098,73.54259558503641,71.75927648418701,72.70338439941406,13255900.0
2014-08-25,GILD,73.5076653875647,75.2000677718135,73.5076653875647,75.14411926269531,19882000.0
2014-08-26,GILD,75.57068997153219,76.03225700148052,73.2698603878691,74.3188705444336,18799900.0
2014-08-27,GILD,74.51467136186653,76.0672015180736,73.9621921792287,75.11610412597656,16164800.0
2014-08-28,GILD,74.82940827450435,75.60567639466272,74.64757831184795,75.18607330322266,10301600.0
2014-08-29,GILD,75.45879432753533,75.6965673893536,74.67553153137737,75.22101593017578,11318200.0
2014-09-02,GILD,75.64760397211582,76.57772742132467,75.25597529267655,76.47982025146484,15275700.0
2014-09-03,GILD,76.92738633314205,77.3749634267826,75.76647957832824,76.52876281738281,14388400.0
2014-09-04,GILD,76.79453461878268,76.92741094506107,74.31887002628572,74.73148345947266,13757500.0
2014-09-05,GILD,74.40979426678058,74.47972721583729,68.21364000770888,73.68247985839844,36078400.0
2014-09-08,GILD,73.39572820503508,74.72447522397337,73.24886745062398,74.50068664550781,11930900.0
2014-09-09,GILD,74.75947388019435,74.81542238079051,72.95517475253818,74.05313873291016,14085700.0
2014-09-10,GILD,74.26992416337946,75.68958919499113,73.96221811573884,75.6825942993164,11246400.0
2014-09-11,GILD,75.5287473780455,75.87142260830875,73.99020095456166,74.4028091430664,10470000.0
2014-09-12,GILD,74.24895441466609,74.75947515410573,71.96211410314233,72.49361419677734,15843400.0
2014-09-15,GILD,71.26275241162001,71.40261828789326,69.46544869024878,70.62635040283203,18163900.0
2014-09-16,GILD,69.82910831689382,73.4097315701484,69.3955208671629,73.26287078857422,14933000.0
2014-09-17,GILD,73.1299892763229,73.98318499639075,71.26275261157576,72.61946868896484,18455700.0
2014-09-18,GILD,73.17195615721982,74.47972412604973,72.80130674060786,74.08110046386719,16347900.0
2014-09-19,GILD,75.35388528503918,75.45179245856627,73.78736517306496,74.10206604003906,22238400.0
2014-09-22,GILD,74.13705903609333,75.22802808398565,73.16497654638569,73.75941467285156,12319400.0
2014-09-23,GILD,73.22790916044119,74.27691942403644,73.11601750680624,73.70346069335938,10700400.0
2014-09-24,GILD,74.30488493552141,76.09519386753576,74.14403436637568,76.02526092529297,14781400.0
2014-09-25,GILD,76.17212016601583,77.3400168180578,74.41678040835086,75.0671615600586,15402400.0
2014-09-26,GILD,76.15813921603188,76.23506705514686,74.66155180413604,75.79447937011719,10856700.0
2014-09-29,GILD,75.24201646934995,76.0043001318622,74.44476899495099,75.18607330322266,8072100.0
2014-09-30,GILD,75.16508037817806,75.52873490229143,74.03214743384864,74.44475555419922,11622700.0
2014-10-01,GILD,74.82240001611788,75.24200303262519,73.56359096659594,73.84332275390625,11659400.0
2014-10-02,GILD,73.43068947371185,74.06709134354323,72.45860743990306,73.12297821044922,11527500.0
2014-10-03,GILD,73.81535788841138,75.07416700691131,73.22790936467771,74.49371337890625,10294700.0
2014-10-06,GILD,74.98324526595147,75.14409049866772,73.30482798368335,73.52162170410156,11278300.0
2014-10-07,GILD,73.32580229993545,73.64050852000278,71.7103285110962,72.93417358398438,9757300.0
2014-10-08,GILD,72.94116979105057,76.20708656380366,72.75933988299762,76.13715362548828,16545000.0
2014-10-09,GILD,75.82244246394681,75.96231366701358,73.93422657464271,74.02513885498047,13174600.0
2014-10-10,GILD,73.70346639919251,75.17907471106234,72.03204367664578,72.54256439208984,19704500.0
2014-10-13,GILD,73.07403921650877,73.1299877001857,70.88510681417463,70.94105529785156,14578900.0
2014-10-14,GILD,71.33271123699585,71.94812878569599,65.9268083220826,67.9618911743164,27245100.0
2014-10-15,GILD,66.43729067960321,68.37445986020245,64.15045154805868,67.24852752685547,23835100.0
2014-10-16,GILD,66.01070476217679,69.93400274289657,65.23443690488736,67.75205993652344,19881400.0
2014-10-17,GILD,68.96893387522881,71.55649053467849,68.96893387522881,70.45852661132812,17539000.0
2014-10-20,GILD,70.73823930023558,72.44462520532386,70.5074558287327,71.47953796386719,11887100.0
2014-10-21,GILD,72.76633476781313,74.59860229492188,72.35372136138724,74.59860229492188,12267900.0
2014-10-22,GILD,74.48670475975524,74.82937986518645,72.78730834939526,74.19297790527344,13763100.0
2014-10-23,GILD,74.57761699112562,75.65460122876178,73.78036981991482,74.95526123046875,13872600.0
2014-10-24,GILD,75.20005563387939,77.9554579044541,74.54966899310311,77.42395782470703,15125700.0
2014-10-27,GILD,77.4659095788287,79.0184456358806,76.13716750204,78.73870849609375,11505500.0
2014-10-28,GILD,79.20027539458664,79.81569283226597,78.50793011025463,79.34014129638672,16128700.0
2014-10-29,GILD,76.82249575834165,79.32613416800302,75.52871786207169,77.43092346191406,21151500.0
2014-10-30,GILD,77.43094110341144,79.96954388914185,77.34701836587173,79.87863159179688,13796700.0
2014-10-31,GILD,81.05350740059554,81.70389381669312,77.4589002126491,78.32608032226562,22070000.0
2014-11-03,GILD,78.54287211369723,78.88555254839775,76.09518216290259,76.91341400146484,15356600.0
2014-11-04,GILD,76.66165733389604,77.3819767235546,76.2070852394341,76.7315902709961,10206800.0
2014-11-05,GILD,77.5358191285642,77.5637933657291,73.95519680456074,74.16500091552734,15459500.0
2014-11-06,GILD,74.78743743896484,75.84343722515382,74.19998893777145,74.78743743896484,13149400.0
2014-11-07,GILD,76.15814209358555,76.19310589915968,74.36083815238788,74.44475555419922,12663700.0
2014-11-10,GILD,76.27702551814154,76.48682968517628,74.59161862898453,74.84337615966797,21412900.0
2014-11-11,GILD,75.16508663369264,76.03226698301125,74.59861744661337,75.53573608398438,12206500.0
2014-11-12,GILD,75.36087800217524,75.3958417999731,73.92023401017185,74.75944519042969,12802200.0
2014-11-13,GILD,74.80142677409789,74.86437016626212,72.3887052304955,72.87124633789062,20880400.0
2014-11-14,GILD,72.3817391865328,72.58454856461546,69.93404752322009,71.37468719482422,23553400.0
2014-11-17,GILD,70.70329148294446,71.4445957056043,70.14382253748398,70.24172973632812,17100900.0
2014-11-18,GILD,71.1158997340519,72.71039438140589,70.50747189838607,72.528564453125,20163300.0
2014-11-19,GILD,72.17188262897137,72.25580534600223,70.6403317258271,71.57044982910156,13864200.0
2014-11-20,GILD,71.29770615759122,72.29776250497346,70.14379950222285,70.34660339355469,20027500.0
2014-11-21,GILD,71.47953708882747,71.68934121226907,69.98994488612173,70.33961486816406,16765000.0
2014-11-24,GILD,70.71025675706038,71.5424729341489,69.54236042042587,70.35359191894531,17111100.0
2014-11-25,GILD,70.59838438957581,70.89910086060254,68.79409089895722,70.71028137207031,20640200.0
2014-11-26,GILD,70.80816964365175,71.01797376199724,69.81510819930257,70.143798828125,11536500.0
2014-11-28,GILD,70.62634767420344,70.86412605733086,69.72419840113409,70.15779113769531,7552700.0
2014-12-01,GILD,69.93402527753771,71.32571088660876,69.77317467176059,70.31866455078125,14516100.0
2014-12-02,GILD,70.75224618569567,71.8781843255036,70.64734408942903,71.465576171875,15568200.0
2014-12-03,GILD,72.06002368424392,72.08799793593919,69.83612136212797,70.54944610595703,17620800.0
2014-12-04,GILD,70.4725082963859,71.35367842595814,69.83611150069753,71.20681762695312,12052800.0
2014-12-05,GILD,71.53549536774696,73.74540718255913,71.43758818620383,73.14397430419922,18127600.0
2014-12-08,GILD,73.46568229663404,75.235011959948,73.37476466559878,73.82234191894531,13754200.0
2014-12-09,GILD,72.59846732871162,74.13002329086729,71.4865195404076,74.06708526611328,11330900.0
2014-12-10,GILD,74.05312641410109,74.66155425190078,73.06006470365803,73.31881713867188,11903000.0
2014-12-11,GILD,73.5915551594917,74.75945175215195,72.73136455794713,72.94815826416016,10962200.0
2014-12-12,GILD,72.36070404165685,74.40977026784306,72.26978643521844,72.822265625,11245100.0
2014-12-15,GILD,73.59852855636613,74.0880696808678,71.59142648608308,72.14390563964844,16206000.0
2014-12-16,GILD,71.78028402973462,71.96910888828623,70.20676844100409,70.25572204589844,13047100.0
2014-12-17,GILD,70.26269267614546,71.85019217420252,69.62629069676754,71.61241912841797,13557600.0
2014-12-18,GILD,73.06705841559129,73.92724377917703,72.49359972802021,73.80835723876953,14285600.0
2014-12-19,GILD,74.05312811674494,76.57075159167941,73.17895292853562,75.84343719482422,21210300.0
2014-12-22,GILD,67.64716252361175,68.58427558992526,64.65398275432672,64.96868896484375,72464200.0
2014-12-23,GILD,65.32538062209414,65.3883186886482,60.10829723786097,62.55598831176758,61035200.0
2014-12-24,GILD,62.22727310539492,64.80783397594755,62.143350387893975,63.84274673461914,21196200.0
2014-12-26,GILD,64.8708058537129,65.9897492343794,64.55609952645041,65.59112548828125,17649600.0
2014-12-29,GILD,67.18560098363265,68.12970902046968,66.71704441257492,68.04579162597656,20634000.0
2014-12-30,GILD,68.35349352147865,68.70316353895068,66.48625690870793,66.63311767578125,18488400.0
2014-12-31,GILD,67.13666563414343,67.66117083441017,65.90582527023214,65.91981506347656,13879000.0
2015-01-02,GILD,66.53519668821525,67.59120141575627,66.10160403574821,66.37435150146484,12340200.0
2015-01-05,GILD,66.605130819171,69.04583092044898,65.16449232741495,67.6891098022461,27530400.0
2015-01-06,GILD,68.8640164965625,69.47243893343897,67.19958374059499,68.29055786132812,22363800.0
2015-01-07,GILD,69.45145116689088,69.86406452636659,68.84302880376342,69.57034301757812,16373700.0
2015-01-08,GILD,70.493485557549,71.64739247610476,70.13682060580072,71.54249572753906,18902300.0
2015-01-09,GILD,72.39567162066027,72.61247064034806,71.15784221671497,71.47953796386719,14738100.0
2015-01-12,GILD,71.92012711678775,72.26979713661393,70.4655038893221,70.78020477294922,12746000.0
2015-01-13,GILD,71.22780268046957,71.24878203407216,66.61215814390587,67.98286437988281,27030600.0
2015-01-14,GILD,67.13663879444809,69.99693678202702,66.93382955782498,69.41648864746094,16183700.0
2015-01-15,GILD,69.444462054164,70.20674007027212,67.99682851094623,68.11571502685547,11442200.0
2015-01-16,GILD,68.12971238498011,70.55642342568504,67.88494441305201,70.4305419921875,14097700.0
2015-01-20,GILD,70.73124977789621,72.76633181389943,70.03890464635141,72.57750701904297,18838100.0
2015-01-21,GILD,72.06000827407884,73.47966789687354,71.73131755637921,72.43765258789062,12312500.0
2015-01-22,GILD,72.82926264359261,73.55657683862272,71.02496427527988,73.52860260009766,12963100.0
2015-01-23,GILD,73.01110992520832,74.20698089555013,72.59150691841954,73.80835723876953,9593500.0
2015-01-26,GILD,73.33979833185258,75.36788035684994,73.33979833185258,74.90631866455078,10307500.0
2015-01-27,GILD,74.08810042852917,74.8433837684468,73.3328117530694,73.45169830322266,10341100.0
2015-01-28,GILD,73.65448462705663,73.78036603371112,71.57744408502776,71.64737701416016,11554500.0
2015-01-29,GILD,71.68236241147159,73.0880375488092,70.68230582489475,72.85725402832031,8410500.0
2015-01-30,GILD,72.96214335509335,74.31885932459315,72.54254042292288,73.31181335449219,13608200.0
2015-02-02,GILD,74.199988436098,74.96227196984928,73.03209167260962,74.26293182373047,13965600.0
2015-02-03,GILD,74.6265705775845,75.04617350945217,72.80129275519643,74.95526123046875,19849900.0
2015-02-04,GILD,69.1857220197938,70.08087656802921,67.0037788068135,68.83605194091797,59415800.0
2015-02-05,GILD,69.1787341935496,70.57741465198227,68.04580643696634,69.86408996582031,20641500.0
2015-02-06,GILD,69.7451996971676,70.33963779327082,67.94090072124206,68.17168426513672,21546300.0
2015-02-09,GILD,67.84298007881618,69.0038817930563,67.57722744376008,67.76605224609375,12668500.0
2015-02-10,GILD,68.36050107554132,69.05984123999698,67.91991869272938,68.75912475585938,11495100.0
2015-02-11,GILD,68.9759378198095,70.81520638225878,68.82907698440275,69.92005157470703,14529600.0
2015-02-12,GILD,70.36759544937296,71.12287862364889,69.65426563381001,70.49347686767578,10659900.0
2015-02-13,GILD,70.81515637178087,71.26273345947266,70.5144400157811,71.26273345947266,11084700.0
2015-02-17,GILD,71.37464424580008,72.62646358346049,71.26974750607141,72.61946868896484,10789900.0
2015-02-18,GILD,72.5635259247491,72.82927322604084,72.03902088115717,72.68940734863281,7459400.0
2015-02-19,GILD,72.31175720395066,72.94815383067377,71.7173192699339,71.84320068359375,9203800.0
2015-02-20,GILD,71.62640865253871,72.02503227881486,71.27673861771608,71.75928497314453,9965400.0
2015-02-23,GILD,72.0040788394672,73.42373883799335,71.99708394230223,73.08805847167969,8926900.0
2015-02-24,GILD,73.14398889926416,73.72444254533661,72.73837563859614,73.22091674804688,7830300.0
2015-02-25,GILD,73.31880824990112,73.4307052189135,72.6614322313474,73.0320816040039,7270200.0
2015-02-26,GILD,72.94120093694654,73.32583492969047,72.241860584092,72.86427307128906,6698000.0
2015-02-27,GILD,72.92718451650518,72.96914321498356,71.8292207768083,72.40267944335938,7940000.0
2015-03-02,GILD,72.94118617537264,72.94118617537264,71.89217585838573,72.61249542236328,7672800.0
2015-03-03,GILD,72.61946618399288,72.66143021397801,71.4375851609749,71.88516235351562,8348500.0
2015-03-04,GILD,71.39562910929332,72.78731976667329,71.09491798478527,72.07398986816406,8884500.0
2015-03-05,GILD,72.3327471532908,73.04607171156633,71.83621631983145,72.32575225830078,8650700.0
2015-03-06,GILD,72.03202255021567,72.5565275687852,71.12987327801116,71.1998062133789,8658900.0
2015-03-09,GILD,71.01101456095574,71.31872599971719,70.0669062249431,70.89212799072266,9335900.0
2015-03-10,GILD,69.84308261976224,70.31863399845169,69.02485082451132,69.11576843261719,12728900.0
2015-03-11,GILD,69.32558335482064,70.03191836161777,69.06683092822786,69.21369171142578,9006400.0
2015-03-12,GILD,69.67526659335087,70.31866367288414,69.15076141031754,69.88507080078125,8356800.0
2015-03-13,GILD,69.6472803512256,70.61936803176931,69.1507495037135,69.66127014160156,7810200.0
2015-03-16,GILD,69.93401816624308,71.05296138979453,69.77316757682216,70.8431625366211,10524200.0
2015-03-17,GILD,70.4934926292251,71.15786366931634,69.66127610350776,70.24172973632812,9906300.0
2015-03-18,GILD,70.12979888916016,70.3465925340041,68.91294905131474,70.12979888916016,12992200.0
2015-03-19,GILD,70.13681318550428,71.1438645495246,69.96197817566971,70.94105529785156,9231100.0
2015-03-20,GILD,71.33968519815727,71.82922113464886,71.1228861386754,71.5354995727539,17162200.0
2015-03-23,GILD,69.78014392217587,70.76621587724189,69.40949457811527,70.11582946777344,17983700.0
2015-03-24,GILD,70.27669270554186,71.927135945708,69.98297111251453,70.92008972167969,11784800.0
2015-03-25,GILD,71.32568230867454,72.10894499874986,69.78014160955513,69.83609008789062,15629300.0
2015-03-26,GILD,69.3255691387719,71.2067953609258,68.94792491561421,70.68928527832031,10928000.0
2015-03-27,GILD,70.63334655761719,71.40261956192852,70.56341361823274,70.63334655761719,8815900.0
2015-03-30,GILD,70.7172814344052,71.09492577460449,69.63330201334007,70.41656494140625,9968200.0
2015-03-31,GILD,69.9409908716538,70.07386183584468,68.58426964230561,68.62622833251953,13559900.0
2015-04-01,GILD,68.647234702328,68.647234702328,66.70306451802023,68.33952331542969,15134200.0
2015-04-02,GILD,68.5283405641338,69.58434569629057,67.84299019744068,68.83605194091797,10727300.0
2015-04-06,GILD,68.47936289030795,69.05282140462417,67.96884774254139,68.3884506225586,9697300.0
2015-04-07,GILD,68.7311360737262,69.75217185912291,68.54231661661856,69.01786804199219,8264700.0
2015-04-08,GILD,69.02486948500935,70.56342098990382,68.92696229253464,69.84310150146484,10967100.0
2015-04-09,GILD,70.0529190126628,70.75925423423921,69.87808393156769,70.74526977539062,9178100.0
2015-04-10,GILD,71.15786002710658,71.6473959962704,70.67531361782946,71.17184448242188,9257600.0
2015-04-13,GILD,71.3396687231503,72.60547230628666,71.33267382980392,71.52848815917969,10648400.0
2015-04-14,GILD,71.57045023951655,71.79424415288216,70.96202787806062,71.47953796386719,7224700.0
2015-04-15,GILD,71.60542500559664,72.9831257137798,71.56346631130997,72.7523422241211,12899700.0
2015-04-16,GILD,72.69638846215231,73.23488323225037,72.10894544263508,72.26979064941406,6670400.0
2015-04-17,GILD,71.5774697471454,71.8991656049219,70.3606192702443,70.89910888671875,9896500.0
2015-04-20,GILD,71.52851176763247,71.52851176763247,70.2207490638629,70.39558410644531,8752000.0
2015-04-21,GILD,70.92705262578576,73.9272214898535,70.55640332594874,73.570556640625,19722700.0
2015-04-22,GILD,73.59855284929975,73.72443428451717,72.61248605304802,72.85725402832031,8267300.0
2015-04-23,GILD,73.17893684004088,73.95520466335051,72.73835456284112,73.57756042480469,8071800.0
2015-04-24,GILD,73.17894971840946,73.90626408335969,72.45163535345921,72.52156829833984,9734400.0
2015-04-27,GILD,72.85725441855647,73.10202239513978,71.33968762819819,71.99007415771484,10829200.0
2015-04-28,GILD,72.11594241799109,72.61247317564134,70.73124687616728,72.5355453491211,9793700.0
2015-04-29,GILD,72.11595463435634,72.66143907078389,71.06694446105976,71.55648040771484,8932200.0
2015-04-30,GILD,71.43761285792733,71.82224682238662,69.79416421668134,70.29069519042969,14009500.0
2015-05-01,GILD,72.1719267657264,74.36785518331918,71.68239062252182,73.43773651123047,22306500.0
2015-05-04,GILD,73.88528568337277,75.17906385469405,73.58456921453232,73.89228057861328,13215600.0
2015-05-05,GILD,73.64050342670939,73.94121983724186,71.84319985739874,72.0250244140625,15046500.0
2015-05-06,GILD,72.34671333188085,72.61246591895251,70.99698705901442,71.52149200439453,10065200.0
2015-05-07,GILD,71.45157647884453,71.57745790981231,69.69623667576347,71.18582916259766,13878300.0
2015-05-08,GILD,72.03203442124264,72.7034003153892,71.94811168364613,72.62647247314453,9651700.0
2015-05-11,GILD,72.86424566485002,73.6824722893997,72.73136934041253,73.24188995361328,9956100.0
2015-05-12,GILD,72.87823381690312,74.23495536735206,72.34673382772596,73.82234191894531,9552600.0
2015-05-13,GILD,74.10908751712648,75.13012364697197,74.09509772415255,74.4028091430664,10814500.0
2015-05-14,GILD,75.01822600153325,76.12318487311123,74.59163335925837,76.04625701904297,12761300.0
2015-05-15,GILD,76.26304643007535,77.09525759064657,75.7315464155839,76.43788146972656,13419600.0
2015-05-18,GILD,76.64067507970046,77.85753063307887,76.4798298528269,77.62674713134766,13716000.0
2015-05-19,GILD,77.71067246840549,78.01138891954737,76.96237878796516,77.31903839111328,8676900.0
2015-05-20,GILD,76.99036955076996,77.56383370760553,75.6336530236394,77.04631805419922,10335100.0
2015-05-21,GILD,76.85746530663681,77.9554288680656,76.79452193359737,77.78059387207031,8374000.0
2015-05-22,GILD,77.41694837811929,78.78765969493321,77.41694837811929,78.12328338623047,12079000.0
2015-05-26,GILD,77.96942928800463,77.9974035333578,76.60571817417383,76.76656341552734,16006900.0
2015-05-27,GILD,77.16518603104805,78.74569619110596,76.91342849735777,78.64778900146484,11722000.0
2015-05-28,GILD,78.33307393601685,79.32613544334292,78.20019763026873,78.92051696777344,8252400.0
2015-05-29,GILD,79.13033820657665,79.28419389164367,78.22119388693076,78.5149154663086,11343500.0
2015-06-01,GILD,79.14430635326516,80.25625972541124,78.78065190166679,79.78070831298828,11417600.0
2015-06-02,GILD,79.61986454265674,79.86463249586838,79.12333374170137,79.68280792236328,10189800.0
2015-06-03,GILD,79.91359152236122,80.37515855313501,79.63385974854367,80.1793441772461,7413400.0
2015-06-04,GILD,79.65484767462614,80.13039921107779,79.20727038567661,79.67582702636719,8637600.0
2015-06-05,GILD,79.59890066101967,79.92059650996777,78.6897562746786,79.69680786132812,8435700.0
2015-06-08,GILD,79.6967987957637,80.2632625810473,79.39608233315379,79.51496887207031,10742900.0
2015-06-09,GILD,79.1793007804446,80.63392972258632,79.1303471783313,80.2492904663086,9566700.0
2015-06-10,GILD,80.43810637554685,82.47318889126257,80.29124557578524,82.2913589477539,11986000.0
2015-06-11,GILD,82.57808920550958,83.71101687509925,82.45220776049494,83.31239318847656,14474700.0
2015-06-12,GILD,83.2351881781364,83.34749052518193,81.95076355174476,82.58245086669922,9266000.0
2015-06-15,GILD,81.92265036927508,83.09477746558262,81.69805113312711,82.933349609375,9605800.0
2015-06-16,GILD,83.01058154339337,83.83879253801815,82.41399010304073,83.57208251953125,8447800.0
2015-06-17,GILD,83.58611349722032,83.83878838848943,82.72281208110914,83.438720703125,12078300.0
2015-06-18,GILD,83.64927915426473,85.47414907879495,83.53697683035786,85.07408142089844,13653000.0
2015-06-19,GILD,84.55468839678082,84.92668043778713,83.90896616126538,84.08443450927734,21020000.0
2015-06-22,GILD,84.7652572357535,85.53732234229628,84.61786444855979,85.2706069946289,8040700.0
2015-06-23,GILD,85.50223258328712,85.90932051287015,84.99688278861441,85.77596282958984,8429200.0
2015-06-24,GILD,85.55135522763925,86.5901302999269,85.38290709735756,85.63558197021484,8354800.0
2015-06-25,GILD,85.96544541721018,86.05668701981304,84.09143960867078,84.38623046875,8575000.0
2015-06-26,GILD,84.435379389012,84.6529584480771,83.44573523996837,83.8738784790039,9730800.0
2015-06-29,GILD,82.73685521761476,83.62121742280783,80.92602546109428,81.03832244873047,12491100.0
2015-06-30,GILD,82.32274680231036,83.03164056547585,81.9647898034032,82.17535400390625,11345200.0
2015-07-01,GILD,82.89827244783389,83.24218893415777,80.99619606753537,81.4243392944336,10248500.0
2015-07-02,GILD,81.64893232569554,81.76122928298851,80.65227340216857,80.74351501464844,8832000.0
2015-07-06,GILD,80.33642912279238,81.72614081787805,80.09779473593727,81.17868041992188,13543300.0
2015-07-07,GILD,81.38223008587973,81.71211148726502,79.40294703243784,80.80669403076172,10183000.0
2015-07-08,GILD,80.18904482738681,80.30134715415647,78.89760019875365,79.26959228515625,9238800.0
2015-07-09,GILD,80.29434127978101,80.53999596993523,79.54333673852634,79.56439208984375,9007800.0
2015-07-10,GILD,80.63122051471444,80.7154472569965,79.45207289711311,79.83108520507812,9703400.0
2015-07-13,GILD,80.7154610225533,80.79266754409494,80.23116654285946,80.39962005615234,9632800.0
2015-07-14,GILD,80.86987062140305,82.68772053058606,80.6242159519013,82.37187957763672,11295900.0
2015-07-15,GILD,83.56505652759813,84.02829560422795,82.26659163396484,82.39292907714844,10479200.0
2015-07-16,GILD,83.05269171399209,83.80369613732658,82.86318287215013,83.41766357421875,7514600.0
2015-07-17,GILD,83.34746412633079,83.41765039356865,82.27359870847162,83.00354766845703,8170100.0
2015-07-20,GILD,83.38259240536908,83.48786916978466,82.70878898388321,82.96146392822266,7218700.0
2015-07-21,GILD,82.96847761513075,83.50892328586946,82.06306002852756,82.66667175292969,6489100.0
2015-07-22,GILD,81.99286839001581,83.10182989085538,81.81037976655442,82.42803192138672,6977100.0
2015-07-23,GILD,82.72282344563547,83.2422084135444,82.41399734613093,82.58245086669922,6110300.0
2015-07-24,GILD,81.51557437003638,82.22446798707155,79.07305799302232,79.19237518310547,15067600.0
2015-07-27,GILD,79.05201132892364,79.22747970603604,75.80233891255523,77.58509826660156,14883600.0
2015-07-28,GILD,78.97481485248366,79.59246704554104,77.72548070542938,79.36084747314453,16439700.0
2015-07-29,GILD,83.08778425218304,83.8458089287552,80.79266022879894,81.21378326416016,23144800.0
2015-07-30,GILD,81.49452331459916,82.99653200666857,80.53997503395533,82.7508773803711,11977200.0
2015-07-31,GILD,83.50188112836635,83.52293647405973,82.20341638020565,82.7228012084961,9217900.0
2015-08-03,GILD,83.17200157614617,84.34412892078483,82.9474022924138,83.94406127929688,11660000.0
2015-08-04,GILD,83.94407397294779,84.48451959528559,83.21412485172057,83.43170928955078,7876400.0
2015-08-05,GILD,84.01425309131768,84.27394820567318,83.08778031547145,83.28430938720703,8071000.0
2015-08-06,GILD,83.83878854082128,83.86686412377664,80.58209588617991,80.92601776123047,10755300.0
2015-08-07,GILD,80.9119741083539,80.92601457671402,79.40294505182274,80.32240295410156,9670200.0
2015-08-10,GILD,81.2278105393714,82.20341413219236,81.07339753535041,81.82440185546875,7776200.0
2015-08-11,GILD,80.79967633125004,82.01391444369443,80.49085028883891,81.14359283447266,6567700.0
2015-08-12,GILD,80.61017986873105,81.74019676479962,79.69774742452128,81.59280395507812,6999600.0
2015-08-13,GILD,81.59280436814637,81.91566557510468,80.84179984536127,80.8558349609375,6337400.0
2015-08-14,GILD,80.47681635694397,81.32608263117272,80.39960984520773,81.1365737915039,5533400.0
2015-08-17,GILD,80.77159695582469,82.04198617174065,80.72246602910057,81.71210479736328,7126700.0
2015-08-18,GILD,81.78931619899141,82.6105068897538,81.41030387520809,82.16130828857422,5934000.0
2015-08-19,GILD,81.87354621252155,82.25957343104281,80.99620432287787,81.5647201538086,7504800.0
2015-08-20,GILD,80.61719633432575,81.48049780159444,78.85549222549056,78.8835678100586,9200200.0
2015-08-21,GILD,77.58506536531615,78.06233936286038,73.92830657958984,73.92830657958984,22739400.0
2015-08-24,GILD,68.29930110790795,70.88921575344854,60.36111440392647,70.65058135986328,25731800.0
2015-08-25,GILD,73.99851719480527,75.732145453103,71.98413848876953,71.98413848876953,18482500.0
2015-08-26,GILD,74.34241595897534,75.17062663718148,71.91393507149213,75.0723648071289,15627600.0
2015-08-27,GILD,76.10414466048789,76.92533537939698,74.16697227970987,75.79531860351562,14610300.0
2015-08-28,GILD,75.07238269308496,76.3568123767603,74.94604525936494,75.64791870117188,10755900.0
2015-08-31,GILD,75.3952668898285,76.03397448752881,73.43703874577086,73.74586486816406,11736900.0
2015-09-01,GILD,71.74550904219728,73.44404160371913,70.88922252716915,71.23313903808594,13548000.0
2015-09-02,GILD,72.6017678375961,73.20537923724106,70.90323056971243,73.18431854248047,11509300.0
2015-09-03,GILD,73.64056660049408,73.6967177658654,71.37351818604267,71.5279312133789,9928100.0
2015-09-04,GILD,70.91028791723096,72.46142790802828,70.573391592871,71.63321685791016,10336500.0
2015-09-08,GILD,72.88253638157587,73.66161633843831,72.2297992146111,73.62652587890625,9992600.0
2015-09-09,GILD,74.53895660222246,74.71442496084809,72.67197605097775,72.86849975585938,7896500.0
2015-09-10,GILD,72.99485085227273,76.1532818987653,72.90360921646072,75.27593994140625,10368500.0
2015-09-11,GILD,75.00219361039831,76.98849666147638,74.57405039854419,76.94638061523438,9387600.0
2015-09-14,GILD,77.13663664806279,77.24937580676414,76.38267504440124,77.05207824707031,7505800.0
2015-09-15,GILD,77.12959344912268,78.78548992665819,76.69976429259377,78.24996948242188,7944100.0
2015-09-16,GILD,78.01743454152164,78.74321002432225,77.1436858863403,78.23587036132812,8116000.0
2015-09-17,GILD,78.13016664412874,79.8424351640742,77.3339285858325,78.6445541381836,9858400.0
2015-09-18,GILD,77.24234567347166,78.12314233167874,76.24880446255513,76.41087341308594,13156900.0
2015-09-21,GILD,76.89001619770869,77.06617550457811,73.69800504143224,74.50833892822266,15141600.0
2015-09-22,GILD,73.27521471618181,75.42436014452716,72.47897668296856,75.0509033203125,14843500.0
2015-09-23,GILD,75.02273842568252,75.29049867945164,73.7755273237505,74.33219146728516,7973100.0
2015-09-24,GILD,73.55710014775835,74.09262609443977,71.52774630511486,72.23238372802734,13464100.0
2015-09-25,GILD,73.30340863735391,73.41615317224485,69.8929670962328,70.56237030029297,15998900.0
2015-09-28,GILD,69.80138073398625,69.9423114428115,66.63756024026596,66.79962921142578,23907400.0
2015-09-29,GILD,66.9969147328411,68.87124712620971,65.66515068661829,67.64517974853516,18416500.0
2015-09-30,GILD,69.36450620983057,70.26644120651001,68.29345436930626,69.18834686279297,15811800.0
2015-10-01,GILD,69.43495263163373,69.61111193746518,67.89179539224463,69.24469757080078,13403600.0
2015-10-02,GILD,67.32106484785245,69.27290828357823,66.49664029427643,69.25177001953125,19143500.0
2015-10-05,GILD,70.45668878567068,71.3797673916274,68.8148878071123,69.94230651855469,14536000.0
2015-10-06,GILD,69.63225868721908,69.68863096219029,66.97577839668436,68.7303237915039,14842700.0
2015-10-07,GILD,69.04740433082755,71.02039083003183,68.7021335750513,70.65397644042969,12457700.0
2015-10-08,GILD,70.48486862656686,71.28111222033267,69.10378015647643,71.03448486328125,11833100.0
2015-10-09,GILD,71.35861698555858,71.73207927025682,70.07617731495664,70.92174530029297,8622200.0
2015-10-12,GILD,71.22474199240824,71.32339078768102,70.02685531616474,70.11846160888672,8863800.0
2015-10-13,GILD,69.69568664241432,70.33690387013372,69.05446403873827,69.18834686279297,9411200.0
2015-10-14,GILD,69.31515614387094,70.42143621863033,69.13194898551615,69.3292465209961,9575800.0
2015-10-15,GILD,69.1178816384488,71.65458063987764,68.77261080945975,71.61934661865234,9462400.0
2015-10-16,GILD,71.83777852088834,72.83836768315484,71.52774173028712,72.4578628540039,9975800.0
2015-10-19,GILD,72.32398526987123,73.169548034141,71.76027317638676,73.00748443603516,7636900.0
2015-10-20,GILD,72.8806206117727,73.24702956421298,71.2599530170082,71.63341522216797,10164800.0
2015-10-21,GILD,72.42966833035888,72.52126924353193,70.01981006728998,71.68275451660156,9837500.0
2015-10-22,GILD,71.87298759649039,77.1013938353393,70.74556925840305,75.81895446777344,24746600.0
2015-10-23,GILD,76.42497623391237,77.26349650931766,74.33925005289849,76.09379577636719,15001300.0
2015-10-26,GILD,76.55885741677196,77.76378677022227,75.70624677635239,76.54476165771484,10906500.0
2015-10-27,GILD,77.08028113350107,78.29225826469674,76.58703712706398,78.18656158447266,15787000.0
2015-10-28,GILD,76.80545727859992,76.95343045026056,74.64926909732291,76.19242095947266,17795600.0
2015-10-29,GILD,76.2276773714181,78.0526857341555,75.88240653608126,76.95345306396484,10783300.0
2015-10-30,GILD,77.17186626900406,77.41144572023227,76.1571923239089,76.19242095947266,8545000.0
2015-11-02,GILD,76.63634069061095,77.47485527356542,76.3262986131745,77.22823333740234,8362000.0
2015-11-03,GILD,77.08733943394851,77.18598824857236,76.32632968460125,76.87594604492188,7458600.0
2015-11-04,GILD,77.22826123119732,77.31986753768415,75.60759836822501,76.79138946533203,8081800.0
2015-11-05,GILD,76.33335193798844,76.37562845121789,74.72677992380464,75.98103332519531,10182100.0
2015-11-06,GILD,75.39618931659383,76.34040069580078,74.9452218853374,76.34040069580078,8565900.0
2015-11-09,GILD,76.10083418759122,76.47429112484028,75.45256911251906,76.1783447265625,8142200.0
2015-11-10,GILD,76.17130525169702,77.06619780002337,76.05856605818167,76.69978332519531,8571300.0
2015-11-11,GILD,76.74204435628613,76.9675280579522,75.41732290503687,75.53006744384766,6056800.0
2015-11-12,GILD,75.35392554128366,75.4666647301826,73.39503442254842,73.4443588256836,8010900.0
2015-11-13,GILD,73.34569694769678,73.40911710276296,71.95756592626809,72.27465057373047,10848400.0
2015-11-16,GILD,72.50716705454336,73.28226687903444,71.61932270054918,73.14838409423828,7344200.0
2015-11-17,GILD,73.59934368358775,73.90938573100613,72.92994058224842,73.65571594238281,6921800.0
2015-11-18,GILD,73.6275418987775,76.255841105016,73.59935576475327,76.19242095947266,8246800.0
2015-11-19,GILD,76.10081115411585,76.13604516151354,74.83951002783583,75.0509033203125,7019600.0
2015-11-20,GILD,75.63573550688432,76.07966027221087,74.98747073562308,75.07202911376953,7113200.0
2015-11-23,GILD,75.18479504014124,75.85420367650192,74.64222670418687,74.94522094726562,5481700.0
2015-11-24,GILD,74.51539828310344,75.25526963629689,74.33923894910083,75.09320068359375,6547100.0
2015-11-25,GILD,75.09319036692787,76.15014622573382,74.9099831794673,75.94580078125,5720500.0
2015-11-27,GILD,76.19944831508609,76.54471895597332,75.83303942336244,76.10079956054688,2749200.0
2015-11-30,GILD,76.24881774483664,76.31928041457633,74.47313373799386,74.66338348388672,9837800.0
2015-12-01,GILD,74.93817987530952,75.66395547382145,73.74029855022562,74.58586120605469,10659500.0
2015-12-02,GILD,73.98690314087936,74.38854611432022,73.49365927032215,73.5923080444336,8850500.0
2015-12-03,GILD,73.5077699178756,73.6980196415641,70.81605539070019,71.4361343383789,13772400.0
2015-12-04,GILD,71.4784023933522,73.39501652076342,71.34451959923062,73.33159637451172,8738300.0
2015-12-07,GILD,73.35979916856868,73.38798530930869,72.0491731919203,72.51423645019531,5956100.0
2015-12-08,GILD,71.92231829188492,73.331592682145,71.68274422599919,72.95108795166016,6675600.0
2015-12-09,GILD,72.75381462254514,73.51482433691378,71.52069912046811,71.83778381347656,7534900.0
2015-12-10,GILD,72.19007545502608,72.61990455605707,71.56294880780806,72.30986785888672,7653300.0
2015-12-11,GILD,71.41497650645488,72.20417207664272,70.23118583915063,70.48485565185547,9518900.0
2015-12-14,GILD,70.74672459041862,71.42609630200138,69.81966611927437,71.11471557617188,10251300.0
2015-12-15,GILD,71.99929497381915,72.89097245936003,71.78699441003842,72.16206359863281,11740300.0
2015-12-16,GILD,73.01835065723708,73.23772951330741,71.92852388334822,73.13157653808594,10950300.0
2015-12-17,GILD,73.77558599354677,74.15773356170102,72.41684268399783,72.43807220458984,7614400.0
2015-12-18,GILD,71.95683078821249,72.17620964149278,71.4189930133179,71.90021514892578,15768500.0
2015-12-21,GILD,72.33189588225335,73.07496125840139,71.92144061925417,72.62911987304688,8306500.0
2015-12-22,GILD,72.88388173135127,73.27310746402118,72.53004211952916,72.79188537597656,7151200.0
2015-12-23,GILD,73.30851249550231,73.30851249550231,72.67160530234926,72.99005889892578,7279900.0
2015-12-24,GILD,73.13867634424516,73.52790223476062,72.99714260178473,73.30144500732422,2656900.0
2015-12-28,GILD,72.89096163610594,73.11034047252093,71.83652108148551,71.95682525634766,5270900.0
2015-12-29,GILD,72.36021974590041,73.2802051394998,71.87899753064566,73.14574432373047,7647300.0
2015-12-30,GILD,72.7777408163981,72.92635822923145,72.20452227808188,72.29652404785156,4876300.0
2015-12-31,GILD,72.43804503301509,72.48050405827271,71.59590503764598,71.61006164550781,6245200.0
2016-01-04,GILD,70.60516133796848,70.76792995249163,68.65197035867821,69.35964965820312,14904400.0
2016-01-05,GILD,70.54856507034548,70.6617909731296,69.84795853765394,70.2442626953125,9260800.0
2016-01-06,GILD,69.0482580534069,71.24914075671185,69.0128719343946,70.980224609375,12540700.0
2016-01-07,GILD,69.39502583320748,70.06024605887276,67.95843781324031,68.11412811279297,12944600.0
2016-01-08,GILD,68.57412757543558,69.34549544699654,68.22736621844172,68.25566864013672,11976000.0
2016-01-11,GILD,68.80058374170244,68.80058374170244,66.7270831365972,68.29105377197266,12322500.0
2016-01-12,GILD,68.57416446092353,69.69937259972482,67.37818403232257,68.7156982421875,9830100.0
2016-01-13,GILD,68.82179248640679,69.37378132063219,65.19140064650378,65.4886245727539,12135700.0
2016-01-14,GILD,65.61604563698069,67.14463058512959,64.25022395410171,65.8283462524414,16303200.0
2016-01-15,GILD,63.95298673342422,65.65849121083386,63.46468623945358,64.99327087402344,18108300.0
2016-01-19,GILD,65.91324833478245,65.96986397352092,62.87730354677954,63.62036895751953,14373700.0
2016-01-20,GILD,62.275805762615036,64.98621996831073,61.05859596793358,64.08039093017578,19676300.0
2016-01-21,GILD,63.952979353240416,64.11574256633764,62.77822914075136,62.89146041870117,12158300.0
2016-01-22,GILD,63.97421670115718,65.15603996384883,63.485916203748296,64.98619842529297,9160700.0
2016-01-25,GILD,64.77389702837962,66.19633418707501,63.995450739246586,64.12283325195312,10188400.0
2016-01-26,GILD,64.20069350136438,65.6938978736099,63.868083228992134,65.25513458251953,6889200.0
2016-01-27,GILD,64.99327303026698,65.17727118469098,62.98346614052812,63.42930221557617,12520300.0
2016-01-28,GILD,63.69113738558522,63.84682769639411,61.46902480206575,61.94316864013672,14168300.0
2016-01-29,GILD,59.64321735446588,60.36505334646896,58.26324472146766,58.737388610839844,37029000.0
2016-02-01,GILD,58.256165799652365,59.81305826139498,58.227857976817845,59.48045349121094,17943600.0
2016-02-02,GILD,59.57243575007261,59.600743566199455,57.95184972116673,58.53214645385742,16895600.0
2016-02-03,GILD,60.08904374740909,61.56101238699694,59.35305672803325,61.13640594482422,24497700.0
2016-02-04,GILD,60.87457712528982,61.886558841911146,60.58443139070992,61.34164810180664,14538700.0
2016-02-05,GILD,61.34163869342114,62.289926313633416,59.76351156231211,60.25181198120117,15732800.0
2016-02-08,GILD,59.57952571875969,61.32041625767456,59.34599023936302,60.33674240112305,19111300.0
2016-02-09,GILD,59.58661610093288,62.61548911788792,59.515849225587324,61.74504089355469,14322700.0
2016-02-10,GILD,62.764077139428814,63.584982297559186,61.95024488670777,62.13424301147461,13462300.0
2016-02-11,GILD,61.21425989808261,62.59423238351805,60.86749855031043,61.8228645324707,13013400.0
2016-02-12,GILD,62.74286409045486,63.60622850427131,61.34165637117499,63.29485321044922,11311700.0
2016-02-16,GILD,64.20068721305951,64.59698601834602,63.61331191296254,64.50498962402344,12278000.0
2016-02-17,GILD,64.46250622113705,64.75265733192835,62.742850668634766,63.238224029541016,22772800.0
2016-02-18,GILD,63.40807572199732,64.36344187076321,62.93393180064051,62.97639083862305,11427500.0
2016-02-19,GILD,62.41733775916713,62.9693323753821,61.6530479043441,61.8795051574707,12897800.0
2016-02-22,GILD,62.52347778284761,63.33731022308915,62.311177189197,63.054237365722656,9749400.0
2016-02-23,GILD,63.05422751755614,63.26653347721329,62.205014477257244,62.523468017578125,8394500.0
2016-02-24,GILD,61.85825152475596,63.36560652222615,61.41948840569278,63.238224029541016,8338400.0
2016-02-25,GILD,63.691139595912894,64.03790095528005,63.37268605759925,63.80437088012695,9171500.0
2016-02-26,GILD,64.12284237105351,64.34222129668224,62.19795319381743,62.34656524658203,13349700.0
2016-02-29,GILD,62.18380415936356,63.08255481450181,61.74504089355469,61.74504089355469,12732500.0
2016-03-01,GILD,62.20502064541439,63.49299694377495,61.78041408316159,63.47176742553711,11746100.0
2016-03-02,GILD,63.408074496534134,63.46469014552703,62.24748068800708,62.84193420410156,10557200.0
2016-03-03,GILD,63.07546710118148,63.20284961747436,61.907800334190085,62.155487060546875,12374600.0
2016-03-04,GILD,62.4880784945538,63.05421864200791,61.46194036620385,61.716705322265625,21201900.0
2016-03-07,GILD,61.6459633738414,63.71946458188462,61.48319470872783,63.4434700012207,13100600.0
2016-03-08,GILD,63.44345613137661,63.97421565495338,62.52347079751084,62.742855072021484,11056800.0
2016-03-09,GILD,62.94101167782534,63.160390578431965,61.87241420221096,62.155487060546875,10428100.0
2016-03-10,GILD,62.488082736883186,63.6203685078266,62.148394306017934,62.72869110107422,10884500.0
2016-03-11,GILD,63.66992723148767,63.67700553844902,62.841943489495904,63.4434700012207,10581000.0
2016-03-14,GILD,63.998102181765645,64.85852046007591,63.528780161676586,64.32520294189453,11004900.0
2016-03-15,GILD,63.94123483726295,64.04789946123402,63.30836494027283,63.59991455078125,10265100.0
2016-03-16,GILD,63.25856600308078,64.62385750652034,63.22301475804967,64.19720458984375,8860200.0
2016-03-17,GILD,63.84878342086169,64.26121699828813,63.15191270641057,63.66389846801758,10549300.0
2016-03-18,GILD,64.01232148837674,64.51720017891014,63.67100131541444,64.19009399414062,16824300.0
2016-03-21,GILD,63.99809672659697,66.13847903617187,63.99809672659697,65.8967056274414,9816900.0
2016-03-22,GILD,65.51984781169644,66.81403170373164,65.45585230050408,66.64337158203125,9830800.0
2016-03-23,GILD,64.6807576674143,65.57673275156378,63.97677995674757,64.05500030517578,13891900.0
2016-03-24,GILD,63.72078132660898,66.00337979025265,63.59989731728517,64.9367446899414,14396500.0
2016-03-28,GILD,65.47004324727244,67.06288301593635,65.37760351846272,65.74736785888672,9606800.0
2016-03-29,GILD,65.55540063424951,65.59095188553607,64.4318769300011,65.56250762939453,8664500.0
2016-03-30,GILD,65.75448600128735,66.53668383099645,65.1073915677264,65.39894104003906,8125200.0
2016-03-31,GILD,65.34916110415288,65.95358641755162,65.0931683131535,65.32071685791016,13656300.0
2016-04-01,GILD,64.95093095833224,67.11264430948304,64.73760730224566,66.92776489257812,11423000.0
2016-04-04,GILD,67.09134289550065,67.55355249762695,66.66468996476344,67.01312255859375,8804800.0
2016-04-05,GILD,66.52247054544766,68.75529267368475,66.48691387597432,67.95886993408203,11808600.0
2016-04-06,GILD,67.90199854342963,69.33129129848157,67.89489154789294,69.28862762451172,11118800.0
2016-04-07,GILD,69.12505708035162,69.42371357325786,67.61754435277057,67.95886993408203,13333100.0
2016-04-08,GILD,68.41396892334174,69.29571901298114,67.96598417199293,68.3286361694336,9722900.0
2016-04-11,GILD,68.55619421151687,69.01129140875133,68.0797597556609,68.14376068115234,8796300.0
2016-04-12,GILD,68.26463517425564,69.26016218891736,67.90909019938972,69.1463851928711,9224800.0
2016-04-13,GILD,69.57304401034037,69.66548918380744,68.7268505871288,69.11083984375,9299000.0
2016-04-14,GILD,68.98285103917515,70.23436568943085,68.9046306953858,69.82193756103516,8743400.0
2016-04-15,GILD,70.06368831949065,70.38368203572429,69.41659931920638,69.89302825927734,8910600.0
2016-04-18,GILD,69.8077238339343,70.91702823827156,69.76506015787092,70.54014587402344,8067800.0
2016-04-19,GILD,70.93835643626771,71.62811476490013,70.5685865120666,70.71080780029297,9811700.0
2016-04-20,GILD,70.646802956202,71.79165849345195,70.646802956202,71.1872329711914,8864100.0
2016-04-21,GILD,71.03788767371763,72.417398498926,71.03788767371763,72.3462905883789,9038200.0
2016-04-22,GILD,72.21831710406843,72.85118693164966,71.46456324766551,72.4814224243164,10301900.0
2016-04-25,GILD,72.41741008320031,72.8013993718026,72.1756420636285,72.7374038696289,8292300.0
2016-04-26,GILD,72.54541229192368,73.3133909303078,71.82721517055599,72.05476379394531,9342600.0
2016-04-27,GILD,72.03342044783719,72.37474061578743,71.21566584829424,71.62098693847656,8585800.0
2016-04-28,GILD,71.4005741243942,71.64234220367118,68.83353790521535,68.97575378417969,15680300.0
2016-04-29,GILD,64.84430484219463,65.79716292636274,62.43370995293073,62.72525405883789,33629200.0
2016-05-02,GILD,63.07370383317812,63.6070215276814,61.68707999754488,63.28703308105469,13524000.0
2016-05-03,GILD,63.05233343670686,63.37232711284446,61.86481473182988,61.98569869995117,9881800.0
2016-05-04,GILD,61.62307921542314,61.857734857821015,60.73421646716366,60.869319915771484,12187800.0
2016-05-05,GILD,61.402628028202365,61.43818470268546,60.58487334177269,61.054195404052734,8035800.0
2016-05-06,GILD,60.919084609910655,61.039968619001996,59.760009756202,60.21510696411133,9271300.0
2016-05-09,GILD,60.43553741125455,61.480840576349294,60.22932066081124,60.9190788269043,8469000.0
2016-05-10,GILD,61.44531049769835,61.49508659769757,60.364450290303814,61.28175735473633,6840000.0
2016-05-11,GILD,61.43107428394524,61.438186704110926,59.59646049466414,59.66046142578125,8445700.0
2016-05-12,GILD,59.802650194025155,59.94487140699334,58.09603361469872,58.84979248046875,12095700.0
2016-05-13,GILD,58.77869008618004,59.63910816070018,58.60091762222501,58.80712890625,8332900.0
2016-05-16,GILD,58.807163214683996,59.61069869266634,58.664947330624436,59.45425796508789,6508100.0
2016-05-17,GILD,59.375997405489684,59.54665743586696,58.6293509566642,58.84979248046875,8379200.0
2016-05-18,GILD,58.83560176696313,59.33336816324339,58.54405760537682,58.93515396118164,7475100.0
2016-05-19,GILD,58.52980426145859,58.72890855293942,57.7973825784319,58.40892028808594,9272400.0
2016-05-20,GILD,58.43027498931597,59.077369615130756,58.35916706097704,58.764488220214844,7953000.0
2016-05-23,GILD,59.03469678057861,59.75289928926399,58.4871597993267,59.2551383972168,7782700.0
2016-05-24,GILD,59.57513786182709,61.4666404542369,59.52536176335251,61.31019973754883,13171300.0
2016-05-25,GILD,61.722619968637666,61.86483581192375,60.94041655500424,61.51640319824219,11621400.0
2016-05-26,GILD,61.46663090249505,61.509294573075486,60.47821608267677,60.64887619018555,8126000.0
2016-05-27,GILD,61.02576446533204,61.16798034392227,60.58488656140149,61.02576446533203,6125900.0
2016-05-31,GILD,61.438180798734315,62.02838683645463,61.1893003687277,61.90749740600586,12517800.0
2016-06-01,GILD,62.02839851223489,62.0781746076057,61.374191426405915,61.56618881225586,7451800.0
2016-06-02,GILD,61.64439768940143,61.91460995322517,61.054191650463444,61.66572952270508,7281100.0
2016-06-03,GILD,61.75817118527117,61.850616366027836,60.833757354011254,61.26041030883789,7443800.0
2016-06-06,GILD,61.27462963687502,62.48348600323413,61.22485354930172,62.29148864746094,8596700.0
2016-06-07,GILD,62.2488307614089,62.74659168337505,61.79373351127209,62.22038650512695,7923800.0
2016-06-08,GILD,62.234579119412565,62.63990010280167,61.73681841180658,62.16347122192383,7331600.0
2016-06-09,GILD,61.80795093796128,62.042611975846036,60.90486888711434,60.990196228027344,8083700.0
2016-06-10,GILD,60.42842258198575,60.5635259749617,59.78844058172845,60.05154037475586,8075200.0
2016-06-13,GILD,59.7528936226627,60.30754297125481,59.66045387295945,59.717342376708984,8194100.0
2016-06-14,GILD,59.71019767134117,60.46819364445221,59.18817797381725,59.76025390625,7488700.0
2016-06-15,GILD,60.10349302072105,60.38237850249058,59.33119224548861,59.381248474121094,7416100.0
2016-06-16,GILD,59.195322746880265,59.85320616485969,58.802025368090696,59.717342376708984,6172200.0
2016-06-17,GILD,59.83892303081963,60.189316725232146,59.01656580637616,59.102378845214844,15951300.0
2016-06-20,GILD,59.53858655205344,60.15356636781728,59.28115288704899,59.34550857543945,6951800.0
2016-06-21,GILD,59.60291508840548,59.667276203197616,58.229939804319876,58.48737335205078,8412000.0
2016-06-22,GILD,58.32290386083583,59.91756147840555,58.32290386083583,58.95933532714844,10069600.0
2016-06-23,GILD,59.56001697410436,59.76739432146244,59.02369794133255,59.617225646972656,5844000.0
2016-06-24,GILD,58.04401157858704,58.81631218473165,57.36467641649154,57.54344940185547,12438000.0
2016-06-27,GILD,57.13584684828384,57.54344903407976,55.71996241273469,55.9559440612793,11724000.0
2016-06-28,GILD,56.97138730072225,58.937890610346464,56.81406616303713,58.859230041503906,14751000.0
2016-06-29,GILD,59.63152872861288,59.681584956499385,58.45877814179769,58.830623626708984,10452600.0
2016-06-30,GILD,58.83063133448604,59.65298843383789,58.30146464811057,59.65298843383789,9706500.0
2016-07-01,GILD,59.459909526722505,60.99735864115563,59.17387159403638,60.682716369628906,8336300.0
2016-07-05,GILD,60.553986558256554,60.89723309485226,59.717330285935205,59.98906326293945,7621700.0
2016-07-06,GILD,59.81029495805994,61.43355686722667,59.588618181983044,61.304840087890625,9683800.0
2016-07-07,GILD,61.42642451280482,61.68385815568621,60.61836678986903,61.118934631347656,6764500.0
2016-07-08,GILD,61.46932051698404,62.170113224018316,61.30485237780057,61.89122772216797,7628800.0
2016-07-11,GILD,61.898362108619644,62.37747789755484,61.56226799388862,61.67668533325195,7453900.0
2016-07-12,GILD,62.084290711739236,62.43468428383473,61.841162036817266,61.948421478271484,7857700.0
2016-07-13,GILD,62.00564450960309,62.27023058980581,61.29770475347002,61.319156646728516,8334400.0
2016-07-14,GILD,61.80541889395895,61.862627579174266,60.97590932549834,61.16898727416992,8104400.0
2016-07-15,GILD,61.26194337025332,62.899505053495176,61.16898335452559,61.97703552246094,11483300.0
2016-07-18,GILD,62.17012776204856,62.456160324162106,61.834033500271595,62.1629753112793,6788300.0
2016-07-19,GILD,61.85546905416227,62.18441077826102,60.983055785338664,61.09747314453125,9832800.0
2016-07-20,GILD,61.11179175729716,62.29884768055905,60.854358074077034,61.969905853271484,9055900.0
2016-07-21,GILD,62.32742126761289,62.806531597693535,61.712441711857224,62.38462448120117,9453400.0
2016-07-22,GILD,62.44184627677194,62.52765929877209,61.72675412726437,61.89122772216797,7374700.0
2016-07-25,GILD,61.90551883733579,63.53592784598112,61.698141487187826,63.32140350341797,15718500.0
2016-07-26,GILD,60.103513727477726,60.17502187077146,57.57208617368382,57.95823669433594,47371900.0
2016-07-27,GILD,58.16557868952774,58.62324257327509,57.96535380923011,58.48737335205078,14103800.0
2016-07-28,GILD,58.60180432155478,58.62326167062139,57.650735830317174,58.09408950805664,13011000.0
2016-07-29,GILD,57.63640962967709,57.808030168738384,56.756849593234215,56.8283576965332,19465700.0
2016-08-01,GILD,57.071497343923966,58.072627350312295,56.85697299266051,57.53630828857422,14758000.0
2016-08-02,GILD,57.90814254646299,58.05831118580806,56.81404739286088,56.89986038208008,13408200.0
2016-08-03,GILD,57.007140313752586,57.32892956082225,56.57093371749936,57.27172088623047,10868100.0
2016-08-04,GILD,57.35755005802635,57.657887500671,56.885591998973474,57.04290771484375,9738300.0
2016-08-05,GILD,57.350379002778006,57.67932613978514,57.10725032971624,57.500553131103516,10692300.0
2016-08-08,GILD,57.53630189894121,57.772283569271984,56.49942067701853,57.02143478393555,9511600.0
2016-08-09,GILD,57.10727719757066,57.13588154710382,56.4994497732261,56.72827911376953,9578200.0
2016-08-10,GILD,56.79977436494779,56.91418628138457,56.09898159978532,56.4207763671875,12022200.0
2016-08-11,GILD,56.599523103389956,57.19305067012381,56.349242037814854,56.89986038208008,8454700.0
2016-08-12,GILD,56.735410110792145,57.042899961913584,56.39932137392385,56.9642448425293,8434000.0
2016-08-15,GILD,57.12157190576741,57.27174063656737,56.799782547727695,56.95710372924805,7464800.0
2016-08-16,GILD,56.89988411774334,57.064357718427104,56.663902390739814,56.67105484008789,7969900.0
2016-08-17,GILD,56.821226335408554,57.82950896996156,56.70681441881649,57.70793914794922,10583800.0
2016-08-18,GILD,57.82949518536195,58.115527636521904,57.33607993238822,57.62926483154297,8994400.0
2016-08-19,GILD,57.60780121083371,58.051160148987734,57.371825032257746,57.92244338989258,8227900.0
2016-08-22,GILD,57.84381299749968,58.30147161157647,57.636435585539736,57.865264892578125,7522000.0
2016-08-23,GILD,58.25140010287777,58.38011689533147,57.93675784227548,58.25855255126953,8279400.0
2016-08-24,GILD,58.258551060493964,58.70905709469413,57.33608164746742,57.564910888671875,9699600.0
2016-08-25,GILD,57.529164204913506,57.92246708966234,56.70681255525389,57.264583587646484,9220100.0
2016-08-26,GILD,57.28604192249968,57.44336309409098,56.685361581489346,57.04290771484375,8928000.0
2016-08-29,GILD,56.95706961993436,56.99282094068353,55.51258095985894,55.89873123168945,15383500.0
2016-08-30,GILD,55.81294762359755,56.05607634950318,55.534062105896176,55.7199821472168,9174200.0
2016-08-31,GILD,55.59125736342245,56.20623699522709,55.47684546637861,56.04891586303711,9758500.0
2016-09-01,GILD,56.084679005141254,56.10613089728539,55.01919320146026,55.36243438720703,12403900.0
2016-09-02,GILD,55.505437015178245,55.605549447918875,54.82609641504579,54.98341751098633,7956200.0
2016-09-06,GILD,55.61987522681028,55.98457380777883,55.240877201128896,55.691383361816406,11648400.0
2016-09-07,GILD,56.048917362751666,56.35640718688157,55.71997564833454,55.934505462646484,8232700.0
2016-09-08,GILD,56.01316473807816,56.59238758534439,55.491145111684375,56.48512268066406,8549600.0
2016-09-09,GILD,56.10613510845333,56.49228556319201,55.81295013427735,55.812950134277344,10415200.0
2016-09-12,GILD,55.5555208189788,56.51374185267208,55.5555208189788,56.38502502441406,8896100.0
2016-09-13,GILD,56.249158588361354,56.249158588361354,55.419648965741025,55.820098876953125,9389600.0
2016-09-14,GILD,56.071901681989466,56.402836024181035,55.71218972455052,55.8416862487793,8311200.0
2016-09-15,GILD,55.93522126987039,56.97838397264291,55.58989530227732,56.719390869140625,10112800.0
2016-09-16,GILD,56.72656161373706,56.97116854299967,56.41001889596517,56.69059371948242,10307900.0
2016-09-19,GILD,56.77694156423047,57.201404584382885,56.69780448401171,56.827301025390625,7234200.0
2016-09-20,GILD,57.29491743435541,59.04311768444986,57.28772165869138,58.8344841003418,17560700.0
2016-09-21,GILD,59.014327651942466,59.028719200242065,58.028720655351,58.77691650390625,13628800.0
2016-09-22,GILD,58.97117444890106,58.99275628641265,58.20139114129983,58.647430419921875,8213800.0
2016-09-23,GILD,58.66901295223116,58.99275146598853,58.431601781466156,58.53951644897461,7534500.0
2016-09-26,GILD,58.273337150238596,58.36686028328835,57.49635800426421,57.99995803833008,9036000.0
2016-09-27,GILD,57.06469126024955,57.48195834984681,56.575482893872525,57.01433181762695,13214300.0
2016-09-28,GILD,56.92083050287821,57.19420965483101,56.4819814110792,56.81291580200195,6854100.0
2016-09-29,GILD,56.94956546618874,57.07905642372574,55.93517572202429,56.014312744140625,7618600.0
2016-09-30,GILD,56.158221533940186,57.28771670980123,56.15103124766591,56.920814514160156,11031500.0
2016-10-03,GILD,56.56830335881151,56.81291035660395,55.57550028120132,56.13665008544922,10626200.0
2016-10-04,GILD,55.82729903783483,56.417226474356,55.48197860555231,55.56830596923828,8219400.0
2016-10-05,GILD,55.64743190407429,56.11505848923825,55.53951723230288,55.80570602416992,7910200.0
2016-10-06,GILD,55.66901027422244,55.94239482418905,54.73376265089964,54.82728576660156,10168200.0
2016-10-07,GILD,54.999938492641434,55.021525813744006,53.8992211333966,54.12943649291992,11149200.0
2016-10-10,GILD,54.31650287403515,54.65463297542748,54.14384267990005,54.30930709838867,7161100.0
2016-10-11,GILD,54.0575113364897,54.15823024325702,52.92082025866572,53.107872009277344,11910000.0
2016-10-12,GILD,53.366850998076984,53.388432831162376,52.46037558711937,52.539512634277344,10014500.0
2016-10-13,GILD,52.0071461063909,53.187000675372076,51.949590886253304,52.561100006103516,10586100.0
2016-10-14,GILD,52.712179320161084,52.87764920893403,52.32369529894598,52.33808135986328,7359100.0
2016-10-17,GILD,52.18700037191965,52.84886891588099,52.021530491545455,52.258941650390625,8181400.0
2016-10-18,GILD,52.805720025510624,53.11507254940656,52.45320382020524,52.81291580200195,6353500.0
2016-10-19,GILD,52.877637883576305,53.179794497035566,52.74094563468277,52.76252746582031,6326400.0
2016-10-20,GILD,52.61865978434914,53.82009629276475,52.58988217178747,53.460384368896484,10351400.0
2016-10-21,GILD,53.3092954410648,53.91361420740472,53.07908007502275,53.445987701416016,8256500.0
2016-10-24,GILD,53.60426121962635,53.79850320282872,53.05030189902725,53.34526824951172,7404000.0
2016-10-25,GILD,53.26613697186148,53.72656774886559,53.17261385704646,53.532325744628906,6140800.0
2016-10-26,GILD,53.60426084538954,54.532318067026566,53.42440492233044,54.23015594482422,8333000.0
2016-10-27,GILD,54.62583148698794,54.93518383935827,54.41719799457388,54.553890228271484,9596400.0
2016-10-28,GILD,53.776928353290955,53.79851018880847,52.683406606516044,53.15102767944336,13160000.0
2016-10-31,GILD,53.302102783049364,53.553905485524915,52.91361878976716,52.971168518066406,8457000.0
2016-11-01,GILD,52.97119425584074,53.44601679419876,52.56112274033621,53.287742614746094,10741600.0
2016-11-02,GILD,53.23734876285652,53.48914593627885,52.122239937857564,52.165409088134766,14620000.0
2016-11-03,GILD,52.03592969211269,52.467582915178625,51.568303080137696,51.625858306884766,9286200.0
2016-11-04,GILD,51.453193641841516,52.72657698709435,51.35967051310867,52.107872009277344,11779500.0
2016-11-07,GILD,52.86325636625918,53.74814445150401,52.553903952927634,53.23735427856445,9513500.0
2016-11-08,GILD,53.187006734315794,53.71218857255504,52.7265758982996,53.266143798828125,7449600.0
2016-11-09,GILD,55.251745882078644,57.55389967351209,55.21577249927566,56.453182220458984,26693700.0
2016-11-10,GILD,57.30930319434594,57.553904654518966,55.3524695578894,55.99994659423828,16651800.0
2016-11-11,GILD,55.740955963604904,55.762537798443574,54.165416155168785,54.978363037109375,12949600.0
2016-11-14,GILD,55.42441191790885,55.489157427294586,54.726569932210104,55.21577835083008,8832800.0
2016-11-15,GILD,55.41720591746447,55.47476112992182,53.95677670615399,54.92799758911133,8560100.0
2016-11-16,GILD,54.73376753579099,55.30930331948567,54.366859837376595,54.676212310791016,8415000.0
2016-11-17,GILD,54.47476902961009,54.69059286848652,53.84886837045605,54.37405014038086,9413500.0
2016-11-18,GILD,54.38122785980073,54.48914249868595,53.41720286029691,53.68339157104492,8194300.0
2016-11-21,GILD,53.71218267854325,54.09347640820651,53.56109885285788,53.94239807128906,6810600.0
2016-11-22,GILD,53.999947699623355,54.2733322515141,53.25174630243843,53.568294525146484,6019600.0
2016-11-23,GILD,53.12944723422575,54.20858294848396,53.064701725978935,54.17261505126953,6849200.0
2016-11-25,GILD,54.29491633947786,54.35247156213403,53.863263147092816,54.27333450317383,3068600.0
2016-11-28,GILD,54.17261044841563,54.27332933408723,53.39563148286252,53.62584686279297,9338900.0
2016-11-29,GILD,53.733773283306945,54.24456359779834,53.44600262321873,53.8632698059082,7160700.0
2016-11-30,GILD,53.95678325665636,54.014338476101074,52.94239309682266,53.02153015136719,10627300.0
2016-12-01,GILD,53.21578064289829,53.25894431552968,52.316500871289946,52.402828216552734,8270200.0
2016-12-02,GILD,52.54671843657466,52.94959403443544,51.91362742725509,52.10067367553711,9227900.0
2016-12-05,GILD,52.36685901455772,52.49635551799445,51.748154108000875,52.0575065612793,9985900.0
2016-12-06,GILD,52.2805288424381,52.2805288424381,51.76254280233873,52.13664627075195,8723900.0
2016-12-07,GILD,51.640233570013145,52.44599010966405,51.47476918867844,52.359657287597656,13061000.0
2016-12-08,GILD,52.12944493900588,52.230163826204105,50.95678618733069,51.812896728515625,12333500.0
2016-12-09,GILD,52.04311575407993,52.61146122234039,51.762540907425375,52.30210876464844,9936300.0
2016-12-12,GILD,52.20140819970926,53.007165125374975,51.89205563339537,52.85608673095703,9475900.0
2016-12-13,GILD,53.15292966423685,54.93410595885883,53.145687560749195,54.188323974609375,12693000.0
2016-12-14,GILD,54.20281390993131,55.25993464248709,54.20281390993131,54.818260192871094,11822800.0
2016-12-15,GILD,54.88342175361582,55.02098857391684,54.23901265208607,54.70240783691406,9448800.0
2016-12-16,GILD,53.89146656488317,54.27521520624815,53.53668081472963,53.65252685546875,14437500.0
2016-12-19,GILD,53.297746249171304,54.52140228144532,53.25430467021485,53.8697509765625,8212200.0
2016-12-20,GILD,53.949409520698524,54.0362926978832,53.167427781385946,53.6163444519043,8452000.0
2016-12-21,GILD,53.60185021967657,54.18109707179997,53.26154310836213,53.55116653442383,7018700.0
2016-12-22,GILD,53.3484233219789,53.39910699918335,52.79813945225444,53.07328414916992,8413800.0
2016-12-23,GILD,53.07328173661175,53.50047192161526,53.015355958409366,53.3194580078125,5307600.0
2016-12-27,GILD,53.23257934789947,54.15937540105069,53.22534276734343,53.38463592529297,6632900.0
2016-12-28,GILD,53.29774678032752,53.36290914941161,52.58093309986637,52.689537048339844,6387600.0
2016-12-29,GILD,52.68953815353172,52.74746394333743,52.08857603764643,52.22614288330078,7533600.0
2016-12-30,GILD,52.15373818691007,52.32027345086835,51.62518054846988,51.84963607788086,9220900.0
2017-01-03,GILD,52.37818950916447,53.746659938091376,52.262343463456794,53.69597625732422,10953700.0
2017-01-04,GILD,53.96387695682633,55.73781695061009,53.85526748388328,55.30337905883789,14914200.0
2017-01-05,GILD,55.63645415773522,55.64369626367468,54.71690557132282,55.035491943359375,9413100.0
2017-01-06,GILD,55.35406663581596,55.39027163737888,54.6010534250977,54.658973693847656,8980000.0
2017-01-09,GILD,54.97754810235855,55.0933941388318,54.49966870112697,54.91238021850586,10165300.0
2017-01-10,GILD,55.36130290064762,55.390265794021005,54.25349846862433,54.311424255371094,8869800.0
2017-01-11,GILD,54.68068702178816,54.702413334225085,52.863311092822144,53.41358947753906,14165700.0
2017-01-12,GILD,53.23982171036159,53.348431184408305,52.80538933828205,53.11673355102539,7057700.0
2017-01-13,GILD,53.31222299315638,53.420832460700524,52.8560698583994,52.90675354003906,8269100.0
2017-01-17,GILD,52.79814878113818,52.79814878113818,51.93652611642266,52.066856384277344,11706600.0
2017-01-18,GILD,52.305789463256794,52.47232472792136,51.7699897178224,52.22614288330078,9910000.0
2017-01-19,GILD,52.001677367452025,52.31302152273846,51.57448717890657,51.82066345214844,9810900.0
2017-01-20,GILD,52.110295988635364,52.13201677843588,51.103858884424696,51.41520309448242,10270300.0
2017-01-23,GILD,51.31382862744935,51.61793069080283,50.901117106010624,51.18349838256836,9657600.0
2017-01-24,GILD,51.11832850196463,51.39347318825072,50.52460308160361,50.86491012573242,10912800.0
2017-01-25,GILD,51.27763267223861,52.37819508203895,51.20522819545434,52.066856384277344,14001600.0
2017-01-26,GILD,51.972711044479446,52.02339471645173,51.516557996728885,51.56724166870117,8580100.0
2017-01-27,GILD,51.71931009374957,52.25510988125476,51.5238174429395,51.596221923828125,6939700.0
2017-01-30,GILD,51.40795553463959,51.893071535730165,51.22694160670072,51.777225494384766,7242500.0
2017-01-31,GILD,51.50207905013248,52.55196311120506,51.40071169583671,52.45783233642578,10365500.0
2017-02-01,GILD,52.65334167545982,52.769187737558816,52.175462168518806,52.725746154785156,7441800.0
2017-02-02,GILD,52.573683098926146,52.73297623157176,51.972715561801834,52.31302261352539,8814200.0
2017-02-03,GILD,52.66781632079928,52.67505842540848,51.965481324603346,52.37819290161133,8034300.0
2017-02-06,GILD,52.146495562395124,52.617132930691334,51.72654740253919,52.414398193359375,7635000.0
2017-02-07,GILD,52.53746861374036,53.073273694765994,52.42886470119974,52.95018005371094,13325400.0
2017-02-08,GILD,48.707233612669796,48.707233612669796,47.60667117356136,48.38865280151367,51547400.0
2017-02-09,GILD,48.03385988229485,48.359688311927236,47.338766966162844,47.49081802368164,23070600.0
2017-02-10,GILD,47.67906608041271,48.35243809305909,47.37496401640635,48.048336029052734,16208400.0
2017-02-13,GILD,48.37414751590706,49.083724356002186,48.1496920724559,48.982357025146484,15885100.0
2017-02-14,GILD,49.67021682365648,49.72090049853762,48.750668572496956,48.90996170043945,14972600.0
2017-02-15,GILD,49.01856783967301,50.66941944760991,48.98961047338344,50.53908920288086,16656600.0
2017-02-16,GILD,50.68390400613216,51.169020047262286,50.148104281960194,50.90835952758789,10965500.0
2017-02-17,GILD,50.81422655938236,51.255900954950576,50.47391951452426,50.575286865234375,11186900.0
2017-02-21,GILD,50.68389774959841,50.68389774959841,49.83675392728353,50.16981887817383,11190400.0
2017-02-22,GILD,50.039484721806986,50.488401198309276,49.71366189996416,49.83675003051758,10073400.0
2017-02-23,GILD,49.77158643736669,50.343591093676004,49.54713094184138,50.227745056152344,7529100.0
2017-02-24,GILD,50.19154063305665,50.73458240513564,49.9960480257151,50.64045715332031,7382400.0
2017-02-27,GILD,50.55356705990655,51.07488803030363,50.539088376998365,51.04592514038086,6354200.0
2017-02-28,GILD,50.95178656004666,51.364497966277014,50.69112614304803,51.03143310546875,8828800.0
2017-03-01,GILD,51.27762142868927,51.40070956464397,50.69837469321052,50.821468353271484,9629400.0
2017-03-02,GILD,50.683893615539084,51.328302678151026,50.683893615539084,51.06764221191406,8672900.0
2017-03-03,GILD,51.16901999132996,51.27038735730285,50.8431971041467,51.219703674316406,6620900.0
2017-03-06,GILD,51.089370866936946,51.118333759214494,50.46668249323685,50.770790100097656,7335900.0
2017-03-07,GILD,50.387030965187726,50.65493354932801,49.800547645538984,49.97431945800781,9044200.0
2017-03-08,GILD,49.97432431415459,50.68390136385558,49.87295695335543,50.46668243408203,7377200.0
2017-03-09,GILD,50.11189486237077,50.14085775356888,49.09821576686357,49.51816940307617,13597000.0
2017-03-10,GILD,49.648510363855216,49.677473261302524,48.83756580765419,49.37337112426758,14480500.0
2017-03-13,GILD,49.46747869429044,49.48919947857544,48.895474103659865,49.30818557739258,8493500.0
2017-03-14,GILD,49.18416629575787,49.68760521778051,49.17686846598563,49.44682693481445,6109500.0
2017-03-15,GILD,49.59275178040119,50.18374791317506,49.33008559547665,49.95756530761719,8312600.0
2017-03-16,GILD,50.1545519998869,50.18373774414361,49.76785063005558,50.008628845214844,6855000.0
2017-03-17,GILD,50.16915387610495,50.98633255017395,49.79704254895584,50.388038635253906,18241000.0
2017-03-20,GILD,50.30049184583671,50.49748870487378,50.0816014988064,50.13267517089844,6287400.0
2017-03-21,GILD,50.19833121574295,50.40262585004078,49.19874039322996,49.424922943115234,8691500.0
2017-03-22,GILD,49.46871266666624,49.65111941607635,49.25712016935705,49.4906005859375,5402800.0
2017-03-23,GILD,49.330088077672016,49.55627069461096,49.0747197090937,49.242530822753906,6174900.0
2017-03-24,GILD,49.30089787999973,49.51978821424866,49.03093387664104,49.25712203979492,6037800.0
2017-03-27,GILD,48.96527042756099,49.483304950856194,48.86312308869221,49.24982452392578,5455300.0
2017-03-28,GILD,49.21334566659012,49.23523915554426,48.73909250489753,48.957977294921875,8509100.0
2017-03-29,GILD,48.95796786047417,49.30089342203647,48.81934252348979,49.074710845947266,7224700.0
2017-03-30,GILD,49.147681800774095,49.45412384616,48.95797719651058,49.2717170715332,5198700.0
2017-03-31,GILD,49.15497147236026,49.855412702684234,49.15497147236026,49.5562629699707,8876500.0
2017-04-03,GILD,49.505197619902255,49.629232890910686,48.702608923253635,48.957977294921875,8446700.0
2017-04-04,GILD,48.91420584128783,48.9871674445124,48.62965169208253,48.87042999267578,5895000.0
2017-04-05,GILD,48.870421437009284,48.979861039379976,48.44723641913416,48.49831008911133,7113600.0
2017-04-06,GILD,48.469116403028025,48.73908036676637,48.32319324601961,48.50559997558594,8716000.0
2017-04-07,GILD,48.46182451168597,48.768266518909236,48.352379347217,48.57856750488281,7618900.0
2017-04-10,GILD,48.563973664024935,49.06012027044592,48.43993840407281,48.46182632446289,6549600.0
2017-04-11,GILD,48.46912888093454,48.542090478222,48.03135373059673,48.169979095458984,7329400.0
2017-04-12,GILD,48.39615448634368,48.425340230863746,48.0021552852402,48.315895080566406,7819100.0
2017-04-13,GILD,48.28672187274272,48.75368277307777,48.22105253886993,48.52750015258789,6098400.0
2017-04-17,GILD,48.74638185805858,48.99445795187973,48.593160844204036,48.66612243652344,5684300.0
2017-04-18,GILD,48.585878359704964,48.790178675980506,47.9365105197331,48.19917678833008,7358100.0
2017-04-19,GILD,48.294012603476425,48.44723360450628,48.07512227822679,48.359676361083984,5343100.0
2017-04-20,GILD,48.418043867024046,48.64422643562881,48.272120706623255,48.52019119262695,6380400.0
2017-04-21,GILD,48.549374304309985,48.65152162437158,47.972968388755895,48.10430145263672,7241800.0
2017-04-24,GILD,48.51290420249131,48.51290420249131,47.94379595653198,48.33779525756836,9117100.0
2017-04-25,GILD,48.59315176680241,49.27170502518033,48.56396602200413,48.97256088256836,9007000.0
2017-04-26,GILD,49.18416180300146,50.052414201741726,49.0820088953606,49.7751579284668,15156300.0
2017-04-27,GILD,49.73866159541396,50.169144336458196,49.65110993504719,50.037811279296875,6734700.0
2017-04-28,GILD,50.2202286635532,50.31507817130577,49.789745831049544,50.015933990478516,6257500.0
2017-05-01,GILD,50.008636538760435,50.20563338453571,49.65112085818407,49.69489669799805,5372600.0
2017-05-02,GILD,49.82623165067827,50.46100918482333,49.7313821386572,50.04511642456055,12987200.0
2017-05-03,GILD,48.965273117009986,49.308198730595905,48.35238348352151,49.03823471069336,13591200.0
2017-05-04,GILD,49.19144769085073,50.03051979765966,49.12578393724722,49.673004150390625,8702900.0
2017-05-05,GILD,49.68760044032822,49.942968791672044,49.25712315757899,49.46871566772461,5788800.0
2017-05-08,GILD,49.45412191796266,49.48330766875856,48.94338519556625,49.03823471069336,7126900.0
2017-05-09,GILD,49.04552785488568,49.432229274418745,48.95797061086202,49.330081939697266,5557400.0
2017-05-10,GILD,49.38845703124485,49.46871645245645,48.6734200695268,48.82664108276367,7190500.0
2017-05-11,GILD,48.717184339795494,48.7682579987431,48.199149922866525,48.67340850830078,8055500.0
2017-05-12,GILD,48.790178675980506,48.81206660392785,47.96569627920103,48.19917678833008,8091200.0
2017-05-15,GILD,48.21374773096755,48.27941148114212,47.95837942482492,48.118892669677734,6202500.0
2017-05-16,GILD,47.96568185839769,48.17727437596445,47.775982828810456,47.95109176635742,5961000.0
2017-05-17,GILD,47.6957208085865,47.878127565526256,47.03175754135183,47.068241119384766,8976100.0
2017-05-18,GILD,47.024458712761714,47.184977546114325,46.60857432175081,47.00986862182617,7926000.0
2017-05-19,GILD,46.973384604847126,47.27983217774813,46.754499843189016,46.86394500732422,8429400.0
2017-05-22,GILD,46.871232589551006,47.16308447590077,46.78368092027429,46.95878982543945,7162900.0
2017-05-23,GILD,46.958802855694,47.279840576422316,46.9150270089086,47.199581146240234,5094600.0
2017-05-24,GILD,47.22876512067751,47.27254096581401,46.863951566905165,46.92231750488281,5926700.0
2017-05-25,GILD,47.06093760488054,47.30171583093885,46.84934512440007,47.104713439941406,5659000.0
2017-05-26,GILD,46.966097900265375,47.2433541911517,46.922316489463256,47.06094741821289,4021900.0
2017-05-30,GILD,47.03905218269221,47.25793693621977,46.91501693236539,47.05364227294922,6979900.0
2017-05-31,GILD,47.03905890733056,47.367388867865536,46.82746638537649,47.34550094604492,9190200.0
2017-06-01,GILD,47.43306029400698,47.94379704774549,47.06824673659,47.14850616455078,9316300.0
2017-06-02,GILD,47.35280724306284,47.827066044896114,47.25065987855892,47.717620849609375,6459300.0
2017-06-05,GILD,47.85622811545137,48.002156842786704,47.45493664015568,47.77597427368164,6184800.0
2017-06-06,GILD,47.56440230148008,47.70302769395252,47.16310508655262,47.31632614135742,7282800.0
2017-06-07,GILD,47.44764188203865,47.54978921447652,46.8420501492912,46.92960739135742,7790400.0
2017-06-08,GILD,46.812877158087765,47.119319202464865,46.739909995186856,46.78369140625,8744900.0
2017-06-09,GILD,46.77639371669801,47.38198554426579,46.659653492303875,47.206871032714844,9338900.0
2017-06-12,GILD,47.13390258419953,48.66611815454267,47.09742457455576,47.73949432373047,10459200.0
2017-06-13,GILD,47.870825949896584,47.90001169669178,47.43305088119276,47.53519821166992,8185300.0
2017-06-14,GILD,47.74847651093881,48.07209707210346,47.46898959718642,47.79996109008789,6795700.0
2017-06-15,GILD,47.59403484975825,47.925012038038446,47.14538099844932,47.66758346557617,6858100.0
2017-06-16,GILD,47.65288868880589,47.68966020081641,46.89532427659392,47.16010665893555,10246600.0
2017-06-19,GILD,47.21157868066524,47.785265740004604,47.130673519845615,47.66758346557617,7900100.0
2017-06-20,GILD,47.72643735703723,48.54284011700809,47.08655244448133,48.24128341674805,13114600.0
2017-06-21,GILD,48.41044774307326,49.78583015970265,48.255993933409144,49.64608383178711,13981300.0
2017-06-22,GILD,50.24917560720808,52.54392921681398,50.22711158590211,51.837852478027344,28962900.0
2017-06-23,GILD,52.3968265673841,52.49244480856746,51.36712921554215,51.86726760864258,22911200.0
2017-06-26,GILD,52.404199503104074,52.77930481810802,52.01438670637881,52.39684295654297,14129100.0
2017-06-27,GILD,52.51452136620041,52.88227010740434,51.95554170837832,51.96289825439453,10768700.0
2017-06-28,GILD,52.1982674149016,53.02202116472235,52.09529819617401,52.89698791503906,10606200.0
2017-06-29,GILD,52.955825956780544,53.080859199108865,51.49953827395253,52.11735916137695,11437400.0
2017-06-30,GILD,52.63219309647337,52.6910342362693,51.720177875236196,52.05850601196289,6727100.0
2017-07-03,GILD,52.301224773084684,52.66161695690378,51.896698925961005,51.99966812133789,3453000.0
2017-07-05,GILD,52.095295131719155,52.43362334640822,51.602513098024296,52.11735916137695,7219600.0
2017-07-06,GILD,51.97024689338083,52.02908241835755,50.889064860914004,51.102359771728516,7989000.0
2017-07-07,GILD,51.256813847358984,51.256813847358984,50.410990744027714,50.93319320678711,6535800.0
2017-07-10,GILD,50.925846475802835,51.293595234085586,50.837590365111446,50.962623596191406,6485900.0
2017-07-11,GILD,50.74196866250721,51.117073941761156,50.462481645231925,51.00674819946289,6442700.0
2017-07-12,GILD,51.31565695493611,51.58043649790896,51.197980275504,51.33772659301758,5585200.0
2017-07-13,GILD,51.47747622108701,52.20562289616328,51.1317914461036,51.91142272949219,7533900.0
2017-07-14,GILD,52.02909359688311,52.24238855352434,51.79373461221016,51.90406036376953,5234600.0
2017-07-17,GILD,51.91141317822718,52.85284904923718,51.77902340815387,52.33064651489258,7612400.0
2017-07-18,GILD,52.4409815473942,52.75724574240031,52.01439158921826,52.72782516479492,6096700.0
2017-07-19,GILD,52.95582295272671,53.50008956188193,52.78665604927799,53.485382080078125,8312400.0
2017-07-20,GILD,53.58835961986649,54.23559553649585,53.5221619129534,54.00023651123047,9271400.0
2017-07-21,GILD,53.92668443238308,54.72837974360089,53.89726385467402,54.25030517578125,8874000.0
2017-07-24,GILD,54.20615098166193,54.73570995713683,53.83105138353329,54.713645935058594,8943200.0
2017-07-25,GILD,54.956366549655606,55.37559984261856,54.14732053305689,54.23557662963867,9061200.0
2017-07-26,GILD,54.50035352783539,54.62538673292836,54.14731793564349,54.566551208496094,10695300.0
2017-07-27,GILD,55.47858885158946,55.89046574653075,54.75779867404036,55.132904052734375,13871000.0
2017-07-28,GILD,55.169678089496145,55.91988319345201,54.978447136957776,55.85369110107422,8954600.0
2017-07-31,GILD,55.89781624237913,56.2582084864337,55.77278300015221,55.96400833129883,7994100.0
2017-08-01,GILD,56.155232851707375,56.16258939787976,55.54476858161289,55.67715835571289,7296600.0
2017-08-02,GILD,55.55948259278864,55.82426214536751,55.28734649391572,55.780128479003906,7086200.0
2017-08-03,GILD,55.728639857348995,55.89780674150388,54.6474633089514,54.69894790649414,11161100.0
2017-08-04,GILD,54.22821222323119,54.25027624189498,53.38238930226239,53.80897903442383,14960900.0
2017-08-07,GILD,53.544209057658726,54.059054955532595,53.16174729518148,54.01492691040039,7556500.0
2017-08-08,GILD,54.00022213403607,54.18409649892565,53.55156823479347,53.889896392822266,7943900.0
2017-08-09,GILD,53.56628930981289,54.92695869050797,53.56628930981289,54.353271484375,12054600.0
2017-08-10,GILD,54.0737688342588,54.264999738133795,53.34562794638878,53.47066116333008,8813000.0
2017-08-11,GILD,53.33827900147139,53.45596130105631,52.82343296928959,53.250022888183594,7029700.0
2017-08-14,GILD,53.59569310432659,53.77221089446609,53.36768511352206,53.55155944824219,4952800.0
2017-08-15,GILD,53.69130982571446,53.9707968156622,53.49272799811472,53.779571533203125,5212100.0
2017-08-16,GILD,53.83106522769425,54.25764952417993,53.77958062580456,53.9487419128418,5237300.0
2017-08-17,GILD,53.757509969804545,53.9928745584491,53.16175878614978,53.20588684082031,9065400.0
2017-08-18,GILD,53.19117023744031,53.419172629336494,52.83077809283674,53.03671646118164,6052600.0
2017-08-21,GILD,53.0146462325665,53.66188183038087,53.0146462325665,53.39710235595703,5531800.0
2017-08-22,GILD,53.441235336962166,54.25028122690148,53.433878792932106,53.941368103027344,4729300.0
2017-08-23,GILD,53.88989195429381,54.57390475980178,53.73543817387586,54.23557662963867,6499300.0
2017-08-24,GILD,54.28705167886559,54.64744938121219,54.169375033645416,54.441505432128906,4929300.0
2017-08-25,GILD,54.5959901292285,54.74308740685628,54.198820745951735,54.272369384765625,3729000.0
2017-08-28,GILD,55.08876854250917,55.85368668072427,54.57391688202153,54.9343147277832,18800000.0
2017-08-29,GILD,54.64008201295003,55.75068424133307,54.58859743872818,55.70655059814453,10688600.0
2017-08-30,GILD,55.76542067381005,59.898918677141076,55.70657952660091,59.74446487426758,35927100.0
2017-08-31,GILD,59.94305528681684,61.87741198332984,59.920991256314636,61.568504333496094,30895700.0
2017-09-01,GILD,61.311079667079085,61.8553463135144,60.494676891725454,61.597923278808594,14311600.0
2017-09-05,GILD,61.22282156916105,61.50231426177158,59.83273148785612,60.72268295288086,13491900.0
2017-09-06,GILD,60.93596522909957,61.36255511516942,60.68589877882443,61.00951385498047,10694600.0
2017-09-07,GILD,61.13454312635622,62.97328654268961,60.97273280789495,62.86296081542969,13147800.0
2017-09-08,GILD,62.73058189069492,63.45136629190283,62.443738317157,62.59083557128906,11611100.0
2017-09-11,GILD,63.01742539035609,63.252784363531816,61.884758578385245,62.16424560546875,10125200.0
2017-09-12,GILD,61.89213412977036,62.33343163855936,61.634711050593644,62.15691375732422,8907900.0
2017-09-13,GILD,62.14953638299414,62.15689292890613,61.31842625975173,61.54642868041992,7594800.0
2017-09-14,GILD,61.53163072282658,61.53163072282658,60.369679289508404,60.902549743652344,9605400.0
2017-09-15,GILD,61.27257974176413,61.798047491961626,60.91733099627811,60.95433807373047,12401900.0
2017-09-18,GILD,61.08016702277896,61.79806157565891,60.34747302343764,61.40581130981445,7886500.0
2017-09-19,GILD,61.71665487237717,61.71665487237717,60.784131577625274,60.902549743652344,6310500.0
2017-09-20,GILD,60.95437200803634,61.35402495176879,60.56951851563157,61.161598205566406,6355100.0
2017-09-21,GILD,61.22817771839901,61.73144349676766,60.85812951802463,61.146766662597656,6194700.0
2017-09-22,GILD,61.03576427400532,61.701852308038234,60.6953205336082,61.627838134765625,5654700.0
2017-09-25,GILD,61.73146519570355,62.375345676930394,61.324409773614626,61.87948226928711,8473400.0
2017-09-26,GILD,61.92385546900216,62.70836137905179,61.83504752760959,61.9904670715332,7900000.0
2017-09-27,GILD,62.153308702475066,62.575163496194854,61.768455347141135,62.06449508666992,6818500.0
2017-09-28,GILD,61.80545615420238,61.87206212442453,58.62303915887274,59.88120651245117,17739900.0
2017-09-29,GILD,60.09585267856508,60.658327778698556,58.69707029985035,59.9626350402832,13301300.0
2017-10-02,GILD,60.103230016704636,61.89426201064458,60.08102802738525,61.81285095214844,9805400.0
2017-10-03,GILD,61.798039184217,62.33831195135942,60.78410525109411,61.56861114501953,6513200.0
2017-10-04,GILD,61.59825386366169,61.6204558623184,60.73973893900216,60.99877166748047,6711400.0
2017-10-05,GILD,60.85072918490211,61.82025369824885,60.78411757023994,61.80545425415039,6717100.0
2017-10-06,GILD,61.3836024083481,61.59082851441585,60.65090284498126,60.79152297973633,5797000.0
2017-10-09,GILD,60.95435325191989,61.25039300579363,60.362273744172406,60.673118591308594,3959800.0
2017-10-10,GILD,60.61390532857919,61.47241434443419,60.584300790585814,61.45761489868164,5750100.0
2017-10-11,GILD,61.47241361860089,61.642638298430846,60.91734124237758,61.10976791381836,6770200.0
2017-10-12,GILD,61.109777241226595,61.29480139487527,59.96262523000915,60.169857025146484,6763600.0
2017-10-13,GILD,60.14763598760234,60.37706972663989,59.68877980250287,60.07362747192383,5682900.0
2017-10-16,GILD,60.04403333454282,60.103242415934346,58.87468503274844,59.170719146728516,7377600.0
2017-10-17,GILD,59.207727671683486,59.733195577191005,58.882083362612775,59.38534927368164,7041800.0
2017-10-18,GILD,59.40014634689078,59.82939802321748,59.03009809891,59.21512222290039,7181900.0
2017-10-19,GILD,60.34008315689586,61.03577586303314,59.585187005983485,60.38448715209961,15565200.0
2017-10-20,GILD,60.65090699078443,60.65090699078443,59.540762221119145,60.10323715209961,9188300.0
2017-10-23,GILD,60.13285913541267,60.18466568050051,59.27434422082577,59.333553314208984,6803400.0
2017-10-24,GILD,59.340943547648465,59.48896060389903,58.31961230794654,59.281734466552734,7300300.0
2017-10-25,GILD,59.26692858186793,59.26692858186793,58.238194907149314,59.12630844116211,9571700.0
2017-10-26,GILD,57.942152279570216,58.837668314706065,56.98742717273418,57.638710021972656,12451300.0
2017-10-27,GILD,55.514622403967216,57.135429384277316,53.849405808158124,57.03921890258789,22760700.0
2017-10-30,GILD,56.32135172333177,56.935633273859494,55.6922707248407,56.23994064331055,11277000.0
2017-10-31,GILD,56.12152429367116,56.535976566256295,55.30001664873367,55.477638244628906,8796600.0
2017-11-01,GILD,55.27781088910795,56.136319916187304,54.92996462124822,55.38142395019531,8776400.0
2017-11-02,GILD,55.30001646612182,55.35922554672096,54.43410483669212,54.62652587890625,7464400.0
2017-11-03,GILD,54.46371848173553,54.65614522255622,53.901249003167756,54.36750793457031,7648600.0
2017-11-06,GILD,54.24167057744459,54.39709015745878,53.36835652320682,53.568180084228516,8268200.0
2017-11-07,GILD,53.59039832793044,54.27868275572497,53.523786696747365,54.182472229003906,7824400.0
2017-11-08,GILD,54.263877285095845,54.300884370144395,53.819820496955266,54.10105514526367,8095400.0
2017-11-09,GILD,54.05665613767914,54.33789081188231,53.74581692200896,54.04185104370117,5817800.0
2017-11-10,GILD,53.99743984194422,54.82634995283053,53.4349649221825,54.59691619873047,7698200.0
2017-11-13,GILD,54.212074459645635,54.315687529078076,53.66440457171864,53.91603469848633,8735300.0
2017-11-14,GILD,53.805005830278745,53.819810920259116,51.84375489443545,52.657859802246094,10925600.0
2017-11-15,GILD,52.273006370648204,53.3609489752468,52.19899786041095,53.14632034301758,8539300.0
2017-11-16,GILD,53.101926640651634,53.73100756911776,52.7318783713788,53.59039306640625,7535900.0
2017-11-17,GILD,53.48677770841987,53.745816030336364,53.37576773787148,53.61259841918945,5719100.0
2017-11-20,GILD,53.590402893386596,53.73841996964253,52.953919301804966,53.38317108154297,6452500.0
2017-11-21,GILD,53.3387615132383,53.90863340840168,53.15373736401152,53.664405822753906,6473500.0
2017-11-22,GILD,53.642203031504266,54.09365675414209,53.54598686158258,53.89383316040039,4369000.0
2017-11-24,GILD,53.84942302420629,53.96783552825934,53.457172781892744,53.62739181518555,2335900.0
2017-11-27,GILD,53.664400542184715,53.731006519037656,52.93170091787215,53.064918518066406,4907500.0
2017-11-28,GILD,53.40537380433569,53.790221555037,52.84289880270547,53.723609924316406,5971200.0
2017-11-29,GILD,53.90862958475698,54.91516133687828,53.708806002220314,54.522911071777344,9913400.0
2017-11-30,GILD,55.129788900890006,55.581248235599595,54.58211905008221,55.344417572021484,11766900.0
2017-12-01,GILD,55.092783050433084,55.958694565439345,54.39709056154533,55.75886535644531,8425000.0
2017-12-04,GILD,55.847689443518775,55.9365030693443,53.96044647826087,54.093658447265625,8617600.0
2017-12-05,GILD,54.09364982974106,54.789342338322726,53.819817741758335,54.24167251586914,8389000.0
2017-12-06,GILD,54.559914232934354,55.02617298963953,53.908625706947056,54.24167251586914,6097900.0
2017-12-07,GILD,54.17506741523318,54.21207450284088,53.44237338180892,53.81982421875,6172700.0
2017-12-08,GILD,54.323090809940496,55.048382305768165,53.664405296867066,54.929969787597656,7906900.0
2017-12-11,GILD,55.211200889495665,56.44716075915591,55.055781293294835,56.15852355957031,9179900.0
2017-12-12,GILD,56.28435068881934,56.36576176943163,54.95217450288111,56.31394958496094,9281600.0
2017-12-13,GILD,56.476764554827135,57.09844857793377,56.44716001596601,56.67659378051758,9968800.0
2017-12-14,GILD,56.63187871950962,56.98210308962648,55.193726835149995,55.39491653442383,9055400.0
2017-12-15,GILD,55.886738674609504,56.43070543248331,55.21609667349558,56.31147766113281,15367200.0
2017-12-18,GILD,56.6542193790312,56.989543046956086,55.894162631563574,55.983577728271484,9986600.0
2017-12-19,GILD,55.93144230358647,56.14008520364909,55.335320544135094,55.402381896972656,6737600.0
2017-12-20,GILD,54.791339821650645,55.68553075993939,54.70937217684689,55.149017333984375,7349500.0
2017-12-21,GILD,54.94038194629175,55.41728157075613,54.3442545731653,54.41131591796875,7196100.0
2017-12-22,GILD,54.24739159089088,54.65722422549841,53.92697409142334,54.18032455444336,6560200.0
2017-12-26,GILD,54.08345550210433,54.44112740781723,53.88226008068494,54.17287063598633,4471400.0
2017-12-27,GILD,54.19523020822648,54.71683744051082,54.06854929316389,54.38151931762695,3933900.0
2017-12-28,GILD,54.4187704405575,54.52309188071144,53.681067203728354,54.00893783569336,4624200.0
2017-12-29,GILD,53.88225665090013,54.210127281177265,53.36064945281567,53.38300323486328,7370700.0
2018-01-02,GILD,53.79284530955926,55.342766386587904,53.4426208725798,55.21609115600586,7905100.0
2018-01-03,GILD,55.17882745310153,55.76749593963979,54.642313996168504,55.63337326049805,6640000.0
2018-01-04,GILD,55.88674107270524,55.938901803636035,54.81371382487945,55.06707000732422,5074600.0
2018-01-05,GILD,55.26824533316695,55.54395523038795,54.41876754562225,55.529048919677734,7901100.0
2018-01-08,GILD,55.39492679308691,55.67808987758231,54.72429054791714,55.439640045166016,5858500.0
2018-01-09,GILD,55.59610372682115,58.628889189232524,55.56629679704454,58.19669723510742,14824100.0
2018-01-10,GILD,58.19671451085925,58.7704881304759,57.38449675242841,58.65126037597656,10150400.0
2018-01-11,GILD,58.643795445868854,59.37405108282999,58.0253200701274,58.912052154541016,7872900.0
2018-01-12,GILD,59.12070154192746,59.165414788382805,58.60654753097067,58.88225173950195,6366200.0
2018-01-16,GILD,59.426215638252806,60.79730051786514,59.25482718575553,59.79879379272461,11750200.0
2018-01-17,GILD,60.14155904879086,61.15497198326809,59.76898093126514,60.9090690612793,11162800.0
2018-01-18,GILD,60.70789750842934,60.842025898196944,60.18628457706974,60.48434829711914,8527500.0
2018-01-19,GILD,60.58122328047835,60.75260608491354,59.88822753602679,60.3427734375,7920900.0
2018-01-22,GILD,60.58864588166284,61.14006553634298,60.39490937226855,60.66316604614258,7464500.0
2018-01-23,GILD,60.52904112182289,61.23693724356852,60.290591363278935,60.32039260864258,7198800.0
2018-01-24,GILD,60.5737693777461,61.154990507527486,60.044708972814526,60.58122253417969,4530500.0
2018-01-25,GILD,60.789859038959406,60.983595605111866,60.24589237838172,60.49924850463867,4708000.0
2018-01-26,GILD,61.073002598714474,63.70340312372254,61.013388737190766,63.68104934692383,14617200.0
2018-01-29,GILD,63.427722859603826,66.72131320093023,63.427722859603826,66.1698989868164,19411600.0
2018-01-30,GILD,65.5886538991795,65.8196562140781,64.28463039655415,65.04469299316406,14001200.0
2018-01-31,GILD,64.53053362889317,64.90311177419288,62.06406812623824,62.44409942626953,12790800.0
2018-02-01,GILD,61.99701201821632,62.71236718600818,60.491798547657524,62.21310806274414,7305100.0
2018-02-02,GILD,61.5871690149629,62.10132299345385,60.71533751287309,60.90162658691406,9356300.0
2018-02-05,GILD,60.65571828109554,61.47538899737571,58.37553635060381,58.39789581298828,10810400.0
2018-02-06,GILD,57.63785611119592,60.06706797618528,57.30253794875358,59.89567947387695,13287400.0
2018-02-07,GILD,59.36660015893103,63.02532026545357,59.128150373940144,61.66913604736328,20315600.0
2018-02-08,GILD,61.43068157661785,61.73619267544736,58.17434679660584,58.2861213684082,13853700.0
2018-02-09,GILD,58.79283633045745,59.57524707596911,56.64678243398729,59.10580062866211,13746400.0
2018-02-12,GILD,59.44111370878615,60.67062270272896,59.336792284824085,59.71682357788086,10030700.0
2018-02-13,GILD,59.29209540265029,60.42473064605929,58.60655286887399,60.20118713378906,6596800.0
2018-02-14,GILD,59.76154117616706,61.31892101285048,59.5976115431776,60.96869659423828,7063300.0
2018-02-15,GILD,61.26675136864126,61.32636523655044,60.72278477287986,60.76749801635742,7159700.0
2018-02-16,GILD,60.69299210743834,61.34873343841698,60.06706340251439,60.134124755859375,7548600.0
2018-02-20,GILD,59.76899489822616,60.90163582383349,59.76899489822616,60.31296157836914,7229300.0
2018-02-21,GILD,60.283145347604304,61.05065542114053,59.83605270802985,60.12666320800781,6956900.0
2018-02-22,GILD,60.15646053635956,60.454518458421816,59.001466190551724,59.165401458740234,8382200.0
2018-02-23,GILD,59.478376488149216,60.31295360270271,59.083444553122874,60.29059982299805,5626000.0
2018-02-26,GILD,60.55140290702164,61.05065626670973,59.76153335823911,60.94633483886719,6394400.0
2018-02-27,GILD,60.938880765084946,61.132622993195945,59.836052634496,59.880760192871094,6748100.0
2018-02-28,GILD,59.977643335896346,60.13412551410045,58.63636508625005,58.66617202758789,7559500.0
2018-03-01,GILD,58.82264198635369,59.478377504289625,57.39939067986585,57.771968841552734,8267500.0
2018-03-02,GILD,57.25781625139006,58.785389177554514,56.929951294357146,58.63636016845703,6625500.0
2018-03-05,GILD,58.28614077075438,58.62891206931702,57.4813704079937,58.062591552734375,10483300.0
2018-03-06,GILD,58.569287154544575,59.6348609475581,58.47241887703124,59.10580062866211,7919400.0
2018-03-07,GILD,58.673607540137326,59.72428068904819,58.211614256297025,59.60505294799805,6715200.0
2018-03-08,GILD,59.58268614529214,60.1117463391134,59.10578665550705,59.66465377807617,5707800.0
2018-03-09,GILD,59.98506682147255,60.39490495577946,59.605035613759775,60.14900207519531,7024800.0
2018-03-12,GILD,60.30552121925141,60.61103245559713,59.92548977810062,60.40238952636719,7515700.0
2018-03-13,GILD,60.45453886445387,61.63934053940803,60.447091393451785,60.89418411254883,7608900.0
2018-03-14,GILD,61.14007657737921,61.52755535123136,60.27569254211393,60.43217468261719,6527300.0
2018-03-15,GILD,60.45468527108955,60.69482282600162,59.486629142600954,59.6667366027832,5946600.0
2018-03-16,GILD,59.97442178330523,60.70984640823507,59.58420032795383,59.8393440246582,9564900.0
2018-03-19,GILD,59.51665094651887,59.65923459715898,57.257858890927864,57.918235778808594,8917300.0
2018-03-20,GILD,58.068303689552444,58.30844119432337,57.56551668352109,57.723106384277344,5798300.0
2018-03-21,GILD,57.58805936463805,58.113364372386734,57.19033194718989,57.40045166015625,5826500.0
2018-03-22,GILD,56.92017601650186,57.603070804437806,56.312328890126196,56.71005630493164,7861000.0
2018-03-23,GILD,56.567463984721414,56.74757147457779,54.57882721421113,54.66136932373047,9268900.0
2018-03-26,GILD,55.65943849262726,56.81510235068938,55.20918125937313,56.687530517578125,7370900.0
2018-03-27,GILD,57.01771763749439,57.145289461231755,55.19417111027653,55.614410400390625,6370900.0
2018-03-28,GILD,55.67444764146861,56.83761162781616,55.45682208201056,56.1171989440918,6487900.0
2018-03-29,GILD,56.38735496550256,57.17530938758478,55.98962766257137,56.5749626159668,5694900.0
2018-04-02,GILD,56.22975732917984,56.349823231442564,53.93344184210084,54.8864860534668,8234600.0
2018-04-03,GILD,55.111625698300365,55.501847095418555,54.05351579257966,55.34425735473633,5987000.0
2018-04-04,GILD,54.74391517520039,56.79259342677071,54.638855339256445,56.58247375488281,7852600.0
2018-04-05,GILD,56.980202956567716,57.01772678148747,55.666949239022344,56.14722442626953,6183000.0
2018-04-06,GILD,55.74199770460721,56.50744031026937,54.563821603054585,55.08912658691406,6439500.0
2018-04-09,GILD,55.44180881178074,56.51492476288719,54.8939976982961,55.381778717041016,6383600.0
2018-04-10,GILD,55.95959938386264,56.642493853192015,55.37426453891179,56.29729080200195,5738900.0
2018-04-11,GILD,56.049665984791645,56.43988739601666,55.68945676068816,55.779510498046875,7850100.0
2018-04-12,GILD,56.154718715098085,57.22032870844151,56.154718715098085,56.499916076660156,4857700.0
2018-04-13,GILD,56.702535169746895,56.91265482490246,56.17723603185798,56.447391510009766,4432100.0
2018-04-16,GILD,56.93517575880044,57.01772358873608,55.71197012902585,56.04966735839844,4720500.0
2018-04-17,GILD,56.24477499159919,56.9877054581863,55.97461949926415,56.63500213623047,4351900.0
2018-04-18,GILD,56.762573182314675,57.08525858670269,56.46990569058269,56.7925910949707,3043700.0
2018-04-19,GILD,56.597479392549495,56.972694725131234,55.40429738309875,55.862060546875,3958200.0
2018-04-20,GILD,55.832033174859895,55.847039266475115,54.916507002404465,55.30672836303711,5201700.0
2018-04-23,GILD,55.591893767972124,55.77199548796996,55.04407697442686,55.539363861083984,5014300.0
2018-04-24,GILD,55.59190964173296,55.757005317760225,54.22612594732388,54.57132339477539,5562500.0
2018-04-25,GILD,54.62384253765899,55.20167156439847,54.38370498136932,54.96903991699219,6335500.0
2018-04-26,GILD,54.991563765363885,55.7720124227732,54.098549351777145,55.45683288574219,6341200.0
2018-04-27,GILD,55.464327408332686,55.67444705654503,54.85647473991153,55.42680358886719,5030700.0
2018-04-30,GILD,55.57688149858166,55.69695312782195,54.15856829883063,54.20359802246094,8268200.0
2018-05-01,GILD,54.24863440501128,54.65386765821106,53.865913156100646,54.45124816894531,6180800.0
2018-05-02,GILD,51.224391006812276,51.59960628225704,49.54342245058158,50.18879318237305,25822600.0
2018-05-03,GILD,49.97867449320949,50.15877622575028,48.23016990235558,48.920570373535156,15060800.0
2018-05-04,GILD,48.83802270652953,49.31079190293106,48.56036133543797,49.09316635131836,9150500.0
2018-05-07,GILD,49.31079364256071,49.483395198318895,48.350243398335365,48.68793487548828,13201100.0
2018-05-08,GILD,48.770486960653194,49.28078003815618,48.43279545399115,48.94308853149414,8973300.0
2018-05-09,GILD,48.75547309181817,49.59595163226804,48.50032373108827,49.29578399658203,7861000.0
2018-05-10,GILD,49.53592776626612,49.60346377518456,48.93558096877804,49.0556526184082,6614200.0
2018-05-11,GILD,48.94309183545968,50.09124990601639,48.65792450137028,49.64849853515625,10014100.0
2018-05-14,GILD,49.79857676869498,50.78914496539122,49.67100493643312,50.316375732421875,6173700.0
2018-05-15,GILD,50.12875770567554,50.6990807408602,50.008686082270266,50.27133560180664,7483500.0
2018-05-16,GILD,50.27885780232336,51.01428242066759,50.27885780232336,50.69159698486328,6603000.0
2018-05-17,GILD,50.35389917982619,51.12684189022077,50.35389917982619,50.7291145324707,5946200.0
2018-05-18,GILD,50.72161460897175,51.39700346851405,50.53400691050625,51.0443000793457,6336400.0
2018-05-21,GILD,51.141848378589934,51.45702786787183,50.466459669177794,50.75162124633789,6006500.0
2018-05-22,GILD,51.00677416197287,51.547085166845456,50.661576736711325,50.90171432495117,6210200.0
2018-05-23,GILD,50.549017075266896,51.314453940764125,50.54151116448124,51.156864166259766,5093200.0
2018-05-24,GILD,51.05930358202959,51.246911249927116,50.338890824342904,50.67658233642578,4892300.0
2018-05-25,GILD,50.76663774367426,50.97675742255997,50.278856646071375,50.56401824951172,4864600.0
2018-05-29,GILD,50.27886099137027,50.699100385460454,50.06123538362148,50.52650451660156,7820200.0
2018-05-30,GILD,50.77413793056564,50.87169184895738,50.51148263623265,50.79664993286133,5931400.0
2018-05-31,GILD,51.10432827022208,51.141852094433546,50.43644542164646,50.57902908325195,12447300.0
2018-06-01,GILD,50.74413188458916,51.351978990030965,50.66908422561347,51.254425048828125,5128600.0
2018-06-04,GILD,51.17186537612877,53.13048973575227,50.991757906617,52.6877326965332,11726900.0
2018-06-05,GILD,52.71775226279181,53.077961487790155,51.98232771919709,52.57516860961914,7821200.0
2018-06-06,GILD,52.657721576605844,54.00849914550781,52.297518041786624,54.00849914550781,12376600.0
2018-06-07,GILD,53.940947502429644,53.993477413503335,53.35561257179967,53.95595932006836,7604900.0
2018-06-08,GILD,53.61825595292379,54.24111463059628,53.543214049364146,53.96345901489258,5843100.0
2018-06-11,GILD,53.873416840495224,54.031006589341025,53.36312377147153,53.90343475341797,5425500.0
2018-06-12,GILD,53.850898856287095,54.01599449636042,53.27306411603048,53.790863037109375,6977500.0
2018-06-13,GILD,53.9559587507184,54.01599456997795,53.280570097375644,53.49819564819336,5077000.0
2018-06-14,GILD,53.71001331471396,54.17903241012355,53.33934019094998,53.823486328125,5226300.0
2018-06-15,GILD,53.78566226025546,54.020174703263926,52.88545606582615,53.12752914428711,11518000.0
2018-06-18,GILD,52.779546389429605,52.90815222792281,52.13654028287453,52.24244689941406,6565300.0
2018-06-19,GILD,51.78854907937986,53.70243993103933,51.56160885351922,53.66461944580078,8634000.0
2018-06-20,GILD,53.67974393516423,54.14119654207571,53.21829132825276,54.0579833984375,6010600.0
2018-06-21,GILD,54.065557806858386,54.231984118770335,53.543585423403094,54.10337829589844,6548400.0
2018-06-22,GILD,54.23198909536018,54.28494240205713,53.58141660081035,53.762969970703125,6118900.0
2018-06-25,GILD,53.498198159909585,54.194157485410585,53.36959810939946,53.81591796875,6019500.0
2018-06-26,GILD,53.90670376162756,54.519450002573215,52.73415881585292,53.14265823364258,6538300.0
2018-06-27,GILD,53.21072891241956,53.543581511927854,51.894457097555176,51.92471694946289,5818600.0
2018-06-28,GILD,52.84005451923822,53.33176700048838,52.25756825598751,53.20316696166992,7977100.0
2018-06-29,GILD,53.316650641686635,54.088256800651365,53.17291776275612,53.5889778137207,6215700.0
2018-07-02,GILD,53.48306239398495,53.99746833909793,53.18047541454635,53.92182159423828,4086700.0
2018-07-03,GILD,54.01260143114834,54.42110078128158,53.78565542391542,53.95964813232422,3147700.0
2018-07-05,GILD,53.967202529255005,55.139747145307204,53.92938204673864,55.079227447509766,5755400.0
2018-07-06,GILD,55.3742549514313,57.06877189736475,55.222961475158314,56.894779205322266,8859800.0
2018-07-09,GILD,57.07632416230319,58.39260145307827,56.89477086310072,57.97653579711914,8546500.0
2018-07-10,GILD,58.2715857217334,58.58174493141072,57.67396652403231,58.05977249145508,8380800.0
2018-07-11,GILD,57.870658021758736,57.99169746244057,57.25791172487195,57.507545471191406,6138800.0
2018-07-12,GILD,57.916050185205265,59.13398225313629,57.43947033007176,58.702789306640625,8955900.0
2018-07-13,GILD,58.551475432793495,58.922148524744664,58.27914253257072,58.53634262084961,4031200.0
2018-07-16,GILD,58.68764879041495,58.891895603883434,58.044642722559466,58.44557571411133,3093500.0
2018-07-17,GILD,58.332077610415496,58.82378995841626,58.195911202837976,58.4001579284668,4424700.0
2018-07-18,GILD,58.31697286687423,58.83894530902088,58.1127260429564,58.33967208862305,5186600.0
2018-07-19,GILD,58.24130473233597,58.80110323378848,57.55291198370462,58.28669738769531,6488400.0
2018-07-20,GILD,57.764736490297445,58.778415572768836,57.764736490297445,58.52878189086914,5656000.0
2018-07-23,GILD,58.316963019477,58.95997478312766,58.218622827748604,58.53634262084961,5119800.0
2018-07-24,GILD,58.8162396989666,59.45167926109688,58.55147321474565,58.74059295654297,8686500.0
2018-07-25,GILD,58.60443590788468,59.761847989820765,58.46826944109941,59.70132827758789,7968400.0
2018-07-26,GILD,58.83137926819301,59.79211099315749,57.56806050909199,59.12641143798828,14492500.0
2018-07-27,GILD,59.103719734430285,59.7240324676819,57.969000897642324,58.105167388916016,9455900.0
2018-07-30,GILD,57.84795482517891,58.21862794974138,57.37136932212137,57.73448181152344,5720900.0
2018-07-31,GILD,57.93874303734638,59.06590127628676,57.63615595426736,58.87678146362305,6615100.0
2018-08-01,GILD,58.627117658874795,59.27012360148333,58.53633810863927,58.929710388183594,4246200.0
2018-08-02,GILD,58.77084889740808,59.12639491176653,58.14297001126341,58.72545623779297,5629200.0
2018-08-03,GILD,58.76329949706468,58.967546324270934,58.37749352181088,58.95241928100586,4628600.0
2018-08-06,GILD,58.88433279096652,59.18692559768383,58.44557928127804,58.90703201293945,3955100.0
2018-08-07,GILD,58.959984532293284,59.421437257779864,58.64225891517892,59.29283142089844,5759100.0
2018-08-08,GILD,59.14910907978866,59.292836199744904,58.120296930683715,58.180816650390625,4400600.0
2018-08-09,GILD,58.27157623976443,59.47438084666372,58.1883630883416,59.035621643066406,5835400.0
2018-08-10,GILD,58.642252953281385,58.97510557952456,57.719353367612996,58.044639587402344,5564100.0
2018-08-13,GILD,58.15055832902113,58.6120111039082,57.89335239920096,58.377498626708984,4903400.0
2018-08-14,GILD,58.332108728168954,58.869208241390844,58.332108728168954,58.483402252197266,4399800.0
2018-08-15,GILD,57.795010119140464,57.84796343052661,56.16857873873992,56.614898681640625,11810000.0
2018-08-16,GILD,56.85697051227067,57.2503370950375,56.49385801385121,57.1822509765625,8742100.0
2018-08-17,GILD,57.04610158258493,57.15200821321142,54.51189154143817,55.1624641418457,13337900.0
2018-08-20,GILD,55.17758215848004,55.50286837143387,54.39084327665038,54.73882293701172,9137800.0
2018-08-21,GILD,54.74639687663262,55.58608917511718,54.74639687663262,55.465049743652344,9139900.0
2018-08-22,GILD,55.56339666058254,56.2442291160662,55.38184326294638,55.84329605102539,5083500.0
2018-08-23,GILD,55.63147430281863,55.79790063003874,55.03385511483623,55.48017501831055,4737500.0
2018-08-24,GILD,55.616335334405015,55.98701421182418,55.38182868371377,55.669288635253906,4767100.0
2018-08-27,GILD,55.97945314922584,56.667851897451186,55.85841372345886,56.59976577758789,5355500.0
2018-08-28,GILD,56.584639377795725,57.0914789931273,56.44090650093428,56.682979583740234,4737600.0
2018-08-29,GILD,56.66028635864816,57.34867934594392,56.251786947641605,57.204952239990234,4570500.0
2018-08-30,GILD,57.29572238591728,57.757175074215574,57.11416902753872,57.711788177490234,4459100.0
2018-08-31,GILD,57.73448211026177,57.93872891871669,57.12173591341977,57.28816223144531,4311900.0
2018-09-04,GILD,57.008265877967965,57.280598817789276,55.71468729955553,56.19883346557617,4842300.0
2018-09-05,GILD,56.11561602527223,56.47872850785129,55.911369221712036,56.3803825378418,5069400.0
2018-09-06,GILD,56.259352529188355,56.463599345955735,54.927947702275596,55.13219451904297,5404900.0
2018-09-07,GILD,55.01871756963129,55.0716708662315,54.080679499175446,54.632911682128906,6891900.0
2018-09-10,GILD,54.90524822199662,55.35156806995361,54.73125550932452,54.852294921875,5009600.0
2018-09-11,GILD,54.92037357433726,54.98845968467286,54.29249462685827,54.640480041503906,5265100.0
2018-09-12,GILD,56.78130050735862,56.87208004688716,55.52554862032951,55.95674133300781,9589000.0
2018-09-13,GILD,56.2235918301869,56.604768723950876,55.57559227404769,56.50566482543945,5607200.0
2018-09-14,GILD,56.57424874655331,56.83345194366034,55.81189529763121,55.94149398803711,4959800.0
2018-09-17,GILD,56.03298822150612,56.05585789833608,55.35449399950179,55.484092712402344,5757200.0
2018-09-18,GILD,55.48408823026696,56.42178561861923,55.02667728172996,56.16258239746094,7251800.0
2018-09-19,GILD,56.01012327148508,56.65812270697006,55.880524547647425,56.32268524169922,3662800.0
2018-09-20,GILD,56.3836748267475,57.14602847094305,56.292190295577214,57.04692459106445,5883700.0
2018-09-21,GILD,57.0164235663552,57.88550616121966,56.98592872593763,57.5653190612793,9578700.0
2018-09-24,GILD,57.39759948383055,58.098963353997405,57.359479479807916,57.64917755126953,4926300.0
2018-09-25,GILD,57.71017764031205,57.931260929950476,57.11554263466963,57.168907165527344,5926500.0
2018-09-26,GILD,57.26039020028396,58.25145239440346,57.06217659820056,57.672061920166016,7527500.0
2018-09-27,GILD,57.67204206559986,58.77745228777161,57.61105239114054,58.38103103637695,5451000.0
2018-09-28,GILD,58.38104360718468,58.88419398907549,58.037980976703146,58.861324310302734,7604800.0
2018-10-01,GILD,58.94517676959695,59.913363227406194,58.73171870433482,59.433082580566406,7820400.0
2018-10-02,GILD,59.48645175579873,60.03534729020231,59.22725431805066,59.97435760498047,7468700.0
2018-10-03,GILD,60.11158268166193,60.690973070176035,59.829515560431396,60.22593688964844,6560100.0
2018-10-04,GILD,59.981983090031605,60.18781600838391,57.80927643499488,58.36579132080078,7705500.0
2018-10-05,GILD,58.52587641635348,59.12813638734093,57.29086745231213,58.121829986572266,6083400.0
2018-10-08,GILD,58.16757836906167,58.434400949116885,57.56531836476789,58.243812561035156,4507100.0
2018-10-09,GILD,58.09133693522859,58.99853950144956,57.809269850219025,58.35054016113281,5367800.0
2018-10-10,GILD,58.1065915369637,58.74696576048311,56.98593082950843,57.0088005065918,6719900.0
2018-10-11,GILD,57.10028342454863,57.321366657294206,54.73698852625916,55.270633697509766,8486100.0
2018-10-12,GILD,55.804283197598714,56.337934226541726,55.087674742944465,56.101600646972656,5638400.0
2018-10-15,GILD,55.88813917985478,56.238821129271926,55.43072819436704,55.484092712402344,5198600.0
2018-10-16,GILD,55.88051393687544,58.27430346415735,55.68230039809857,58.175193786621094,7455100.0
2018-10-17,GILD,57.93886980643515,58.15995303391522,57.283245288058644,57.64917755126953,5455000.0
2018-10-18,GILD,57.60341764645989,57.63391247861728,55.895747759707504,56.54374694824219,6185300.0
2018-10-19,GILD,56.528521847332904,57.02405286149777,55.7661682305551,55.85764694213867,5036500.0
2018-10-22,GILD,56.002489163618556,56.185452380778266,55.02667758370567,55.148651123046875,5351400.0
2018-10-23,GILD,54.53877454872938,55.12578423257134,53.89839453187842,54.63787841796875,5738500.0
2018-10-24,GILD,54.3024431138936,54.93519210724494,51.748554200596985,51.84766387939453,8949100.0
2018-10-25,GILD,52.05349515424154,53.379988592867385,51.26827199335213,52.31269836425781,9388600.0
2018-10-26,GILD,50.917601106709135,53.57821372319095,50.69651784970967,53.166542053222656,11006100.0
2018-10-29,GILD,53.97463479470285,54.88183158308391,52.96070315609849,54.05086898803711,9183400.0
2018-10-30,GILD,54.310063432040764,55.362115017800136,54.15759505372865,54.91994857788086,6632500.0
2018-10-31,GILD,55.202030528890106,55.27063956549379,51.25303839348985,51.977272033691406,17316000.0
2018-11-01,GILD,51.99251522401918,53.684941212723324,51.84004682458317,53.60108184814453,8060600.0
2018-11-02,GILD,54.104231868658076,54.56164283112568,52.518535103560836,52.93783187866211,6061200.0
2018-11-05,GILD,53.273265876821924,53.494349112148676,52.5719019817623,53.04456329345703,6087800.0
2018-11-06,GILD,53.174165524787945,53.66969654598435,53.021697125787476,53.63157653808594,5699000.0
2018-11-07,GILD,54.134740683387875,55.49935457537449,53.63920958933503,55.255401611328125,8635900.0
2018-11-08,GILD,55.08005422198588,55.39262202738654,54.59214832463123,54.79798126220703,5007100.0
2018-11-09,GILD,54.485403578386595,54.82084096730538,53.8831436375076,54.264320373535156,4568000.0
2018-11-12,GILD,54.18048216448683,54.48542483553946,53.4105032287459,53.73831558227539,5300800.0
2018-11-13,GILD,53.82217100674825,55.30876423776619,53.60108773189028,54.066123962402344,4437600.0
2018-11-14,GILD,54.40155841463506,54.668381036160795,53.479111170905,53.784053802490234,4397200.0
2018-11-15,GILD,53.532470371481466,53.799292966472066,52.17548190298954,53.1970329284668,9249300.0
2018-11-16,GILD,52.94545978493611,53.13604820146403,52.54903843772868,52.7548713684082,8059100.0
2018-11-19,GILD,52.65575673933682,52.78535544021517,51.57321615030174,51.84766387939453,8814700.0
2018-11-20,GILD,52.1449924945193,52.95308552820392,51.48936786920263,51.512237548828125,8511000.0
2018-11-21,GILD,51.51224879724092,51.603733352016775,50.73465043868991,50.879493713378906,8866000.0
2018-11-23,GILD,50.60503931613768,51.10819557783999,50.36108635127223,50.765132904052734,3072800.0
2018-11-26,GILD,51.35977570293309,51.885795850422355,50.361088306736264,51.03196334838867,9451000.0
2018-11-27,GILD,50.68889226086228,51.42075106258856,50.17049154926908,51.41313171386719,8001500.0
2018-11-28,GILD,51.45124866143982,52.76249793252453,51.009087943757685,52.74725341796875,6463100.0
2018-11-29,GILD,52.4499275761898,53.57820759478365,52.38893789510469,53.128421783447266,6468000.0
2018-11-30,GILD,53.1589150380128,55.041923400893566,52.94545116058355,54.84371566772461,8673300.0
2018-12-03,GILD,55.4536086599002,55.57558804845313,53.753563100099676,54.0203857421875,11239300.0
2018-12-04,GILD,53.974620631930115,55.36972287113527,52.84633509123493,53.02167892456055,9935000.0
2018-12-06,GILD,52.38131942855819,53.52484992178728,51.923908394525924,53.509605407714844,8099400.0
2018-12-07,GILD,53.19704119741917,53.36475994499671,51.756193144208034,51.95440673828125,5657500.0
2018-12-10,GILD,52.77012259283209,53.26565364745881,50.2391086111155,51.45124816894531,8927200.0
2018-12-11,GILD,51.939164217917586,52.73201289714822,51.23017492508718,51.62660217285156,5867000.0
2018-12-12,GILD,52.28220713293808,52.846347123584906,51.88578003528664,51.94676971435547,6447900.0
2018-12-13,GILD,52.3542297425945,52.50030069254932,51.28561962485162,51.77764129638672,6198200.0
2018-12-14,GILD,51.354814036699345,51.639260587142296,50.26313543829757,50.40920639038086,8253600.0
2018-12-17,GILD,50.26313891311204,51.58544946555556,49.63273572710541,50.06325912475586,11671600.0
2018-12-18,GILD,50.34001949627125,51.308683894371036,49.43285341009443,49.847991943359375,9325600.0
2018-12-19,GILD,50.05556913841764,51.34712758781073,48.8024493350711,49.35597229003906,9488300.0
2018-12-20,GILD,49.30215585489826,50.24007403519361,48.70250478627958,49.43285369873047,10462600.0
2018-12-21,GILD,49.77880465039749,50.808973236283286,47.85684308088407,48.141292572021484,17586200.0
2018-12-24,GILD,48.025975603676194,48.30273853295757,46.4884063811624,46.54222106933594,6162600.0
2018-12-26,GILD,46.62679679907137,48.61025995198448,46.37309642095443,48.60257339477539,8824400.0
2018-12-27,GILD,47.97216093725193,48.44880657529674,46.48840640223897,48.38730239868164,9548200.0
2018-12-28,GILD,48.28736916128406,48.464189294384944,47.41095211989396,47.5723991394043,6785400.0
2018-12-31,GILD,47.66464767229975,48.48724700235241,47.34175953123864,48.08747863769531,7584000.0
2019-01-02,GILD,47.480135815038565,49.20990410534847,47.28025310853638,48.77169418334961,7839400.0
2019-01-03,GILD,50.96274102509416,51.700773670298844,50.07863740264117,50.163204193115234,14631300.0
2019-01-04,GILD,50.93197812090863,52.607928729916736,50.770534063915846,52.469547271728516,9639500.0
2019-01-07,GILD,52.354237848210694,52.99233056849175,51.79302829161605,52.70787811279297,10504100.0
2019-01-08,GILD,52.93081645906574,53.16145417615619,51.577753973880725,52.34653854370117,7527400.0
2019-01-09,GILD,52.43111530733475,52.7847614383635,51.923720444547335,52.23123550415039,5770000.0
2019-01-10,GILD,52.07746774004424,52.484922644111464,51.577756571422505,52.30810546875,5715900.0
2019-01-11,GILD,52.12359718770683,52.584866765444936,51.84683426799178,52.400360107421875,5663100.0
2019-01-14,GILD,52.10052526443262,52.23122309282643,51.59313052221371,51.70075988769531,9172500.0
2019-01-15,GILD,51.65464110964254,52.82319116519473,51.53163275360481,52.677120208740234,7199500.0
2019-01-16,GILD,52.48492347761655,52.9461989423535,51.931403477582336,52.00059127807617,6142300.0
2019-01-17,GILD,51.923717633641736,53.015390464040735,51.86221345197829,52.777069091796875,5224500.0
2019-01-18,GILD,53.23064974013774,53.492039582009525,52.66944020687227,53.18452453613281,8358800.0
2019-01-22,GILD,52.84625277145089,52.907756948312716,52.29272691041671,52.70018768310547,9827000.0
2019-01-23,GILD,52.67711652633043,53.438217479046074,52.1389696696878,52.469547271728516,6952600.0
2019-01-24,GILD,52.60793049884603,52.63099309842607,51.908333696326004,52.16972351074219,7750900.0
2019-01-25,GILD,52.408045819482474,53.261397211729665,52.35423113102369,52.969261169433594,8809600.0
2019-01-28,GILD,52.60023628877796,53.046132725168796,51.78532656150957,52.208160400390625,7120000.0
2019-01-29,GILD,52.33116769649187,53.78417012706893,52.30810509685748,53.499717712402344,6989300.0
2019-01-30,GILD,53.369037675395965,54.04557203126062,52.73863439447995,53.684242248535156,5113400.0
2019-01-31,GILD,53.66885231959456,54.06093411717746,53.10764283291115,53.82261276245117,8343700.0
2019-02-01,GILD,53.81492527332399,54.19931759670488,53.32290356862537,53.85336685180664,6502100.0
2019-02-04,GILD,53.70729589200626,54.014810923783244,53.215274187307635,53.85336685180664,6913800.0
2019-02-05,GILD,52.08516387698142,53.06151787369478,51.31637917031011,52.031349182128906,14500600.0
2019-02-06,GILD,51.95447001897053,53.284464229152285,51.716142780014145,52.853946685791016,7580200.0
2019-02-07,GILD,52.60793471208484,52.86931868207358,51.44706822891002,51.72383117675781,6643400.0
2019-02-08,GILD,51.44706964213686,51.97753295097696,51.00117311776002,51.869903564453125,5522200.0
2019-02-11,GILD,51.9852180480957,52.25429149167236,51.73151771614007,51.9852180480957,5505500.0
2019-02-12,GILD,49.80187006901534,50.309270767453604,49.17146687315546,50.27851867675781,15927900.0
2019-02-13,GILD,50.40920451615869,51.25486637840527,50.34770034226708,50.69365692138672,9047500.0
2019-02-14,GILD,50.83972985096446,51.34713056585793,50.493779083800185,51.02424240112305,5737100.0
2019-02-15,GILD,51.2856259726707,52.03903754972702,51.12418189159329,51.962154388427734,6214200.0
2019-02-19,GILD,51.769960660443886,52.10053832741063,51.23950318767361,51.32406997680664,6396200.0
2019-02-20,GILD,51.254871165028575,51.7315197591608,51.13955229455256,51.49319839477539,5679800.0
2019-02-21,GILD,51.45474990784823,51.47781250577477,50.155502147954124,50.393829345703125,5607900.0
2019-02-22,GILD,50.43996183947007,50.709035296478326,50.22470307386347,50.53990173339844,4925500.0
2019-02-25,GILD,50.78589897014028,50.78589897014028,50.14781233330795,50.24006271362305,7090500.0
2019-02-26,GILD,50.16320143565386,50.60140847794855,50.04019306886712,50.18626403808594,5957800.0
2019-02-27,GILD,50.05556617539701,50.824350781543046,49.978688887854624,50.40920639038086,7645100.0
2019-02-28,GILD,50.124755368937386,50.47840145911996,49.76343152090082,49.98637390136719,7227300.0
2019-03-01,GILD,50.447645344132326,50.95504010782223,50.278511801115435,50.74747085571289,6002500.0
2019-03-04,GILD,50.893547941767174,51.10112310820889,49.894131289167454,50.316959381103516,8409600.0
2019-03-05,GILD,50.14783071818935,50.47071889838718,49.47129639926584,49.50204849243164,7405400.0
2019-03-06,GILD,49.54815312460024,49.655782473306374,48.24890852100799,48.37191390991211,9442500.0
2019-03-07,GILD,48.379612776543766,48.579495472512754,47.63389081209413,48.07209777832031,7618500.0
2019-03-08,GILD,47.841471495606235,48.74863767558601,47.664651366651654,48.61025619506836,7639700.0
2019-03-11,GILD,48.71787354925253,49.61735295042377,48.487238782922525,49.463592529296875,5207900.0
2019-03-12,GILD,49.61735709811835,50.18625604044334,49.32522107159704,49.84030532836914,5235600.0
2019-03-13,GILD,50.11706327723814,50.7013352723755,49.87873609452871,50.54758071899414,6276300.0
2019-03-14,GILD,50.485486955310144,50.687306362939985,49.94989180210603,50.29143142700195,7958500.0
2019-03-15,GILD,50.24485582153963,51.06764929814498,50.24485582153963,50.943450927734375,11976800.0
2019-03-18,GILD,51.067661323085865,51.153046242322745,50.322488691468656,50.469966888427734,8066900.0
2019-03-19,GILD,50.45444206337325,51.30828528310158,50.37682102923527,50.83478927612305,6860800.0
2019-03-20,GILD,50.50877678649681,50.648497015146944,49.97318158965377,50.143951416015625,8408200.0
2019-03-21,GILD,49.78689304047039,50.46996646654995,48.902000177690155,50.3923454284668,9069500.0
2019-03-22,GILD,50.34576946247524,50.532061121542824,49.44535188084179,49.49968719482422,5911900.0
2019-03-25,GILD,49.52297774683953,49.67046186580706,48.84766523494727,49.51521682739258,7686800.0
2019-03-26,GILD,49.7170237932606,50.415618888238896,49.63939981300028,49.864501953125,6332400.0
2019-03-27,GILD,49.78688526574149,50.11289712804401,49.25905399825446,49.41429901123047,5919600.0
2019-03-28,GILD,49.61612230593849,49.63164710548486,49.03395564768704,49.437591552734375,5256000.0
2019-03-29,GILD,50.376815260389314,50.94345407460329,50.18275973621378,50.46220016479492,9601400.0
2019-04-01,GILD,50.87359193328154,51.416944978779874,50.648486836688214,51.13750457763672,5757300.0
2019-04-02,GILD,50.99003540728233,51.83611471611514,50.99003540728233,51.416954040527344,6932100.0
2019-04-03,GILD,51.75849134965868,51.83611237746443,51.37038028852509,51.74296951293945,6687000.0
2019-04-04,GILD,51.71967306572871,52.19316899005369,51.64205204514028,51.8826789855957,5713800.0
2019-04-05,GILD,52.16213344590051,52.83744894331734,51.937034202200756,52.42605209350586,5401100.0
2019-04-08,GILD,52.30961706063712,52.63562898499801,51.929269815549425,52.30185317993164,5308400.0
2019-04-09,GILD,52.21646815726374,52.48815068247694,51.184097065455596,51.3005256652832,5908000.0
2019-04-10,GILD,52.185430251391956,52.44934300300258,51.83612664695229,52.317386627197266,7451400.0
2019-04-11,GILD,52.658913472673476,52.78311187263156,51.25395312525518,51.47129440307617,5994400.0
2019-04-12,GILD,51.82059879155676,51.88269207042489,50.51654518163393,50.67178726196289,6975400.0
2019-04-15,GILD,50.76492610723787,51.19960858459219,50.066325038558006,50.788211822509766,4766400.0
2019-04-16,GILD,51.11423078061374,51.34709980988887,49.94989747844893,50.097381591796875,5820700.0
2019-04-17,GILD,50.12842323309871,50.22156609233888,49.018425424352266,49.096046447753906,7888400.0
2019-04-18,GILD,49.37549624775658,49.37549624775658,47.78424127737202,48.863189697265625,11552900.0
2019-04-22,GILD,48.731218502129586,49.158142991030445,47.776465752596174,48.02485656738281,11480600.0
2019-04-23,GILD,48.180119277990826,49.17368290237326,48.0403990231804,48.93305587768555,10286600.0
2019-04-24,GILD,49.026182649416036,49.049468362472105,48.28101022110171,48.746742248535156,6130200.0
2019-04-25,GILD,48.490605986838915,49.93437987781728,48.16459109481818,49.786895751953125,7944700.0
2019-04-26,GILD,50.01198860343378,50.70282577744175,49.91883982233779,50.57086944580078,8144600.0
2019-04-29,GILD,50.50101606620433,50.92017677838006,50.30696050994365,50.3923454284668,5252500.0
2019-04-30,GILD,50.41563724749184,50.65627019340117,49.63941788958681,50.48550033569336,7164900.0
2019-05-01,GILD,50.31471740908016,50.92793359243116,50.03527697306946,50.35353088378906,5779700.0
2019-05-02,GILD,50.229331332382365,50.75716259676251,49.8334564035711,50.68730545043945,5735800.0
2019-05-03,GILD,51.207384764627875,52.58129559464855,51.15304944190629,52.1077995300293,8822500.0
2019-05-06,GILD,51.48681784606447,52.62786538103377,51.26171270659864,52.54248046875,6304700.0
2019-05-07,GILD,52.04569854590651,52.39499615140717,51.17632758891791,51.54115295410156,7281300.0
2019-05-08,GILD,51.37038094101715,51.57220035355942,50.617444525317644,51.284996032714844,6509500.0
2019-05-09,GILD,50.89689850121407,51.611021631365745,50.268160302070356,51.331581115722656,6116700.0
2019-05-10,GILD,51.26170642546118,51.44799806484241,49.77136146620246,50.896881103515625,5953400.0
2019-05-13,GILD,50.00422856862454,50.08961347733383,49.026189980346494,49.81017303466797,8146000.0
2019-05-14,GILD,49.86451458686356,50.92794117797046,49.75584394801826,50.516544342041016,6810900.0
2019-05-15,GILD,50.19828173775946,51.059888741705066,49.980940497503745,50.68730545043945,5381500.0
2019-05-16,GILD,50.91241425470264,51.781785301876305,50.83479321455097,51.059898376464844,7535400.0
2019-05-17,GILD,51.0521347410791,52.177660556055635,50.92017837997675,51.510108947753906,6660900.0
2019-05-20,GILD,51.22290077151663,51.40919836143838,50.896888872311585,51.12199401855469,4473900.0
2019-05-21,GILD,51.4014333182612,51.78954440532495,51.083179384258415,51.63429641723633,5118200.0
2019-05-22,GILD,51.432482751058345,51.851643434396586,51.021085947625956,51.6187744140625,5764800.0
2019-05-23,GILD,51.81282405334511,52.36394102176186,51.51786179368819,52.13883590698242,6707200.0
2019-05-24,GILD,52.23975509615962,52.371711445488,51.57996150530722,51.92150115966797,4197900.0
2019-05-28,GILD,50.69506881069956,51.067658063781124,49.63940913047724,49.65493392944336,9821600.0
2019-05-29,GILD,49.37548833274316,49.468634155795606,48.777796959472994,49.18919372558594,7193700.0
2019-05-30,GILD,49.25906228189963,49.398782520968844,48.754519606196645,49.165916442871094,4311900.0
2019-05-31,GILD,48.72347543974609,48.9485806234669,48.2577402705596,48.31983947753906,4871900.0
2019-06-03,GILD,48.513889772336974,50.01976280594413,48.26549889358684,49.391021728515625,9150900.0
2019-06-04,GILD,49.65492488014795,50.237091410544366,49.41429498160535,49.92660140991211,5647800.0
2019-06-05,GILD,50.299200595753874,50.33024427209554,49.36773040865896,50.01976013183594,5226500.0
2019-06-06,GILD,50.02751733209711,50.29919983386712,49.34444394292505,49.4686393737793,4982500.0
2019-06-07,GILD,49.786884348055786,50.94345360325158,49.26681696938237,50.726112365722656,6255100.0
2019-06-10,GILD,50.76492968308153,51.4402391619532,50.67178089332802,51.32381057739258,5942700.0
2019-06-11,GILD,51.331585743028825,51.874944982252366,51.19186547261214,51.30830001831055,5144600.0
2019-06-12,GILD,51.52562673100865,52.363948115736704,51.39367038029367,51.836116790771484,6406800.0
2019-06-13,GILD,51.9614997161106,52.698099601355864,51.953667871996004,52.49435806274414,4452900.0
2019-06-14,GILD,52.43166955091263,52.48652234820469,51.87529777744201,52.00067901611328,5333800.0
2019-06-17,GILD,52.086872203760045,52.85481129332124,51.773425115191706,52.58054733276367,5287300.0
2019-06-18,GILD,53.01154321162907,53.99106172633579,52.799963864488745,53.442527770996094,7385700.0
2019-06-19,GILD,53.309317497441505,53.59925714533798,53.01154600553934,53.48955154418945,4643100.0
2019-06-20,GILD,53.904856213438705,54.32017105005833,53.05855089815396,53.732460021972656,4968300.0
2019-06-21,GILD,53.70111241109996,54.43771211446834,53.49737092279489,54.367183685302734,8718500.0
2019-06-24,GILD,54.17127973238035,54.44554964840653,53.83432518671046,53.94403076171875,4013700.0
2019-06-25,GILD,53.8735187132394,54.83736756948826,53.38767537403581,53.66194534301758,6293200.0
2019-06-26,GILD,53.67762083945994,53.708966152991444,52.17308166099127,52.251441955566406,9479000.0
2019-06-27,GILD,52.220103116792785,52.80781436673733,51.92233156908375,52.56489562988281,5996900.0
2019-06-28,GILD,52.619734380881006,53.30147542241214,52.39248537420183,52.94101333618164,19742500.0
2019-07-01,GILD,53.28582007946808,53.959729458753756,52.72161632206537,53.15260696411133,6014500.0
2019-07-02,GILD,53.787310219851314,54.02239701115792,53.25445200759441,53.94403076171875,6010200.0
2019-07-03,GILD,54.124284112042716,54.124284112042716,53.53657290220651,54.06943130493164,2906000.0
2019-07-05,GILD,53.72463358817786,54.343690053061174,53.56007518285551,53.70112609863281,4118300.0
2019-07-08,GILD,53.49737681276252,53.65410335121615,52.00067573619369,52.878326416015625,7191900.0
2019-07-09,GILD,52.64324835335666,53.42686324043937,52.30629371277081,53.089908599853516,5201400.0
2019-07-10,GILD,53.285804519438045,53.701119392219724,52.42382946556015,52.86265182495117,4072300.0
2019-07-11,GILD,52.51002987530747,52.80780134961583,51.3581151528018,51.86746597290039,5833100.0
2019-07-12,GILD,51.851785255653766,52.251430441984716,51.63237408778765,51.92231369018555,4740700.0
2019-07-15,GILD,52.4865340793517,53.48172247508454,52.37682248173969,53.34067153930664,7495100.0
2019-07-16,GILD,53.340659890379364,53.44252766344149,52.118222699607664,52.455177307128906,5573200.0
2019-07-17,GILD,52.6040572854199,52.83130628582781,52.35330079850536,52.43949890136719,4858500.0
2019-07-18,GILD,52.21225004480702,52.97235732931575,51.953661714015325,52.666748046875,4002500.0
2019-07-19,GILD,52.909677919064,52.917515742416604,50.86444843359075,50.96631622314453,8876400.0
2019-07-22,GILD,51.17004638236427,51.57752342831925,50.73905587158922,50.864437103271484,6302600.0
2019-07-23,GILD,50.98980030217913,52.06335442526622,50.684191095334036,52.03200912475586,7854200.0
2019-07-24,GILD,52.09470989602974,52.36113603462405,51.585359125681045,52.22008514404297,4592400.0
2019-07-25,GILD,52.16523352093071,52.55704089482339,51.875293911987946,51.969329833984375,4061200.0
2019-07-26,GILD,51.99283872222234,52.533534825899984,51.65588413244596,52.43949890136719,4790600.0
2019-07-29,GILD,53.35632730176645,53.59925194804586,52.73727688895795,53.183937072753906,5571700.0
2019-07-30,GILD,53.1290875463218,53.15259503451955,52.23576712376741,52.572715759277344,6694500.0
2019-07-31,GILD,51.4443153140294,52.28278295160827,50.27673087930896,51.34244155883789,10366300.0
2019-08-01,GILD,51.45214569935727,52.32979036487767,50.99764772413798,51.30325698852539,8259800.0
2019-08-02,GILD,51.083858169331876,51.295431565620625,50.34725823686857,50.89578628540039,6753100.0
2019-08-05,GILD,50.38642962520984,50.637186100141435,49.26585733080816,49.64982986450195,7230000.0
2019-08-06,GILD,49.72818969285482,50.26888576581109,49.08562585798897,50.13566970825195,7052100.0
2019-08-07,GILD,49.634163103762134,50.308069341864254,49.00727184200823,50.057315826416016,5450400.0
2019-08-08,GILD,49.931928397981864,50.85659396011136,49.845730304846484,50.79390335083008,5188900.0
2019-08-09,GILD,50.69986374335874,51.49915400720192,50.4334376410811,51.123016357421875,5233000.0
2019-08-12,GILD,50.88010429428032,51.303256962875764,49.75170016727875,50.13566970825195,5703200.0
2019-08-13,GILD,49.93193464134481,50.9271227794724,49.93193464134481,50.38643264770508,4779600.0
2019-08-14,GILD,49.90842548571755,49.99462359191145,49.30504173161348,49.46176528930664,6382100.0
2019-08-15,GILD,49.58714345882704,50.00246133444205,49.24235402385248,49.26586151123047,4490800.0
2019-08-16,GILD,49.68901241213947,49.767372693384615,49.24235223268526,49.47743606567383,6967500.0
2019-08-19,GILD,49.90842524493461,50.4804636868896,49.90842524493461,50.237545013427734,6163200.0
2019-08-20,GILD,50.18269126122258,50.39426462141725,49.665505625656714,49.712520599365234,5286400.0
2019-08-21,GILD,50.18269332633002,50.35508954169744,49.89275369334784,50.25321578979492,4493700.0
2019-08-22,GILD,50.39426819310011,50.69987750087814,49.79088739988641,50.32374572753906,5084900.0
2019-08-23,GILD,50.206197112955714,50.676364770247424,48.73300053658698,48.98375701904297,7488300.0
2019-08-26,GILD,49.60282067958605,49.62633115838149,48.8427162882798,49.36773681640625,4053200.0
2019-08-27,GILD,49.767369661830465,50.06514409307886,49.32070950958433,49.61064910888672,5227000.0
2019-08-28,GILD,49.39907595423289,50.30023413791533,49.15615429873293,49.86924362182617,5441100.0
2019-08-29,GILD,50.36292909983929,50.48047253545922,49.59498981366975,49.95545196533203,4758500.0
2019-08-30,GILD,50.143524714062494,50.15919737263195,49.25020111112758,49.790897369384766,5301200.0
2019-09-03,GILD,49.485266268995105,49.634151976140885,48.795684541038426,49.344215393066406,4909200.0
2019-09-04,GILD,49.64983300601755,49.89275167502303,48.88972571183178,49.579307556152344,5898200.0
2019-09-05,GILD,49.71252012086685,50.543152856342516,49.62632500681316,50.198360443115234,6011100.0
2019-09-06,GILD,50.386426347512845,50.93495423246019,50.08864894267952,50.79390335083008,6833300.0
2019-09-09,GILD,50.66069598645708,52.16523490735033,50.64502034312135,51.977169036865234,8701000.0
2019-09-10,GILD,51.78128062995674,52.64325593417382,51.53835591459422,52.56489562988281,7419700.0
2019-09-11,GILD,52.49435602078004,53.411189919615644,52.49435602078004,53.3484992980957,8853300.0
2019-09-12,GILD,53.38803806143479,53.41967614144466,52.4072817185159,52.48637390136719,6495500.0
2019-09-13,GILD,52.79483247273254,53.38012180977962,52.16999403095619,52.6129150390625,4814700.0
2019-09-16,GILD,52.431009584781286,52.54173984936333,51.93272339416205,52.10672378540039,4644100.0
2019-09-17,GILD,52.12254820714638,52.39146285208759,51.63216698864831,52.336097717285156,4819800.0
2019-09-18,GILD,52.20954656524584,52.320276824546106,51.49770487378228,51.98017501831055,4295400.0
2019-09-19,GILD,52.082991150781424,52.5496452452248,51.916895771712284,52.16999435424805,4171100.0
2019-09-20,GILD,52.114646082267065,53.00839942088165,52.114646082267065,52.53384017944336,9700400.0
2019-09-23,GILD,52.39937350869604,52.462649672119646,51.31579183886824,51.98809051513672,5259100.0
2019-09-24,GILD,52.19373035424282,52.2253684367787,50.80959592362068,51.06269454956055,5823400.0
2019-09-25,GILD,51.01524435097974,51.284159021614286,50.63559336581295,50.77796173095703,4914500.0
2019-09-26,GILD,50.951957592875736,50.951957592875736,49.90001713254956,50.06611251831055,6398400.0
2019-09-27,GILD,50.27967640027101,50.556502105853475,49.48874236469377,49.749752044677734,7410900.0
2019-09-30,GILD,49.82883878582847,50.46949637068589,49.71810851571884,50.12939453125,8291400.0
2019-10-01,GILD,50.30339849567831,50.88078293982976,49.79720124557026,50.002845764160156,4899200.0
2019-10-02,GILD,49.7813869609629,49.7813869609629,48.65826208211792,48.73735427856445,6409700.0
2019-10-03,GILD,48.83226217904606,49.306821330305816,48.159966528058995,49.219818115234375,6325200.0
2019-10-04,GILD,49.393824117225684,49.60737663859352,48.97462708616727,49.48082733154297,5138700.0
2019-10-07,GILD,49.472919424200384,50.28758346833994,49.25936688935839,49.61528778076172,5980700.0
2019-10-08,GILD,49.298913416047704,49.42546272444545,48.539614548487705,48.7927131652832,4559800.0
2019-10-09,GILD,49.26727771404362,49.378007987092744,48.84808065827726,49.02208709716797,3516200.0
2019-10-10,GILD,49.13280932382634,50.153114702125926,49.03789810778106,50.03447341918945,5718400.0
2019-10-11,GILD,50.58022791443687,51.00732996458961,50.35876435146746,50.61186599731445,5598100.0
2019-10-14,GILD,50.485316064074176,51.426523372167836,50.485316064074176,51.02315139770508,4354500.0
2019-10-15,GILD,51.27625881972217,51.996005708207605,51.10225235335147,51.64799880981445,5675700.0
2019-10-16,GILD,51.45815895642375,52.106724530107975,51.41070485216662,51.687530517578125,4854900.0
2019-10-17,GILD,51.6479974374982,51.956461243559936,51.23670833985048,51.59263229370117,4682600.0
2019-10-18,GILD,51.72707924413458,51.766622319273594,50.777954925594976,51.33952331542969,8805600.0
2019-10-21,GILD,51.36324799330017,51.703349802379506,51.25251773307403,51.57679748535156,3737000.0
2019-10-22,GILD,51.972262950577544,52.66828257145183,51.94062487221783,52.090904235839844,5881800.0
2019-10-23,GILD,51.980181435392005,52.71575026832104,51.82990205021218,52.66038513183594,6056100.0
2019-10-24,GILD,52.79483383352106,52.79483383352106,51.90898576012952,52.20163345336914,5555400.0
2019-10-25,GILD,49.8288372679779,50.83332069747369,49.449189346092226,50.08193588256836,12014700.0
2019-10-28,GILD,50.32713491295263,50.5802335699255,49.65483915391459,50.406227111816406,7854900.0
2019-10-29,GILD,50.619770280075734,50.619770280075734,50.026569847106096,50.184757232666016,5534200.0
2019-10-30,GILD,50.184758825330356,50.30339710538533,49.567828303785085,49.947479248046875,6289200.0
2019-10-31,GILD,49.75765715938536,50.47740696915248,49.62319982941205,50.390403747558594,6438100.0
2019-11-01,GILD,50.596038390823864,51.40278824741753,50.42993999242103,51.14178466796875,4956800.0
2019-11-04,GILD,51.537254412040284,51.79035301174956,50.64349526748363,51.57679748535156,7008700.0
2019-11-05,GILD,51.735003122253836,52.41520090644539,51.560996652253145,51.719181060791016,6599100.0
2019-11-06,GILD,51.90899721002834,52.336102302068575,51.46607609280779,51.7349967956543,6010500.0
2019-11-07,GILD,51.426511188672535,51.54515246131481,50.17683739812567,50.5881233215332,7746000.0
2019-11-08,GILD,50.248038791143216,51.8219958472477,50.240130778268984,51.711265563964844,4953100.0
2019-11-11,GILD,51.42651398095732,51.529339238858384,50.880773752124306,51.12596130371094,3696400.0
2019-11-12,GILD,51.06269385722014,51.29997645584846,50.73841407573173,50.87287139892578,4243200.0
2019-11-13,GILD,50.73841315019047,50.73841315019047,49.907930104487704,50.089847564697266,4482600.0
2019-11-14,GILD,50.01075453010447,50.61977404868859,49.33846186288978,50.46949768066406,7548200.0
2019-11-15,GILD,50.74632156177034,51.584709558852964,50.619769242178464,51.466068267822266,6908600.0
2019-11-18,GILD,51.315792112389104,51.54516368026197,50.39831187524475,50.849143981933594,6163600.0
2019-11-19,GILD,51.1971598587872,51.45025849436643,51.01524238586426,51.410709381103516,6135100.0
2019-11-20,GILD,51.23669227862137,51.647981247341825,50.999415751448375,51.3157844543457,7633900.0
2019-11-21,GILD,51.489798271109635,52.04345564954561,51.02315014314143,51.98809051513672,5392000.0
2019-11-22,GILD,52.03554996159732,52.15419127160748,51.560990755904385,51.616355895996094,4589300.0
2019-11-25,GILD,51.84571825398217,53.21403048731284,51.79825811782075,53.16657638549805,7492900.0
2019-11-26,GILD,52.96883984714952,53.50667509583298,52.7394683110871,53.214027404785156,6923500.0
2019-11-27,GILD,53.21403637875232,53.3801317878395,52.755293229265455,53.08749008178711,4980300.0
2019-11-29,GILD,53.024215365638284,53.27731400083487,52.842297892990366,53.18239974975586,2658800.0
2019-12-02,GILD,53.1903116299453,53.40386115535409,52.15419001840524,52.29655838012695,7642100.0
2019-12-03,GILD,52.035547050897875,52.35982684348228,51.545165812981814,52.25700759887695,5333300.0
2019-12-04,GILD,52.43892389852537,53.16658169260486,52.24909540362419,52.79484176635742,5093400.0
2019-12-05,GILD,52.913489190602185,52.95303227252238,51.72708811473374,52.14628219604492,5847800.0
2019-12-06,GILD,52.54174270666458,53.427590905841626,52.26491703015524,53.055850982666016,4140400.0
2019-12-09,GILD,53.13494357262993,53.68859492983298,52.85811789402841,52.93721008300781,5983700.0
2019-12-10,GILD,52.87393351847578,53.13494317104766,52.304460107172474,53.055850982666016,4272900.0
2019-12-11,GILD,53.27730629112813,53.77559245990468,53.07957282242125,53.6094970703125,5589800.0
2019-12-12,GILD,53.617484844319286,54.41583925052325,53.50570962376685,53.992706298828125,5732200.0
2019-12-13,GILD,52.890979519418885,53.338056038702,52.26027880630976,52.50776672363281,8198900.0
2019-12-16,GILD,52.890977174011,53.322089266042724,52.763237550759904,52.787193298339844,11647500.0
2019-12-17,GILD,52.835094551948494,53.01871874437543,52.52373682253994,52.85105895996094,7881300.0
2019-12-18,GILD,52.938881827963115,53.090571123136776,52.1006133069113,52.43592071533203,10105600.0
2019-12-19,GILD,52.61954709860303,52.61954709860303,52.020781234072516,52.12456512451172,9495300.0
2019-12-20,GILD,52.364074264813226,53.48975715242914,52.02876680121099,53.37000274658203,23440000.0
2019-12-23,GILD,53.250240972733,53.80909275903963,53.12250742420889,53.2901611328125,7038200.0
2019-12-24,GILD,53.33806144370417,53.44185142545582,52.922919789581655,53.266212463378906,1965800.0
2019-12-26,GILD,53.25821590585367,53.41789042427852,52.81113943618424,53.002742767333984,3527400.0
2019-12-27,GILD,52.99477049871694,53.08258998262027,52.45987443564142,52.6514778137207,4463900.0
2019-12-30,GILD,52.475848104589716,52.77123539467606,51.74135727751857,51.837162017822266,5864300.0
2019-12-31,GILD,51.6215944213833,51.94093128383147,51.374100434737684,51.87706756591797,6984700.0
2020-01-02,GILD,52.31616665375028,52.48382035900073,51.92497467483257,52.076663970947266,5038200.0
2020-01-03,GILD,51.597643314183244,52.1884299629448,51.54175874913399,51.94892120361328,4689700.0
2020-01-06,GILD,51.62957822943055,52.55567226863003,51.62159907082283,52.41196823120117,8248700.0
2020-01-07,GILD,52.100622610689065,52.124572274001444,51.230412934245464,51.988853454589844,8082600.0
2020-01-08,GILD,51.980852751479276,52.88299098353079,51.74134400762683,52.53171920776367,6607300.0
2020-01-09,GILD,52.53969856759183,52.74727240699694,52.13254222882383,52.56364822387695,5942300.0
2020-01-10,GILD,52.691393155859274,52.76324213195598,51.877074305291565,51.916988372802734,5153900.0
2020-01-13,GILD,51.93296122922942,52.10061493869066,51.15855641103135,51.3421745300293,6868900.0
2020-01-14,GILD,51.422016189063896,51.541764491109376,51.02283589420107,51.254356384277344,9929700.0
2020-01-15,GILD,51.15056511355353,51.837150370725574,51.07871309721041,51.17451477050781,7080600.0
2020-01-16,GILD,51.32619998329491,51.398048948461486,50.392123844888964,50.45599365234375,10633900.0
2020-01-17,GILD,50.6955019945997,50.6955019945997,49.95303219418999,50.280357360839844,13457600.0
2020-01-21,GILD,50.22447667963849,50.232458883865135,49.6815954278139,50.000938415527344,12261100.0
2020-01-22,GILD,50.13665857057553,50.63962272399787,49.97698707237219,50.61567306518555,7906100.0
2020-01-23,GILD,50.49591996223247,51.14258513042778,50.08876052468285,51.046783447265625,14648700.0
2020-01-24,GILD,51.15056891522053,51.25435280005614,50.16859331586788,50.41608428955078,18685100.0
2020-01-27,GILD,50.29632589024143,51.31821852107677,50.13665440530334,50.958961486816406,10421600.0
2020-01-28,GILD,51.29426823959902,51.797229299630644,51.16652861681993,51.38208770751953,10241100.0
2020-01-29,GILD,51.42999282027656,52.00480900568283,51.27032436475755,51.33419418334961,7071000.0
2020-01-30,GILD,51.01484557997053,51.17451401795811,50.32027508370759,51.118629455566406,8771800.0
2020-01-31,GILD,50.935005026334466,51.03879194070847,49.97697923287299,50.45599365234375,11416800.0
2020-02-03,GILD,54.08052478023373,54.83097985742735,52.28422739917629,52.978797912597656,35527100.0
2020-02-04,GILD,54.28809340189827,54.296078650514424,53.393934376650805,53.80908203125,15904100.0
2020-02-05,GILD,52.8670196639633,53.13047802956142,51.15055680001132,52.58759689331055,21184500.0
2020-02-06,GILD,53.721268734401924,55.80497422225985,52.73131097599333,54.455753326416016,28805500.0
2020-02-07,GILD,55.86885533190521,56.83486362798001,54.599468401865735,54.98268127441406,27320100.0
2020-02-10,GILD,55.34193056939582,55.40580038761776,53.97674518244779,55.07847213745117,24347800.0
2020-02-11,GILD,55.03056978084968,55.078469096390904,53.888922729751336,54.09649658203125,12858700.0
2020-02-12,GILD,53.888926494569404,54.14439968023854,52.94686798035922,53.4498291015625,13927100.0
2020-02-13,GILD,53.5935266230649,54.10447293218489,53.106529970472344,53.330074310302734,8031000.0
2020-02-14,GILD,53.817080309846226,54.016668936853286,53.521686949129624,53.93682861328125,9109100.0
2020-02-18,GILD,53.9368215222385,54.128430964466794,53.25822149782194,53.49773025512695,9904700.0
2020-02-19,GILD,53.64940686042144,53.9208504914247,53.34603441726248,53.769161224365234,7754000.0
2020-02-20,GILD,53.69731994823956,53.77715417197836,52.771225898179104,53.48974609375,8697200.0
2020-02-21,GILD,53.633451317763104,55.709171635634085,53.33805798334662,55.645301818847656,22478200.0
2020-02-24,GILD,58.99042355268303,59.493384780496484,57.15420545393631,58.20005416870117,42905000.0
2020-02-25,GILD,58.86267993203044,58.95847857376141,55.102424879091984,55.96464920043945,39199200.0
2020-02-26,GILD,56.93863045055073,60.25180213117805,56.459619071764166,59.63706588745117,35000500.0
2020-02-27,GILD,62.51912772350284,62.9741894631793,57.68908752008785,58.00843048095703,51482500.0
2020-02-28,GILD,56.020532212442106,56.74703771047417,53.194356631777204,55.37386703491211,33786900.0
2020-03-02,GILD,56.14027748857774,60.20390428581139,55.948674150591955,60.195919036865234,31113000.0
2020-03-03,GILD,59.29379089586403,59.73288834324569,57.09033668071777,59.24589157104492,24482000.0
2020-03-04,GILD,59.79675972934337,60.68293380737305,57.952556493219994,60.68293380737305,23741700.0
2020-03-05,GILD,59.8765862962921,61.872472506168506,59.50135871428153,60.778724670410156,22727600.0
2020-03-06,GILD,60.13206046511345,64.18770277134753,59.95642150123507,64.04399871826172,31704700.0
2020-03-09,GILD,62.20778374621289,62.423342881049955,58.351729890197646,58.69502258300781,32839400.0
2020-03-10,GILD,60.2837485378043,60.323662607258996,54.91082020314465,57.752960205078125,27660000.0
2020-03-11,GILD,58.998389128096086,60.17995018409541,58.104230041451906,58.838714599609375,32018600.0
2020-03-12,GILD,56.75978503347404,58.70979314094103,54.6969607984002,55.261016845703125,26364600.0
2020-03-13,GILD,57.96041396505762,58.016818959805654,54.3907677748178,57.00958251953125,30116100.0
2020-03-16,GILD,54.181258424276045,58.66145008848531,51.90087989883337,55.51887130737305,26764600.0
2020-03-17,GILD,56.40523737686826,61.30443661304587,55.59944827148442,60.047401428222656,28823700.0
2020-03-18,GILD,59.31414735602976,64.46314018662142,58.79844272635152,63.99578094482422,34965900.0
2020-03-19,GILD,65.25281447136199,69.27370100284132,63.08523947802798,63.29474639892578,46268200.0
2020-03-20,GILD,64.06022204495052,65.75237762414869,58.153787518066785,59.032100677490234,35110200.0
2020-03-23,GILD,60.67592118590049,60.67592118590049,55.48663745767559,58.50834655761719,19875200.0
2020-03-24,GILD,60.53892103178239,61.102976980094134,58.10544113061645,59.59614944458008,20608100.0
2020-03-25,GILD,59.52365485351057,60.02324026022748,55.87342434140172,56.131282806396484,24138100.0
2020-03-26,GILD,56.324666180743115,59.55588258670596,56.203796571482755,59.51559066772461,18351900.0
2020-03-27,GILD,59.39470786914646,60.74843366734705,57.9442913231559,58.70172882080078,16521600.0
2020-03-30,GILD,60.716211675886065,61.57840582691041,59.53976024583213,61.183570861816406,15929400.0
2020-03-31,GILD,61.19968386423724,61.505887677659906,59.45918248620243,60.24079895019531,12111900.0
2020-04-01,GILD,59.886248904584704,59.94265389872762,58.01681833739809,58.427772521972656,12177600.0
2020-04-02,GILD,57.86371705269817,62.43254621794901,57.517227471342,62.0296516418457,20482100.0
2020-04-03,GILD,62.37613581990204,64.03605936239899,61.53005482430308,63.0207633972168,19421800.0
2020-04-06,GILD,63.850716724557245,64.18109315554081,61.14326527390559,62.63397979736328,19101100.0
2020-04-07,GILD,62.28751910590847,62.593716845210196,58.41972777355115,60.16828918457031,19917900.0
2020-04-08,GILD,60.216627628714775,60.53893837990416,59.28190923675174,60.42612838745117,12215400.0
2020-04-09,GILD,59.9265377748511,60.111865825750726,58.78231257689477,59.233558654785156,12798600.0
2020-04-13,GILD,61.07881909212657,61.239974460581124,59.40277621039301,60.65980529785156,16255600.0
2020-04-14,GILD,61.22385674735256,62.730678386134294,60.708146082441,62.65010070800781,14379300.0
2020-04-15,GILD,61.36891003573668,61.715393499066316,60.00712428468853,60.13604736328125,11397400.0
2020-04-16,GILD,60.30524953133196,62.013524529937364,59.99099229374965,61.67509460449219,20935400.0
2020-04-17,GILD,68.62906174679482,69.12865324254614,65.27698201527609,67.67823028564453,94348500.0
2020-04-20,GILD,66.87243577437097,68.637115872918,64.98689222881356,65.47842407226562,31003600.0
2020-04-21,GILD,64.66458780721113,66.26810670562718,63.06106890879509,63.278629302978516,19989400.0
2020-04-22,GILD,64.12469562782383,65.72015454277056,63.50423460159131,65.51870727539062,13970300.0
2020-04-23,GILD,66.211716268342,67.68631240693766,59.95073507568189,62.67430114746094,65439700.0
2020-04-24,GILD,62.12635205396719,64.58401180895125,61.44143239775855,64.17305755615234,24424200.0
2020-04-27,GILD,64.382568359375,64.78546302226509,63.04495512769122,64.382568359375,14640700.0
2020-04-28,GILD,64.37450525297302,64.51954756965348,62.91602861968044,63.391441345214844,9778200.0
2020-04-29,GILD,67.66212319232541,68.50014473625261,64.50343085976566,66.99331665039062,78230200.0
2020-04-30,GILD,68.8708056940176,69.0319610791242,65.53483881130316,67.68629455566406,39332600.0
2020-05-01,GILD,65.43008043079432,65.59124195903476,62.54535977365306,64.42284393310547,34498100.0
2020-05-04,GILD,65.76852244147204,65.88133244747601,63.81045426913999,64.66458892822266,19203000.0
2020-05-05,GILD,63.92325495190866,64.32614952821312,63.26250809267669,63.7701530456543,14925900.0
2020-05-06,GILD,63.576766828186635,63.94742910916396,62.25527307942101,62.42448806762695,12591900.0
2020-05-07,GILD,62.7709797148606,63.19804700590671,61.892666292789045,62.53730010986328,13491700.0
2020-05-08,GILD,62.65817169646858,63.206108613969036,61.94101977987467,62.44060516357422,10539200.0
2020-05-11,GILD,62.66621158770779,65.2044483196484,62.545348148596496,65.10775756835938,13340500.0
2020-05-12,GILD,64.63233360261982,64.8499000707786,62.77902262993015,62.811248779296875,12140800.0
2020-05-13,GILD,63.899072813458666,63.93935857652283,61.96517790358768,62.09410095214844,11166300.0
2020-05-14,GILD,61.68316509339668,62.69845504876592,61.10299589165218,62.231101989746094,10711900.0
2020-05-15,GILD,61.61869694696341,61.92489460912196,60.79678857575807,61.44948196411133,12350800.0
2020-05-18,GILD,61.610638054645705,61.64287035856827,59.51558748114607,60.24079895019531,16586800.0
2020-05-19,GILD,59.36248783559858,60.31331932064031,58.25856058569735,58.29078674316406,14152000.0
2020-05-20,GILD,58.669499302758524,59.70090831261401,58.588921626554054,59.53975296020508,13429500.0
2020-05-21,GILD,59.20133694977861,59.57199926560802,58.733977711160804,59.22550964355469,7193500.0
2020-05-22,GILD,58.895121788262635,59.217438654625866,58.588924146443155,59.0965690612793,6268500.0
2020-05-26,GILD,59.612281302151956,59.870133572480036,58.347192640279346,58.967647552490234,12308100.0
2020-05-27,GILD,58.32302249639475,60.41807942124071,58.32302249639475,60.353614807128906,11752300.0
2020-05-28,GILD,60.42611239867103,61.37694361752971,60.361653954099,60.69202423095703,10511700.0
2020-05-29,GILD,61.054639313406426,62.94824867583444,60.1199271249393,62.714569091796875,24375100.0
2020-06-01,GILD,60.812910660575895,61.96518943885416,59.9345972537914,60.56311798095703,14665300.0
2020-06-02,GILD,59.92652691106447,60.14408722435032,58.79036153145541,59.032100677490234,16897900.0
2020-06-03,GILD,59.934598699264306,60.07158753599861,59.11269641727716,59.95071792602539,12654500.0
2020-06-04,GILD,59.72509837708814,62.996600597977235,59.58005607357817,62.48089599609375,14740900.0
2020-06-05,GILD,61.8443260192871,62.47284066165169,61.401139464961204,61.84432601928711,11047100.0
2020-06-08,GILD,63.899085291280706,63.9071387568567,61.82820731677478,62.0215950012207,17973400.0
2020-06-09,GILD,62.045755179315854,62.95629456813236,61.79596254780036,62.52116775512695,7804300.0
2020-06-10,GILD,62.69038626404704,63.16579882016391,61.94905571647986,62.10215759277344,7790800.0
2020-06-11,GILD,61.73634346157189,61.9558404980999,59.14299239448622,59.216156005859375,12098200.0
2020-06-12,GILD,59.614508616121235,59.931563319434126,58.460103993679006,59.508819580078125,8375600.0
2020-06-15,GILD,59.557605239409106,60.541288637057136,58.86658869423257,60.13480758666992,6411800.0
2020-06-16,GILD,60.63883682427529,61.50871217914403,59.91530109009828,60.663230895996094,9619700.0
2020-06-17,GILD,60.59007040544348,60.81769882391795,59.87466591846524,59.96409225463867,7534100.0
2020-06-18,GILD,59.66328106720672,60.30552179562273,59.35435773808838,60.191707611083984,5516100.0
2020-06-19,GILD,60.58192942713901,63.411040099080694,60.24048685364501,62.98017120361328,19322700.0
2020-06-22,GILD,62.17535313172324,62.394850201417235,61.004685553596616,61.516849517822266,8943000.0
2020-06-23,GILD,61.516842299651465,61.842028389020385,60.817694378351355,61.01280975341797,7117100.0
2020-06-24,GILD,60.890856743487596,61.82576431011682,60.75265468820022,61.728206634521484,7982000.0
2020-06-25,GILD,61.622524921177,61.68755717034441,60.42746973371104,61.37050247192383,7172900.0
2020-06-26,GILD,61.053446546047596,61.27294976509997,59.939692546646704,60.62257766723633,10389200.0
2020-06-29,GILD,62.21599652693561,62.24038440068861,60.27301735409429,60.61445999145508,8775300.0
2020-06-30,GILD,60.43559488812093,62.72815378808892,60.08602716632204,62.54930114746094,9402600.0
2020-07-01,GILD,62.679374116111795,62.78506315434778,61.703822116816866,61.833892822265625,7786900.0
2020-07-02,GILD,62.03713333041326,62.67124275010817,61.5005815915977,62.06965255737305,6381000.0
2020-07-06,GILD,63.01268705238613,63.134632594214075,61.84201977469049,62.4029655456543,7056600.0
2020-07-07,GILD,62.18346349007811,62.56555663381094,62.03713007763593,62.126556396484375,5055700.0
2020-07-08,GILD,62.354185174694685,62.59807626448056,60.915245111700585,61.46805953979492,6293500.0
2020-07-09,GILD,61.06158286490781,61.65504171520653,60.11854386661327,60.73639678955078,5199800.0
2020-07-10,GILD,61.86640874550818,62.47613026310992,61.39488928331825,62.04526138305664,9553800.0
2020-07-13,GILD,62.20784425640961,63.68743472333623,61.744456203647076,62.337921142578125,9626600.0
2020-07-14,GILD,61.9558501412306,62.88262657732353,61.3298719598873,62.75255584716797,6904200.0
2020-07-15,GILD,62.5899416963184,62.833832773591375,61.980220205543695,62.31353759765625,6018800.0
2020-07-16,GILD,62.2728968782314,62.39484243617798,61.48432263290668,62.305416107177734,4862200.0
2020-07-17,GILD,62.21598217727519,63.126501869308655,61.95583457989534,63.01268768310547,6940100.0
2020-07-20,GILD,63.207806666867306,64.17523360255227,62.82571346697798,63.4760856628418,6974400.0
2020-07-21,GILD,62.88261189525324,63.40290709921406,62.2728903716359,62.41922378540039,5636600.0
2020-07-22,GILD,62.49238472067957,62.801308015917165,61.75258639990619,61.988346099853516,4734800.0
2020-07-23,GILD,62.134681620397835,62.43547977250762,61.272943944633866,61.42740249633789,5854400.0
2020-07-24,GILD,61.35423011686332,61.500563493916864,59.443771062624556,59.86650848388672,8149000.0
2020-07-27,GILD,60.06975240467128,60.63882323580224,59.60636438434838,60.59817886352539,7678500.0
2020-07-28,GILD,60.70388127133995,61.00467949484823,59.84214339103093,59.939701080322266,5484400.0
2020-07-29,GILD,60.03724764967187,60.03724764967187,58.96413796499904,59.35436248779297,8345200.0
2020-07-30,GILD,58.98040065191284,59.02104503396261,58.2975092879479,58.80154800415039,9274100.0
2020-07-31,GILD,56.68783795882326,57.582094838989164,55.70414856799275,56.52524185180664,20551100.0
2020-08-03,GILD,56.67972226050498,58.65522053903064,56.590295927543856,58.313777923583984,9671800.0
2020-08-04,GILD,58.549525592862025,58.7852853376142,57.28943810493495,57.62274932861328,9799700.0
2020-08-05,GILD,57.42764054809232,57.565842612423815,56.078126727287035,56.094383239746094,12271400.0
2020-08-06,GILD,56.110639809899986,56.60654717292496,55.78545994111702,55.939918518066406,8318000.0
2020-08-07,GILD,56.387041420881836,56.68783957563628,55.93990986684245,56.378910064697266,8069000.0
2020-08-10,GILD,56.216336410096396,56.2976313882257,55.24890942385267,55.696041107177734,10278000.0
2020-08-11,GILD,55.64724832939389,56.24071333882685,55.21637944698752,55.36271286010742,10236900.0
2020-08-12,GILD,55.84235891643701,56.183801450443276,55.590336491654504,55.964298248291016,9116600.0
2020-08-13,GILD,56.06999421959122,56.24884686501389,55.273288672456154,55.42775344848633,7468100.0
2020-08-14,GILD,55.35459070857853,55.94805581670426,55.28142709105555,55.68790817260742,9169200.0
2020-08-17,GILD,55.541571438035106,56.37892142393888,55.53344008021223,56.216331481933594,6848800.0
2020-08-18,GILD,56.28137387138789,56.70411147157835,56.07813332847901,56.143165588378906,6327500.0
2020-08-19,GILD,53.80996171735866,54.85055218074779,53.24901590095954,53.41160583496094,19680300.0
2020-08-20,GILD,53.52541662104249,53.78557042273303,53.289663092474456,53.696144104003906,8339300.0
2020-08-21,GILD,53.47664370659662,54.36277558374756,53.17585171173201,54.06197738647461,9898000.0
2020-08-24,GILD,53.94816366639998,54.43593966977189,53.289666371968316,53.72053527832031,8566200.0
2020-08-25,GILD,53.582329916968305,53.85060267074765,53.419733790911714,53.696144104003906,7456600.0
2020-08-26,GILD,53.5579430408798,53.5579430408798,52.97261551567102,53.33031463623047,7522600.0
2020-08-27,GILD,53.32218206329532,53.53355394954313,53.10268502164435,53.289669036865234,7919600.0
2020-08-28,GILD,53.02139007290543,53.45225900098424,52.82628090219985,53.05390930175781,6821000.0
2020-08-31,GILD,53.216495038798925,54.379031018178715,53.183975812515996,54.26521682739258,9083900.0
2020-09-01,GILD,53.92377303845874,54.03758722667712,52.76936844229628,53.51729202270508,8348000.0
2020-09-02,GILD,53.10268189241543,54.43593918419642,53.10268189241543,54.29773712158203,8334700.0
2020-09-03,GILD,54.313993506698445,54.81803221920488,53.23275867549578,53.582332611083984,10457400.0
2020-09-04,GILD,53.427864083534736,54.41967872429496,53.31404989876631,53.66362380981445,8762200.0
2020-09-08,GILD,52.94008852805235,53.14332903133546,51.98892136006131,52.14338302612305,10729400.0
2020-09-09,GILD,52.257206952071705,52.90757916476474,51.712523790326514,52.444190979003906,9309700.0
2020-09-10,GILD,52.59050929164733,52.8750447269644,51.663730085463904,51.84258270263672,8420600.0
2020-09-11,GILD,52.330369248266045,53.582331546131456,52.20842370061787,53.31405258178711,10213000.0
2020-09-14,GILD,52.93616810924778,55.794914724286734,52.82937170839657,54.49697494506836,18854200.0
2020-09-15,GILD,55.072015859672184,55.14594604582881,54.15195607177985,54.3819694519043,8327700.0
2020-09-16,GILD,54.48055444404301,54.66949760549346,53.89730438441051,53.9301643371582,7563600.0
2020-09-17,GILD,53.24833908210518,53.839805748566626,52.903318949134565,53.4290657043457,8498300.0
2020-09-18,GILD,53.35511430369998,53.535840875356676,52.61578744495013,53.4372673034668,14256900.0
2020-09-21,GILD,53.240113430465925,53.37155323051053,52.131116754016695,52.74722671508789,8575200.0
2020-09-22,GILD,52.64043953249381,53.051179529593675,51.99146958498862,52.08183288574219,7228200.0
2020-09-23,GILD,52.172183728012385,52.64043012401778,51.75323038467736,51.82716369628906,8520200.0
2020-09-24,GILD,51.506785842553796,51.62179251708278,50.64423264988958,51.13711929321289,9004600.0
2020-09-25,GILD,51.013896065533636,51.350702669667164,50.74280935181487,51.13711929321289,7142800.0
2020-09-28,GILD,51.70394201133161,52.09003855392317,51.35892196929433,51.630008697509766,7474700.0
2020-09-29,GILD,51.720381710329825,51.777885061482316,50.89068826248839,51.01390838623047,8657900.0
2020-09-30,GILD,51.219273731868086,52.10647358382427,51.022120298342706,51.90931701660156,10072600.0
2020-10-01,GILD,52.02432983610986,52.336489979439236,51.515009980514,52.01611328125,8356500.0
2020-10-02,GILD,51.99968054506292,52.44328047302348,51.05498047666248,51.071407318115234,7796600.0
2020-10-05,GILD,52.33648756468222,52.64864769360883,51.83538428706667,52.246124267578125,10193900.0
2020-10-06,GILD,52.402216414519245,52.402216414519245,51.2192830630692,51.35893630981445,8398100.0
2020-10-07,GILD,51.53143617435304,51.89288621922018,51.1699861294859,51.62179946899414,6351400.0
2020-10-08,GILD,52.02432983610986,52.615796438119226,51.76966990831193,52.01611328125,6434900.0
2020-10-09,GILD,53.07582691485976,53.14154682350886,52.34471016647603,52.44328689575195,9364500.0
2020-10-12,GILD,52.63221810114706,53.38797812161257,52.20504816769809,53.02653121948242,7750200.0
2020-10-13,GILD,53.02653075790035,53.3879776568842,52.574714299927614,52.977237701416016,6450200.0
2020-10-14,GILD,52.91152459304297,53.059384961769666,52.114684935103995,52.61579132080078,7138900.0
2020-10-15,GILD,52.14755268829852,52.2050560405407,51.465725882985076,51.72038269042969,9630700.0
2020-10-16,GILD,51.260348287564064,51.63822829886903,50.79210498362156,50.93175506591797,12307200.0
2020-10-19,GILD,50.93176245312558,51.01390920360317,49.46131243021403,49.75704574584961,9643600.0
2020-10-20,GILD,49.773468164011966,50.02812806573572,49.1737882022404,49.74060821533203,9208000.0
2020-10-21,GILD,49.48595405529222,49.699537465573634,49.206650744187385,49.461307525634766,7493700.0
2020-10-22,GILD,49.22308518773104,50.02813842866397,49.00128832244096,49.839195251464844,17061800.0
2020-10-23,GILD,52.06541216128344,52.27899561889998,49.91313193778068,49.93777847290039,30965400.0
2020-10-26,GILD,49.58453273335726,49.85561950072902,48.795912694479,49.25593948364258,10256300.0
2020-10-27,GILD,49.13271883969915,49.46130895220142,48.82876899017031,49.29701232910156,7699900.0
2020-10-28,GILD,48.72197028755144,48.93555366646296,47.695120490733444,48.23729705810547,12150800.0
2020-10-29,GILD,47.48154252098739,48.37695583026301,46.857219111020626,48.08122253417969,12529400.0
2020-10-30,GILD,47.47333253942428,48.12230252688109,46.97222921072212,47.769065856933594,11869100.0
2020-11-02,GILD,48.28659253049339,48.59054238129983,47.5061890514593,48.08122253417969,9352600.0
2020-11-03,GILD,48.3194506819111,48.787694005366724,47.97443060513215,48.327667236328125,6599700.0
2020-11-04,GILD,48.787700595185704,50.26636408654414,48.77127061782977,49.182010650634766,12935200.0
2020-11-05,GILD,49.568098007803904,49.67489127378269,48.63161140965949,48.98484802246094,7519800.0
2020-11-06,GILD,48.81233513772673,48.87805503522605,48.237301703093586,48.524818420410156,7209800.0
2020-11-09,GILD,48.795912208042864,49.59274566005667,48.459105540606735,48.508392333984375,10807100.0
2020-11-10,GILD,48.00728451838125,50.47994078721472,47.793701121915504,49.79811096191406,10524400.0
2020-11-11,GILD,50.05277872392064,50.20885880225449,48.92735195473989,49.370948791503906,7336400.0
2020-11-12,GILD,49.206648805531415,49.28058212419624,48.40159572064895,49.27236557006836,9226200.0
2020-11-13,GILD,49.25593857036472,50.09384852127334,49.09985850317781,49.77347183227539,6740800.0
2020-11-16,GILD,49.502381848444486,50.356721773388855,49.49416842753234,50.18421173095703,6969300.0
2020-11-17,GILD,49.94597910662592,50.151349089082196,49.59274248610536,50.08563232421875,5488400.0
2020-11-18,GILD,50.143143914728235,50.636030700200386,49.74883385961096,50.02813720703125,8884200.0
2020-11-19,GILD,49.69954216712678,50.07742223151667,49.20665539911367,49.80633544921875,7525100.0
2020-11-20,GILD,48.96020529229016,49.50238195083837,48.86162857265342,49.3791618347168,9440800.0
2020-11-23,GILD,49.34630721403431,49.52703383097176,48.77127054225879,49.19844055175781,8684000.0
2020-11-24,GILD,48.98484308192872,50.093839597627685,48.95198313668066,49.49415969848633,7827300.0
2020-11-25,GILD,49.43666603089948,49.65024944939484,48.85341599029919,48.87805938720703,8336100.0
2020-11-27,GILD,48.9930617492837,49.338084943951834,48.69732847776734,49.313438415527344,5040700.0
2020-11-30,GILD,49.09164849948241,49.937775117924694,48.99307176672039,49.839195251464844,16315700.0
2020-12-01,GILD,49.962415108054564,50.915331816250735,49.9459851314325,50.208858489990234,9620100.0
2020-12-02,GILD,50.16778160678405,50.824964957218036,50.07741830853111,50.217071533203125,6470300.0
2020-12-03,GILD,50.151353662858064,50.54566368909129,49.74061366048626,49.99527359008789,7368900.0
2020-12-04,GILD,49.9624196590986,50.66067649380302,49.863842924084565,50.570316314697266,7232300.0
2020-12-07,GILD,50.66066698026862,50.6853135096672,49.625603622750404,49.97062683105469,7405100.0
2020-12-08,GILD,49.748823602080385,50.31564360187256,49.72417707430012,50.24992370605469,6185000.0
2020-12-09,GILD,50.249922863587315,50.43886599404742,49.67488945330721,49.962406158447266,7231600.0
2020-12-10,GILD,49.830972558075466,50.028129120615105,49.39558919682604,49.65846252441406,7239500.0
2020-12-11,GILD,49.46951969859855,49.95419295630332,49.362726436067796,49.913116455078125,7845100.0
2020-12-14,GILD,50.17066458705756,50.19558690382086,49.638967368337646,49.71373748779297,12233000.0
2020-12-15,GILD,49.697125992469594,49.904820435156,49.24019885239264,49.37312316894531,8073900.0
2020-12-16,GILD,49.273423950265524,49.40634824854526,48.75833952141196,48.966033935546875,8786400.0
2020-12-17,GILD,48.957723474674694,49.24849436257292,48.691874900263464,49.074031829833984,9469000.0
2020-12-18,GILD,49.165416729615664,49.165416729615664,48.62541004272946,49.082340240478516,22195800.0
2020-12-21,GILD,48.55896171532,48.69188603291673,47.935878382366795,48.633731842041016,12141900.0
2020-12-22,GILD,48.367885740406464,48.450962254818904,47.196489139862116,47.35433578491211,14964000.0
2020-12-23,GILD,47.27124817703336,47.86940591259411,47.27124817703336,47.670021057128906,8495900.0
2020-12-24,GILD,47.62847952850343,47.694940086024936,47.321089546326135,47.4124755859375,3441300.0
2020-12-28,GILD,47.38756501635628,47.88603041337187,47.10510044626992,47.26294708251953,8215000.0
2020-12-29,GILD,47.321087787361456,47.910939078535996,47.11339340293396,47.21308898925781,7626000.0
2020-12-30,GILD,47.35432759043526,47.55371562735405,46.9887865534437,47.06355667114258,8848800.0
2020-12-31,GILD,47.02201692201045,48.484187460238346,46.98878822231493,48.40110778808594,10870500.0
2021-01-04,GILD,48.74172736989962,49.979587568623174,48.12695363109193,49.93804931640625,15520000.0
2021-01-05,GILD,50.037735270080645,50.2205073591443,49.530960418887844,49.846656799316406,13251100.0
2021-01-06,GILD,49.597421461316245,51.57467296123535,49.597421461316245,51.466670989990234,12222500.0
2021-01-07,GILD,51.42514239224408,52.538384669365044,51.10944596970261,51.940223693847656,10614700.0
2021-01-08,GILD,52.01499962963777,52.67962124940717,51.93191994643793,52.37223434448242,8389800.0
2021-01-11,GILD,52.96208107821619,53.319315760982896,51.73253039975904,51.931915283203125,11316700.0
2021-01-12,GILD,52.05652973884642,52.16453172551898,51.06790543225027,51.57468032836914,9115100.0
2021-01-13,GILD,51.358673395959215,51.63283153806327,51.042977005732936,51.12605667114258,6822600.0
2021-01-14,GILD,51.20914509735694,52.447005462435484,51.05960483394702,51.840538024902344,8694800.0
2021-01-15,GILD,51.7574446394482,52.8374549021684,51.616213966482796,52.6131477355957,9361900.0
2021-01-19,GILD,53.77625118907624,56.62581937112367,53.66824601571976,55.72026824951172,18395900.0
2021-01-20,GILD,55.66210522595027,56.567649865585615,55.4128693836361,56.48457336425781,10131300.0
2021-01-21,GILD,56.276871319556484,56.276871319556484,55.313172625683265,55.645484924316406,8141800.0
2021-01-22,GILD,55.27163702615906,56.052570059353066,55.03071074276239,55.61225891113281,4914400.0
2021-01-25,GILD,55.42117729799712,56.70888521469384,55.16363824999001,56.62580871582031,8443900.0
2021-01-26,GILD,56.26026527944277,56.80857525012489,55.29656013208599,55.41286849975586,7125200.0
2021-01-27,GILD,54.62362968309701,55.59563799808363,54.06701018699326,54.399322509765625,9908200.0
2021-01-28,GILD,54.208242261466715,55.03071036932194,53.169770187492254,53.73469924926758,8086400.0
2021-01-29,GILD,53.33592949466915,55.02241366654505,53.203008349405145,54.499019622802734,11724100.0
2021-02-01,GILD,54.85625702910651,55.05564192604377,54.05040155030675,54.08363342285156,6270200.0
2021-02-02,GILD,54.07531534338864,54.80640374743125,53.34423327767663,54.10854721069336,7749300.0
2021-02-03,GILD,54.17500321609838,54.57377922853061,53.59346146706147,53.60176467895508,6421700.0
2021-02-04,GILD,53.90915721788368,54.82301129768948,53.53530983834085,54.69009017944336,7400400.0
2021-02-05,GILD,55.86980168087399,57.622743177481645,55.42118095138696,56.87504196166992,15068200.0
2021-02-08,GILD,56.90827151731671,57.124275490509206,55.919644042253694,56.467960357666016,9599200.0
2021-02-09,GILD,56.30179513909106,56.35994931753303,55.53748126861668,55.91133499145508,6620400.0
2021-02-10,GILD,55.87810426644573,56.75872651176342,55.74517680539314,55.90302658081055,7667900.0
2021-02-11,GILD,55.828262662063835,55.828262662063835,54.872873313428165,55.595645904541016,6029100.0
2021-02-12,GILD,55.47933461718149,55.88641392150459,55.13040949919026,55.57072067260742,3977700.0
2021-02-16,GILD,55.171952847696346,55.32979630849408,53.60177708521632,53.83440017700195,9757000.0
2021-02-17,GILD,53.44393730677585,54.116865295396366,53.036854791016424,54.08363342285156,7725400.0
2021-02-18,GILD,53.884245084178986,54.38271046384959,53.443933893164434,54.19163513183594,6144600.0
2021-02-19,GILD,54.06700894139848,54.18331730093974,53.39407476024663,53.47715759277344,6054600.0
2021-02-22,GILD,53.111617752396135,53.56023846371358,52.779305410124245,53.26115798950195,6597700.0
2021-02-23,GILD,53.04515754426644,53.30270295427993,52.15622561410716,52.903926849365234,8714600.0
2021-02-24,GILD,52.80422589752461,53.36084854276764,52.181142691617296,52.92884063720703,6533100.0
2021-02-25,GILD,52.978685711947584,53.14484185881694,51.931904205086084,52.16452407836914,7685300.0
2021-02-26,GILD,52.15622127262024,52.16453082407897,51.001440814752215,51.00975036621094,10396300.0
2021-03-01,GILD,51.308820675161066,52.031599433652566,51.2174378057237,51.89036560058594,7328800.0
2021-03-02,GILD,51.92360246676095,52.82915022054787,51.79898455317465,52.34729766845703,6844200.0
2021-03-03,GILD,52.16453374925058,52.60484492629433,51.64944928154661,52.13130187988281,7081300.0
2021-03-04,GILD,52.17282903236142,53.6183833506662,51.9485187155987,52.53006362915039,15847200.0
2021-03-05,GILD,52.68792687512937,53.79286287704668,52.588234425889695,53.68486404418945,9761400.0
2021-03-08,GILD,53.593465641802126,55.37963877916588,53.13653541887296,53.792850494384766,10646900.0
2021-03-09,GILD,54.42424176110789,55.37963725842329,53.39407298467094,53.44392395019531,8973300.0
2021-03-10,GILD,53.734704273075764,53.834399883297124,52.837462796076885,53.09500503540039,7595500.0
2021-03-11,GILD,52.762686224549874,53.2030005263002,52.34729740689137,52.413761138916016,9940600.0
2021-03-12,GILD,52.50619078808262,52.59021285272802,51.66595732068338,51.72477340698242,11561100.0
2021-03-15,GILD,52.388553543397784,53.077544705694265,51.985241878046395,52.99352264404297,8780200.0
2021-03-16,GILD,53.13635659799982,53.942976611176505,53.060735470946426,53.7833366394043,7375800.0
2021-03-17,GILD,53.74972048849582,54.312675211356755,53.312798826383336,54.12782287597656,7853700.0
2021-03-18,GILD,53.45565324808809,54.59837450212508,53.45565324808809,53.8421630859375,7442600.0
2021-03-19,GILD,53.99340530031135,54.321095845162574,53.43044720114829,54.16144943237305,15230300.0
2021-03-22,GILD,53.81695536032199,55.16973173579483,53.657308952510746,55.06049728393555,6769200.0
2021-03-23,GILD,54.90084606393912,55.00167637747756,54.01020073100145,54.19505310058594,6572100.0
2021-03-24,GILD,54.077423446762715,54.66558427682098,53.774938902597825,54.06901931762695,7472800.0
2021-03-25,GILD,54.430326386699996,54.514348456584976,53.388438617085576,53.766544342041016,7391000.0
2021-03-26,GILD,53.8001554418209,54.858851554246,53.69092738350087,54.816837310791016,6017100.0
2021-03-29,GILD,54.61517895591988,55.82511727952548,54.51434862546173,55.61505889892578,7902600.0
2021-03-30,GILD,55.86712293902888,55.86712293902888,54.72440488012116,55.03529357910156,5608100.0
2021-03-31,GILD,54.90085580891599,54.90085580891599,54.161452609804925,54.304290771484375,8817200.0
2021-04-01,GILD,55.2453444934468,56.16119579661582,54.9764700694413,55.82510757446289,10514200.0
2021-04-05,GILD,55.62344526680445,55.892319682680416,55.06049046020037,55.7410774230957,6071200.0
2021-04-06,GILD,55.455409860199964,55.88393073132479,55.26215333856399,55.64866638183594,5708300.0
2021-04-07,GILD,55.522638685315464,55.732697088564564,54.800037265300666,55.11932373046875,5188700.0
2021-04-08,GILD,55.5394307621386,55.66546706400067,54.47233708204797,54.63197708129883,6778500.0
2021-04-09,GILD,54.46392737600343,54.82522798542974,53.97659047761968,54.70759582519531,5848300.0
2021-04-12,GILD,54.66557886813148,54.707593099181096,54.069013967962434,54.329490661621094,4909100.0
2021-04-13,GILD,54.153038488514845,54.80002177753477,53.90097232213995,54.522743225097656,6143400.0
2021-04-14,GILD,54.589966154203395,55.59824369089542,54.472333988605065,54.867244720458984,5654100.0
2021-04-15,GILD,54.36310029808118,55.77469271537509,54.36310029808118,55.262149810791016,5635000.0
2021-04-16,GILD,55.47220925418916,56.371258784502054,55.33777523634784,56.1864128112793,7715600.0
2021-04-19,GILD,56.04356617405612,56.29563876255495,55.110906571271535,55.41339111328125,7204100.0
2021-04-20,GILD,55.28736580142478,55.96795287199084,54.875646778798604,55.774696350097656,4989400.0
2021-04-21,GILD,55.909131863591,56.220020533021696,55.77469144098134,56.11919021606445,5581000.0
2021-04-22,GILD,55.8587268845602,55.88393286432854,55.06050119921572,55.15292739868164,6488700.0
2021-04-23,GILD,55.03528787039351,55.20333198672495,54.51434085301066,55.01848602294922,5463300.0
2021-04-26,GILD,54.99328072928204,55.35458139542124,54.64878832322724,55.25375747680664,6868400.0
2021-04-27,GILD,55.404986707619905,55.45539865504636,54.29587899093784,54.337886810302734,7278300.0
2021-04-28,GILD,54.3547040538896,54.36310177286826,53.65730875031039,54.14464569091797,7861300.0
2021-04-29,GILD,54.30428491120748,54.30428491120748,53.21198528565632,53.6405029296875,9238800.0
2021-04-30,GILD,52.480971483884986,53.85895359184702,52.05245390845218,53.32960891723633,12993900.0
2021-05-03,GILD,53.70771452001652,55.371379383738756,53.58168143989179,55.287357330322266,9500200.0
2021-05-04,GILD,55.27896370799634,55.98475678340192,54.92606717029356,55.15292739868164,9933300.0
2021-05-05,GILD,55.23695061134361,56.295646656837505,55.05209820858576,55.883934020996094,6911200.0
2021-05-06,GILD,55.489017190800105,56.02676607998817,54.732805812106754,55.90913391113281,7478800.0
2021-05-07,GILD,55.85031782670513,56.74936735179821,55.70747968030539,55.90913391113281,5849300.0
2021-05-10,GILD,56.2620343411066,57.471972631390464,56.10238792489613,56.69895935058594,8646700.0
2021-05-11,GILD,56.35446676137541,57.20310448426346,56.1107982504284,56.48050308227539,6412000.0
2021-05-12,GILD,56.08558334500271,57.09386093083621,56.05197323741192,56.673744201660156,8286300.0
2021-05-13,GILD,56.925819683792554,57.959309710468,56.665349349874866,57.90049362182617,7186800.0
2021-05-14,GILD,57.90050014439178,58.12736039457411,57.46357508485555,57.581207275390625,7079200.0
2021-05-17,GILD,57.53918511784965,58.52225664136576,57.513972731462665,58.03491973876953,6214100.0
2021-05-18,GILD,58.32061372945731,58.70712039284881,57.808070751585845,57.85007858276367,5885200.0
2021-05-19,GILD,57.312331250409876,57.61481584955592,56.757780425624425,57.555999755859375,6174100.0
2021-05-20,GILD,57.69043066747027,58.79953854416214,57.446762202302885,58.27018737792969,6540900.0
2021-05-21,GILD,58.623075968566006,58.908758631068366,57.73243069991511,57.76604080200195,6478700.0
2021-05-24,GILD,58.06013265943304,58.177764834754605,56.614930036370595,56.656944274902344,7005100.0
2021-05-25,GILD,56.54771595193846,56.631738018116934,55.455409860199964,55.64866638183594,9357400.0
2021-05-26,GILD,55.615047199314624,55.79149543264259,55.07729837094226,55.749481201171875,5932600.0
2021-05-27,GILD,55.9343346664681,56.40486329795949,55.29575551624991,55.37137985229492,8047700.0
2021-05-28,GILD,55.49741672340317,56.035165568050616,55.28735838063552,55.547828674316406,5937700.0
2021-06-01,GILD,55.82510834953773,55.91753453505461,54.716000533807204,54.8840446472168,6573100.0
2021-06-02,GILD,55.110905149663154,55.74948432304149,55.06889732631176,55.48060989379883,6572700.0
2021-06-03,GILD,55.421797702041324,55.959546598264026,55.27895955377303,55.85872268676758,6755400.0
2021-06-04,GILD,56.119195356154385,56.77457645022391,55.90913698444118,56.656944274902344,6342900.0
2021-06-07,GILD,56.8081792607751,57.10225966129834,56.388062571321335,56.64853286743164,7863300.0
2021-06-08,GILD,56.66535077999096,56.80818894022993,56.287241848774045,56.72416687011719,5489200.0
2021-06-09,GILD,56.77457602657795,58.135756572892674,56.7325617883597,57.682029724121094,8434200.0
2021-06-10,GILD,57.96769975778008,58.57266882401152,57.53078121576405,58.21977233886719,8678400.0
2021-06-11,GILD,58.09374469577014,58.18617089522856,57.68203206848363,57.78285598754883,6928000.0
2021-06-14,GILD,57.74039745680793,58.01207675374717,57.281937428720695,57.859256744384766,5319500.0
2021-06-15,GILD,58.139442221161666,58.156419347580844,57.51117842875345,57.808326721191406,6454200.0
2021-06-16,GILD,57.91869042246348,58.86956478931071,57.04422282694683,57.163082122802734,12938700.0
2021-06-17,GILD,57.15460455598238,57.290447486416525,56.44993392838701,57.069705963134766,7015500.0
2021-06-18,GILD,56.882912561710356,57.03573258589536,55.94052349212718,56.55180358886719,11464500.0
2021-06-21,GILD,56.874432672045074,57.366853572805,56.687651883663904,57.18007278442383,5310400.0
2021-06-22,GILD,57.086674621971945,57.392314692759705,56.69613597093126,56.92536926269531,4796800.0
2021-06-23,GILD,57.06120689460385,57.09516762288791,56.50935639534453,56.58576965332031,4246800.0
2021-06-24,GILD,56.68763969716344,57.93566880818875,56.58576399983629,57.03573226928711,5054000.0
2021-06-25,GILD,57.001770564675,57.7319099439181,56.781029095350235,57.630027770996094,8078100.0
2021-06-28,GILD,57.98661541458767,58.27527187149429,57.43476494876159,57.477210998535156,6580300.0
2021-06-29,GILD,57.45174006278997,57.75738011078772,57.30741183938715,57.672481536865234,4348100.0
2021-06-30,GILD,57.97812617157591,58.529976661748556,57.740407554848375,58.46205520629883,6010400.0
2021-07-01,GILD,58.36865558927391,58.903522392283975,58.07999916530369,58.6912727355957,5463800.0
2021-07-02,GILD,58.81863346279831,58.9629616984323,58.275274770832006,58.83561706542969,3969000.0
2021-07-06,GILD,58.56394235086668,58.63185733472349,57.71494351785952,58.080013275146484,6169600.0
2021-07-07,GILD,58.07151260529874,58.09698153002417,57.56211467875191,58.03755187988281,6092500.0
2021-07-08,GILD,57.78285250191014,58.00359398922878,57.23949382339226,57.468727111816406,4982600.0
2021-07-09,GILD,57.38381642550112,58.08000154622964,57.264957131070815,57.9186897277832,6419600.0
2021-07-12,GILD,57.92718659582414,58.63185062378119,57.51966435259258,57.791343688964844,7322400.0
2021-07-13,GILD,57.58757839510521,58.17338304284663,57.58757839510521,57.74039840698242,4518400.0
2021-07-14,GILD,57.79134083582591,57.825301560864105,57.247982189906814,57.672481536865234,5949800.0
2021-07-15,GILD,57.61304135343087,58.06300954255937,57.1970338831312,57.986602783203125,6126700.0
2021-07-16,GILD,58.063022970521224,58.5554437914018,58.02906224383846,58.266780853271484,5965500.0
2021-07-19,GILD,58.24979072997568,58.64032928365804,57.451730024386364,57.92717361450195,6054400.0
2021-07-20,GILD,58.00359261631404,59.2346381762734,57.96114008913769,58.71675491333008,9332500.0
2021-07-21,GILD,58.53846694490494,58.59789660412156,57.7404124464742,58.080013275146484,5816400.0
2021-07-22,GILD,57.74040521857841,58.41960031355483,57.57909338774888,58.28376388549805,2901500.0
2021-07-23,GILD,58.479041064511264,58.8695797756489,58.27528314508021,58.597900390625,3524200.0
2021-07-26,GILD,58.52996414661408,58.83560415343805,58.13093377785249,58.36865234375,4314300.0
2021-07-27,GILD,58.18187220023351,58.62335509331416,57.97811435276677,58.5214729309082,5813000.0
2021-07-28,GILD,58.496015040140904,59.55726347527646,58.35168680752561,59.48085021972656,7097200.0
2021-07-29,GILD,59.642161411893554,59.769512518206724,59.23463916716069,59.28558349609375,7597500.0
2021-07-30,GILD,58.32619730143051,58.58089945521722,57.731900912387985,57.978111267089844,9619700.0
2021-08-02,GILD,58.02057237717643,58.28376639840586,57.58758767156515,58.0290641784668,4242800.0
2021-08-03,GILD,58.28376472502788,59.294068819793985,57.91020320713494,59.28558349609375,5128400.0
2021-08-04,GILD,58.9969214714784,59.42142084754068,58.60638282278268,58.784671783447266,6846300.0
2021-08-05,GILD,58.7846727348821,58.86108599203021,58.16490726311422,58.83561706542969,5532300.0
2021-08-06,GILD,58.69976692836775,58.78466549903479,58.30073652115239,58.394126892089844,3857900.0
2021-08-09,GILD,58.394131114412914,58.81013867490379,57.82530352473309,58.12245178222656,5160100.0
2021-08-10,GILD,57.952656633679204,58.81014070963557,57.68946261592502,58.784671783447266,5928200.0
2021-08-11,GILD,58.89504721516878,60.151561771901385,58.886555413781686,59.294071197509766,9529700.0
2021-08-12,GILD,59.64216177901385,60.27891083715278,59.20917060582238,60.17702865600586,5907000.0
2021-08-13,GILD,60.17702407426483,60.61001521448934,60.07514837822086,60.41474914550781,4361800.0
2021-08-16,GILD,60.508129509059565,61.00055026901428,60.321355251432905,60.881690979003906,8874400.0
2021-08-17,GILD,60.50812580143217,62.05330295423207,60.287390834850115,62.00236511230469,9000100.0
2021-08-18,GILD,61.654279090996994,62.26555262643291,61.04299907821596,61.093936920166016,8135300.0
2021-08-19,GILD,60.79680231998953,61.408082469579576,60.711903738623484,60.847740173339844,5209500.0
2021-08-20,GILD,60.847736024079516,61.88351548721566,60.652469947987626,61.501468658447266,5646500.0
2021-08-23,GILD,61.70522757928675,62.01086763841101,61.51844682345012,61.5948600769043,5356200.0
2021-08-24,GILD,61.66277373185668,61.71371805885079,61.03451650259552,61.34015655517578,4177200.0
2021-08-25,GILD,61.0854486453634,61.09394044529343,60.21098109559009,60.62699508666992,4988900.0
2021-08-26,GILD,60.73736467461929,61.433543313985304,60.39776391648682,60.64397430419922,6566900.0
2021-08-27,GILD,60.54210482343823,61.50996297670826,60.41476018012406,60.51663589477539,5493100.0
2021-08-30,GILD,60.53361756875036,61.297711313661516,60.406266452149545,61.13640594482422,4494100.0
2021-08-31,GILD,61.28921308924842,61.83257169352315,60.992058387275414,61.79011917114258,7564600.0
2021-09-01,GILD,61.705230722106904,61.739191450111115,60.576060806016386,61.01754379272461,5970700.0
2021-09-02,GILD,61.13640408093943,61.45052948465148,60.62700610741321,61.416568756103516,6774200.0
2021-09-03,GILD,61.263740522241356,61.44202944641164,60.915647995995734,61.093936920166016,4174400.0
2021-09-07,GILD,60.34683331221956,60.533614075475754,59.710084243307875,60.440223693847656,6775400.0
2021-09-08,GILD,60.44022672594945,61.05150689914616,60.38079706896348,61.026031494140625,4510000.0
2021-09-09,GILD,60.82226732120799,60.856228047031905,59.92233075758579,59.94779968261719,7013600.0
2021-09-10,GILD,60.26193856472444,60.65247724121512,59.642166581531406,60.270423889160156,5089700.0
2021-09-13,GILD,60.48266822130957,61.04301049695851,60.12609030626732,60.4062614440918,11048100.0
2021-09-14,GILD,60.68924696545829,60.946516432211965,60.12326329828826,60.41482925415039,5490000.0
2021-09-15,GILD,60.52631062959561,62.164239365473435,60.38909851421644,61.53822708129883,7723700.0
2021-09-16,GILD,61.57253563159184,61.623986908155985,60.72355031247738,61.16948318481445,5306700.0
2021-09-17,GILD,60.74071029580495,61.53823786394523,60.40626388425918,61.409603118896484,10888000.0
2021-09-20,GILD,60.8264700969434,61.67544902260994,60.31193761298294,60.852195739746094,9594900.0
2021-09-21,GILD,61.1266041812227,61.79549696265419,60.98082119914343,61.512508392333984,5896000.0
2021-09-22,GILD,61.804072413571106,61.898404114923856,60.95509364403065,61.21235656738281,6557000.0
2021-09-23,GILD,61.298101598373805,61.838359486357874,61.143741267145124,61.478187561035156,5263500.0
2021-09-24,GILD,61.42674730567457,61.6325655012052,61.04084963866497,61.0494270324707,5023400.0
2021-09-27,GILD,60.980817995492636,61.13517836330087,60.27762221828495,60.380531311035156,5560500.0
2021-09-28,GILD,60.02892616682739,60.71497365435891,59.74593108752311,60.00320053100586,6392300.0
2021-09-29,GILD,60.16615577911273,61.22952380566852,59.98606319071942,60.83504867553711,5436800.0
2021-09-30,GILD,61.066564357080736,61.37528505253452,59.85741375208116,59.90028762817383,6049400.0
2021-10-01,GILD,58.82835134088509,59.52297628034322,58.00509821137386,58.79404830932617,9343700.0
2021-10-04,GILD,58.48533219774015,59.19710543800592,57.713536825787656,57.93649673461914,7560200.0
2021-10-05,GILD,57.84216358817029,58.42530207106993,57.66207756968234,57.79928970336914,7236700.0
2021-10-06,GILD,57.790705951930164,58.06512364648106,57.35335050220926,57.867889404296875,6398600.0
2021-10-07,GILD,57.88503306257604,58.58822875807533,57.5848897552227,58.433868408203125,5349400.0
2021-10-08,GILD,58.356712341308594,58.665433151284205,58.15947150168805,58.356712341308594,4259000.0
2021-10-11,GILD,58.51105813000792,58.69971498441181,58.18518261052988,58.382423400878906,3315600.0
2021-10-12,GILD,58.47675148304777,58.60537966158798,57.70494969863799,57.773555755615234,8856000.0
2021-10-13,GILD,57.95364711348903,58.27951610034899,57.627771583994765,57.99652099609375,4760700.0
2021-10-14,GILD,58.49391802335031,58.93985099056019,58.31383197442793,58.442466735839844,7165600.0
2021-10-15,GILD,58.571088598178896,58.82835152171014,57.97079535800406,57.99652099609375,4327100.0
2021-10-18,GILD,57.8850355044691,57.953641561225,56.410037997385686,56.51294708251953,7576400.0
2021-10-19,GILD,56.598711989450685,57.44769083735467,56.47865463894446,57.370513916015625,5889700.0
2021-10-20,GILD,57.37907731812459,57.72209449727551,57.284745631068084,57.33619689941406,4878200.0
2021-10-21,GILD,57.533435728654226,57.61919657294033,57.044629012339044,57.44768142700195,5013700.0
2021-10-22,GILD,57.559161065934795,57.687789231807315,57.0360513826097,57.66206359863281,4501200.0
2021-10-25,GILD,57.66207714035905,58.28809604603345,57.241876433682435,58.030826568603516,6069800.0
2021-10-26,GILD,58.28809084331498,58.64826284546074,58.05654702576842,58.082279205322266,4948700.0
2021-10-27,GILD,58.279515680128206,58.28809307364103,57.11323878248656,57.2590217590332,4887700.0
2021-10-28,GILD,57.198994011012005,58.02225369301215,57.17326837269344,57.74782943725586,5884800.0
2021-10-29,GILD,56.512947878891524,56.512947878891524,54.93504126443863,55.63823699951172,14181100.0
2021-11-01,GILD,55.58679363631318,56.547258953182514,55.46673628953385,56.28998947143555,7254000.0
2021-11-02,GILD,56.3585867261356,56.667307438903464,55.43242458783201,56.51294708251953,8954500.0
2021-11-03,GILD,56.55582736448448,57.93649333551125,56.195655339686475,57.807865142822266,8654100.0
2021-11-04,GILD,57.55917908779621,57.584904729025446,56.572988070653054,57.001766204833984,6522900.0
2021-11-05,GILD,56.52152476120436,57.34477781853879,56.39289003979473,56.87311935424805,6519100.0
2021-11-08,GILD,56.57297897338867,56.958876615042875,56.17850393849231,56.57297897338867,5217800.0
2021-11-09,GILD,56.67588288018996,57.32762738689978,56.504374267040426,56.72734069824219,5401500.0
2021-11-10,GILD,57.07893029430447,58.21948144500484,57.07893029430447,57.730674743652344,6888100.0
2021-11-11,GILD,57.45627037677985,57.876471119239355,57.24188130820978,57.82501983642578,3513600.0
2021-11-12,GILD,58.02224976639638,58.11657491963626,57.62776819676016,57.867889404296875,8214800.0
2021-11-15,GILD,57.85932094984653,58.16804172173945,57.464845861902226,57.627777099609375,4911000.0
2021-11-16,GILD,57.790716612307556,58.339552102650416,57.3019097992636,57.3619384765625,6474200.0
2021-11-17,GILD,57.361920422105,57.927910523609995,57.036051496853474,57.85072708129883,7771200.0
2021-11-18,GILD,57.919346606466775,58.55393636333275,57.76498622856591,58.13373565673828,8873600.0
2021-11-19,GILD,58.47674719679107,59.0856111869095,58.12514608752978,58.90552520751953,8628800.0
2021-11-22,GILD,58.9141006352471,60.3376468819532,58.270933569173955,60.00320053100586,8951100.0
2021-11-23,GILD,59.917456762882246,60.77501300171914,59.780244624203604,60.56919479370117,7100400.0
2021-11-24,GILD,60.663519786404336,60.912211853246745,59.60872939330236,60.088958740234375,6737500.0
2021-11-26,GILD,59.77166078754996,60.663519964929876,59.77166078754996,60.260467529296875,5659500.0
2021-11-29,GILD,60.37196422913049,61.160914447065,60.20902644010489,60.58635330200195,8902200.0
2021-11-30,GILD,60.43198448850079,60.80073390417129,58.862655123486746,59.11134719848633,15465500.0
2021-12-01,GILD,59.197101507160646,60.04608028551481,58.87123251714449,59.11134719848633,8518300.0
2021-12-02,GILD,59.31717819503988,60.27764377631218,59.025612141921584,59.74595642089844,9411700.0
2021-12-03,GILD,60.02893817601746,60.42341327034366,59.43722226321065,59.651611328125,8328200.0
2021-12-06,GILD,59.565855656683496,60.71498442067356,59.53155262196075,59.60015869140625,7049400.0
2021-12-07,GILD,59.685902232487145,59.94317167514844,59.09419298258008,59.728782653808594,6438000.0
2021-12-08,GILD,59.95174661145446,60.44055329837542,59.094190561232885,59.78023147583008,6386900.0
2021-12-09,GILD,59.9346003062506,60.654950892522855,59.37718748621593,60.28620147705078,5829300.0
2021-12-10,GILD,60.1832803626805,60.8350247548449,59.68589631227521,60.243309020996094,5352500.0
2021-12-13,GILD,60.131839419748346,60.78357738117016,59.68590655916059,60.552040100097656,6883600.0
2021-12-14,GILD,60.52605094342172,61.33167916205265,60.430761086770445,61.08911895751953,7244900.0
2021-12-15,GILD,61.11510379338028,61.868751413319295,60.586680703330074,61.68683624267578,8040300.0
2021-12-16,GILD,61.808128554832805,63.090206196083415,61.55691041536173,62.63974380493164,10530000.0
2021-12-17,GILD,62.56177273157551,62.968919076856416,62.06800105112811,62.55310821533203,12226000.0
2021-12-20,GILD,62.371208200456735,62.82166401834886,61.894758827511275,62.77835464477539,7616900.0
2021-12-21,GILD,62.77836884962006,62.88231665698947,62.05070115257155,62.23261642456055,8786700.0
2021-12-22,GILD,62.01603818731794,62.76969269653805,61.21041639313647,62.74370574951172,6015400.0
2021-12-23,GILD,62.86497101961986,63.08153768381988,62.527127552195026,62.787010192871094,5096300.0
2021-12-27,GILD,62.61375426608182,63.133512949716476,62.30189773408297,63.124855041503906,4298800.0
2021-12-28,GILD,63.1248652713079,63.5753211076999,63.05556233983488,63.211490631103516,3802600.0
2021-12-29,GILD,63.237460037367875,63.86983754574092,62.89961660151183,63.7918701171875,5893900.0
2021-12-30,GILD,63.80920668271678,64.20768856156135,63.46269868965054,63.54932403564453,3238700.0
2021-12-31,GILD,63.45403401474267,63.65327825821529,62.76101803033122,62.89962387084961,5736800.0
2022-01-03,GILD,62.60509858091961,62.96893565897413,62.033365930990215,62.8736457824707,6622500.0
2022-01-04,GILD,62.89961616508745,63.583967548354806,62.52712127569102,62.55310821533203,6784100.0
2022-01-05,GILD,62.75236131754101,63.280784528675824,62.34521491462497,62.527130126953125,7799500.0
2022-01-06,GILD,62.09399679698,62.44916270425932,61.79946268473557,62.016029357910156,7368200.0
2022-01-07,GILD,61.83411516393399,62.15463622478384,61.35767244055718,61.730167388916016,7119600.0
2022-01-10,GILD,62.36254380253029,62.5877750164568,61.868772001020155,62.44916915893555,10362300.0
2022-01-11,GILD,62.50115835261038,62.86498886556806,61.912096594401405,62.69173812866211,8932000.0
2022-01-12,GILD,62.33655801945637,62.82166531164873,62.076681945392394,62.58777618408203,7206200.0
2022-01-13,GILD,62.36254375042591,62.769690195190606,61.894758895319086,62.26725387573242,6711300.0
2022-01-14,GILD,62.43184541084738,62.492483819957656,61.643546092413814,62.17196273803711,8344800.0
2022-01-18,GILD,61.86876782487515,61.955393175433194,60.69930906961505,61.011165618896484,8986600.0
2022-01-19,GILD,60.88122796543838,61.20174905186069,59.781072067816986,59.833045959472656,8217700.0
2022-01-20,GILD,59.83303682320354,60.040938967171385,58.70688754262187,58.741539001464844,8639700.0
2022-01-21,GILD,59.010091231481404,59.833041970252665,58.6375962782386,59.34793472290039,14843200.0
2022-01-24,GILD,59.373923028453426,60.066932453548894,57.84929171869825,59.39990997314453,12909000.0
2022-01-25,GILD,58.94945181218286,60.09292359634946,58.810845967270325,59.63379669189453,9239400.0
2022-01-26,GILD,58.30841704477423,59.39125056059067,58.00522498216389,58.33440399169922,11280400.0
2022-01-27,GILD,58.39503753015857,59.50385777485486,58.23044475321178,58.27375411987305,9323200.0
2022-01-28,GILD,58.36039503160969,59.65979519456806,58.057196372979945,59.65113067626953,11514100.0
2022-01-31,GILD,59.460553459958575,59.64246869742741,59.07073603810982,59.49520492553711,9252700.0
2022-02-01,GILD,59.59048326008061,59.59914777706962,58.82817099229746,59.31327819824219,10463700.0
2022-02-02,GILD,56.740468414920834,57.1822662790785,55.458390800751864,57.01767349243164,18365000.0
2022-02-03,GILD,56.809764887101686,57.502774197657914,56.36796707310021,56.645172119140625,12479500.0
2022-02-04,GILD,56.264026406685396,56.8357656710155,55.328459974558776,55.35445022583008,12392800.0
2022-02-07,GILD,55.43240617017673,55.63164710953882,54.81735431744278,55.23316192626953,14361400.0
2022-02-08,GILD,55.29380991159983,55.735601208920876,54.990614557199386,55.18119430541992,12044800.0
2022-02-09,GILD,55.345782475791566,55.423746615962216,54.83468495790516,54.903987884521484,13164800.0
2022-02-10,GILD,54.67009460709975,54.67009460709975,53.457319846686744,53.5266227722168,14978000.0
2022-02-11,GILD,53.74318572546062,54.470849870266385,53.50062880749527,53.76917266845703,13195400.0
2022-02-14,GILD,53.78649816833997,53.83847535865538,52.686339090752185,52.937557220458984,11343500.0
2022-02-15,GILD,52.946213370020466,53.292721329896594,52.816275363475526,53.12813186645508,10515300.0
2022-02-16,GILD,53.01552274381505,53.92510211864214,52.98087128269615,53.621910095214844,21855900.0
2022-02-17,GILD,53.33603657208044,53.44865216015533,52.772961936250944,53.093482971191406,13338200.0
2022-02-18,GILD,53.18878113792666,53.41400904471147,52.824947375218294,52.88558578491211,11930700.0
2022-02-22,GILD,52.74697559738577,53.09348357793994,52.57372160710868,52.8249397277832,10781500.0
2022-02-23,GILD,52.81627927020373,53.38801513310827,52.669012219772604,53.14545822143555,9674400.0
2022-02-24,GILD,52.59105421772569,53.076164793065516,52.03664401993472,52.50442886352539,14849900.0
2022-02-25,GILD,52.746979451164464,53.43133094525901,52.65168958432279,52.94622039794922,13133000.0
2022-02-28,GILD,52.19256463416991,52.3831443508694,51.265659601295965,52.322505950927734,13490600.0
2022-03-01,GILD,51.924020225591235,52.72098723761507,51.86338182630675,52.20122528076172,10694900.0
2022-03-02,GILD,52.3571587022989,53.28406381656484,52.149256542684334,53.050174713134766,14342200.0
2022-03-03,GILD,53.310045990856,53.708527823552906,53.1454532261655,53.45730972290039,13023100.0
2022-03-04,GILD,52.91156666531093,53.90777129425719,52.84226374962168,53.58725357055664,9383400.0
2022-03-07,GILD,51.0837438478441,53.925097315614046,51.02310544855961,52.20122528076172,18455200.0
2022-03-08,GILD,52.175241277400616,52.53907499813925,51.14438512697383,51.577518463134766,13889700.0
2022-03-09,GILD,51.98466922512468,52.235887390269376,51.04043828074079,51.1097412109375,13682000.0
2022-03-10,GILD,50.754564204213196,50.84985406640898,49.65440513943976,50.174163818359375,13243700.0
2022-03-11,GILD,50.51200927324279,51.27432154177649,50.20881396468381,50.243465423583984,13007600.0
2022-03-14,GILD,50.80495496422841,51.55066614211084,50.620720910398774,51.01551055908203,12539100.0
2022-03-15,GILD,51.26115064686799,51.576982333053365,50.585622506230884,51.16464614868164,10794600.0
2022-03-16,GILD,51.47170703509621,51.47170703509621,50.173290378755034,50.85759353637695,13871600.0
2022-03-17,GILD,50.989184762329195,52.06827414755391,50.629488300587624,51.93667984008789,12472000.0
2022-03-18,GILD,51.95422537513967,52.24373552309267,51.30501542599153,52.12968444824219,18199300.0
2022-03-21,GILD,52.05949814886217,53.094722677763286,51.99808680788219,52.34023666381836,8060600.0
2022-03-22,GILD,52.60343273218662,52.743802000682535,52.02440908130756,52.62097930908203,8847700.0
2022-03-23,GILD,52.638518240605826,52.90171016247548,51.58574720646034,51.62961196899414,9088900.0
2022-03-24,GILD,51.734892338514626,52.234958002992926,51.559429938580664,51.884033203125,7939900.0
2022-03-25,GILD,51.919128539147096,52.14722732600135,51.58575029989821,51.682254791259766,9333400.0
2022-03-28,GILD,51.71735162122226,52.08581969081505,51.48047785648376,51.919132232666016,10549200.0
2022-03-29,GILD,52.37533204319924,53.1298180892443,52.28759916187585,53.10349655151367,8051100.0
2022-03-30,GILD,53.00698980017255,53.28773166179583,52.12090948984214,52.34023666381836,8614000.0
2022-03-31,GILD,52.61221065906117,52.65607543043812,52.12968813391206,52.156009674072266,8226300.0
2022-04-01,GILD,52.147233660625986,52.36656085975715,51.392750906815444,52.34901428222656,8551000.0
2022-04-04,GILD,52.35778460195897,53.38423419648104,51.971769970514856,53.226318359375,9040600.0
2022-04-05,GILD,52.94558483952604,53.682524366759466,52.36656116431888,52.4192008972168,7067200.0
2022-04-06,GILD,52.62975326507127,53.53338020457805,52.559566958830956,53.35791778564453,7155300.0
2022-04-07,GILD,53.34037020379313,53.99835175239255,53.09472482991619,53.50706100463867,9370100.0
2022-04-08,GILD,53.76147860545524,55.11253487049674,53.717613837715916,54.656333923339844,10653600.0
2022-04-11,GILD,55.11252815727805,55.323083702113315,54.25276609697881,54.296630859375,8094200.0
2022-04-12,GILD,54.726520221775516,54.80547814236269,53.700067254142255,54.068538665771484,7750400.0
2022-04-13,GILD,54.05975993194657,54.48964265773902,53.77024980777372,54.445777893066406,6879600.0
2022-04-14,GILD,54.454549030904126,54.70896934911315,53.95448335534405,54.23522186279297,9750000.0
2022-04-18,GILD,54.129953395088855,54.577379408618945,53.840439885941315,54.02467727661133,5981200.0
2022-04-19,GILD,54.0422175780514,55.270451164825545,54.024674348145645,55.07744216918945,6178900.0
2022-04-20,GILD,55.270449147025275,56.28813047110431,55.252902571092825,55.79683303833008,7638800.0
2022-04-21,GILD,55.752966243628066,56.393401181862195,55.419588006373644,55.928428649902344,6673900.0
2022-04-22,GILD,55.95475392071268,56.02494023077145,54.54228622412092,54.61247253417969,7662000.0
2022-04-25,GILD,54.81424613390599,55.042348265709684,53.805343156057425,54.9633903503418,7457900.0
2022-04-26,GILD,54.744069762367005,55.15640261738858,54.17381771095316,54.19136428833008,6926400.0
2022-04-27,GILD,54.20890203474834,54.43700081015474,53.664968264676254,54.03343963623047,7863200.0
2022-04-28,GILD,53.90184639879106,54.07730881162577,53.1736819035277,54.00712585449219,10787500.0
2022-04-29,GILD,54.00712023987579,54.445774553026176,51.99808268244698,52.05949401855469,10455800.0
2022-05-02,GILD,52.24373165227131,53.01576423405701,51.89281018539929,52.91048812866211,9474000.0
2022-05-03,GILD,53.17368493475283,53.366693934540415,52.31392274418495,52.92803955078125,10384400.0
2022-05-04,GILD,53.20877752323239,54.66510992797046,52.8753992580512,54.46332931518555,8087800.0
2022-05-05,GILD,54.17381223941451,54.72651765762836,53.27018534910754,53.8228874206543,8767300.0
2022-05-06,GILD,53.62988324947917,53.866757006622365,52.980673321012596,53.67374801635742,7468200.0
2022-05-09,GILD,53.34036747368954,54.73528841919119,53.2789561333635,54.11240005493164,9294000.0
2022-05-10,GILD,54.28785951985171,54.86688308774066,54.00712102309748,54.20012664794922,9721600.0
2022-05-11,GILD,52.91049077986145,54.01589830856444,52.892944203638585,53.129817962646484,10224000.0
2022-05-12,GILD,53.25263501148766,54.83178989101554,53.191223674543075,54.81424331665039,9727900.0
2022-05-13,GILD,54.91952734896403,54.928302310747526,54.00712877685396,54.71774673461914,9515200.0
2022-05-16,GILD,54.71773499174806,55.04234157472724,54.34049203603348,54.60368728637695,6157500.0
2022-05-17,GILD,54.76161108433303,55.46346076827674,54.21768059127726,55.428367614746094,5607700.0
2022-05-18,GILD,55.39327651992005,56.08635126790573,54.99848689469609,55.463462829589844,9583900.0
2022-05-19,GILD,55.34940837827935,55.77929113215328,55.10376300273268,55.50732421875,8833600.0
2022-05-20,GILD,55.59505289742994,56.06002879683861,55.03357584959106,56.007389068603516,6814600.0
2022-05-23,GILD,56.48990699917159,56.87592497137308,55.7880607042604,55.84947204589844,7256800.0
2022-05-24,GILD,56.09511467841408,56.50745416741125,55.647688733048895,56.454811096191406,8263200.0
2022-05-25,GILD,56.542546540239556,57.191759837656214,56.15653523979503,57.033843994140625,7112400.0
2022-05-26,GILD,57.165438070529426,57.42862666437112,56.55131796489707,56.56009292602539,5730800.0
2022-05-27,GILD,56.525002729625854,56.88469583467897,56.06003016553217,56.849609375,6436000.0
2022-05-31,GILD,56.58642163035165,57.051394256535595,55.858253668087706,56.89347839355469,13781900.0
2022-06-01,GILD,57.26193851920418,57.323349863275595,56.38462977913567,56.82328414916992,5797700.0
2022-06-02,GILD,56.70923191449108,56.77941821451742,54.665104452895264,55.674007415771484,7860000.0
2022-06-03,GILD,55.66524124145508,56.25303984828349,55.48100720588225,55.66524124145508,5228700.0
2022-06-06,GILD,54.901982782962904,55.287997425361276,54.0860853836507,54.41946029663086,7865800.0
2022-06-07,GILD,54.1299504707484,54.910754721720195,53.93694147507724,54.86688995361328,6841000.0
2022-06-08,GILD,54.60369404316304,55.2616755571086,54.489642977012366,54.72651672363281,7248200.0
2022-06-09,GILD,54.62123969826299,54.980936141332165,53.64742982556391,53.67374801635742,5242200.0
2022-06-10,GILD,53.14735810982127,53.673741946163666,52.91048437946715,53.28772735595703,8155600.0
2022-06-13,GILD,52.69116547617244,53.015768781203626,51.67348744562369,51.89281463623047,9646100.0
2022-06-14,GILD,51.84838642643117,53.154146110053624,50.7824603615446,51.33319091796875,10073800.0
2022-06-15,GILD,51.51085485485798,52.381360333679304,51.262136583418936,51.86616134643555,6498100.0
2022-06-16,GILD,51.217729107141366,51.6440989751759,50.80912507383576,51.271026611328125,9482200.0
2022-06-17,GILD,50.96012211871767,52.221469091743835,50.889062178701465,51.990516662597656,13726500.0
2022-06-21,GILD,52.63895890411006,53.811480207839736,52.32806528585853,53.749298095703125,9173000.0
2022-06-22,GILD,53.41175367105044,55.11723292311974,53.376222006177485,54.63756561279297,9045300.0
2022-06-23,GILD,54.97511095087006,55.65019904546062,54.850753509362896,55.58802032470703,6992900.0
2022-06-24,GILD,55.79232422891333,56.07657078736633,54.93958116506807,56.03215789794922,9207500.0
2022-06-27,GILD,55.89891106788004,56.431872472347095,55.63243036564651,55.81008529663086,6586900.0
2022-06-28,GILD,55.810084252289876,56.39634314162771,55.188293699722855,55.25935363769531,6165300.0
2022-06-29,GILD,55.348186787294594,55.93444571891146,55.00175812855567,55.49919128417969,5800400.0
2022-06-30,GILD,55.02841017979256,55.43701418287488,54.44215123104818,54.904052734375,6411900.0
2022-07-01,GILD,54.602036306645815,55.45477591659832,54.42438137411754,55.39259719848633,5207600.0
2022-07-05,GILD,54.98399400699269,55.49030836937763,54.50432669889557,55.37483215332031,5215900.0
2022-07-06,GILD,55.623557298452724,55.85450977320551,55.21495324433524,55.72126770019531,5888200.0
2022-07-07,GILD,55.62355028859192,55.978860179517355,55.38371662049019,55.712379455566406,6242600.0
2022-07-08,GILD,55.57025863968105,56.138751779567485,55.42813535470945,55.818973541259766,4161900.0
2022-07-11,GILD,55.77455672518645,55.99662455410805,55.54360428555573,55.659080505371094,3478600.0
2022-07-12,GILD,55.50807420173153,55.78343613200184,55.08170100221006,55.37483215332031,6098300.0
2022-07-13,GILD,55.00175134604087,55.72125224140827,54.71750483173206,55.48141860961914,6162900.0
2022-07-14,GILD,54.92181856778983,54.992878512962896,54.42438539763335,54.904052734375,4969500.0
2022-07-15,GILD,55.18830392398423,55.62355501947623,54.78858110981753,55.60578918457031,5908900.0
2022-07-18,GILD,55.67684398938761,55.67684398938761,53.864769768599125,54.09572219848633,5608300.0
2022-07-19,GILD,54.770808852334525,55.312654893723625,54.4332648056766,55.179412841796875,6080600.0
2022-07-20,GILD,55.232711402799495,55.232711402799495,54.03354646633449,54.673099517822266,5378500.0
2022-07-21,GILD,54.53985667700976,54.80633737710548,53.962479003064075,54.19342803955078,6007700.0
2022-07-22,GILD,54.42438558815058,54.8951683155897,53.811479581381555,54.00689697265625,4588800.0
2022-07-25,GILD,54.3888484326588,54.40661426434301,53.60716878098279,53.96247863769531,4990000.0
2022-07-26,GILD,53.918067265498266,54.40661579082067,53.58052323099954,53.84700393676758,5597200.0
2022-07-27,GILD,53.63382072719793,54.513207395075334,53.020911376600814,54.09572219848633,7935600.0
2022-07-28,GILD,54.18454987015504,54.28226025634097,52.95873451448033,53.651588439941406,6815000.0
2022-07-29,GILD,53.58941011025792,53.7670616626342,52.86102451387331,53.07421112060547,10063700.0
2022-08-01,GILD,53.09197926679447,53.45617038661175,52.647843589530154,52.94097137451172,6742400.0
2022-08-02,GILD,53.06532735666956,53.58052293315914,52.66560460599645,52.887672424316406,5981600.0
2022-08-03,GILD,54.06907890790095,56.53847569213684,53.86477689350675,55.312660217285156,10066700.0
2022-08-04,GILD,55.19717613082361,55.952208742802135,54.92181420597822,54.99287414550781,5520500.0
2022-08-05,GILD,54.88628646019006,54.93069934912734,53.847007238929194,54.264495849609375,6039600.0
2022-08-08,GILD,54.1845525812063,54.81522442916068,54.01578224384122,54.71751403808594,5857600.0
2022-08-09,GILD,54.69975023792358,55.11723545969289,54.522095293868915,55.07282257080078,5153400.0
2022-08-10,GILD,55.508074908088254,56.129862105956896,55.17053086604093,56.08544921875,8275000.0
2022-08-11,GILD,55.76566956785965,56.32528141996276,55.40147848059897,55.47254180908203,5216500.0
2022-08-12,GILD,55.70348837395052,55.952206624101,55.214939872043914,55.92555618286133,3997800.0
2022-08-15,GILD,56.716129297614025,58.89239836144665,56.54735894622297,58.81245040893555,12381000.0
2022-08-16,GILD,58.76802856601846,58.99897420929225,58.31500833549075,58.91903305053711,7067800.0
2022-08-17,GILD,58.599263440740124,59.42535608701192,58.4660213796693,58.643672943115234,6515300.0
2022-08-18,GILD,58.59036476211146,58.62589642166415,57.480025814731455,57.89751434326172,5178100.0
2022-08-19,GILD,57.75539199870521,58.44824924603449,57.66656623170554,58.03963851928711,5258900.0
2022-08-22,GILD,57.92417682137595,57.95970849039225,57.05367464988179,57.16914749145508,5224800.0
2022-08-23,GILD,57.16914163982972,57.17802625041763,56.37858072181149,56.56511688232422,4723700.0
2022-08-24,GILD,56.58288508055591,56.68059547019117,56.1387494102038,56.51182174682617,3808000.0
2022-08-25,GILD,56.71612898007498,56.78719232035961,56.120988753380715,56.48517990112305,3784700.0
2022-08-26,GILD,56.48516595132533,56.511813003107925,55.3837081683398,55.40147399902344,5501300.0
2022-08-29,GILD,55.18829527212179,55.83673289634272,54.61091758789792,55.47254180908203,5220000.0
2022-08-30,GILD,55.525833736116994,55.68572283043805,54.88628074731864,55.51695251464844,5584600.0
2022-08-31,GILD,55.69460890643238,56.82271381784325,55.69460890643238,56.378578186035156,8341600.0
2022-09-01,GILD,56.32528672853375,57.73763832462952,56.24534217069865,57.69322204589844,6269600.0
2022-09-02,GILD,57.773168120169196,57.99523595268354,56.28975323696052,56.689476013183594,6737300.0
2022-09-06,GILD,56.65394327538457,56.707240774035164,55.78343779500846,56.307518005371094,7377500.0
2022-09-07,GILD,56.556227833540184,57.70209853845917,56.45852084414344,57.55109405517578,9626600.0
2022-09-08,GILD,58.101830510559054,58.31501373060084,57.462274073461316,57.82646179199219,8278400.0
2022-09-09,GILD,57.71987747902689,58.42160590822332,57.63992953048972,57.98635482788086,6497000.0
2022-09-12,GILD,60.784407323214886,61.18412671053291,59.940552271333544,60.41133499145508,18777900.0
2022-09-13,GILD,59.869488546390805,59.869488546390805,57.6754572935031,57.82646179199219,11799400.0
2022-09-14,GILD,57.86239657341831,58.80565457799437,57.86239657341831,58.55411911010742,9113200.0
2022-09-15,GILD,58.84159419719989,59.021260445583785,58.131900864575826,58.39242172241211,7088500.0
2022-09-16,GILD,58.46429064639029,59.227882478624856,58.22173367317596,58.931427001953125,11766000.0
2022-09-19,GILD,58.706835654030286,59.164993455009316,58.03307700416652,59.129058837890625,6162700.0
2022-09-20,GILD,58.76074558749248,58.82362945889563,57.395257445841175,58.01511764526367,6958900.0
2022-09-21,GILD,58.01512084609836,58.868545841345,57.00897199430826,57.04490661621094,8776600.0
2022-09-22,GILD,56.910146070842046,57.78154169023832,56.53284287084389,57.287452697753906,6111800.0
2022-09-23,GILD,57.035925194356906,57.305428007256545,55.96689245794467,56.469966888427734,7603800.0
2022-09-26,GILD,56.1555436937196,56.5418323127243,55.850106260713886,56.00282669067383,6141300.0
2022-09-27,GILD,56.083677942533214,57.062874117709,55.94892482340527,56.26334762573242,7125900.0
2022-09-28,GILD,56.595725689315735,57.82646060422313,56.33520485971516,57.43118667602539,7567500.0
2022-09-29,GILD,57.34136304669034,57.69171704870039,56.15554449285863,56.65861892700195,8431200.0
2022-09-30,GILD,56.73946772841136,57.11677439488269,55.34703372108508,55.41889953613281,8794700.0
2022-10-03,GILD,56.05672489103091,56.209441883907814,55.20329652384921,55.98485565185547,8094100.0
2022-10-04,GILD,57.574912908895215,58.715814602747145,57.134725891512026,58.670894622802734,11966000.0
2022-10-05,GILD,58.140881089319876,59.263812176941705,57.83544026949647,58.796669006347656,5802300.0
2022-10-06,GILD,58.29360134540474,58.71582455467005,58.04206586426655,58.34749984741211,5622300.0
2022-10-07,GILD,58.06901990224454,58.48225777729834,57.45814503176754,57.754600524902344,6723200.0
2022-10-10,GILD,58.006132792739244,58.25766828058905,57.592894940724854,57.90731430053711,4328500.0
2022-10-11,GILD,57.9432428273582,59.326694718873775,57.92527894604147,58.99430465698242,7154500.0
2022-10-12,GILD,59.156001287913604,59.62314440293598,58.67089429331034,58.74276351928711,6406000.0
2022-10-13,GILD,57.90731254579901,60.14418947076947,57.583907827269805,59.704002380371094,7690100.0
2022-10-14,GILD,59.856723125419,60.18911323303932,59.3087321432,59.443485260009766,7892200.0
2022-10-17,GILD,60.04537516687998,60.12622977906195,59.23687016802989,59.632137298583984,5799600.0
2022-10-18,GILD,59.77587878637983,60.26098592234267,59.686045654644914,60.07233428955078,6802300.0
2022-10-19,GILD,60.054368125903935,60.162172004495595,59.15602303246086,59.461463928222656,7058600.0
2022-10-20,GILD,59.43450164794922,59.77587024127384,59.021256964151455,59.43450164794922,6384200.0
2022-10-21,GILD,59.45246782334155,61.03355682138846,59.38958395230816,60.8988037109375,7814600.0
2022-10-24,GILD,61.18628276867684,62.318199466748595,61.16831202927869,61.985809326171875,7133100.0
2022-10-25,GILD,61.84207044321949,62.623633110303864,61.51867252817405,62.52481460571289,6711800.0
2022-10-26,GILD,62.88414599528426,64.15081565445527,62.776342134771404,63.62078857421875,8763100.0
2022-10-27,GILD,63.64773398954515,64.01605868372576,63.00990994106839,63.06380844116211,8881200.0
2022-10-28,GILD,66.80093673386102,71.5172481240461,66.46854660660301,71.21180725097656,27665700.0
2022-10-31,GILD,70.12480675636796,71.3016433375959,69.64868501486512,70.48414611816406,14674300.0
2022-11-01,GILD,70.30448133355291,71.46334720130596,69.7654757065076,71.27468872070312,10553100.0
2022-11-02,GILD,70.23260282353478,71.86759022704699,69.90021275135678,69.96309661865234,9785000.0
2022-11-03,GILD,69.46901227969559,71.48130292265542,69.31629529267433,71.38248443603516,8261100.0
2022-11-04,GILD,71.09503091511303,73.05342351413672,70.42127208774932,72.17304229736328,9103300.0
2022-11-07,GILD,71.4723270639485,73.26901709052402,71.42741392558123,73.17918395996094,8989300.0
2022-11-08,GILD,72.40659646403783,75.2813042124556,71.93946013885225,73.87090301513672,9344400.0
2022-11-09,GILD,74.11346171081017,75.05672669229727,73.82599158802441,73.9517593383789,10316500.0
2022-11-10,GILD,75.01179697460326,75.28130317831845,73.26900572592062,74.20328521728516,9397300.0
2022-11-11,GILD,73.13426089389218,73.64631720780334,71.93047517550515,73.50257873535156,11413200.0
2022-11-14,GILD,73.34986059300925,75.58673741813091,72.9725573895097,74.42787170410156,7665200.0
2022-11-15,GILD,74.68841272698721,75.13758528697815,73.64633595179949,74.5626449584961,7121000.0
2022-11-16,GILD,74.27515249705661,74.95789650235717,74.14938476632062,74.45481872558594,6280300.0
2022-11-17,GILD,74.15838474243819,75.30826528072761,74.08651549533793,75.11961364746094,5757500.0
2022-11-18,GILD,75.12859216297699,75.51488079885502,74.55365189383227,75.11961364746094,7276400.0
2022-11-21,GILD,75.24537042607021,76.51203316574349,75.13756657114641,75.775390625,6347900.0
2022-11-22,GILD,76.04490673378317,77.39242425350587,75.94608823403055,76.56594848632812,7357700.0
2022-11-23,GILD,76.41321333672873,77.20376121796272,76.36830020500341,76.73661804199219,4680500.0
2022-11-25,GILD,76.39525193929529,77.62598693289699,76.14371646120507,77.4912338256836,4028700.0
2022-11-28,GILD,78.08413491775306,79.23401526154817,76.43118363700448,76.54796600341797,9253800.0
2022-11-29,GILD,76.80848165177811,77.14087170057289,76.09878842575273,77.04205322265625,6155600.0
2022-11-30,GILD,77.04208289610733,79.18912728174585,76.36832402562253,78.90165710449219,14657500.0
2022-12-01,GILD,79.23401503556555,79.9257444257312,78.80281333478595,78.96451568603516,8220500.0
2022-12-02,GILD,77.88649209879438,80.0155717607692,77.75174586067891,79.9796371459961,6730400.0
2022-12-05,GILD,78.91060999535068,80.04252644925087,78.57822678030297,79.03638458251953,6811400.0
2022-12-06,GILD,79.0453742410475,79.65624911218758,78.2817823655795,79.01842498779297,6760500.0
2022-12-07,GILD,79.08130827572356,79.54845150809228,78.48840414704428,78.86570739746094,8861700.0
2022-12-08,GILD,78.93757315801949,80.50069145064352,78.65908156314877,80.37492370605469,6392200.0
2022-12-09,GILD,80.19525682690204,80.19525682690204,78.86571003698478,79.02741241455078,8276300.0
2022-12-12,GILD,78.91958390693338,79.55740784881303,78.54228076167946,79.53944396972656,5968400.0
2022-12-13,GILD,80.51864462047159,80.61746310004702,79.00044651884637,79.72810363769531,8462200.0
2022-12-14,GILD,79.709999469222,80.8784764270854,79.27521461324015,80.07231903076172,8643500.0
2022-12-15,GILD,79.75527966951485,79.80056528853335,77.34586083203043,78.42375946044922,9898600.0
2022-12-16,GILD,78.20639072561832,78.91291711609763,77.71726717088428,78.58683013916016,28313000.0
2022-12-19,GILD,77.89841428301787,78.46000999010923,77.382111115941,78.27884674072266,5834800.0
2022-12-20,GILD,75.76072494976437,77.22811595164491,74.10311774756659,76.78427124023438,10999000.0
2022-12-21,GILD,77.21906974709186,77.81689812032073,76.86581003951902,77.2371826171875,5320700.0
2022-12-22,GILD,77.21905832264252,77.41833441756953,76.42196085360501,77.24623107910156,4698800.0
2022-12-23,GILD,77.1918839952664,77.21905675117246,76.34043411996798,76.76615905761719,3955400.0
2022-12-27,GILD,77.21906745484894,77.41834357334307,76.71182417917034,77.00167846679688,3455900.0
2022-12-28,GILD,77.35492305431468,77.74441532510961,76.49441333895987,76.60311126708984,3285900.0
2022-12-29,GILD,76.91109948194217,77.50892092041269,76.63935806675569,77.2281265258789,3464100.0
2022-12-30,GILD,77.29153210268963,77.7987753740911,76.79334181065515,77.76254272460938,3831000.0
2023-01-03,GILD,77.0650766006771,78.03427743130321,76.83862774388902,77.34587097167969,6050600.0
2023-01-04,GILD,78.07957260593994,78.3513140315898,76.93827520382226,77.44551849365234,5713900.0
2023-01-05,GILD,77.00167781750719,78.26979290668211,76.99261792746894,77.76254272460938,5710700.0
2023-01-06,GILD,78.4509501889763,79.9726869321932,78.09769049061089,79.782470703125,5939400.0
2023-01-09,GILD,79.50166309538044,79.61942092595373,76.94732021920692,77.08319091796875,5435700.0
2023-01-10,GILD,77.1737770885613,79.28428235107896,76.86580992270285,78.93102264404297,5034500.0
2023-01-11,GILD,78.91290532231166,78.98536370916806,77.916524757986,78.97631072998047,5947100.0
2023-01-12,GILD,78.35130232837156,78.43282059748734,77.06507451518348,77.64478302001953,6013300.0
2023-01-13,GILD,77.4817480075674,78.17015452351745,77.29153178158211,78.14297485351562,5305700.0
2023-01-17,GILD,77.94370699102976,78.23356128000167,77.31870587297384,77.36399841308594,5959800.0
2023-01-18,GILD,77.01072782598268,77.11036588054577,75.72449991702216,75.85131072998047,6374800.0
2023-01-19,GILD,76.24081343482948,76.61219294523097,75.40748314749649,75.74263000488281,6922500.0
2023-01-20,GILD,75.67014919577116,75.90565793678341,74.73718103145826,75.19007873535156,16678600.0
2023-01-23,GILD,74.96363355230483,76.43101776190724,74.65565950503573,75.38935852050781,5673100.0
2023-01-24,GILD,75.57051108992717,76.15927948666963,74.37486142899547,76.10492706298828,4776400.0
2023-01-25,GILD,76.22268043582048,76.58499995962383,75.68825758330973,76.15021514892578,3892800.0
2023-01-26,GILD,75.86944083509992,75.91472646836492,74.82777452059771,75.74263000488281,3670900.0
2023-01-27,GILD,75.47993508337171,76.05964360758368,75.28065898242309,75.84225463867188,4108300.0
2023-01-30,GILD,75.65204572774975,75.94190004430543,74.57415365935287,75.49806213378906,7283000.0
2023-01-31,GILD,75.65203896114713,76.27704008277834,75.38936434114267,76.03247833251953,9621800.0
2023-02-01,GILD,76.0958671392083,76.68463548221293,74.9092705649673,76.08680725097656,6673600.0
2023-02-02,GILD,74.61036929683465,74.72812021053717,72.89841655031962,73.72268676757812,10933800.0
2023-02-03,GILD,76.68464157908615,78.77702673343038,75.74261353751604,76.53971099853516,12852400.0
2023-02-06,GILD,76.53971485889066,78.96724692019119,76.53971485889066,78.22449493408203,7611100.0
2023-02-07,GILD,78.44187838003099,78.52340355762799,77.33680691277823,77.94369506835938,7298600.0
2023-02-08,GILD,77.35493320204448,77.92558185057935,77.25529514918858,77.59949493408203,7376600.0
2023-02-09,GILD,77.744420521336,78.4509398247277,77.11035959753721,77.4726791381836,6656800.0
2023-02-10,GILD,77.4998568093371,78.76797182668695,77.24623518800131,78.53246307373047,5522200.0
2023-02-13,GILD,78.53244491455719,79.54693807598848,78.25165060024545,79.2480239868164,5801700.0
2023-02-14,GILD,79.33861666539144,79.35673644357165,77.01072273751343,77.60855102539062,7206200.0
2023-02-15,GILD,77.23717966755392,77.23717966755392,76.48537465054426,77.03791046142578,5614900.0
2023-02-16,GILD,76.36761670384796,76.77522882690673,75.5161736296452,75.53428649902344,5760600.0
2023-02-17,GILD,75.73356417490058,77.21906827866876,75.4346499939704,76.77523040771484,6306200.0
2023-02-21,GILD,76.74803670395598,77.43643613738614,76.64839867083617,76.66651153564453,6085600.0
2023-02-22,GILD,76.65746511509963,76.76616305505445,75.21725369171968,75.63391876220703,4986800.0
2023-02-23,GILD,75.3168866213078,75.9509406179227,74.50166940375274,74.76435089111328,5344800.0
2023-02-24,GILD,74.51979446254609,74.54697413313662,72.76255585128496,73.06147003173828,6290000.0
2023-02-27,GILD,73.51437459143803,73.6502384035996,72.98901148217315,73.26980590820312,4930000.0
2023-02-28,GILD,73.19732430488618,73.30602224108736,72.39116694907125,72.9437026977539,5808900.0
2023-03-01,GILD,72.77161661075328,72.77161661075328,71.91111353818516,72.09226989746094,5269700.0
2023-03-02,GILD,72.01980773518669,72.37306745477764,71.74806629980668,72.11944580078125,3459400.0
2023-03-03,GILD,72.29153421332131,73.53247649444552,72.09225810431309,73.4328384399414,4915300.0
2023-03-06,GILD,73.46906280517578,73.67739186970957,72.95275972216697,73.46906280517578,4500400.0
2023-03-07,GILD,73.64117755609476,73.64117755609476,72.40929511250448,72.7172622680664,6112600.0
2023-03-08,GILD,72.91653970034552,73.21545388190188,72.3005984674437,72.6447982788086,3859700.0
2023-03-09,GILD,72.97994151887654,73.0976924433893,70.91472893098467,71.5125503540039,7500000.0
2023-03-10,GILD,71.57595730718202,72.74443433044841,71.46726627010595,72.0107421875,6203800.0
2023-03-13,GILD,71.16835588223883,73.6140010959312,71.16835588223883,72.01980590820312,6845700.0
2023-03-14,GILD,72.26669735376215,73.07139237487235,71.6174592194896,72.94336700439453,5499100.0
2023-03-15,GILD,72.33069908655827,73.05309250756204,71.79119404987865,72.83363342285156,4875400.0
2023-03-16,GILD,72.40385722518587,73.12625067397536,71.70889529098051,73.01651763916016,7274500.0
2023-03-17,GILD,72.9342135845944,72.9342135845944,69.98063098173559,70.69387817382812,16828100.0
2023-03-20,GILD,71.05965998985619,72.8610706007429,70.98650463043928,72.65989685058594,4672600.0
2023-03-21,GILD,72.72388735886611,73.19939009641202,71.65401666410372,72.36726379394531,4744800.0
2023-03-22,GILD,72.33069640262237,72.58673315469706,71.10537566727112,71.15109252929688,4909500.0
2023-03-23,GILD,71.12366264949726,72.17524817092554,70.99564427052113,72.0197982788086,5015600.0
2023-03-24,GILD,72.17525624524569,73.51945635135053,71.62660499161575,73.1536865234375,4806500.0
2023-03-27,GILD,73.50115539622287,74.05895274861497,72.61417291147188,72.76962280273438,4444900.0
2023-03-28,GILD,73.11709756947867,74.16868304641079,72.96164768393933,74.04066467285156,4154900.0
2023-03-29,GILD,74.30584333089817,74.95508132436339,74.00408276342796,74.3332748413086,5469300.0
2023-03-30,GILD,74.78135198901604,74.89108502601471,74.12296771998189,74.4795913696289,3822700.0
2023-03-31,GILD,74.65333281322253,76.02496436708107,74.24184613765651,75.86951446533203,7135600.0
2023-04-03,GILD,75.84207955974328,76.62848217358199,75.56775047064474,76.11640167236328,5083600.0
2023-04-04,GILD,76.04325331087396,76.30842926018549,74.81792554951565,75.09225463867188,4490600.0
2023-04-05,GILD,75.25684329283422,76.55531930393744,74.93679039481371,76.4913101196289,4615000.0
2023-04-06,GILD,76.87537482092966,77.57033674907895,76.1346960276982,76.23528289794922,3729100.0
2023-04-10,GILD,76.35415400681308,76.35415400681308,75.27513694059178,75.53117370605469,3465500.0
2023-04-11,GILD,75.49458844922096,75.99752274265771,75.22026636082829,75.47630310058594,3669400.0
2023-04-12,GILD,75.86950870644371,76.1163992977473,74.74476784800267,75.12882995605469,5146700.0
2023-04-13,GILD,74.94593262574061,76.2078308972593,74.91850111625851,76.1438217163086,4224700.0
2023-04-14,GILD,75.92438128427602,76.11640887422254,74.96424333454343,75.8969497680664,4886600.0
2023-04-17,GILD,76.27186331907359,76.57361696420074,75.92437885426206,76.47303009033203,4444700.0
2023-04-18,GILD,76.57361366752107,76.74735589244682,75.86951255723235,76.61019134521484,4283900.0
2023-04-19,GILD,76.31757412563711,77.0948305630564,76.25356493611972,76.91194915771484,3112200.0
2023-04-20,GILD,76.58276374876492,77.61605703467849,76.53703990518896,77.44232177734375,5927700.0
2023-04-21,GILD,77.60690987823833,79.44489099641441,77.49717685081119,79.16142272949219,8039500.0
2023-04-24,GILD,79.20714794926855,79.8929636855685,79.08826875669702,79.2802963256836,6630800.0
2023-04-25,GILD,79.50890241308554,79.62778160691595,78.18299476612282,78.26528930664062,5378600.0
2023-04-26,GILD,77.03082654837924,77.19542261483538,75.80550570202259,76.57361602783203,4439500.0
2023-04-27,GILD,76.57360705962651,76.68334008323845,75.36657170580753,76.39987182617188,8659000.0
2023-04-28,GILD,75.45800589129244,75.7597664478224,73.22682374890958,75.1745376586914,10709400.0
2023-05-01,GILD,75.41230090647038,75.48545626074787,74.25098233087074,74.45215606689453,5561300.0
2023-05-02,GILD,74.55274585268204,75.01910253385459,73.22683814278379,73.5560302734375,5647900.0
2023-05-03,GILD,73.60174793015241,73.97666390716721,72.34899556393373,72.65074920654297,5057400.0
2023-05-04,GILD,72.7970535955298,72.86106278403277,71.6997512279137,71.80033111572266,4564200.0
2023-05-05,GILD,72.01065828807675,72.9982347046682,71.52601624377142,72.92507934570312,4613700.0
2023-05-08,GILD,72.79705504572466,72.8427788854855,71.44370892065828,71.86434173583984,3823400.0
2023-05-09,GILD,71.60830230796539,72.49529174503225,71.59916312153659,72.0563735961914,4546600.0
2023-05-10,GILD,72.02893688210197,72.09294607107157,70.55672553580139,71.42542266845703,5613900.0
2023-05-11,GILD,71.47114648798357,72.01979767564038,70.82190145885555,71.96492767333984,5123500.0
2023-05-12,GILD,72.02892914400257,72.31240435882405,71.242533611064,71.48027801513672,3519100.0
2023-05-15,GILD,71.3888492193018,71.69060983223055,71.16939012648035,71.67231750488281,2723300.0
2023-05-16,GILD,72.94336222687143,72.94336222687143,71.47115079231226,71.6174545288086,5764300.0
2023-05-17,GILD,71.4619994051282,72.25754117522439,70.45613774462326,72.06551361083984,5506900.0
2023-05-18,GILD,72.12952901281207,72.2849858914971,70.73961210379893,71.5168685913086,5049900.0
2023-05-19,GILD,72.03808736480944,72.80620465498104,71.91921514287473,72.10209655761719,5694300.0
2023-05-22,GILD,72.51357586339016,73.01650314269968,71.69059570686493,71.89176940917969,3559500.0
2023-05-23,GILD,71.87347180832595,72.75131491867387,71.41626141898993,71.85518646240234,4542900.0
2023-05-24,GILD,72.34898996303659,72.47700834125818,71.45285433900699,72.28498077392578,5863900.0
2023-05-25,GILD,70.84019520252743,71.48943326816743,69.73374664194556,71.00479125976562,8118100.0
2023-05-26,GILD,71.32482497619834,71.89176840420765,70.41955030491408,70.4926986694336,5439000.0
2023-05-30,GILD,69.97149526423668,70.29154821103482,69.5051455545482,69.79776000976562,5038500.0
2023-05-31,GILD,70.06293823780219,70.42870104986542,69.74288531252918,70.35555267333984,8073100.0
2023-06-01,GILD,70.9042080824094,70.9042080824094,69.37712662419355,69.68802642822266,5031200.0
2023-06-02,GILD,69.60573615681986,71.3156991369163,69.31312168592513,71.22425842285156,4877200.0
2023-06-05,GILD,71.16025022462614,71.35227781980242,70.57502127461858,71.06880950927734,5744100.0
2023-06-06,GILD,71.5900223396556,71.71804072406313,69.51428272187304,69.67887878417969,5408500.0
2023-06-07,GILD,69.63316966074588,69.70632502467726,68.6913170236876,69.56916046142578,7037500.0
2023-06-08,GILD,69.27654174279809,71.74547582432021,69.27654174279809,71.69061279296875,8860500.0
2023-06-09,GILD,70.88591970763615,71.69061473042618,70.66646059982035,71.43457794189453,6375300.0
2023-06-12,GILD,71.50772292669987,71.59917061238083,70.23667823229856,71.19682312011719,5687100.0
2023-06-13,GILD,70.41041291315678,71.78204433354294,70.31897221375999,71.73632049560547,4920500.0
2023-06-14,GILD,72.05022085958322,72.38259045442075,71.38548166990815,71.96712493896484,6069400.0
2023-06-15,GILD,72.27180705494483,72.9457807721713,71.80094889753506,72.9365463256836,6526200.0
2023-06-16,GILD,73.16736270621182,73.4258708733047,72.47492709700477,72.80729675292969,13982700.0
2023-06-20,GILD,72.60417239627454,73.10272681984252,71.74555206298828,71.74555206298828,5410000.0
2023-06-21,GILD,71.70862898308982,72.42876087945217,71.09005487147797,71.65323638916016,5342300.0
2023-06-22,GILD,71.7824908815501,72.1887220228762,71.37625974022401,72.11486053466797,3408800.0
2023-06-23,GILD,72.3179802506086,72.34567654931945,71.33010568161075,71.52398681640625,4815500.0
2023-06-26,GILD,71.2747004372822,71.2747004372822,69.20662811822027,70.68382263183594,6106200.0
2023-06-27,GILD,70.76691076029726,70.98848815194684,69.98215192184887,70.17603302001953,5111200.0
2023-06-28,GILD,70.09293863586102,70.3699156643725,69.47436458851294,70.3329849243164,4486900.0
2023-06-29,GILD,70.05600635651987,70.60996040137124,69.69594045365746,70.17603302001953,5295800.0
2023-06-30,GILD,70.6191931508578,71.31162871553742,70.31452685570106,71.15467834472656,6017200.0
2023-07-03,GILD,70.40685000213129,70.94232815076083,70.01908073363701,70.83154296875,3437300.0
2023-07-05,GILD,70.69304859190898,71.6439922257688,70.259121214792,71.3116226196289,5308300.0
2023-07-06,GILD,71.00697848112706,71.12699813704347,70.18528161153803,70.38839721679688,5020300.0
2023-07-07,GILD,69.85290843556368,70.11141660560874,68.62498758403031,68.70807647705078,6550700.0
2023-07-10,GILD,68.78193328387515,70.05601219684866,68.73576809501614,69.88059997558594,5554900.0
2023-07-11,GILD,69.69595270880792,70.39762279019938,69.57593306802261,70.27760314941406,3529800.0
2023-07-12,GILD,70.49916968265599,71.25623224372283,70.47147338858817,70.51763153076172,5185100.0
2023-07-13,GILD,70.81308458295103,71.3578043026641,70.44379119636164,70.82231903076172,3341700.0
2023-07-14,GILD,70.72999477647312,71.68093861799552,70.59150623636933,71.2654800415039,6072300.0
2023-07-17,GILD,70.78538312960819,71.79172655310815,70.59150200261887,71.53321838378906,4954600.0
2023-07-18,GILD,71.58862199461862,72.80730858308962,71.45936789007021,72.2164306640625,5244900.0
2023-07-19,GILD,72.10562666114714,73.49049787887911,72.10562666114714,72.89962005615234,5351600.0
2023-07-20,GILD,73.45356666477605,74.57992970833985,73.43510481460483,73.80440521240234,6046000.0
2023-07-21,GILD,74.23833298923392,74.90306525571023,73.85979814271926,74.45067596435547,14984400.0
2023-07-24,GILD,73.69360488501525,74.02597450214184,70.39761205169205,71.69939422607422,11333500.0
2023-07-25,GILD,71.10851053212477,72.1517845857865,70.96079461323001,71.30239868164062,5298400.0
2023-07-26,GILD,70.87771072044934,71.44089228473695,70.72999477647312,71.2654800415039,4049700.0
2023-07-27,GILD,71.39472742670426,72.27180969193078,70.53610701130798,70.63766479492188,6258600.0
2023-07-28,GILD,70.5545766211576,71.38550083128911,70.48071512607483,70.96080780029297,5026500.0
2023-07-31,GILD,70.78537866496475,70.98849422628132,70.02831605521504,70.29605865478516,6059500.0
2023-08-01,GILD,70.24989620593308,70.51763881594654,69.3358831881762,69.87136840820312,4025300.0
2023-08-02,GILD,70.1668073151457,70.4622462220883,69.56669505434445,69.87136840820312,5325400.0
2023-08-03,GILD,69.9083065589624,70.0006299064477,69.40051758206342,69.7328872680664,5747700.0
2023-08-04,GILD,71.44087371201408,73.98903823848181,71.32085409849657,72.64109802246094,9062400.0
2023-08-07,GILD,72.31797499813298,74.75534772113463,71.95790905340449,74.4783706665039,6831500.0
2023-08-08,GILD,74.49682858507386,74.70917152436449,72.73342282094156,73.93364715576172,5546500.0
2023-08-09,GILD,74.38604691048343,75.18004028254454,73.88749244124838,74.0167465209961,4551300.0
2023-08-10,GILD,74.21062610535373,74.86613093731866,73.81362942753621,73.85979461669922,3776200.0
2023-08-11,GILD,73.85979461669922,73.97981424717655,73.36124015777823,73.85979461669922,3383600.0
2023-08-14,GILD,73.91518696213194,74.24755660030414,73.41663250487363,73.72130584716797,3682000.0
2023-08-15,GILD,73.51819322640488,74.05367844752632,72.89961911432621,73.52742767333984,3798600.0
2023-08-16,GILD,73.04735314831785,74.36759750711737,71.93022438992136,72.01331329345703,7264600.0
2023-08-17,GILD,72.00407002009361,72.11486225504903,70.62843322753906,70.62843322753906,5741200.0
2023-08-18,GILD,70.67459616867296,70.82231210008928,69.88983018941812,70.05601501464844,6483800.0
2023-08-21,GILD,69.86213890011133,70.40685860556268,69.74211925699409,70.11141967773438,5359200.0
2023-08-22,GILD,69.88060477734831,70.8592448627993,69.57593141510887,70.48994445800781,4534900.0
2023-08-23,GILD,72.29028514374451,72.91809375221285,71.05312977831292,71.12699127197266,7422800.0
2023-08-24,GILD,71.32086730811018,72.14255699579194,70.43455057905412,70.47148132324219,4793900.0
2023-08-25,GILD,70.7299959110242,71.2654811846445,70.2314413849453,70.96080780029297,3773300.0
2023-08-28,GILD,71.35780315679455,71.54244984712417,70.74845639983128,71.12699127197266,2783500.0
2023-08-29,GILD,71.32086711128059,72.24411458197677,71.13622043466903,72.20718383789062,4156300.0
2023-08-30,GILD,72.21641049990737,72.47491863682394,71.57936755977835,71.69939422607422,3297900.0
2023-08-31,GILD,71.34855613838592,71.46858280539068,70.38837802144016,70.6099624633789,9200000.0
2023-09-01,GILD,71.29316510205585,71.46858436145541,70.60072955451268,70.76691436767578,2993000.0
2023-09-05,GILD,71.04388785069608,71.09005304032779,69.36357778785927,69.39128112792969,6045600.0
2023-09-06,GILD,69.3543553202626,69.37281717113764,67.62787994493763,68.5418930053711,5753800.0
2023-09-07,GILD,68.89273168381705,69.02198577162113,68.05257306927099,68.26492309570312,6586100.0
2023-09-08,GILD,70.27759367491556,70.72074847639382,69.2897192520062,70.16680145263672,6695200.0
2023-09-11,GILD,70.21297818034749,71.24701091630494,70.16681298585522,71.12699127197266,8053800.0
2023-09-12,GILD,71.08080770514073,71.30239212884676,70.425302966934,70.9053955078125,4181200.0
2023-09-13,GILD,71.09004679283179,71.57936676712215,71.0161853134397,71.37625122070312,4407700.0
2023-09-14,GILD,71.59068716668503,72.46704372243848,71.54406973221317,72.1220932006836,4424400.0
2023-09-15,GILD,71.98223881088508,72.16870141212102,70.31343587213327,70.5465087890625,11145100.0
2023-09-18,GILD,70.72365648758233,70.99402196300841,70.05240525381026,70.49990844726562,3337800.0
2023-09-19,GILD,70.28547169978032,70.97536557606297,70.1642763376616,70.63973999023438,4002700.0
2023-09-20,GILD,70.83552567524684,71.21776156915288,70.60245275294622,70.68635559082031,4826300.0
2023-09-21,GILD,70.74229779873706,70.98469565344566,70.1269889217959,70.17359924316406,5271600.0
2023-09-22,GILD,69.6981252094102,70.49057168324983,69.31588222169675,69.93119812011719,4351800.0
2023-09-25,GILD,69.68880454435805,69.85661733479712,69.48369923239684,69.76338958740234,3885700.0
2023-09-26,GILD,70.30412989947747,71.10589432474856,70.22021993660522,70.41600036621094,5643900.0
2023-09-27,GILD,70.54651706749361,70.91011029154416,70.0524035636722,70.43464660644531,4443100.0
2023-09-28,GILD,70.65839657249933,70.90079443276517,70.11766561991477,70.31344604492188,3482900.0
2023-09-29,GILD,70.39734990561138,70.62109792725626,69.53031831981339,69.8659439086914,4179900.0
2023-10-02,GILD,69.92187335101856,69.95916587034426,68.20646013896088,69.08280944824219,4578700.0
2023-10-03,GILD,68.25307813782355,68.86839410674227,67.93610235709929,68.30901336669922,6075300.0
2023-10-04,GILD,68.33698625961651,69.75406655139422,68.29036882825706,69.67948150634766,4707600.0
2023-10-05,GILD,69.61423666483618,69.94986232846345,69.12944799116511,69.64220428466797,4781900.0
2023-10-06,GILD,69.41844096150608,69.93120425517445,68.9056847806591,69.67948150634766,4635200.0
2023-10-09,GILD,69.71678077997791,70.2388619202174,69.21334234639465,69.97782135009766,3394000.0
2023-10-10,GILD,69.97781352177498,71.28302333918374,69.71677298085748,70.82620239257812,5040100.0
2023-10-11,GILD,71.08725726039106,71.79580109483909,70.86350919634215,71.74918365478516,4434100.0
2023-10-12,GILD,71.67460699996083,71.88903729139992,71.12455812950712,71.56273651123047,4037900.0
2023-10-13,GILD,71.96359511757899,72.58822881928278,71.75848981545037,72.39244842529297,5651800.0
2023-10-16,GILD,72.47636395425921,74.06126431287021,72.37381128523289,73.83750915527344,6958200.0
2023-10-17,GILD,73.82819589852498,75.5809020638863,73.28746490364603,75.03085327148438,10602200.0
2023-10-18,GILD,75.02152447833022,75.24527252528439,74.14516788459494,74.27568817138672,6781900.0
2023-10-19,GILD,73.71631621882793,74.46215254318632,72.93319447979172,73.12897491455078,5563400.0
2023-10-20,GILD,73.40865228721543,73.73495298552461,72.47636051329106,72.53230285644531,5183700.0
2023-10-23,GILD,72.43907589659925,72.69079868621832,71.94496234053096,72.30855560302734,4049700.0
2023-10-24,GILD,72.33652376947985,73.22220532579891,72.04751556192633,72.85861206054688,5424800.0
2023-10-25,GILD,72.63484803300263,73.27812445397917,72.18734489800843,73.08234405517578,5148000.0
2023-10-26,GILD,73.19423091541205,73.60443446904445,72.38313449205604,73.18490600585938,4630900.0
2023-10-27,GILD,73.08235086465216,73.18490352779327,71.16183210550345,71.43219757080078,6037800.0
2023-10-30,GILD,71.71188685215603,72.70943883959295,71.69324414493896,72.50433349609375,4760800.0
2023-10-31,GILD,72.33651701273797,73.38068638451664,72.21532163991533,73.22219848632812,4684100.0
2023-11-01,GILD,73.65106077028055,74.97491357325116,73.47392303156519,74.76049041748047,5446100.0
2023-11-02,GILD,74.40621215523925,75.80464996562658,74.24772424380609,75.73007202148438,6166100.0
2023-11-03,GILD,76.4479321618782,76.99798094254672,75.99111114420846,76.06568908691406,7040000.0
2023-11-06,GILD,76.14026982847331,76.42928512406358,75.27323816734648,75.64615631103516,6649800.0
2023-11-07,GILD,75.58088425296377,75.84192477854255,74.88166551109738,75.15203094482422,7609000.0
2023-11-08,GILD,72.2432985872544,72.96116734583474,70.00579656604191,72.62554168701172,13103500.0
2023-11-09,GILD,72.28057601066142,72.44838880499975,69.6608385500445,69.90323638916016,8878900.0
2023-11-10,GILD,70.35074103073289,70.88214709228461,69.7913673521767,70.77959442138672,5946700.0
2023-11-13,GILD,70.26683143277783,70.52787198351776,69.49302757678339,69.85662078857422,4742500.0
2023-11-14,GILD,70.22021654058898,70.59313467491702,69.50235500008547,69.66084289550781,5534400.0
2023-11-15,GILD,69.20402105404162,70.3507359452655,69.09214348128883,69.95917510986328,7102100.0
2023-11-16,GILD,70.41599718495591,70.9940206506461,68.98026698655524,69.47438049316406,6820700.0
2023-11-17,GILD,69.81932668620621,70.3973501160734,69.52099361884733,70.3414077758789,7874500.0
2023-11-20,GILD,70.13631024770592,70.94739950372451,69.98714015617703,70.85417175292969,7012200.0
2023-11-21,GILD,70.85418122268067,70.99402642397412,69.49303596325733,69.63288116455078,5120400.0
2023-11-22,GILD,69.91255190247539,70.6024528749082,69.82864906445636,70.57447814941406,4419100.0
2023-11-24,GILD,70.7516166946612,70.84484444229551,69.94984526192788,70.2761459350586,1931000.0
2023-11-27,GILD,70.02444302951986,70.20158076118814,69.47438712672898,69.84730529785156,4552100.0
2023-11-28,GILD,69.73543048184432,69.87526856358544,69.16673190669026,69.4650650024414,6792700.0
2023-11-29,GILD,69.78203136932856,70.3414049591242,69.62354348957034,70.13630676269531,5091700.0
2023-11-30,GILD,70.27615418260862,71.54407161513645,70.2108940403236,71.4135513305664,10393600.0
2023-12-01,GILD,71.58135212491733,72.40177333343178,71.04062125800024,72.39244842529297,5400500.0
2023-12-04,GILD,72.05682643606632,73.156930927946,71.93563107553136,73.03572845458984,8194600.0
2023-12-05,GILD,73.06370902915897,73.91209084645917,72.57891332256877,73.66969299316406,6276900.0
2023-12-06,GILD,73.88411117073711,74.75114266520308,73.68833078331843,73.98666381835938,5745300.0
2023-12-07,GILD,74.1917706767031,74.40619377147037,72.578903004244,72.76536560058594,8588600.0
2023-12-08,GILD,72.82131117586387,73.87479832188902,72.66282328105706,73.66969299316406,6569000.0
2023-12-11,GILD,74.23839059965883,75.36646278045318,74.07990270687108,74.66724395751953,8190000.0
2023-12-12,GILD,75.3105239449756,75.68344205524983,74.63927276904624,75.34781646728516,6118200.0
2023-12-13,GILD,75.79531550064995,77.49208605295199,75.41307250237826,77.464111328125,10582400.0
2023-12-14,GILD,77.52056714142086,77.5770118584495,76.26932327815337,76.9372787475586,8531100.0
2023-12-15,GILD,76.5327467781285,77.43589820059046,75.356767241963,75.57315063476562,20354200.0
2023-12-18,GILD,75.8553880017138,75.8553880017138,74.7264504200382,74.79230499267578,4926700.0
2023-12-19,GILD,74.86755694263805,75.28149682558359,74.5288742890224,74.78288269042969,7452300.0
2023-12-20,GILD,74.9428331964563,75.05572264710102,73.92678507499359,73.93618774414062,5227800.0
2023-12-21,GILD,74.15257095803346,74.71703974259624,73.87033297694707,74.25605773925781,3791000.0
2023-12-22,GILD,74.50067104397897,75.26270362130929,74.4724486785387,74.94284057617188,4109700.0
2023-12-26,GILD,74.99926863108743,75.31913160510383,74.68880832505329,75.21564483642578,2659500.0
2023-12-27,GILD,75.36616546367358,75.96826631911486,75.0180729907182,75.61077117919922,3541200.0
2023-12-28,GILD,75.75189376284486,76.44807880804025,75.62018463053424,76.3351821899414,3553100.0
2023-12-29,GILD,76.26933535096337,76.48571876317321,75.9118401238451,76.212890625,3586900.0
2024-01-02,GILD,76.11880129314706,78.80003300391745,76.08116908942988,78.31082153320312,7417500.0
2024-01-03,GILD,78.69654494431745,79.22338143247875,78.05681184686067,78.53661346435547,7329600.0
2024-01-04,GILD,78.82825875217756,79.91956399646953,78.49898592750365,79.47740173339844,5881000.0
2024-01-05,GILD,79.30805938735817,79.51502574765152,78.3202337483177,78.37667846679688,7369000.0
2024-01-08,GILD,77.95334302030415,79.0916905099416,77.61466029209345,79.01642608642578,8641200.0
2024-01-09,GILD,78.57425279944607,81.18022771213737,78.26379962816056,80.9638442993164,7601600.0
2024-01-10,GILD,78.9317470843292,79.91016290958464,78.4331329145838,79.4962158203125,8386600.0
2024-01-11,GILD,79.32688071739175,80.41819324667223,79.0634624317337,80.3335189819336,5862000.0
2024-01-12,GILD,80.7944931477773,81.33073951375954,80.56870709305036,81.26488494873047,5884200.0
2024-01-16,GILD,80.76628584051247,80.99207193731904,80.25826173948973,80.89799499511719,5139500.0
2024-01-17,GILD,80.74747499747083,81.45306284503151,80.50286920058545,81.3589859008789,5809500.0
2024-01-18,GILD,80.68160571902918,81.4248256443622,80.2770684730279,81.28370666503906,6260500.0
2024-01-19,GILD,81.26487811685689,82.66665073373011,80.99205003392738,82.1209945678711,6400700.0
2024-01-22,GILD,75.73307377049579,75.96826965177063,72.78842392087402,73.78565216064453,20378600.0
2024-01-23,GILD,73.88913686121626,75.149783304427,73.74801790086663,74.77347564697266,7837600.0
2024-01-24,GILD,74.84874848548233,75.16861867417421,73.83270754975572,74.82052612304688,7563000.0
2024-01-25,GILD,75.33795359306404,76.2599175160732,74.83933942565572,75.47907257080078,8337400.0
2024-01-26,GILD,75.47907414692332,75.74249241614082,74.6982220077361,74.81111145019531,5481400.0
2024-01-29,GILD,74.93342022444264,75.2721029174714,74.23724232326563,74.38776397705078,6586000.0
2024-01-30,GILD,74.13374256197238,74.22781947631226,73.34348069077866,73.96440124511719,8102400.0
2024-01-31,GILD,74.12434662125243,74.35013269354205,73.39053650310377,73.625732421875,7637300.0
2024-02-01,GILD,73.381117913185,73.92677410234508,72.81664921091306,73.53164672851562,7698000.0
2024-02-02,GILD,73.01422077840414,73.37171598698613,72.35567508427684,72.4027099609375,7588800.0
2024-02-05,GILD,72.11107388911088,72.48738881427984,71.50897287988465,72.16751861572266,6690400.0
2024-02-06,GILD,72.31804163324546,73.2588252816038,72.16751280425551,73.11770629882812,8121200.0
2024-02-07,GILD,71.6971184619282,71.92290451987344,69.56154281330873,70.01311492919922,12449800.0
2024-02-08,GILD,69.99430887364379,70.17305289627278,68.70543261779252,69.42984008789062,8815200.0
2024-02-09,GILD,69.44865225429079,69.73089023455205,68.4984587101952,69.30753326416016,10718300.0
2024-02-12,GILD,69.06293495593448,70.6904867396806,68.78069697450762,70.04134368896484,7605800.0
2024-02-13,GILD,70.26713960643247,70.34239685040122,68.64899043053447,69.17582702636719,8560100.0
2024-02-14,GILD,68.78070595998267,69.45807146180977,68.51728763763012,68.71485137939453,7487700.0
2024-02-15,GILD,68.71484633982351,69.21346058165243,68.498462917983,69.02530670166016,5482900.0
2024-02-16,GILD,68.67719657382851,68.76186364490029,67.14372202879035,67.3412857055664,12823200.0
2024-02-20,GILD,67.35069852893258,68.42319850082869,67.2189893912209,67.77405548095703,7874200.0
2024-02-21,GILD,68.21622820148501,68.95003834019427,68.21622820148501,68.86536407470703,6233300.0
2024-02-22,GILD,67.98103335754864,68.57372451494756,67.57649607238774,68.4702377319336,7323600.0
2024-02-23,GILD,68.91239554576153,69.84376925740037,68.67719965652685,69.19463348388672,5573500.0
2024-02-26,GILD,69.14759129703059,69.51449630929592,68.52667070543762,68.63015747070312,5177900.0
2024-02-27,GILD,68.53609052867314,68.80891866067428,68.32911696800953,68.6960220336914,6090400.0
2024-02-28,GILD,68.84654542006469,68.91239998618943,68.31029904516048,68.39496612548828,4245600.0
2024-02-29,GILD,68.41378617154537,68.59253735664213,67.6611564025574,67.83049774169922,8583200.0
2024-03-01,GILD,67.99983855304959,68.3573409204683,67.77405249514945,68.02806091308594,5401200.0
2024-03-04,GILD,68.10333543319648,68.30089916038378,67.69879813154331,67.97162628173828,5749900.0
2024-03-05,GILD,68.11273439259436,68.68661296547458,67.83049644023681,68.66779327392578,6280400.0
2024-03-06,GILD,68.56430508813519,68.97825216235366,68.21621975536887,68.32910919189453,6170300.0
2024-03-07,GILD,68.64897565571763,69.69324595314276,68.37614756942011,69.2981185913086,9902800.0
2024-03-08,GILD,69.58036405976387,70.97272714332064,69.29813324631485,70.67167663574219,9519000.0
2024-03-11,GILD,70.4458780261649,71.69712201924315,70.39884314963105,70.85982513427734,7394900.0
2024-03-12,GILD,70.79396468976472,70.87863176706487,69.85318110584758,70.634033203125,7056300.0
2024-03-13,GILD,71.0197582701597,71.66890130872389,70.5211440662347,71.443115234375,6003000.0
2024-03-14,GILD,71.01541714313069,71.30053892728633,70.16003728839863,70.53070068359375,8399300.0
2024-03-15,GILD,70.56871688476375,70.95839274137133,69.65631414265218,70.03648376464844,13963700.0
2024-03-18,GILD,70.03648872080576,70.49268649857834,69.58028369190026,69.6278076171875,6939600.0
2024-03-19,GILD,69.70383408912477,70.11251518302824,69.56127681891768,69.77037048339844,8661700.0
2024-03-20,GILD,69.63730597332385,70.3121109008789,69.19061443486375,70.3121109008789,7311400.0
2024-03-21,GILD,70.23608556542783,70.59724279214785,69.40921701212078,69.46623992919922,5836900.0
2024-03-22,GILD,69.48524290083874,69.59929597053383,68.96250872865241,69.0100326538086,7730500.0
2024-03-25,GILD,68.90549384718464,69.2286333722686,68.62036476529451,68.98152923583984,5543800.0
2024-03-26,GILD,68.73441230034102,69.05755905047579,68.53482485958125,68.81995391845703,5362800.0
2024-03-27,GILD,69.3046637644473,69.43772205943428,68.95301280675314,69.39020538330078,7747600.0
2024-03-28,GILD,69.61829376220703,70.20755701606264,69.57076984212127,69.61829376220703,8369500.0
2024-04-01,GILD,69.58979409769411,69.58979409769411,68.79143706204725,69.26664733886719,3796100.0
2024-04-02,GILD,69.20961823809212,69.23812969197081,68.33523314719278,68.51580810546875,6139000.0
2024-04-03,GILD,68.43028795395114,68.59185772690353,67.19473818766221,67.37532043457031,5145300.0
2024-04-04,GILD,67.70795905988193,67.850523594942,65.9591886998032,66.10175323486328,7341200.0
2024-04-05,GILD,66.23480348242511,66.53893773638697,65.1418185146728,66.13025665283203,6599300.0
2024-04-08,GILD,65.62653662640024,66.10174686337307,65.62653662640024,65.97818756103516,4589100.0
2024-04-09,GILD,65.73109282365272,66.48191872404676,65.68356889273137,66.47241973876953,5928100.0
2024-04-10,GILD,66.30133426008379,66.30133426008379,64.68561510449297,64.74264526367188,7983100.0
2024-04-11,GILD,65.06579380213506,65.60753325738908,64.92322926104005,65.24637603759766,6071500.0
2024-04-12,GILD,65.12280040073092,65.21784823840127,64.26742787075345,64.69511413574219,5691800.0
2024-04-15,GILD,64.88520669836785,65.06578892028145,64.34346728376026,64.3909912109375,7717800.0
2024-04-16,GILD,64.43851631440519,64.52405068352572,63.85875919769933,63.97280502319336,4974900.0
2024-04-17,GILD,64.01082729431778,64.20091576896111,63.57363467933891,63.61165237426758,5287700.0
2024-04-18,GILD,63.6876815903448,63.69718057480574,62.63271422452619,62.879825592041016,6442200.0
2024-04-19,GILD,62.96535676732187,63.51660238570766,62.87982240471001,63.4500732421875,10657000.0
2024-04-22,GILD,63.61163290647758,64.21990133691321,63.43105072361549,63.630638122558594,5622400.0
2024-04-23,GILD,63.76370320332063,64.32445502791873,63.67816884511703,63.70668029785156,5240200.0
2024-04-24,GILD,63.27900115680757,63.85875826504612,63.06990747827783,63.75421142578125,8467100.0
2024-04-25,GILD,64.12487263813196,64.53355374536298,61.86286719530927,62.03394317626953,15172000.0
2024-04-26,GILD,62.252541421129294,63.06039737865784,61.42567299337213,62.17650604248047,12382400.0
2024-04-29,GILD,62.06246582372626,63.592643514176345,61.96741796627543,62.67073440551758,7838800.0
2024-04-30,GILD,62.36659314499664,62.38559836368285,61.606253877160604,61.967411041259766,7436600.0
2024-05-01,GILD,62.08146460489999,62.62320398096183,61.74881889172741,62.262046813964844,7232500.0
2024-05-02,GILD,62.49014393022298,62.53766785267615,61.67278177172946,62.09096908569336,5571500.0
2024-05-03,GILD,62.26204744299936,62.28105266203007,61.14055099073507,61.5682373046875,7822700.0
2024-05-06,GILD,61.568240051376776,62.30956689590396,61.15005270271709,62.29056167602539,7187300.0
2024-05-07,GILD,62.18601186141039,62.86080952735377,61.929401524104,62.21452331542969,7318200.0
2024-05-08,GILD,62.31907254164708,62.357090232177555,61.54923424902093,61.701297760009766,5135000.0
2024-05-09,GILD,61.94840557769521,61.98642326605,61.32112459654018,61.37815475463867,6048600.0
2024-05-10,GILD,61.51122350695129,62.91784195980859,61.46369957563652,62.68974304199219,8733200.0
2024-05-13,GILD,62.87031476372314,64.23891529283858,62.85130229392377,64.19139862060547,6736500.0
2024-05-14,GILD,64.62859758649495,64.98025580141771,63.72570096184285,64.29595184326172,4356200.0
2024-05-15,GILD,64.56206440439628,64.60958832951775,63.64966160090089,63.687679290771484,7532100.0
2024-05-16,GILD,63.687688349551784,64.60009128282513,63.53561756843926,64.49554443359375,4832000.0
2024-05-17,GILD,64.45752076739865,64.45752076739865,63.87776365759638,64.36248016357422,3579000.0
2024-05-20,GILD,64.36247809530862,64.66661236845351,64.03933135132985,64.53355407714844,4719700.0
2024-05-21,GILD,64.43851287257851,64.53355347245831,63.52610281056025,63.95379638671875,5701200.0
2024-05-22,GILD,63.8492589312345,64.52405671598446,63.64967146682683,64.43852233886719,6227700.0
2024-05-23,GILD,64.21040423863408,64.27693338108033,62.73725686985773,62.889320373535156,5625300.0
2024-05-24,GILD,63.08890976179137,63.136433686929834,61.97691952442734,62.42361831665039,5971000.0
2024-05-28,GILD,62.07196109851549,62.3000672414034,60.579804815572146,60.7698860168457,5593400.0
2024-05-29,GILD,60.35170364379883,60.74137591600384,59.97153398164275,60.35170364379883,5609600.0
2024-05-30,GILD,60.33269578430995,61.14055542320494,59.943023505735496,60.902950286865234,7118600.0
2024-05-31,GILD,59.61037536140667,61.112041502793645,58.99260058160741,61.08352279663086,14509300.0
2024-06-03,GILD,61.1120438061802,61.67278844592205,60.047570187771996,60.28517532348633,8560900.0
2024-06-04,GILD,60.38971771449677,61.397161095346476,60.06657460870794,60.978981018066406,6593100.0
2024-06-05,GILD,60.997989353425496,61.22608824824395,60.171124514967104,60.71286392211914,6145800.0
2024-06-06,GILD,60.63682875893049,61.10253641134564,60.35170332659533,60.684349060058594,6087400.0
2024-06-07,GILD,60.65583157577923,61.701292598953046,60.40872385913375,61.4921989440918,7412500.0
2024-06-10,GILD,61.35914210705765,62.04344599319522,60.86492666214307,62.01493453979492,11592200.0
2024-06-11,GILD,61.44468781908862,61.68229294812521,61.06451816240346,61.672786712646484,4648200.0
2024-06-12,GILD,61.77733212366592,61.98642579257345,60.69385334035688,61.15005111694336,5846100.0
2024-06-13,GILD,60.883932342925405,60.98847917360862,60.35169920572555,60.40872573852539,6502400.0
2024-06-14,GILD,60.3702438240131,63.13140343495724,60.33175991925503,62.59263610839844,9793600.0
2024-06-17,GILD,62.29439534463272,62.47719205816795,61.57283864179914,61.83259582519531,5915800.0
2024-06-18,GILD,61.73638739645587,61.89993848129562,60.31251599715299,60.75507354736328,6684600.0
2024-06-20,GILD,62.56378181347784,66.83540028510366,62.40023070552408,65.89256286621094,25061700.0
2024-06-21,GILD,68.83652240441951,69.44262748058922,66.92198638943131,67.9898910522461,31120000.0
2024-06-24,GILD,68.30736459281547,69.33678514589377,67.88404899863426,68.047607421875,10915500.0
2024-06-25,GILD,67.96101412554752,68.76916137893706,66.89310971145825,66.97007751464844,8354500.0
2024-06-26,GILD,66.56601314511,67.56657265040192,66.28701034016814,66.68145751953125,5795200.0
2024-06-27,GILD,66.51790661550699,66.95083770090874,65.92141709912617,66.21966552734375,7176300.0
2024-06-28,GILD,66.21966868144388,66.38321978015868,65.47886632129264,66.00801086425781,9590000.0
2024-07-01,GILD,66.02724242364975,67.33566576023269,65.9021752444374,66.036865234375,5251000.0
2024-07-02,GILD,65.70977076931297,65.89256015418587,65.01707511701298,65.80597686767578,4846200.0
2024-07-03,GILD,65.6520317978047,65.73862241191829,64.05499024247537,64.06460571289062,3995700.0
2024-07-05,GILD,64.09347501323563,64.39171608133454,63.50660834758344,64.16082000732422,4211700.0
2024-07-08,GILD,65.28644602139308,65.59430989724186,64.4879215702668,64.98820495605469,5747000.0
2024-07-09,GILD,64.555265589501,65.39227392998345,63.82408614287451,65.19023895263672,5364100.0
2024-07-10,GILD,65.25758484155786,66.24852146122774,65.08441095287404,66.14269256591797,4101600.0
2024-07-11,GILD,65.63279688240817,67.6339158394571,65.55582907481688,67.3164291381836,9594900.0
2024-07-12,GILD,67.58581127804683,67.99950408196302,67.25870909544324,67.30680847167969,5101000.0
2024-07-15,GILD,67.73011797870633,68.54788070152075,67.54732128135176,68.12456512451172,7569300.0
2024-07-16,GILD,67.66277152045625,69.31754255104583,67.66277152045625,68.92308807373047,5129700.0
2024-07-17,GILD,69.27907074141285,71.17436097722711,69.27907074141285,70.52014923095703,7220100.0
2024-07-18,GILD,69.84668332612168,72.07869830417773,69.75047723931961,70.72217559814453,8120100.0
2024-07-19,GILD,70.72218089407521,70.9434541762843,69.23096074678648,69.8082046508789,5571800.0
2024-07-22,GILD,70.12569449053515,70.53938731923719,69.28868602128549,69.66390228271484,6420800.0
2024-07-23,GILD,69.22133452035081,69.54844403189982,68.09570786189491,68.47091674804688,4502400.0
2024-07-24,GILD,68.94233939263235,70.80876102135991,68.71143596924107,70.71255493164062,6600000.0
2024-07-25,GILD,71.9151509589992,74.40692323488763,71.5591803452776,73.60840606689453,11733400.0
2024-07-26,GILD,73.14660213324738,75.32089490890574,72.86759934583536,74.08943939208984,7453600.0
2024-07-29,GILD,74.1952683427223,75.02265389494555,73.89701993386257,74.78213500976562,4571100.0
2024-07-30,GILD,74.48389163800788,75.47482833755436,73.71423555741512,75.09000396728516,6120800.0
2024-07-31,GILD,74.9360607573025,75.01302855958248,72.99267146008178,73.17546081542969,7052000.0
2024-08-01,GILD,73.22357103622147,74.28185267810319,72.93494543386556,73.58915710449219,5662500.0
2024-08-02,GILD,74.83986465580966,75.24393466158956,72.67519447334718,73.8585433959961,6458100.0
2024-08-05,GILD,73.96436940938487,74.25299502510927,71.47259713117789,71.99211883544922,7349100.0
2024-08-06,GILD,71.67463728755135,72.64633576773888,71.33791227166107,71.37639617919922,5311100.0
2024-08-07,GILD,71.68424882571294,72.46352764565303,71.14548154496525,71.19358825683594,4214700.0
2024-08-08,GILD,71.24170703136892,72.8772327511483,70.9723196753555,72.72329711914062,7786300.0
2024-08-09,GILD,72.09794883616811,73.35826554123953,70.04872308144685,70.86649322509766,9545100.0
2024-08-12,GILD,70.55862595567211,70.70293877385808,69.68314091477227,70.2219009399414,5606900.0
2024-08-13,GILD,70.18341054135783,71.43411172988934,69.91403055368744,71.17435455322266,4356900.0
2024-08-14,GILD,70.72218022473268,71.53032021480264,70.22189679654751,71.32828521728516,4747800.0
2024-08-15,GILD,71.55918245322799,72.1652947955289,70.9530774509816,71.52069854736328,5196700.0
2024-08-16,GILD,71.13586920647045,71.42448747024025,70.12568693314107,70.98193359375,5148000.0
2024-08-19,GILD,70.55862136981378,71.6938708776754,70.49127637104463,71.62652587890625,3727900.0
2024-08-20,GILD,71.71311850147244,72.05946631625179,71.52069897100915,71.91515350341797,3668000.0
2024-08-21,GILD,72.0113512298836,72.52125008125837,71.96325185789854,72.28073120117188,3659700.0
2024-08-22,GILD,72.7040510786585,73.36788557577356,72.49239327725635,73.02153778076172,5930800.0
2024-08-23,GILD,73.20432774722727,74.19527176552843,73.03116118836084,73.81044006347656,6847100.0
2024-08-26,GILD,73.88741539650076,74.49352043442083,73.5218219392955,74.04134368896484,2926800.0
2024-08-27,GILD,74.28185371403104,74.52237260599723,73.78157764836517,74.07981872558594,3902000.0
2024-08-28,GILD,74.52237625058764,76.43690466905527,74.30110296958745,75.58065795898438,6214100.0
2024-08-29,GILD,75.93662123607488,76.62931678624149,75.28240958759015,76.43689727783203,5544800.0
2024-08-30,GILD,76.41766005891812,77.20656170422518,75.61913560304343,76.00396728515625,6205300.0
2024-09-03,GILD,76.76401218973305,77.389362791104,76.38880329692134,76.67742156982422,8733300.0
2024-09-04,GILD,76.64855762970153,76.96604432415161,75.73458878937382,76.12903594970703,4580600.0
2024-09-05,GILD,75.95586585756435,76.31183647279742,74.79175525971046,75.7826919555664,4306400.0
2024-09-06,GILD,76.1098051682913,76.20601126516608,75.2920423347737,75.7345962524414,9220900.0
2024-09-09,GILD,75.42673123594895,77.15846297454743,75.3882473297506,76.16752624511719,5571500.0
2024-09-10,GILD,76.16753209007673,78.46689244648151,75.74422376952008,78.35144805908203,6869000.0
2024-09-11,GILD,78.06281165428796,78.12053384003423,76.61969829019826,77.87039947509766,6144800.0
2024-09-12,GILD,79.87151299045348,81.67059700280251,78.87096082685281,80.00621032714844,11448200.0
2024-09-13,GILD,79.57893666859572,80.76363957882597,79.20993388043102,80.41405487060547,6530300.0
2024-09-16,GILD,80.59856248855499,81.16178313703377,80.13244706013899,80.75393676757812,7844100.0
2024-09-17,GILD,80.65683058086468,80.92872818221804,79.99650465958341,80.64712524414062,7078500.0
2024-09-18,GILD,80.95786272424711,82.0745839061847,80.36551123033314,81.46281433105469,9199500.0
2024-09-19,GILD,81.94834732787945,82.20082683398095,81.01612385379727,81.47252655029297,8798300.0
2024-09-20,GILD,80.85104192978258,81.55991670352151,80.3557956765675,81.51136779785156,24926000.0
2024-09-23,GILD,81.81240077767322,82.01632397365924,81.06468239239118,81.55992126464844,6474400.0
2024-09-24,GILD,81.3656997680664,81.84152049410578,80.92871520000132,81.3656997680664,7985100.0
2024-09-25,GILD,81.51137014647442,81.55991905354321,79.77315924649349,79.8314208984375,8375500.0
2024-09-26,GILD,79.64691289651023,80.71509253438083,79.4624152025035,80.63740539550781,5654500.0
2024-09-27,GILD,80.82190755612095,81.89007974645503,80.63740246017716,81.19091033935547,5456700.0
2024-09-30,GILD,80.7442144801664,81.81238659192093,80.73450173671202,81.41424560546875,5116100.0
2024-10-01,GILD,81.3948370886676,81.55021136757955,80.42377007142812,81.51136779785156,6619000.0
2024-10-02,GILD,80.91902251996491,82.95826193056539,80.69567382909231,82.28822326660156,6042300.0
2024-10-03,GILD,81.81239019771888,82.47271601732255,81.5793362051096,81.73470306396484,4086100.0
2024-10-04,GILD,81.89978087623741,82.50184503668986,81.55020359929226,82.14254760742188,4054300.0
2024-10-07,GILD,82.58925447675719,83.18160596213743,81.89979036073478,81.98719024658203,4692500.0
2024-10-08,GILD,82.07457508340269,82.91940599423036,81.8803646575046,82.74461364746094,4593100.0
2024-10-09,GILD,82.71548925515786,84.33716940430827,82.59895854536761,83.64771270751953,6162100.0
2024-10-10,GILD,83.34667896178031,83.45349692008139,82.14255059705044,82.2202377319336,3814800.0
2024-10-11,GILD,82.40474924656887,82.52127995797433,81.73471062113117,82.49214172363281,3982300.0
2024-10-14,GILD,82.46300520974872,82.87085155855478,81.89978458978622,82.58924865722656,3493100.0
2024-10-15,GILD,82.71548519717689,84.13324209112999,82.34648241392435,83.33696746826172,5133500.0
2024-10-16,GILD,83.34667907254126,84.30803328987562,83.34667907254126,84.24005889892578,3181200.0
2024-10-17,GILD,84.40514087395874,85.1140230354687,84.08468698963289,84.83241271972656,4287700.0
2024-10-18,GILD,84.27890426300434,84.6479070490763,83.52147320237324,84.21092987060547,4365100.0
2024-10-21,GILD,84.13324507937922,84.74501462802355,83.43407564741239,83.79337310791016,4451200.0
2024-10-22,GILD,83.20101882739696,85.80347862027922,83.12333169121467,85.60926818847656,6044400.0
2024-10-23,GILD,85.59954890025678,85.83260288233376,84.61876925473129,84.70616912841797,4373500.0
2024-10-24,GILD,85.18199795556735,86.63859844753354,85.08489273783358,86.2113265991211,7183500.0
2024-10-25,GILD,86.86194210095472,87.14355242619975,85.89087507955264,86.42496490478516,5734900.0
2024-10-28,GILD,86.65801780549576,86.83281016345536,85.95884837365739,86.19190979003906,5961700.0
2024-10-29,GILD,85.82289370149076,85.95884248073341,84.29831889828142,85.53157806396484,6655800.0
2024-10-30,GILD,85.35678862266236,85.81319128650235,84.94894227105546,85.73550415039062,5846900.0
2024-10-31,GILD,85.3956315815063,86.69685776315576,85.20141374261256,86.25016784667969,5894500.0
2024-11-01,GILD,85.75492691264657,86.97847344293075,85.63840361076943,86.92021179199219,6485900.0
2024-11-04,GILD,86.90078962984991,88.08549263531735,86.78426632351132,87.24066162109375,6124300.0
2024-11-05,GILD,87.04644428539811,87.77474452701533,86.43467474955479,87.60966491699219,3960200.0
2024-11-06,GILD,88.36710125951157,89.31875022519083,87.88156773610767,89.03713989257812,8819300.0
2024-11-07,GILD,91.28029639145231,95.47530546118143,90.80447564426017,95.06745910644531,14389800.0
2024-11-08,GILD,93.27098077264372,94.50423250312976,92.16396507483653,93.77593231201172,7456700.0
2024-11-11,GILD,93.6108637959652,96.038531387102,93.51375857405044,94.2226333618164,7094300.0
2024-11-12,GILD,93.5623046065101,94.03812536533303,91.50364729400494,91.62017059326172,9322700.0
2024-11-13,GILD,91.40652869852688,91.48421583206145,88.97886134046776,89.9499282836914,11060500.0
2024-11-14,GILD,89.63918723198407,89.97906658931434,88.65841495275099,89.44497680664062,8202700.0
2024-11-15,GILD,89.05655266581493,89.32845023733108,85.65781820455678,85.84232330322266,11454500.0
2024-11-18,GILD,85.83260696982659,86.46380196796893,85.09459401467616,85.90058135986328,9099600.0
2024-11-19,GILD,85.09459752913637,86.03653369329942,83.58944814225946,85.21112823486328,8179300.0
2024-11-20,GILD,85.56071461469003,86.50265079725237,85.23054797967436,86.06566619873047,4781700.0
2024-11-21,GILD,86.49293293038876,87.3377638439084,85.52186598049839,87.16297149658203,4057300.0
2024-11-22,GILD,87.21151808656508,87.87184389132881,86.68714105848922,87.58052825927734,4545900.0
2024-11-25,GILD,88.12432854960981,88.72639274510796,86.91049482303117,87.8718490600586,10754100.0
2024-11-26,GILD,87.72618291159732,89.02741645046807,87.03672628024486,88.70696258544922,4406500.0
2024-11-27,GILD,88.79436905922061,90.21212599351051,88.79436905922061,89.7363052368164,5527200.0
2024-11-29,GILD,90.15385452590347,90.46460307063458,89.6586157022077,89.90138244628906,3851000.0
2024-12-02,GILD,89.8528254258667,91.62987975661379,89.81398185808143,91.29971313476562,5023100.0
2024-12-03,GILD,91.09579591806546,91.65901657480687,89.78485690635274,89.8139877319336,5532000.0
2024-12-04,GILD,89.91109235531037,89.92080509999055,87.26008352393926,88.94002532958984,9124300.0
2024-12-05,GILD,88.94973176313368,91.54247875977082,88.94973176313368,90.68794250488281,12428600.0
2024-12-06,GILD,90.79476572010995,91.49393515488998,89.36729602554293,89.46440124511719,4470700.0
2024-12-09,GILD,89.20221523277583,89.48382555187763,87.88156351978623,87.96895599365234,7396100.0
2024-12-10,GILD,88.70696548432826,90.26067114157625,88.01750883044487,89.66831970214844,6748200.0
2024-12-11,GILD,89.72658643728755,91.91148704497157,89.2798965354216,89.70716094970703,7525100.0
2024-12-12,GILD,89.78484808272357,90.52286102907517,88.79436306704737,89.70716094970703,5782700.0
2024-12-13,GILD,89.75612254479785,90.19677255153472,87.29825596912438,89.95196533203125,7515500.0
2024-12-16,GILD,90.04989651237936,91.32289718051807,89.99114516400887,90.13803100585938,7068100.0
2024-12-17,GILD,89.97156300193602,91.64604379167244,89.97156300193602,90.8724594116211,6125300.0
2024-12-18,GILD,90.79411575488058,91.5579131936616,88.70835316490601,88.80628204345703,6616100.0
2024-12-19,GILD,88.5223045881227,89.5798737189925,88.39500003458265,89.19796752929688,8875200.0
2024-12-20,GILD,89.03149514990447,91.3522704720233,88.82585796504696,90.64722442626953,22530200.0
2024-12-23,GILD,90.69619401906098,91.57749415543492,89.88343214394551,91.45999145507812,4809500.0
2024-12-24,GILD,91.06829351836829,92.09648691742917,90.18698595787669,91.9985580444336,2109100.0
2024-12-26,GILD,91.2347558975467,92.58609657689841,91.04870748457735,92.44900512695312,2915400.0
2024-12-27,GILD,91.48936689290375,92.4196314659635,91.48936689290375,92.15524291992188,3349300.0
2024-12-30,GILD,91.97897956696735,92.04752529760732,89.81488438999197,90.09886169433594,3613200.0
2024-12-31,GILD,90.66681725022252,91.04872346601748,89.87364408332725,90.4513931274414,3482500.0
2025-01-02,GILD,90.69618476369328,90.90182193925729,89.50152429248199,89.97154998779297,3495200.0
2025-01-03,GILD,90.27511940812586,90.42199777407691,89.41339314961834,89.51132202148438,4265200.0
2025-01-06,GILD,88.86502693787492,89.62882432116668,88.45375257316766,89.3350601196289,6779400.0
2025-01-07,GILD,89.00211442410183,89.60923903368607,88.63001013037683,88.74751281738281,5811900.0
2025-01-08,GILD,88.79648087640454,88.79648087640454,87.15137595283983,87.28846740722656,8054200.0
2025-01-10,GILD,88.31666574008668,89.53090760601968,86.73031207343878,88.01309967041016,7869700.0
2025-01-13,GILD,88.42437665530386,88.4929223825653,87.1709573310713,88.07185363769531,6523300.0
2025-01-14,GILD,88.70834531572616,89.57986593798344,87.96413670687495,89.10983276367188,7418300.0
2025-01-15,GILD,89.45256177350862,90.73535675938194,89.14900319416611,90.46116638183594,8084400.0
2025-01-16,GILD,90.3436681686244,91.13684125508212,88.9335760407669,89.746337890625,8955300.0
2025-01-17,GILD,90.09886291455084,90.87245472563548,89.78550993153517,89.93238830566406,6862200.0
2025-01-21,GILD,90.14782141395094,91.94960670009773,90.14782141395094,91.02912902832031,10546000.0
2025-01-22,GILD,90.70598017270211,91.3718561958867,89.93238836114027,91.10746765136719,7285700.0
2025-01-23,GILD,91.09766786939446,91.35226948782345,90.2947004305867,90.98995208740234,4086100.0
2025-01-24,GILD,90.44158914140066,92.04752407005535,90.34366773763863,91.1368408203125,5409200.0
2025-01-27,GILD,91.16621869086494,93.84930406739534,91.16621869086494,93.3694839477539,7914200.0
2025-01-28,GILD,93.02675726664275,94.6914436188339,91.8614723375542,91.90064239501953,7406100.0
2025-01-29,GILD,92.43921481171289,93.93743391695634,92.12586184506671,93.6044921875,5593500.0
2025-01-30,GILD,94.55435006609522,94.95583754305945,93.45761836497228,94.93624877929688,5020500.0
2025-01-31,GILD,94.72082182001122,96.3267567376252,94.4270501398206,95.1810531616211,9419400.0
2025-02-03,GILD,95.01458265017267,97.38431488689596,94.73060536166757,96.33654022216797,10515600.0
2025-02-04,GILD,96.33654960421012,96.42468410208582,95.03418066785508,95.95465087890625,6156200.0
2025-02-05,GILD,96.43447356032215,98.4223072010265,95.97423474283408,97.58016967773438,7738300.0
2025-02-06,GILD,97.47245215231436,97.52140911804993,95.81755280941543,96.00360870361328,4518000.0
2025-02-07,GILD,95.72942577308925,96.28758598466862,93.90805929931989,94.04515075683594,7182200.0
2025-02-10,GILD,94.04515387313731,94.17245095335633,92.59589166875642,93.49678802490234,9628200.0
2025-02-11,GILD,93.34990094836039,94.28016549589304,93.05612926444257,94.14307403564453,6260000.0
2025-02-12,GILD,99.62674966620317,102.53506079590763,98.73565522102818,101.16413879394531,16210300.0
2025-02-13,GILD,102.66236272008446,104.21934068381611,101.66355244727347,103.75910186767578,8715000.0
2025-02-14,GILD,103.60242686045736,104.4739400363766,101.76147163597025,101.91815185546875,6400400.0
2025-02-18,GILD,102.0846138634761,104.36621901670784,101.83980663598575,103.0638427734375,9434600.0
2025-02-19,GILD,103.04426166222974,105.57066657643607,103.01487851930374,105.41399383544922,6384100.0
2025-02-20,GILD,105.5412951027975,107.82290035077082,105.19856646426426,107.74456024169922,7684500.0
2025-02-21,GILD,108.43002648625658,108.72379069294365,107.48996010627046,107.66622161865234,9732800.0
2025-02-24,GILD,107.2941120788543,109.66384426369163,107.17660191934527,108.72378540039062,10495100.0
2025-02-25,GILD,108.79234065403045,109.7813640381458,107.81311165179629,109.21340942382812,8072000.0
2025-02-26,GILD,108.41043375795927,108.7629567698289,106.1484173242323,108.1656265258789,5911200.0
2025-02-27,GILD,108.03833269211108,110.23180346542013,107.76414977931297,109.66384887695312,6301000.0
2025-02-28,GILD,109.82053062284135,112.38610574619425,109.48758888772677,111.93566131591797,12604000.0
2025-03-03,GILD,112.50361441066553,114.72646832951165,112.29797722595306,113.58076477050781,10017300.0
2025-03-04,GILD,114.81459435577727,114.95168581106549,111.22082590329198,112.35672760009766,11982700.0
2025-03-05,GILD,112.35673339841304,114.7754302244126,112.12172053020855,113.04219818115234,16088200.0
2025-03-06,GILD,113.06177563074048,113.89411875848675,112.22943250299423,113.62973022460938,7712200.0
2025-03-07,GILD,113.24783027487751,115.96029119625302,112.40569277490012,114.97127532958984,14406000.0
2025-03-10,GILD,114.56979158103044,117.4683084886208,114.3543600083507,114.77542877197266,11194400.0
2025-03-11,GILD,114.22705094136863,114.55019826647403,111.553752797833,112.05316162109375,11478800.0
2025-03-12,GILD,110.7997505119311,112.48402539981554,110.47660318487625,111.62229919433594,8065900.0
2025-03-13,GILD,111.42646861871965,113.07157363478407,110.35910512563784,110.99560546875,6939100.0
2025-03-14,GILD,111.32101102337307,111.78447998744227,109.35867091063595,109.89116668701172,8647900.0
2025-03-17,GILD,108.99381649464979,110.99560168309304,107.93868800758746,110.69977569580078,9259000.0
2025-03-18,GILD,110.63074878828822,110.64060438817205,108.31340384460874,108.69799041748047,10250400.0
2025-03-19,GILD,108.16549479223782,108.1950766386558,104.32955989062646,106.01579284667969,11967600.0
2025-03-20,GILD,105.3452391221433,105.3452391221433,103.24483783163252,104.3985824584961,11281700.0
2025-03-21,GILD,103.69846048995784,105.92704496041551,103.46179066033122,105.5917739868164,26497500.0
2025-03-24,GILD,105.52274428496354,105.8974602199316,104.62538813303205,105.2564926147461,8563200.0
2025-03-25,GILD,105.25648456468319,106.44966661927369,104.82260496878737,106.3905029296875,8444700.0
2025-03-26,GILD,106.48911856504178,108.9247909240603,106.40037302484699,107.75132751464844,7391400.0
2025-03-27,GILD,108.4711774167733,110.25601892861103,108.21478889088425,109.61505889892578,6382900.0
2025-03-28,GILD,109.60520077764413,110.8181016037514,108.12604829082939,110.2363052368164,7844800.0
2025-03-31,GILD,108.14577180476488,110.89699645492762,108.07674498658984,110.4926986694336,8828600.0
2025-04-01,GILD,110.44338520242988,111.29143322638866,109.17131316649173,109.73339080810547,6284400.0
2025-04-02,GILD,109.58547578602611,110.46310566971529,108.93465259652295,110.33491516113281,7444300.0
2025-04-03,GILD,111.44921379124173,113.15517308794365,110.71950062035242,110.82797241210938,10045200.0
2025-04-04,GILD,108.97410068343966,111.30130129111312,105.6312165312075,105.75940704345703,12920000.0
2025-04-07,GILD,103.29414894036223,107.48508099760843,101.88402326487211,104.0534439086914,14202800.0
2025-04-08,GILD,103.93512033365327,105.9763505448251,100.3851557303143,101.7558364868164,11293700.0
2025-04-09,GILD,96.60838196278857,105.96648471899587,95.96741437162727,103.78720092773438,19225200.0
2025-04-10,GILD,103.36318107377267,103.54067968273456,97.87059484296577,99.99071502685547,14193700.0
2025-04-11,GILD,100.75986812386083,103.33359406354356,99.35960556943014,102.18971252441406,8683700.0
2025-04-14,GILD,102.5348558759895,105.6903782389318,102.5348558759895,105.01982879638672,6335100.0
2025-04-15,GILD,104.92122184105098,105.01983050586827,103.4124874516055,104.21122741699219,7577300.0
2025-04-16,GILD,104.45775015542809,104.92121914384981,102.89970771194699,103.4223403930664,7115800.0
2025-04-17,GILD,103.28429161361541,104.280256453184,102.08124631651735,103.08707427978516,8066400.0
2025-04-21,GILD,102.65318292835083,103.76748263676166,101.65721812942466,102.87998962402344,6721000.0
2025-04-22,GILD,103.44207171057435,104.96066925891691,103.32373679601916,104.04359436035156,7540700.0
2025-04-23,GILD,104.477465253687,105.1578777895382,97.93961411986959,104.9014892578125,8178700.0
2025-04-24,GILD,104.63524527830869,106.06508964226508,104.27038496429901,104.67469024658203,10133200.0
2025-04-25,GILD,101.2529191637234,102.751790382774,92.07231507906177,101.7361068725586,14208000.0
2025-04-28,GILD,102.41651742226638,105.0592701310446,101.70652303433215,104.86204528808594,9458900.0
2025-04-29,GILD,104.21122842407912,105.68051785712497,102.66304904907349,102.76165771484375,7646100.0
2025-04-30,GILD,103.8660906488806,105.32551690658723,102.35735629835796,105.05927276611328,9628500.0
2025-05-01,GILD,104.04359443189428,104.38872852871876,101.72625689794813,101.81500244140625,7270900.0
2025-05-02,GILD,103.41248469437701,103.70831068094148,101.05570230829431,102.23902130126953,7033800.0
2025-05-05,GILD,102.27846728354201,102.40665779332005,101.03597706226425,101.38111114501953,5487300.0
2025-05-06,GILD,100.90778745406608,101.30222963360724,95.9772790181988,96.5196304321289,11409400.0
2025-05-07,GILD,96.5097757458825,98.31433613274378,95.9772799269638,97.52545928955078,8119000.0
2025-05-08,GILD,95.89838969727099,97.07185312006462,93.97549440420138,96.79574584960938,12994700.0
2025-05-09,GILD,96.70699202432489,97.27893280768822,94.86297916349159,95.56311798095703,13141000.0
2025-05-12,GILD,95.4447816510378,103.20540451120442,94.85312215303425,102.3770751953125,12935600.0
2025-05-13,GILD,101.13458638485966,101.4008380528346,99.33002601944179,100.02029418945312,8443000.0
2025-05-14,GILD,99.5272423336725,100.31612668281774,96.71685406530052,97.01268005371094,10047100.0
2025-05-15,GILD,98.14669465242308,99.22154934808414,96.49990672548829,98.9454345703125,9678900.0
2025-05-16,GILD,99.21169258423103,101.12473228865234,98.83697664684661,101.07542419433594,6398400.0
2025-05-19,GILD,101.56847022020894,104.77330059123494,101.41069034457708,104.68455505371094,8561400.0
2025-05-20,GILD,104.29012000799067,107.74147602780037,104.29012000799067,107.59355926513672,10712100.0
2025-05-21,GILD,106.60744891080901,107.25827208111475,105.89745452621477,106.22286987304688,7968900.0
2025-05-22,GILD,105.75940658476658,106.44967476059168,104.65496998008757,105.2564926147461,7069400.0
2025-05-23,GILD,104.37886020205724,106.34120041763671,104.11261606159518,105.87773895263672,6037100.0
2025-05-27,GILD,106.79481593705893,108.02744304841298,106.5384273913568,107.5738296508789,7929700.0
2025-05-28,GILD,107.60341840317936,107.92882624095522,105.73968682338462,106.93286895751953,4598300.0
2025-05-29,GILD,107.0807773164689,109.6939482608529,106.61731584866956,109.56575775146484,5596800.0
2025-05-30,GILD,110.06867690013911,110.06867690013911,108.05702848478336,108.55007934570312,11913200.0
2025-06-02,GILD,107.7217396062044,108.87548422732466,104.22108334504324,107.39633178710938,9987000.0
2025-06-03,GILD,106.89342621302349,108.24438073248743,106.1538499350598,107.81050109863281,9884000.0
2025-06-04,GILD,107.99784971561144,109.74325385432977,107.3766083826919,107.50479888916016,7963200.0
2025-06-05,GILD,107.45550004879513,110.96601958211512,106.80466933619967,108.92478942871094,10819400.0
2025-06-06,GILD,110.13769297358512,111.19282141207005,109.23047376025733,110.89698791503906,5263500.0
2025-06-09,GILD,111.0350469615634,111.94225869582353,110.21658076673017,111.42948913574219,6153000.0
2025-06-10,GILD,108.36271157001327,110.68004898247617,108.23452106172985,108.55992889404297,8870800.0
2025-06-11,GILD,108.29368385889343,109.4967290862603,107.50479952257984,107.78091430664062,6413600.0
2025-06-12,GILD,109.05298356459633,110.53213611694024,107.38647680483959,110.4926986694336,7026000.0
2025-06-13,GILD,109.74786308019178,110.60193264321101,108.72496775110032,109.22151947021484,8150100.0
2025-06-16,GILD,109.41020664722032,110.70124417920543,108.04965975270818,110.06565856933594,4740600.0
2025-06-17,GILD,109.52938054195127,109.92662343778647,106.9969637106826,107.25517272949219,7460400.0
2025-06-18,GILD,107.86096644086582,111.00910256273993,106.45076135858997,107.25517272949219,12894800.0
2025-06-20,GILD,108.09930893504448,109.40027960576546,106.56000313478037,107.75172424316406,23268100.0
2025-06-23,GILD,108.06951618343292,108.68524304470314,104.62344602970231,105.45765686035156,8173400.0
2025-06-24,GILD,105.59669058637768,106.8579286213088,105.26896463277346,106.46068572998047,7916700.0
2025-06-25,GILD,106.10316782170632,106.18261791527983,103.7395843637289,105.19944763183594,6053400.0
2025-06-26,GILD,105.45765417043619,107.11613505674254,105.06041128867751,106.87779235839844,6311700.0
2025-06-27,GILD,107.51337824065835,111.22758290546817,106.1031656276129,109.90675354003906,19545200.0
2025-06-30,GILD,109.84717580207084,110.67145350344329,109.12220693268561,110.10538482666016,6602300.0
2025-07-01,GILD,110.73103264497163,111.79365301391954,110.03586327342737,110.9594497680664,7677200.0
2025-07-02,GILD,111.01903454799385,112.05186303556245,110.32385759341875,110.740966796875,5991100.0
2025-07-03,GILD,110.78069142534729,111.30703503465993,109.84717177002122,110.97930908203125,4039800.0
2025-07-07,GILD,111.22758583785605,111.80358765437167,109.98620653162997,111.00910186767578,6956400.0
2025-07-08,GILD,110.98924434797863,112.3696575454764,110.1252416137437,110.2940673828125,4682400.0
2025-07-09,GILD,111.65461879863992,112.88606492880541,111.05875825673905,112.45903015136719,5234900.0
2025-07-10,GILD,112.29020539883217,114.07779461742189,112.05186269527952,113.75006866455078,6096900.0
2025-07-11,GILD,112.75696255779718,113.02509714584971,108.69516565378336,108.88385772705078,6116200.0
2025-07-14,GILD,108.91365464100045,111.41627960322438,108.90372906168058,111.31696319580078,6380600.0
2025-07-15,GILD,110.17490068904611,110.72110304802216,107.98014294345063,108.307861328125,4938400.0
2025-07-16,GILD,107.83117678062185,109.95641760401632,107.82124362440649,109.09241485595703,3958600.0
2025-07-17,GILD,108.45682820862248,109.39034788775393,107.41407411927385,108.0496597290039,4276000.0
2025-07-18,GILD,109.0924115834306,110.13517322819483,107.29489677806052,107.4736557006836,6627900.0
2025-07-21,GILD,107.63255010246507,108.62565356094547,107.00689765126255,107.53324127197266,3573800.0
2025-07-22,GILD,107.65241230573093,110.20468779353865,107.31475320281083,109.41020202636719,4487900.0
2025-07-23,GILD,109.85710597089871,113.10455090691802,109.61875568847715,112.77682495117188,5228500.0
2025-07-24,GILD,112.79668804204476,112.91585560307456,111.73406768778825,112.41930389404297,4103700.0
2025-07-25,GILD,113.76993151485253,116.78896698391091,113.34289671811912,115.39862060546875,7680800.0
2025-07-28,GILD,112.6079984965281,113.95861978156293,111.90289596308429,112.25048065185547,5370500.0
2025-07-29,GILD,112.17102859056689,113.62096625562641,111.52551742707696,113.44220733642578,6278900.0
2025-07-30,GILD,113.48192550024271,114.9517219089734,112.7470310842663,113.96855163574219,5826900.0
2025-07-31,GILD,113.074758960071,114.74317305230952,111.02896828601803,111.51558685302734,7883500.0
2025-08-01,GILD,111.48579125859627,113.02509700259289,111.07861522243589,112.39944458007812,5016300.0
2025-08-04,GILD,112.66758109100736,113.7798596601311,112.44910470092363,113.72027587890625,5634200.0
2025-08-05,GILD,113.20385712085299,113.71034198832497,111.53544306633745,111.68441009521484,6132100.0
2025-08-06,GILD,111.19779458284698,111.4758623367477,109.43007165295408,109.51944732666016,7446500.0
2025-08-07,GILD,109.81738139256981,109.90675706627589,107.79144944400709,109.51944732666016,9190300.0
2025-08-08,GILD,114.42538092879124,120.54289425196059,114.00827929746157,118.58648681640625,13115300.0
2025-08-11,GILD,118.40772924226106,119.7782092937344,117.35503441913868,119.63917541503906,7953000.0
2025-08-12,GILD,119.72854512416227,120.9897907024837,118.43751523249377,119.19226837158203,6084100.0
2025-08-13,GILD,119.71862319240559,120.28469185235534,118.67586154560331,119.31144714355469,4928200.0
2025-08-14,GILD,118.97379237390432,119.66896173501488,117.30537833046122,118.19916534423828,5461300.0
2025-08-15,GILD,117.73241645493898,118.19916870967269,116.85848057405649,117.55365753173828,8859800.0
2025-08-18,GILD,117.49406232021109,118.54675708977662,117.03723565962812,117.17626953125,4476400.0
2025-08-19,GILD,117.40469403086976,118.705657158596,116.26262351922438,117.16635131835938,6484500.0
2025-08-20,GILD,117.7522783964606,120.05627814890869,117.64303640837562,117.91117858886719,5639500.0
2025-08-21,GILD,114.70344942704652,117.12662428972801,113.76992975172928,115.33903503417969,6063200.0
2025-08-22,GILD,116.0937926358622,117.31530561338174,113.73020162019907,113.97847747802734,5503400.0
2025-08-25,GILD,114.11752320877332,114.7034506183686,113.02510333193774,113.36276245117188,3812200.0
2025-08-26,GILD,113.56137527820039,114.44523672143521,113.10454861133121,113.9586181640625,5932800.0
2025-08-27,GILD,113.23365484040539,114.42538355599544,112.97545339228904,113.13434600830078,4663300.0
2025-08-28,GILD,112.84634231241287,113.0648262837294,111.54537921729101,111.78372192382812,4148700.0
2025-08-29,GILD,111.98234427063007,112.45902967140518,111.37655057552925,112.1908950805664,4630500.0
2025-09-02,GILD,112.12137792691371,112.51862081130933,110.51254765466143,111.93268585205078,4409700.0
2025-09-03,GILD,111.85323655371542,112.61793043754068,111.37655115047956,112.21075439453125,4546500.0
2025-09-04,GILD,112.36965557909923,113.04496622033513,111.50565285998363,111.99227142333984,4024700.0
2025-09-05,GILD,111.63476117795102,115.0113068080128,111.47586099091012,114.25655364990234,6953900.0
2025-09-08,GILD,113.88910468863656,115.37875987330999,113.03503510994823,115.08082580566406,16945000.0
2025-09-09,GILD,115.08082222501403,115.4482732201073,113.08468979493996,114.96165466308594,6217200.0
2025-09-10,GILD,114.74317058006305,115.05103021710019,113.71034210933263,114.45516967773438,7839700.0
2025-09-11,GILD,114.60413898272547,117.29544840745122,114.42538005968791,117.04717254638672,5457000.0
2025-09-12,GILD,116.67972109899506,116.81875497451824,113.39255113561754,113.76000213623047,6468100.0
2025-09-15,GILD,113.66999816894531,113.66999816894531,111.33000183105469,112.54000091552734,6168900.0
2025-09-16,GILD,113.22000122070312,114.12999725341797,110.1500015258789,110.86000061035156,5458800.0
2025-09-17,GILD,111.37000274658203,112.45999908447266,111.20999908447266,112.26000213623047,6539600.0
2025-09-18,GILD,111.4000015258789,113.75,111.26000213623047,113.62000274658203,7115600.0
2025-09-19,GILD,114.30999755859375,115.06999969482422,113.08999633789062,114.08999633789062,12580500.0
2025-09-22,GILD,113.44999694824219,114.05000305175781,112.1500015258789,112.48999786376953,7261300.0
2025-09-23,GILD,111.87999725341797,115.56999969482422,111.75,114.4000015258789,7281500.0
2025-09-24,GILD,114.30000305175781,114.56999969482422,111.95999908447266,113.66999816894531,5222500.0
2025-09-25,GILD,114.5199966430664,115.25,110.80999755859375,110.98999786376953,8355800.0
2025-09-26,GILD,111.3499984741211,112.23999786376953,110.69999694824219,112.0999984741211,5074200.0
2025-09-29,GILD,112.55000305175781,112.69999694824219,110.81999969482422,112.62000274658203,7122200.0
2025-09-30,GILD,113.02999877929688,114.86000061035156,110.91999816894531,111.0,10301700.0
2025-10-01,GILD,112.0,113.06999969482422,110.19999694824219,111.1500015258789,13649700.0
2025-10-02,GILD,110.19999694824219,111.69999694824219,108.45999908447266,110.55999755859375,10134700.0
2025-10-03,GILD,110.73999786376953,113.58999633789062,109.66000366210938,112.69000244140625,8088700.0
2025-10-06,GILD,115.66999816894531,117.0,112.41000366210938,113.58000183105469,9090700.0
2025-10-07,GILD,113.5999984741211,116.91000366210938,112.81999969482422,116.77999877929688,8712600.0
2025-10-08,GILD,117.11000061035156,118.3499984741211,115.76000213623047,118.25,6532200.0
2025-10-09,GILD,118.75,118.86000061035156,116.51000213623047,116.73999786376953,5018800.0
2025-10-10,GILD,117.6500015258789,119.33000183105469,116.5,117.18000030517578,7896600.0
2025-10-13,GILD,116.33999633789062,118.77999877929688,115.80000305175781,118.20999908447266,5124600.0
2025-10-14,GILD,117.5199966430664,119.33000183105469,116.62999725341797,118.4800033569336,6311100.0
2025-10-15,GILD,118.08000183105469,119.06999969482422,117.06999969482422,118.30000305175781,4551900.0
2025-10-16,GILD,117.9800033569336,121.56999969482422,117.33999633789062,117.8499984741211,6742600.0
2025-10-17,GILD,119.63999938964844,124.11000061035156,119.08999633789062,122.80999755859375,15845900.0
2025-10-20,GILD,122.58999633789062,123.98999786376953,122.19999694824219,123.11000061035156,8149500.0
2025-10-21,GILD,123.2699966430664,124.61000061035156,121.91999816894531,124.08000183105469,5559000.0
2025-10-22,GILD,124.23999786376953,124.44999694824219,121.30000305175781,121.45999908447266,5436300.0
2025-10-23,GILD,121.75,121.87999725341797,119.44999694824219,120.73999786376953,4635300.0
2025-10-24,GILD,120.41999816894531,121.1500015258789,118.70999908447266,120.94000244140625,5438600.0
