date,Ticker,Open,High,Low,Close,Volume
2008-01-02,MMM,41.19469045997552,41.44897944392716,40.21176813624303,40.446495056152344,5326625.0
2008-01-03,MMM,40.50029016457517,40.823041941560696,40.28023477153735,40.44160842895508,3258024.0
2008-01-04,MMM,40.09928558148373,40.42203278792962,39.87922580019944,39.9819221496582,4329879.0
2008-01-07,MMM,40.148187790175896,40.17264036529538,39.497798375633714,39.6640625,5051665.0
2008-01-08,MMM,39.78143575271626,40.133526148426,39.17016584537997,39.22395706176758,6830595.0
2008-01-09,MMM,39.219066694227735,39.522256390930025,38.3828508857093,39.214176177978516,7681071.0
2008-01-10,MMM,38.999011163755775,39.4684650247021,38.642030251815356,39.22395706176758,8175617.0
2008-01-11,MMM,38.9403277113715,39.639617955676755,37.6395441566059,37.937843322753906,10063742.0
2008-01-14,MMM,38.20680537557138,38.45620385364801,37.89872516513258,38.38774108886719,3501410.0
2008-01-15,MMM,38.14322042222397,38.485529669961615,37.668876205112326,37.74222946166992,5030974.0
2008-01-16,MMM,37.57107773524572,38.4268554843718,37.57107773524572,37.80091857910156,5343130.0
2008-01-17,MMM,37.84002988322554,37.99162244498395,36.41699280530898,36.656612396240234,8483228.0
2008-01-18,MMM,36.90601115054419,37.38035536049837,36.21649768874434,36.63216018676758,8435627.0
2008-01-22,MMM,35.24335985516442,36.974474974435466,35.24335985516442,36.754417419433594,7861786.0
2008-01-23,MMM,35.9671097949401,37.27767212902509,35.233585950641235,37.2140998840332,8372957.0
2008-01-24,MMM,37.360811090353764,37.571085453101475,36.6761878579877,37.03316879272461,5747856.0
2008-01-25,MMM,37.56619528994491,37.56619528994491,36.71041958804961,36.92558670043945,4676599.0
2008-01-28,MMM,37.174981215481644,37.90850507944843,36.96959292719705,37.869380950927734,5515593.0
2008-01-29,MMM,38.045413023746285,38.475747054035445,37.2629909621532,38.15299987792969,6053793.0
2008-01-30,MMM,38.055205284082405,38.871863418428255,37.893831648401864,38.25081253051758,5481627.0
2008-01-31,MMM,37.81558080462681,39.121254580472,37.6737692586831,38.95009994506836,6496911.0
2008-02-01,MMM,39.01857476209209,39.74720816329996,38.94522147789902,39.712974548339844,5668801.0
2008-02-04,MMM,39.72274174250583,39.85477671562479,39.360870426182714,39.39999008178711,4039370.0
2008-02-05,MMM,38.783840516272484,39.07725363152917,38.58823772230095,38.6762580871582,5743670.0
2008-02-06,MMM,38.862076633664486,39.09191299467997,38.5393249479339,38.72026062011719,4629836.0
2008-02-07,MMM,38.43664042756157,38.89631769991036,38.280157300854334,38.6909294128418,4167342.0
2008-02-08,MMM,38.55888831449384,38.72515244701496,38.055200939517746,38.41707229614258,3375112.0
2008-02-11,MMM,38.32904238080117,38.91096893048165,38.064972471051526,38.76915740966797,2508371.0
2008-02-12,MMM,38.93054315996018,39.043016093831085,38.43663678432333,38.68114471435547,4381905.0
2008-02-13,MMM,38.90120622449556,39.85968049620727,38.86697707221833,39.79610824584961,4521956.0
2008-02-14,MMM,39.727651654269096,39.92814946920023,39.219073572356216,39.26308822631836,2972897.0
2008-02-15,MMM,39.189728549653175,39.419564967645265,38.896319881774986,39.0968132019043,4344590.0
2008-02-19,MMM,39.24350452888277,39.54180359724354,38.906081345229964,39.04789733886719,4181814.0
2008-02-20,MMM,39.03313768790928,39.46618338954283,38.600091986275736,39.33823776245117,3877910.0
2008-02-21,MMM,39.39728974548378,39.68763032079283,38.71819544316375,38.85598373413086,4884464.0
2008-02-22,MMM,39.0331463315562,39.27427364594841,38.50168287151622,39.205379486083984,4175116.0
2008-02-25,MMM,39.151240994991326,39.87954411540606,38.91995639409906,39.85986328125,3512174.0
2008-02-26,MMM,39.66302239609675,40.15019823975311,39.594128252817555,40.002567291259766,3800529.0
2008-02-27,MMM,39.702410154523044,39.93369936503589,39.41207392080563,39.6039924621582,3354541.0
2008-02-28,MMM,39.397293786371556,39.50555859195911,38.99869735622758,39.26934814453125,3230874.0
2008-02-29,MMM,39.19554696756807,39.19554696756807,38.47708176260983,38.58042526245117,3697195.0
2008-03-03,MMM,38.46230438600518,38.703431623170076,38.196570495960145,38.62469482421875,2900898.0
2008-03-04,MMM,38.34422645678973,38.74282306172292,38.13262257471967,38.58535385131836,5250440.0
2008-03-05,MMM,38.83139031090829,39.175856625610365,38.34421434198585,38.84122848510742,4624334.0
2008-03-06,MMM,38.72803973570589,38.993773666576544,38.329443329665736,38.35896682739258,5637824.0
2008-03-07,MMM,38.093248626124385,38.378663476268734,37.56178285270809,37.650360107421875,6218124.0
2008-03-10,MMM,37.758619141094044,37.94561630961684,37.04507979529933,37.143497467041016,5030735.0
2008-03-11,MMM,38.03910723240036,38.38357348405313,37.39937906188429,38.35896682739258,5235849.0
2008-03-12,MMM,38.368816884872395,39.09219884691998,38.368816884872395,38.59026336669922,4738432.0
2008-03-13,MMM,38.13261318577285,39.16109535962926,37.970222681564024,38.91504669189453,5133591.0
2008-03-14,MMM,39.22998896766032,39.22998896766032,37.70448814744776,38.15229797363281,5839829.0
2008-03-17,MMM,37.22222184632151,39.00361343882398,37.02538207842166,38.63454055786133,6040518.0
2008-03-18,MMM,39.28904616765436,39.83527374267578,38.88552827548028,39.83527374267578,5464524.0
2008-03-19,MMM,39.97796539051099,40.194485993446904,38.64930480636472,39.10695266723633,5323037.0
2008-03-20,MMM,38.62962480671304,39.04298523582433,38.117842234302586,38.37373352050781,8297011.0
2008-03-24,MMM,38.45739335863455,38.97901412705601,38.33929037369888,38.69852066040039,5193271.0
2008-03-25,MMM,38.79202540768837,38.99870792133013,38.51645321309999,38.865840911865234,4650885.0
2008-03-26,MMM,38.742818865953545,38.762504198972756,38.32453697116835,38.7083740234375,4425439.0
2008-03-27,MMM,38.777263473946874,38.92981131545594,38.31468963623047,38.31468963623047,4305839.0
2008-03-28,MMM,38.57549193520795,38.84614270714489,38.309758004337304,38.35896682739258,2399654.0
2008-03-31,MMM,38.413104115516326,39.111883901522994,38.413104115516326,38.949493408203125,4192698.0
2008-04-01,MMM,39.175852930354885,40.120681275948336,39.092194780553534,40.017337799072266,5757066.0
2008-04-02,MMM,39.97796509700582,40.14527687897937,39.658101035684716,39.815574645996094,3434553.0
2008-04-03,MMM,39.658109256676354,39.859870397221066,39.284114967490936,39.45143127441406,3923598.0
2008-04-04,MMM,39.5154152584897,39.8943310297166,39.08236930426871,39.623680114746094,3349637.0
2008-04-07,MMM,39.83526366718928,40.164970458204834,39.4465098730025,39.46126937866211,3685594.0
2008-04-08,MMM,39.12174148264624,39.49573593434594,39.11189881440125,39.308738708496094,4149402.0
2008-04-09,MMM,39.36284395027033,39.42681676305639,38.77725046345343,39.1660041809082,3548652.0
2008-04-10,MMM,39.21522684998323,39.815589032102245,39.09712384470964,39.54001235961914,4481771.0
2008-04-11,MMM,38.77726699057344,38.91505084661233,38.44756012411205,38.614871978759766,6713387.0
2008-04-14,MMM,38.52628819638415,38.895361153403236,38.2408689025189,38.51152420043945,5319569.0
2008-04-15,MMM,38.683761995911524,38.84615250001129,38.51645015923901,38.79694366455078,3196430.0
2008-04-16,MMM,39.047908271558235,39.953365985881206,38.93472661855115,39.70731735229492,6320621.0
2008-04-17,MMM,39.64825524041059,39.88938247752005,39.01345298916523,39.687625885009766,3835692.0
2008-04-18,MMM,40.27323551132306,40.95233001075047,39.943528681582606,40.79486083984375,5641054.0
2008-04-21,MMM,40.84406878478511,40.863749624302606,40.30276262811738,40.519283294677734,3477848.0
2008-04-22,MMM,40.42577440422222,40.45037656854543,39.62857716900077,39.94843673706055,3258382.0
2008-04-23,MMM,40.11576253397967,40.19449486682895,39.5793732586949,39.67779541015625,4334184.0
2008-04-24,MMM,39.95336961682097,39.95336961682097,38.162139352961155,38.93965148925781,7562786.0
2008-04-25,MMM,38.80186329425558,38.81170595896912,37.62575242118988,38.29500198364258,6639235.0
2008-04-28,MMM,38.18674043234129,38.373737585124026,37.83243145557399,37.9554557800293,6165380.0
2008-04-29,MMM,37.98497270855167,38.25070664026744,37.783216084356795,37.82258224487305,4320072.0
2008-04-30,MMM,37.891494002330006,38.501694470365116,37.817678488076034,37.84228515625,5610316.0
2008-05-01,MMM,37.861959201559785,38.40818672452314,37.68480469332306,38.304847717285156,4525305.0
2008-05-02,MMM,38.60009737590125,39.09711596047796,38.49183705794316,38.654232025146484,4492894.0
2008-05-05,MMM,38.68867044604116,38.76740725072059,38.06370632007068,38.16212844848633,4599696.0
2008-05-06,MMM,38.107998782196525,38.319602569183786,37.76845384502088,38.265472412109375,3458114.0
2008-05-07,MMM,38.35897694512281,38.44755644219908,37.64051626432031,37.734012603759766,4890683.0
2008-05-08,MMM,37.95052137904919,38.06862433063459,37.630657347561616,37.86686325073242,4540016.0
2008-05-09,MMM,37.39446532148397,37.72909346866655,37.310809407255,37.55685806274414,4630434.0
2008-05-12,MMM,37.72910538395347,38.2212028503418,37.37479404068416,38.2212028503418,4248312.0
2008-05-13,MMM,38.24579005179574,38.55089018186336,37.84719359505781,37.98006057739258,4075250.0
2008-05-14,MMM,38.22609592862627,38.6935863800328,37.980047377303926,38.25069808959961,3495549.0
2008-05-15,MMM,38.235952804014836,38.44263530473073,37.98006595728134,38.31468963623047,4154784.0
2008-05-16,MMM,38.378667146703606,38.787106374979196,38.117854445269366,38.7083740234375,4960530.0
2008-05-19,MMM,38.70836912631947,39.313648137408684,38.61978962920708,38.90028762817383,3757712.0
2008-05-20,MMM,38.89536529884821,38.90520347359349,37.930851481659886,38.15229797363281,6237618.0
2008-05-21,MMM,38.39003189582546,38.39993844800463,37.55794252484334,37.701576232910156,5298041.0
2008-05-22,MMM,37.825403716265946,38.04332981317503,37.57775795918942,37.95913314819336,4596467.0
2008-05-23,MMM,37.761009714476984,37.77091626631193,37.39449441305787,37.54803466796875,3443404.0
2008-05-27,MMM,37.50842049771965,38.008665340485585,37.4242215642928,37.726348876953125,3335644.0
2008-05-28,MMM,37.81054427836544,38.1423912232787,37.79568670783413,38.08790969848633,4403194.0
2008-05-29,MMM,37.93932314107003,38.731788724576994,37.93932314107003,38.51386260986328,4105988.0
2008-05-30,MMM,38.092862865491455,38.55843472296487,38.092862865491455,38.414798736572266,4170093.0
2008-06-02,MMM,38.34049999013026,38.38012167564782,37.5430791085725,37.765960693359375,4715350.0
2008-06-03,MMM,37.88978715481194,37.969035052809296,37.39449570130035,37.75605773925781,5798208.0
2008-06-04,MMM,37.72633293692679,38.340496116876956,37.54307531587664,37.820438385009766,5582689.0
2008-06-05,MMM,37.934369483946945,38.43956758770295,37.820453150632034,38.38508605957031,4551737.0
2008-06-06,MMM,38.00370181612339,38.14733777761794,37.07255374316989,37.07750701904297,7157342.0
2008-06-09,MMM,37.30534422819888,37.67681282547576,37.023027823103696,37.5529899597168,5265270.0
2008-06-10,MMM,37.21122098973712,37.78575781821975,37.21122098973712,37.64212417602539,3582618.0
2008-06-11,MMM,37.64214449539856,37.64214449539856,37.17161712427947,37.280582427978516,5866978.0
2008-06-12,MMM,37.3944939980694,37.85016148182774,37.27067114033134,37.41925811767578,4534754.0
2008-06-13,MMM,37.73624690583103,37.90464473463954,37.33506091875561,37.701576232910156,4682460.0
2008-06-16,MMM,37.523266096252875,37.701570449890575,37.19142150592062,37.24590301513672,4971174.0
2008-06-17,MMM,37.36477283481423,37.49354895542928,37.07254992574886,37.13198471069336,4259793.0
2008-06-18,MMM,36.96855577448934,37.260776547101216,36.74072082963562,36.80015563964844,4259434.0
2008-06-19,MMM,36.75556430859407,36.874433875731896,36.527729465109324,36.71098709106445,4238744.0
2008-06-20,MMM,36.65156077344978,36.65156077344978,35.96805834482273,36.166175842285156,8811889.0
2008-06-23,MMM,36.32961748170926,36.374194705948604,36.057207639397895,36.13645553588867,3593262.0
2008-06-24,MMM,36.077025557562074,36.38410611310231,35.859097202690954,35.87395477294922,5424099.0
2008-06-25,MMM,35.85909179912287,36.275135339552264,35.809561299743834,35.94329071044922,5796175.0
2008-06-26,MMM,35.80461425820011,35.809565274952085,34.78926489483714,34.799171447753906,8816673.0
2008-06-27,MMM,34.908133924697424,34.908133924697424,34.12061952422909,34.42770004272461,8948113.0
2008-06-30,MMM,34.412850953387306,34.51686300393157,33.981949697521785,34.46733474731445,6379225.0
2008-07-01,MMM,34.00670184862155,34.69515521971845,33.466833195044245,34.56142807006836,7598308.0
2008-07-02,MMM,34.7595544725382,34.7595544725382,33.91756057739258,33.91756057739258,5574795.0
2008-07-03,MMM,34.06117629216086,34.65057306254581,34.01659907839482,34.40292739868164,3687627.0
2008-07-07,MMM,34.61591069788053,35.106248868341154,34.31378345785819,34.596099853515625,5876307.0
2008-07-08,MMM,34.63077430278192,35.249888718798914,34.43265904548045,35.18054962158203,6175785.0
2008-07-09,MMM,34.7199141723305,35.26968700032091,33.95716408621577,33.996788024902344,7447014.0
2008-07-10,MMM,34.071087097268254,34.54656538506263,33.82839241821627,34.135475158691406,6322295.0
2008-07-11,MMM,33.81354869041158,34.363321815531876,33.560949616786885,34.03643035888672,7489830.0
2008-07-14,MMM,34.37817321864847,34.67039392101732,34.00175133924574,34.18500900268555,6121008.0
2008-07-15,MMM,33.98194161528012,34.01165901412381,33.313296751737525,33.52627182006836,9843080.0
2008-07-16,MMM,33.63027280624207,34.011647849299436,33.32319236575883,33.996788024902344,5545254.0
2008-07-17,MMM,34.28407484166173,34.4623792657285,33.45198526964334,34.39799118041992,7004135.0
2008-07-18,MMM,34.41283463920404,34.43760101547847,33.828391093538904,34.14537811279297,5350784.0
2008-07-21,MMM,34.35340415436616,34.52180196479264,33.640184448563105,34.0413703918457,4012102.0
2008-07-22,MMM,33.73925567979698,34.89328344139419,33.72934912502912,34.81898880004883,6942541.0
2008-07-23,MMM,34.90317914313781,35.19539982085662,34.700108391781626,35.06662368774414,5010762.0
2008-07-24,MMM,35.859102947061515,36.04236065441124,35.12111884021421,35.190460205078125,7791940.0
2008-07-25,MMM,35.42818839675069,35.61144604695196,34.784309983094396,35.14091873168945,5917210.0
2008-07-28,MMM,35.10130179614495,35.1607365994504,34.36827104890668,34.48714065551758,5779790.0
2008-07-29,MMM,34.556492270598106,34.952725163490484,34.447529185428294,34.91310119628906,4305122.0
2008-07-30,MMM,35.041875321804525,35.383626651893685,34.69517071364481,35.31428527832031,4616799.0
2008-07-31,MMM,35.08643366869609,35.28950214227461,34.81402385888845,34.86355209350586,5088023.0
2008-08-01,MMM,34.93288171186221,35.19538488281003,34.59113068046228,34.74467086791992,3619574.0
2008-08-04,MMM,34.68524868577229,34.88831716490411,34.348450805928046,34.546566009521484,2726521.0
2008-08-05,MMM,34.784317551350725,35.675841876519435,34.670398959897256,35.60154724121094,5834806.0
2008-08-06,MMM,35.53716186801422,35.700608722324574,35.086447523954554,35.56687927246094,4699084.0
2008-08-07,MMM,35.329127836749734,35.680785551020975,34.992329949423755,35.25483322143555,5171743.0
2008-08-08,MMM,35.23503151766006,36.60698980105877,35.23503151766006,36.394012451171875,6488180.0
2008-08-11,MMM,36.250366814288746,36.98835060202476,36.245413538982184,36.83976364135742,6531954.0
2008-08-12,MMM,36.919013395455984,36.919013395455984,36.34447633006183,36.45344161987305,4888770.0
2008-08-13,MMM,36.398958826212144,36.62184042799643,35.76003367682298,36.13645553588867,4601730.0
2008-08-14,MMM,35.93338255068131,36.58716748752088,35.76498473556409,36.17607498168945,3578552.0
2008-08-15,MMM,36.20082591503255,36.70107039068003,36.20082591503255,36.39894104003906,5271729.0
2008-08-18,MMM,36.44849440908301,36.602034687775166,35.680793015622235,35.88386154174805,5135744.0
2008-08-19,MMM,35.73527885625609,35.814524513663436,35.09139800360416,35.31923294067383,4411087.0
2008-08-20,MMM,35.533709951714336,35.62847992889343,35.05986234148169,35.259376525878906,3505117.0
2008-08-21,MMM,35.04488510013135,35.55863627451319,34.79050250064651,35.36909866333008,3561688.0
2008-08-22,MMM,35.369100279493445,36.26691951966477,35.18454863528954,36.05244064331055,3662630.0
2008-08-25,MMM,35.64843848236972,35.88286819750612,35.054879538425936,35.279335021972656,4464907.0
2008-08-26,MMM,35.149629158725595,35.563622110496894,35.03490621879723,35.27432632446289,3302276.0
2008-08-27,MMM,35.259361572256736,35.52372065593748,34.980040012031665,35.27432632446289,4163635.0
2008-08-28,MMM,35.418983109286025,36.241983244366246,35.369105140734156,36.16217803955078,4651962.0
2008-08-29,MMM,35.982605710299545,36.187108061508795,35.66836866952638,35.713260650634766,4114360.0
2008-09-02,MMM,36.10232062146826,36.725806555808965,35.31423376327619,35.473846435546875,5701093.0
2008-09-03,MMM,35.069829851384505,35.563630378397995,34.81046123380246,35.329200744628906,6829638.0
2008-09-04,MMM,35.0299347331303,35.13467893925132,34.64087832278713,34.785526275634766,7214511.0
2008-09-05,MMM,34.66081930707179,34.79050245652483,34.17200483735656,34.51118087768555,6521070.0
2008-09-08,MMM,34.980045019656345,35.90779151939603,34.980045019656345,35.5037727355957,7251587.0
2008-09-09,MMM,35.16459298702451,35.413987328086016,34.571034364271654,34.640865325927734,7926968.0
2008-09-10,MMM,34.90024831491269,34.97506527787196,34.162039261007216,34.25680923461914,6866116.0
2008-09-11,MMM,34.03733544896234,34.95011951515954,34.00740821444746,34.885276794433594,6203772.0
2008-09-12,MMM,34.84038459007484,35.15462166785029,34.54110999065617,34.990020751953125,6819592.0
2008-09-15,MMM,33.92760197989554,35.03990015039227,33.922613728351436,34.35655975341797,8257064.0
2008-09-16,MMM,34.152066123899075,35.074824626222394,34.07724688288354,34.780540466308594,10427685.0
2008-09-17,MMM,34.08222762640888,34.88028873497897,33.8428097489703,34.34159851074219,10646433.0
2008-09-18,MMM,34.67080359853951,35.5337075652369,33.93259684208914,35.16460418701172,12992148.0
2008-09-19,MMM,37.03007509108018,37.264507036038246,35.41898781926782,36.2519645690918,12125766.0
2008-09-22,MMM,36.30185946713969,36.90539276817231,35.089802334747134,35.26437759399414,6835618.0
2008-09-23,MMM,35.29927302293825,35.42895846777501,34.41641616821289,34.41641616821289,6920415.0
2008-09-24,MMM,34.620918354186635,35.03989961825798,33.862758746888936,34.201934814453125,6884654.0
2008-09-25,MMM,34.32664131871826,34.930176672676865,34.32664131871826,34.780540466308594,6328395.0
2008-09-26,MMM,34.31665404794493,34.76057424553135,34.04231845224774,34.640865325927734,5145551.0
2008-09-29,MMM,34.38150442845674,34.38150442845674,32.67564727933271,33.07966613769531,9863292.0
2008-09-30,MMM,33.558514165053424,34.216915883904605,33.4787066548309,34.072265625,8484304.0
2008-10-01,MMM,33.75303477620078,34.0722579178932,33.34901588961973,33.613372802734375,5520377.0
2008-10-02,MMM,33.37395236094922,33.7929336984292,32.67564709759915,32.72053909301758,9424600.0
2008-10-03,MMM,32.964939388250066,33.54353331944388,32.17685254992107,32.221744537353516,7879248.0
2008-10-06,MMM,31.47356686037294,32.1120153677568,30.391195756245498,31.423688888549805,13095004.0
2008-10-07,MMM,31.797778116655817,32.17186970422809,29.862477454895615,29.912355422973633,10522528.0
2008-10-08,MMM,29.657974468215762,30.894972269013657,28.55066439826312,28.615507125854492,15965643.0
2008-10-09,MMM,28.6803553685423,29.21405977291261,26.625345250672062,26.685199737548828,13930649.0
2008-10-10,MMM,25.8522063913247,28.15162124163481,24.94441088579991,27.06426239013672,19515132.0
2008-10-13,MMM,29.303837326174712,29.782673152934226,27.937156277860897,29.737783432006836,12571993.0
2008-10-14,MMM,30.90494057160119,31.722954612308477,29.124266857392502,29.613079071044922,12704749.0
2008-10-15,MMM,28.95467762977249,29.61806725804857,27.243832610039078,27.273759841918945,11536855.0
2008-10-16,MMM,27.31366234703607,28.824990902443595,26.106594347990654,28.565622329711914,12540897.0
2008-10-17,MMM,28.011968441574886,29.42852710565678,27.56305769165958,28.17656707763672,8716568.0
2008-10-20,MMM,28.765146097671717,28.765146097671717,27.433380478395907,28.685340881347656,7975526.0
2008-10-21,MMM,30.00213947870634,30.880008170345533,29.463449188924383,29.94727325439453,12849824.0
2008-10-22,MMM,29.553229276294022,30.37622942263351,28.47085822834667,29.024513244628906,13158751.0
2008-10-23,MMM,29.194108133488594,30.974784890994037,28.80006569707003,30.695463180541992,18080291.0
2008-10-24,MMM,29.10930779093236,30.675505211923575,28.69032418618255,29.7327938079834,12073620.0
2008-10-27,MMM,29.229007442502144,31.3039672457804,29.179129487272405,30.11186408996582,11085126.0
2008-10-28,MMM,30.47100507279667,32.201803697855595,29.099335630515935,32.07710647583008,11199822.0
2008-10-29,MMM,32.062134446879185,32.41128704451395,30.860054500412723,31.174291610717773,13488129.0
2008-10-30,MMM,32.166878529705585,32.20179401445284,30.575742364104034,31.199228286743164,8540636.0
2008-10-31,MMM,31.16431342774249,32.201794661030945,30.800198369822088,32.07210922241211,8682242.0
2008-11-03,MMM,31.70300165668918,32.246680044785855,31.658109674093296,31.97733497619629,4398410.0
2008-11-04,MMM,32.64573264372691,33.03478917083793,32.00728388279692,32.72554016113281,7051855.0
2008-11-05,MMM,32.241704917399105,33.65327809683582,32.11700769635218,32.18185043334961,9823107.0
2008-11-06,MMM,31.94242069050075,32.65568825816955,30.95980576850335,31.104455947875977,9380108.0
2008-11-07,MMM,31.383782186167036,32.33646774291992,31.09448406015137,32.33646774291992,7336264.0
2008-11-10,MMM,32.91007384272959,33.19937195203987,31.962374316883267,32.39632034301758,6883578.0
2008-11-11,MMM,31.857624201419448,32.391328332259775,30.625615047356195,31.114429473876953,7861786.0
2008-11-12,MMM,30.51588897326668,30.88998054003686,29.548238696194655,29.64799690246582,9811625.0
2008-11-13,MMM,29.543260061573317,32.35642782993552,28.884858416652758,32.136962890625,13259454.0
2008-11-14,MMM,31.53341083532766,32.89510313464107,31.224162051422503,31.45360565185547,8367934.0
2008-11-17,MMM,31.089500742218917,31.388775419418405,29.94228683544429,30.32635498046875,7859155.0
2008-11-18,MMM,30.042046449867147,31.13439417946411,29.677931298555762,31.00969696044922,11031545.0
2008-11-19,MMM,31.090151437077868,31.3566539903746,29.46600181203337,29.551485061645508,9962202.0
2008-11-20,MMM,29.290000979352914,30.70296092349142,28.284335473372128,28.555864334106445,13774452.0
2008-11-21,MMM,29.05366697757247,30.979516970086763,28.480439410605552,30.823638916015625,17704627.0
2008-11-24,MMM,31.175630514642688,32.301975756765884,30.672797653401048,31.809200286865234,12698291.0
2008-11-25,MMM,32.35224654986621,32.43270106358216,31.090136152664762,32.00026321411133,10393001.0
2008-11-26,MMM,31.40190210879498,33.186958230177446,31.376760925642838,33.14170455932617,7649616.0
2008-11-28,MMM,32.77463919603191,33.689792997458994,32.28186142513307,33.65459442138672,3833778.0
2008-12-01,MMM,32.658968289498986,33.31265249752529,31.22589631306667,31.351604461669922,11619977.0
2008-12-02,MMM,30.521933871320623,31.246015290608767,29.57661057717195,30.602388381958008,14273542.0
2008-12-03,MMM,29.998991817470685,31.024772021988234,29.747575460537924,30.526968002319336,10731469.0
2008-12-04,MMM,30.23533005291339,30.396234532689736,29.214578351273666,29.737525939941406,11111677.0
2008-12-05,MMM,29.269882488737256,30.391198563688242,29.083832297726065,30.094526290893555,12285551.0
2008-12-08,MMM,29.67215866296136,30.511888843312082,27.872016496493416,28.852540969848633,16842790.0
2008-12-09,MMM,27.887103624107297,28.5307284750042,27.655799688723217,28.234058380126953,10511166.0
2008-12-10,MMM,28.616206127814277,29.310115560104407,28.394959608908543,28.92293357849121,6447875.0
2008-12-11,MMM,28.545812032833524,28.782142348694755,27.479806675692505,27.726194381713867,8855902.0
2008-12-12,MMM,27.288732683250938,28.445247782054835,26.946806619767965,28.17874526977539,5649186.0
2008-12-15,MMM,28.4603305170607,28.520670273426465,27.61557163382713,27.972583770751953,6646292.0
2008-12-16,MMM,27.94241089369588,29.465993019584797,27.811674004230223,29.3252010345459,11163703.0
2008-12-17,MMM,28.912870799720178,29.918536110400396,28.912870799720178,29.455930709838867,6993490.0
2008-12-18,MMM,29.616854019122915,29.797873325822206,28.29942961384252,28.515649795532227,6667102.0
2008-12-19,MMM,29.16429987093107,29.184412360052626,28.274284947965096,28.47039031982422,9014132.0
2008-12-22,MMM,28.425125381950405,28.6916278228082,27.791558086360066,28.34467315673828,5035280.0
2008-12-23,MMM,28.51563333638203,28.91287030137354,27.811666713394732,27.87703514099121,3930534.0
2008-12-24,MMM,27.9625280901227,28.148576065980965,27.836819874320465,27.907217025756836,1598334.0
2008-12-26,MMM,27.932360445033666,28.213946779196586,27.91224795477674,28.02789878845215,1954623.0
2008-12-29,MMM,27.932361839956293,28.1586371166278,27.283708188003718,27.84185218811035,3632252.0
2008-12-30,MMM,27.937371172776455,28.797215710520565,27.766409380266307,28.746931076049805,4514900.0
2008-12-31,MMM,28.777112954699497,29.124067671557416,28.50055537902728,28.93299102783203,4790937.0
2009-01-02,MMM,28.93801293999384,29.86322606612465,28.922926858656083,29.762659072875977,6355424.0
2009-01-05,MMM,29.561531128058753,29.71238279581835,29.219605116421352,29.41571044921875,4507485.0
2009-01-06,MMM,29.536383911594495,30.07441514606837,29.471015480688465,29.762659072875977,5939575.0
2009-01-07,MMM,29.47102421307742,29.647017076938056,28.95310760025967,29.199495315551758,5499328.0
2009-01-08,MMM,29.00338040238795,29.521299138562046,28.88772962577558,29.455930709838867,4718100.0
2009-01-09,MMM,29.566566381757948,29.67216211379195,28.948082665547755,29.0335636138916,4378556.0
2009-01-12,MMM,28.98327117864755,29.114005756671343,28.50557964357808,28.701684951782227,5002270.0
2009-01-13,MMM,28.586042541589922,28.81231780522713,28.012814779585668,28.284343719482422,5298400.0
2009-01-14,MMM,27.81166696289946,28.158621583981063,27.40437260720471,27.675901412963867,5406877.0
2009-01-15,MMM,27.69602402798699,28.03795005229808,27.298786946973962,27.74127769470215,5713770.0
2009-01-16,MMM,27.95246818090827,28.475413442741168,27.600484778432474,28.36981773376465,6723792.0
2009-01-20,MMM,28.36981170052798,28.460321305782895,27.077533758183854,27.112730026245117,6797586.0
2009-01-21,MMM,27.459697204958374,27.555235547614643,26.5244285626053,27.273649215698242,7047789.0
2009-01-22,MMM,26.97697742702674,27.43958302363843,26.564654199613685,27.183137893676758,5727524.0
2009-01-23,MMM,26.655160759475233,26.987029404872988,26.303177333432746,26.599849700927734,6799021.0
2009-01-26,MMM,26.921655715883286,27.429517122506844,26.624985700245883,26.931713104248047,6201499.0
2009-01-27,MMM,27.02725256353986,27.4094058083442,26.765778807807962,27.147932052612305,5648349.0
2009-01-28,MMM,27.379236748536215,28.08320122038593,27.052394544172525,27.86698341369629,7302058.0
2009-01-29,MMM,27.97258087056272,29.01847140187359,27.670882120013935,28.4351863861084,9752543.0
2009-01-30,MMM,28.455290659575784,28.565912729230025,26.79594126186798,27.0473575592041,9113879.0
2009-02-02,MMM,26.544544953057706,26.66019579280862,25.22209416400403,25.45339584350586,10827268.0
2009-02-03,MMM,25.770178422869044,26.056793442044935,25.292486724242565,25.966283798217773,9227977.0
2009-02-04,MMM,26.102047769505198,26.373576683910724,25.448365520231405,25.564016342163086,5647990.0
2009-02-05,MMM,25.418192997618743,26.06182014100142,25.146664086942693,25.92102813720703,6328036.0
2009-02-06,MMM,25.961258983262773,26.609914968827844,25.845608136769407,26.343412399291992,6345856.0
2009-02-09,MMM,26.378605812426752,27.48483627053223,26.298151270021965,27.20827865600586,8547692.0
2009-02-10,MMM,27.08256633026901,27.208274526347708,25.533843006340593,25.6846923828125,8263882.0
2009-02-11,MMM,26.026626939553534,26.242844832451183,25.52379399027155,25.79029655456543,6993730.0
2009-02-12,MMM,25.367905845929144,25.4232168979118,24.457778659047584,25.12654685974121,10160498.0
2009-02-13,MMM,25.44333325192714,25.44333325192714,24.76450762006378,24.849990844726562,5753478.0
2009-02-17,MMM,24.603607520469065,24.603607520469065,23.733707306432493,23.844331741333008,10349945.0
2009-02-18,MMM,24.022228896338444,24.18488502215739,23.69183559747049,23.961233139038086,5936705.0
2009-02-19,MMM,23.67657949590727,24.418697446984805,23.67657949590727,23.92564582824707,6643302.0
2009-02-20,MMM,23.808743375831398,24.362790868263467,23.605422641953556,24.01714515686035,10440243.0
2009-02-23,MMM,24.174719388619938,24.189969488165307,23.056462241239192,23.081876754760742,8104694.0
2009-02-24,MMM,23.244535542643487,24.20522235209616,23.05138150733382,24.093395233154297,9879438.0
2009-02-25,MMM,23.915487284730055,24.118805701048156,23.3970210328691,23.691835403442383,10245654.0
2009-02-26,MMM,23.99681084131632,24.12896906897453,23.529175998032642,23.54950714111328,7685735.0
2009-02-27,MMM,23.203867270388567,23.569844134039208,22.95988424065745,23.107290267944336,8265915.0
2009-03-02,MMM,22.68031936320518,22.96496699667854,21.72979946290731,21.775545120239258,9707454.0
2009-03-03,MMM,21.943289807684895,22.355012416499147,21.70438777493593,21.917875289916992,10861354.0
2009-03-04,MMM,22.304179267898647,23.092043087742073,22.16185428415711,22.781978607177734,10812318.0
2009-03-05,MMM,22.126277345751358,22.3804271641498,21.368911257972705,21.607810974121094,9828250.0
2009-03-06,MMM,21.775544108320524,21.999195975588822,20.774195231063835,21.262161254882812,10972224.0
2009-03-09,MMM,20.99785477995021,21.577316964272942,20.94194237244222,21.38416290283203,8551520.0
2009-03-10,MMM,21.399408933868536,23.153043127456563,21.24691950813359,23.12254524230957,12796961.0
2009-03-11,MMM,22.807394312822613,23.976482728304138,22.807394312822613,23.78841209411621,9849538.0
2009-03-12,MMM,23.915499256990977,24.40854892446397,23.442780745611525,24.39838218688965,7416994.0
2009-03-13,MMM,24.561038392803294,24.65253207380689,24.047655250181652,24.39838218688965,6049727.0
2009-03-16,MMM,24.64234811330422,24.703343852268837,24.067969638842996,24.128965377807617,6180091.0
2009-03-17,MMM,24.10356488093023,24.794851870307976,24.10356488093023,24.784685134887695,5953210.0
2009-03-18,MMM,24.53561486819169,25.287897515429744,24.240800458170998,25.008333206176758,7467944.0
2009-03-19,MMM,24.942243443371385,25.003239182336007,23.956144890425616,24.128965377807617,8364465.0
2009-03-20,MMM,24.073057455186493,24.1848822242825,23.178450026203663,23.346189498901367,10136578.0
2009-03-23,MMM,23.788409529041324,25.115070557656566,23.671499076761744,25.06932258605957,8896446.0
2009-03-24,MMM,24.62710489410638,25.140487772922437,24.428867527603447,24.550861358642578,5937781.0
2009-03-25,MMM,24.830423616744568,25.801274586914143,24.271292806669123,24.916833877563477,9384653.0
2009-03-26,MMM,25.084575613380316,25.989347548279067,24.921919489555545,25.938518524169922,8729604.0
2009-03-27,MMM,25.567462072546366,25.93852235189432,25.379393727967877,25.582712173461914,5602423.0
2009-03-30,MMM,25.272650148077968,25.384474945990902,24.439038254519712,24.728769302368164,5737571.0
2009-03-31,MMM,24.96258003710463,25.694528996595537,24.789757208966904,25.272642135620117,8590988.0
2009-04-01,MMM,24.8812499487616,25.857184179280637,24.764341825042866,25.745359420776367,6904628.0
2009-04-02,MMM,26.22316732249284,26.889039626893798,26.131673683611872,26.497648239135742,8325356.0
2009-04-03,MMM,26.548483974013408,26.680639928211356,26.05034876567338,26.487485885620117,5897596.0
2009-04-06,MMM,26.431568207476655,26.533228575766824,26.035095785915136,26.472232818603516,4646819.0
2009-04-07,MMM,26.182504943334155,26.233336293084395,25.75553459213583,25.821611404418945,4856478.0
2009-04-08,MMM,25.887679842049348,26.31465233592771,25.719942718608987,26.11641502380371,4890803.0
2009-04-09,MMM,26.741630616751415,27.295678121876282,26.741630616751415,27.00594711303711,6881664.0
2009-04-13,MMM,26.828050014761132,27.321099568212425,26.456989688715197,27.117778778076172,5485095.0
2009-04-14,MMM,26.904290869959443,27.22451980678565,26.685722317992308,26.909374237060547,5542623.0
2009-04-15,MMM,26.82803061685572,27.468485772691665,26.60946220097432,27.3109130859375,5415249.0
2009-04-16,MMM,27.37191927887475,27.956462243455483,27.041523715246033,27.834470748901367,6859778.0
2009-04-17,MMM,27.971706049402506,27.971706049402506,27.265169430103104,27.351579666137695,7942636.0
2009-04-20,MMM,27.138097645587433,27.194010021119507,26.24349036086092,26.41631317138672,5617732.0
2009-04-21,MMM,26.563729104350323,27.16860568910737,26.431570844294367,27.087276458740234,6050684.0
2009-04-22,MMM,26.746717425436994,27.62607729777313,26.55864676166058,26.970369338989258,7048865.0
2009-04-23,MMM,27.061862669448182,27.615910239370912,26.538315301021505,27.554914474487305,7428236.0
2009-04-24,MMM,27.58032053811146,28.983227338626612,27.31600409191193,28.973060607910156,13803036.0
2009-04-27,MMM,28.693491004237156,29.547433609847047,28.657909772455106,29.150959014892578,8893934.0
2009-04-28,MMM,28.871408159732628,29.313628600180373,28.6172583746912,28.744333267211914,5445029.0
2009-04-29,MMM,28.97307246814718,29.450874221607467,28.86124534164993,29.23738670349121,5528032.0
2009-04-30,MMM,29.572856184076006,29.97949529977057,28.973063082592123,29.27804183959961,6405537.0
2009-05-01,MMM,29.257715870419098,29.46611767139283,28.962901473797636,29.420372009277344,4883507.0
2009-05-04,MMM,29.425450219862917,29.867670577779496,29.283125253655687,29.725345611572266,5406040.0
2009-05-05,MMM,29.694848732417277,29.86767158017567,29.36953650078608,29.699932098388672,5145670.0
2009-05-06,MMM,29.85750651933635,30.172652036663226,29.394954975857853,30.060827255249023,6060252.0
2009-05-07,MMM,29.99476379442335,30.27432821299322,29.46613053263507,29.872772216796875,6730610.0
2009-05-08,MMM,30.096405054249978,30.614871288080337,30.09132400723823,30.54370880126953,6468207.0
2009-05-11,MMM,30.198052063401647,30.284464610193588,29.837161060992706,30.045562744140625,4659736.0
2009-05-12,MMM,30.203147519733164,30.396301507814975,29.659266797403202,30.25905990600586,4883029.0
2009-05-13,MMM,29.679606505500985,29.832095917898858,28.769748759927563,28.94257164001465,6792802.0
2009-05-14,MMM,29.05948662703388,29.638948849274836,28.98832411151907,29.450878143310547,5550397.0
2009-05-15,MMM,29.35936982419826,29.862585911705903,29.232294960926485,29.440696716308594,5677771.0
2009-05-18,MMM,29.633849193661387,30.152315351657744,29.532188844380244,30.1065673828125,5052861.0
2009-05-19,MMM,30.025249140903124,30.24381767931723,29.608443212164293,29.989667892456055,4904078.0
2009-05-20,MMM,30.302426068247147,30.599811016520363,29.805077597171206,29.84096908569336,4469332.0
2009-05-21,MMM,29.45642591469935,29.584608823596948,28.72321995651805,28.994966506958008,5647034.0
2009-05-22,MMM,29.133396579651247,29.22056027811889,28.707828787151605,28.74884796142578,4513584.0
2009-05-26,MMM,28.687323660532595,29.779442048717772,28.3745579765893,29.692276000976562,4951440.0
2009-05-27,MMM,29.692290644663302,29.80509285767084,28.687337808595245,28.733482360839844,5865304.0
2009-05-28,MMM,28.836019793495975,29.16416860169982,28.31816046726567,28.994966506958008,4704227.0
2009-05-29,MMM,29.066749064141444,29.31285949698871,28.687328033743604,29.276968002319336,4523990.0
2009-06-01,MMM,29.687155172342628,30.697237775288183,29.687155172342628,30.399852752685547,7184731.0
2009-06-02,MMM,30.374210178383702,30.922833227503567,30.276791088553544,30.743375778198242,5060276.0
2009-06-03,MMM,30.53828638483262,30.74337761723977,30.117846200377095,30.507522583007812,4697649.0
2009-06-04,MMM,30.553664901124566,30.743375388503637,30.31268219417936,30.686975479125977,3925511.0
2009-06-05,MMM,31.071521772806683,31.425306610786475,30.784392218741516,31.245851516723633,7943952.0
2009-06-08,MMM,31.26124900234146,31.302268200416243,30.287060007813686,31.117685317993164,6152702.0
2009-06-09,MMM,31.07152775658826,31.07152775658826,30.635706821776665,30.938217163085938,5247330.0
2009-06-10,MMM,31.081782782320406,31.389420810522928,30.502395879809995,30.999744415283203,5301988.0
2009-06-11,MMM,31.05614779164334,31.512477160081243,31.02025629717746,31.061275482177734,4338251.0
2009-06-12,MMM,30.953588440907946,31.276609420776367,30.717731146937282,31.276609420776367,3861884.0
2009-06-15,MMM,30.968984782654505,30.968984782654505,30.10247049665603,30.41010856628418,5060994.0
2009-06-16,MMM,30.46137235684257,30.5434107121928,29.86660480728849,29.948640823364258,4534634.0
2009-06-17,MMM,30.040943458268732,30.476766828349987,30.040943458268732,30.27167320251465,4576016.0
2009-06-18,MMM,30.194759578269366,30.738257400070946,30.169123462346203,30.41010856628418,3820622.0
2009-06-19,MMM,30.497262560521136,30.861302776098164,30.215260696839334,30.44086265563965,7018248.0
2009-06-22,MMM,30.05631314721143,30.338315002688145,29.44103488299677,29.466670989990234,6306388.0
2009-06-23,MMM,29.605117423386506,29.605117423386506,29.02573048457306,29.256460189819336,4976795.0
2009-06-24,MMM,29.46153875149443,30.020417026170577,29.30771979401097,29.47179412841797,5319449.0
2009-06-25,MMM,29.40514486850108,30.28191661431342,29.276961987847052,30.199880599975586,4554248.0
2009-06-26,MMM,30.153740282817083,30.492142131961227,30.081957292634264,30.384469985961914,3574366.0
2009-06-29,MMM,30.43573777835279,30.799778027565388,30.148608198738845,30.743375778198242,3820383.0
2009-06-30,MMM,30.733119019022613,30.9228294858515,30.553661591431574,30.815155029296875,7890251.0
2009-07-01,MMM,30.922822978738104,31.425298991708008,30.810020856664448,31.14329719543457,4592520.0
2009-07-02,MMM,30.712609520621086,31.14330502521547,30.59980970946208,30.892066955566406,6677029.0
2009-07-06,MMM,30.697246429332047,31.163831349728596,30.574191168536288,31.107431411743164,6926754.0
2009-07-07,MMM,31.322766242922082,31.430440724934257,30.092211762221524,30.128103256225586,8718122.0
2009-07-08,MMM,30.18450903477843,30.37934727476747,29.64101350724988,30.261417388916016,7297394.0
2009-07-09,MMM,30.394720911410595,30.492140008653568,30.122974380748474,30.297304153442383,3784383.0
2009-07-10,MMM,30.087080387669182,30.72286714240528,30.087080387669182,30.656211853027344,4678034.0
2009-07-13,MMM,30.67672346776669,31.03563369531766,30.40497461283707,31.015125274658203,4833754.0
2009-07-14,MMM,31.00487758830437,31.27662651066632,30.76389481347793,31.086915969848633,4231687.0
2009-07-15,MMM,31.37916383634184,31.866256930069216,31.245853261070327,31.789348602294922,6007628.0
2009-07-16,MMM,31.743205725806703,32.57895843192537,31.697061191194514,32.50717544555664,4938284.0
2009-07-17,MMM,32.37386244430552,32.54819220690268,31.871386255667534,32.26106262207031,5478517.0
2009-07-20,MMM,32.619976813987584,32.789176555774766,32.343100256018126,32.7327766418457,4574580.0
2009-07-21,MMM,33.04041211311571,33.19423110074206,32.486661418386454,32.917354583740234,6015880.0
2009-07-22,MMM,32.94812300680152,33.271144095802484,32.840450869984345,33.15834426879883,4977632.0
2009-07-23,MMM,34.13765782429613,35.74763544929798,34.01973031661478,35.598941802978516,12891206.0
2009-07-24,MMM,35.58355418217298,35.83991990698249,35.05031431670787,35.593807220458984,7329208.0
2009-07-27,MMM,35.578452403414516,36.04503733307788,35.5323078493375,35.84507369995117,4973088.0
2009-07-28,MMM,35.71175005398272,35.988624295500614,35.5117841543601,35.82967758178711,5255942.0
2009-07-29,MMM,35.54767093824596,35.72199836152374,35.06057548036752,35.23490524291992,5581014.0
2009-07-30,MMM,35.75276015759354,36.21934479891122,35.47075595779043,35.83992385864258,5109073.0
2009-07-31,MMM,35.988619582422665,36.6038979333826,35.988619582422665,36.15782165527344,5362984.0
2009-08-03,MMM,36.81411932213402,37.1730319125929,36.53211740794303,36.98844909667969,6663275.0
2009-08-04,MMM,36.76797820316052,37.16790767478849,36.660303714238566,36.93205261230469,5734820.0
2009-08-05,MMM,37.09612328613469,37.30121452245743,36.52186174231664,36.82950210571289,5413574.0
2009-08-06,MMM,36.901283211388744,37.2191765998794,36.803864118833566,37.12175750732422,5139571.0
2009-08-07,MMM,37.26533348115492,37.68577379155364,37.08075061491414,37.378135681152344,5328419.0
2009-08-10,MMM,37.219184664923574,37.219184664923574,36.05528299207496,36.35779571533203,7084865.0
2009-08-11,MMM,36.32189654092579,36.675681422179345,36.060403062702555,36.57826232910156,5743312.0
2009-08-12,MMM,36.59877710024201,37.26020244563468,36.373175073932316,37.085872650146484,5748933.0
2009-08-13,MMM,37.06024733585059,37.38839391944077,36.93206438216319,37.22431945800781,5201045.0
2009-08-14,MMM,37.09612309063074,37.16790373636428,36.219351217593115,36.56800842285156,4302610.0
2009-08-17,MMM,36.14244321472133,36.39368134155227,35.65022234232599,35.93222427368164,5283091.0
2009-08-18,MMM,36.09116424217943,36.193711017856046,35.83992616230016,36.070655822753906,4087569.0
2009-08-19,MMM,35.81758091552215,36.69042256527059,35.77109706685149,36.56130599975586,4673370.0
2009-08-20,MMM,36.55615432947496,36.855708641965535,36.41153995266634,36.78856658935547,3041189.0
2009-08-21,MMM,37.186247228249314,37.65623915749171,36.80405552299255,37.51679229736328,5172341.0
2009-08-24,MMM,37.56843302613797,37.70271708662263,37.19140651505164,37.475467681884766,2995382.0
2009-08-25,MMM,37.50645280832211,37.8111744844626,37.310191869049916,37.53744125366211,4116632.0
2009-08-26,MMM,37.54261707597923,37.568440395055255,36.80922208989107,36.88669204711914,5625386.0
2009-08-27,MMM,36.9176715954845,37.10360463196443,36.39086800180195,36.99514389038086,4875374.0
2009-08-28,MMM,37.17592024891279,37.26372283702696,36.618128046314666,37.14493179321289,4178106.0
2009-08-31,MMM,36.902181983570266,37.237892150878906,36.773063050968005,37.237892150878906,4005643.0
2009-09-01,MMM,37.0881229457071,37.59426854755743,36.11714811529714,36.21527862548828,7013344.0
2009-09-02,MMM,36.40121513626468,36.76274639634817,36.09649330568137,36.45286178588867,3897764.0
2009-09-03,MMM,36.53548894435865,36.72658716163223,36.22560440134765,36.68010330200195,3820861.0
2009-09-04,MMM,36.65944574301479,36.94867448182389,36.37022171692059,36.85054397583008,2693033.0
2009-09-08,MMM,37.03131107079616,37.34119565147452,36.88153391619454,37.026145935058594,4028846.0
2009-09-09,MMM,36.984821355548135,37.96096116482319,36.984821355548135,37.79568862915039,5706355.0
2009-09-10,MMM,37.728552700702814,38.420631408691406,37.449656577018935,38.420631408691406,4945699.0
2009-09-11,MMM,38.430946505807825,38.47226522172859,38.07458053369527,38.21919250488281,3984354.0
2009-09-14,MMM,38.07458453603866,38.54974157182663,37.919639924137414,38.5084228515625,4145814.0
2009-09-15,MMM,38.544584545468254,38.673703511642685,38.219204562200105,38.57040786743164,4266012.0
2009-09-16,MMM,38.611712000735636,38.9887384854104,38.47742794965788,38.93192672729492,3256110.0
2009-09-17,MMM,38.91127810499939,38.96808987706723,38.477437399305884,38.678863525390625,4032314.0
2009-09-18,MMM,38.7976590250935,38.864801078925254,38.47744416359944,38.53942108154297,5247928.0
2009-09-21,MMM,38.17272643968879,38.570411288455794,38.17272643968879,38.498104095458984,3062238.0
2009-09-22,MMM,38.64270674753981,38.81314440603359,38.265680201388946,38.720176696777344,2643040.0
2009-09-23,MMM,38.79764876149414,39.25214761041775,38.37413836334454,38.43611526489258,3999902.0
2009-09-24,MMM,38.55492005757317,38.859639539605176,38.02811384993825,38.27085876464844,3718962.0
2009-09-25,MMM,38.23986193832204,38.42062753345455,37.89382144105181,38.11590576171875,4150957.0
2009-09-28,MMM,38.18305766449142,38.947441324247976,38.18305766449142,38.74085235595703,2858918.0
2009-09-29,MMM,38.62203864808222,38.864781058926766,38.14687938013545,38.18819808959961,3827798.0
2009-09-30,MMM,38.25018985243767,38.73051208406951,37.58393689043685,38.11590576171875,5455913.0
2009-10-01,MMM,37.99194728978152,38.1520546807221,37.39283644649463,37.470306396484375,5217789.0
2009-10-02,MMM,37.08810855696975,37.36700692844687,36.9899780848494,37.15008544921875,3878508.0
2009-10-05,MMM,37.15526012710314,37.90931565163703,37.134601943165855,37.71305465698242,3152656.0
2009-10-06,MMM,37.94030194978463,38.60655485292178,37.86799477557707,38.18304443359375,3265917.0
2009-10-07,MMM,37.98162479007705,38.14173457012664,37.56327943421339,37.7750358581543,3788450.0
2009-10-08,MMM,37.898987035701985,38.70985436872404,37.898987035701985,38.49293518066406,3945484.0
2009-10-09,MMM,38.456790279818605,38.59623718261719,38.214045360411355,38.59623718261719,3353345.0
2009-10-12,MMM,38.658203020338384,39.024901684334395,38.46194202905682,38.67369842529297,2876858.0
2009-10-13,MMM,38.6323787061462,38.84413509692501,38.32249417861275,38.554908752441406,2942280.0
2009-10-14,MMM,38.9164362268999,39.73246619083911,38.7718242465444,39.54653549194336,4929792.0
2009-10-15,MMM,39.3554422261897,39.887411010277226,39.3554422261897,39.64983367919922,4417665.0
2009-10-16,MMM,39.262474060058594,39.7686194922494,38.96808262816493,39.262474060058594,3985072.0
2009-10-19,MMM,39.39160374219631,39.80994672301255,39.15918914235375,39.41742706298828,3667773.0
2009-10-20,MMM,39.38643721434567,39.62917972010895,39.04556185159884,39.2263298034668,4195688.0
2009-10-21,MMM,39.112693890653915,39.964879723143646,39.112693890653915,39.42258071899414,4234438.0
2009-10-22,MMM,40.28511300153985,40.93070791222849,39.830613995906425,40.69313049316406,8595413.0
2009-10-23,MMM,40.50201641604809,40.6776168334083,39.670486396974404,40.1921272277832,6524778.0
2009-10-26,MMM,40.10949452898982,40.60014455612583,39.33477862702033,39.67565155029297,4642035.0
2009-10-27,MMM,39.76345442695722,39.90290362029439,39.159178516424085,39.25214385986328,5384990.0
2009-10-28,MMM,39.27797857834335,39.4070975411147,38.363815567887805,38.456783294677734,5264314.0
2009-10-29,MMM,38.57040516611682,39.2366581366265,38.549746981264434,38.983585357666016,5026908.0
2009-10-30,MMM,38.78731116848156,39.107525884801255,37.77502039677022,37.99710464477539,5413335.0
2009-11-02,MMM,38.14689611141304,38.70469068658113,37.883493052129296,38.36381530761719,4702313.0
2009-11-03,MMM,38.224363602320615,38.544578398860736,38.03326775136464,38.250186920166016,4161123.0
2009-11-04,MMM,38.57040552779014,38.88029244162585,38.1675556030683,38.25535583496094,4875135.0
2009-11-05,MMM,38.477432336925,39.09203854792021,38.456774156079334,38.97324752807617,3704730.0
2009-11-06,MMM,38.66853357297593,39.15402091974389,38.570403076617815,38.94742965698242,2230779.0
2009-11-09,MMM,39.21600260964385,39.91324643922392,38.99391827108883,39.871925354003906,4725157.0
2009-11-10,MMM,39.78928762038863,40.42971723385445,39.78928762038863,40.279937744140625,4190545.0
2009-11-11,MMM,40.33158066531344,40.80157491845479,40.135319691353295,40.26443862915039,3440174.0
2009-11-12,MMM,40.238622536596964,40.37290662516644,39.74280255083481,39.8770866394043,2932233.0
2009-11-13,MMM,39.88223704724037,40.223112277942846,39.623999235768494,39.93388366699219,2898506.0
2009-11-16,MMM,40.05268675897364,40.4348784358765,39.99070985765734,40.29542922973633,3581422.0
2009-11-17,MMM,40.22828239271377,40.69311145346615,40.22828239271377,40.68794631958008,3701142.0
2009-11-18,MMM,40.578781645702314,40.615173176626925,40.199298426589806,40.44362258911133,3038438.0
2009-11-19,MMM,40.266887605237564,40.3604611066193,39.62228490858986,40.15772247314453,3023368.0
2009-11-20,MMM,40.09014113483434,40.142124302865874,39.63787950914163,39.84061813354492,3620890.0
2009-11-23,MMM,40.10573187958607,40.58398265046261,40.00176081469236,40.4072380065918,4063410.0
2009-11-24,MMM,40.3032668725711,40.48001149533712,40.01215361773639,40.344852447509766,3320814.0
2009-11-25,MMM,40.48001736832054,40.55279569258815,40.282477557714735,40.50081253051758,2319283.0
2009-11-27,MMM,39.57029275084357,40.14731577194353,39.57029275084357,39.89779281616211,2231616.0
2009-11-30,MMM,39.970582787657655,40.454032469563145,39.7522477659894,40.256492614746094,4700400.0
2009-12-01,MMM,40.46962195806843,41.06744021250288,40.4644231672403,40.875099182128906,3657846.0
2009-12-02,MMM,40.76595242476175,41.140237072451384,40.500832946792144,40.7607536315918,3560851.0
2009-12-03,MMM,40.755537209738094,40.89069628684522,40.017361076570126,40.105735778808594,3579389.0
2009-12-04,MMM,40.32925165076282,40.85949020427242,40.22008656389466,40.67234802246094,5233696.0
2009-12-07,MMM,40.50081253051758,40.99465968532106,40.365653463080875,40.50081253051758,3655096.0
2009-12-08,MMM,39.68985842512623,40.25128986130283,39.507914984796514,40.084938049316406,6035853.0
2009-12-09,MMM,40.677551345526055,41.55088162465265,40.57358029287294,41.45211410522461,7892882.0
2009-12-10,MMM,41.566477168258096,41.982351883765624,41.44171570229009,41.94076156616211,6040876.0
2009-12-11,MMM,41.88878583600279,42.52818964825765,41.82120630134207,42.49700164794922,5727405.0
2009-12-14,MMM,42.6321490115593,42.71532015182648,42.43980804163264,42.58016586303711,5979282.0
2009-12-15,MMM,42.678937248969724,43.11040358735674,42.38782874474099,42.990840911865234,5541068.0
2009-12-16,MMM,42.897274269148944,43.15719479142866,42.37743322458951,42.48139953613281,4759123.0
2009-12-17,MMM,42.309859538540046,42.35664391084943,41.76402446904954,41.83160400390625,4594673.0
2009-12-18,MMM,42.003151331004894,42.289065852323645,41.87319104739134,42.09152603149414,7974569.0
2009-12-21,MMM,42.12272147193713,42.741330184681225,42.07073356042705,42.33065414428711,3302515.0
2009-12-22,MMM,42.54897345734854,42.788098788454754,42.38782522133982,42.60615539550781,2205544.0
2009-12-23,MMM,42.60615297843678,42.7932951500016,42.315044514920594,42.72571563720703,2272639.0
2009-12-24,MMM,42.78810321735715,43.146795994564805,42.78810321735715,42.912864685058594,1113715.0
2009-12-28,MMM,43.032442948000934,43.45351182172207,42.97525624609394,43.380733489990234,2815145.0
2009-12-29,MMM,43.55227043368543,43.83298612087832,43.484695650316894,43.73421859741211,4623616.0
2009-12-30,MMM,43.66664533460839,43.8225948272031,43.4899006789655,43.614662170410156,3103620.0
2009-12-31,MMM,43.55746820688111,43.70822362699083,42.90766690423088,42.97524642944336,2451561.0
2010-01-04,MMM,43.19358664990596,43.38072887871394,42.97525167791898,43.15719985961914,3640265.0
2010-01-05,MMM,43.042816957177585,43.26635064566821,42.470992879061214,42.88686752319336,3405012.0
2010-01-06,MMM,43.604264160825444,43.97854863148509,43.41192313478461,43.495094299316406,6301126.0
2010-01-07,MMM,43.313139501746576,43.54187200281064,42.689332214155364,43.526275634765625,5346240.0
2010-01-08,MMM,43.5054924517299,43.83299255371094,43.30275384160619,43.83299255371094,4073337.0
2010-01-11,MMM,43.86418357805047,43.978547483864006,43.35993883961821,43.656246185302734,3500812.0
2010-01-12,MMM,43.44831797691427,43.76022176025688,43.30276129688003,43.69264221191406,3626033.0
2010-01-13,MMM,43.723831049078925,43.723831049078925,43.250774253013404,43.55228042602539,3709992.0
2010-01-14,MMM,43.53148833454382,43.63025587688141,43.36513650908137,43.4067268371582,3150384.0
2010-01-15,MMM,43.41712660073736,43.713433986061,43.07922888524711,43.339149475097656,4730180.0
2010-01-19,MMM,43.57307918560335,44.274863879073365,43.40673208345802,44.24887466430664,5382478.0
2010-01-20,MMM,44.09811365907791,44.25406790179719,43.45351101110378,44.040931701660156,4390755.0
2010-01-21,MMM,43.9785397972187,43.9785397972187,42.92326138961944,42.990840911865234,5720707.0
2010-01-22,MMM,42.83489149320922,43.058420475406535,42.26306257669427,42.35663604736328,5751564.0
2010-01-25,MMM,42.798502372662554,43.08961563696506,42.35663842966622,42.53858184814453,4050374.0
2010-01-26,MMM,42.34625282200554,43.006451899882336,42.12791781205029,42.434627532958984,3753048.0
2010-01-27,MMM,42.27867221367895,43.0636327793856,42.11232512224554,42.78291702270508,6060012.0
2010-01-28,MMM,42.949268025692426,42.95966560809738,41.12462512945531,41.97716522216797,8157557.0
2010-01-29,MMM,42.28905025135617,42.56456708939661,41.68083464079115,41.84198760986328,5199012.0
2010-02-01,MMM,42.02395075975367,42.0499447164837,41.55609274257231,41.81601333618164,4344709.0
2010-02-02,MMM,41.951167953650256,42.075929445813244,41.43132682183038,41.81081008911133,5609240.0
2010-02-03,MMM,41.49890988466856,42.460615111562376,41.49890988466856,42.36704635620117,4067955.0
2010-02-04,MMM,42.17469800248438,42.17469800248438,40.97906160753078,41.17660140991211,6353870.0
2010-02-05,MMM,41.15062474603335,41.327369440962315,40.16292543303628,40.82832336425781,6467968.0
2010-02-08,MMM,40.79711553488726,40.79711553488726,40.157711799565675,40.30326843261719,5271131.0
2010-02-09,MMM,40.693158605201454,41.280579319435,40.495618770058606,40.9218864440918,5085990.0
2010-02-10,MMM,40.96348471006465,41.21820655428081,40.54760979442577,40.869911193847656,2924459.0
2010-02-11,MMM,41.181803167726564,41.790018989695845,40.9842633511109,41.727638244628906,6607302.0
2010-02-12,MMM,41.14022413416783,41.1870085145596,40.58399138730981,41.161014556884766,6509828.0
2010-02-16,MMM,41.62886539933612,41.919978701310285,41.24418335274319,41.83160400390625,4328444.0
2010-02-17,MMM,42.0801443910665,42.22141918047349,41.72432901606306,41.933631896972656,3701859.0
2010-02-18,MMM,41.891773100474204,42.477818367251544,41.891773100474204,42.441192626953125,3232070.0
2010-02-19,MMM,42.45689414567935,42.77084613472752,42.17956789928175,42.655731201171875,3848608.0
2010-02-22,MMM,42.7551478590542,42.78131251452991,42.14817082316737,42.21619415283203,3618378.0
2010-02-23,MMM,42.07492238255826,42.43073307535007,41.687709326350394,41.708641052246094,4762352.0
2010-02-24,MMM,41.860377436027555,42.174329383502034,41.598750017370236,41.897003173828125,4222717.0
2010-02-25,MMM,41.420844814533744,41.74002969315598,41.14875153450915,41.72433090209961,4911135.0
2010-02-26,MMM,41.72434123187712,42.0330603262253,41.38945747929067,41.93887710571289,3856382.0
2010-03-01,MMM,42.15863883377491,42.35747590180656,42.043523892959854,42.16387176513672,3043940.0
2010-03-02,MMM,42.24759776753266,42.58248153254398,42.16387563263662,42.45166778564453,4025258.0
2010-03-03,MMM,42.467350949293476,42.739439432049636,42.310372600967426,42.383628845214844,3411351.0
2010-03-04,MMM,42.493523968609786,42.57201316705148,42.15864022327842,42.394107818603516,3133879.0
2010-03-05,MMM,42.56676153362139,43.168505424532135,42.503971157369776,43.137107849121094,3758550.0
2010-03-08,MMM,43.126653546642494,43.18421578365348,42.50398254651387,42.545841217041016,4338968.0
2010-03-09,MMM,42.462131899299834,42.97492100207998,42.2475960263462,42.90166473388672,5082761.0
2010-03-10,MMM,42.86502216284706,42.93827841044748,42.51444448988167,42.67665100097656,4287182.0
2010-03-11,MMM,42.51970672607422,42.666219322256545,42.127265341383804,42.51970672607422,4841528.0
2010-03-12,MMM,42.68188224536646,42.73420677027977,42.34176567157326,42.58246612548828,3523296.0
2010-03-15,MMM,42.46738216303042,42.72900975282403,42.26854500380429,42.51970672607422,3136271.0
2010-03-16,MMM,42.519693316116104,42.72899627685547,42.137717919417646,42.72899627685547,5073671.0
2010-03-17,MMM,42.87026582185284,43.121427433870025,42.72375806455782,43.00107955932617,4771681.0
2010-03-18,MMM,43.063857066678274,43.822579381564495,42.90688349346018,43.78071594238281,5907642.0
2010-03-19,MMM,42.88595962524414,43.95340112666246,42.65049683502396,42.88595962524414,8223935.0
2010-03-22,MMM,42.6452567831853,43.0115332344934,42.6452567831853,42.82316207885742,3895013.0
2010-03-23,MMM,42.959213141566124,43.12141966402813,42.467355869086624,43.09002685546875,4967108.0
2010-03-24,MMM,42.833633541735935,43.06386339277174,42.60863184679479,42.70281982421875,3710590.0
2010-03-25,MMM,42.91211838022484,43.03769915435445,42.29990852541454,42.34700012207031,5911230.0
2010-03-26,MMM,42.43595336979983,42.571999998463454,42.25281514646683,42.383628845214844,4563099.0
2010-03-29,MMM,42.509215831985216,42.744678614344984,42.39933383682689,42.57200622558594,3710710.0
2010-03-30,MMM,43.095268090146575,44.215034269872774,43.032477686356906,44.09991455078125,10410702.0
2010-03-31,MMM,43.97954743055061,44.194083205695875,43.61327103114497,43.72838592529297,5186693.0
2010-04-01,MMM,43.88538193935876,44.073753144216376,43.63945326423123,43.874916076660156,3547097.0
2010-04-05,MMM,44.06853235550245,44.204579058925745,43.73364852973538,44.052833557128906,3110557.0
2010-04-06,MMM,43.901088051640144,44.19934131540656,43.717944973029795,44.13655090332031,3837366.0
2010-04-07,MMM,44.010944894675234,44.28303811620629,43.53478175699589,43.775482177734375,5338346.0
2010-04-08,MMM,43.64466540000086,43.74408149912351,43.30978182607118,43.40396499633789,4494209.0
2010-04-09,MMM,43.414445402878044,43.780721898117974,43.32025742647742,43.68653869628906,3449144.0
2010-04-12,MMM,43.82783325718003,43.82783325718003,43.477250659342204,43.5766716003418,3140816.0
2010-04-13,MMM,43.45108187986916,44.07899073703666,43.267943586993475,43.92201232910156,5090176.0
2010-04-14,MMM,43.90630814105842,44.199333193330084,43.68131119516696,44.157474517822266,4343992.0
2010-04-15,MMM,44.026644112700524,44.47664260864258,43.91675737242629,44.47664260864258,5424458.0
2010-04-16,MMM,44.31968483736213,44.45049858085782,43.53480237638805,43.82782745361328,6389391.0
2010-04-19,MMM,43.7493394255158,44.02143278321324,43.503410727048056,43.901084899902344,4250823.0
2010-04-20,MMM,44.16792800250486,44.92141745394272,44.12083640384358,44.6179313659668,6859060.0
2010-04-21,MMM,44.70689080138595,44.921426666395384,44.51328666210597,44.84293746948242,5409388.0
2010-04-22,MMM,44.528983191598606,45.07316983630642,44.199332400988645,45.02607345581055,5534729.0
2010-04-23,MMM,45.094087622531866,45.57025083988693,44.96327391910464,45.30339050292969,4772758.0
2010-04-26,MMM,45.42897724442974,45.93653333450983,45.38711857267955,45.753395080566406,7521524.0
2010-04-27,MMM,47.051064833515284,47.22374199460893,45.92607069395862,46.03071975708008,13321885.0
2010-04-28,MMM,46.512105053267625,46.61152594725807,45.8632694883664,46.171993255615234,6853798.0
2010-04-29,MMM,46.5382663445854,47.09291867996664,46.38128800732674,46.74233627319336,6319903.0
2010-04-30,MMM,46.41270578399772,46.935960769826046,46.25572737842009,46.39700698852539,6293352.0
2010-05-03,MMM,46.66909334835793,47.09293211513103,46.37084015196259,46.99351119995117,5558290.0
2010-05-04,MMM,46.68478506290163,46.68478506290163,45.528393420790806,45.878971099853516,6525854.0
2010-05-05,MMM,45.54409469729911,45.638282682172985,45.041771510164196,45.308631896972656,5836480.0
2010-05-06,MMM,45.031289545600806,47.36500408833705,36.0836371014236,44.0789680480957,10950576.0
2010-05-07,MMM,43.77549542497879,44.11560728024605,42.5196827472652,43.236541748046875,10009085.0
2010-05-10,MMM,44.79061445155416,45.54409930854532,44.42433788627889,44.98421859741211,7500834.0
2010-05-11,MMM,44.57082245299158,44.984195187639116,44.408615981206815,44.49756622314453,5693917.0
2010-05-12,MMM,44.680725918278064,45.324328666704,44.58653793760922,45.230140686035156,4103476.0
2010-05-13,MMM,45.031286989543084,45.523148885289274,44.69640341201955,44.78535842895508,3963903.0
2010-05-14,MMM,44.508041115919184,44.764435585146074,43.92722886269677,44.3092041015625,4949526.0
2010-05-17,MMM,44.41385792597561,44.549904555512875,43.44060457398905,44.3092041015625,3817273.0
2010-05-18,MMM,44.52375554700676,45.10456800426917,43.87491975107905,43.96387481689453,6243000.0
2010-05-19,MMM,43.88225559042646,43.88225559042646,43.150357359718555,43.46101760864258,7660619.0
2010-05-20,MMM,42.73962096379742,42.89758629692328,41.860294382556816,41.90241622924805,10468229.0
2010-05-21,MMM,41.29165322850512,42.52903308375434,41.1442194675188,42.49217224121094,7761681.0
2010-05-24,MMM,42.507957506083464,42.51322333921636,41.828713077862496,41.90769577026367,4336576.0
2010-05-25,MMM,41.43908770382935,41.88665007645086,40.707189440664955,41.84452819824219,6823419.0
2010-05-26,MMM,42.123597078800806,42.48691088027952,41.612849500811535,41.686561584472656,5646196.0
2010-05-27,MMM,42.33948064835739,42.92921093225534,42.14465916540701,42.87655258178711,5447660.0
2010-05-28,MMM,42.929194798633056,43.01343851853375,41.47066473987547,41.76026153564453,7753429.0
2010-06-01,MMM,41.44961993396301,42.0551477660797,41.05471110492095,41.107364654541016,5190879.0
2010-06-02,MMM,41.38642335719332,41.539122933326155,40.81249069509064,41.460140228271484,6905226.0
2010-06-03,MMM,41.749743781255766,41.997218771057874,40.891475263679865,41.2495231628418,9425556.0
2010-06-04,MMM,40.69665172833075,40.69665172833075,39.912097723054416,40.07006072998047,9750749.0
2010-06-07,MMM,40.10164348454245,40.47022534506355,39.32762373951447,39.35395050048828,7113569.0
2010-06-08,MMM,39.35397932133712,39.569864204476474,38.290359622064535,39.44875717163086,8646482.0
2010-06-09,MMM,39.73833600863205,40.07005709191065,39.227586196597585,39.38028335571289,5744508.0
2010-06-10,MMM,39.90156043259313,40.85460657609826,39.81731430820261,40.770362854003906,7420582.0
2010-06-11,MMM,40.3649326219123,41.2758547299378,40.34386928382363,41.22846221923828,5534729.0
2010-06-14,MMM,41.591796171486315,41.77082019771647,41.10210701184479,41.14423370361328,4319952.0
2010-06-15,MMM,41.64442311035533,42.04986343187699,41.46013336546156,42.00247573852539,3866907.0
2010-06-16,MMM,41.74448113030283,42.65013742029555,41.59178153556682,42.586952209472656,6410321.0
2010-06-17,MMM,42.82917346587479,42.844970974185486,42.07095072210121,42.66594696044922,4755774.0
2010-06-18,MMM,42.56587584132358,42.850211605286496,42.32366674140978,42.74489974975586,6285937.0
2010-06-21,MMM,43.15561637225398,43.70322470108142,42.686990753098705,42.89760971069336,4860544.0
2010-06-22,MMM,43.02397418198083,43.10822271430119,42.060398709928116,42.139381408691406,3727693.0
2010-06-23,MMM,42.24469458043136,42.46057937371606,41.83398833113656,42.18677520751953,4266252.0
2010-06-24,MMM,42.023540216960455,42.03933771851203,41.00204532344576,41.1652717590332,5190760.0
2010-06-25,MMM,41.349558784868876,41.6444214036965,41.007303670039626,41.54438018798828,5190520.0
2010-06-28,MMM,41.57072745600625,41.98143382012717,41.22321112137597,41.586524963378906,3700424.0
2010-06-29,MMM,41.44961870102325,41.61811582030867,40.46497957541741,41.328514099121094,10220298.0
2010-06-30,MMM,41.181079119797246,42.23943510364791,41.181079119797246,41.5917854309082,8303708.0
2010-07-01,MMM,41.62863714697976,41.79713424384432,40.98098754152926,41.360103607177734,8146793.0
2010-07-02,MMM,41.491747578870935,41.59705468055147,40.56502778754207,40.896751403808594,4517172.0
2010-07-06,MMM,41.307460220430244,41.79714938007177,40.80724419244191,41.14423370361328,4798950.0
2010-07-07,MMM,41.30217937323261,42.428986290396494,41.033641029186406,42.397396087646484,5929648.0
2010-07-08,MMM,42.713326220833785,42.960801250305636,42.17098364634473,42.7659797668457,4755057.0
2010-07-09,MMM,42.70805967682733,43.308321622424664,42.70805967682733,43.260929107666016,3369610.0
2010-07-12,MMM,43.10823024321075,43.31358337402344,42.83969190327057,43.31358337402344,3835094.0
2010-07-13,MMM,43.618975340118396,44.52989738994508,43.618975340118396,43.992820739746094,6144330.0
2010-07-14,MMM,43.77169899279433,44.06129600929569,43.43470944255975,43.72957229614258,3724703.0
2010-07-15,MMM,43.79273306111514,43.79273306111514,42.92920352671642,43.73481369018555,5551832.0
2010-07-16,MMM,43.55052947699286,43.58212448586284,42.49217355334912,42.623809814453125,5145790.0
2010-07-19,MMM,42.90288186923312,42.93973791006325,42.16571781128413,42.7659797668457,3652823.0
2010-07-20,MMM,42.37632779983244,43.3557008441886,42.12885282292054,43.27671813964844,3648757.0
2010-07-21,MMM,43.51368458197792,43.761159663130556,42.82917392709294,43.33465576171875,5971269.0
2010-07-22,MMM,44.6141517103915,44.83003652618657,44.15079187418891,44.62468338012695,8555227.0
2010-07-23,MMM,44.59835914679663,45.42503765748971,44.41406931979063,45.372379302978516,5452684.0
2010-07-26,MMM,45.54614419499533,46.05689181865631,45.22495224182931,45.977909088134766,5782062.0
2010-07-27,MMM,45.89364572779858,46.01475510467495,45.456615139864624,45.7040901184082,5075585.0
2010-07-28,MMM,45.51453532722064,45.80940281685735,45.39869658683185,45.64617156982422,3378222.0
2010-07-29,MMM,45.83574433513462,46.06216087116265,45.13544099207175,45.46189880371094,3999663.0
2010-07-30,MMM,45.01957562813299,45.46713779530486,44.68258634337278,45.04063415527344,5674542.0
2010-08-02,MMM,45.70408437481834,46.22009760296631,45.66196251288935,46.02527618408203,4352244.0
2010-08-03,MMM,45.79887451210489,46.09900305326098,45.64090908754264,45.919979095458984,3415178.0
2010-08-04,MMM,45.96737592590238,46.3728164321145,45.93051988197148,46.335960388183594,2658230.0
2010-08-05,MMM,45.97263751693387,46.293829430028126,45.793613540122685,46.18852233886719,3018226.0
2010-08-06,MMM,45.7093525595112,46.093729583737684,45.29338533836102,45.962093353271484,3230755.0
2010-08-09,MMM,46.193781177952815,46.53603637928317,46.02528409210098,46.351741790771484,3812130.0
2010-08-10,MMM,46.025273963065175,46.220095372548066,45.203866465237276,45.867313385009766,4355114.0
2010-08-11,MMM,45.23021865071108,45.27761117741566,43.98231153939367,44.282440185546875,5388698.0
2010-08-12,MMM,43.8611771714278,44.56148495527787,43.78746511432062,44.23502731323242,4108619.0
2010-08-13,MMM,44.177107951452534,44.466704760351966,44.09285942313977,44.23502731323242,2486604.0
2010-08-16,MMM,43.876984368825,44.20870791749295,43.350439358532604,43.92963790893555,2820646.0
2010-08-17,MMM,43.671632898752776,44.69839859061897,43.52946497183332,44.27716064453125,5232022.0
2010-08-18,MMM,44.39107442514132,44.50764576857759,43.66517595245812,44.301002502441406,3825884.0
2010-08-19,MMM,44.15263292813841,44.21091616984444,43.01874708594933,43.34725570678711,4735323.0
2010-08-20,MMM,42.91808660726268,43.15121962436903,42.4465168210847,42.737937927246094,5209058.0
2010-08-23,MMM,42.923392145078324,43.60689938504151,42.865108881811956,42.960479736328125,3879106.0
2010-08-24,MMM,42.49419995502001,42.91808429849226,42.10740802986013,42.62666320800781,5353176.0
2010-08-25,MMM,42.393538355006804,42.971076895346684,42.107416126407635,42.78562927246094,4278212.0
2010-08-26,MMM,43.05585310007315,43.09294068931976,42.123311268621705,42.271671295166016,4278092.0
2010-08-27,MMM,42.4518161322963,42.96577242596078,41.96434959003334,42.918087005615234,4121296.0
2010-08-30,MMM,42.684940555699654,42.74852271494908,42.16568544936644,42.20277786254883,2880446.0
2010-08-31,MMM,42.1551003370572,42.49420690030318,41.540474223779164,41.61995315551758,5927376.0
2010-09-01,MMM,42.12860980172737,42.97107485906159,42.01204328255486,42.92338943481445,5390372.0
2010-09-02,MMM,43.15121990172818,43.389656672332386,42.82801012514685,43.379058837890625,2963449.0
2010-09-03,MMM,43.75524804625328,44.35398211207903,43.744650212999694,44.23211669921875,3515881.0
2010-09-07,MMM,44.099652182730324,44.17913109506469,43.4585316371369,43.52211380004883,3706643.0
2010-09-08,MMM,43.55921088643276,44.35399051366399,43.55921088643276,43.845333099365234,3333252.0
2010-09-09,MMM,44.465261456436615,44.55003931011809,43.702275277641064,43.95660400390625,2956153.0
2010-09-10,MMM,43.90891609695232,44.54473787671133,43.792349576459664,44.47585678100586,2590895.0
2010-09-13,MMM,44.804367630622494,45.02160876349795,44.618920005631864,44.96332550048828,3424746.0
2010-09-14,MMM,44.867943303528605,45.03749898476199,44.518243776194396,44.841453552246094,3970122.0
2010-09-15,MMM,44.75668865242061,44.9050487077015,44.30631440261349,44.814971923828125,2602376.0
2010-09-16,MMM,44.51825231399659,45.037507622148034,44.47586096816911,45.01101303100586,2908433.0
2010-09-17,MMM,45.217646840972904,45.65742311811547,45.08518358264074,45.60443878173828,7136652.0
2010-09-20,MMM,45.705110780260085,46.43100920136417,45.59913727873698,46.31443786621094,4374848.0
2010-09-21,MMM,45.91175763544464,46.42571392862237,45.59914085793041,45.858768463134766,4401519.0
2010-09-22,MMM,45.869363877441955,46.181975803683684,45.63623087069306,45.90115737915039,2957708.0
2010-09-23,MMM,45.49317967056942,45.964749538293226,45.22295418642679,45.31832504272461,2384824.0
2010-09-24,MMM,45.78457916417997,46.34622559844408,45.45607053642583,46.07600021362305,4090798.0
2010-09-27,MMM,46.023017749264845,46.15548098895801,45.60443236470557,45.66801452636719,2983661.0
2010-09-28,MMM,45.9117773110695,46.266775909010306,45.27065156437029,46.11841583251953,3088790.0
2010-09-29,MMM,45.91704950621094,46.44160360858446,45.7369008333701,46.18727493286133,3487177.0
2010-09-30,MMM,46.51048692576547,46.627058270046135,45.67861977278191,45.943546295166016,4347101.0
2010-10-01,MMM,46.298559657886976,46.5687851563467,46.044226079799344,46.425724029541016,3828276.0
2010-10-04,MMM,46.250859625399414,46.4839974807186,45.62563573592872,45.93824768066406,2734415.0
2010-10-05,MMM,46.261462716952586,47.15691698435356,46.261462716952586,47.08273696899414,5516191.0
2010-10-06,MMM,46.97675296999891,47.633770291197024,46.97675296999891,47.62847137451172,4948330.0
2010-10-07,MMM,47.61258217021605,47.644370837359894,46.860189140620385,47.103919982910156,3972992.0
2010-10-08,MMM,47.59139216350921,47.59139216350921,46.85489579726457,47.2416877746582,2708222.0
2010-10-11,MMM,47.41126703027881,47.4218648707802,46.61118808979891,46.75954818725586,3116656.0
2010-10-12,MMM,46.58467370959098,46.91318245174932,45.98064057050386,46.706539154052734,2991674.0
2010-10-13,MMM,46.69594990686856,47.5437140030337,46.69594990686856,47.231101989746094,3803160.0
2010-10-14,MMM,47.23637147591497,47.29465954825813,46.81779098161722,47.19398498535156,2767185.0
2010-10-15,MMM,47.55431183988745,47.628487028304505,46.82311427955435,47.231101989746094,3704132.0
2010-10-18,MMM,47.20459676197408,47.64437304886176,46.99265457699046,47.50661087036133,3219632.0
2010-10-19,MMM,47.02443050151561,47.13569805225664,46.36741335802027,46.91845703125,4650168.0
2010-10-20,MMM,47.01385392694997,47.66027353220078,46.9449728323066,47.40594482421875,3372002.0
2010-10-21,MMM,47.61787878789328,48.163623698199544,47.53839987170405,47.97817611694336,6738025.0
2010-10-22,MMM,47.92520171934329,48.020577405497434,47.69736275700669,47.91990280151367,2763717.0
2010-10-25,MMM,48.020571365442756,48.47624439802211,48.020571365442756,48.16362762451172,3818708.0
2010-10-26,MMM,48.047062424219405,48.20602027388266,47.76094022873698,47.935794830322266,2712767.0
2010-10-27,MMM,47.68147953418321,47.967596975268094,46.92378732893304,47.8828239440918,4064606.0
2010-10-28,MMM,46.53168865316007,46.627064340938894,44.401678362297694,45.07459259033203,19408808.0
2010-10-29,MMM,45.04279578912396,45.148764458840226,44.54473143798969,44.624210357666016,7277899.0
2010-11-01,MMM,44.80965167815062,45.19114463749191,44.20031982558249,44.497039794921875,5342771.0
2010-11-02,MMM,44.936828916524966,45.06399327286304,44.677201286103156,44.9315299987793,4562979.0
2010-11-03,MMM,45.11697416914761,45.34481311047024,44.136746982761274,45.19645309448242,4881713.0
2010-11-04,MMM,45.7210258785639,46.55819714249,45.62035607758981,46.11841583251953,7900896.0
2010-11-05,MMM,46.34094818921704,46.35684494506129,45.567364088820575,45.74751281738281,4454263.0
2010-11-08,MMM,45.46137437682042,45.88525870651013,45.328911128139644,45.493167877197266,6596060.0
2010-11-09,MMM,45.74220290236567,45.747501819706564,45.01100549188694,45.19645309448242,5884918.0
2010-11-10,MMM,45.19644679430797,45.82697435697431,45.19114787770572,45.69981002807617,4782804.0
2010-11-11,MMM,45.418988885226895,45.864064056928925,45.15406238198885,45.832275390625,6997557.0
2010-11-12,MMM,45.577944917109924,46.187271982617794,45.371301672589794,45.69451141357422,4931945.0
2010-11-15,MMM,45.93295988407814,45.980645316228504,45.641543537848456,45.67333221435547,3744796.0
2010-11-16,MMM,45.4136825899014,45.45077016702663,44.49173889520584,44.63479995727539,6816961.0
2010-11-17,MMM,44.829410553458246,45.06401043934435,44.530834630173445,44.76009750366211,3744198.0
2010-11-18,MMM,45.23463254801953,45.719823982298166,45.08534212745707,45.61318588256836,4277374.0
2010-11-19,MMM,45.60252664968522,45.613190947352216,45.17065664986702,45.325279235839844,3852675.0
2010-11-22,MMM,45.13866156469096,45.35193291237537,44.7707725036421,45.26662826538086,3559655.0
2010-11-23,MMM,44.73877898212472,45.07468001209482,44.328237603360385,44.56816482543945,4704107.0
2010-11-24,MMM,45.048019830578255,45.21863397096218,44.82941635828447,45.13865661621094,4613690.0
2010-11-26,MMM,45.032014719565694,45.35725135886577,44.7440982439142,45.00002670288086,1986915.0
2010-11-29,MMM,44.6268119272456,44.989373686173046,44.253590736816335,44.9040641784668,4293640.0
2010-11-30,MMM,44.38688632394238,44.946718129890165,44.26958878727892,44.77610397338867,4142346.0
2010-12-01,MMM,45.54388633170285,46.24234930755026,45.533222032056294,45.87978744506836,6163825.0
2010-12-02,MMM,45.9810798743741,46.45560701308465,45.9330954052075,46.125038146972656,5092448.0
2010-12-03,MMM,45.88510645821782,46.514256171340435,45.75181248099766,46.35430145263672,3481197.0
2010-12-06,MMM,46.386288493063596,46.61021923289235,46.183681478633936,46.32230758666992,3785818.0
2010-12-07,MMM,46.215680747131294,46.42361995979297,44.68546590378967,44.8880729675293,12390082.0
2010-12-08,MMM,44.376215655667266,45.22396389816405,44.376215655667266,45.14931869506836,6153779.0
2010-12-09,MMM,45.309283739953635,45.34660391747182,44.63748162383116,44.845420837402344,4303328.0
2010-12-10,MMM,44.97336338333124,45.01068354483493,44.65345890938061,44.957366943359375,5326027.0
2010-12-13,MMM,45.07468620903405,45.70383603257418,45.01603743257602,45.47990036010742,5100103.0
2010-12-14,MMM,45.44257408745698,45.80513099605713,45.33060869878621,45.7678108215332,3436586.0
2010-12-15,MMM,45.767800793854526,46.386286100491105,45.559861642525895,45.75180435180664,5691166.0
2010-12-16,MMM,45.794478465625836,46.16236757818666,45.39992374135952,46.06639862060547,3194038.0
2010-12-17,MMM,46.0610411848777,46.1996672609257,45.79978060686642,46.050376892089844,4372337.0
2010-12-20,MMM,46.173023757575955,46.8234972093768,45.911767947178916,46.56757354736328,4787110.0
2010-12-21,MMM,46.66356045237395,46.70621278631643,45.97576176881238,46.135711669921875,3906016.0
2010-12-22,MMM,46.07171266047803,46.332968441711515,45.76247241424816,46.23699951171875,2866573.0
2010-12-23,MMM,46.274331983243805,46.31165702768485,45.97575595321362,46.10371780395508,2260679.0
2010-12-27,MMM,46.05573102240929,46.51959392441869,45.85312395802016,46.391632080078125,1896258.0
2010-12-28,MMM,46.39162749690661,46.61022612141773,46.08771449779772,46.2476692199707,2116561.0
2010-12-29,MMM,46.30099507362681,46.492937859457605,46.14637246902704,46.25834274291992,1993493.0
2010-12-30,MMM,46.268983534178076,46.40227748716796,46.05038495414517,46.141021728515625,1797468.0
2010-12-31,MMM,46.13569501090209,46.37562707358026,45.858447642736124,46.013065338134766,2142634.0
2011-01-03,MMM,46.25301403416494,46.562254401268696,46.24768188429244,46.27433776855469,3148829.0
2011-01-04,MMM,46.38630505554895,46.53559064703863,46.00241461501853,46.21035385131836,3162344.0
2011-01-05,MMM,46.007746764546724,46.8661595922871,45.91710995276727,46.21035385131836,4881235.0
2011-01-06,MMM,46.31164654319744,46.48759283185957,45.65584099034031,45.92776107788086,4129310.0
2011-01-07,MMM,46.146360297712306,46.551574360400224,45.82645573903727,45.975746154785156,4013178.0
2011-01-10,MMM,45.70382405808907,46.56223661332316,45.70382405808907,46.46626281738281,4156339.0
2011-01-11,MMM,46.56224974387844,47.100757906334664,46.56224974387844,46.780853271484375,3617182.0
2011-01-12,MMM,46.930145369697456,47.324695244042026,46.876823874434734,47.2713737487793,3268548.0
2011-01-13,MMM,47.170059855943684,47.383331183903,46.79150653275747,46.940792083740234,2812872.0
2011-01-14,MMM,46.780843210079006,46.97811809789937,46.626220642698634,46.97278594970703,2504783.0
2011-01-18,MMM,46.83416025548417,47.18605771390513,46.764847193448205,46.994110107421875,2779145.0
2011-01-19,MMM,47.052766345674854,47.31402216357376,46.738189042409616,46.89814376831055,2753431.0
2011-01-20,MMM,46.84482314847264,47.12207538830989,46.51958644100159,46.940792083740234,2592210.0
2011-01-21,MMM,47.27137580722152,47.660598414088525,47.11675805952655,47.607276916503906,4677915.0
2011-01-24,MMM,47.564604700874355,48.25240308120529,47.484627353029204,48.156429290771484,7558242.0
2011-01-25,MMM,47.66591632219723,47.71923780929277,46.4929311778807,47.18606185913086,8947037.0
2011-01-26,MMM,47.228721213969244,47.836542471443344,47.14874383652004,47.75656509399414,4900969.0
2011-01-27,MMM,47.559271966799734,48.140432254470355,47.46329817754957,47.55393981933594,3925750.0
2011-01-28,MMM,47.681903486730235,47.82052959599579,46.519582866086154,46.62088394165039,5893410.0
2011-01-31,MMM,46.88213649911225,47.02076259886231,46.55156769165392,46.87680435180664,4923334.0
2011-02-01,MMM,46.930133474806205,47.07941902840418,46.62088834106327,46.807498931884766,4778259.0
2011-02-02,MMM,46.74885736059749,47.159403642637315,46.74885736059749,46.78618240356445,3459550.0
2011-02-03,MMM,46.8234977568359,47.06342984160302,46.679539478995416,46.8928108215332,2370711.0
2011-02-04,MMM,46.876806556605956,47.12739803136433,46.73284830277937,47.07408142089844,2360784.0
2011-02-07,MMM,47.01010648899156,47.58593957747024,46.81816374786492,47.340675354003906,3135553.0
2011-02-08,MMM,47.43665147657942,47.71923588640204,47.3353455202793,47.70323944091797,3238768.0
2011-02-09,MMM,47.80987811654979,48.43369577546508,47.79921381834789,48.401702880859375,5724654.0
2011-02-10,MMM,48.113781574895974,48.348376628229026,47.9644911599939,48.2310791015625,3333850.0
2011-02-11,MMM,48.16709100659322,49.02550346660942,48.01780061395618,48.945526123046875,4078360.0
2011-02-14,MMM,48.90288664543515,49.21212694126385,48.90288664543515,48.99885559082031,4088526.0
2011-02-15,MMM,48.79624509297707,49.12681396004392,48.51899770858131,49.05217361450195,3554392.0
2011-02-16,MMM,49.05754393292452,49.85675365922924,49.05217971508145,49.52419662475586,4672174.0
2011-02-17,MMM,49.422288764569146,49.86212532726305,49.35792303519444,49.7387580871582,3748503.0
2011-02-18,MMM,49.73875435119273,49.8674858002729,49.37401198255911,49.86212158203125,4108499.0
2011-02-22,MMM,49.73874553834105,50.23221437426093,49.25063602535353,49.34718704223633,6018631.0
2011-02-23,MMM,49.652917730547614,49.65828194727428,48.204686890229894,48.41387176513672,6411636.0
2011-02-24,MMM,48.50506227269953,48.665978998116096,47.882857133943155,48.29050827026367,4778857.0
2011-02-25,MMM,48.140332239081175,48.633801136391135,48.10814693132994,48.40852355957031,3419962.0
2011-02-28,MMM,49.29356397479468,49.69048684203215,48.86446068569617,49.47057342529297,5737690.0
2011-03-01,MMM,49.44909738137671,49.53491996367594,48.510427876452894,48.521156311035156,4793688.0
2011-03-02,MMM,48.40314957508548,49.45445777308058,48.40314957508548,48.98244094848633,3360162.0
2011-03-03,MMM,49.26672487783863,50.09811486719428,49.26672487783863,49.78165054321289,3661076.0
2011-03-04,MMM,49.727997216361814,50.03909722304112,48.99851779444155,49.44907760620117,3313398.0
2011-03-07,MMM,49.65828807919094,50.17857801105789,49.357911482839555,49.561737060546875,4533438.0
2011-03-08,MMM,49.54566501658092,50.50578681834895,49.50811548294836,50.28587341308594,4333945.0
2011-03-09,MMM,50.16248343714686,50.28049132082623,49.65828617676308,49.97475051879883,2533008.0
2011-03-10,MMM,49.51882352796914,49.51882352796914,48.2744182043327,48.27977752685547,6097686.0
2011-03-11,MMM,48.11887255119292,49.37400648720741,48.11887255119292,49.13800048828125,4201548.0
2011-03-14,MMM,48.923440802822476,48.923440802822476,48.22077731630163,48.82152557373047,4244604.0
2011-03-15,MMM,47.76486190270481,48.32270142076016,47.23384347469423,48.0062370300293,6307106.0
2011-03-16,MMM,47.7702155654481,47.86676657391597,46.616992152449455,46.96027755737305,7639450.0
2011-03-17,MMM,47.518124802221585,47.72195039211851,47.228476623326166,47.57176208496094,4283235.0
2011-03-18,MMM,48.124225195359024,48.32805073375833,47.48592749838831,47.72730255126953,5768547.0
2011-03-21,MMM,48.41923524844782,49.239901662897616,48.3655979763519,48.78397750854492,4276896.0
2011-03-22,MMM,48.78933546704515,49.06825511939717,48.49432316682106,48.64987564086914,2472252.0
2011-03-23,MMM,48.606978154026805,49.7011952606739,48.59624971960773,49.42227554321289,4757808.0
2011-03-24,MMM,49.674364436439,49.872825731655055,49.28816538290837,49.65827178955078,3104577.0
2011-03-25,MMM,49.81384552166479,49.86211858858188,49.41692276177005,49.49201202392578,3287206.0
2011-03-28,MMM,49.572452782436365,49.78700673989929,49.41154098510743,49.41154098510742,2887503.0
2011-03-29,MMM,49.49200016555515,49.829921341727065,49.29353883315947,49.7977409362793,2656794.0
2011-03-30,MMM,49.79775414014463,49.969394434879035,49.524198596693296,49.59929275512695,4265534.0
2011-03-31,MMM,49.567095810574834,50.24293818345961,49.54027962094637,50.151756286621094,3830668.0
2011-04-01,MMM,50.16785834074009,50.59696644067729,49.67975362793427,49.953304290771484,4241853.0
2011-04-04,MMM,49.711919137559775,50.32876001087667,49.711919137559775,50.226844787597656,2340094.0
2011-04-05,MMM,50.15711625735842,50.41994820075159,49.89428920832369,50.092750549316406,2695066.0
2011-04-06,MMM,50.38775284118947,50.473575399566464,50.001558670029205,50.323387145996094,2988086.0
2011-04-07,MMM,50.157121536933204,50.38240398597284,49.669016905552446,49.98548126220703,4100725.0
2011-04-08,MMM,50.2000444977038,50.28586709801125,49.67975446616212,50.001583099365234,2945389.0
2011-04-11,MMM,50.20005192017763,50.76325088796651,50.09813664955108,50.31269073486328,3852914.0
2011-04-12,MMM,49.99081548375887,50.02836008889152,49.36324647008094,49.54561996459961,4657822.0
2011-04-13,MMM,49.92111809216423,50.01766422213205,49.64219834895191,49.80847930908203,3390301.0
2011-04-14,MMM,49.57782771086799,50.00157150133993,49.21309030929311,49.851383209228516,2739079.0
2011-04-15,MMM,49.82455481321111,49.95865043413091,49.33645027700079,49.787010192871094,3720397.0
2011-04-18,MMM,49.314985338139856,49.314985338139856,48.58550586708162,49.05215835571289,4352603.0
2011-04-19,MMM,49.15945105361776,49.3632766351856,49.062904927504,49.2720947265625,2912380.0
2011-04-20,MMM,49.86747131705643,50.64522400389316,49.84601445032163,50.29121017456055,4347938.0
2011-04-21,MMM,50.468231488594355,50.65060021595487,50.23222058169299,50.377044677734375,3500214.0
2011-04-25,MMM,50.37167899450073,50.59159724114256,50.02839352722254,50.484317779541016,2615772.0
2011-04-26,MMM,50.96169896151206,51.8091866422633,50.62914192944846,51.46053695678711,9573143.0
2011-04-27,MMM,51.31570402743794,51.78235663552305,51.16015152662341,51.74481201171875,4513943.0
2011-04-28,MMM,51.55171377717152,52.19000662861118,51.540985343641715,52.152462005615234,4302969.0
2011-04-29,MMM,51.98617496831557,52.29727503234618,51.953994565864434,52.141727447509766,3690856.0
2011-05-02,MMM,52.34019701544084,52.538658360653045,51.84135909674068,51.986183166503906,3617900.0
2011-05-03,MMM,51.99156072060475,52.297296695143736,51.80382776119591,51.937923431396484,3514685.0
2011-05-04,MMM,51.787716105864035,52.029086265925464,51.35324394452384,51.59998321533203,3858416.0
2011-05-05,MMM,51.28352431412272,51.64289748381891,50.63449811204304,50.91341781616211,4975001.0
2011-05-06,MMM,51.34788238147269,51.93790210926167,51.149421066824814,51.27815246582031,4385134.0
2011-05-09,MMM,51.1172374590231,51.7394425043001,51.1172374590231,51.48733901977539,2438644.0
2011-05-10,MMM,51.621460226014285,51.723375492477395,51.294267339382905,51.337181091308594,3929578.0
2011-05-11,MMM,51.36934420654918,51.492711413057094,50.65595715906148,51.23524856567383,4136127.0
2011-05-12,MMM,51.05286200810583,51.99689538122911,51.01531739531029,51.84134292602539,4723363.0
2011-05-13,MMM,51.819903180105676,52.12563905295183,51.058238264739295,51.498069763183594,3491004.0
2011-05-16,MMM,51.24598425812379,51.61609082442531,51.101160162369254,51.20307540893555,3116178.0
2011-05-17,MMM,51.106524103128585,51.20307513122776,49.95866467356428,50.34486389160156,5795218.0
2011-05-18,MMM,50.56608155457336,50.81427036100715,50.04271983379371,50.68478012084961,3994879.0
2011-05-19,MMM,50.900580970032976,51.256676543923184,50.6793665027081,51.10021209716797,2852938.0
2011-05-20,MMM,51.01389233237135,51.06784576881142,50.24773778065686,50.47974395751953,4170332.0
2011-05-23,MMM,49.79452350343592,50.112853218789674,49.50856388162601,49.902435302734375,3574724.0
2011-05-24,MMM,50.134417728433014,50.134417728433014,49.60026953836312,49.62185287475586,3849087.0
2011-05-25,MMM,49.389864805379446,50.19378530096316,49.30353635150504,50.01034164428711,3365903.0
2011-05-26,MMM,49.98874677003264,50.285497992475236,49.65422962703531,50.08047103881836,3192363.0
2011-05-27,MMM,50.42578321144823,50.71174278329877,50.2315479144952,50.43117904663086,2376691.0
2011-05-31,MMM,50.74411330935239,51.08402631275709,50.44197115255229,50.92216110229492,3804835.0
2011-06-01,MMM,50.895190233583136,50.895190233583136,49.27655771416132,49.335906982421875,4133615.0
2011-06-02,MMM,49.28735330270595,49.69740730074059,49.08232630368863,49.346702575683594,3283259.0
2011-06-03,MMM,48.661481374292734,49.222608942924815,48.661481374292734,48.936649322509766,3717527.0
2011-06-06,MMM,48.76400722083493,49.06075365038676,48.688470423346516,48.893497467041016,3545542.0
2011-06-07,MMM,49.02296251532741,49.6326474958387,48.95821742550349,49.0175666809082,3647441.0
2011-06-08,MMM,49.06614860137356,49.28736315265065,48.753214665895726,49.04996109008789,4150000.0
2011-06-09,MMM,49.29274861011034,49.870058748853104,49.09311744925073,49.61647415161133,2981987.0
2011-06-10,MMM,49.33590220401412,49.584090924194136,48.90426493802462,48.95282745361328,3307179.0
2011-06-13,MMM,49.17404371223941,49.56791510975383,49.044553499404586,49.260372161865234,3041787.0
2011-06-14,MMM,49.78911789612386,50.17219756980163,49.65962770094487,49.95637893676758,3395564.0
2011-06-15,MMM,49.476185215008485,49.681212182620186,48.87189598255411,49.114688873291016,4075609.0
2011-06-16,MMM,49.13628906551868,49.573317403367,48.91507451646959,49.41145706176758,3582857.0
2011-06-17,MMM,49.799923397167454,49.97797615739447,49.38447352091582,49.51935958862305,4501864.0
2011-06-20,MMM,49.32510473064914,50.107446567809546,49.319708896218565,49.940185546875,2423933.0
2011-06-21,MMM,50.075085904416994,50.60383844441283,49.8161054703952,50.409603118896484,2916207.0
2011-06-22,MMM,50.35563113946047,50.673960728790384,50.02650988215223,50.069671630859375,3199778.0
2011-06-23,MMM,49.65963364589476,49.86466063334061,48.95283332286284,49.82149887084961,4549823.0
2011-06-24,MMM,49.82149603114758,49.92400705742376,48.92585135564862,49.039154052734375,4999160.0
2011-06-27,MMM,49.14166934954846,49.98875149515383,49.01217914796811,49.7729377746582,3329305.0
2011-06-28,MMM,49.97797471204562,50.188392639160156,49.86466707066656,50.188392639160156,3265080.0
2011-06-29,MMM,50.40420223484174,50.52290076801251,50.004939951843696,50.23694610595703,3673753.0
2011-06-30,MMM,50.38260584004606,51.28904195671084,50.36642326113898,51.17573928833008,5025353.0
2011-07-01,MMM,51.164955084071984,52.3087883724334,51.164955084071984,52.15771484375,5573001.0
2011-07-05,MMM,52.01205084739319,52.26024454508033,51.82860718465698,51.871768951416016,3664783.0
2011-07-06,MMM,51.86096918711062,52.605540317580875,51.8501824395101,52.46526336669922,4430104.0
2011-07-07,MMM,52.729636848175645,52.97782557093678,52.42748977419928,52.859127044677734,3961272.0
2011-07-08,MMM,52.40052738038484,52.69727871427727,52.33039134775773,52.6702995300293,3605820.0
2011-07-11,MMM,52.03901271324515,52.335758991990105,51.82858993929512,52.09836196899414,5394199.0
2011-07-12,MMM,52.39511431223783,52.45446849806341,51.68831407268489,51.731475830078125,5475408.0
2011-07-13,MMM,51.844781620740214,52.49762840979768,51.8124066114281,51.89873504638672,3368056.0
2011-07-14,MMM,51.15955932223299,51.67752008050707,51.01927746299926,51.245887756347656,6454932.0
2011-07-15,MMM,51.36458765237258,51.59658886356222,51.10560726629713,51.5102653503418,4693104.0
2011-07-18,MMM,51.310631262863836,51.32142293219499,50.560664399623214,51.04085922241211,3529874.0
2011-07-19,MMM,51.224304546200244,51.224304546200244,50.382613388675225,50.86280822753906,5689252.0
2011-07-20,MMM,51.16497325208661,51.21353085954596,50.79808096974925,50.8520393371582,3358368.0
2011-07-21,MMM,51.26209401710242,51.84480506253904,50.9869260063594,51.70991897583008,4234318.0
2011-07-22,MMM,51.844787775147324,52.00125223577513,51.31603527927162,51.461708068847656,3404055.0
2011-07-25,MMM,51.1703773221327,51.542660577902566,50.663203049345206,51.294471740722656,4112566.0
2011-07-26,MMM,49.594886959205404,49.907825727712265,48.321563312639604,48.52119445800781,13672672.0
2011-07-27,MMM,48.39169467579168,48.40788217920942,47.34498155941735,47.52302932739258,7963446.0
2011-07-28,MMM,47.58239627395664,47.86835591449325,47.16155056786977,47.24787902832031,5125936.0
2011-07-29,MMM,46.90796496590941,47.32341482683541,46.72452129909307,47.01587677001953,5841025.0
2011-08-01,MMM,47.46908252731422,47.57159355017919,46.15259227329417,46.81623077392578,7173130.0
2011-08-02,MMM,46.22272974615961,47.07521256941328,45.99612437650034,46.00691604614258,7661935.0
2011-08-03,MMM,46.16339231729216,46.643587276989734,45.76412997744621,46.49790954589844,7507292.0
2011-08-04,MMM,45.8990030327873,45.8990030327873,44.301954125852845,44.36669921875,10837674.0
2011-08-05,MMM,45.0195648561595,45.44041059802756,43.832569347679645,44.647281646728516,10109908.0
2011-08-08,MMM,43.56817226580106,43.90268938044645,42.37038565431657,42.40275573730469,13749455.0
2011-08-09,MMM,43.28762519673131,44.70662679257734,42.11681238420466,44.61490249633789,14362046.0
2011-08-10,MMM,43.70307648687681,43.821775045965076,42.089839496331656,42.20853805541992,11215370.0
2011-08-11,MMM,42.456717985424795,44.43684683638639,42.240904258747584,43.8217658996582,8542191.0
2011-08-12,MMM,44.18325869590425,44.652661883001294,43.59515206086451,44.533958435058594,6838848.0
2011-08-15,MMM,44.59871995217355,45.138269193593295,44.22643673574843,44.949424743652344,4972011.0
2011-08-16,MMM,44.528574249787965,44.60950194138273,43.730044696703864,44.3127555847168,6073527.0
2011-08-17,MMM,44.644080183524,45.1003562631334,43.76955846553619,43.95967102050781,6493562.0
2011-08-18,MMM,43.36218007223749,43.46538716461153,41.68375013637569,42.05311584472656,10221375.0
2011-08-19,MMM,41.63488045335426,42.813581911962096,41.607719377920645,41.75437927246094,7357314.0
2011-08-22,MMM,42.55284422301649,42.650619112464426,41.55339125590101,41.797821044921875,5303303.0
2011-08-23,MMM,41.91733417911593,43.35132986532724,41.754377645664434,43.27528381347656,6959644.0
2011-08-24,MMM,43.128613036608634,43.698950781359294,42.829861153835466,43.61204528808594,6191453.0
2011-08-25,MMM,43.69895013020949,43.807589429780286,42.25409056658517,42.47135925292969,7898982.0
2011-08-26,MMM,42.22149798484138,43.595748717505515,41.55338536361693,43.45995330810547,6446440.0
2011-08-29,MMM,44.160656088925855,44.66581721374224,43.9433873899585,44.5952033996582,4146532.0
2011-08-30,MMM,44.36706936605648,44.8722305369631,43.840184297110355,44.57891082763672,4466103.0
2011-08-31,MMM,44.92111198416855,45.28504548551305,44.64952115055594,45.073204040527344,5666289.0
2011-09-01,MMM,45.094943504939636,45.600099798748346,44.149807578071666,44.32905578613281,5424338.0
2011-09-02,MMM,43.46538920078288,43.633772945367056,42.86789034011801,43.10145568847656,5251995.0
2011-09-06,MMM,42.06396524748479,42.50937687614426,41.66201131317119,42.41160202026367,6304355.0
2011-09-07,MMM,43.10689651504422,43.802170398493324,42.72667124312051,43.76414489746094,6235705.0
2011-09-08,MMM,43.38935047467332,43.80760123446867,42.79185151342276,43.05257797241211,5647751.0
2011-09-09,MMM,42.40076290921156,42.46594453324507,41.28181087056955,41.63488006591797,8878386.0
2011-09-12,MMM,41.39587008754395,42.52025655149339,41.28180103356657,42.48766326904297,6995284.0
2011-09-13,MMM,42.520229740784835,42.79725264134178,41.92815846745537,42.264930725097656,7737044.0
2011-09-14,MMM,42.346436671768195,43.666370472063136,41.77609882237618,43.15034484863281,6461390.0
2011-09-15,MMM,43.55229910006162,44.0140075428587,43.172073865710594,43.79673385620117,5049871.0
2011-09-16,MMM,44.23127597805483,44.35077972657898,43.45996108670533,43.74241638183594,7209010.0
2011-09-19,MMM,43.22095067795885,43.22095067795885,42.30297609229528,43.02540588378906,5445029.0
2011-09-20,MMM,43.15033686703099,43.411063259257354,42.618019656835706,43.02540588378906,4682101.0
2011-09-21,MMM,43.09059712834948,43.324167464906495,41.42846352761247,41.46648406982422,5929529.0
2011-09-22,MMM,40.640831087308314,40.6842863021371,39.10905892703127,39.597923278808594,12089766.0
2011-09-23,MMM,39.45670441507446,40.374681471924696,39.29375042117782,40.189998626708984,5482225.0
2011-09-26,MMM,40.40727492484978,40.87984277729023,39.896684058302704,40.841819763183594,6019946.0
2011-09-27,MMM,41.48277874265206,42.24323415838121,41.1840292858298,41.43389129638672,5830859.0
2011-09-28,MMM,41.509926963504874,41.9336073197609,39.923837396932484,39.97815704345703,7094792.0
2011-09-29,MMM,40.722319705196945,41.1079795925915,39.92384382007525,40.48332214355469,6737666.0
2011-09-30,MMM,40.14655158607144,40.16284574867717,38.9515513306646,38.9950065612793,8592662.0
2011-10-03,MMM,38.636507020650726,39.782619884497414,38.527870178222656,38.527870178222656,9112683.0
2011-10-04,MMM,38.093323945706764,39.206845965445574,37.278551373478415,39.114505767822266,10405200.0
2011-10-05,MMM,38.96785361595955,39.565355107309514,38.57133167877104,39.396968841552734,6538532.0
2011-10-06,MMM,39.50015980468395,40.5702264342458,39.10906773949738,40.548500061035156,5783617.0
2011-10-07,MMM,40.84725871715299,40.98305415642929,39.69028137626289,40.0976676940918,6328993.0
2011-10-10,MMM,40.80380369946436,41.6837579523937,40.78750953532856,41.67289352416992,4611298.0
2011-10-11,MMM,41.580557409066564,41.754373398186296,41.222056045782196,41.50994110107422,3970959.0
2011-10-12,MMM,41.67832285327904,43.096026553952996,41.67832285327904,42.5637092590332,6773307.0
2011-10-13,MMM,42.514828314312,42.58544214315993,41.64573846753728,42.25952911376953,4457372.0
2011-10-14,MMM,42.87874531037076,43.036269568126535,42.433338557390364,42.85158920288086,3397597.0
2011-10-17,MMM,42.710367255704796,42.938505353470326,41.09711880004622,41.216617584228516,5213962.0
2011-10-18,MMM,41.379573401603636,42.992824405770314,41.12427918161548,42.5637092590332,4983971.0
2011-10-19,MMM,42.50939196752695,42.83530000883446,41.97164246026973,42.20520782470703,4622540.0
2011-10-20,MMM,42.24324167410934,42.943942862380126,41.88474027957988,42.73753356933594,4888411.0
2011-10-21,MMM,43.11776433959242,43.758716129186844,42.900490614353465,43.71526336669922,6129739.0
2011-10-24,MMM,43.628350497458705,44.75817182430376,43.57946552278565,44.638668060302734,6492725.0
2011-10-25,MMM,41.759799744530724,42.92220918740499,41.433889234777396,41.846710205078125,15131553.0
2011-10-26,MMM,42.35729879986184,42.585436901072306,41.26550317243908,41.835845947265625,6923524.0
2011-10-27,MMM,43.18837817455855,44.720148768087604,42.867902279774896,44.22042465209961,8866785.0
2011-10-28,MMM,44.28559485472932,44.45397860279337,43.72611651953755,43.99770736694336,6281392.0
2011-10-31,MMM,43.389330956187486,43.774988256923116,42.8733055282028,42.92219543457031,4810910.0
2011-11-01,MMM,42.30842369608404,42.487671916846764,41.42303710916439,41.56969451904297,6903432.0
2011-11-02,MMM,42.03682065513373,42.71579775122438,42.01509180201116,42.40074920654297,4257282.0
2011-11-03,MMM,42.835296896250334,43.35674972445148,42.30841185472216,43.25897979736328,5188009.0
2011-11-04,MMM,42.89505333160287,43.20466971649847,42.43334981776889,43.07430648803711,4511192.0
2011-11-07,MMM,43.05798831089635,43.557712117939346,42.53109848994394,43.2861213684082,5156793.0
2011-11-08,MMM,43.61203593366631,44.540874747236835,43.45451170674825,44.44853210449219,5059678.0
2011-11-09,MMM,43.52512650705416,43.62289640737172,42.62344377484942,42.91133117675781,7646626.0
2011-11-10,MMM,43.62290183289493,44.08461015829952,43.26440554527965,43.628334045410156,5556975.0
2011-11-11,MMM,44.16065563619195,44.89938209174448,44.16065563619195,44.69841003417969,4360377.0
2011-11-14,MMM,44.30187957153034,44.80704064907611,44.20410965742366,44.47026824951172,3789646.0
2011-11-15,MMM,44.23669797665976,44.747291266811274,44.030288766836534,44.47026824951172,4308470.0
2011-11-16,MMM,44.15521974397195,45.138380836034756,43.921654427518355,44.47026824951172,6096132.0
2011-11-17,MMM,44.28559511094515,44.36163618702747,43.27527279111903,43.68809127807617,6073168.0
2011-11-18,MMM,43.83475784181226,44.00857878735775,43.44366814893482,43.74785232543945,4698247.0
2011-11-21,MMM,43.06344182856645,43.2589866702094,42.11830594909225,42.58000946044922,6504805.0
2011-11-22,MMM,42.46512200173851,43.18171508619858,42.366656276964754,42.57452392578125,4988038.0
2011-11-23,MMM,42.16427468085782,42.208039459654316,41.29451459074977,41.32186508178711,4963280.0
2011-11-25,MMM,41.327324004599234,42.04391964504113,41.327324004599234,41.644596099853516,2504424.0
2011-11-28,MMM,42.229918854654684,42.67300731239686,42.147869873373104,42.51436996459961,5888028.0
2011-11-29,MMM,42.66752444314847,42.76598518893647,42.136916559125005,42.25178909301758,4608547.0
2011-11-30,MMM,43.60293650462118,44.33594163611029,43.44976976328886,44.33047103881836,10430316.0
2011-12-01,MMM,44.445326914331275,44.4781454906562,43.89830738328921,43.925655364990234,4625052.0
2011-12-02,MMM,44.52191791513066,44.56020709267357,43.241893389645895,43.63027572631836,6671288.0
2011-12-05,MMM,44.489099247265905,44.636795360995684,43.947550157869955,44.27029037475586,7068958.0
2011-12-06,MMM,44.92672348022461,45.29322352797142,44.64227240402551,44.92672348022461,7190113.0
2011-12-07,MMM,44.87202033163252,45.25493215173599,44.18824565900463,45.068946838378906,5150096.0
2011-12-08,MMM,44.762615733328545,44.93219425690266,43.90379689575748,44.01319885253906,4760798.0
2011-12-09,MMM,44.26481760618428,45.08534709426261,44.182768650512145,44.965003967285156,4874298.0
2011-12-12,MMM,44.80090686586422,44.85013724392635,43.77798017125623,44.08430862426758,3992248.0
2011-12-13,MMM,44.30858358347009,44.42892671373414,43.1653138631221,43.43882369995117,4755057.0
2011-12-14,MMM,43.31301804168303,43.460714196730294,42.809762984687914,42.94651794433594,5026788.0
2011-12-15,MMM,43.44976521188026,43.64122611420037,42.99574062415568,43.13796615600586,3883412.0
2011-12-16,MMM,43.4989887204585,43.77249851613675,42.89726816825014,43.14342498779297,7765150.0
2011-12-19,MMM,43.22549179390519,43.48806047730142,42.39949156572595,42.56906509399414,4168538.0
2011-12-20,MMM,43.31848653918989,43.98038390596227,43.14344239555237,43.931148529052734,5573599.0
2011-12-21,MMM,43.996778003492246,44.018660386911634,43.198130905719424,43.76156234741211,4319713.0
2011-12-22,MMM,43.9092634877383,44.40704783625385,43.7232731901851,44.29217529296875,3784383.0
2011-12-23,MMM,44.43986669216931,44.97047456318592,44.1882392464129,44.965003967285156,2442471.0
2011-12-27,MMM,44.80638050438948,45.205704135446375,44.64774317479459,45.0087776184082,2060230.0
2011-12-28,MMM,44.97595301431746,45.09629616231332,44.2757665309262,44.39064407348633,3125507.0
2011-12-29,MMM,44.51098113558165,44.96500567262658,44.41251539705321,44.915775299072266,2314499.0
2011-12-30,MMM,44.98141080020844,45.10175391392988,44.63678825351951,44.70790100097656,2040974.0
2012-01-03,MMM,45.81834655488983,46.19031704257659,45.59953774314666,45.670650482177734,4042600.0
2012-01-04,MMM,45.47373190313896,46.09186428258092,45.4627907119493,46.048099517822266,3596850.0
2012-01-05,MMM,45.692553146350605,45.87853847276365,45.238523537344314,45.84024429321289,3727214.0
2012-01-06,MMM,45.82929691469869,46.08092937209978,45.57766944871762,45.60502243041992,3395683.0
2012-01-09,MMM,45.71988369367162,45.982452287569636,45.544839628212536,45.87852096557617,3344734.0
2012-01-10,MMM,46.27237629393302,46.60058705359485,45.971513519248575,46.113739013671875,4112326.0
2012-01-11,MMM,45.533892858761654,45.889456532520924,45.44636834104748,45.823814392089844,5340499.0
2012-01-12,MMM,46.15204145765215,46.29973757384293,45.818360042867766,46.102806091308594,4365280.0
2012-01-13,MMM,45.812888912466796,46.015285997481804,45.44091332819657,45.7308349609375,3699108.0
2012-01-17,MMM,46.4146259118917,46.693606450456336,46.02077279559631,46.07547378540039,3223100.0
2012-01-18,MMM,46.026224768188555,46.562303235891534,45.96058260870288,46.534950256347656,4450436.0
2012-01-19,MMM,46.55136479310169,47.16949724451965,46.4528990523486,46.93427658081055,4082785.0
2012-01-20,MMM,46.742820501264724,46.87957542367746,46.47478125264936,46.85222244262695,4213030.0
2012-01-23,MMM,46.87958698451196,47.07651352237937,46.66624865396698,46.83035659790039,4179781.0
2012-01-24,MMM,46.63889016177618,47.010860763564395,46.29426755020828,47.00539016723633,4659138.0
2012-01-25,MMM,46.660777389995445,47.40472374178762,46.49667443982689,47.3062629699707,5276752.0
2012-01-26,MMM,47.869692683128804,48.13226138613551,47.590712188328965,47.907981872558594,5859084.0
2012-01-27,MMM,47.67273722662426,48.02830091316596,47.41016865546065,47.842315673828125,4481651.0
2012-01-30,MMM,47.31718870900346,47.91343871688704,47.27342394345055,47.77668380737305,3765486.0
2012-01-31,MMM,48.07207500172281,48.07207500172281,46.92880038832362,47.43206024169922,4248312.0
2012-02-01,MMM,47.875164506496226,48.12679202141847,47.716527164608216,47.782169342041016,3594578.0
2012-02-02,MMM,47.727478387340696,48.011929546455285,47.62354200623866,47.8259391784668,2736448.0
2012-02-03,MMM,48.181491941413604,48.296364501532274,47.847810464204365,47.99003601074219,3821818.0
2012-02-06,MMM,47.6727693978837,48.10491670787936,47.6727693978837,47.89704895019531,2618403.0
2012-02-07,MMM,47.76572981658861,48.258048357200266,47.42110733730227,48.07753372192383,3539084.0
2012-02-08,MMM,48.203361318734146,48.29635146461613,47.96267007747945,48.121307373046875,3017269.0
2012-02-09,MMM,47.88608513668171,48.2361782996086,47.842325363098105,48.148658752441406,3625794.0
2012-02-10,MMM,47.7001121393655,47.89703865831657,47.453955238531826,47.667293548583984,3690497.0
2012-02-13,MMM,47.902524339401396,48.186975509041915,47.67824476465834,48.154151916503906,3026598.0
2012-02-14,MMM,47.918928654367896,48.13773759619326,47.71106090834702,48.132266998291016,3408959.0
2012-02-15,MMM,48.14325745640794,48.308473161452625,47.77428342031659,47.9174690246582,4361812.0
2012-02-16,MMM,47.906468983122615,48.33051840382386,47.88994640241888,48.269935607910156,3048365.0
2012-02-17,MMM,48.457183653098774,48.54529403725248,48.1763198689583,48.220375061035156,3390182.0
2012-02-21,MMM,48.319486188375734,48.49020438633298,48.13224039046908,48.24238586425781,2878413.0
2012-02-22,MMM,48.2699187816012,48.512234805440244,48.15977833220147,48.330501556396484,3169400.0
2012-02-23,MMM,48.39658656334692,48.561797236532634,48.06064764179658,48.407596588134766,4223435.0
2012-02-24,MMM,48.48471479359739,48.7160158514985,48.39660441211532,48.57283020019531,3019661.0
2012-02-27,MMM,48.13776431726034,48.63891408222517,47.96704606113474,48.50123596191406,3603428.0
2012-02-28,MMM,48.369057739245704,48.57282112416222,48.03863130763986,48.33601760864258,2987249.0
2012-02-29,MMM,48.53976708572521,48.638897509623675,48.049637566520026,48.24238586425781,3920129.0
2012-03-01,MMM,48.308467671402006,48.58382379844063,48.005573921614065,48.18180465698242,3020139.0
2012-03-02,MMM,48.17080373880142,48.22587397534129,47.93399518903035,48.198341369628906,3373318.0
2012-03-05,MMM,48.13224812710796,48.15978575625996,47.570525718440344,47.94500732421875,3231472.0
2012-03-06,MMM,47.207038701532305,47.28413901282971,46.71690423871437,46.782989501953125,4243288.0
2012-03-07,MMM,46.94271104587525,47.179514546266596,46.744455199577395,47.069374084472656,3768357.0
2012-03-08,MMM,47.39428668038454,47.873406168306246,47.350231506535785,47.75225067138672,3113427.0
2012-03-09,MMM,47.8073416337048,48.060667787176904,47.71923124778518,47.80183410644531,2342127.0
2012-03-12,MMM,47.967039539191845,48.325003608352496,47.88993919928685,48.2093505859375,2450963.0
2012-03-13,MMM,48.33052358641705,48.88673863704507,48.192845449353925,48.875728607177734,3716092.0
2012-03-14,MMM,48.79310981968643,49.151073901105754,48.79310981968643,48.941802978515625,3541236.0
2012-03-15,MMM,49.013393587129066,49.56410598754883,48.914263144002916,49.56410598754883,3889631.0
2012-03-16,MMM,49.49803105098374,49.56411635184854,49.217167266029335,49.321800231933594,5988492.0
2012-03-19,MMM,49.29975697079476,49.509027871888776,49.123531223875176,49.42091751098633,3092138.0
2012-03-20,MMM,49.10700817438486,49.41540950992071,48.875712197847605,49.206138610839844,2972419.0
2012-03-21,MMM,49.24470045819256,49.365861032138646,48.90325889550687,48.963836669921875,2910825.0
2012-03-22,MMM,48.73802172186601,48.89221732533563,48.30846498157629,48.77656936645508,3664783.0
2012-03-23,MMM,48.80961868359712,48.83164375733902,48.473684801616756,48.71599578857422,2782016.0
2012-03-26,MMM,48.96932610933335,49.20613461740929,48.79310037841102,49.079471588134766,3076710.0
2012-03-27,MMM,49.222670468045585,49.24469554965451,48.97484684274159,49.09049987792969,2760846.0
2012-03-28,MMM,49.17309195921605,49.349322724187175,48.48470152598552,48.71049499511719,2738362.0
2012-03-29,MMM,48.396581650638026,48.91424874256476,48.308466285481785,48.88671112060547,2639692.0
2012-03-30,MMM,49.1345434750889,49.17309112764755,48.88121740798071,49.12903594970703,2956273.0
2012-04-02,MMM,48.89773674510022,49.21164560287507,48.490210002642876,49.140052795410156,3158516.0
2012-04-03,MMM,49.13455178120676,49.13455178120676,48.572824298212595,48.897743225097656,2748886.0
2012-04-04,MMM,48.45165017940585,48.49019782369079,47.99455582150644,48.374549865722656,2861669.0
2012-04-05,MMM,48.110221417316026,48.3470249195332,47.895442992558706,48.06065368652344,2449886.0
2012-04-09,MMM,47.493425116404616,47.78529885821002,47.306179289447456,47.54298782348633,2311509.0
2012-04-10,MMM,47.46589295028577,47.58154598027337,46.502146176042814,46.579246520996094,4366596.0
2012-04-11,MMM,47.00878816429314,47.190521402227205,46.87661762304769,47.00328063964844,3023129.0
2012-04-12,MMM,47.201541578463534,47.87340940695727,46.85459261373082,47.834861755371094,2961296.0
2012-04-13,MMM,47.63109305961599,47.68616328076027,47.1244359698385,47.190521240234375,3121201.0
2012-04-16,MMM,47.38328587872628,47.87342056377142,47.31720058552443,47.581546783447266,3659999.0
2012-04-17,MMM,47.74675193375939,48.28094174358205,47.724721830223665,48.159786224365234,2815623.0
2012-04-18,MMM,47.85689819861944,48.25892251127372,47.7412501912769,47.98356628417969,2130794.0
2012-04-19,MMM,48.016612594217094,48.21486850021041,47.43285993075614,47.80183410644531,3067740.0
2012-04-20,MMM,47.906462809994146,48.35253725570435,47.86240260046168,48.17631149291992,3799931.0
2012-04-23,MMM,47.64763229013882,48.044144051126516,47.372276063044794,47.98356628417969,3312800.0
2012-04-24,MMM,49.19510643015318,49.42640735126766,48.671931877174174,48.73250961303711,6818635.0
2012-04-25,MMM,49.00236680856384,49.1565674498079,48.73802572363904,48.903236389160156,3543628.0
2012-04-26,MMM,48.79310545233879,49.32178772519696,48.74354274553703,49.18961715698242,3290076.0
2012-04-27,MMM,49.239183454124,49.310776269220064,48.875716877588744,49.21165084838867,3131128.0
2012-04-30,MMM,49.151073085632795,49.266721084974456,48.859194299078474,49.21165084838867,2479188.0
2012-05-01,MMM,49.084988844190704,49.53657082396914,48.87021039431911,49.34382247924805,2743863.0
2012-05-02,MMM,49.101503053627326,49.33831159252034,48.95280990421949,49.29975891113281,2511839.0
2012-05-03,MMM,49.28875006361803,49.48149839982237,49.07397162323662,49.228172302246094,2802946.0
2012-05-04,MMM,49.107021294308744,49.14557398410816,48.62790161118492,48.8316650390625,3377265.0
2012-05-07,MMM,48.297469782721585,48.80412704553234,48.297469782721585,48.46819305419922,3293186.0
2012-05-08,MMM,47.97806396693844,48.396605879574594,47.52647689140764,48.220375061035156,3241638.0
2012-05-09,MMM,47.71370972166311,48.3745625477513,47.35023815475728,48.06065368652344,3818589.0
2012-05-10,MMM,47.9890738107308,48.291962645464956,47.84588817063267,47.98356628417969,3382886.0
2012-05-11,MMM,47.620081915305,48.17630174721209,47.49341888875244,47.763267517089844,3111753.0
2012-05-14,MMM,47.0638719502181,47.664147083476614,46.942716423343015,47.267635345458984,3147752.0
2012-05-15,MMM,47.333708498631395,47.61457216399177,47.08588998219054,47.24008560180664,3123115.0
2012-05-16,MMM,47.63936296114018,47.83899697527764,47.27892474541889,47.32883071899414,3313638.0
2012-05-17,MMM,47.44526255164529,47.489627898736664,46.71883565210464,46.768741607666016,3321531.0
2012-05-18,MMM,47.01274397570117,47.01274397570117,46.175408623390155,46.308494567871094,4309068.0
2012-05-21,MMM,46.51368823519971,46.92958324729415,46.4415995640399,46.83531188964844,2930200.0
2012-05-22,MMM,46.962833978939706,47.12919394313881,46.402761842031424,46.65230178833008,3589076.0
2012-05-23,MMM,46.23087166470052,47.068207223629436,45.99796867442993,47.023841857910156,3827200.0
2012-05-24,MMM,47.11256588551969,47.13474856760531,46.59685394645772,47.1236572265625,2777232.0
2012-05-25,MMM,47.062643231257006,47.24563511385401,46.80201704879312,47.01273727416992,2805816.0
2012-05-29,MMM,47.34545610099857,47.6892622810267,47.20682449518211,47.5395393371582,2562071.0
2012-05-30,MMM,47.168025982649475,47.20130001174012,46.635681996553245,46.82976531982422,3225732.0
2012-05-31,MMM,46.829750275369605,47.16246515979227,46.50812673041396,46.80756759643555,4405107.0
2012-06-01,MMM,46.05340050014601,46.569112235239054,45.87040862506983,45.94249725341797,4232883.0
2012-06-04,MMM,45.90923819627497,46.02014653904267,45.465620004958176,45.814971923828125,3468280.0
2012-06-05,MMM,45.798323760812835,45.94804669814263,45.60978620191301,45.753963470458984,3909365.0
2012-06-06,MMM,46.14767418474521,46.93510346890737,46.042316600904826,46.92955780029297,3320455.0
2012-06-07,MMM,47.46190470975898,47.794619549485155,47.317727435891484,47.4119987487793,3626750.0
2012-06-08,MMM,47.23455544511354,47.73917598894663,47.12919783635689,47.68927001953125,2566855.0
2012-06-11,MMM,47.98871747437563,47.98871747437563,47.17911027322326,47.234561920166016,2509447.0
2012-06-12,MMM,47.506266171947026,48.099612288998166,47.256731300984974,48.09406661987305,3074796.0
2012-06-13,MMM,47.855618795869404,48.13288201691027,47.533995281032176,47.7613525390625,3183632.0
2012-06-14,MMM,47.86116898756511,48.37133518405694,47.72253736394514,48.166160583496094,3988540.0
2012-06-15,MMM,48.55987398783445,48.74841158388803,48.24934177432961,48.48778533935547,5616536.0
2012-06-18,MMM,48.28261684577224,48.5820628173484,48.06080520237947,48.41570281982422,3528918.0
2012-06-19,MMM,48.69851303100586,48.89259632649223,48.53215808912549,48.69851303100586,3842150.0
2012-06-20,MMM,48.75949788720989,48.95358113309303,48.437874367172604,48.54323196411133,4122373.0
2012-06-21,MMM,48.82049361617581,49.00903624659571,48.03306931941381,48.09406661987305,4452469.0
2012-06-22,MMM,48.304793325149056,48.321430334748754,47.89998978439624,48.1495246887207,3619096.0
2012-06-25,MMM,47.617166623282046,47.86115578478689,47.38980940648617,47.606075286865234,3479044.0
2012-06-26,MMM,47.639354803782375,47.9498920526729,47.29554859817779,47.78907775878906,2857364.0
2012-06-27,MMM,47.905523221192745,48.57649850453066,47.822343254352695,48.33250427246094,3453809.0
2012-06-28,MMM,47.888886215841445,48.382415288514856,47.678165994474334,48.33250427246094,3907452.0
2012-06-29,MMM,49.142130758757354,49.68556594848632,48.992407786093665,49.68556594848633,5536762.0
2012-07-02,MMM,49.5136404554681,49.73545199053805,48.953568479880744,49.508094787597656,2738481.0
2012-07-03,MMM,49.41383200154523,49.76872947043739,49.39719499677303,49.74100112915039,1686838.0
2012-07-05,MMM,49.463759234370805,49.879654173088646,49.275221612262555,49.6689338684082,2302061.0
2012-07-06,MMM,49.247499717197286,49.563582745627244,48.992419073840516,49.34731674194336,2622708.0
2012-07-09,MMM,49.275221571307505,49.397216205516244,48.970229925867194,49.33067321777344,3110676.0
2012-07-10,MMM,49.39720583048633,49.8075550120333,48.7761363886922,48.93695068359375,4014733.0
2012-07-11,MMM,49.00905306530091,49.21977338461825,48.24935179353658,48.715152740478516,5033486.0
2012-07-12,MMM,48.02198865343821,48.22716327691383,47.32328478756593,47.9166259765625,5906207.0
2012-07-13,MMM,47.866730383076366,48.70406606962631,47.866730383076366,48.570980072021484,3108763.0
2012-07-16,MMM,48.864862548779534,49.15875773435479,48.67077929493399,48.8537712097168,3406328.0
2012-07-17,MMM,48.93694382856661,49.54692184596843,48.5487723193715,49.34174728393555,3681886.0
2012-07-18,MMM,49.214209046621086,50.45634780726839,49.108846396967095,50.38980484008789,5110867.0
2012-07-19,MMM,50.38978978577112,50.57278162586813,50.129158603922455,50.36760711669922,4012700.0
2012-07-20,MMM,50.00718637117017,50.17909201339941,49.81864877962653,49.90182876586914,3617661.0
2012-07-23,MMM,49.04230124723378,49.6633705999177,48.676312414070345,49.552467346191406,2912021.0
2012-07-24,MMM,49.50811204881999,49.63565739439352,48.565419020993524,48.9314079284668,3409078.0
2012-07-25,MMM,49.18094793207001,49.441574200223336,48.77614435389182,49.2142219543457,4235275.0
2012-07-26,MMM,49.90736984675603,51.016422734902484,49.64673857250455,50.23453903198242,5692242.0
2012-07-27,MMM,50.42861992745898,51.060780651459005,50.27335131596769,50.85560607910156,4682818.0
2012-07-30,MMM,50.68925325872489,50.988699185870516,50.411990010602686,50.617164611816406,3247020.0
2012-07-31,MMM,50.46190291748842,50.8278867754974,50.38981426789553,50.58944320678711,3253359.0
2012-08-01,MMM,50.822323058550694,50.90550301853115,50.24561912651272,50.57278823852539,2571041.0
2012-08-02,MMM,49.96836582806349,50.31217201190756,49.480382367776706,49.95172882080078,3527961.0
2012-08-03,MMM,50.47851363358296,50.899954013935954,50.46742735823955,50.85004806518555,3245346.0
2012-08-06,MMM,51.01642520704262,51.20496279038681,50.68925094604492,50.68925094604492,2222766.0
2012-08-07,MMM,50.85004806518555,51.18830849101071,50.80568778406471,50.85004806518555,2110701.0
2012-08-08,MMM,50.72806623440596,51.060781076142455,50.600525966733386,50.811241149902344,2418671.0
2012-08-09,MMM,50.73915272878563,51.05523053328261,50.644881424327544,50.789058685302734,2194540.0
2012-08-10,MMM,50.66708486268641,51.18279176451535,50.43418187029744,51.17724609375,2099100.0
2012-08-13,MMM,51.177222923959164,51.343582851765326,50.87223646953627,51.23822021484375,2482178.0
2012-08-14,MMM,51.21603996851035,51.2936742601673,51.02195170940996,51.18276596069336,2204826.0
2012-08-15,MMM,51.01641613328607,51.42676524400697,50.98314212218715,51.31585693359375,2372146.0
2012-08-16,MMM,51.432306949187975,52.05338135694418,51.13286614249596,51.981292724609375,4060659.0
2012-08-17,MMM,52.086662163091844,52.2918367695219,51.89812456635234,52.258567810058594,3671242.0
2012-08-20,MMM,52.12547455881603,52.21974081403687,51.87593462812757,52.06447219848633,1960842.0
2012-08-21,MMM,52.114387011738515,52.18092998611282,51.565406208171105,51.687400817871094,2754149.0
2012-08-22,MMM,51.65391555586013,52.10036468336888,51.5813676999437,51.720882415771484,2946944.0
2012-08-23,MMM,51.70411911605562,51.72086209749347,51.224189293204006,51.330223083496094,2180906.0
2012-08-24,MMM,51.358139224367264,51.88271716384173,51.30791535629659,51.804588317871094,2327177.0
2012-08-27,MMM,51.85481187345721,51.88271685118901,51.56462047364338,51.670654296875,2248480.0
2012-08-28,MMM,51.542297921582616,51.77109835413046,51.453007091334094,51.508811950683594,2287948.0
2012-08-29,MMM,51.62041919420853,51.787833747714814,51.5088043997229,51.58135223388672,2076256.0
2012-08-30,MMM,51.369308651132634,51.42511352286095,50.95076447494532,51.20746994018555,2068602.0
2012-08-31,MMM,51.5869595949671,51.89946997652904,51.28560611562285,51.67625045776367,2293091.0
2012-09-04,MMM,51.35814230395257,51.525561997092794,50.83915042108707,51.16282272338867,3028631.0
2012-09-05,MMM,51.29675578311904,51.33582275402049,50.844730764877305,51.20188903808594,3570658.0
2012-09-06,MMM,51.54787245171925,52.11150706182324,51.37487180806938,52.055702209472656,3855186.0
2012-09-07,MMM,52.1115138703569,52.26219055589363,51.73203675107444,51.79900360107422,3845618.0
2012-09-10,MMM,51.49205197209344,51.51437594532554,50.56567837302168,50.599159240722656,7601896.0
2012-09-11,MMM,50.632668525021174,51.11259852556573,50.58802055798943,50.878211975097656,2874466.0
2012-09-12,MMM,51.11818290905853,51.1516637944016,50.481995166041614,50.67731475830078,2881882.0
2012-09-13,MMM,50.73869785084745,51.581367132549865,50.48199240603597,51.37488555908203,3264243.0
2012-09-14,MMM,51.82133204253475,52.44635772705079,51.653912357049485,52.44635772705078,5971628.0
2012-09-17,MMM,52.267788072679956,52.507755664785336,52.17292130894683,52.334754943847656,3935199.0
2012-09-18,MMM,52.33473911314188,52.451934921347735,52.02222883960716,52.13941955566406,2963090.0
2012-09-19,MMM,51.83247830320853,52.49098982652339,51.748773569795425,52.25102233886719,3257306.0
2012-09-20,MMM,52.011074328118774,52.25103678999338,51.84923562675008,52.22313690185547,2482418.0
2012-09-21,MMM,52.4910078343416,52.49658883077022,51.86598206368626,52.016658782958984,11418212.0
2012-09-24,MMM,51.81574327522999,52.50773571172097,51.76551432182847,52.30683517456055,3632730.0
2012-09-25,MMM,52.42961399348691,52.51332383503753,51.74320245864044,51.804588317871094,4545278.0
2012-09-26,MMM,51.83248789127177,52.1226792910856,51.6427493191432,51.670654296875,3125028.0
2012-09-27,MMM,51.83806547517872,52.01664713661073,51.319073660717635,51.79900360107422,2489354.0
2012-09-28,MMM,51.60369538730145,51.82133897066993,51.1739892169701,51.57579040527344,3061162.0
2012-10-01,MMM,51.84365100110712,52.60819139381513,51.45859285299438,52.06129455566406,4665118.0
2012-10-02,MMM,52.585872720613146,52.619353602602935,51.95526603700346,52.200809478759766,4308351.0
2012-10-03,MMM,52.351497934677205,52.457531784447184,51.89946773518235,52.334754943847656,3121919.0
2012-10-04,MMM,52.48541290181959,52.75328029066831,52.267769375342844,52.69747543334961,3027554.0
2012-10-05,MMM,52.87047247501171,53.12717785640321,52.70863381692664,52.99324417114258,4381666.0
2012-10-08,MMM,52.76443871134909,53.27227357210938,52.736533738503006,53.222049713134766,3118690.0
2012-10-09,MMM,53.17742413296877,53.17742413296877,52.40172157507362,52.42404556274414,3575442.0
2012-10-10,MMM,52.42960337687358,52.45750834912298,51.98315437377242,52.055702209472656,3063674.0
2012-10-11,MMM,52.379390125416236,52.38497112099623,51.776683339971136,51.804588317871094,2905323.0
2012-10-12,MMM,51.87157885967698,52.089222510235196,51.564644331213735,51.75996398925781,3069056.0
2012-10-15,MMM,51.737618025251095,51.932937581124655,51.547879464586686,51.78226089477539,3487895.0
2012-10-16,MMM,52.46867302677027,52.64725469135297,52.06129092440513,52.58586883544922,3417570.0
2012-10-17,MMM,52.98208611161894,53.07137693913138,52.76444258389102,52.90953826904297,3817393.0
2012-10-18,MMM,52.836982175004955,53.01555870999314,52.55237184412699,52.87046813964844,3036405.0
2012-10-19,MMM,52.79793061142296,52.79793061142296,51.72645591596192,51.865970611572266,4549704.0
2012-10-22,MMM,51.57019821939303,51.932937446301594,51.06236839386994,51.63716506958008,3744437.0
2012-10-23,MMM,50.04111714880266,50.51546609137729,49.43283450696341,49.516544342041016,7015736.0
2012-10-24,MMM,49.68397874480274,49.96858924234173,49.19288662082868,49.326820373535156,3972275.0
2012-10-25,MMM,49.42726851769686,49.57794524815151,48.77991871328629,49.003143310546875,5518224.0
2012-10-26,MMM,49.05336765984292,49.41052600045084,48.88037203251044,49.12591552734375,4296750.0
2012-10-31,MMM,49.125906821869016,49.49422709100036,48.82455850362478,48.88594436645508,4019038.0
2012-11-01,MMM,49.075669028083254,49.89043309359986,49.01986417699206,49.80672836303711,3954694.0
2012-11-02,MMM,50.007636594106756,50.208537144305524,49.54444454667869,49.65047836303711,3650072.0
2012-11-05,MMM,49.15381345065081,50.13599747318967,49.15381345065081,50.0020637512207,2855809.0
2012-11-06,MMM,50.197384259919815,50.91170085163868,50.152741382493566,50.70521926879883,3356096.0
2012-11-07,MMM,50.41503798407732,50.41503798407732,49.505401618796036,49.879302978515625,5493348.0
2012-11-08,MMM,49.72859960353135,50.130400642522275,49.365860432713944,49.41608428955078,3595056.0
2012-11-09,MMM,49.444000834738,49.97973567879387,49.16497142143401,49.56119155883789,3798974.0
2012-11-12,MMM,49.64489416120383,50.04111424082422,49.38818876788905,49.76766586303711,2655240.0
2012-11-13,MMM,49.44399706980448,50.33130911074461,49.31006336898895,49.71186447143555,3571136.0
2012-11-14,MMM,49.762094694993934,49.87929051729494,48.59017211703084,48.72410583496094,3447709.0
2012-11-15,MMM,48.4059992205844,49.27098711767044,48.4059992205844,49.12031555175781,3936754.0
2012-11-16,MMM,49.176140080684974,49.8792947049263,48.969658490528396,49.38820266723633,6263572.0
2012-11-19,MMM,49.806736843201186,50.057861261942435,49.538864346488495,49.985313415527344,3215566.0
2012-11-20,MMM,50.041482355305924,50.37853674852791,49.659483959045836,50.007774353027344,2433980.0
2012-11-21,MMM,50.041487922088415,50.080808803208186,49.80554725762982,49.96284103393555,2405515.0
2012-11-23,MMM,50.15945794293292,50.743689066343144,50.08081105124973,50.715599060058594,1316916.0
2012-11-26,MMM,50.29992461746523,50.698777290401175,50.29992461746523,50.60889434814453,2284599.0
2012-11-27,MMM,50.66506436207154,51.09761989279844,50.62574346196718,50.73247528076172,2995023.0
2012-11-28,MMM,50.61447989439553,51.12006407223367,50.266189483158236,51.08073806762695,2901735.0
2012-11-29,MMM,51.316688778264464,51.66497925778478,50.844812511862685,50.92345428466797,2827344.0
2012-11-30,MMM,50.94031560709452,51.226813234327075,50.8335838101605,51.09199142456055,2732740.0
2012-12-03,MMM,51.35039691343612,51.5020727246239,50.625730997415495,50.726844787597656,2307323.0
2012-12-04,MMM,50.73246804013385,50.94593677317208,50.55832532750309,50.625736236572266,2355881.0
2012-12-05,MMM,50.726839676788146,51.232423954504156,50.33361030851682,50.985252380371094,3583934.0
2012-12-06,MMM,51.00772651197778,51.170638334576815,50.73246488987822,51.09199142456055,2425129.0
2012-12-07,MMM,51.25490355680003,51.49645716495985,50.940315914834486,51.40657424926758,2961774.0
2012-12-10,MMM,51.327930807510306,51.95148294279409,51.31669480267219,51.60881042480469,3405849.0
2012-12-11,MMM,52.046970498371046,52.74916943052066,51.962710727244136,52.62558364868164,4570634.0
2012-12-12,MMM,52.648059123125236,52.805352924508185,51.97394502830437,52.311004638671875,4861620.0
2012-12-13,MMM,52.215489402624414,52.49636891690529,51.77169812976855,51.96269989013672,3135194.0
2012-12-14,MMM,51.68182649190505,52.00764492169977,51.68182649190505,51.839115142822266,3239964.0
2012-12-17,MMM,51.90091813516482,52.3053886580533,51.75486545785278,52.26044464111328,3289837.0
2012-12-18,MMM,52.3166103283301,52.80534567104636,52.24358143957044,52.7210807800293,3348800.0
2012-12-19,MMM,52.76041374269203,52.79412175718243,52.226744520577554,52.25482940673828,3892741.0
2012-12-20,MMM,52.44020774596788,52.88399400890714,52.361560846303114,52.87837600708008,3934601.0
2012-12-21,MMM,52.12000454032682,52.614352842424275,51.648128246570174,52.29977035522461,7146698.0
2012-12-24,MMM,52.075068737940875,52.64806397729907,52.069450735522494,52.3503303527832,1140266.0
2012-12-26,MMM,52.44021848363667,52.65368721903265,52.103158808652935,52.28292465209961,1845308.0
2012-12-27,MMM,52.30538967466522,52.33909256211095,51.49645373908007,52.041358947753906,2823636.0
2012-12-28,MMM,51.670605354123744,52.13124568916917,51.46275463420212,51.558250427246094,2245251.0
2012-12-31,MMM,51.42903195550752,52.198641712650655,51.34476706585262,52.15932083129883,3086398.0
2013-01-02,MMM,52.91207857054487,53.24913301589711,52.782874793652645,53.24351501464844,3835213.0
2013-01-03,MMM,52.99634207503354,53.32777851045457,52.87836917781559,53.18172073364258,3234702.0
2013-01-04,MMM,53.24913142752285,53.63674787255082,53.108691652322484,53.574954986572266,3235060.0
2013-01-07,MMM,53.37834522339708,53.777197745479654,53.2322874196904,53.64237594604492,3283977.0
2013-01-08,MMM,53.462593471948665,53.78841186474687,53.42327259516256,53.647972106933594,3175978.0
2013-01-09,MMM,53.85581675994256,54.344551983709295,53.7659390155849,54.1591682434082,2822201.0
2013-01-10,MMM,54.32770018634758,54.48499393421695,54.114231564499825,54.42881393432617,3110318.0
2013-01-11,MMM,53.83898338075938,54.29962361237355,53.485074923503085,54.08615493774414,3496984.0
2013-01-14,MMM,54.1535848974337,54.70972622239674,53.985060174487145,54.53558349609375,3100630.0
2013-01-15,MMM,54.39513016364452,54.715330645913006,54.249072364458414,54.65353775024414,2519254.0
2013-01-16,MMM,54.49061531739334,54.883849748473146,54.44567643637559,54.827674865722656,2502391.0
2013-01-17,MMM,54.93442018723029,55.333267591691964,54.77712637598095,55.09733200073242,3353464.0
2013-01-18,MMM,55.28831415153845,55.501782803231144,55.07484549984575,55.468074798583984,3812728.0
2013-01-22,MMM,55.271451036758705,55.79950714111329,55.10854441889473,55.79950714111328,3845379.0
2013-01-23,MMM,55.597286243357715,56.00736956324941,55.50740335275122,55.88939666748047,4280843.0
2013-01-24,MMM,55.827604881274425,56.074781553830825,55.50178644454141,55.990516662597656,4564295.0
2013-01-25,MMM,56.05794147403887,56.664639614964806,55.93997367255973,56.50735092163086,5068409.0
2013-01-28,MMM,56.726432477871334,56.726432477871334,56.32758505340082,56.541053771972656,3546020.0
2013-01-29,MMM,56.36129651735076,57.226402323728394,56.209620691464124,57.19269943237305,4222717.0
2013-01-30,MMM,57.18707584554022,57.2713407545732,56.5635237201594,56.62531661987305,3376069.0
2013-01-31,MMM,56.563521629137554,56.709579432484766,56.21523112713598,56.4848747253418,4500668.0
2013-02-01,MMM,56.98484282147715,57.29380731832158,56.82754900894844,57.05225372314453,4608906.0
2013-02-04,MMM,56.60847091674804,56.85564767777537,56.50173910865383,56.60847091674805,2377170.0
2013-02-05,MMM,56.911821834817445,57.25449439312382,56.878113816337205,57.012935638427734,3388388.0
2013-02-06,MMM,56.81066532889001,57.85553632193797,56.78258045798126,57.68701171875,4198678.0
2013-02-07,MMM,57.66456284216615,57.71511973080238,56.99607190892023,57.423004150390625,2724010.0
2013-02-08,MMM,57.49041299346634,58.04655407678534,57.32188321783073,57.67017364501953,2317609.0
2013-02-11,MMM,57.51849368889946,57.79375521008192,57.32187904889955,57.64769744873047,2051738.0
2013-02-12,MMM,57.670154884837096,58.192587792715514,57.653300887573515,58.119564056396484,2305888.0
2013-02-13,MMM,58.23546445848018,58.43894605183635,57.981113756177365,58.139373779296875,2033080.0
2013-02-14,MMM,57.89633307449324,58.29764359684531,57.77763160075037,58.09416198730469,2652130.0
2013-02-15,MMM,58.25240617409459,58.4332769314944,58.00370308040567,58.34849166870117,2782135.0
2013-02-19,MMM,58.45587470032769,59.004144702763156,58.39935292356773,58.88544845581055,3574246.0
2013-02-20,MMM,58.885481626480065,59.00983063691218,58.30329513549805,58.30329513549805,3582498.0
2013-02-21,MMM,58.150685979231135,58.29764578456484,57.87372445938765,58.06025314331055,3298568.0
2013-02-22,MMM,58.212845978290744,58.614161573243784,58.11676046937844,58.52372360229492,2581088.0
2013-02-25,MMM,58.732873020794564,58.80635292410844,57.51197814941406,57.51197814941406,3614192.0
2013-02-26,MMM,57.71545007706319,58.02632772909078,57.60240647136372,57.82849884033203,2956392.0
2013-02-27,MMM,57.70980924935227,58.744180631774704,57.62502910642687,58.54069900512695,2815025.0
2013-02-28,MMM,58.557637194686016,59.10025988668777,58.297633819031915,58.783729553222656,3432640.0
2013-03-01,MMM,58.43893011367952,58.74980769399195,58.06023051164852,58.653717041015625,3181838.0
2013-03-04,MMM,58.50676789222108,58.50676789222108,57.98676114267273,58.376766204833984,3069295.0
2013-03-05,MMM,58.64806434434603,59.24155603126178,58.58588985979924,59.0380744934082,3148111.0
2013-03-06,MMM,59.1963592238468,59.5863695359755,59.04939941435718,59.156795501708984,4150479.0
2013-03-07,MMM,59.235914701777936,59.43374358285008,59.06069144642572,59.08895492553711,2242739.0
2013-03-08,MMM,59.34896282677562,59.80680027786218,59.24722460935832,59.75027847290039,2819211.0
2013-03-11,MMM,59.535476860283694,59.891570848892044,59.535476860283694,59.806785583496094,2057838.0
2013-03-12,MMM,59.81243828896673,59.9028710916747,59.32633747596195,59.422428131103516,2663253.0
2013-03-13,MMM,59.42243683257682,59.67113997036313,59.2811297553891,59.39982604980469,2463282.0
2013-03-14,MMM,59.53549006100404,59.92549514770507,59.4959211881805,59.92549514770508,2635266.0
2013-03-15,MMM,59.85766370698613,60.411586626677966,59.82940022840223,60.14027786254883,6157486.0
2013-03-18,MMM,59.47895655929416,59.89157754266186,59.47330386379811,59.5806999206543,2166434.0
2013-03-19,MMM,59.81809827572755,59.90287839390503,59.14547392287956,59.45069885253906,3840834.0
2013-03-20,MMM,59.863322472969564,60.010282261369724,59.563750199879266,59.722015380859375,2152202.0
2013-03-21,MMM,59.56938357927518,59.6089524404738,59.19067883849951,59.315032958984375,2317011.0
2013-03-22,MMM,59.405450210264966,60.191117800943886,59.405450210264966,60.151554107666016,2882121.0
2013-03-25,MMM,60.213755324457296,60.36636778752642,59.16808402249888,59.445045471191406,4472083.0
2013-03-26,MMM,59.58069850432432,60.038530725639276,59.58069850432432,59.95375061035156,2264626.0
2013-03-27,MMM,59.54679325348688,59.631578541893624,59.33200626305567,59.512882232666016,2546882.0
2013-03-28,MMM,59.72766971925027,60.10636943567266,59.50723003058945,60.08941650390625,2722933.0
2013-04-01,MMM,59.91420237668648,60.01029307335902,59.586371720651016,59.716373443603516,2014423.0
2013-04-02,MMM,59.80115141314048,60.366379814112335,59.79549871652517,60.20811462402344,2508610.0
2013-04-03,MMM,60.25330586616707,60.46244008084974,59.59199221416475,59.733299255371094,3921564.0
2013-04-04,MMM,59.81245040893555,60.038537619086476,59.51853084665613,59.81245040893555,2118355.0
2013-04-05,MMM,59.03809638205372,59.84637013840151,58.98156941371882,59.78984832763672,2963449.0
2013-04-08,MMM,59.835043595729815,60.151573876245564,59.40546973364031,59.77286911010742,2329449.0
2013-04-09,MMM,59.91418742958781,60.30419765871801,59.569398767643285,59.885929107666016,2835238.0
2013-04-10,MMM,59.96503471530643,61.00505817616859,59.9311237098258,60.86940383911133,3901830.0
2013-04-11,MMM,60.965507764408926,61.45160347886039,60.965507764408926,61.18594741821289,2556809.0
2013-04-12,MMM,60.98247346691288,61.197260451989145,60.65464287182577,60.86377716064453,2525234.0
2013-04-15,MMM,60.56419421419723,60.993768108632835,59.76722091563004,59.778526306152344,4398170.0
2013-04-16,MMM,60.30421030275043,60.3946431409444,59.744634552055,59.998985290527344,3153613.0
2013-04-17,MMM,59.61460945064089,59.801138082225236,59.309389689303444,59.620262145996094,3773739.0
2013-04-18,MMM,59.823738323508444,59.89721819894613,58.941984975824546,59.337642669677734,3761061.0
2013-04-19,MMM,59.52418609548368,59.84636399406455,59.24722460935832,59.75027847290039,3974308.0
2013-04-22,MMM,59.7502783523315,59.97071287548069,59.42809529683118,59.8011474609375,3165573.0
2013-04-23,MMM,60.049849737915814,60.76769063599507,59.83506273815643,60.69986343383789,3838921.0
2013-04-24,MMM,60.82419350743062,61.129418400892014,60.61505926942849,60.971153259277344,3872887.0
2013-04-25,MMM,59.043720150482486,59.710686474353835,58.501097623315495,59.28111267089844,10796292.0
2013-04-26,MMM,59.332017229182554,59.45071871791905,58.47852696367824,58.6650505065918,4017842.0
2013-04-29,MMM,58.73286518551969,58.8967830612532,58.156331429903496,58.68764877319336,3472825.0
2013-04-30,MMM,58.772427465162906,59.20200142325743,58.20155157730592,59.18504333496094,4507485.0
2013-05-01,MMM,59.224606174077664,59.41678234915143,59.02112460795799,59.0946044921875,3897644.0
2013-05-02,MMM,59.37158866115966,60.12899341779974,59.29810874881296,59.93681716918945,3730922.0
2013-05-03,MMM,60.45680653979063,61.3837816426854,60.39463204087059,60.94855499267578,3603668.0
2013-05-06,MMM,60.835512070893365,61.03899365807467,60.73377385608744,60.95420837402344,2600582.0
2013-05-07,MMM,60.82420822079875,61.25378219048485,60.79029720086015,61.05030059814453,2673299.0
2013-05-08,MMM,61.06159119891934,61.20855095071568,60.914631447123,61.157676696777344,3174662.0
2013-05-09,MMM,61.106843349173666,62.46339292067416,61.106843349173666,62.12990951538086,5366452.0
2013-05-10,MMM,62.220333967294074,62.53686439283869,62.03381042496499,62.44642639160156,3579987.0
2013-05-13,MMM,62.16943203574809,62.58204778461097,62.01116690650624,62.457698822021484,2445102.0
2013-05-14,MMM,62.35597956000221,62.62163564912445,62.32771607921495,62.50858688354492,2967276.0
2013-05-15,MMM,62.40118392083846,63.141630241205924,62.33900943268306,63.02293395996094,3483470.0
2013-05-16,MMM,62.859036010259985,63.13599752585653,62.712076207179756,62.779903411865234,3212336.0
2013-05-17,MMM,62.830764154100216,63.18120549577574,62.70641000764579,62.96076583862305,4856238.0
2013-05-20,MMM,62.81380602160183,63.33946545494913,62.71771535340429,63.14728927612305,2938931.0
2013-05-21,MMM,63.36773243421133,63.49773412582247,63.034249161265,63.31121063232422,2958067.0
2013-05-22,MMM,63.43341818606615,63.8313369236611,62.85360263181241,62.978660583496094,4584507.0
2013-05-23,MMM,62.56370416705289,62.927508243551,62.290843329216294,62.76266098022461,3071806.0
2013-05-24,MMM,62.450000995554504,62.808125277516616,62.239674365638635,62.683067321777344,2665166.0
2013-05-28,MMM,63.183313769180096,63.882507665310236,63.12078478197072,63.43342971801758,3255512.0
2013-05-29,MMM,63.1207692809676,63.30267127299891,62.80243431119528,63.17192840576172,2527866.0
2013-05-30,MMM,63.29129353613223,63.666472507459154,63.103706643955455,63.33677291870117,3108643.0
2013-05-31,MMM,62.978662625869816,63.78585960107286,62.683067321777344,62.683067321777344,3836409.0
2013-06-03,MMM,62.92749808827679,63.06961081574742,62.35336744131204,62.876338958740234,3165932.0
2013-06-04,MMM,62.899075035242035,63.21171990550056,62.262410260291524,62.540950775146484,3000166.0
2013-06-05,MMM,62.415906170376424,62.46706530790572,61.614388809865936,61.72807693481445,3217718.0
2013-06-06,MMM,61.65416609788897,61.836073286772766,61.18803865195107,61.77354431152344,3206237.0
2013-06-07,MMM,62.17713391238207,63.166237901543155,61.944067629173844,63.160552978515625,4036380.0
2013-06-10,MMM,63.3311055396242,63.35384005023312,62.83655342600158,62.99003601074219,2660024.0
2013-06-11,MMM,62.47274580273493,63.14351502892061,62.251049306528664,62.65464782714844,2095512.0
2013-06-12,MMM,63.09235743624476,63.13215190900963,61.9327209799592,61.97819519042969,2871237.0
2013-06-13,MMM,61.932740134319474,63.34818307807477,61.72240823003312,63.21175003051758,3114623.0
2013-06-14,MMM,63.26857199016285,63.70627482822335,62.95592191885948,63.115089416503906,2412093.0
2013-06-17,MMM,63.58125832325534,64.16107945196497,63.461885215689655,63.6153678894043,3130889.0
2013-06-18,MMM,63.706265841923624,64.3656702484543,63.60963252175036,64.2178726196289,2027579.0
2013-06-19,MMM,64.2122133159228,64.37706578007194,63.39933122003207,63.42206573486328,2358153.0
2013-06-20,MMM,62.93319381284496,62.961618438007086,61.68828859630111,61.83608627319336,3558818.0
2013-06-21,MMM,62.24533823256131,62.56367312527033,61.81331527072637,62.2964973449707,5590582.0
2013-06-24,MMM,61.836066328271095,61.836066328271095,60.90949127752832,61.10844802856445,4308590.0
2013-06-25,MMM,61.50637788538683,61.819027996559555,61.13120397634969,61.529117584228516,3201333.0
2013-06-26,MMM,62.000892983043904,62.51818451380321,61.8076212192879,62.347652435302734,3019182.0
2013-06-27,MMM,62.83655680680111,63.04119853514067,62.51253684669882,62.666019439697266,2666602.0
2013-06-28,MMM,62.450020946265326,62.796775490850536,62.04073740383455,62.16011047363281,4100486.0
2013-07-01,MMM,61.603005470753295,62.73422229549194,61.597320547053165,62.137351989746094,3191885.0
2013-07-02,MMM,61.98955489112917,62.3874684317827,61.58026631600144,61.807647705078125,3598525.0
2013-07-03,MMM,61.55185373576028,62.47274405510003,61.512059265080744,62.21693801879883,1625125.0
2013-07-05,MMM,62.739924465118975,63.41638388861153,62.45569894988148,63.40501403808594,2469142.0
2013-07-08,MMM,63.66649575559947,64.10988877571361,63.60965169360477,63.740394592285156,3075634.0
2013-07-09,MMM,64.28609365114538,64.53052981426738,64.11556149761834,64.43389129638672,2626655.0
2013-07-10,MMM,64.45096075042616,64.73518625802835,64.18379001815421,64.47938537597656,2759770.0
2013-07-11,MMM,65.00805199687517,65.22974854962268,64.90004877698539,65.10469055175781,2855450.0
2013-07-12,MMM,65.12741130924805,65.50827533534533,64.95687912645425,65.45143127441406,2740873.0
2013-07-15,MMM,65.4514124561746,65.65036920571863,65.22971601400597,65.28656005859375,2469022.0
2013-07-16,MMM,65.3661677898964,65.62196867792554,64.83750605113373,64.99667358398438,2940246.0
2013-07-17,MMM,65.3547774650803,65.52531479499089,64.97959845146137,65.16719055175781,2507534.0
2013-07-18,MMM,65.15015455122108,65.79818932981752,65.12741485082194,65.64470672607422,3523177.0
2013-07-19,MMM,65.56510425122129,66.20745392140945,65.56510425122129,66.04828643798828,3700304.0
2013-07-22,MMM,65.94029690017207,66.40642441288666,65.74702502289773,66.0994644165039,3376906.0
2013-07-23,MMM,66.19040066691515,66.67926778835599,65.94596969968178,66.36662292480469,2696262.0
2013-07-24,MMM,66.54854489189687,66.55991474252453,65.97440893100523,66.12789154052734,2163325.0
2013-07-25,MMM,65.54234587928842,66.45187113280244,65.28086022173802,66.25291442871094,4002653.0
2013-07-26,MMM,66.03691973453972,66.46893759664101,65.56510222235376,66.45757293701172,2789311.0
2013-07-29,MMM,66.17336784224027,66.40074409623631,65.97440583953062,66.28705596923828,1746638.0
2013-07-30,MMM,66.4519104546485,66.57696843556734,66.12789046493309,66.41780090332031,2733099.0
2013-07-31,MMM,66.58263405246896,67.41825557398032,66.51442015656954,66.75316619873047,3222024.0
2013-08-01,MMM,67.29324795090315,67.79348529056536,67.2307189318176,67.310302734375,3584412.0
2013-08-02,MMM,67.06582334179926,67.2761499753194,66.77591295681547,67.22499084472656,2271563.0
2013-08-05,MMM,67.17382047028924,67.21929466909626,66.96917360822334,67.03170776367188,1616753.0
2013-08-06,MMM,66.97487076542897,67.04876959384771,66.5883270375269,66.79296875,2201956.0
2013-08-07,MMM,66.67928004404882,67.04877421159006,66.53148756400736,66.98056030273438,2313064.0
2013-08-08,MMM,67.23066873952422,67.64563703900288,66.87254448886918,67.46372985839844,2847198.0
2013-08-09,MMM,67.49216159396201,67.75933228249042,66.90665589929154,67.25341033935547,2942280.0
2013-08-12,MMM,67.07716328227166,67.50918620503303,66.91799585031278,67.29317474365234,1970290.0
2013-08-13,MMM,67.37278247842916,67.74795631854813,66.6167395005768,67.45804595947266,2419867.0
2013-08-14,MMM,67.5888016077448,67.59448653204939,66.83275854498093,66.8611831665039,2417594.0
2013-08-15,MMM,66.46326648198917,66.46326648198917,65.73565320493084,65.85502624511719,2385900.0
2013-08-16,MMM,65.75839782766008,66.05967812367052,65.73566331320835,65.88346099853516,2790029.0
2013-08-19,MMM,65.84364773092585,65.91754655250041,65.63900603740578,65.71858978271484,2187843.0
2013-08-20,MMM,65.66744739738239,65.8777740682578,65.47985524026679,65.61060333251953,2575706.0
2013-08-21,MMM,65.61343846927765,65.64201511705542,64.78462180168907,64.83035278320312,2743265.0
2013-08-22,MMM,64.93895937529294,65.67060298978275,64.7846277298977,65.54485321044922,2394392.0
2013-08-23,MMM,65.59628431308528,65.7334668157541,64.92751570082365,65.39051055908203,2336147.0
2013-08-26,MMM,65.37909151079333,65.83065371914869,65.18475046057816,65.35050964355469,2171577.0
2013-08-27,MMM,64.82463851002568,65.0589889352012,64.40165821133246,64.43595123291016,2281370.0
2013-08-28,MMM,64.31020483203079,64.83035828118553,64.22446445008919,64.59028625488281,1848777.0
2013-08-29,MMM,64.51600023123899,65.06473051441186,64.35023578500106,64.7732162475586,1742811.0
2013-08-30,MMM,64.9389707168704,65.01327836593966,64.50455757087622,64.92182159423828,2637898.0
2013-09-03,MMM,65.48767147593973,65.68773405203704,64.50452857304622,64.71601867675781,2593048.0
2013-09-04,MMM,64.63604555113125,65.65348748448868,64.63604555113125,65.4762954711914,2765391.0
2013-09-05,MMM,65.36192631581004,65.80205566902771,65.17901805747347,65.6591567993164,2329688.0
2013-09-06,MMM,65.7849319412146,66.202195967299,65.09901918815392,65.75635528564453,2350858.0
2013-09-09,MMM,66.09358733715358,66.95669715673401,66.02499607009875,66.72805786132812,2364253.0
2013-09-10,MMM,67.05389538076092,67.37399158212969,66.91671278465192,67.21394348144531,3077069.0
2013-09-11,MMM,67.23678165680629,67.8541030883789,67.21391616152485,67.8541030883789,2259244.0
2013-09-12,MMM,67.90551724465438,67.96839733075747,67.44824403721267,67.56256103515625,2870041.0
2013-09-13,MMM,67.72835435071306,67.93412816444273,67.63118120992281,67.79122924804688,2360067.0
2013-09-16,MMM,68.47142753963055,68.59146617948235,68.05416352635989,68.15133666992188,3296535.0
2013-09-17,MMM,68.05986581909126,68.70005264172605,67.81979902039615,68.55143737792969,2913456.0
2013-09-18,MMM,68.73434819976872,69.4545589991173,68.51714168543076,69.32880401611328,3956009.0
2013-09-19,MMM,69.24880946940519,69.88899649117107,69.24880946940519,69.48887634277344,3483230.0
2013-09-20,MMM,69.44884493642917,69.69462810660845,68.59716796875,68.59716796875,8370804.0
2013-09-23,MMM,68.8372571169024,69.43171836170431,68.80296408429403,69.22594451904297,4148326.0
2013-09-24,MMM,69.3002260590641,69.66033145193443,68.98584643099677,69.04872131347656,4287780.0
2013-09-25,MMM,69.10019141676715,69.28309975186755,68.68863853536853,68.7057876586914,2599386.0
2013-09-26,MMM,68.93442123863736,69.16306055019179,68.54573388742784,68.96871948242188,2680116.0
2013-09-27,MMM,68.57431757015857,68.7629422689511,68.16848630199745,68.71721649169922,2425608.0
2013-09-30,MMM,68.24281682069191,68.56862417610081,67.8312638248181,68.2542495727539,2517221.0
2013-10-01,MMM,68.4142388163295,68.48854643080206,67.90551825812007,68.37422943115234,2218341.0
2013-10-02,MMM,68.09415351446644,68.35708576401485,67.69974992447592,68.13416290283203,2459574.0
2013-10-03,MMM,67.85409866623408,68.08273795713899,67.38539255319786,67.76264190673828,3020857.0
2013-10-04,MMM,67.65975987920753,68.42569657447346,67.52257734320972,68.24850463867188,2372505.0
2013-10-07,MMM,67.76835136501212,68.17418776004871,67.60830857181195,67.84265899658203,2309715.0
2013-10-08,MMM,67.85981851891972,68.14561634328668,66.93383377659758,66.96813201904297,3431324.0
2013-10-09,MMM,67.03100856142785,67.42540706522298,66.67661945913252,67.20248413085938,2989043.0
2013-10-10,MMM,67.7912225473897,68.21420288085938,67.63117452508519,68.21420288085938,3215805.0
2013-10-11,MMM,68.11130446951688,69.03157258345189,67.6711751072723,69.00299072265625,2981269.0
2013-10-14,MMM,68.74008860321048,69.5631839669719,68.59147329325296,69.39170837402344,2232693.0
2013-10-15,MMM,69.32307595950478,69.38023967653953,68.47139916369817,68.4885482788086,3253718.0
2013-10-16,MMM,69.0830278917842,69.12875366210938,68.67148031185054,69.12875366210938,3165094.0
2013-10-17,MMM,69.01444263423211,70.23194157590339,68.99729351299193,70.08904266357422,3338873.0
2013-10-18,MMM,70.23195472747885,70.56347838852234,69.96330597375375,70.21480560302734,3098238.0
2013-10-21,MMM,70.1862049318954,70.483435480103,70.12333004141595,70.44914245605469,2107591.0
2013-10-22,MMM,70.51201211445863,71.06074218386757,70.4662811315621,70.76351165771484,2455986.0
2013-10-23,MMM,70.55200597149505,70.7234866882553,70.02042513773979,70.42053985595703,2795650.0
2013-10-24,MMM,70.28339486399403,71.42658634382519,70.13477955436235,70.58634185791016,4605916.0
2013-10-25,MMM,70.3348189096654,71.14077015580942,70.23193462374766,71.11790466308594,2456943.0
2013-10-28,MMM,70.95215997719588,71.63235636793462,70.76353005504443,71.40371704101562,2820646.0
2013-10-29,MMM,71.49515715314573,71.72379642678091,71.23222485708311,71.6094741821289,2376093.0
2013-10-30,MMM,71.7752603039294,72.00961602155046,71.31227045910478,71.32941436767578,2520809.0
2013-10-31,MMM,71.43227557755696,72.23822672500191,71.42084283259531,71.9352798461914,2783331.0
2013-11-01,MMM,72.45542863687443,72.55259653154907,71.51801141316163,71.96385192871094,2005214.0
2013-11-04,MMM,72.00958507555234,72.30109919969658,71.76951308635468,72.20392608642578,2082834.0
2013-11-05,MMM,71.87812472341462,72.2839558946631,71.36940405833221,72.08961486816406,2102448.0
2013-11-06,MMM,72.28398300099757,72.77555473216788,72.15251680978197,72.66695404052734,2284719.0
2013-11-07,MMM,72.67836671416829,73.09563591774204,72.15250205682895,72.25538635253906,3813924.0
2013-11-08,MMM,72.03818483676586,73.1756598368803,72.03818483676586,73.15851593017578,2672223.0
2013-11-11,MMM,72.90128733706774,73.26139279200439,72.73552815129452,73.1356430053711,2094794.0
2013-11-12,MMM,73.24994887733547,73.5014536279273,72.90699259531797,73.36998748779297,2904606.0
2013-11-13,MMM,73.08418569681898,73.54145897580037,72.83839733241948,73.50144958496094,2901855.0
2013-11-14,MMM,73.71869454962997,74.37603077277242,73.62152138450897,74.1874008178711,3073481.0
2013-11-15,MMM,73.82153683169756,74.30739194925734,73.72436893758638,74.2216567993164,2823038.0
2013-11-18,MMM,74.25598173111727,74.59322175074433,74.18167407774146,74.3817367553711,2569247.0
2013-11-19,MMM,74.31885704083123,74.75327021437191,74.2616985107696,74.33600616455078,3028870.0
2013-11-20,MMM,74.38482268773761,74.84433978027214,73.83913926119753,74.20101165771484,3219393.0
2013-11-21,MMM,74.49394887847988,74.90751579333549,74.43650990273782,74.87305450439453,1885016.0
2013-11-22,MMM,74.87881123515596,76.13674545161095,74.56863337739487,75.2579116821289,1967181.0
2013-11-25,MMM,75.70592293903647,75.74612864446425,75.21193942569244,75.3785171508789,2985575.0
2013-11-26,MMM,75.50491947207466,76.18845347492913,75.43599162942326,75.90699768066406,5058602.0
2013-11-27,MMM,76.18269077359818,76.76857991620037,75.78635708375624,76.68241882324219,2910466.0
2013-11-29,MMM,76.68817138671875,77.06153266833266,76.59052668009325,76.68817138671875,2426684.0
2013-12-02,MMM,75.63127343344274,75.82082365814655,73.17283872866675,73.33941650390625,8249888.0
2013-12-03,MMM,72.40886976545559,73.17282013407977,71.88616412310208,72.71904754638672,9405942.0
2013-12-04,MMM,72.34570439656989,73.28772157522869,72.08148191958735,72.6386489868164,4127037.0
2013-12-05,MMM,72.6041561518771,73.32215631078398,72.50076706409992,72.85115051269531,3399869.0
2013-12-06,MMM,73.63234621133624,73.98272971777045,73.43705160342844,73.87359619140625,3451776.0
2013-12-09,MMM,73.98272002081299,74.20099228619283,73.74721449313111,73.8506088256836,2469022.0
2013-12-10,MMM,73.56344430825368,73.82766682622088,73.25326640193576,73.26475524902344,2814308.0
2013-12-11,MMM,73.94826859002883,74.47671344095426,72.78223487905643,72.81669616699219,4661410.0
2013-12-12,MMM,72.73630268115123,73.17284213644234,72.36294139577547,72.70758056640625,2974093.0
2013-12-13,MMM,72.74776571239848,73.1498489988083,72.36292093122233,72.62139892578125,2085106.0
2013-12-16,MMM,72.81670213684788,73.96550267740622,72.6443852005207,73.32791900634766,3355139.0
2013-12-17,MMM,74.91326148252881,75.60253968561706,74.66052788848337,75.47042846679688,7423333.0
2013-12-18,MMM,75.522140494201,78.00929209118485,75.522140494201,78.00354766845703,6673680.0
2013-12-19,MMM,77.57848823391504,78.41711101811674,77.38893801647887,78.35392761230469,4880756.0
2013-12-20,MMM,78.56644371020104,79.31891052690331,78.46305460396232,78.531982421875,7004733.0
2013-12-23,MMM,78.75026408042842,78.93981429190636,78.30223059010471,78.57794189453125,4113762.0
2013-12-24,MMM,78.82495657096683,78.88813999101824,78.31948396929306,78.68709564208984,1568793.0
2013-12-26,MMM,78.8651362801197,79.65780884304871,78.71004737239825,79.43379211425781,2581207.0
2013-12-27,MMM,79.71527289027634,80.07140095134498,79.58316162845027,80.04267883300781,2266300.0
2013-12-30,MMM,79.88758346038544,80.21498935534105,79.72100568086219,80.08287811279297,2050303.0
2013-12-31,MMM,80.41600840702255,80.66300280339132,80.11731945932465,80.55960845947266,2208414.0
2014-01-02,MMM,79.29595354300524,79.84163180717391,79.04321465050026,79.34190368652344,3650312.0
2014-01-03,MMM,79.47974042694727,79.77268497009605,79.28444581193499,79.52569580078125,2551427.0
2014-01-06,MMM,79.6980309683487,80.00820884767167,78.96854689565437,79.05470275878906,3243672.0
2014-01-07,MMM,78.95129941049488,79.38209961364575,78.76748838871104,79.06617736816406,3020498.0
2014-01-08,MMM,78.96853772840683,79.12362140880316,78.31372074877535,78.48029327392578,3734749.0
2014-01-09,MMM,78.70430556989935,78.93981115024982,78.23329965045937,78.37689971923828,3037720.0
2014-01-10,MMM,78.66412144722362,78.80197713178684,77.93463205900684,78.22183227539062,3892143.0
2014-01-13,MMM,78.00926370592427,78.727263873025,77.29700795946114,77.36019134521484,3149546.0
2014-01-14,MMM,77.60720661862995,78.92832946777344,77.39467870720371,78.92832946777344,2965721.0
2014-01-15,MMM,79.13510081962282,79.73822316722215,79.01447844660721,79.51995086669922,3618976.0
2014-01-16,MMM,79.11787322539678,79.55441785773239,79.05468982351412,79.35912322998047,2144069.0
2014-01-17,MMM,79.25573260788131,79.69802168316146,78.68133754176814,78.87088775634766,2784168.0
2014-01-21,MMM,79.52572385655063,79.81292407929112,78.29076185051399,78.68709564208984,3236017.0
2014-01-22,MMM,78.89383712353232,78.9742485253877,78.30794818173842,78.39410400390625,2534085.0
2014-01-23,MMM,77.91162302937786,77.92311187201453,76.94088920422409,77.37743377685547,3253479.0
2014-01-24,MMM,76.81453880712861,76.81453880712861,74.79839324951172,74.79839324951172,4516216.0
2014-01-27,MMM,74.68351528657111,75.01092642953358,73.90233141958572,74.07465362548828,3962109.0
2014-01-28,MMM,74.344601547868,74.67775178741397,74.15505136280467,74.56287384033203,3270103.0
2014-01-29,MMM,74.72944932649193,75.40149420679151,74.09761015408006,74.81560516357422,4286464.0
2014-01-30,MMM,74.64903149258916,74.64903149258916,72.67883652942515,73.55192565917969,4906710.0
2014-01-31,MMM,72.71905221048806,74.21249175745362,72.61565786312603,73.6323471069336,4443618.0
2014-02-03,MMM,73.64959725406548,73.86212517783592,71.0016122206645,71.1681900024414,5077140.0
2014-02-04,MMM,72.42612955097917,73.3164470299874,71.29456201609624,72.78800201416016,8865350.0
2014-02-05,MMM,73.5289780591615,73.95977310711702,72.32847747950002,73.1556167602539,5932160.0
2014-02-06,MMM,73.29346672262561,74.21250621976091,73.00626655219199,74.0401840209961,4578766.0
2014-02-07,MMM,74.42505038016873,74.8960564563261,73.98850560652885,74.8615951538086,3902787.0
2014-02-10,MMM,74.47098034158296,74.90752499687589,74.10910793630755,74.49970245361328,3967610.0
2014-02-11,MMM,74.49969833112246,75.52787650725448,74.47097622068151,75.23493194580078,3114384.0
2014-02-12,MMM,75.3592292120685,75.74082576906156,75.16842829572266,75.41704559326172,2512318.0
2014-02-13,MMM,74.7521668927156,75.3823756643783,74.38791672133804,75.24361419677734,3409318.0
2014-02-14,MMM,75.0296731456877,76.42885712121723,74.87357048611995,76.38838195800781,3623880.0
2014-02-18,MMM,76.49823851524468,76.75263272629743,76.11085975674258,76.203369140625,3440294.0
2014-02-19,MMM,75.93163009129997,76.72951101494772,75.42861854871981,75.48643493652344,3252402.0
2014-02-20,MMM,75.53845795355579,76.33633875885597,75.19155440249015,76.0645980834961,2578337.0
2014-02-21,MMM,76.06459899898856,76.50979409308871,75.91427324576776,76.07038116455078,3078863.0
2014-02-24,MMM,76.25540998932446,77.16314685698251,75.99523358943242,76.43464660644531,2935343.0
2014-02-25,MMM,76.47510053671459,77.14578425570845,76.23805285320257,76.85669708251953,3424268.0
2014-02-26,MMM,76.97232577822605,77.16312667890558,76.48087866488757,76.81622314453125,3314236.0
2014-02-27,MMM,76.68326169940092,77.81070512006308,76.31901155975619,77.67194366455078,3736304.0
2014-02-28,MMM,77.58519931726862,78.16915584524497,77.42909139533651,77.89741516113281,3802562.0
2014-03-03,MMM,76.93762838593662,77.36547690380273,76.1281833904043,76.44039916992188,3366022.0
2014-03-04,MMM,76.27276042224436,76.94344431579809,76.07618257050785,76.71217346191406,8342698.0
2014-03-05,MMM,76.70061850804552,77.49271745458648,76.42887772745638,77.3886489868164,4247474.0
2014-03-06,MMM,77.68929637286456,77.90322075470755,77.4869363266402,77.5216293334961,2675213.0
2014-03-07,MMM,77.98413021781022,78.05351092413957,77.30766965002363,77.5389404296875,2848154.0
2014-03-10,MMM,77.46379004416261,77.52160642947315,76.95499635717162,77.22095489501953,2351456.0
2014-03-11,MMM,77.31924548768879,77.38284403831447,76.45198389164942,76.6138687133789,2306964.0
2014-03-12,MMM,76.35949518155974,76.75843309139573,76.08197223981288,76.6485824584961,3153852.0
2014-03-13,MMM,77.00704461939077,77.28456754004968,75.53269750876535,75.63098907470703,3014757.0
2014-03-14,MMM,75.20892809864301,75.80444915416955,74.98922155756043,75.06438446044922,3558220.0
2014-03-17,MMM,75.54424516325572,76.71794042545417,75.54424516325572,76.47510528564453,3025162.0
2014-03-18,MMM,76.60229785359647,77.03014641966072,76.4635311659693,76.74684143066406,2431229.0
2014-03-19,MMM,76.75263047056093,76.81045213110004,75.4979953994438,75.87380981445312,2560636.0
2014-03-20,MMM,75.8275245805939,76.8104238639535,75.65985765383081,76.56758880615234,3082690.0
2014-03-21,MMM,77.23252655625028,77.61412317663012,76.83936560257112,76.96656799316406,7080798.0
2014-03-24,MMM,77.08222499231172,77.30193156692718,76.249650765879,76.5618667602539,3341146.0
2014-03-25,MMM,77.27875425841407,77.78176566850757,76.83934138572344,77.51002502441406,3465530.0
2014-03-26,MMM,77.85697345572635,77.98995277208284,76.9492416381836,76.9492416381836,2773404.0
2014-03-27,MMM,76.79310028051461,77.18047372493317,76.42306805735016,76.8046646118164,2873390.0
2014-03-28,MMM,77.23252023473921,78.03618330056686,77.00124941478104,77.59098815917969,2280174.0
2014-03-31,MMM,77.82802682711848,78.55652692371098,77.8106856063032,78.43511199951172,3243313.0
2014-04-01,MMM,78.56233400006502,79.00752923089117,78.44091903736702,78.93814849853516,2835477.0
2014-04-02,MMM,78.6259164422461,78.77624221080872,78.24432513038626,78.63169860839844,3924554.0
2014-04-03,MMM,78.75889618137606,79.31972405833272,78.45824466259965,78.71263885498047,3200735.0
2014-04-04,MMM,79.15207153234938,79.6550831523996,78.49873411543817,78.55077362060547,3271419.0
2014-04-07,MMM,78.52185435280538,78.77624858128428,77.70084472546992,77.70662689208984,3357770.0
2014-04-08,MMM,77.7297658139173,78.14026804389528,77.14580911385558,77.9610366821289,3460746.0
2014-04-09,MMM,78.05352949355402,78.55654105303587,77.7644422691231,78.53919982910156,3195592.0
2014-04-10,MMM,78.4756106448687,78.88033069712648,77.41754790064326,77.45802307128906,3417211.0
2014-04-11,MMM,77.11112780091086,77.3828738820034,76.54451751708984,76.54451751708984,2832367.0
2014-04-14,MMM,77.15737170248644,77.19784159755002,76.3305798181585,76.98391723632812,2461488.0
2014-04-15,MMM,77.05329113732904,77.67772293958674,76.33057305190081,77.52739715576172,2534324.0
2014-04-16,MMM,78.1518110928979,79.08267120389388,77.943668950908,79.07688903808594,2553699.0
2014-04-17,MMM,79.38336111940558,79.93262493123966,79.3544502763822,79.63197326660156,3164138.0
2014-04-21,MMM,79.35442372091691,80.19856202200005,79.31395382992845,80.14652252197266,2130196.0
2014-04-22,MMM,80.07713129064841,80.6668700079827,79.86320697903683,80.30261993408203,2693990.0
2014-04-23,MMM,80.25639370068585,80.30264576715437,79.72447119564546,79.78228759765625,3405610.0
2014-04-24,MMM,78.85140701509715,79.20409278048214,78.05352609933627,79.00751495361328,3405969.0
2014-04-25,MMM,78.92080473646669,79.18676861614848,78.4524860957297,78.95549774169922,2503348.0
2014-04-28,MMM,79.45850541321953,79.9904278702765,78.61437230318785,79.3428726196289,2684183.0
2014-04-29,MMM,79.71289131310725,79.73023781303743,78.95548551551732,79.52787780761719,2177796.0
2014-04-30,MMM,79.57412046942223,80.48185721686066,79.40067131769881,80.41825866699219,3473184.0
2014-05-01,MMM,80.65533139586324,81.80589836787419,80.43562484827972,81.4127426147461,4780890.0
2014-05-02,MMM,81.88684562052623,82.00248370300135,80.86925792838863,81.01380157470703,6887166.0
2014-05-05,MMM,80.44719608674181,81.55151108717253,80.1638909452456,81.29711151123047,3242236.0
2014-05-06,MMM,81.10628966681425,81.19301688694922,80.46451667893422,80.53389739990234,2750441.0
2014-05-07,MMM,80.9328393999848,81.66712181225328,80.47030299491219,81.60352325439453,2677246.0
2014-05-08,MMM,81.45318381216592,82.17011960414237,81.23925950771647,81.42427825927734,2319522.0
2014-05-09,MMM,81.2681922234732,81.73651084282325,81.08895558935772,81.71916961669922,2503228.0
2014-05-12,MMM,81.97357163006825,82.64425561609058,81.9331017310163,82.57487487792969,3554632.0
2014-05-13,MMM,82.6789529776787,82.89287738490086,82.28579717420612,82.34939575195312,2027698.0
2014-05-14,MMM,82.37827002274285,82.5459422940042,81.75962571008414,81.86947631835938,2527626.0
2014-05-15,MMM,81.84637674459375,81.95044521685232,80.95598618391125,81.51103210449219,2856526.0
2014-05-16,MMM,81.48209215512661,81.63820007333817,80.8923534755267,81.59772491455078,2274433.0
2014-05-19,MMM,80.9848722465067,82.10074591424828,80.93283275059818,81.90995025634766,1828923.0
2014-05-20,MMM,81.86947606712387,82.04293050415156,80.88079949288395,81.07737731933594,2206740.0
2014-05-21,MMM,81.30717275672056,81.90052938337705,81.30717275672056,81.82490539550781,1962636.0
2014-05-22,MMM,81.85397403102931,81.99940433387522,81.59219630106901,81.62128448486328,1853920.0
2014-05-23,MMM,81.57475809254086,82.12739652779184,81.47005122813623,82.1041259765625,1446442.0
2014-05-27,MMM,82.313541264261,82.37171233162111,82.09830459938418,82.27864074707031,1808711.0
2014-05-28,MMM,82.49385851202801,82.54621192985124,82.05756764468929,82.2728042602539,1873056.0
2014-05-29,MMM,82.31355092375448,82.85455412223617,82.13322006296995,82.83128356933594,1942424.0
2014-05-30,MMM,82.6683715962491,82.994137991425,82.4764055257033,82.92433166503906,4674566.0
2014-06-02,MMM,82.76145441942704,83.13375662294779,82.42405803564071,82.79054260253906,2012031.0
2014-06-03,MMM,82.65093229485878,83.26173638505242,82.37751929000278,83.12212371826172,2465793.0
2014-06-04,MMM,83.13375796882323,83.1861113912098,82.7556381225586,82.7556381225586,1597497.0
2014-06-05,MMM,83.04652603541886,83.61661215661168,82.54624626971774,83.59915924072266,1844591.0
2014-06-06,MMM,83.76203205411534,84.14015197753906,83.49444194279876,84.14015197753906,2115365.0
2014-06-09,MMM,84.14015560042247,84.6578882397006,84.1227026859598,84.53572845458984,2153876.0
2014-06-10,MMM,84.33212280273438,84.47173550407493,84.03544448536971,84.33212280273438,2033200.0
2014-06-11,MMM,84.15179325688007,84.33212412056955,83.87838548815438,84.00636291503906,1781920.0
2014-06-12,MMM,84.32048342156723,84.32048342156723,83.05815153272466,83.22685241699219,2199922.0
2014-06-13,MMM,83.29667197364803,83.62243320988992,83.08725289862154,83.39556121826172,1645935.0
2014-06-16,MMM,83.14541197666907,83.49444371799497,82.9534405378919,83.37228393554688,1524063.0
2014-06-17,MMM,83.19193636397655,83.76202234797191,82.9766997106709,83.58750915527344,1446442.0
2014-06-18,MMM,83.72714161781275,83.99473176135456,83.05234331228948,83.95983123779297,1603477.0
2014-06-19,MMM,84.07616514441925,84.18668965092844,83.76203392286449,84.05289459228516,1866358.0
2014-06-20,MMM,84.08198282337399,84.52409146575368,83.88419905432957,84.4426498413086,5028702.0
2014-06-23,MMM,84.40772930446563,84.52407673685454,83.77365464156972,83.8201904296875,1662679.0
2014-06-24,MMM,83.5991389520508,84.12850678242805,83.21520674405525,83.23847198486328,1679782.0
2014-06-25,MMM,83.18611961829254,83.98889517588607,83.11631327885237,83.56423950195312,1580873.0
2014-06-26,MMM,83.6223988227545,83.76201148202743,82.93015316286481,83.61076354980469,1783116.0
2014-06-27,MMM,83.28501325158697,83.80856344580869,83.22102455012455,83.58750915527344,2370233.0
2014-06-30,MMM,83.72130981737159,83.72712745499184,83.22103013847413,83.32573699951172,2246566.0
2014-07-01,MMM,83.42464724988018,84.24487592018532,83.40719433373093,84.0936279296875,2114050.0
2014-07-02,MMM,83.9016314276227,84.52407611999378,83.5118815983312,84.48335266113281,1939075.0
2014-07-03,MMM,84.49499683704342,84.77422220925592,84.3495665133441,84.58807373046875,1366071.0
2014-07-07,MMM,84.62878182704168,84.6869528879948,84.05869587518785,84.29720306396484,1504448.0
2014-07-08,MMM,84.47756023658394,84.58227242541493,84.04708681995616,84.0936279296875,1909653.0
2014-07-09,MMM,84.22156979720887,84.37281772383227,83.78527892611727,84.16339874267578,1820073.0
2014-07-10,MMM,83.47698547747328,83.88419357309057,83.32573751453879,83.703857421875,2475840.0
2014-07-11,MMM,83.8492790011724,84.05288037371243,83.50024731852335,83.94817352294922,2281848.0
2014-07-14,MMM,84.34375359010912,84.76259167183866,84.20414089619926,84.34957122802734,2529062.0
2014-07-15,MMM,84.34957750729447,84.62880291590065,83.9772751931315,84.38448333740234,2339017.0
2014-07-16,MMM,84.5124492981952,85.07671767719786,84.36701897527306,85.03018188476562,2355163.0
2014-07-17,MMM,84.54153696096475,84.73932603313467,83.44790596645791,83.50025939941406,3320694.0
2014-07-18,MMM,83.6689372479054,84.38445878434612,83.50024170899471,84.25066375732422,2551068.0
2014-07-21,MMM,84.15180188926578,84.273961690363,83.56426282331259,83.9423828125,1818996.0
2014-07-22,MMM,84.28558512785534,84.73932905113882,84.28558512785534,84.41938018798828,1923407.0
2014-07-23,MMM,84.54733088743156,84.61131957822418,84.07613950684501,84.16339874267578,2211882.0
2014-07-24,MMM,84.64623280084598,85.1814182271068,84.04124104142616,84.42517852783203,3085680.0
2014-07-25,MMM,84.73351141304053,84.89639466366496,84.11106660103432,84.41938018798828,1915753.0
2014-07-28,MMM,84.30302572918666,84.71604612545795,83.63986285541523,84.65787506103516,2394631.0
2014-07-29,MMM,84.47753571375962,85.08834513715658,83.76201943999133,83.77947235107422,2734774.0
2014-07-30,MMM,83.91910362625563,84.22159958649566,83.48863023916459,83.61660766601562,2940246.0
2014-07-31,MMM,83.37808944766275,83.50606684952615,81.78998596648046,81.95868682861328,4271036.0
2014-08-01,MMM,81.52821439663026,82.04594695485984,80.90577498414396,81.50494384765625,2996937.0
2014-08-04,MMM,81.5282189575665,82.01104571934586,80.98140349059204,81.87725067138672,2983422.0
2014-08-05,MMM,81.80161736610641,82.09247797914396,81.05701823085806,81.31297302246094,2593526.0
2014-08-06,MMM,80.94066914649275,81.4060482410663,80.52764878300111,81.1791763305664,3204084.0
2014-08-07,MMM,81.47004571510546,81.65619418815254,80.83597100958664,80.93486022949219,2263430.0
2014-08-08,MMM,81.03378258889617,81.95871825051812,80.7952752972097,81.9354476928711,3232310.0
2014-08-11,MMM,81.98197513953176,82.31355399039273,81.75510316449454,81.77837371826172,2295244.0
2014-08-12,MMM,81.80164811788069,82.1448675920971,81.691123591247,81.95289611816406,2602616.0
2014-08-13,MMM,82.22627462645225,82.50550527922411,81.97613746684347,82.48805236816406,3712743.0
2014-08-14,MMM,82.6044013077838,82.83127324609377,82.51714205334714,82.80218505859375,1897932.0
2014-08-15,MMM,83.07558620568017,83.17447541289869,82.0343035551135,82.55785369873047,2345236.0
2014-08-18,MMM,83.04067345734975,83.87835467885924,82.94759658650155,83.83763122558594,2216068.0
2014-08-19,MMM,84.041254085007,84.35538528700843,83.65732184707586,83.91327667236328,1904630.0
2014-08-20,MMM,84.18537584260183,84.74716163632364,83.97470817234829,84.61841583251953,2749365.0
2014-08-21,MMM,84.72375278966285,84.84664092970519,84.47211884512932,84.55989837646484,1765057.0
2014-08-22,MMM,84.55991144804186,84.75302751477508,84.27902117611701,84.34339141845703,1850810.0
2014-08-25,MMM,84.65354687321005,84.84665760833886,84.5131017313503,84.67695617675781,1211428.0
2014-08-26,MMM,84.85249280159425,85.08071744596369,84.60086419811597,84.61841583251953,2162488.0
2014-08-27,MMM,84.5189431953144,84.77057181726124,84.0507892228043,84.2322006225586,1677031.0
2014-08-28,MMM,83.8693709816633,84.33751954646729,83.69381193254183,84.2555923461914,1571664.0
2014-08-29,MMM,84.30243268035018,84.49554341241355,83.78746538846785,84.26731872558594,1839209.0
2014-09-02,MMM,83.85768588685974,84.62428181009635,83.85768588685974,84.39605712890625,1888245.0
2014-09-03,MMM,84.54233345032699,84.6886308755549,84.00396234290386,84.1619644165039,1834186.0
2014-09-04,MMM,84.39021352365742,84.64769985970207,83.88695084379032,84.03910064697266,1853561.0
2014-09-05,MMM,84.05665237617454,84.4545838380412,83.76990976648034,84.38436126708984,2378964.0
2014-09-08,MMM,84.50724145656869,85.11583523414444,84.3316823759007,84.78813171386719,2925536.0
2014-09-09,MMM,84.67695713599623,85.00466069081014,84.413618487241,84.53650665283203,2087498.0
2014-09-10,MMM,84.63598574813031,84.84665345059659,84.26731593388605,84.64183807373047,1864325.0
2014-09-11,MMM,84.26146973339182,84.48969442924859,84.03324503753504,84.47213745117188,1752618.0
2014-09-12,MMM,84.53064784558407,84.53064784558407,83.97471433576422,84.2322006225586,2553938.0
2014-09-15,MMM,84.36677360902361,84.67107308572396,84.06832645608375,84.54817962646484,2234128.0
2014-09-16,MMM,84.15028618581384,84.84665958545268,84.02739267903783,84.76473236083984,2326340.0
2014-09-17,MMM,84.80568984744073,85.31480478067166,84.42531539394336,85.06902313232422,3297372.0
2014-09-18,MMM,85.26212800085155,86.05799080572862,85.25628101554942,85.92924499511719,2828301.0
2014-09-19,MMM,86.26867949102608,86.53201282195243,85.74200748945947,85.84149169921875,9695015.0
2014-09-22,MMM,85.97606577019144,86.02287903178092,85.14509433391733,85.26798248291016,2668276.0
2014-09-23,MMM,84.9870728963038,85.20359285892215,84.47210577714236,84.48381042480469,2451441.0
2014-09-24,MMM,84.36679690480943,84.92272509787131,84.10345828200674,84.78227996826172,3119407.0
2014-09-25,MMM,84.50724157175935,84.53649785876863,83.13789889570626,83.37782287597656,3305983.0
2014-09-26,MMM,83.40123031476836,83.6177503285383,82.50003630840611,83.34271240234375,4255009.0
2014-09-29,MMM,82.47664253784261,83.29590409243812,82.31278809103812,83.2081298828125,3406567.0
2014-09-30,MMM,83.38952890633716,83.62360590484872,82.67559859963298,82.90967559814453,3199420.0
2014-10-01,MMM,82.60537605201895,82.90382329073631,81.17751543829999,81.44670104980469,3499376.0
2014-10-02,MMM,81.08973647939814,81.52862885246597,80.72691899791727,81.14825439453125,3852675.0
2014-10-03,MMM,81.53445840990007,82.18987062373924,81.08971383554012,82.02601623535156,4202864.0
2014-10-06,MMM,82.2483763845495,82.67556392431518,81.6865960955109,82.12548828125,2947781.0
2014-10-07,MMM,81.23602567135603,82.03188311944196,80.55720404162797,80.56890869140625,3761300.0
2014-10-08,MMM,80.90248446788883,82.79264704080683,80.59233787082232,82.7516860961914,4946058.0
2014-10-09,MMM,82.59950278902575,82.80431810845838,80.94927024593491,81.13067626953125,4506528.0
2014-10-10,MMM,81.53447713719576,81.69247389831109,78.31008090234448,78.31593322753906,8810334.0
2014-10-13,MMM,78.56757083747692,79.20543163893318,76.66570376426264,77.77171325683594,5481746.0
2014-10-14,MMM,78.21060006338008,79.55068647550256,77.95311910264219,78.520751953125,4358583.0
2014-10-15,MMM,77.57276496170154,78.7899581979408,76.42579430948156,78.54418182373047,5734461.0
2014-10-16,MMM,78.0759868099139,79.56822261337824,77.68390780633209,79.02984619140625,4182651.0
2014-10-17,MMM,79.43951063302245,80.66840840252308,79.43951063302245,80.40507507324219,4480694.0
2014-10-20,MMM,80.25877665913339,80.60988954066221,80.03055195121121,80.52210998535156,3327870.0
2014-10-21,MMM,80.99026292981266,82.57027354462049,80.95515431200394,82.47079467773438,3681766.0
2014-10-22,MMM,82.45322122758701,82.56440472476987,81.16580582379365,81.31210327148438,5135983.0
2014-10-23,MMM,83.05013778528354,86.56127746489922,83.05013778528354,84.88178253173828,8879582.0
2014-10-24,MMM,84.85250107136183,87.07037215945275,84.74131757054992,86.95333099365234,5359156.0
2014-10-27,MMM,86.66073782001803,87.60874511734762,86.22184545385224,87.52096557617188,3396640.0
2014-10-28,MMM,87.67899265189915,88.43974177245403,87.52099050072894,88.3987808227539,2821125.0
2014-10-29,MMM,88.59188686255655,88.79084995279506,87.89550803715049,88.36951446533203,2464478.0
2014-10-30,MMM,88.0651770623311,89.18289089581417,87.77843453359274,89.00733184814453,2196454.0
2014-10-31,MMM,90.01970256379994,90.37666225652232,89.58666266611256,89.98458862304688,3607495.0
2014-11-03,MMM,89.61594988391856,90.34743721529607,89.52232335009586,89.70958709716797,2831530.0
2014-11-04,MMM,90.0723575248706,90.83895845600925,89.67443159122116,90.73362731933594,3741806.0
2014-11-05,MMM,91.10233248871248,91.4300413713353,90.201138401213,91.10818481445312,3313398.0
2014-11-06,MMM,91.10816702076399,91.68750443823501,90.82727679892497,91.31884002685547,2472371.0
2014-11-07,MMM,91.37736024184275,91.65239816210523,90.98528649925534,91.61144256591797,2251829.0
2014-11-10,MMM,91.43588778737184,92.29026321372602,91.31885195954985,92.26100158691406,1750346.0
2014-11-11,MMM,92.43071125687871,92.45997288461314,91.66996233291432,91.93914794921875,2160694.0
2014-11-12,MMM,91.6699431319611,92.38387330201239,91.58216894656894,92.27268981933594,1794837.0
2014-11-13,MMM,92.45995897917491,93.08611500081687,92.15565945535404,92.66477966308594,2840620.0
2014-11-14,MMM,92.7701139066583,92.97492391794228,92.29025530633376,92.95736694335938,2136415.0
2014-11-17,MMM,92.51264676672201,93.13879222308904,92.51264676672201,92.86375427246094,2002463.0
2014-11-18,MMM,92.97495516781902,93.89955873007142,92.95739818733503,93.71814727783203,2764434.0
2014-11-19,MMM,93.7387378787074,93.78579704651486,92.93860318500093,93.44457244873047,2768381.0
2014-11-20,MMM,93.0680269313995,93.86816155843916,92.86211758962091,93.7563705444336,2091804.0
2014-11-21,MMM,94.31530685752762,94.6388802602987,93.89170990164187,94.22705078125,2956512.0
2014-11-24,MMM,94.22705083359203,94.46238963371412,93.78580266220567,94.06231689453125,2820407.0
2014-11-25,MMM,93.54455965222104,93.94462152118695,92.99153137207031,92.99153137207031,4360975.0
2014-11-26,MMM,92.93862022192782,93.22101822753324,92.66210595547045,93.13865661621094,2180547.0
2014-11-28,MMM,93.88579843151955,94.61532809618352,93.42689918067104,94.18583679199219,1872338.0
2014-12-01,MMM,93.16215263038416,93.84461240253266,92.87386026938862,93.05036163330078,2992512.0
2014-12-02,MMM,93.41512389833095,94.59178524211998,93.27392496654606,94.48587799072266,2995262.0
2014-12-03,MMM,94.78006146195824,95.56842857837181,94.23291683869384,95.46253204345703,3634405.0
2014-12-04,MMM,95.30956561002596,95.85082649597581,94.6623974524144,95.46253204345703,2588383.0
2014-12-05,MMM,95.54486924728295,95.83903456444881,95.23893645849093,95.46839141845703,2060230.0
2014-12-08,MMM,95.36838195996997,95.78022205407267,94.19172051795259,94.68003845214844,2270367.0
2014-12-09,MMM,94.06819192887387,94.78007052829429,93.6092925846839,94.62123107910156,2443548.0
2014-12-10,MMM,94.55060289787696,94.60944026213468,92.77972707466293,93.09742736816406,3879465.0
2014-12-11,MMM,93.65047897246309,94.26234476617101,93.20334710296486,93.63282775878906,2915011.0
2014-12-12,MMM,93.28571158138078,93.53869081591883,92.43850708007812,92.43850708007812,3373438.0
2014-12-15,MMM,93.0268640425276,93.21513295541847,91.53839616680483,92.27969360351562,3120723.0
2014-12-16,MMM,92.52086098238188,94.98008019961078,92.41496446708358,93.573974609375,4043437.0
2014-12-17,MMM,93.71517297046695,94.65649560345125,92.82679322643644,94.48587799072266,4715350.0
2014-12-18,MMM,95.54488725329955,97.25105285644531,95.30955924991554,97.25105285644531,4018321.0
2014-12-19,MMM,96.94513467473622,97.71583990761262,96.69802842338281,97.35696411132812,5849995.0
2014-12-22,MMM,97.79229251314229,98.43356601492539,97.74522262796778,98.41004180908203,2489594.0
2014-12-23,MMM,98.85131522013961,98.93367680365385,98.17472839355469,98.17472839355469,2619479.0
2014-12-24,MMM,97.76291617263719,98.61011005220514,97.76291617263719,98.22769927978516,1173994.0
2014-12-26,MMM,98.4512392122583,98.72776411268009,97.75112819762796,97.81584930419922,1922450.0
2014-12-29,MMM,97.83936995836909,98.32179337170903,97.55108836288753,98.08058166503906,1453977.0
2014-12-30,MMM,97.98648000997692,98.0982602904007,97.2392989999901,97.56875610351562,1412117.0
2014-12-31,MMM,97.66290310538564,98.35124678864595,96.60390539031312,96.67449951171875,1941945.0
2015-01-02,MMM,96.90393320912302,97.12161000029822,95.73903920027703,96.52152252197266,2531214.0
2015-01-05,MMM,95.89792633093107,96.27445342636116,94.18000333976514,94.3447265625,4416708.0
2015-01-06,MMM,94.6153232053918,94.93889649586087,92.80326124238805,93.33863830566406,4224272.0
2015-01-07,MMM,94.07407780302945,94.29764911069802,93.50928190096934,94.01525115966797,3685235.0
2015-01-08,MMM,94.51530706325022,96.3038342203302,94.43882922113303,96.2685317993164,3758908.0
2015-01-09,MMM,96.39796764895087,96.48622370549177,94.88008158065936,95.08599090576172,2844806.0
2015-01-12,MMM,95.53902473150664,95.53902473150664,94.144686138853,94.56828308105469,2570443.0
2015-01-13,MMM,95.44489041695532,96.70979743589226,93.80932938347185,94.49767303466797,3232788.0
2015-01-14,MMM,93.56808304645898,94.44469525013233,93.25038279039383,94.03874969482422,2372266.0
2015-01-15,MMM,94.65651497309047,94.98009905619669,93.76225130987731,93.93286895751953,2244653.0
2015-01-16,MMM,94.05054388765538,95.415474490511,93.59753900281042,95.30957794189453,2810241.0
2015-01-20,MMM,95.73315310051646,96.13321498844127,94.16819723249749,95.27425384521484,2501793.0
2015-01-21,MMM,95.10952166876456,96.11556551183286,94.7329947209992,95.62725830078125,1910849.0
2015-01-22,MMM,96.05086261338218,97.65700479244757,95.38604324531195,97.5981674194336,2662057.0
2015-01-23,MMM,97.51579714506762,97.65111235419593,96.43326473529518,96.49798583984375,2685738.0
2015-01-26,MMM,96.26265590741676,96.65096109672145,95.19190161003863,96.62742614746094,4253335.0
2015-01-27,MMM,95.49194295748909,97.15691164102077,94.68592469473754,96.2685317993164,5012077.0
2015-01-28,MMM,96.84509827580968,97.99822483988935,96.34502357517118,96.45092010498047,4275222.0
2015-01-29,MMM,96.52741892719709,97.75702346638325,95.82729709323141,97.73937225341797,3198822.0
2015-01-30,MMM,96.92746928177327,97.20398344498724,95.4860610961914,95.4860610961914,4260032.0
2015-02-02,MMM,95.3801667220048,96.85099379112967,94.6565206629352,96.73332977294922,2846121.0
2015-02-03,MMM,97.17454801960143,97.7746461382578,96.9039176399612,97.6275634765625,3115341.0
2015-02-04,MMM,97.53346342203213,97.56287137371473,96.62743223886743,96.96278381347656,2826866.0
2015-02-05,MMM,97.2569357657239,98.0099896648428,96.92746797439305,97.98646545410156,2452398.0
2015-02-06,MMM,97.79820321183075,98.65128069534936,97.40402502505074,97.70406341552734,2184972.0
2015-02-09,MMM,96.70979251724295,97.39226313257126,96.39209216000356,96.98042297363281,2479308.0
2015-02-10,MMM,97.30989295836496,97.74525734061001,96.83922614970196,97.55699920654297,2254580.0
2015-02-11,MMM,97.39420288098276,97.66059629911656,96.7726110363179,97.37052154541016,2027340.0
2015-02-12,MMM,97.63692198407497,98.24075287047853,97.58955930952418,98.21707153320312,1932377.0
2015-02-13,MMM,98.21111328856502,98.63734478440391,97.8736759697038,98.23479461669922,2143232.0
2015-02-17,MMM,98.23480726515493,98.81495666503906,97.73161138808969,98.81495666503906,2512676.0
2015-02-18,MMM,98.81493626768072,99.16421422348328,98.27622930856724,99.09909057617188,1856192.0
2015-02-19,MMM,99.0991078862243,99.1879128753427,98.613673022957,98.91558837890625,1971965.0
2015-02-20,MMM,98.70838102506235,99.61412693398567,97.75527246358627,99.52532196044922,2890254.0
2015-02-23,MMM,99.53720474409566,99.9693567209364,99.2767316518822,99.93384552001953,2195856.0
2015-02-24,MMM,99.61417015906085,100.1943196904747,99.49576347629929,100.11735534667969,2117279.0
2015-02-25,MMM,100.02854094723581,100.4370115097245,99.82134009775632,99.9811782836914,2414844.0
2015-02-26,MMM,99.95748158525565,100.6264358908716,99.83316541609024,100.40739440917969,2140122.0
2015-02-27,MMM,100.43700645236808,100.49028944617254,99.7858238790582,99.83909606933594,2327416.0
2015-03-02,MMM,99.54905743356177,100.93431854248047,99.5253760944046,100.93431854248047,2658828.0
2015-03-03,MMM,100.3837217814063,100.40148277904437,99.07542552047319,99.61414337158203,2669950.0
2015-03-04,MMM,99.6082399855344,99.6082399855344,98.54265557064585,98.95704650878906,1884537.0
2015-03-05,MMM,98.98664686484135,99.27672159805054,98.67881113120774,99.19976806640625,1850451.0
2015-03-06,MMM,98.56633390779064,98.7261721053402,97.09227893313314,97.29946899414062,2528822.0
2015-03-09,MMM,97.51259284495488,98.73209512479643,97.38827664426266,98.48937225341797,1923288.0
2015-03-10,MMM,97.56587429419024,97.59546515786258,96.05037696880599,96.0562973022461,3067262.0
2015-03-11,MMM,96.31677524017609,96.62461098758148,95.70110374536529,95.74254608154297,2265583.0
2015-03-12,MMM,96.25163890454606,97.3941875412683,96.23980904215198,97.36458587646484,2051140.0
2015-03-13,MMM,97.0982027831412,97.31723351882786,95.77214529126057,96.3404541015625,2732501.0
2015-03-16,MMM,96.83770619702477,98.43016768778102,96.83770619702477,98.39464569091797,2524995.0
2015-03-17,MMM,97.986172556917,97.99209288957158,96.71930779704996,97.22250366210938,3059248.0
2015-03-18,MMM,96.58907143036546,98.83271545699391,95.93196852233221,98.5485610961914,3662630.0
2015-03-19,MMM,98.36504104500627,98.39464270816146,97.58953148797389,98.06904602050781,2336386.0
2015-03-20,MMM,98.3236298573678,98.93930143188263,97.90923885253056,98.56043243408203,5228673.0
2015-03-23,MMM,98.76167329321522,98.80903595540128,98.16968322999716,98.34728240966797,2580131.0
2015-03-24,MMM,98.02168274248832,99.24710516118634,97.99209188304609,98.45975494384766,2500836.0
2015-03-25,MMM,98.41243488569596,98.57819344835497,96.29310638169954,96.31678771972656,3038916.0
2015-03-26,MMM,95.90237308058975,96.7133938869658,95.43469918040043,96.25164031982422,2452637.0
2015-03-27,MMM,96.11546200621443,97.02712827087962,95.91419233457799,96.79033660888672,2060230.0
2015-03-30,MMM,97.20473331731594,98.72615062798302,97.20473331731594,98.29991912841797,2014064.0
2015-03-31,MMM,97.92106404234964,98.27034211593654,97.45339010088652,97.64875030517578,2489235.0
2015-04-01,MMM,97.2580360749215,97.40603360361072,95.84317365067686,96.21021270751953,2569128.0
2015-04-02,MMM,96.71932350163584,97.06860157791606,95.9734154836768,96.3759765625,2215710.0
2015-04-06,MMM,95.70108881369481,98.26440926304404,95.547170964007,97.96249389648438,3062119.0
2015-04-07,MMM,97.91513114384794,99.19975693551186,97.84409795364888,98.39464569091797,2965482.0
2015-04-08,MMM,98.39464615482494,98.9925565573971,97.80265608509121,98.43016815185547,2098262.0
2015-04-09,MMM,98.41834542609405,98.96889326631393,97.72570957185197,98.73802185058594,2009400.0
2015-04-10,MMM,99.1582804606815,99.27667627259503,98.40053213950233,98.90371704101562,1796272.0
2015-04-13,MMM,98.72023631903201,99.07542385524413,98.03352096934114,98.17559814453125,2225038.0
2015-04-14,MMM,97.86778962603148,98.55449428697545,97.18699449499543,98.26441955566406,2289503.0
2015-04-15,MMM,98.69660422976432,99.06363261398285,98.18748779594046,98.53084564208984,2386977.0
2015-04-16,MMM,98.1105161674651,98.655143709839,97.73755671301315,98.20523071289062,1988709.0
2015-04-17,MMM,97.40011277189531,97.4060331051537,95.38733990990507,95.73069763183594,3663946.0
2015-04-20,MMM,96.49435449898908,97.90920593496773,96.33451632459266,97.38825988769531,2863463.0
2015-04-21,MMM,98.06313648366731,98.09273815008135,96.86139525548042,97.08635711669922,2356718.0
2015-04-22,MMM,96.97390377369501,97.61324589686852,96.23983629632517,97.4830093383789,2665645.0
2015-04-23,MMM,94.44608716228377,95.57678444167271,93.89552855293024,94.51712036132812,6822582.0
2015-04-24,MMM,94.60589529629847,94.60589529629847,93.44558591441941,94.1204605102539,3640026.0
2015-04-27,MMM,94.41057594966952,94.75985406184209,93.4219557589241,93.52259063720703,4124765.0
2015-04-28,MMM,93.35091755641389,93.74754756352884,92.45701185410941,93.72979736328125,4051928.0
2015-04-29,MMM,93.19106840618555,93.49298382797154,92.45700102036672,92.92467498779297,3682006.0
2015-04-30,MMM,92.83586998202661,93.48705261750021,92.35635540259076,92.58130645751953,4198199.0
2015-05-01,MMM,92.81810428818193,93.58769354893631,92.81810428818193,93.344970703125,2583480.0
2015-05-04,MMM,93.77119798285288,94.62958139456805,93.46336229259926,94.13823699951172,2679399.0
2015-05-05,MMM,94.04350559892876,94.39278359509107,93.18512224269367,93.48111724853516,2329449.0
2015-05-06,MMM,93.48708579465327,94.17380147662031,92.67606467821525,93.32132720947266,2634908.0
2015-05-07,MMM,93.07858191056613,94.2448011231573,93.07858191056613,93.89552307128906,2527028.0
2015-05-08,MMM,94.86636499858476,95.54714909899384,94.75388950434754,95.07355499267578,2422498.0
2015-05-11,MMM,94.872300851444,95.31037304066513,94.59998716672902,94.6591796875,2043605.0
2015-05-12,MMM,93.95474571440838,94.95520660649947,93.54035471567246,94.75985717773438,2230301.0
2015-05-13,MMM,94.97292444408659,95.74843388284496,94.93148212198975,95.49388122558594,3095128.0
2015-05-14,MMM,95.95565587153375,96.67197303530865,95.78398780124564,96.58316802978516,2945150.0
2015-05-15,MMM,96.58314630839392,96.95018530828725,96.2871512969417,96.67195129394531,2300865.0
2015-05-18,MMM,96.49437614416713,96.84364343035784,96.08590551953957,96.41741180419922,2090369.0
2015-05-19,MMM,96.53580830735088,96.84363322419472,96.22797258697926,96.56539916992188,2481820.0
2015-05-20,MMM,96.75901631925694,97.14624964326356,96.4134873871558,96.44923400878906,2365808.0
2015-05-21,MMM,96.44923134234247,96.71730925349355,96.3896645131107,96.5445556640625,2871357.0
2015-05-22,MMM,96.50282178590145,96.70537503582108,95.710492962924,95.90113067626953,2179949.0
2015-05-26,MMM,95.90115436501115,96.10370766496389,94.74543400656684,95.07308959960938,2955436.0
2015-05-27,MMM,95.21011733617084,96.09775989149391,95.03735286704021,95.92499542236328,3140576.0
2015-05-28,MMM,95.52584239231881,95.84754023506237,95.08500001903698,95.83562469482422,1887408.0
2015-05-29,MMM,95.57946336454614,95.78797444914187,94.56671853617419,94.76927185058594,3445078.0
2015-06-01,MMM,94.78115337341602,95.17434436585377,94.46542424629705,94.70967102050781,2279696.0
2015-06-02,MMM,94.29268285139814,95.24584997793035,94.09608730717036,94.76927185058594,2967396.0
2015-06-03,MMM,95.08499546484248,95.61520436451553,94.70968858084622,95.41265106201172,2481102.0
2015-06-04,MMM,95.02540498481612,95.54368734396917,94.17946711005317,94.33435821533203,2676170.0
2015-06-05,MMM,93.82799386928589,94.10798727792265,93.51225384545936,93.57778930664062,2768501.0
2015-06-08,MMM,93.23227636932172,93.77438997164235,93.11313183683673,93.28589630126953,1923886.0
2015-06-09,MMM,93.44077123721678,94.28075146088236,93.29183787949896,93.5182113647461,2165717.0
2015-06-10,MMM,93.50035066973292,95.06117768764418,93.50035066973292,94.74543762207031,2103644.0
2015-06-11,MMM,94.79310531418031,95.53181456106823,94.72162293382078,95.23394775390625,2217623.0
2015-06-12,MMM,95.22795793717269,95.31136670334283,94.05436441650868,94.14968872070312,2284958.0
2015-06-15,MMM,93.57781086300824,93.72078648486129,92.571012867622,92.85696411132812,2814308.0
2015-06-16,MMM,92.63059240727978,93.55398163295776,92.55909915901573,93.22632598876953,2068243.0
2015-06-17,MMM,93.29186597045633,93.88164180973168,92.7854880530045,93.5003662109375,2199922.0
2015-06-18,MMM,93.88161309116133,95.46030232666611,93.762457708085,95.0909423828125,3024564.0
2015-06-19,MMM,94.93606506445217,95.24584736182331,94.68586046728434,94.69181823730469,3931491.0
2015-06-22,MMM,95.22798784694274,95.73436575649812,94.9896987552959,95.12671661376953,1731090.0
2015-06-23,MMM,95.56157561450773,95.83561125787662,95.02541986633744,95.22201538085938,2734534.0
2015-06-24,MMM,95.12670981898209,95.29351651995795,93.85184478759766,93.85184478759766,3424028.0
2015-06-25,MMM,94.03648879572022,94.31649306056069,92.88672637939453,92.88672637939453,3066544.0
2015-06-26,MMM,93.02972310764106,94.11991895497306,92.8927052644275,93.5837631225586,3140098.0
2015-06-29,MMM,92.88672828144472,93.19651052511544,91.69526145866232,91.713134765625,2960100.0
2015-06-30,MMM,92.33866499718117,92.51738721040289,91.78463592085178,91.9216537475586,3062956.0
2015-07-01,MMM,93.01184231715246,93.19056453753261,92.13611539631655,92.72589111328125,2065253.0
2015-07-02,MMM,92.98206271927658,92.98206271927658,92.27908938949287,92.5650405883789,2418790.0
2015-07-06,MMM,91.67741369002806,92.68421169833951,91.6416779379891,92.38634490966797,2597951.0
2015-07-07,MMM,92.42206130388988,92.71397026077383,91.24250993755534,92.5948257446289,3426899.0
2015-07-08,MMM,91.79060935961972,92.04081397773642,90.96849138719568,90.97444915771484,3125507.0
2015-07-09,MMM,92.0944371545028,92.63655080345491,91.5940170288086,91.5940170288086,2474763.0
2015-07-10,MMM,92.18377375004698,92.8509895742646,92.04079815401163,92.30887603759766,2465315.0
2015-07-13,MMM,93.18460476765826,93.39311583226669,92.72588912299362,93.21439361572266,2520211.0
2015-07-14,MMM,93.22632914395547,93.57781588279423,93.1012268271037,93.39909362792969,2166434.0
2015-07-15,MMM,93.27396594112263,93.53012827604186,92.87481714372748,92.93439483642578,2136176.0
2015-07-16,MMM,93.87566638365283,94.09012435477742,93.34545748201161,93.63140869140625,2420584.0
2015-07-17,MMM,93.23227984727862,93.75056238806768,93.19057545420792,93.34546661376953,2905084.0
2015-07-20,MMM,93.39313093806103,93.9173712614178,93.09526415292356,93.60163116455078,2809404.0
2015-07-21,MMM,93.3812033358279,93.63736569384395,92.54122302409566,92.79142761230469,3281704.0
2015-07-22,MMM,92.69016375419793,93.11909059881826,92.0050636593865,92.58292388916016,3668969.0
2015-07-23,MMM,90.50383403069107,91.55827799832915,88.77620540223084,89.0621566772461,6190974.0
2015-07-24,MMM,88.68089057756744,89.83661670915615,88.58557166953716,88.96088409423828,4106586.0
2015-07-27,MMM,88.5498080040337,88.76427141573244,87.98981567688568,88.59150695800781,3728650.0
2015-07-28,MMM,88.67492006309884,90.38467521083292,88.35917996281877,90.02127838134766,3920129.0
2015-07-29,MMM,90.21785814801177,90.36679152509336,89.78297355668099,90.22381591796875,2603572.0
2015-07-30,MMM,89.95570723538971,90.39059167792549,89.55656396444556,90.29527282714844,2534444.0
2015-07-31,MMM,90.86721275907985,91.03401401226435,89.97361248505364,90.15828704833984,1937042.0
2015-08-03,MMM,89.83062376210914,90.42039942199398,88.72851800555266,89.43148040771484,2816700.0
2015-08-04,MMM,89.91404705319955,90.27744933116627,89.42554789521657,89.59831237792969,2167032.0
2015-08-05,MMM,90.46211509028785,91.29018536202824,89.908085942987,89.96170043945312,2111658.0
2015-08-06,MMM,89.89020473651786,90.08679483024034,88.70469553259835,88.91915893554688,2110701.0
2015-08-07,MMM,88.45450106233316,89.36001699126156,88.26386870483773,88.6987533569336,1995765.0
2015-08-10,MMM,89.36000759484835,90.19403562252569,89.29447755897738,90.09871673583984,1879873.0
2015-08-11,MMM,89.36002189907107,89.36002189907107,88.32344582768884,88.45450592041016,2165717.0
2015-08-12,MMM,87.71576195991548,88.59148873654664,87.01875737423454,88.47830200195312,2435893.0
2015-08-13,MMM,88.16851987903873,88.50213318631243,87.62044320391209,87.81108093261719,2144548.0
2015-08-14,MMM,87.96598025940109,88.47235260042274,87.76343241017662,88.33533477783203,1676672.0
2015-08-17,MMM,87.82896705590348,88.94894620874446,87.19152919216928,88.90724182128906,1972084.0
2015-08-18,MMM,88.54385805660795,88.71662252959574,88.09705788378184,88.35322570800781,2039778.0
2015-08-19,MMM,87.70234296252349,88.51217899584385,87.15045198617675,87.50437927246094,3020737.0
2015-08-20,MMM,86.68854500206342,86.90450091517589,85.98668417913434,85.99268341064453,3924913.0
2015-08-21,MMM,86.09464829137363,87.1744331227288,85.13484259336366,85.23682403564453,6508632.0
2015-08-24,MMM,82.25542859176215,85.23683291231026,80.38380536991703,83.13125610351562,8801962.0
2015-08-25,MMM,85.09888839872379,85.21886759013839,82.41742818733555,82.56739807128906,6501336.0
2015-08-26,MMM,83.98310573114905,85.6567712404426,83.10128420477498,85.61477661132812,5456391.0
2015-08-27,MMM,86.23264882391516,86.95250197258964,84.78094406179622,86.3226318359375,4909102.0
2015-08-28,MMM,85.79472165667124,86.5745669833458,85.66274951638822,86.50857543945312,3186264.0
2015-08-31,MMM,85.78272603377071,86.28062392882083,85.19484514054855,85.26683044433594,3007820.0
2015-09-01,MMM,83.67116345972875,84.27704214607202,82.74735282286801,83.08328247070312,4390994.0
2015-09-02,MMM,84.30703817157,84.7269515991211,83.5271926932583,84.7269515991211,3961989.0
2015-09-03,MMM,85.14686515363165,85.72274764068257,84.76894090306652,85.02688598632812,3117015.0
2015-09-04,MMM,83.9470946875824,84.38500572422652,83.47918749483209,83.8871078491211,3822177.0
2015-09-08,MMM,85.2128763927773,86.11269578135482,84.89493889511242,86.04071044921875,2909748.0
2015-09-09,MMM,86.89852630253809,87.19246683480667,84.32504683688546,84.49900817871094,3160789.0
2015-09-10,MMM,84.58297618680425,85.12886799076293,84.07307977538767,84.45100402832031,2429315.0
2015-09-11,MMM,84.34902229143636,84.7809396318247,83.84512511369383,84.73894500732422,2996219.0
2015-09-14,MMM,84.89489907042467,84.9308944564838,84.00107933496729,84.46898651123047,2723531.0
2015-09-15,MMM,84.91889670703722,86.28661738749355,84.60695858691089,86.14264678955078,3218197.0
2015-09-16,MMM,86.08868193972438,86.65856525107348,85.90872138160213,86.50260162353516,2464119.0
2015-09-17,MMM,86.26864223903759,87.31243201754492,85.49479601665206,85.75274658203125,3414700.0
2015-09-18,MMM,84.68494978505215,84.76293432122425,83.50918798468948,83.75513458251953,7805096.0
2015-09-21,MMM,84.28303812345214,84.63097169648053,83.59317568335491,84.00709533691406,2981150.0
2015-09-22,MMM,82.94528078283237,83.08925136129518,82.33340308749032,82.7953109741211,3319259.0
2015-09-23,MMM,83.10127874712052,83.32323392231984,82.09947810567914,82.57938385009766,3210662.0
2015-09-24,MMM,81.96149862956595,82.8013308626305,81.2176486306735,82.53138732910156,3217599.0
2015-09-25,MMM,83.75515954286884,84.05509931387884,83.12528930799967,83.71916961669922,4505571.0
2015-09-28,MMM,82.96328024645965,83.80311228793961,82.96328024645965,83.01126861572266,4148804.0
2015-09-29,MMM,83.15525391679876,85.27882858102988,83.0412794669678,84.91290283203125,5915416.0
2015-09-30,MMM,85.49478561995875,85.92069821521353,84.28302843338733,85.04487609863281,4328683.0
2015-10-01,MMM,85.30883883720183,85.48280564133275,83.73116102940372,84.4630126953125,2973615.0
2015-10-02,MMM,83.43120709528299,85.96269680513389,83.12526816875463,85.9027099609375,3665022.0
2015-10-05,MMM,86.56259551436963,87.94231513383049,86.1606742631719,87.77435302734375,3572691.0
2015-10-06,MMM,87.5763793412005,87.96630208187307,87.22245199524488,87.45640563964844,2699133.0
2015-10-07,MMM,88.02627413652377,89.10605916400284,87.66034838717007,88.50617980957031,2336984.0
2015-10-08,MMM,87.97228812976574,89.71793314186186,87.93629274044348,89.6699447631836,2402525.0
2015-10-09,MMM,89.71794257081915,90.3718150888815,89.56197895528581,89.92190551757812,2743624.0
2015-10-12,MMM,90.13785483250392,90.31782083730393,89.70594298948582,90.01787567138672,1709443.0
2015-10-13,MMM,89.3280319711583,89.98189906414413,89.22005125755625,89.44800567626953,2425010.0
2015-10-14,MMM,89.38199565829122,89.7779175371507,88.89009703054228,88.97407531738281,2703319.0
2015-10-15,MMM,89.76592282144485,89.9098934245385,88.79411851368711,89.49597930908203,3095846.0
2015-10-16,MMM,89.84393101016882,89.84993024302324,88.4702052140512,89.20205688476562,2978399.0
2015-10-19,MMM,88.76410680151709,89.03405574032284,88.32019660748115,88.7821044921875,2397023.0
2015-10-20,MMM,88.45220421833756,89.78394080858486,88.26024519540908,89.44800567626953,2881523.0
2015-10-21,MMM,89.6819728329298,90.81574586460168,89.32204618964188,89.87393188476562,3599840.0
2015-10-22,MMM,90.78572205216673,94.20503780658414,90.37180790686313,93.58116149902344,6113832.0
2015-10-23,MMM,93.90510978677563,94.29502705370855,92.6813539463952,93.4552001953125,3584890.0
2015-10-26,MMM,93.61717194695083,94.0370853915021,93.36521512221618,93.90511322021484,2554776.0
2015-10-27,MMM,93.58116240993219,94.18104179650231,93.02927687748871,94.01907348632812,2356240.0
2015-10-28,MMM,93.87511380954234,94.97889595054242,93.70114701556632,94.82892608642578,3258741.0
2015-10-29,MMM,94.63095580141888,94.72693256669743,94.10905545567641,94.54696655273438,1775582.0
2015-10-30,MMM,94.6609242694859,95.18881274534463,94.30699157714844,94.30699157714844,3195832.0
2015-11-02,MMM,94.48697296086642,96.03465420679635,94.38499697672633,95.93267822265625,3231353.0
2015-11-03,MMM,95.6687537212989,95.86071821422418,95.18284873022456,95.23084259033203,3555469.0
2015-11-04,MMM,95.38079819929676,95.66873942189443,95.14683911374682,95.3268051147461,2695784.0
2015-11-05,MMM,95.60874978033375,95.72873441602508,94.94288978976317,95.37480163574219,2420584.0
2015-11-06,MMM,94.79292364878825,95.53677368164062,94.61895686773747,95.53677368164062,2224560.0
2015-11-09,MMM,95.18282755226326,95.18282755226326,94.03106274598579,94.46297454833984,2895516.0
2015-11-10,MMM,94.31899652780302,94.5649430917743,93.83909091377257,94.53495788574219,2347628.0
2015-11-11,MMM,94.69693989840805,95.67474907341193,94.50498636077265,95.41080474853516,3012604.0
2015-11-12,MMM,94.64894422849507,94.95488313802022,93.67713441676722,93.76112365722656,2757498.0
2015-11-13,MMM,93.58115507998399,94.13304056919984,93.34119677564927,93.3711929321289,2911662.0
2015-11-16,MMM,93.34721858971376,94.93689465875367,93.34721858971376,94.90689849853516,2864420.0
2015-11-17,MMM,94.99689083382064,95.09887779445488,93.89311954582301,94.19905853271484,2862028.0
2015-11-18,MMM,94.30471786961759,95.10176449937944,94.24434239458661,95.03533935546875,2663372.0
2015-11-19,MMM,95.18024445078794,95.71161247972846,94.62473284640501,95.63311004638672,1815767.0
2015-11-20,MMM,95.81424718634699,96.51468627735304,95.60894417356407,95.97727966308594,2261756.0
2015-11-23,MMM,95.94711305954809,96.4724425236427,95.5002860413287,95.79615783691406,1710758.0
2015-11-24,MMM,95.02327363575043,95.60897862569243,94.73344046587056,95.25273132324219,2512318.0
2015-11-25,MMM,95.43989532125482,95.68745787984034,95.18024444580078,95.18024444580078,1416184.0
2015-11-27,MMM,95.10779567240158,95.69953919390126,94.7636147198779,95.39762878417969,1047816.0
2015-11-30,MMM,95.46404693609442,95.68746593805376,94.54021074042163,94.54624938964844,3509303.0
2015-12-01,MMM,94.4435692171994,95.20438373623918,94.2986526906885,94.73944091796875,2701764.0
2015-12-02,MMM,94.72739048786173,94.95080949845399,93.90016162842092,94.01488494873047,2433501.0
2015-12-03,MMM,94.53417958234402,94.73947163345792,92.81328563009453,93.21784210205078,3120962.0
2015-12-04,MMM,93.46541925641182,95.63916794106125,93.33257997730276,95.5365219116211,2602257.0
2015-12-07,MMM,95.1198920386668,95.4036865583644,94.68514228384701,95.25273132324219,2562789.0
2015-12-08,MMM,94.46170061106129,95.31912261487575,94.00279636547778,94.67304229736328,2811078.0
2015-12-09,MMM,94.29864903979775,95.54856091970625,93.55595049275512,94.2261962890625,3182317.0
2015-12-10,MMM,94.0330122072541,95.82032042923367,93.94848212407817,95.11385345458984,3051235.0
2015-12-11,MMM,93.92430500979975,94.43754607488796,93.24198178001913,93.48955535888672,3017747.0
2015-12-14,MMM,93.76731084004311,95.26478552785669,93.19368328953445,95.18024444580078,4140791.0
2015-12-15,MMM,91.77468646900928,92.39662311746176,88.80992526487803,89.44393920898438,10340496.0
2015-12-16,MMM,89.45604108250187,90.89917362504772,89.2084729827244,90.54291534423828,5709824.0
2015-12-17,MMM,90.66366178077604,91.09237273647872,89.86661533078426,89.87869262695312,3652464.0
2015-12-18,MMM,89.4922505298621,89.72774128609186,88.61671263671606,88.71332550048828,6860734.0
2015-12-21,MMM,89.11185650761142,89.56472214250424,88.57446080275577,89.05147552490234,2732142.0
2015-12-22,MMM,89.4379024785305,90.26513664168739,88.93069461820099,89.9511489868164,3024325.0
2015-12-23,MMM,90.38590831443173,91.52713025535009,90.28326230755047,91.27352905273438,2649499.0
2015-12-24,MMM,91.06823537250256,91.65998442871722,90.92331881049142,91.2916488647461,1014686.0
2015-12-28,MMM,91.25542634113292,91.64187235942293,90.73614105366354,91.30976867675781,1525139.0
2015-12-29,MMM,91.90149132233081,92.54154394399147,91.78072937961372,92.31813049316406,2182341.0
2015-12-30,MMM,92.25776483636264,92.80723782762348,91.61771210845482,91.72640228271484,1857508.0
2015-12-31,MMM,91.61771211576873,91.8532029019206,90.95351030108503,90.95954895019531,1922092.0
2016-01-04,MMM,89.3956660799935,89.55869309787673,87.79553956315861,88.65296173095703,3919531.0
2016-01-05,MMM,88.65295978684334,89.06356042178486,87.9223382633264,89.0394058227539,3214968.0
2016-01-06,MMM,87.9102574624719,88.01290899454806,86.59996969213445,87.24605560302734,3584532.0
2016-01-07,MMM,86.056506889934,86.42483686382863,84.91528508079396,85.1205825805664,4249986.0
2016-01-08,MMM,85.35608098841669,86.0444373244894,84.66773016205973,84.83075714111328,3186144.0
2016-01-11,MMM,85.12059613171611,85.3983574506203,84.1786385341953,84.81265258789062,3319498.0
2016-01-12,MMM,85.35607907814618,85.83309923687457,84.00955967839529,85.05416870117188,2826746.0
2016-01-13,MMM,85.07227311099446,85.8572421885783,83.65329563356049,83.7619857788086,3107567.0
2016-01-14,MMM,84.377893585452,86.00821300245764,83.84653107697633,85.24739837646484,4449598.0
2016-01-15,MMM,83.50839807822416,84.59527222896544,82.85023493891003,83.74388885498047,5601466.0
2016-01-19,MMM,84.59526056004358,85.0179383740141,82.9709854519926,83.56272888183594,4066161.0
2016-01-20,MMM,82.6932487651208,83.17630215150349,81.29841992169271,82.69928741455078,4947015.0
2016-01-21,MMM,82.69929671796669,83.73182875061862,82.2101991174154,83.1823501586914,4012819.0
2016-01-22,MMM,84.61941716151816,84.79452693930082,83.3755493016467,84.24504852294922,3563004.0
2016-01-25,MMM,83.90692329975126,84.15448587026796,83.0434570982987,83.06761169433594,3355378.0
2016-01-26,MMM,85.61574149289405,87.56608203536607,84.73416477950836,87.4211654663086,6134404.0
2016-01-27,MMM,87.52381146617049,89.34735138767653,86.98037708720338,87.8861083984375,4301294.0
2016-01-28,MMM,88.25443080604065,89.26884670108443,87.68683636857403,88.95486450195312,3668610.0
2016-01-29,MMM,89.51036470443233,91.17691040039062,89.36544816649818,91.17691040039062,4775867.0
2016-02-01,MMM,90.16851995110136,90.44628121614188,89.42582138119019,89.80622863769531,3230994.0
2016-02-02,MMM,89.1178856457948,89.53452485048315,88.1880053879964,89.28695678710938,4283833.0
2016-02-03,MMM,90.18663636355554,92.2939701496925,89.94510698345617,92.09471130371094,6897093.0
2016-02-04,MMM,92.03435303347545,93.21783461548594,91.6479070319548,92.6502456665039,4136246.0
2016-02-05,MMM,92.50531773025617,92.91591276845531,91.67204484718641,92.66835021972656,4028726.0
2016-02-08,MMM,91.55731768297228,93.24801246198138,91.18294904171812,92.92798614501953,2996458.0
2016-02-09,MMM,92.3543701510266,94.05110929942701,92.05245974110906,93.43521118164062,3550206.0
2016-02-10,MMM,93.9217546534736,94.56643184134613,92.51685362349767,92.7175521850586,3482632.0
2016-02-11,MMM,91.1727593869434,92.44386123021594,90.619310899394,91.63497924804688,3805911.0
2016-02-12,MMM,91.63498257631812,93.70280746959321,91.63498257631812,93.63590240478516,2741471.0
2016-02-16,MMM,94.26842829252946,94.81578904930662,93.81837290834265,94.59076690673828,2560158.0
2016-02-17,MMM,94.87659414924313,95.56383610678014,94.63331411456471,95.253662109375,2578696.0
2016-02-18,MMM,95.08946688410221,95.46653486046009,94.85835139616472,95.35098266601562,2404199.0
2016-02-19,MMM,95.48479461329427,95.53953512814354,94.79754143416484,95.1502914428711,2537075.0
2016-02-22,MMM,95.15028544624295,96.38489929985612,95.15028544624295,95.91051483154297,2640290.0
2016-02-23,MMM,95.86794960244573,95.90444328079431,94.37181978065946,94.9800033569336,2299669.0
2016-02-24,MMM,94.17111983092317,95.86186028161492,93.4412907137601,95.61859130859375,2317609.0
2016-02-25,MMM,95.81319697778265,96.7011430082321,95.49085842854248,96.69506072998047,2054848.0
2016-02-26,MMM,96.79237540173153,97.00524406198454,96.1416270613961,96.2571792602539,2205065.0
2016-02-29,MMM,96.09905133525615,96.77412879252604,95.37531564717438,95.40571594238281,2383867.0
2016-03-01,MMM,96.54909659734713,97.1268686317465,95.8557612768296,97.05997467041016,2636104.0
2016-03-02,MMM,96.62816952222381,97.23635303838611,96.42139423012031,96.95050811767578,2161411.0
2016-03-03,MMM,96.95051307365512,97.12080579877164,96.4031523207485,96.93226623535156,2303496.0
2016-03-04,MMM,96.98092423503932,97.48572012972706,96.65250334447381,97.35192108154297,2112495.0
2016-03-07,MMM,97.29718119877451,97.65601348876953,96.19636631000256,97.65601348876953,2407309.0
2016-03-08,MMM,96.94442782496654,97.68032811875378,96.91401642872539,97.43097686767578,2416040.0
2016-03-09,MMM,97.61342176674579,97.78371446505,97.0174028722052,97.36405944824219,2252068.0
2016-03-10,MMM,97.7776465575021,97.79589339561456,96.26326998466669,97.24243927001953,2243337.0
2016-03-11,MMM,98.00265768696138,98.55611175038398,97.70464822936796,98.45271301269531,2029851.0
2016-03-14,MMM,98.28851828621346,98.99401833046181,97.91753252416258,98.41016387939453,2089771.0
2016-03-15,MMM,97.40664959571109,98.8298030753061,96.91401826442242,98.77506256103516,2186168.0
2016-03-16,MMM,98.50134817709997,99.31631783515712,98.2337501756052,99.06695556640625,2305529.0
2016-03-17,MMM,99.23121739718063,99.96103555190527,99.03659552290344,99.59004974365234,3336840.0
2016-03-18,MMM,99.83325779408591,100.55091094970703,99.68121197557876,100.55091094970703,7000188.0
2016-03-21,MMM,100.38066517315724,100.53879332471918,99.99142152359754,100.25293731689453,2505740.0
2016-03-22,MMM,100.04616572301993,100.65434923621822,99.97926065298637,100.29551696777344,2566975.0
2016-03-23,MMM,100.10696587705449,100.34416363533121,99.41364163549947,99.9062728881836,2756780.0
2016-03-24,MMM,99.54744326782647,100.07048592617163,99.16429301618227,100.0218276977539,2235085.0
2016-03-28,MMM,100.30767861531295,101.35375289577394,100.09482105129975,101.12873077392578,2794693.0
2016-03-29,MMM,100.3076688784403,100.34416254840266,99.20685419457824,99.979248046875,3019900.0
2016-03-30,MMM,100.57525955824006,101.7004032729784,100.44754282177676,101.41455841064453,2625579.0
2016-03-31,MMM,101.4145782301891,101.87071586329984,101.26253235248551,101.34159088134766,2125531.0
2016-04-01,MMM,100.73340647231913,102.01667855227647,100.222539431182,101.88896179199219,2405874.0
2016-04-04,MMM,101.63350677201477,101.86462225191859,100.90977113843226,101.20169830322266,2419269.0
2016-04-05,MMM,100.45971889665151,101.29293556671446,100.1373803300683,100.84288024902344,1934410.0
2016-04-06,MMM,100.55704072002436,101.6152796726841,100.25294893938592,101.45108032226562,2502271.0
2016-04-07,MMM,100.88547926201464,101.7065316529458,100.50232887894826,101.66395568847656,3263047.0
2016-04-08,MMM,101.99843262472294,102.16872533963686,101.01925228873014,101.34159088134766,2068243.0
2016-04-11,MMM,101.6396146388853,102.15049285540971,101.30511144112711,101.31727600097656,1819236.0
2016-04-12,MMM,101.57267579949684,102.41804574137338,101.52401758158875,102.19302368164062,1957254.0
2016-04-13,MMM,102.46063887224513,102.72215463928441,101.9984190217082,102.53361511230469,1848896.0
2016-04-14,MMM,102.78298811511038,102.78298811511038,102.10181727543196,102.27210998535156,1451226.0
2016-04-15,MMM,102.36941906991731,102.78299185149164,102.29644281961268,102.6491928100586,1694732.0
2016-04-18,MMM,102.46065094262637,103.31210340489815,102.41199271082255,103.11749267578125,1371334.0
2016-04-19,MMM,103.34248645025328,103.85944672420575,102.8255261763008,103.17827606201172,2211524.0
2016-04-20,MMM,103.47632378930126,103.66486335662339,102.55188389042218,102.74650573730469,1721881.0
2016-04-21,MMM,102.76477251405818,103.2087457109547,102.42418699069711,102.57623291015625,1955460.0
2016-04-22,MMM,102.8377487838913,103.24523939539749,102.08360146733602,102.57623291015625,2155551.0
2016-04-25,MMM,102.17477944621879,102.48495339517231,101.34764521599398,102.4058837890625,2844447.0
2016-04-26,MMM,101.87072995255264,102.04710497093028,100.33202412549545,101.06792449951172,3817752.0
2016-04-27,MMM,101.56055972573692,102.40593007115753,101.01927009025891,102.02886199951172,2664329.0
2016-04-28,MMM,101.4753933133404,102.6431132404849,101.08007845771868,101.5666275024414,1979021.0
2016-04-29,MMM,101.55443008049564,102.04097896776929,101.26250296794068,101.79769897460938,2345595.0
2016-05-02,MMM,101.7490523026162,102.4788700872127,101.53010141771415,102.38155364990234,2033559.0
2016-05-03,MMM,101.80382801631978,102.21738976590453,101.35985486623957,102.15657806396484,2298951.0
2016-05-04,MMM,101.18348881519479,101.99237664484903,101.13484166913935,101.66395568847656,2533248.0
2016-05-05,MMM,101.84637258347048,102.37548639279056,101.68216217046303,102.034912109375,2009519.0
2016-05-06,MMM,102.07752275502378,102.81343435413613,101.5666555511757,102.71611785888672,1949719.0
2016-05-09,MMM,102.53361556916929,102.81338927127996,101.98625491961597,102.49105072021484,1556355.0
2016-05-10,MMM,102.92284047645651,103.6283291341857,102.78295920034681,103.54927062988281,2072190.0
2016-05-11,MMM,103.51277456470635,104.163533811754,103.12961330930692,103.25125885009766,2136534.0
2016-05-12,MMM,103.30600114151264,103.77430323488446,102.63700607887225,103.48237609863281,2083312.0
2016-05-13,MMM,103.42159835212871,103.6222913872443,102.06533875037084,102.36943054199219,2243576.0
2016-05-16,MMM,102.47889777955281,103.33035024182459,102.43632182672445,103.11749267578125,2184135.0
2016-05-17,MMM,103.12963443438727,103.35466763190024,101.62134041008005,102.05924224853516,2542696.0
2016-05-18,MMM,101.93680673593464,102.81229709451664,101.48375460915574,102.1327133178711,1942782.0
2016-05-19,MMM,101.24498125788175,101.667430678731,99.89807038422937,101.08580017089844,1982131.0
2016-05-20,MMM,101.17148687335293,101.91840983666832,100.97556917336736,101.02455139160156,2088814.0
2016-05-23,MMM,101.18987501321361,101.97353479360686,100.7245773677599,101.6980209350586,1977586.0
2016-05-24,MMM,102.34086336862644,103.33880917779011,102.05923791725293,103.2408447265625,1946370.0
2016-05-25,MMM,103.4673911500394,104.30002206688008,103.31433284605131,104.07350158691406,2224560.0
2016-05-26,MMM,104.08572281218011,104.55102039444603,103.17961875823363,103.41226196289062,1870424.0
2016-05-27,MMM,103.41229286119759,103.48576621490656,103.02659127309123,103.4000473022461,1314524.0
2016-05-31,MMM,103.6632813982789,103.9265496841771,102.6469784422212,103.0510482788086,2594842.0
2016-06-01,MMM,102.7204824957573,103.42454632450102,102.29803302555497,103.2776107788086,1468927.0
2016-06-02,MMM,103.28984662946486,103.28984662946486,102.40823343818178,102.87965393066406,2368678.0
2016-06-03,MMM,102.88574686943905,103.25920278371521,102.55513922535732,103.08777618408203,1714466.0
2016-06-06,MMM,103.37553234892508,104.44081752139441,103.21635129221345,104.12857818603516,1806797.0
2016-06-07,MMM,104.23267938006691,104.99184809696789,104.21431104341356,104.63674926757812,2060828.0
2016-06-08,MMM,104.66120356076738,105.2611909885367,104.47753143180834,104.9489517211914,2015140.0
2016-06-09,MMM,104.38573421393392,104.9795990541944,103.71227325081794,104.1592025756836,2641725.0
2016-06-10,MMM,103.63268944858666,103.65105778483365,102.78167906724546,103.19800567626953,2539586.0
2016-06-13,MMM,103.13062998123115,103.2469515761653,102.31023369353264,102.32247924804688,2547360.0
2016-06-14,MMM,102.42046458847452,102.73882672492117,101.99801521741226,102.61637115478516,2417594.0
2016-06-15,MMM,102.8245041225823,103.38163211056016,102.53063318684121,102.73267364501953,2026263.0
2016-06-16,MMM,102.45720827599754,104.31839919704403,102.01027888451729,104.03677368164062,3147992.0
2016-06-17,MMM,104.07346517254737,104.07958794948277,103.11225623139323,103.43061828613281,4123808.0
2016-06-20,MMM,104.63062396438781,105.79386254073584,104.4041034970365,104.8326644897461,2586709.0
2016-06-21,MMM,104.80206672575257,105.28573280153198,104.72859336960377,104.91838836669922,2259364.0
2016-06-22,MMM,105.19999769508836,105.67141813895509,104.68572897301841,104.8326644897461,1638042.0
2016-06-23,MMM,105.73873400872111,106.62034681980123,105.58567576348011,106.59585571289062,2417834.0
2016-06-24,MMM,103.38778948253305,105.02245967914963,103.10004122720748,103.54084777832031,5462730.0
2016-06-27,MMM,102.72047457259075,102.75107729699259,101.11641808063138,102.3592529296875,3042744.0
2016-06-28,MMM,102.94086968864434,103.87758788639015,102.83067083389629,103.82860565185547,2675811.0
2016-06-29,MMM,104.70409916292897,105.2122451152585,104.30001810505848,105.01021575927734,2265344.0
2016-06-30,MMM,105.34078991593717,107.22647132413138,105.34078991593717,107.21422576904297,2929482.0
2016-07-01,MMM,107.22650855899892,107.8020051561909,107.08569579953611,107.47139739990234,2309356.0
2016-07-05,MMM,107.05503841597155,107.61830039798424,106.22853053392907,107.52645874023438,2814906.0
2016-07-06,MMM,107.26325302231452,107.42855691245674,106.56530078105703,107.23876190185547,2850427.0
2016-07-07,MMM,107.19585478564716,107.5325851963482,106.60811284774425,107.06116485595703,2203391.0
2016-07-08,MMM,107.67345947374797,108.84894402172456,107.6428455692782,108.43875122070312,3261014.0
2016-07-11,MMM,108.6162676645311,109.26523755011357,108.48157769877982,108.98361206054688,1984762.0
2016-07-12,MMM,109.43665627043836,109.97541609445494,108.99583855793837,109.68766784667969,2287828.0
2016-07-13,MMM,109.72439212604202,109.99989478552428,109.39990724337984,109.71826934814453,1783834.0
2016-07-14,MMM,110.29380049587813,111.01010987059519,110.1284966135656,110.75297546386719,2277543.0
2016-07-15,MMM,111.12030219034082,111.32845432528283,110.54479449744075,111.05907440185547,2960339.0
2016-07-18,MMM,111.08354837139758,111.24272942393567,110.66111021491466,110.88150787353516,1464382.0
2016-07-19,MMM,110.88152448080201,111.21213219120187,110.37949013638172,110.96112060546875,1257355.0
2016-07-20,MMM,111.26112219321159,111.59172992670398,111.0100994169908,111.07132720947266,1690307.0
2016-07-21,MMM,110.99171242314354,111.15701626210455,110.01826889698758,110.36112213134766,2237477.0
2016-07-22,MMM,110.45907554950348,110.52641493704503,109.81010574927734,110.47132110595703,1441898.0
2016-07-25,MMM,110.32440178442464,110.45909175221772,109.54074192121114,109.97542572021484,2316652.0
2016-07-26,MMM,108.46932382329369,109.5835913110088,107.83872232316193,108.76931762695312,4092234.0
2016-07-27,MMM,108.61626627687825,109.55298441909225,108.61626627687825,109.14279174804688,2822201.0
2016-07-28,MMM,108.76319233417988,109.20399886163528,108.38361359093493,108.9652328491211,2152202.0
2016-07-29,MMM,109.04484816394199,109.47953203403307,108.74485428367095,109.19790649414062,1939792.0
2016-08-01,MMM,108.41419857629279,109.3080570418333,108.41419857629279,109.15499877929688,1911686.0
2016-08-02,MMM,109.33259648396064,109.35708760446546,108.51221098478811,109.19790649414062,2529660.0
2016-08-03,MMM,109.41826915934892,109.66928069251861,108.95909436282639,109.2101058959961,1697483.0
2016-08-04,MMM,109.56519680606469,109.84682220677114,108.7570460935955,108.86112213134766,1281873.0
2016-08-05,MMM,109.130562810935,109.59586056343083,108.5917916998028,109.32646942138672,2152202.0
2016-08-08,MMM,109.52849068589897,109.60196403158945,109.14278913988603,109.33257293701172,1587929.0
2016-08-09,MMM,109.20398674432137,109.52847161872525,108.9407296473341,109.21623229980469,1314284.0
2016-08-10,MMM,109.05093125351564,109.4978605211932,108.88562742322917,109.4794921875,1466655.0
2016-08-11,MMM,109.63868321415879,110.87539507839097,109.51623881801719,110.81417846679688,2443906.0
2016-08-12,MMM,111.1019337609909,111.1019337609909,110.14072452029828,110.36725616455078,1474548.0
2016-08-15,MMM,110.8141679700417,111.05293396125327,110.48356031070848,110.5447769165039,1516767.0
2016-08-16,MMM,110.27544268473979,110.40400990037848,109.71831435931975,109.74280548095703,1630866.0
2016-08-17,MMM,110.0692697362538,110.94405429592067,109.8536484398928,110.80852508544922,1624766.0
2016-08-18,MMM,110.70382217840117,110.70382217840117,110.01384288913556,110.38347625732422,1301128.0
2016-08-19,MMM,110.06309504139276,110.75306286682599,109.70578364956407,110.6483383178711,1561139.0
2016-08-22,MMM,110.38345168221018,110.63602730727658,109.8844501190226,110.31568145751953,1598334.0
2016-08-23,MMM,110.64835810315942,111.2212796242566,110.44506989781249,110.74693298339844,1430177.0
2016-08-24,MMM,110.5251235961914,110.86395217863758,110.27870894126889,110.5251235961914,1359972.0
2016-08-25,MMM,110.32801970645134,111.08575793678926,110.30337598472104,110.6298828125,1004999.0
2016-08-26,MMM,111.00564229160358,111.65865574248961,110.2232605847547,110.5251235961914,1584341.0
2016-08-29,MMM,110.80237060646975,111.3198550023197,110.44507039172454,111.19664764404297,1257953.0
2016-08-30,MMM,111.33219918165686,111.51700463483418,110.63605891758948,110.98104858398438,1243601.0
2016-08-31,MMM,110.57443742177568,110.74693221842945,110.01382652200769,110.42042541503906,1956656.0
2016-09-01,MMM,110.46355238911167,110.99335869516618,110.14936741236897,110.87631225585938,1309979.0
2016-09-02,MMM,111.21512421215115,111.8065397952091,110.94406576319142,111.38761901855469,1577524.0
2016-09-06,MMM,111.23361039161055,111.67716366048576,110.81470084476854,111.17201232910156,1588408.0
2016-09-07,MMM,110.91325599714337,111.22128001382313,110.6052319804636,110.73461151123047,1355307.0
2016-09-08,MMM,110.38962614555949,111.01799606307745,110.23561413131634,110.95022583007812,1703104.0
2016-09-09,MMM,110.20480813832594,110.27257837050024,108.20265197753906,108.20265197753906,2491627.0
2016-09-12,MMM,107.80838225128963,109.90294104628263,107.61740466468187,109.71812438964844,2288307.0
2016-09-13,MMM,108.93572617701045,109.41008398619655,108.39360939083848,108.467529296875,2230062.0
2016-09-14,MMM,108.39976795777396,109.25606962172697,107.93157108784088,108.1903076171875,2230301.0
2016-09-15,MMM,108.13490798278971,109.04049739198233,108.03017215490594,108.78791046142578,1989905.0
2016-09-16,MMM,108.35051477596457,108.3936412920116,107.43260353269649,107.84535217285156,4017125.0
2016-09-19,MMM,108.45519834221652,109.62569606566662,108.45519834221652,108.86795806884766,2098860.0
2016-09-20,MMM,109.47787307547635,109.9645528266484,109.24376897377257,109.41010284423828,1911926.0
2016-09-21,MMM,109.58259180935563,110.7654003873935,109.3484989626909,110.63603210449219,2104960.0
2016-09-22,MMM,110.78387412532452,111.91124548576462,110.67298864083634,110.79619598388672,2211404.0
2016-09-23,MMM,110.51897274352743,110.70378937285389,109.15750860368892,109.28071594238281,2285556.0
2016-09-26,MMM,108.94809274141338,108.9850583308859,108.30123989594759,108.3936538696289,2177916.0
2016-09-27,MMM,108.18415202362772,109.05894776004355,108.16566923596702,108.60922241210938,2910586.0
2016-09-28,MMM,108.90495553574385,109.64421096347158,108.84950716269918,109.40394592285156,2026024.0
2016-09-29,MMM,109.33620538634626,109.4286081144436,107.72831472239388,108.03633880615234,2216906.0
2016-09-30,MMM,108.7817187442636,109.1328692296986,108.47985569329576,108.56610870361328,2893602.0
2016-10-03,MMM,108.01164824363259,108.39360333830244,107.43872684419846,107.83299255371094,2135578.0
2016-10-04,MMM,107.55580314084405,107.7899072541917,105.46740512484095,105.76310729980469,3787612.0
2016-10-05,MMM,105.75076350052815,106.30520215292108,105.5536250105916,106.20047760009766,2757378.0
2016-10-06,MMM,105.9170895272183,106.15734326083685,105.09774222481369,105.73843383789062,2718986.0
2016-10-07,MMM,105.89864355299103,105.92328727630212,104.75280035962149,105.54749298095703,2689924.0
2016-10-10,MMM,105.86168188563217,106.42229288398234,105.30724306091267,105.43045043945312,2316174.0
2016-10-11,MMM,104.87600311478214,105.01769327500624,103.92112633397802,104.53101348876953,2390445.0
2016-10-12,MMM,104.48170239497885,104.83901380122722,104.044310152197,104.55563354492188,1858704.0
2016-10-13,MMM,104.03199370724133,104.91911133986206,103.77941808360265,104.7404556274414,2295961.0
2016-10-14,MMM,105.33799524637533,105.58440988071486,104.91291370041414,104.931396484375,1808830.0
2016-10-17,MMM,105.06080523596748,105.39962264191693,104.69117193893041,104.85750579833984,1470123.0
2016-10-18,MMM,105.76313497992068,105.90482517406643,104.62960218417791,104.69737243652344,1417978.0
2016-10-19,MMM,105.22099571128373,105.30723749893457,104.51869457831901,104.6727066040039,1392383.0
2016-10-20,MMM,104.46322051602513,104.93757833790407,104.10592034924073,104.64187622070312,1447758.0
2016-10-21,MMM,103.56377690095866,104.4570440489042,103.32352318243478,104.42008972167969,2407787.0
2016-10-24,MMM,106.36066948206745,106.84734924326989,105.28258538816402,105.51052856445312,3191526.0
2016-10-25,MMM,104.40164257466176,104.66037916640352,101.71566804308904,102.40564727783203,4576135.0
2016-10-26,MMM,102.07297770253702,103.36668312334211,101.90048289692477,102.57814025878906,2601180.0
2016-10-27,MMM,102.79988045303126,102.84916788059765,101.82037152814043,102.11607360839844,1777734.0
2016-10-28,MMM,102.6027798631658,102.99088472829105,101.73414493966496,102.12226104736328,2313423.0
2016-10-31,MMM,102.54732955437204,102.59661699380159,101.75878673636349,101.83271789550781,2737764.0
2016-11-01,MMM,101.89430268748974,102.14688953911127,100.93942612828639,101.18585205078125,2936898.0
2016-11-02,MMM,101.46307969186904,102.49187624233717,100.97639997869095,102.09761047363281,2671146.0
2016-11-03,MMM,102.35019049021177,103.27426251912193,101.80807362968609,102.77526092529297,2995980.0
2016-11-04,MMM,103.00934541674236,103.40361112731911,102.52266577531668,102.55963134765625,2305290.0
2016-11-07,MMM,103.58845741317367,104.66038062001493,103.48373283745678,104.56797790527344,2309356.0
2016-11-08,MMM,104.66651563718497,105.99101418095474,104.59259573220763,105.36265563964844,2339017.0
2016-11-09,MMM,102.16537076646217,105.34418564565551,102.16537076646217,104.96839141845703,4376523.0
2016-11-10,MMM,104.82672907269873,107.60510674254364,104.59879709811678,107.36485290527344,3922880.0
2016-11-11,MMM,107.22312756961077,107.88846303608054,107.0260002957162,107.85765838623047,2234367.0
2016-11-14,MMM,107.950085884523,108.12258070276017,105.8986421004812,106.5208511352539,3117972.0
2016-11-15,MMM,106.67483643070884,107.34633274316431,105.90477649363346,107.34017181396484,2603812.0
2016-11-16,MMM,107.34018169191559,107.4021859923696,106.37298249275344,106.64579010009766,2419030.0
2016-11-17,MMM,106.64579039494916,107.41458714943744,106.64579039494916,107.11698913574219,2133305.0
2016-11-18,MMM,106.95577504211856,107.43317414947322,106.81937691353893,107.23477172851562,2046476.0
2016-11-21,MMM,106.27999093671524,106.6271924016462,105.8459947628784,106.34199523925781,2384704.0
2016-11-22,MMM,106.43498700401126,106.68918200706936,106.19319286106851,106.58378601074219,1857747.0
2016-11-23,MMM,106.68916363002724,107.10456974303199,106.49077253166081,106.79457092285156,1767568.0
2016-11-25,MMM,106.76980168969646,107.87339918304674,106.76980168969646,107.56340026855469,1131177.0
2016-11-28,MMM,107.60678162674772,107.73699066262864,106.81319443882487,106.94959259033203,2006529.0
2016-11-29,MMM,106.97439055895711,107.43937755503421,106.73258510117135,107.11698913574219,1773907.0
2016-11-30,MMM,106.76358306768697,107.3773803612119,106.38537947799952,106.47838592529297,3104577.0
2016-12-01,MMM,106.41640733116621,107.09840951743875,106.29861045079453,107.03020477294922,2101252.0
2016-12-02,MMM,106.96820090110785,107.68739428752203,106.78839972584066,106.90619659423828,2238314.0
2016-12-05,MMM,107.03018991671732,107.22859237667392,106.07539151432799,106.40399169921875,2608835.0
2016-12-06,MMM,106.5279687675395,106.65817778240537,106.16217738401511,106.51557922363281,1755130.0
2016-12-07,MMM,106.87518557688809,109.15677416064146,106.62099056911417,109.15057373046875,3784503.0
2016-12-08,MMM,109.16916329110248,109.33656357312542,108.35697491366614,109.045166015625,2141677.0
2016-12-09,MMM,108.72274702150223,110.89893898705812,108.68554445106358,110.66334533691406,3169878.0
2016-12-12,MMM,110.51461163903163,111.4817998390991,110.09300488769607,111.37640380859375,2746136.0
2016-12-13,MMM,111.33292797808197,111.6367263214498,109.59694391006566,110.87413024902344,3239486.0
2016-12-14,MMM,111.07879738070088,111.22139599293827,109.37380315079997,109.4916000366211,2672103.0
2016-12-15,MMM,109.9007699608653,110.09916107801868,108.53056554160706,109.13197326660156,2458498.0
2016-12-16,MMM,109.46675045991202,110.66955446273637,109.46055003101829,110.0185546875,4652081.0
2016-12-19,MMM,110.11778494340882,110.77498535468332,109.93798376347006,110.45878601074219,1652872.0
2016-12-20,MMM,110.57040168469786,111.18419918680397,110.39680090540989,110.76260375976562,1648327.0
2016-12-21,MMM,110.73159383564644,111.30820002041818,110.61999738344959,110.6261978149414,1860856.0
2016-12-22,MMM,110.91134416913341,111.26474597278163,110.34715042074656,111.10354614257812,1465818.0
2016-12-23,MMM,111.03533110972154,111.1593283565134,110.68812976698453,110.82453918457031,874396.0
2016-12-27,MMM,110.76876230372717,111.1035628718428,110.7129584374904,110.92996215820312,778596.0
2016-12-28,MMM,110.90515720745164,111.25855905401265,110.37196553756172,110.4091567993164,1540328.0
2016-12-29,MMM,110.53936437179283,111.06636697398815,110.37816450762217,110.61376953125,1317992.0
2016-12-30,MMM,110.9795511534366,111.27714910533555,110.53934333971216,110.71294403076172,1906663.0
2017-01-03,MMM,110.8741558883934,111.59956087513581,109.87596594992007,110.39055633544922,3001123.0
2017-01-04,MMM,110.3781822155571,110.91758576419828,110.11778674498827,110.5579833984375,1844232.0
2017-01-05,MMM,110.52076478248759,111.06635731243344,109.67136252583963,110.17976379394531,1731569.0
2017-01-06,MMM,109.91934513148361,110.73154472340163,108.99554913686458,110.50215148925781,1943500.0
2017-01-09,MMM,110.58896549998403,110.5951659298092,109.8635717837043,109.90697479248047,1940630.0
2017-01-10,MMM,109.9627943422417,110.04339994975763,109.31179430938977,109.47919464111328,2428000.0
2017-01-11,MMM,109.5101841496729,110.6385833219783,109.36138512917746,110.2913818359375,1889202.0
2017-01-12,MMM,109.72097729461115,110.1735747447286,108.96458140106343,110.01237487792969,1580873.0
2017-01-13,MMM,110.09916587098994,110.30376874127967,109.63416757644272,109.98136901855469,1513538.0
2017-01-17,MMM,109.73958747365955,110.16118280764685,109.27458912576563,109.90078735351562,1862770.0
2017-01-18,MMM,110.29754269023474,111.25234077692456,109.9751430424005,110.66334533691406,2158302.0
2017-01-19,MMM,111.13456028908357,111.47554995761362,110.2107642086242,110.78115844726562,1751422.0
2017-01-20,MMM,111.10354180982033,111.26474163373744,110.25413969138965,110.66334533691406,2107232.0
2017-01-23,MMM,110.30376284958191,110.9733639786532,109.82016329132513,110.67576599121094,2376213.0
2017-01-24,MMM,110.04958060375483,110.21078047516124,108.13998386781026,109.10098266601562,4153947.0
2017-01-25,MMM,109.79539749612351,110.75019606599695,109.4729976851362,109.57220458984375,4141270.0
2017-01-26,MMM,109.31176093222128,109.88216649804582,109.14436065161163,109.62796020507812,2674136.0
2017-01-27,MMM,110.03717803955077,110.34717691709763,109.63417270994775,110.03717803955078,1941945.0
2017-01-30,MMM,109.89457875324983,110.19217676860578,108.41897822201094,108.75997924804688,2180428.0
2017-01-31,MMM,108.33840072508211,108.78479781725494,107.7617945807022,108.38799285888672,2207218.0
2017-02-01,MMM,108.60494995117188,108.99554299594453,108.06554662498067,108.60494995117188,2718388.0
2017-02-02,MMM,107.96017827003023,108.36318358931514,107.60058727524685,107.99118041992188,3715733.0
2017-02-03,MMM,107.89198102406326,108.68556814519249,107.7865737181743,108.52436828613281,3373318.0
2017-02-06,MMM,107.95400271219425,109.24360192757896,107.8176045358987,108.56159973144531,1940869.0
2017-02-07,MMM,109.16917054703441,109.36757298977663,108.59257582321666,108.97077941894531,1491890.0
2017-02-08,MMM,108.88398730745423,110.11158207090935,108.80339302287148,109.7829818725586,2566257.0
2017-02-09,MMM,109.65896121188719,110.70055414678498,109.65896121188719,110.47116088867188,2403601.0
2017-02-10,MMM,110.54555342917301,111.3391518084739,110.47736002133934,110.97956085205078,1665310.0
2017-02-13,MMM,111.512763185614,112.45516064404829,111.14077133496033,112.2319564819336,2308041.0
2017-02-14,MMM,112.13273969303253,112.83954331039784,112.0025420042155,112.59153747558594,2434936.0
2017-02-15,MMM,112.51356578019328,113.4683414364854,112.41996501301055,113.38722229003906,2108428.0
2017-02-16,MMM,113.4183826350275,114.48548107839038,113.33725213150548,114.45427703857422,2588144.0
2017-02-17,MMM,114.46678766840125,114.5728700423292,113.90514897435884,114.16725158691406,2345954.0
2017-02-21,MMM,114.067369574937,114.58532247021259,113.59934314330312,114.42931365966797,2076615.0
2017-02-22,MMM,114.4480865237635,116.1454617639659,114.24839196952182,116.09553527832031,3409676.0
2017-02-23,MMM,116.01444252332834,116.98170007273988,115.88963766915921,116.8132095336914,2872314.0
2017-02-24,MMM,116.58222407095742,117.57444413010435,116.25772485872075,116.95040893554688,2543055.0
2017-02-27,MMM,117.00661663246933,117.0378206836833,116.30770282697571,116.63844299316406,1666985.0
2017-02-28,MMM,116.52611797383591,117.0066148016532,116.26401533607958,116.28897857666016,2310792.0
2017-03-01,MMM,117.3685475908608,118.90367285376786,117.32486192409637,118.47933197021484,2662535.0
2017-03-02,MMM,118.22973769494469,118.62911539212958,117.96139423836574,118.4980697631836,2109744.0
2017-03-03,MMM,118.49806022213276,118.71646579001079,117.6556078348256,118.13611602783203,1946370.0
2017-03-06,MMM,117.89901723397561,118.09247099873336,117.48714645889889,117.88029479980469,1995765.0
2017-03-07,MMM,117.49958687273649,118.10489981193628,117.47463502426818,117.99881744384766,1988111.0
2017-03-08,MMM,118.39195175324355,118.69772859156046,117.9239252830644,118.26089477539062,1870185.0
2017-03-09,MMM,118.09865790208126,118.81006459107748,118.04874281727191,118.50428771972656,1861813.0
2017-03-10,MMM,118.96609681751181,119.34052266304423,118.58543016160918,119.3218002319336,3007940.0
2017-03-13,MMM,119.67126004178684,119.78983544733627,118.85378215462305,119.51525115966797,2359349.0
2017-03-14,MMM,119.14704693118544,119.46530542462429,118.0112993718867,118.77262115478516,2264746.0
2017-03-15,MMM,118.67903469429555,119.72741105077198,118.39198021238386,119.3155517578125,2448212.0
2017-03-16,MMM,119.22819662922957,119.59014087998567,118.3420698231339,118.76016998291016,2316772.0
2017-03-17,MMM,119.07840473787124,120.03942108154297,118.78510946478184,120.03942108154297,5056808.0
2017-03-20,MMM,120.13926095387606,120.7508147297177,119.98949291465644,120.44503784179688,2494378.0
2017-03-21,MMM,120.74458638811407,120.74458638811407,119.50899708988278,119.89590454101562,2266540.0
2017-03-22,MMM,120.00198723635265,120.36393144792112,118.85376927690452,119.95207214355469,1946251.0
2017-03-23,MMM,119.88965613688626,120.42009079897895,119.33425823587079,119.90213775634766,1772472.0
2017-03-24,MMM,119.88967699807344,120.20169476222266,119.12835502015028,119.5090103149414,1716738.0
2017-03-27,MMM,119.00353534352433,119.19073686798312,118.04251892772079,118.83504486083984,2373582.0
2017-03-28,MMM,118.52927350493295,119.49653077614082,118.31709734203147,119.18450164794922,2786919.0
2017-03-29,MMM,118.93486055391145,119.36544218781899,118.72892525580914,118.99102783203125,2023871.0
2017-03-30,MMM,119.02848991316704,119.49652790001937,118.62911222663912,119.36547088623047,2195138.0
2017-03-31,MMM,119.3779603074931,120.0644039188373,119.18450656759822,119.39668273925781,2069080.0
2017-04-03,MMM,119.73364261911513,119.92085551540647,118.53549830419212,119.01600646972656,1849853.0
2017-04-04,MMM,118.92243843557414,119.17830033112855,118.42944846821511,118.68531036376953,1614480.0
2017-04-05,MMM,119.0035346828465,120.07687428503431,118.59166399930903,118.71646881103516,1732645.0
2017-04-06,MMM,118.82256912454508,119.2032243906891,118.25468954799246,118.4980697631836,1946370.0
2017-04-07,MMM,118.58540329930266,118.91614339732341,118.26714481919497,118.56044006347656,1226139.0
2017-04-10,MMM,118.66656351354025,118.89120991552068,118.13612878450029,118.38574981689453,2012509.0
2017-04-11,MMM,118.02382947295285,118.62290185061394,117.9364694963534,118.61042022705078,1745682.0
2017-04-12,MMM,118.760125979021,118.87244914378338,118.19225795836687,118.37947082519531,1693656.0
2017-04-13,MMM,118.09868816116304,118.47935483976865,117.70555124941339,117.72427368164062,1524182.0
2017-04-17,MMM,118.13611944846909,118.7913589477539,118.12363782841875,118.7913589477539,1846146.0
2017-04-18,MMM,118.41695933219998,119.09092141072863,118.26095043538072,118.70402526855469,1407572.0
2017-04-19,MMM,119.06593007568506,119.27186541517273,118.26716334581032,118.46061706542969,1603118.0
2017-04-20,MMM,118.57916642879509,119.88340443732703,118.50428810716733,119.29057312011719,2090847.0
2017-04-21,MMM,119.28433340657332,119.57762866329023,118.93487086686628,119.50273895263672,3090703.0
2017-04-24,MMM,120.4387935022918,121.3436539089084,120.39511922553925,121.20636749267578,3240682.0
2017-04-25,MMM,121.05659101767793,122.06753381865394,120.03941879558968,121.76799774169922,5001911.0
2017-04-26,MMM,122.12367767312881,122.8725177218436,121.68060306381702,121.68684387207031,3158875.0
2017-04-27,MMM,121.9551986538115,122.64787149308177,121.75550415935044,122.3795394897461,2117159.0
2017-04-28,MMM,122.40452852092015,123.00984155236858,122.0238618782878,122.204833984375,2950652.0
2017-05-01,MMM,121.99892594811399,122.14245322541501,121.35616791186312,121.56834411621094,1792206.0
2017-05-02,MMM,121.78670958964128,122.64163208007812,121.42476544962443,122.64163208007812,2950771.0
2017-05-03,MMM,122.68535179856481,123.47787780825097,122.12996520489071,123.32810974121094,2798042.0
2017-05-04,MMM,123.74617789945293,124.51998127718029,123.40919698864079,124.50125885009766,2775677.0
2017-05-05,MMM,124.60110763728447,124.74463485179164,124.17051460542567,124.4326171875,2019566.0
2017-05-08,MMM,124.08320178059239,124.27665553910217,123.74622075308285,123.96463775634766,1884776.0
2017-05-09,MMM,124.40767213195713,124.40767213195713,123.26568366950261,123.53402709960938,2090369.0
2017-05-10,MMM,123.16586454742756,123.30315099819569,122.6416705994884,122.71031951904297,2688249.0
2017-05-11,MMM,122.33585214890725,122.89749077155759,121.84910323127846,122.77891540527344,2039180.0
2017-05-12,MMM,122.24849542664033,123.00981717267666,122.22353219097727,122.66659545898438,1582428.0
2017-05-15,MMM,122.72903747305082,123.3967472699198,122.45445319319361,123.32810974121094,1763502.0
2017-05-16,MMM,123.2344718334324,123.52153767459282,122.84757581955755,123.50281524658203,1415586.0
2017-05-17,MMM,123.50594594156209,123.50594594156209,122.2378763698242,122.31320190429688,2250633.0
2017-05-18,MMM,122.09977200368564,122.9284217122985,121.49712183609678,122.56431579589844,2307084.0
2017-05-19,MMM,123.22978252540453,123.22978252540453,122.06842843632708,122.91590118408203,2266061.0
2017-05-22,MMM,123.26114820801979,124.71756054718438,123.26114820801979,124.61711120605469,2195736.0
2017-05-23,MMM,124.75518089000612,124.90584340101748,123.99559025297572,124.1274185180664,1810983.0
2017-05-24,MMM,124.60452326079219,124.62963558967027,123.8449325940023,123.97676086425781,1442854.0
2017-05-25,MMM,124.55432864828175,125.30764134527897,124.1399980726662,125.2636947631836,1803568.0
2017-05-26,MMM,125.0126054261871,125.98563966351924,124.90587800307047,125.97308349609375,1687078.0
2017-05-30,MMM,125.747095838526,127.45460875004909,125.52737434414443,127.08423614501953,2596636.0
2017-05-31,MMM,127.26625996134752,128.3585662841797,126.97749103614633,128.3585662841797,3703773.0
2017-06-01,MMM,128.22043756040046,128.62848999971703,127.8626212361494,128.28321838378906,2813829.0
2017-06-02,MMM,128.7288977830226,130.19158751902475,128.55940105583127,129.7584228515625,2190952.0
2017-06-05,MMM,129.80237910496794,130.1539287473311,129.4571075439453,129.4571075439453,1498708.0
2017-06-06,MMM,129.32528945699238,129.73334186349268,128.94863891601562,128.94863891601562,1744725.0
2017-06-07,MMM,129.14952785249054,129.2374210071701,128.1262806032055,128.69754028320312,2255178.0
2017-06-08,MMM,128.6975105837204,129.33782902320021,128.1199729545238,129.2813262939453,2931755.0
2017-06-09,MMM,129.31902000956035,129.92794816269716,129.0930319611562,129.90284729003906,2264148.0
2017-06-12,MMM,129.90285099387785,130.83821653813854,129.0051424878552,130.19161987304688,2856287.0
2017-06-13,MMM,130.3108844859557,131.62291198795288,130.29832832181378,131.2713623046875,2019805.0
2017-06-14,MMM,131.69196504987008,132.3260055406565,131.53502444775813,131.8363494873047,1896019.0
2017-06-15,MMM,131.51621111408866,132.65874208692503,131.47854261406675,132.63990783691406,1906544.0
2017-06-16,MMM,132.9161071805577,134.00213529378718,132.73405423850963,133.86402893066406,4091038.0
2017-06-19,MMM,134.34115509229537,134.34115509229537,133.52506146317444,133.93939208984375,1994450.0
2017-06-20,MMM,133.9958833888568,134.6989829635941,133.74478294436923,133.93939208984375,1831315.0
2017-06-21,MMM,134.35365792871414,134.35365792871414,133.14207986200537,133.62545776367188,2168228.0
2017-06-22,MMM,133.5438989996164,133.78873282255338,133.14213598728298,133.22373962402344,1674878.0
2017-06-23,MMM,133.08559594900044,133.82007429934495,132.90354301790708,133.6505889892578,1895540.0
2017-06-26,MMM,133.58154567443975,134.00842095335182,133.2802206003423,133.4685516357422,1617112.0
2017-06-27,MMM,133.0856020583042,133.3994832762933,131.4408704333461,131.6919708251953,2679279.0
2017-06-28,MMM,132.31976772561342,132.57086818286507,131.88661428149317,132.21932983398438,1845308.0
2017-06-29,MMM,132.48922995875165,132.48922995875165,129.9970144641227,130.4803924560547,2164640.0
2017-06-30,MMM,131.77360931963372,131.77360931963372,130.4804157221509,130.69384765625,2116920.0
2017-07-03,MMM,131.2902200417511,132.04353274328042,131.04538625353143,131.72337341308594,1244079.0
2017-07-05,MMM,131.8301059185923,131.98076847780962,131.45973333271013,131.679443359375,1274099.0
2017-07-06,MMM,131.23373979880668,131.65433707588295,130.5055393051723,130.58714294433594,1423120.0
2017-07-07,MMM,130.8883973630992,131.92421197004253,130.60590663624262,131.57266235351562,1831076.0
2017-07-10,MMM,131.57902211043574,132.92242914530337,131.19608185180783,132.13772583007812,1564846.0
2017-07-11,MMM,132.0874446717824,132.5833672885956,130.57453012609463,131.6166229248047,1516648.0
2017-07-12,MMM,132.4013264129416,133.5752360165472,131.99955210488008,132.64614868164062,1731688.0
2017-07-13,MMM,132.58340598132403,133.08561828260164,131.94308730205745,132.5143585205078,1362005.0
2017-07-14,MMM,132.78426728823274,133.23625483429743,132.22556380189502,132.9412078857422,1270152.0
2017-07-17,MMM,133.2111572440776,133.2111572440776,132.200466099853,132.8847198486328,1568315.0
2017-07-18,MMM,132.25692383749143,132.78424829397906,132.01837966244992,132.6524200439453,1868870.0
2017-07-19,MMM,132.77800773752955,133.15466980666358,132.56456437083946,133.1483917236328,987059.0
2017-07-20,MMM,133.21745573103263,133.9707799628908,133.12329593022903,133.3681182861328,1611490.0
2017-07-21,MMM,132.8659070029327,132.98517912963987,131.50365457353132,132.5583038330078,2686455.0
2017-07-24,MMM,132.58337541628458,132.87215572880388,131.83006286621094,131.83006286621094,2589579.0
2017-07-25,MMM,127.21602340808458,128.377376979232,123.77588635790023,125.16951751708984,7885228.0
2017-07-26,MMM,125.8349385493384,126.27438140185927,124.64219455169379,124.94351959228516,3494832.0
2017-07-27,MMM,125.01257974144241,125.9039987073604,124.0897703634101,125.5838394165039,2600702.0
2017-07-28,MMM,126.04836447292831,126.20530505389472,124.73007046662244,125.37665557861328,1779648.0
2017-07-31,MMM,125.55245927954854,126.59455230889972,125.43318716010774,126.28694915771484,2192986.0
2017-08-01,MMM,126.99006720417395,127.6303859897569,126.657351642539,127.54878234863281,2410060.0
2017-08-02,MMM,127.5549963997051,129.06791101450725,127.32273028455582,128.94863891601562,2427402.0
2017-08-03,MMM,129.26255694755716,130.34858521998206,128.766622710345,130.33602905273438,2456823.0
2017-08-04,MMM,130.5431779873523,130.95750857822057,129.38810229488692,130.3548583984375,1821149.0
2017-08-07,MMM,130.51177226361406,130.82565345591533,129.7459035291615,130.22299194335938,1402430.0
2017-08-08,MMM,129.84007058196295,130.50550149646463,129.1244150078446,129.58895874023438,2220135.0
2017-08-09,MMM,129.75218961564698,130.51806992132347,129.06165776282808,129.620361328125,1940151.0
2017-08-10,MMM,129.08049597437997,130.0472520543592,128.80428322477343,129.4634246826172,1879514.0
2017-08-11,MMM,129.85261627977366,129.85261627977366,129.08674756412822,129.30645751953125,1737549.0
2017-08-14,MMM,129.7333372057112,130.34226529632875,129.36295330351248,130.17904663085938,1512222.0
2017-08-15,MMM,129.94680894948849,130.4741335973885,129.63920576896936,130.059814453125,1254006.0
2017-08-16,MMM,130.07866244029992,130.97009319318477,129.70828980905225,130.52438354492188,2038343.0
2017-08-17,MMM,130.44271774499984,130.64988300491532,128.86703364843086,128.91098022460938,1670214.0
2017-08-18,MMM,128.9109940433997,129.08676891060156,127.71824992724783,127.76846313476562,2198966.0
2017-08-21,MMM,127.93796109989083,128.62850440910373,127.44202690862866,128.40878295898438,1874850.0
2017-08-22,MMM,128.81680756318798,129.23113807842992,128.45899124447564,128.9800262451172,2501075.0
2017-08-23,MMM,128.83167772659482,128.86324869313484,127.73940294006421,127.96038818359375,1515691.0
2017-08-24,MMM,128.73069098976137,128.73069098976137,127.51213206413082,127.6131591796875,1472037.0
2017-08-25,MMM,128.4464976029808,128.45282331669864,127.56889412204337,127.6194076538086,1480768.0
2017-08-28,MMM,128.0298625347678,128.33923503423983,127.4426885096991,127.82781982421875,1404941.0
2017-08-29,MMM,127.66359583738397,128.21921012165058,127.11430726685333,128.11819458007812,1185595.0
2017-08-30,MMM,128.11821187367454,128.6043701171875,127.5373407450461,128.6043701171875,1430655.0
2017-08-31,MMM,129.00213623046875,129.19155048808668,128.181348795624,129.00213623046875,1875208.0
2017-09-01,MMM,129.18526791118012,129.37468221515377,128.31396672180222,128.52232360839844,1689948.0
2017-09-05,MMM,127.69520892502028,127.87199482278409,126.59661989925675,126.89336395263672,2313662.0
2017-09-06,MMM,127.37952492016696,127.6952115607789,127.05752408585272,127.56893920898438,2674495.0
2017-09-07,MMM,127.20270991862208,129.24835842091494,127.20270991862208,129.09051513671875,2034994.0
2017-09-08,MMM,129.0210785246712,130.1386099676846,128.26974721076368,129.8671112060547,1762904.0
2017-09-11,MMM,130.3532551189542,132.44941705814085,130.11965306118762,132.31051635742188,2160813.0
2017-09-12,MMM,132.5314793223185,133.19441175494583,132.12107995870815,132.3610076904297,1723675.0
2017-09-13,MMM,132.03272482906212,132.77142773156658,131.68546729017362,132.26632690429688,1351002.0
2017-09-14,MMM,132.05170513454885,133.79429599703948,131.792834693403,133.49122619628906,2373103.0
2017-09-15,MMM,134.22360133037944,135.18960373179988,133.00505425191122,134.7034454345703,4349134.0
2017-09-18,MMM,135.11383990897687,135.13909668234552,134.2109793945515,134.96231079101562,1521790.0
2017-09-19,MMM,135.2590607170968,135.52424532675195,134.38777113148282,134.83604431152344,1709921.0
2017-09-20,MMM,133.70588540523838,134.22992891297392,131.5213357074389,132.9103546142578,3572691.0
2017-09-21,MMM,133.1565759849927,133.6111632918422,132.73986231202696,132.8661346435547,1653350.0
2017-09-22,MMM,132.3610291273321,133.4091043297382,132.1337297405854,133.0681610107422,1785987.0
2017-09-25,MMM,133.20709869057796,133.35862781639275,132.19059416556036,133.04925537109375,1924603.0
2017-09-26,MMM,133.3838470934702,134.3751060873932,133.17549028320508,133.23863220214844,1464622.0
2017-09-27,MMM,133.2765409660097,133.45964104113716,131.42662068019595,132.26002502441406,2230660.0
2017-09-28,MMM,131.51504352450866,132.51261715758824,131.4834725508821,132.30426025390625,2502989.0
2017-09-29,MMM,131.99484988154865,132.52520751953125,131.7864930376537,132.52520751953125,1952111.0
2017-10-02,MMM,133.04925870695962,134.34989045745974,132.6072997057731,134.33094787597656,1545352.0
2017-10-03,MMM,134.24254885532915,135.49266694504837,133.4596465009368,135.47372436523438,1955340.0
2017-10-04,MMM,135.65053571862296,136.97009865978197,135.42955043489403,136.70492553710938,1957134.0
2017-10-05,MMM,136.68594250462797,137.3930859854953,136.3134397086793,136.6101837158203,2081638.0
2017-10-06,MMM,136.37661046987063,136.71755392602262,135.91570884129555,136.70492553710938,1974357.0
2017-10-09,MMM,136.35132087840532,137.14053738429016,136.18084919135418,136.805908203125,1261302.0
2017-10-10,MMM,137.24786873801784,137.38676945033785,136.72382532889083,136.85009765625,1400396.0
2017-10-11,MMM,136.85010698847344,136.91956311049438,135.53053284807405,136.69857788085938,2455268.0
2017-10-12,MMM,136.75541883566677,137.41204887288,136.55969035875688,137.38047790527344,2281968.0
2017-10-13,MMM,138.16335367089707,138.75052746624576,136.8816648110186,137.4625244140625,1748074.0
2017-10-16,MMM,137.44990103833064,138.1002167804255,137.13421445608552,138.09390258789062,1417499.0
2017-10-17,MMM,137.94870683456801,138.0939217607824,136.67333194344536,137.4814910888672,2572357.0
2017-10-18,MMM,137.33626927895827,138.0434128166023,137.2415679047828,137.80979919433594,1690666.0
2017-10-19,MMM,137.94868084346544,138.42852488558123,137.3046793258298,138.42221069335938,1637324.0
2017-10-20,MMM,138.87048689025224,139.7354736328125,138.39064283737002,139.7354736328125,1970769.0
2017-10-23,MMM,140.0133085950474,140.65731028141505,139.65973678248247,139.88072204589844,2584915.0
2017-10-24,MMM,144.5843888463743,150.8349772147238,144.57807465520438,148.15164184570312,7784046.0
2017-10-25,MMM,148.37899538755505,150.22891580889603,147.7034227746691,150.06475830078125,4920942.0
2017-10-26,MMM,150.4309454132008,150.77188878677123,146.67427715549846,147.07203674316406,4048460.0
2017-10-27,MMM,147.88649533094343,148.34108260980292,146.82579168027127,148.20849609375,2392478.0
2017-10-30,MMM,147.52662241547105,147.52662241547105,145.61987443979527,145.85980224609375,3256230.0
2017-10-31,MMM,146.08707037273425,146.2259825967773,145.09582288416416,145.3357391357422,2282207.0
2017-11-01,MMM,145.84721241658002,146.32705663377897,144.65391030698206,145.32948303222656,1662320.0
2017-11-02,MMM,145.3673620759868,146.98368058396676,144.93171723881906,146.62379455566406,1924962.0
2017-11-03,MMM,146.20077517097212,146.84477688352717,145.79668979096593,146.6174774169922,1892909.0
2017-11-06,MMM,146.617463587439,146.87632247797018,145.3105177032064,145.4115447998047,1596301.0
2017-11-07,MMM,145.45576665561416,145.70200873891957,144.67286408510492,145.24742126464844,1858106.0
2017-11-08,MMM,145.11475840556218,145.62616184386667,144.82431710983985,145.1084442138672,1806199.0
2017-11-09,MMM,144.29396213712232,144.8369365001881,143.35321676646475,144.19924926757812,1884657.0
2017-11-10,MMM,143.6184328297527,144.23086348082688,142.79133113224256,143.60580444335938,1549777.0
2017-11-13,MMM,143.15123421519309,144.22456653120028,142.8544901439721,144.09197998046875,2111299.0
2017-11-14,MMM,144.0414731358928,145.19057583282495,143.16386926926893,144.79281616210938,1666267.0
2017-11-15,MMM,143.99726191003003,144.2750633672104,142.71557286436786,143.57423400878906,1808472.0
2017-11-16,MMM,143.82046138186035,145.2094800486169,143.82046138186035,144.84959411621094,1464861.0
2017-11-17,MMM,144.22454792900157,145.1652935729391,143.78890316928727,144.8117218017578,2083193.0
2017-11-20,MMM,145.15263727592676,147.48241278405882,144.93166360311616,146.15652465820312,2033200.0
2017-11-21,MMM,146.61113857898928,148.8209448425548,146.61113857898928,147.79812622070312,2538630.0
2017-11-22,MMM,147.8901802515621,148.39781781541657,146.83680567168864,146.95103454589844,1640673.0
2017-11-24,MMM,147.23653602502208,147.24288207154004,146.4623762517171,146.82406616210938,788284.0
2017-11-27,MMM,147.05884665316148,148.82292006125803,146.66541496096954,148.48660278320312,2129837.0
2017-11-28,MMM,148.562751542325,149.71765091500112,148.09317885371243,149.52093505859375,2238553.0
2017-11-29,MMM,149.787456531095,151.14540621804733,149.52728021276135,151.03118896484375,2098502.0
2017-11-30,MMM,151.57054254428203,154.48316908408808,150.82811309664294,154.2864532470703,4788066.0
2017-12-01,MMM,154.31818231524892,154.5973851641824,151.7545651486996,153.023681640625,2669831.0
2017-12-04,MMM,154.2293489379875,154.9781244241736,151.3484526544005,151.82437133789062,2952565.0
2017-12-05,MMM,152.43358246257745,152.45896665139554,150.93601954571278,151.18984985351562,1845548.0
2017-12-06,MMM,152.50334423366266,152.9792629293606,150.37123496194627,151.44998168945312,2301224.0
2017-12-07,MMM,151.31042200249428,153.11257212961712,150.98045068935377,152.48435974121094,1635052.0
2017-12-08,MMM,152.29395992260126,152.93486428002618,150.70121809852802,151.10733032226562,2391761.0
2017-12-11,MMM,151.779955457652,152.42720582108876,150.93598925073675,151.84976196289062,2084508.0
2017-12-12,MMM,150.123779296875,153.3600198450334,149.8318727363512,150.123779296875,3308495.0
2017-12-13,MMM,150.33319136784343,152.0338046343275,150.15551362651254,151.72921752929688,3238648.0
2017-12-14,MMM,152.49699829694816,152.80158531285286,150.90425671860802,151.07557678222656,2373701.0
2017-12-15,MMM,151.77997824463478,152.0909113811725,150.80275650683691,151.0248565673828,5404365.0
2017-12-18,MMM,151.39287647734287,152.3003031834893,150.4854613515727,151.29135131835938,2675811.0
2017-12-19,MMM,151.95768098065338,152.1290126943226,150.32686246702175,151.27235412597656,2235204.0
2017-12-20,MMM,151.15175937946174,151.32309105752037,150.06666647200845,150.3395233154297,1939434.0
2017-12-21,MMM,149.75571179699068,150.54890960704427,148.7467600136674,148.98155212402344,2680954.0
2017-12-22,MMM,149.34962585807375,149.80650652273087,148.66431065127722,148.94985961914062,1531598.0
2017-12-26,MMM,149.17192722533252,149.93339483401869,149.14019699572566,149.40670776367188,943764.0
2017-12-27,MMM,149.4511634342972,150.09841394120465,149.0196553761067,149.88265991210938,1160718.0
2017-12-28,MMM,150.35223913015395,150.4410837966934,149.2988762895522,149.5780792236328,1422881.0
2017-12-29,MMM,150.06035255168567,150.58703979183701,149.35598754882812,149.35598754882812,1607304.0
2018-01-02,MMM,149.61614263252585,150.43472480186512,147.73150561911527,149.5272979736328,3505476.0
2018-01-03,MMM,149.1655912042428,149.58439552207244,148.03607601695816,149.52093505859375,2623665.0
2018-01-04,MMM,150.39029464445966,151.9386142436537,150.0539773283403,151.4753875732422,2682748.0
2018-01-05,MMM,151.43731026410674,152.86506654604315,150.8598663367927,152.65567016601562,2195736.0
2018-01-08,MMM,151.90054447834123,152.89045832895684,151.77363511860588,152.1607208251953,2235324.0
2018-01-09,MMM,152.0401045299148,153.42344975742554,151.87511893307288,153.10617065429688,2027340.0
2018-01-10,MMM,152.92851617617106,153.92476437332152,152.31299601233167,153.01734924316406,1962516.0
2018-01-11,MMM,152.7635326728226,153.77881902277508,152.13532040778978,153.75978088378906,1779289.0
2018-01-12,MMM,154.24204355690838,156.10130772167372,153.8803536622436,155.13043212890625,2361263.0
2018-01-16,MMM,155.6570863535271,156.85640786657783,154.72428716580697,155.30174255371094,2883676.0
2018-01-17,MMM,156.6407176999445,157.70678427469858,155.97444056619753,157.4402618408203,3012724.0
2018-01-18,MMM,157.45290746068324,158.00497872897856,155.4159772121818,156.044189453125,2671266.0
2018-01-19,MMM,156.50109708598393,157.68772684645188,155.84750054770592,157.4846649169922,2408146.0
2018-01-22,MMM,156.818337301186,157.3006020260312,155.51749059518733,156.92620849609375,1985958.0
2018-01-23,MMM,156.67875904100907,156.900859089639,155.5428977724409,156.2980194091797,2179949.0
2018-01-24,MMM,157.36407585864086,157.713085235826,156.2599448921628,157.1737060546875,4151316.0
2018-01-25,MMM,158.63951880171388,161.6853889654366,156.79929303239211,160.13706970214844,4195448.0
2018-01-26,MMM,160.8160527250948,164.83914445382499,160.79066854327476,164.11575317382812,4461798.0
2018-01-29,MMM,164.03959670400596,164.5662721054919,162.42781711452452,162.4532012939453,2758335.0
2018-01-30,MMM,162.19305438656798,162.25016880060048,159.53425797744617,159.6167449951172,2885470.0
2018-01-31,MMM,159.5850298736958,160.62570037866422,158.38570821512954,158.95681762695312,3751134.0
2018-02-01,MMM,157.01507252589283,158.69664743473285,156.21552858281052,157.3323516845703,3187938.0
2018-02-02,MMM,156.37417471388616,157.84635331433623,155.3906069647013,155.5746307373047,4695137.0
2018-02-05,MMM,154.51491279154408,155.08601063487362,143.4164884812624,146.8621368408203,7882238.0
2018-02-06,MMM,144.36833986855274,148.8483247210449,143.92415132751196,148.2518310546875,6109288.0
2018-02-07,MMM,147.9726104736328,150.7202515815327,147.73782992757472,147.9726104736328,3451178.0
2018-02-08,MMM,147.9535914473191,148.04878215156563,141.28438247897384,141.43667602539062,4486555.0
2018-02-09,MMM,142.52813116493184,144.01933644191826,138.44791235551878,142.9088592529297,5404246.0
2018-02-12,MMM,144.3556706453514,146.18953952205203,143.47363947041595,145.43441772460938,3935318.0
2018-02-13,MMM,145.7643694097145,147.19847181698248,145.26941248185625,146.81138610839844,3018226.0
2018-02-14,MMM,145.5993576200914,147.76954319219357,144.97749144351974,147.2174835205078,2796009.0
2018-02-15,MMM,148.92175647603824,149.93664612738777,147.3706789262483,149.91749572753906,2544490.0
2018-02-16,MMM,149.98131384439438,152.1962134345668,148.9727961222817,151.06642150878906,2657273.0
2018-02-20,MMM,149.70689602890445,151.06646986539022,149.30476084505352,150.04519653320312,3200376.0
2018-02-21,MMM,149.81538594809956,151.82602668800945,148.14941749177723,148.2004852294922,3063434.0
2018-02-22,MMM,148.3600592466448,151.51325905572432,148.25155195340534,150.6387939453125,2732262.0
2018-02-23,MMM,151.18133701874783,151.84517098771468,149.6111206337406,151.28985595703125,1933573.0
2018-02-26,MMM,152.56006003559744,156.2941083282569,152.24091001150717,155.83453369140625,3691813.0
2018-02-27,MMM,156.13454658347914,156.17284738530324,153.65156431048058,153.6898651123047,2126847.0
2018-02-28,MMM,154.23880889224557,154.64732751339773,150.2558164036599,150.32603454589844,2943834.0
2018-03-01,MMM,150.73455225978896,151.1686047817768,146.50901100331944,147.66433715820312,4170572.0
2018-03-02,MMM,146.6494259759914,147.61964314554024,144.4664431688382,147.045166015625,3483709.0
2018-03-05,MMM,146.80897419035534,149.17706547394266,145.87067452980156,148.60260009765625,2673419.0
2018-03-06,MMM,149.39410041364565,150.58771550039577,147.31962516328386,149.14515686035156,2500956.0
2018-03-07,MMM,147.58772380453823,150.7792245429771,147.18560030285323,150.3643341064453,2647705.0
2018-03-08,MMM,150.8621610017691,151.7174871835902,149.43875295312716,150.8557891845703,2338419.0
2018-03-09,MMM,151.91538216822565,154.06644735325298,150.74728930906141,154.05368041992188,2201716.0
2018-03-12,MMM,154.5323965576532,155.17069659273307,152.7451657783585,153.06431579589844,2572955.0
2018-03-13,MMM,153.76644621458516,155.08773061214848,151.2068624852998,151.6409149169922,2403840.0
2018-03-14,MMM,152.426005152319,152.75791043069245,149.26641087964532,149.54727172851562,2678681.0
2018-03-15,MMM,150.1409414255874,151.96647353179085,149.48987426920309,150.5558319091797,2117518.0
2018-03-16,MMM,150.42814351722407,152.023893742017,150.42814351722407,151.41751098632812,5810168.0
2018-03-19,MMM,150.6451662815316,150.84941391857754,146.9749408487998,147.8047332763672,3135553.0
2018-03-20,MMM,148.16219047394364,149.61113275278367,147.81751817628717,148.37283325195312,2066688.0
2018-03-21,MMM,148.7238659481842,151.4174905665397,148.28344174121477,149.45152282714844,1899607.0
2018-03-22,MMM,148.11112962047255,148.16218570996708,142.21323686381643,142.44940185546875,5137418.0
2018-03-23,MMM,142.6599893363761,143.15148117966658,137.4067822152766,137.4642333984375,5048555.0
2018-03-26,MMM,139.05999903017442,140.93659811102773,137.3493467556888,140.5791473388672,4274504.0
2018-03-27,MMM,141.0770509633948,141.61322722903824,137.06214155952927,137.78981018066406,3225253.0
2018-03-28,MMM,138.65792314249995,140.2089894404169,137.17706334665988,138.21749877929688,3017388.0
2018-03-29,MMM,139.01535532983462,141.306845392479,138.80471255466622,140.11961364746094,3161028.0
2018-04-02,MMM,139.18132945950856,139.60898687658516,133.7047098795622,135.71536254882812,4593597.0
2018-04-03,MMM,135.95789191114258,138.1664084836273,134.63660738851107,138.08343505859375,3596133.0
2018-04-04,MMM,135.56852265824975,139.09831177405414,134.75788064215863,138.8685302734375,2976605.0
2018-04-05,MMM,139.557933387545,140.6238910404296,138.23026518610936,139.5770721435547,3444360.0
2018-04-06,MMM,138.7664441206528,139.69198886462166,134.6813269040973,135.4792022705078,2994664.0
2018-04-09,MMM,136.43663882308724,138.42175765807556,135.57494050427078,135.83663940429688,2614576.0
2018-04-10,MMM,137.43877783172073,139.60261054886593,137.38132661583253,138.49835205078125,3417450.0
2018-04-11,MMM,136.72382341395763,137.80255927238105,136.27701574143592,136.8068084716797,2176481.0
2018-04-12,MMM,137.69409181867152,138.94515842882598,137.24090051077528,138.14089965820312,2742308.0
2018-04-13,MMM,139.20682536022113,139.58341492973054,136.88979015124113,137.56639099121094,2433262.0
2018-04-16,MMM,138.63878138351959,139.96006620419124,138.2494247420294,138.9579315185547,2464358.0
2018-04-17,MMM,139.88340285420358,141.50468668854597,139.62170405247394,140.48341369628906,2216786.0
2018-04-18,MMM,140.67492871563698,141.0706803964184,139.88982047012607,140.11961364746094,1912763.0
2018-04-19,MMM,139.17494485884876,139.9792035902775,138.53026118009507,139.6919708251953,1737908.0
2018-04-20,MMM,139.41108098714193,140.60470772513594,138.3451235837605,138.98980712890625,3150623.0
2018-04-23,MMM,139.1621761804547,139.61536746059164,137.0749335857041,137.7962188720703,3014757.0
2018-04-24,MMM,131.8089682047538,131.8089682047538,125.67490925450169,128.3813018798828,13958994.0
2018-04-25,MMM,128.3620757133177,128.77696597628048,125.75142500791955,126.91951751708984,7421658.0
2018-04-26,MMM,126.8174219818099,127.4238046737896,125.21528845849835,125.80252075195312,4932663.0
2018-04-27,MMM,125.59826285749006,125.81528906115356,124.08549784407344,125.1833724975586,4012341.0
2018-04-30,MMM,125.71957438269254,126.60042301234574,123.9450985396266,124.07913970947266,4794405.0
2018-05-01,MMM,123.8493379288985,124.81317156976817,122.1961480840088,124.48125457763672,5633758.0
2018-05-02,MMM,124.56422452387872,125.36848303812462,123.84293942325873,124.14932250976562,4805050.0
2018-05-03,MMM,124.16211409701639,125.55361684392572,122.77700646636787,124.90254974365234,4097376.0
2018-05-04,MMM,124.5131633017741,127.6153067756377,123.86847976341262,127.25147247314453,3673753.0
2018-05-07,MMM,127.69828530344859,128.29828459917488,127.39190218866656,127.82594299316406,3424626.0
2018-05-08,MMM,127.65992763911231,129.00674536979406,127.37907851710283,128.77056884765625,3915106.0
2018-05-09,MMM,128.95574334538344,130.67915138842983,128.53446944777838,129.84298706054688,4020115.0
2018-05-10,MMM,129.32592331415321,131.28550742629662,129.18549872270438,130.87060546875,3230157.0
2018-05-11,MMM,130.6855650166651,131.08770025376037,129.99620862954785,130.9536590576172,3774217.0
2018-05-14,MMM,131.27916932639397,131.5153343326858,130.6408691545104,131.33660888671875,4049536.0
2018-05-15,MMM,130.82595925286586,131.21532746179733,128.70681118533662,129.19830322265625,2702003.0
2018-05-16,MMM,127.99190868291815,128.3238256840434,127.0536088850435,127.7940444946289,3484546.0
2018-05-17,MMM,128.06394034442226,129.43282417627577,127.69120227029244,128.7644500732422,2709897.0
2018-05-18,MMM,128.71304516437144,129.02152374424023,127.53697497674604,127.8647232055664,3499137.0
2018-05-21,MMM,128.8544102327823,130.4160959957094,128.53307745119184,129.66416931152344,2543294.0
2018-05-22,MMM,129.7926937384927,129.88910060525853,127.71688500908205,127.87112426757812,2767424.0
2018-05-23,MMM,127.08068766206476,127.76191616066751,126.32234537346281,127.67837524414062,3274289.0
2018-05-24,MMM,127.78115040205115,128.64875352156685,126.5600906389012,128.15390014648438,2457780.0
2018-05-25,MMM,127.459842521956,128.15392515300405,127.20278096218394,127.90970611572266,2017054.0
2018-05-29,MMM,127.24773549240017,127.57549537085387,125.38401020916393,125.7953109741211,2806773.0
2018-05-30,MMM,126.66290349348827,128.13460926116116,126.41226912664042,127.68474578857422,2563148.0
2018-05-31,MMM,127.31843566534361,127.53694616352286,126.12949976646946,126.75288391113281,6282708.0
2018-06-01,MMM,127.7297185860461,128.80297782569926,127.42766724238936,128.26956176757812,2185092.0
2018-06-04,MMM,129.00225676450677,129.61922572143408,128.57810160193142,129.21434020996094,2880446.0
2018-06-05,MMM,129.22718052085355,129.88270043759553,129.1050768592705,129.30430603027344,2686336.0
2018-06-06,MMM,129.71559324126042,131.13588233525348,129.52921834144587,131.01377868652344,2747571.0
2018-06-07,MMM,131.21946028061282,132.3184167878893,130.94953270230556,131.7914276123047,2725923.0
2018-06-08,MMM,131.73356792055745,132.87108705161134,131.36725694693976,132.7682647705078,2595559.0
2018-06-11,MMM,132.76826445271482,132.8967952358694,131.74642185638967,131.82354736328125,2754268.0
2018-06-12,MMM,132.17699120878495,132.35692723470794,131.0715961857605,131.6949920654297,2160096.0
2018-06-13,MMM,131.83643243980327,132.1706195911421,130.93026616360862,131.67576599121094,2509088.0
2018-06-14,MMM,132.23488514790793,132.56264518707692,130.7824599174403,130.8660125732422,2656914.0
2018-06-15,MMM,130.17186504915495,131.7849559339883,128.60376403355207,131.72711181640625,6517602.0
2018-06-18,MMM,130.1590345084813,131.4700742525084,128.69375548447047,131.2130126953125,3399989.0
2018-06-19,MMM,129.3428460982024,129.70916878024696,127.45983914271733,128.1410675048828,3835333.0
2018-06-20,MMM,128.10893825610316,128.53309335809607,126.77218996618899,127.29917907714844,2808567.0
2018-06-21,MMM,127.14493342319896,127.14493342319896,125.05627018899722,125.65394592285156,2894798.0
2018-06-22,MMM,126.85573904465929,126.88787467156106,125.43544989058002,126.28376007080078,2738960.0
2018-06-25,MMM,125.94960752945968,126.1745452510947,124.44577706157895,125.83393096923828,3495310.0
2018-06-26,MMM,126.50226044929562,127.21562439591922,125.94956289595093,126.33516693115234,2559679.0
2018-06-27,MMM,126.32874991238076,128.46883019512444,125.1655223171859,125.26835632324219,3456081.0
2018-06-28,MMM,125.64108670495428,126.50868993619136,124.81205795195359,125.9431381225586,2366525.0
2018-06-29,MMM,126.26448922007742,128.16036235368102,126.25807382249326,126.42515563964844,3195234.0
2018-07-02,MMM,125.61539489975151,125.89173782834406,124.36218757656587,125.65394592285156,2171338.0
2018-07-03,MMM,126.27734268385613,127.85831009436754,125.64110413545872,125.85318756103516,1469764.0
2018-07-05,MMM,126.65007249677242,126.91356115935116,125.33903285207819,126.82359313964844,2415083.0
2018-07-06,MMM,126.66292327355461,127.28630745451191,126.2130597307156,126.90070343017578,1942902.0
2018-07-09,MMM,127.33773733157237,129.0729321599321,127.29274745423905,128.8737030029297,2352652.0
2018-07-10,MMM,129.17575910042365,130.19117456976312,128.78373962593048,129.48423767089844,2019685.0
2018-07-11,MMM,128.41742124952285,128.41742124952285,126.92000649735319,127.04212188720703,2216308.0
2018-07-12,MMM,127.99968943920798,128.53309394985226,126.86217030809809,128.09608459472656,2073266.0
2018-07-13,MMM,128.70664002948314,129.68349294208375,128.53311933261767,129.29147338867188,1943978.0
2018-07-16,MMM,129.52921474240233,129.54849611719195,128.5844977476926,129.24644470214844,1755728.0
2018-07-17,MMM,129.169320732986,130.50606890759101,128.61663489579144,129.8634033203125,2297038.0
2018-07-18,MMM,129.95981470083643,130.5703564676803,129.40070166879497,129.94696044921875,2326220.0
2018-07-19,MMM,129.66417786551372,130.00479204386963,128.21818025296372,129.5613555908203,3129214.0
2018-07-20,MMM,128.10249250128214,130.4289356908576,127.40840995502016,129.78627014160156,2781178.0
2018-07-23,MMM,129.52276924131695,129.52276924131695,127.04208702361916,127.7875747680664,3909844.0
2018-07-24,MMM,123.99590601441473,129.94056432085407,122.47278252684046,128.9701385498047,9791054.0
2018-07-25,MMM,128.93795053532727,131.4186328043236,128.86725216966713,131.3479461669922,4000859.0
2018-07-26,MMM,131.67576711463482,133.95722132144368,131.52152779180358,133.64874267578125,3406567.0
2018-07-27,MMM,134.11141362447947,135.34533950284595,132.9353435983498,133.30166625976562,2688608.0
2018-07-30,MMM,133.8350851997287,134.477750843833,131.5921825709379,131.82354736328125,2440438.0
2018-07-31,MMM,133.17958700401834,136.74638425561767,132.7104419456488,136.4507598876953,4273428.0
2018-08-01,MMM,135.58954569456083,135.64096269317304,132.94819677246812,133.06387329101562,2471654.0
2018-08-02,MMM,132.356936660459,132.38264515980146,131.0073459999511,132.08702087402344,2032841.0
2018-08-03,MMM,132.33767858020164,133.40449929783972,131.8749490082566,133.21812438964844,1554680.0
2018-08-06,MMM,133.32091205854977,133.32733918227865,131.9006232694176,132.8389129638672,1272305.0
2018-08-07,MMM,133.68084539270313,134.70911511059063,133.2695445425469,134.04074096679688,1572262.0
2018-08-08,MMM,133.98932621286957,134.34279466735092,132.88394269815686,133.12173461914062,1258312.0
2018-08-09,MMM,133.1217067691332,133.6551111737603,131.41863610959265,131.60501098632812,2167870.0
2018-08-10,MMM,130.98161462161008,131.1872708520969,129.17572186987528,129.7926788330078,2264267.0
2018-08-13,MMM,129.83129053557747,130.32614406310444,128.2117720324588,128.43028259277344,1898291.0
2018-08-14,MMM,128.39172215382098,129.22718992500978,128.15394193913605,128.86729431152344,2055924.0
2018-08-15,MMM,128.051110895752,129.66420233935298,126.6758114006962,129.42642211914062,2426564.0
2018-08-16,MMM,129.83124650577753,130.73741234207807,129.70271575496514,130.55746459960938,1961679.0
2018-08-17,MMM,130.64104615595622,131.74000259645564,129.74774601778185,131.59861755371094,1912284.0
2018-08-20,MMM,132.20912872809575,132.26054572841812,130.88524652476798,131.48934936523438,2501673.0
2018-08-21,MMM,131.7463981947353,132.41477222109683,131.3543787901039,132.18983459472656,2044801.0
2018-08-22,MMM,132.24125367984794,132.24125367984794,130.71814245153462,131.2708282470703,1747715.0
2018-08-23,MMM,131.3355562056524,131.4326092934843,130.33921534558166,131.17381286621094,1635291.0
2018-08-24,MMM,131.51666119947186,132.94646989871066,131.3807987340333,132.81707763671875,2005214.0
2018-08-27,MMM,133.3928903614823,134.8938714319266,133.1793972426659,134.7838897705078,2125531.0
2018-08-28,MMM,135.1980030270664,135.9420295678283,134.88098651349117,135.49562072753906,2555493.0
2018-08-29,MMM,135.32738971210335,136.49194421787317,134.90039150966436,136.1619873046875,2523919.0
2018-08-30,MMM,135.67672651116519,136.5695557592261,135.36618028756402,136.00668334960938,2679997.0
2018-08-31,MMM,135.58617253145758,136.977160507967,135.50205985654054,136.45957946777344,2324426.0
2018-09-04,MMM,136.22019850901637,136.34959081071798,134.27927856265978,134.95860290527344,2521766.0
2018-09-05,MMM,134.75805218273803,137.10010149252398,134.14990003742565,137.04833984375,2333994.0
2018-09-06,MMM,137.15829470670138,138.04465373382047,136.5566128851992,137.63705444335938,2826746.0
2018-09-07,MMM,137.31353367482652,137.78582308922617,135.84490380584992,137.52703857421875,3276083.0
2018-09-10,MMM,138.24519388658098,139.98556075825599,137.7146843665059,137.7599639892578,2870041.0
2018-09-11,MMM,136.74428139253845,137.3006719607757,135.86439228472196,137.01600646972656,2353130.0
2018-09-12,MMM,137.3524098813347,138.94396244174928,133.2117851419318,133.73582458496094,5904652.0
2018-09-13,MMM,134.1433878354355,135.30794191964804,133.63227713464087,135.2497100830078,2596875.0
2018-09-14,MMM,135.1138904114,136.05846966339837,134.02050822556333,134.4927978515625,2059034.0
2018-09-17,MMM,134.22107959613814,135.98731623547144,134.11756809080677,135.56031799316406,1926038.0
2018-09-18,MMM,136.01963531365934,137.04832714605982,134.84861076726318,136.85423278808594,1976868.0
2018-09-19,MMM,137.00951579987515,138.54284835087736,136.9189447233219,137.8829345703125,2253862.0
2018-09-20,MMM,138.9051628651187,140.39320417149597,137.97352392453266,139.27394104003906,2481820.0
2018-09-21,MMM,140.6002046291091,140.95604230344284,139.49388218160942,139.95970153808594,6654185.0
2018-09-24,MMM,139.351554629049,139.6621008781897,137.6047172189521,138.13523864746094,2445581.0
2018-09-25,MMM,138.5363789806982,138.5363789806982,136.0455267736423,136.2784423828125,2500358.0
2018-09-26,MMM,136.82833509090653,137.5400103800576,136.2784149192379,136.55661010742188,2006529.0
2018-09-27,MMM,137.15830597415805,137.72117841985744,135.86435935722417,135.93553161621094,1925321.0
2018-09-28,MMM,135.56027480109535,136.69247801977005,135.13327669483763,136.32369995117188,2990239.0
2018-10-01,MMM,137.41709378653428,138.0640670545343,136.7118886739147,137.28121948242188,2187245.0
2018-10-02,MMM,137.40416534976092,139.6426911629909,137.2230114021023,139.55857849121094,2092282.0
2018-10-03,MMM,139.74618497117,140.6131333666939,139.06039050039482,139.59091186523438,2558483.0
2018-10-04,MMM,139.00215246910614,139.52619175445486,137.18415505922565,138.3487091064453,2012270.0
2018-10-05,MMM,138.6786733408516,139.11861180652645,136.55012964493898,137.9281768798828,2559799.0
2018-10-08,MMM,137.8894190614707,138.8275281817917,137.32654650511026,138.69166564941406,1993373.0
2018-10-09,MMM,137.59822602683758,137.8764330130913,135.631437351238,136.13607788085938,3525090.0
2018-10-10,MMM,135.34032735143265,135.34032735143265,130.39745576829978,130.78564453125,4216139.0
2018-10-11,MMM,130.1386522601239,131.27732575179192,127.1302193008639,127.27902221679688,4182651.0
2018-10-12,MMM,129.95749732915652,131.0444091698188,126.76145205315854,128.24948120117188,3346528.0
2018-10-15,MMM,127.98423125333807,129.84752057210443,127.72544664567761,128.70884704589844,2168109.0
2018-10-16,MMM,129.69223522560827,131.02499117850581,128.89644724710658,130.90206909179688,2319642.0
2018-10-17,MMM,130.5527269261284,131.83373329465343,129.68577833243197,131.290283203125,2181743.0
2018-10-18,MMM,130.90853811117555,131.02498999190078,128.35946630330227,129.64047241210938,2797922.0
2018-10-19,MMM,129.47227591060627,130.10630884347836,128.34007255805687,129.29759216308594,3788091.0
2018-10-22,MMM,130.20334861191887,131.59434837022434,129.19407917977517,130.27452087402344,3902907.0
2018-10-23,MMM,122.14856402989737,126.08863690473191,119.36658741886538,124.57471466064453,9873698.0
2018-10-24,MMM,124.283546776327,124.83994903868073,119.02365923769094,119.39242553710938,5984186.0
2018-10-25,MMM,120.70579607191745,121.29454942699064,117.98203992561864,119.68358612060547,4228099.0
2018-10-26,MMM,118.59662639239724,120.76399136601435,117.73616005287396,119.65766906738281,4241255.0
2018-10-29,MMM,121.53390153588556,122.20028543981468,118.49959964675635,120.20113372802734,3429650.0
2018-10-30,MMM,120.8739768962646,122.97663989338139,119.69002391430138,122.80195617675781,3491842.0
2018-10-31,MMM,123.37777107135904,124.29646929526747,122.71138721636108,123.09309387207031,3402740.0
2018-11-01,MMM,123.3195660854852,125.00170160103023,122.98313898237619,124.36119842529297,2682389.0
2018-11-02,MMM,125.29282909518474,125.81686852703565,123.96006118180759,124.7428970336914,3671242.0
2018-11-05,MMM,125.18927778357697,125.87507220378914,124.35469228004558,125.02753448486328,3452254.0
2018-11-06,MMM,125.04049411408658,126.48324361583164,124.86581038006868,126.35385131835938,2272639.0
2018-11-07,MMM,127.57663417503998,130.3003897848951,126.42502032396457,130.22921752929688,2923502.0
2018-11-08,MMM,130.04160532183977,132.15720907847765,129.8669215762866,132.02781677246094,3030664.0
2018-11-09,MMM,131.98254142555885,131.98254142555885,129.20056518268674,130.1063232421875,2905443.0
2018-11-12,MMM,129.76340087453616,129.89279317136092,127.13021627394687,127.47958374023438,3312920.0
2018-11-13,MMM,127.79017095288657,129.96400710299625,127.55726710530726,128.34010314941406,2593885.0
2018-11-14,MMM,129.91221764271387,130.067490776853,126.99436731651802,128.13951110839844,3346049.0
2018-11-15,MMM,127.92596746357576,132.7135759655036,126.9619779206552,132.5712432861328,3776370.0
2018-11-16,MMM,131.49085475211828,135.715593011667,131.07679691818007,135.21742248535156,3133998.0
2018-11-19,MMM,134.4604354752922,134.6027681909996,132.22190964353555,133.00474548339844,3851598.0
2018-11-20,MMM,131.71080564732557,132.07311356441105,129.5175711409722,129.72459411621094,3201931.0
2018-11-21,MMM,130.06986508824895,131.04695261973876,129.40544461582968,129.42498779296875,2191909.0
2018-11-23,MMM,128.81918175883018,129.41847018011708,128.18733326403242,128.19384765625,1195880.0
2018-11-26,MMM,129.3467758298287,131.47031256264512,128.53253646736187,130.18707275390625,2775916.0
2018-11-27,MMM,129.70507969140937,131.13813899140416,128.18081890034807,130.72776794433594,2487202.0
2018-11-28,MMM,131.57454128506978,133.1118305530252,129.90047358303204,133.10531616210938,2612542.0
2018-11-29,MMM,132.79913896419896,134.0823786363028,132.0109572472658,133.24859619140625,1876763.0
2018-11-30,MMM,133.11831490153338,135.43727111816406,132.87077999017205,135.43727111816406,3793592.0
2018-12-03,MMM,137.58037349339764,138.0624027711403,134.8705888898138,135.98446655273438,2982106.0
2018-12-04,MMM,135.5284311629047,135.8476124010738,131.63962681263516,131.71127319335938,3227645.0
2018-12-06,MMM,130.0242568976243,132.2845844978897,129.09928455812724,132.02403259277344,3578193.0
2018-12-07,MMM,131.98490616373118,133.12484120573458,128.33059488426247,129.13180541992188,2696382.0
2018-12-10,MMM,129.21000226713676,129.59432757556385,126.13543546244577,129.18394470214844,2368439.0
2018-12-11,MMM,131.09902370377537,131.58105295886634,127.76390526282626,128.6237335205078,2187364.0
2018-12-12,MMM,130.6690810772364,131.98489262749214,130.08283358507455,130.15447998046875,2295124.0
2018-12-13,MMM,131.20970844783267,131.84155651487026,129.96554358961055,131.66567993164062,2190713.0
2018-12-14,MMM,130.35640231125046,131.3009173572247,127.57496039590313,127.73780822753906,2957947.0
2018-12-17,MMM,127.5684990462629,129.1383485164038,124.969447048249,125.6012954711914,3046930.0
2018-12-18,MMM,125.9725787791102,128.27199230283364,125.81624528766375,126.73470306396484,3153015.0
2018-12-19,MMM,127.67268308377662,129.1252850042233,123.56892663412587,123.73828887939453,3906734.0
2018-12-20,MMM,123.18461507454735,124.49391245380231,120.83308654921652,122.05770874023438,4316603.0
2018-12-21,MMM,122.37038114405739,124.0900495351647,119.62151034203568,119.69316864013672,8012243.0
2018-12-24,MMM,118.481560054742,119.55635117606504,116.27986269285559,116.35150909423828,2690402.0
2018-12-26,MMM,116.84654325188595,121.37371046125318,115.21155059464614,121.32810974121094,3498898.0
2018-12-27,MMM,119.53032033992332,124.2203369140625,119.12645189082855,124.2203369140625,3359564.0
2018-12-28,MMM,124.94336573110586,125.26254707764033,122.8328578323206,123.35397338867188,2764434.0
2018-12-31,MMM,123.98581295916837,124.8391385824311,122.7872603403054,124.1160888671875,2158062.0
2019-01-02,MMM,122.34430966385389,124.40921675395164,121.61475742223233,124.38317108154297,2960339.0
2019-01-03,MMM,122.6439394682209,122.6439394682209,119.13294502663204,119.69966125488281,4016407.0
2019-01-04,MMM,121.64734809147429,125.05412494428326,121.1783357147781,124.62419891357422,3582140.0
2019-01-07,MMM,124.65025243181816,125.26255761544417,122.89149768280284,124.33758544921875,2585991.0
2019-01-08,MMM,125.71854725316565,126.44159718337087,123.49079171225551,124.85871887207031,2965841.0
2019-01-09,MMM,125.88134689128815,126.33081597221906,124.66325120800785,125.26252746582031,2587666.0
2019-01-10,MMM,124.33103186286938,126.24611949944989,123.37348804457913,126.10932922363281,2319403.0
2019-01-11,MMM,124.96291315636725,125.5166006827616,124.3245504415643,125.20393371582031,2822440.0
2019-01-14,MMM,124.18124132456468,125.6077857964696,123.63406820808166,125.17787170410156,2289622.0
2019-01-15,MMM,123.00873152642694,124.20729608848717,122.37036884869191,123.0738754272461,3273811.0
2019-01-16,MMM,122.79379125817243,124.05098556355108,122.73517362416408,123.42565155029297,2980552.0
2019-01-17,MMM,122.82634457022185,125.65338787090272,122.3964304732594,124.87823486328125,2366764.0
2019-01-18,MMM,126.59137368094676,127.93324282207831,125.30161965599807,127.58148956298828,3284934.0
2019-01-22,MMM,126.51322142362312,126.68909808155145,124.04445759720036,125.23649597167969,3240682.0
2019-01-23,MMM,125.477512235432,126.36991238806681,123.94673749112755,125.25603485107422,1976868.0
2019-01-24,MMM,125.2365062490208,125.82928017719252,124.7479625785892,125.40586853027344,1893029.0
2019-01-25,MMM,126.8389130220443,128.4283052453715,126.66955077611122,127.60755157470703,2774840.0
2019-01-28,MMM,125.8097066925497,126.01164088069412,124.4613231585033,125.84879302978516,3775294.0
2019-01-29,MMM,127.02782583345343,130.20662265024612,126.50020773387965,128.29153442382812,5156076.0
2019-01-30,MMM,129.11875582376064,130.34989212768542,126.78026849407227,129.80271911621094,2593048.0
2019-01-31,MMM,129.496591380624,130.85800383696926,128.80611356711455,130.4736785888672,3992726.0
2019-02-01,MMM,131.24882836972716,131.43121940396946,129.1643780874302,129.73109436035156,2678322.0
2019-02-04,MMM,129.63335991712202,130.44759912058123,127.83551928038125,130.4150390625,2360426.0
2019-02-05,MMM,130.7472487993247,131.0143268897062,130.10237176870135,131.0078125,2436132.0
2019-02-06,MMM,131.07294834476357,132.2845416525604,130.44110007506433,131.95233154296875,2000190.0
2019-02-07,MMM,130.94272641121952,131.84165314966802,129.53572460167393,130.17408752441406,2331482.0
2019-02-08,MMM,129.77018631950736,130.1805691738075,128.9103580403946,130.16102600097656,1736353.0
2019-02-11,MMM,130.88406149530255,131.05993814392312,130.04376459357613,130.87103271484375,1810146.0
2019-02-12,MMM,132.14774599518046,134.7011965300507,131.70480316287225,134.55789184570312,3137108.0
2019-02-13,MMM,134.89664813212258,137.05275707039684,134.57095234885125,136.60980224609375,3548891.0
2019-02-14,MMM,135.50128725985425,135.84891297133925,133.83531240358045,134.41250610351562,2666721.0
2019-02-15,MMM,135.41604862040862,137.06234560688375,135.11433882499867,136.99020385742188,2392478.0
2019-02-19,MMM,136.36710559003168,137.1804149374158,136.0260392214744,136.69505310058594,1835142.0
2019-02-20,MMM,137.03611116212159,137.06234887882897,135.9801268529784,136.7737579345703,2247404.0
2019-02-21,MMM,136.531089593977,137.15418751685056,135.9342174193172,136.27528381347656,2078170.0
2019-02-22,MMM,136.27529684963386,137.51494535423424,135.8686480913971,137.31161499023438,1834903.0
2019-02-25,MMM,138.0461934459733,138.6233873126526,137.96093283519465,138.11834716796875,2611466.0
2019-02-26,MMM,138.11832458694965,138.78077895610267,137.32469362355792,137.3312530517578,1998875.0
2019-02-27,MMM,137.47554803692256,137.53457092076243,136.53106219789026,137.1016845703125,1842558.0
2019-02-28,MMM,137.1147974772919,137.1147974772919,135.74397280570764,136.02601623535156,2537553.0
2019-03-01,MMM,136.95742921120674,137.58052719144774,135.7046738206269,136.09164428710938,2098262.0
2019-03-04,MMM,137.0754409163932,137.72477639880393,134.94378245790477,135.6783905029297,2379920.0
2019-03-05,MMM,134.8388581064363,135.93419889431328,133.69760131835938,133.69760131835938,3282422.0
2019-03-06,MMM,134.28137721789193,134.32073379964254,132.98926520852044,133.0155029296875,2183059.0
2019-03-07,MMM,132.85805703534677,132.85805703534677,130.19512048521557,131.08714294433594,3994162.0
2019-03-08,MMM,130.11639865897737,131.94634731816387,129.86715237637694,131.7626953125,2062502.0
2019-03-11,MMM,132.41206004060143,135.87518726333704,132.2677645692076,135.83583068847656,2852819.0
2019-03-12,MMM,136.3211973904801,136.68194206669216,134.7076974613531,134.98316955566406,2529660.0
2019-03-13,MMM,135.65872426647894,135.9669934653268,134.87165269816956,135.54722595214844,2435893.0
2019-03-14,MMM,135.57345301366777,136.06537424486118,134.9372363243622,136.01947021484375,2144906.0
2019-03-15,MMM,136.688512223298,136.85904543072184,135.63251582929598,136.47862243652344,5256061.0
2019-03-18,MMM,136.71474618353238,136.8196970681038,134.85857104983504,136.74754333496094,2204946.0
2019-03-19,MMM,137.1476292449879,138.0921152815113,136.62947021988134,137.09515380859375,2812514.0
2019-03-20,MMM,137.08200308074655,138.07240489386675,135.96042467689873,136.6228790283203,2074582.0
2019-03-21,MMM,135.63906397907888,137.84287663253036,135.09466725262192,137.4821319580078,2736568.0
2019-03-22,MMM,136.61633623152414,136.74751283822079,134.11081396759997,134.23544311523438,3248456.0
2019-03-25,MMM,133.44838234817777,134.7667320088565,132.65475117374538,133.28440856933594,2416638.0
2019-03-26,MMM,134.45846869515162,136.19003857946643,134.30761376951793,135.92767333984375,2267138.0
2019-03-27,MMM,136.03256687739903,136.3867400514743,134.54368456965955,135.87515258789062,2396784.0
2019-03-28,MMM,136.42613212772005,136.91149397752278,135.53412157823672,136.7737579345703,1998038.0
2019-03-29,MMM,137.2722164018663,137.40995242250278,135.24549675172574,136.2818145751953,3418527.0
2019-04-01,MMM,137.6657854159071,139.3055230716092,137.25256530239406,139.01036071777344,3095726.0
2019-04-02,MMM,139.20712099632027,139.50883078675986,138.39381166001155,139.13497924804688,1690546.0
2019-04-03,MMM,139.67279332616903,140.31556942891606,139.33828641802435,139.79086303710938,1877720.0
2019-04-04,MMM,140.0336034400193,141.19453901890398,139.26620980880466,141.03712463378906,1866836.0
2019-04-05,MMM,141.59458513643384,141.9946743896448,140.88621469499702,141.28631591796875,1663756.0
2019-04-08,MMM,140.8272177150782,141.06334524899168,140.0139081623424,141.03054809570312,1351480.0
2019-04-09,MMM,140.63693694970996,140.73532836113014,138.93161748576594,139.0234375,1813734.0
2019-04-10,MMM,139.32518701056173,139.51538650443445,138.2101559437135,139.12185668945312,1612926.0
2019-04-11,MMM,138.85953580984224,140.17132621779933,138.6824431471869,140.0532684326172,1412715.0
2019-04-12,MMM,141.08302234965853,142.65060656597404,140.59110096377623,142.6046905517578,2299190.0
2019-04-15,MMM,142.2242372519739,142.56530360248553,140.95180385108995,141.56178283691406,1774027.0
2019-04-16,MMM,142.0602467387054,142.76860510098214,141.33219812302886,142.26356506347656,1853322.0
2019-04-17,MMM,142.74240297337832,143.85742210917505,142.4472406396949,142.74896240234375,2365210.0
2019-04-18,MMM,142.97201920732286,144.08047938057132,142.7359036047366,143.5623321533203,2129000.0
2019-04-22,MMM,142.5259697408585,143.90334224992617,142.50629145175952,143.3392791748047,1678586.0
2019-04-23,MMM,142.99164992215452,144.00173025318304,142.4472531793831,143.96893310546875,1867913.0
2019-04-24,MMM,143.64100600150473,144.13292737791156,143.050705137722,143.6934814453125,2450484.0
2019-04-25,MMM,129.56551262375564,130.49688004076,124.35770725439116,125.09231567382812,17516855.0
2019-04-26,MMM,124.96764315554056,126.09578114876531,124.20024981573184,125.71537017822266,5371595.0
2019-04-29,MMM,125.61699547236739,126.05645333185669,124.45606017972682,124.75778198242188,4548866.0
2019-04-30,MMM,125.18411587652932,125.18411587652932,122.3572049481568,124.29865264892578,5431036.0
2019-05-01,MMM,124.28555089941862,124.42984639992969,121.94400179937925,122.0423812866211,4566926.0
2019-05-02,MMM,121.01260096055418,122.32439093237072,120.27799283085199,121.17657470703125,6763260.0
2019-05-03,MMM,121.87183372398042,122.44902762787176,120.74369560474076,121.48486328125,5678249.0
2019-05-06,MMM,119.3990824682864,120.10089341493429,118.14632742537178,120.05497741699219,7795050.0
2019-05-07,MMM,119.24826469524044,119.30729956810785,116.62468408401361,117.4839096069336,6477058.0
2019-05-08,MMM,117.73969254913523,118.40869446286486,117.07723809468902,117.13626098632812,3576638.0
2019-05-09,MMM,116.29015265555442,116.35574694496518,114.24376643282972,114.96525573730469,6097447.0
2019-05-10,MMM,114.79472083427683,115.65393419411649,113.4763713949642,115.34566497802734,5994711.0
2019-05-13,MMM,114.08636261565461,114.5061301972626,113.33208806676446,114.17162322998047,7076373.0
2019-05-14,MMM,114.64386234837754,116.07371006345355,114.46021031629508,114.9193344116211,4800744.0
2019-05-15,MMM,114.13883204543684,115.2079352167117,113.89614513479724,114.20441436767578,3606538.0
2019-05-16,MMM,114.38150592805171,114.38150592805171,112.3941425359671,112.68929290771484,4831242.0
2019-05-17,MMM,111.50213798257133,111.6726711795956,110.47237937093396,110.90526580810547,5495620.0
2019-05-20,MMM,110.16412026187662,110.16412026187662,108.62276191732744,109.04254150390625,5232022.0
2019-05-21,MMM,109.54101257391262,109.80992524446546,108.99661583353101,109.7312240600586,4961247.0
2019-05-22,MMM,109.81648352980058,112.00061792832273,109.18026675261271,111.33160400390625,5387023.0
2019-05-23,MMM,110.8553036899987,111.33159932336724,108.87739836807697,109.72412872314453,4580919.0
2019-05-24,MMM,110.03505908692678,110.74949061765696,109.36033295167769,109.86968231201172,2830812.0
2019-05-28,MMM,110.33933754173164,110.46502096492269,108.05712890625,108.05712890625,5830620.0
2019-05-29,MMM,107.83222819541938,108.35482063654945,106.17184520740514,106.76719665527344,4388124.0
2019-05-30,MMM,106.76718128223342,107.34269806152558,105.84107648063465,106.2247543334961,2964525.0
2019-05-31,MMM,105.72865227171131,106.33061934550584,105.59634120302873,105.67572784423828,4212192.0
2019-06-03,MMM,105.67571475728305,106.83335195964837,105.39127013919692,105.8675537109375,4456894.0
2019-06-04,MMM,106.98547936037149,109.20813564960987,106.88624608806444,108.67893981933594,4481173.0
2019-06-05,MMM,109.24123197336482,109.69766888702918,107.74622573275333,108.38788604736328,3781274.0
2019-06-06,MMM,108.487156208033,110.04169087831089,107.46843319268726,108.96343994140625,4283833.0
2019-06-07,MMM,109.51907327071922,110.53116831652126,108.91047864610218,110.2136459350586,2413169.0
2019-06-10,MMM,111.20592461095042,112.60170986523569,111.04716339421364,111.32500457763672,2700090.0
2019-06-11,MMM,112.3965990049154,112.69427466930388,111.46387870391845,111.73509216308594,2663731.0
2019-06-12,MMM,112.37018177066119,112.55540520916144,111.52345122559387,111.8012924194336,2591014.0
2019-06-13,MMM,112.03280365040759,112.39001939076448,111.04715862380472,111.6954345703125,2561234.0
2019-06-14,MMM,111.29191697488653,111.29853252800676,109.84321949115427,110.2665786743164,3252163.0
2019-06-17,MMM,110.53780731244416,110.75610852306406,110.11444807143164,110.32613372802734,2132827.0
2019-06-18,MMM,111.03393294672607,113.957802474592,110.84872158624762,113.68657684326172,4333108.0
2019-06-19,MMM,113.6997981733037,114.31499632988974,112.81338648088835,112.95230102539062,3321770.0
2019-06-20,MMM,114.3546689681786,115.2874014363154,113.58070974753328,115.06248474121094,3664783.0
2019-06-21,MMM,114.93681309804454,115.47262457450756,114.19591948923305,114.67220306396484,5837437.0
2019-06-24,MMM,114.67217757739886,115.32706885612367,114.6655620262128,114.69202423095703,3243432.0
2019-06-25,MMM,114.60609431442087,114.69870000747683,113.30292662389749,113.79905700683594,3268907.0
2019-06-26,MMM,114.01071309024474,114.59946114793948,113.59396942726868,113.6998062133789,2167391.0
2019-06-27,MMM,114.11656318824888,114.30178662008761,112.88615470252674,113.44844055175781,2055326.0
2019-06-28,MMM,113.67995102251656,115.34694969369457,113.6270386695208,114.66559600830078,4306557.0
2019-07-01,MMM,116.06798148498169,116.27966708575102,114.784660920158,115.4395523071289,2519613.0
2019-07-02,MMM,115.82986749193456,115.82986749193456,114.48700656454325,115.11544799804688,1860258.0
2019-07-03,MMM,115.21467981629768,115.79018479676854,114.39441137973,115.75050354003906,1400157.0
2019-07-05,MMM,114.44072014407888,114.62594360661777,112.27759065909522,113.77921295166016,2081638.0
2019-07-08,MMM,112.40325595711357,112.77370282230454,111.64252763768424,111.92035675048828,2733219.0
2019-07-09,MMM,110.35258365368328,110.76933941202617,108.67898128283713,109.61170196533203,5425176.0
2019-07-10,MMM,109.93583996751923,110.68334928206046,109.52571183536631,109.61170196533203,3183393.0
2019-07-11,MMM,110.00861503348318,111.85420980307448,109.72415827291358,111.8211441040039,3366501.0
2019-07-12,MMM,112.52231372709724,114.67882711459404,111.9600399983428,114.66559600830078,3780197.0
2019-07-15,MMM,114.6920545814156,115.26757147037797,113.25658824374338,114.3348388671875,2616250.0
2019-07-16,MMM,114.27530074815061,117.25208200439525,114.25545409111454,116.74933624267578,4687004.0
2019-07-17,MMM,116.65672323122791,116.74934096781134,115.16833254286674,115.54539489746094,3525090.0
2019-07-18,MMM,115.38004747921062,115.85633117187692,114.0438020891554,114.48039245605469,2657273.0
2019-07-19,MMM,114.44731117441324,115.0955871182926,113.91810311944417,114.18270111083984,2822919.0
2019-07-22,MMM,114.31498919204903,115.90261320537415,113.86516782075303,115.52555084228516,2397262.0
2019-07-23,MMM,116.42521814423692,117.76146336809613,116.1936858449055,117.43070983886719,2823397.0
2019-07-24,MMM,117.0404090449852,119.26306586266857,116.59720320649595,118.68756103515625,4224631.0
2019-07-25,MMM,123.70837366683352,124.17805372176667,116.86178427201837,117.83419799804688,8804952.0
2019-07-26,MMM,117.50344658778937,118.00619233983339,112.83320474277201,115.08895111083984,4803256.0
2019-07-29,MMM,114.9897013811252,117.4968142305465,114.87724908167769,116.92792510986328,3156124.0
2019-07-30,MMM,116.20029634528605,117.62253163025203,114.96988795830165,117.50346374511719,2366764.0
2019-07-31,MMM,117.51668029953412,117.76144366485637,114.70527577147776,115.5784683227539,3606897.0
2019-08-01,MMM,115.6247891031783,117.52992351443773,114.46053627223851,114.67882537841797,2847915.0
2019-08-02,MMM,114.3480607623397,114.38775407676262,112.33046214528572,112.81997680664062,2898028.0
2019-08-05,MMM,111.76157618331855,111.80788505149445,108.76494815625112,108.956787109375,3462061.0
2019-08-06,MMM,109.02954314596393,109.46613334057486,107.75944172788508,108.2952651977539,4179781.0
2019-08-07,MMM,107.16410392354913,108.45404008770902,104.54453828010416,108.24897003173828,7167867.0
2019-08-08,MMM,108.73186586596108,109.47275943722154,108.18943886433372,108.63264465332031,3899080.0
2019-08-09,MMM,108.84434391361101,108.9832584576099,107.18396079442084,108.13652801513672,1892192.0
2019-08-12,MMM,107.83886513172399,109.00311811998559,106.86645113555566,107.23027038574219,1762665.0
2019-08-13,MMM,107.53455683442864,111.05376538774533,107.26333123782825,109.06924438476562,3880542.0
2019-08-14,MMM,107.4948751312259,107.73962647050537,104.96129918058749,105.05391693115234,4851096.0
2019-08-15,MMM,105.51454097909127,106.60933431776414,103.89236096450287,104.70011901855469,5325429.0
2019-08-16,MMM,105.36764047295667,108.08460064495326,105.1072852752572,107.81090545654297,4164233.0
2019-08-19,MMM,109.28623868517107,109.4464526233734,107.99785109118386,108.77889251708984,3824808.0
2019-08-20,MMM,108.88567136939925,108.88567136939925,107.45042236165422,107.48380279541016,2465793.0
2019-08-21,MMM,108.6053226142508,109.24617834470857,107.51052943849251,107.57727813720703,1941826.0
2019-08-22,MMM,108.14470681637991,108.7655342694311,106.90971581563113,107.39703369140625,1724154.0
2019-08-23,MMM,106.86299314615638,107.04322315299017,103.65202635751402,104.03921508789062,5051784.0
2019-08-26,MMM,104.81358721439429,105.12066291056021,103.52519963509877,104.21945190429688,2649499.0
2019-08-27,MMM,105.027191294886,105.12732041893298,103.73879176065587,103.97244262695312,2728196.0
2019-08-28,MMM,103.5385599610738,105.32761775518726,102.80423892168078,105.17407989501953,2806892.0
2019-08-29,MMM,106.34229186051961,107.49716974877987,106.17540185143413,107.04989624023438,3791918.0
2019-08-30,MMM,107.85764217995721,108.24481867398653,107.0832648266178,107.95777130126953,2352532.0
2019-09-03,MMM,107.74416145319832,107.89769928812261,104.98046824191901,105.90169525146484,2195617.0
2019-09-04,MMM,106.69610168905308,107.23013997975812,106.13534686464249,106.85631561279297,1801894.0
2019-09-05,MMM,108.47847635396577,111.08863158552118,108.4050393931168,109.63335418701172,2895994.0
2019-09-06,MMM,109.90705552276481,110.06726944544225,108.77888197630114,109.43976593017578,2107711.0
2019-09-09,MMM,110.14738356362426,112.04992239099296,109.94043702489346,110.77488708496094,3697195.0
2019-09-10,MMM,110.92174202868662,112.88436552572645,110.82161290067812,112.72415161132812,3875279.0
2019-09-11,MMM,113.39173446612962,113.41176273229513,110.39438991761115,112.20347595214844,4280604.0
2019-09-12,MMM,113.23151970616259,114.72017783664676,112.5572834806745,113.87237548828125,3432998.0
2019-09-13,MMM,113.87904882174232,115.14074427207584,113.39173090826971,114.44647979736328,3030903.0
2019-09-16,MMM,114.29292937067781,114.29292937067781,112.08997877831094,113.26488494873047,2941323.0
2019-09-17,MMM,111.98984300019542,112.53055734755954,111.14871690328977,112.19677734375,3248814.0
2019-09-18,MMM,111.88971880800507,112.18345451510478,110.31428377126993,111.77623748779297,2507653.0
2019-09-19,MMM,111.74285848886332,112.69080214115085,111.42243060665557,111.52923583984375,1941108.0
2019-09-20,MMM,111.76957282216522,112.93112704453843,111.13539308961646,111.32231140136719,4423884.0
2019-09-23,MMM,110.47450900072556,111.76957282216522,109.81362491183467,111.32231140136719,2318566.0
2019-09-24,MMM,111.51587479475648,111.8496547909358,109.58661959456111,109.97380828857422,3572213.0
2019-09-25,MMM,109.9871740249155,110.13403577942616,109.272881333877,109.47982788085938,3298807.0
2019-09-26,MMM,109.47983414058727,109.75352940110042,108.67876444170706,109.36634063720703,3304907.0
2019-09-27,MMM,109.8002682375798,110.57463362657191,109.15941244218718,109.83364868164062,3432879.0
2019-09-30,MMM,110.28756798735634,110.52789496232239,109.43976576122652,109.74684143066406,3000166.0
2019-10-01,MMM,110.14736384160275,110.28754947737096,105.58792563132162,105.72811126708984,3912714.0
2019-10-02,MMM,104.84697592322681,104.95378116168456,103.22479598404102,103.90570831298828,3554871.0
2019-10-03,MMM,103.56523564477554,103.77885827029283,100.67470893442564,103.62532043457031,3618737.0
2019-10-04,MMM,103.62531550433097,104.17271812626912,103.07123679495548,104.01918029785156,3165094.0
2019-10-07,MMM,103.47177535938079,103.70541404917444,102.4837875366211,102.4837875366211,2955555.0
2019-10-08,MMM,101.6894019305729,102.00315371089108,100.52117177331377,100.62798309326172,3327033.0
2019-10-09,MMM,101.69609642357042,101.76285122637356,100.6613817518156,100.79489135742188,4016886.0
2019-10-10,MMM,100.76815973945752,102.19674502611785,100.71475712992624,101.67604064941406,3817632.0
2019-10-11,MMM,102.8909796950563,106.54253097560873,102.877627522118,105.54119110107422,5585559.0
2019-10-14,MMM,105.50116781241766,108.40504671830884,105.0338782142717,107.15003967285156,3910681.0
2019-10-15,MMM,106.375655262616,109.4931687742864,106.375655262616,108.79890441894531,3705926.0
2019-10-16,MMM,108.87900574069192,109.6133266232954,108.2247979067977,108.26485443115234,2314499.0
2019-10-17,MMM,108.90571342973197,110.47448437128891,108.86565690414905,109.17274475097656,2325742.0
2019-10-18,MMM,109.18610857049535,109.66007429251535,108.79891981385123,108.87902069091797,3221665.0
2019-10-21,MMM,110.4611353242926,110.91507274582956,109.98716963939698,110.77488708496094,2390326.0
2019-10-22,MMM,110.99519240385438,112.75754567522044,110.21413881695935,111.8429946899414,2468544.0
2019-10-23,MMM,111.75618359462287,112.65739440917969,111.18876494103992,112.65739440917969,3243911.0
2019-10-24,MMM,110.25416514991868,110.31424992711402,106.56255741364836,108.07124328613281,7120147.0
2019-10-25,MMM,108.48516605659827,111.90306737324576,108.23148688810528,110.8750228881836,3713341.0
2019-10-28,MMM,111.13536189468617,113.29157968970303,110.94844363540211,112.85765838623047,3753048.0
2019-10-29,MMM,112.17010516717635,113.45181671177902,111.82297292673923,112.69080352783203,3192602.0
2019-10-30,MMM,112.30361877767305,112.5305814319489,111.50254903360926,112.3970718383789,2129358.0
2019-10-31,MMM,112.49050571365333,112.52388614839863,109.17941023972894,110.14069366455078,3173108.0
2019-11-01,MMM,111.4424557567198,113.5853217275709,111.29559399670042,113.5452651977539,2951010.0
2019-11-04,MMM,114.56663460734252,116.82299409894021,114.56663460734252,116.75623321533203,4954789.0
2019-11-05,MMM,116.82299266239853,117.13006835793416,116.00189471732966,117.00323486328125,2756062.0
2019-11-06,MMM,116.76288595539127,116.82297073862388,115.06060559020625,116.15541076660156,3603428.0
2019-11-07,MMM,117.31028618909141,117.96449397393164,116.01522279319467,116.5025405883789,4017125.0
2019-11-08,MMM,116.5426126224654,116.73620700569487,114.8937405947405,115.58800506591797,1932258.0
2019-11-11,MMM,115.154092088431,115.154092088431,113.25154094352986,113.5586166381836,3186503.0
2019-11-12,MMM,113.7255010995778,114.86702685762795,113.50521456307271,114.04592895507812,2081518.0
2019-11-13,MMM,113.55859434957426,114.41307256587082,113.20478610654708,113.8523178100586,1960005.0
2019-11-14,MMM,113.47181565835388,115.03389815406264,113.43843522412072,114.10599517822266,1930224.0
2019-11-15,MMM,114.5933344724845,115.28092281614589,114.1794535582533,114.74019622802734,3129812.0
2019-11-18,MMM,114.01257790708446,114.28627318836516,112.93112459455494,113.84568786621094,2828062.0
2019-11-19,MMM,114.6333818077228,114.6333818077228,113.17142827499679,113.93911743164062,2142993.0
2019-11-20,MMM,113.34497776656512,113.48516340223205,111.58261273425022,111.99650573730469,3216642.0
2019-11-21,MMM,112.36685395579399,112.44766058594121,110.77104589151486,111.19524383544922,4312656.0
2019-11-22,MMM,111.43764865350265,112.95266233789472,111.10097894585996,112.85165405273438,3908887.0
2019-11-25,MMM,113.43747586006893,114.71008206730463,113.03346725783751,114.62928771972656,3303232.0
2019-11-26,MMM,114.33301039792734,114.63601067665606,113.59906601282275,113.94920349121094,3122636.0
2019-11-27,MMM,114.46768016251855,115.39014880500615,114.13774432861963,114.87841033935547,1592474.0
2019-11-29,MMM,114.75721241057047,114.85820841103332,113.96940920024396,114.31281280517578,1127230.0
2019-12-02,MMM,114.57540916386719,115.61235385899836,113.28260138194413,113.30280303955078,2801271.0
2019-12-03,MMM,112.11099185695349,112.17831842788941,110.69697412183037,111.21544647216797,3231592.0
2019-12-04,MMM,112.05712060285794,113.70679976596985,111.77432197149959,112.54192352294922,2558483.0
2019-12-05,MMM,112.59581868050914,113.03348449289928,109.56579056610349,110.67679595947266,3957923.0
2019-12-06,MMM,112.61602034464403,115.80764946702044,112.61602034464403,115.45751190185547,4640480.0
2019-12-09,MMM,114.06368552485192,115.31610244242731,113.65295529781375,114.35321807861328,2461607.0
2019-12-10,MMM,113.88187450553416,114.05694325990275,112.42746566870446,112.8920669555664,3193918.0
2019-12-11,MMM,113.37687794942663,113.68661216265494,112.6698689955147,113.6192855834961,2223364.0
2019-12-12,MMM,112.26586225246791,115.04001442910004,111.99651909644933,113.49807739257812,3435390.0
2019-12-13,MMM,114.21181754297102,115.22182681524745,113.17487272400226,113.6529541015625,2509208.0
2019-12-16,MMM,113.75395450825505,115.02656083371825,113.24894985260676,114.97270202636719,3488971.0
2019-12-17,MMM,114.70332318423276,115.67294116066108,113.93572175300932,114.42052459716797,3196430.0
2019-12-18,MMM,114.31952627791615,114.46765945326338,113.24891233886169,113.81452178955078,2715398.0
2019-12-19,MMM,114.21178662293441,116.20486908121681,113.89531861120412,115.91533660888672,3298090.0
2019-12-20,MMM,117.69296760930185,118.1508349469886,115.94901419154118,118.08349609375,8985548.0
2019-12-23,MMM,118.98578997342747,120.64893697258998,118.88478168110176,120.17086791992188,5832055.0
2019-12-24,MMM,120.0361825345128,120.30551335972416,118.53462447640864,118.96556854248047,1506362.0
2019-12-26,MMM,118.81072902565344,118.95212835608392,118.17105895136056,118.90499114990234,1716499.0
2019-12-27,MMM,118.94539001649044,119.54465674876418,118.25184887538295,119.35613250732422,1761588.0
2019-12-30,MMM,119.35614921207484,120.50082403417942,118.23166376371793,118.39326477050781,2051260.0
2019-12-31,MMM,117.98921081178928,118.90494530729346,117.8814686677703,118.79048156738281,1881906.0
2020-01-02,MMM,119.63890671416695,121.2077913190515,119.27530150203823,121.20105743408203,4307633.0
2020-01-03,MMM,119.1945527367008,120.29882427706009,118.25860380870273,120.15742492675781,2950412.0
2020-01-06,MMM,119.28203559298959,120.33244792137283,118.74336165883578,120.27184295654297,2389608.0
2020-01-07,MMM,120.04290376480742,120.197783120159,119.05983028124363,119.78704071044922,2598908.0
2020-01-08,MMM,119.8544128355514,122.21110121162575,119.61873908269807,121.62528991699219,3298927.0
2020-01-09,MMM,122.21780186926438,122.27166066158462,121.0394580016018,122.00906372070312,3284575.0
2020-01-10,MMM,122.28514919333976,122.66895613035547,121.29534165102643,121.51754760742188,2516145.0
2020-01-13,MMM,121.83400915350869,122.7026189858373,121.44346835122442,121.82054138183594,2500597.0
2020-01-14,MMM,121.8205424964608,122.91807988104277,121.34247346204226,122.12354278564453,3481795.0
2020-01-15,MMM,122.15720093710993,122.4534673130432,120.6489212282266,121.05291748046875,2968711.0
2020-01-16,MMM,121.65894334214885,122.00908083785399,120.99233778073194,121.88114929199219,2571280.0
2020-01-17,MMM,121.87441547044467,122.64875092013683,121.67241117849055,122.11007690429688,4413360.0
2020-01-21,MMM,122.4467187901464,122.48712209697423,120.27856773582037,120.7903060913086,4027769.0
2020-01-22,MMM,120.8711417130617,121.58487219775796,119.77359200949785,119.87458801269531,2894559.0
2020-01-23,MMM,119.22816792923102,120.15064875751538,118.77030060173168,119.67931365966797,2820646.0
2020-01-24,MMM,120.1843078300756,121.07310686781231,119.53790406149959,119.95536804199219,3161148.0
2020-01-27,MMM,121.10680028921232,121.59833709764081,118.19797046609823,118.25857543945312,5216234.0
2020-01-28,MMM,115.74703290979348,116.04329934666441,111.134664613967,111.49152374267578,10669157.0
2020-01-29,MMM,112.00998228376714,112.09078891369907,108.76449507709123,109.08096313476562,6391304.0
2020-01-30,MMM,108.40764186913641,109.5119133131137,106.89936178402984,109.42438507080078,5211092.0
2020-01-31,MMM,109.08095876326513,109.51862446018482,106.54246822966135,106.83200073242188,6865399.0
2020-02-03,MMM,107.75451000101052,107.94304655818607,105.29681315851212,105.43822479248047,4694898.0
2020-02-04,MMM,107.57942002923483,107.70735157522606,105.71426877495787,105.87586975097656,5219224.0
2020-02-05,MMM,107.14173935377133,109.30316925048828,106.85894072479145,109.30316925048828,3729367.0
2020-02-06,MMM,110.75756177586281,111.10096532708839,109.39741534066431,109.68021392822266,4082905.0
2020-02-07,MMM,108.68367998936756,109.02708356362885,107.48513442210486,107.78814697265625,3272495.0
2020-02-10,MMM,107.87569231970099,108.5827012363783,106.97341298632945,107.83528900146484,3294741.0
2020-02-11,MMM,108.40761725096715,109.43109410716724,107.74774563158974,109.38395690917969,2721020.0
2020-02-12,MMM,110.58925807885899,111.12793215434166,110.13812453109807,110.2929916381836,3272734.0
2020-02-13,MMM,109.90567230406236,109.98040340829617,108.0304262428363,108.54679870605469,4083024.0
2020-02-14,MMM,108.6079709470239,109.48444665072127,107.90816175663564,109.39612579345703,2671266.0
2020-02-18,MMM,108.95447928418452,109.06999199909784,107.37819446279424,107.94891357421875,2964764.0
2020-02-19,MMM,108.08484333874574,109.02925554202645,107.59563766865362,108.2614974975586,2746494.0
2020-02-20,MMM,108.03044799416233,109.65429681500419,107.69072952626,107.73149871826172,3917020.0
2020-02-21,MMM,107.57523500909929,107.7518767185089,106.07366888460797,106.62401580810547,4228219.0
2020-02-24,MMM,104.93901037229571,105.11566447648916,103.42386695530143,103.64807891845703,4348178.0
2020-02-25,MMM,104.16445045109488,104.2527712973507,99.17737908697377,99.77528381347656,6295026.0
2020-02-26,MMM,101.62337156504114,103.15210492036843,100.6178057277105,101.20891571044922,6161912.0
2020-02-27,MMM,102.75124114464167,105.60487432652742,101.23609748760875,102.02424621582031,9856954.0
2020-02-28,MMM,104.69442914036794,106.48134253527745,99.19777923395161,101.39915466308594,13753641.0
2020-03-02,MMM,102.82596563533922,104.2459871823331,100.80803930018554,103.96742248535156,9599455.0
2020-03-03,MMM,103.57333199530434,104.63325652220125,98.13784306144127,98.68138885498047,9922614.0
2020-03-04,MMM,99.89080282822295,104.63327204381264,99.1909812380372,104.61968231201172,6905465.0
2020-03-05,MMM,102.45907932195797,104.87108319988026,101.60978305504102,102.87353515625,7040852.0
2020-03-06,MMM,101.63695112599208,105.13605280681978,100.46832101035996,104.39546203613281,8557500.0
2020-03-09,MMM,99.59864003135226,101.54862390946144,97.53315583483311,97.87966918945312,9800502.0
2020-03-10,MMM,101.24966240660534,104.21200032867422,98.43679291399349,104.15765380859375,6759433.0
2020-03-11,MMM,101.73205763999371,101.73205763999371,99.51709292853597,100.0402603149414,5678847.0
2020-03-12,MMM,95.09399467988028,96.28300958921169,88.55781011200058,90.75918579101562,9826097.0
2020-03-13,MMM,95.807393963895,96.26941388501943,89.00623480803281,96.26261901855469,7870039.0
2020-03-16,MMM,88.23166327930377,92.06368223439988,86.97470615753512,88.945068359375,8899197.0
2020-03-17,MMM,89.64490555285829,92.92658437316781,88.06181940967093,91.34349822998047,7816338.0
2020-03-18,MMM,87.28045079713786,94.6931035243677,87.23288673838202,93.09642791748047,8205038.0
2020-03-19,MMM,93.56524291807915,95.24345071667939,90.31753277039569,93.42935180664062,7613377.0
2020-03-20,MMM,93.80984189443927,94.604779188089,83.37369069315352,84.85486602783203,11468683.0
2020-03-23,MMM,87.07662285059642,87.23968723460857,77.48297885899972,80.08522033691406,9489423.0
2020-03-24,MMM,83.08832749152408,90.67084610878186,82.21185798178522,90.17485809326172,11136793.0
2020-03-25,MMM,90.46699286342132,91.51332759452785,86.15257011326368,89.37310028076172,9260030.0
2020-03-26,MMM,89.54297442251888,92.66158834272123,88.74124227904998,92.52570343017578,8033532.0
2020-03-27,MMM,90.24959539050329,93.13040775893384,88.94507412567437,90.52816009521484,5097711.0
2020-03-30,MMM,89.85550883077212,93.76906602773983,89.04698186319138,93.58561706542969,4627922.0
2020-03-31,MMM,92.19278049150006,94.74066911814273,92.18598562585342,92.74991607666016,4321985.0
2020-04-01,MMM,89.68566895808125,92.29471178569837,89.01302675088043,90.4602279663086,4518010.0
2020-04-02,MMM,89.93026209297929,93.90496730816842,89.75360797677575,93.70113372802734,4772399.0
2020-04-03,MMM,92.41020415489933,93.38180181471529,90.29715578112537,90.90185546875,4291607.0
2020-04-06,MMM,93.6671580914869,95.97045023629207,93.01490056364655,95.59676361083984,6745081.0
2020-04-07,MMM,100.21692758236345,102.35036039735593,98.11067422988519,98.2465591430664,6573575.0
2020-04-08,MMM,99.01432869658883,101.72528184368197,97.77775607849355,101.22929382324219,3673036.0
2020-04-09,MMM,100.86919449379957,101.73208051216291,99.56467936655652,100.40718078613281,5721305.0
2020-04-13,MMM,100.21692284357769,100.95071249950962,98.7221640704848,99.46954345703125,3160191.0
2020-04-14,MMM,101.6573347876886,102.58136832640706,100.59062146863488,102.0106430053711,3968806.0
2020-04-15,MMM,100.68574171475349,100.93034449160132,98.45039819034729,98.6270523071289,3640504.0
2020-04-16,MMM,98.70177745951555,99.50351575215214,97.31572416024649,98.45038604736328,4987798.0
2020-04-17,MMM,100.17617608092402,100.89637612292073,98.38246154279693,99.51032257080078,6450148.0
2020-04-20,MMM,98.34847474036353,99.89079762491474,97.60109532750073,97.61468505859375,3460028.0
2020-04-21,MMM,96.64988838704498,97.00319661876163,95.46087363783447,96.2286376953125,2787996.0
2020-04-22,MMM,97.40405433893402,98.16502346502183,96.28298834581055,97.57391357421875,3288522.0
2020-04-23,MMM,98.23298486768081,100.27128975593644,97.75737522734158,98.06312561035156,3092019.0
2020-04-24,MMM,98.63384506717883,100.1082193646211,98.04953000095213,99.87721252441406,2687532.0
2020-04-27,MMM,100.55664806559349,104.96619356211644,100.48191074188743,104.39546203613281,5555300.0
2020-04-28,MMM,108.73027495100511,110.80254778909281,105.4485904195262,107.08602905273438,9919744.0
2020-04-29,MMM,107.7179336693081,108.85938451117477,105.42822471929206,106.16881561279297,4768572.0
2020-04-30,MMM,104.84387893101676,105.27191819656798,103.10451761202272,103.22002410888672,4386689.0
2020-05-01,MMM,101.43990396990161,101.94268676564552,100.37318459537083,100.96429443359375,3499974.0
2020-05-04,MMM,100.92355973910534,100.9371494724804,99.2385567945151,100.82843780517578,2666841.0
2020-05-05,MMM,101.8407933133369,101.91553064336435,99.9451619982104,100.16938018798828,2713963.0
2020-05-06,MMM,100.41396698687375,100.67215328347555,99.19097796092937,99.33366394042969,2593646.0
2020-05-07,MMM,100.35280490197795,100.4547216789994,98.45038526292005,99.02111053466797,3349757.0
2020-05-08,MMM,99.93156250040968,101.35838509692978,99.45595910136629,100.90316009521484,2594961.0
2020-05-11,MMM,100.43433257716994,100.52944827924334,98.91918321297892,99.0143051147461,3629382.0
2020-05-12,MMM,99.57146973422164,100.02668855505944,96.10634228449207,96.15390014648438,3623880.0
2020-05-13,MMM,95.60357564843183,95.61715918295566,91.72398551492515,92.48495483398438,5747976.0
2020-05-14,MMM,91.72394920646055,92.50530281755502,89.08774020157168,92.39659118652344,7053649.0
2020-05-15,MMM,91.40463475227016,94.35338954645258,91.18042277795486,94.23109436035156,12095985.0
2020-05-18,MMM,97.268180947348,101.72528458510885,96.82654564337818,101.41954040527344,7196452.0
2020-05-19,MMM,100.89638205551105,103.03661010751105,100.1286179035141,100.81484985351562,4855640.0
2020-05-20,MMM,101.82719490844387,102.88711337093147,101.12057846698877,101.69810485839844,4100845.0
2020-05-21,MMM,101.37558529479848,101.99314475575613,99.72876215263972,100.05126953125,3335764.0
2020-05-22,MMM,100.00324704164998,100.62080658487494,99.22100578838983,100.48357391357422,3183034.0
2020-05-26,MMM,103.22142191257609,104.97116676130287,102.37742026702693,104.35360717773438,5521095.0
2020-05-27,MMM,105.66418240284759,108.52553138708589,105.21817315654185,108.51866912841797,7243335.0
2020-05-28,MMM,108.90294599453546,109.69890550090872,105.76025648213876,107.6060791015625,8049917.0
2020-05-29,MMM,106.7003345303606,107.64038906450095,105.01919970638822,107.3453369140625,10324111.0
2020-06-01,MMM,107.00908941309166,108.10697571181018,106.28174005324989,106.75521087646484,2491746.0
2020-06-02,MMM,107.558033099418,108.82746335600058,107.47568599153635,108.1687240600586,2791225.0
2020-06-03,MMM,109.34210022410593,110.92716960366454,108.77258272608236,110.61839294433594,4394463.0
2020-06-04,MMM,109.62343201178575,111.55845146376139,109.22544600160819,111.5378646850586,3445317.0
2020-06-05,MMM,113.2189786541483,115.5176600037038,113.2189786541483,114.8726577758789,5414531.0
2020-06-08,MMM,114.65996331918535,116.33424207580981,113.4042699046825,114.50214385986328,3573170.0
2020-06-09,MMM,113.54835735556175,115.25007251788367,112.58770362046288,114.38549041748047,3781274.0
2020-06-10,MMM,114.52273840343176,114.82465282239494,112.40246268777746,112.4642105102539,3051355.0
2020-06-11,MMM,109.82929740242504,109.9596678238577,104.51142767957462,104.55946350097656,5999854.0
2020-06-12,MMM,107.23554427604948,108.01777927882836,104.11344147996778,106.26802825927734,3586565.0
2020-06-15,MMM,103.530188280389,109.5273584951957,103.26257894540987,108.2304916381836,4896185.0
2020-06-16,MMM,111.74371964502777,112.10739439713035,107.65411303251253,109.56168365478516,4050493.0
2020-06-17,MMM,109.92534286712727,110.38507667631653,109.08134757920345,109.25289154052734,2050662.0
2020-06-18,MMM,108.46380531122978,109.67147542214231,108.13444187392383,109.24604034423828,2160096.0
2020-06-19,MMM,110.7144291113467,111.22219868566378,107.3658973287951,108.51866912841797,7660619.0
2020-06-22,MMM,107.72957847104028,108.01776830768188,106.68659022502142,107.51686096191406,2416996.0
2020-06-23,MMM,108.38830382379128,108.87548664497271,107.20808293409772,108.30596923828125,2752953.0
2020-06-24,MMM,107.24240830176898,107.54432269220806,104.09971867460457,104.44966888427734,3639189.0
2020-06-25,MMM,104.33301647741713,106.3915440476444,102.99496980005803,106.13079071044922,2464597.0
2020-06-26,MMM,106.08276736663605,106.20627551452756,103.97620398116472,104.655517578125,3380374.0
2020-06-29,MMM,105.60244499750512,107.393369674884,105.31425511563572,106.74836730957031,2565540.0
2020-06-30,MMM,106.29547087808041,107.53058990683051,105.70536666234308,107.03654479980469,3518154.0
2020-07-01,MMM,107.27671074622306,108.27852547331436,106.56994812532568,106.65228271484375,1944218.0
2020-07-02,MMM,108.15501544398266,109.01959759200643,107.35905589594977,107.75704193115234,2371429.0
2020-07-06,MMM,109.01271610081533,109.76065221928167,107.76388518026863,108.48435974121094,2511002.0
2020-07-07,MMM,107.09830090582452,107.79818872136784,106.14450950387274,106.23371887207031,1879753.0
2020-07-08,MMM,106.40526404573703,106.7689262146729,105.58184303473372,106.06903839111328,1987752.0
2020-07-09,MMM,105.61616336118139,106.16510657466347,103.63998281949209,103.92131042480469,2619240.0
2020-07-10,MMM,104.08599222593618,105.15642961478909,103.6056716096166,104.8819580078125,2337582.0
2020-07-13,MMM,105.91122458633737,107.68154980047433,105.78084165515818,106.22000122070312,2652489.0
2020-07-14,MMM,106.2200033763021,109.25975900964016,105.6161620920165,108.78630065917969,3825884.0
2020-07-15,MMM,109.77439372256876,110.73503496738134,109.27348632061153,109.32838439941406,4152871.0
2020-07-16,MMM,109.27346014559595,110.41250735130107,108.44318951444781,110.13117980957031,2154594.0
2020-07-17,MMM,110.37822846238483,110.85856163311001,109.45189846678481,109.67147827148438,3051833.0
2020-07-20,MMM,108.99901760824926,109.01274212910317,107.29730224609375,107.29730224609375,2140960.0
2020-07-21,MMM,107.72959830454685,109.53423502889474,107.72273604420295,108.2785415649414,3297611.0
2020-07-22,MMM,108.02462471053717,109.7400641639695,107.74329714822744,108.9029312133789,2271922.0
2020-07-23,MMM,109.10193321187009,109.54794249768145,108.66277366296355,109.3009262084961,3223340.0
2020-07-24,MMM,109.82240147725219,110.88596382566237,108.90978376223228,109.67830657958984,3019541.0
2020-07-27,MMM,109.46563394835437,112.10740404000809,109.32840125256536,112.01134490966797,3825406.0
2020-07-28,MMM,106.67973831329297,108.05895234329346,105.53382859228957,106.58367919921875,9255605.0
2020-07-29,MMM,107.3864868808919,108.09324945247984,106.30232511755135,107.2149429321289,3973949.0
2020-07-30,MMM,105.8837940291094,106.16512167443499,103.85957112002848,104.38106536865234,3723148.0
2020-07-31,MMM,104.07913407247929,104.12716989271799,102.10295345112645,103.24886322021484,3906614.0
2020-08-03,MMM,103.6742681267347,103.90071013326495,102.45288004013749,103.20767211914062,2708820.0
2020-08-04,MMM,102.85774277800083,103.77721672336428,102.69306106423979,103.75662994384766,2314858.0
2020-08-05,MMM,104.40849745474894,106.63170051928637,104.36732389703499,106.5973892211914,3162702.0
2020-08-06,MMM,106.99537543745868,107.37963693210857,106.13765559531424,107.04341125488281,3451417.0
2020-08-07,MMM,107.03654824339834,108.70395209855081,106.40527045117321,108.64220428466797,2612423.0
2020-08-10,MMM,108.79314918415987,110.88597532999448,108.79314918415987,110.77619171142578,2718269.0
2020-08-11,MMM,112.62204629344377,114.34434871443761,111.87412239823881,112.10741424560547,4502342.0
2020-08-12,MMM,113.21897408461516,113.87083854482545,112.08677657989999,112.7112045288086,2486723.0
2020-08-13,MMM,113.5758359645027,114.92760128283453,113.04747940322899,113.80912780761719,3449264.0
2020-08-14,MMM,112.95136111873187,114.11100768370947,112.88961331392544,113.97376251220703,1922331.0
2020-08-17,MMM,113.33563552891717,114.15904404034767,112.29264724031485,113.0199966430664,2473448.0
2020-08-18,MMM,112.82785224724057,113.52089026930682,112.36811849282964,112.79354095458984,1816844.0
2020-08-19,MMM,113.17781900510577,113.69245090331975,112.38185951058854,112.5122299194336,2407309.0
2020-08-20,MMM,111.86036873280733,112.29951578937576,111.42120915386711,111.82605743408203,2380399.0
2020-08-21,MMM,111.43137571734442,112.65003819986732,111.29981865027185,111.97146606445312,2398698.0
2020-08-24,MMM,111.86068805051013,113.52249485551866,111.58371182543993,113.23168182373047,3114862.0
2020-08-25,MMM,114.1525611107773,114.42261253657702,112.46305590595423,112.93389892578125,2318446.0
2020-08-26,MMM,112.77465075807154,114.0902591070162,111.95759697771354,113.48784637451172,2994066.0
2020-08-27,MMM,113.90332106957375,114.49879653336457,112.98932107442364,113.61249542236328,2781776.0
2020-08-28,MMM,114.00023394888436,115.05964025822385,113.50169203325694,114.70650482177734,3643375.0
2020-08-31,MMM,114.36032436788217,114.76885767073486,112.23458646688957,112.87854766845703,3445796.0
2020-09-01,MMM,112.28997063559615,114.63036198689947,111.92298570692263,114.11104583740234,3469716.0
2020-09-02,MMM,114.36032865931712,117.71165395827481,114.34647921555812,117.37236785888672,4716665.0
2020-09-03,MMM,117.7116099366679,118.00242287414169,114.24257829945556,115.15657806396484,4163635.0
2020-09-04,MMM,116.45143102230516,117.09537954528038,113.48786518149258,114.78269958496094,3907332.0
2020-09-08,MMM,114.65112269007673,114.68574629373175,112.08916556488091,112.98239135742188,3425224.0
2020-09-09,MMM,113.5571083107706,115.86978818794923,113.5571083107706,114.73422241210938,3255153.0
2020-09-10,MMM,115.10812334170586,115.40586104583711,112.69157283399629,112.96853637695312,2456823.0
2020-09-11,MMM,113.16935200820195,115.4266468101712,112.90623787957877,115.05966186523438,2031406.0
2020-09-14,MMM,116.09137726259611,117.3169645226954,115.23969969355805,116.64531707763672,2707983.0
2020-09-15,MMM,117.62161780626012,117.66316613232068,115.05966057780847,115.33662414550781,2459335.0
2020-09-16,MMM,116.23678928877088,118.47331018325124,115.98752457381634,117.37236785888672,3506313.0
2020-09-17,MMM,116.32678103744328,119.92737013405859,115.76591661715237,119.35958099365234,3296296.0
2020-09-18,MMM,119.138036433278,119.63659115052018,117.34467241376852,117.40007019042969,4885062.0
2020-09-21,MMM,114.92808869890683,115.40585647795481,110.53813205324784,111.72909545898438,4678393.0
2020-09-22,MMM,111.52138826722485,113.32860136610574,111.07823141609698,112.40767669677734,2516145.0
2020-09-23,MMM,112.53230917572374,113.72327254683728,110.17806867681077,110.4481201171875,2688847.0
2020-09-24,MMM,110.37198358721304,112.1445860905844,109.45107136119971,111.07825469970703,1877361.0
2020-09-25,MMM,110.30965022569596,111.46599012166347,109.99805043229135,110.97437286376953,2330884.0
2020-09-28,MMM,112.17227940605079,113.6540561424289,111.70834831867126,111.93685150146484,2509806.0
2020-09-29,MMM,111.943750133876,112.13762966252273,109.94265763850377,110.65585327148438,2400013.0
2020-09-30,MMM,111.4313644708404,112.93391509955829,109.8249430341124,110.91204833984375,3656052.0
2020-10-01,MMM,111.25133129449544,112.1030087148522,109.20869042970772,109.9495849609375,2378964.0
2020-10-02,MMM,108.34317543180516,112.13071987408142,108.19084420394434,111.03668975830078,2115246.0
2020-10-05,MMM,112.34537095188443,113.21089788735891,112.00608489863251,112.69158172607422,1742572.0
2020-10-06,MMM,113.16934043532925,114.73421351392393,112.05454890869625,112.33151245117188,2418192.0
2020-10-07,MMM,114.31878443533235,116.15370943578883,113.84101651754254,115.28125762939453,2577858.0
2020-10-08,MMM,115.84211114325923,116.43066192250772,115.03196927707968,116.1259994506836,2275510.0
2020-10-09,MMM,116.93611071975728,118.0439901661301,116.29216226768303,117.22693634033203,2410538.0
2020-10-12,MMM,117.3446753020178,118.13403045709732,116.40990097962347,116.77688598632812,1834186.0
2020-10-13,MMM,116.53452643229323,117.33080617605525,114.94195430841687,115.378173828125,1884059.0
2020-10-14,MMM,115.64128422942302,117.39311205415929,115.48895302331776,116.60374450683594,1716619.0
2020-10-15,MMM,114.97655908634414,117.49004288569179,114.80345372375488,117.0745849609375,1959168.0
2020-10-16,MMM,117.6700973935843,119.14494932353858,117.17155536220456,118.38329315185547,2964406.0
2020-10-19,MMM,118.41792851845365,119.33884073732057,116.92921436151809,117.40007019042969,2284240.0
2020-10-20,MMM,118.05787382382987,119.92048515221728,117.70473825362943,118.36946105957031,2168348.0
2020-10-21,MMM,117.94703855228745,119.1726255517166,117.06766228407895,117.13690948486328,1807276.0
2020-10-22,MMM,117.46239801595065,118.39717245828896,116.59687080502856,118.20329284667969,1989187.0
2020-10-23,MMM,119.04106995267665,119.2211000405524,117.03305274174384,117.5731430053711,2556450.0
2020-10-26,MMM,116.10523923442639,116.38912757595527,113.82716987083315,115.0527572631836,3993205.0
2020-10-27,MMM,113.90330364560235,114.23566493184195,111.23747599935726,111.50060272216797,4657702.0
2020-10-28,MMM,110.65586284535216,112.76081368916975,109.48566085204826,109.76956176757812,3665860.0
2020-10-29,MMM,109.47874515106227,110.91206137930025,108.10775141495735,109.73494720458984,3206356.0
2020-10-30,MMM,109.63108637994033,110.75972747802734,108.71016164458777,110.75972747802734,2672462.0
2020-11-02,MMM,112.30381923039505,113.15549669824061,111.43136760036401,112.82313537597656,2531454.0
2020-11-03,MMM,114.15258716194263,115.51665613227621,113.37708157797312,114.60266876220703,2268692.0
2020-11-04,MMM,112.69157727736253,114.45725468329746,110.71817088784378,110.89820098876953,3756516.0
2020-11-05,MMM,112.2830382030095,113.84098654449811,112.18610475508905,113.00315856933594,2605486.0
2020-11-06,MMM,113.32169194305465,113.76484885400558,111.87453885172775,112.87854766845703,2015260.0
2020-11-09,MMM,120.57135443307862,121.47150513414269,112.96856548379523,113.16244506835938,5284048.0
2020-11-10,MMM,114.38108731253116,117.20617127456856,113.46016260922245,117.11614990234375,4186478.0
2020-11-11,MMM,118.21712427294267,118.22404899502875,116.0498378962514,117.16464233398438,3449742.0
2020-11-12,MMM,116.43063949230098,117.15075984068459,114.65111278173968,115.66898345947266,2651173.0
2020-11-13,MMM,116.27139642043629,117.8916673834347,115.8282521920109,117.56623077392578,2167272.0
2020-11-16,MMM,119.52578947218913,120.40516594985135,117.83628373414261,120.38439178466797,2911423.0
2020-11-17,MMM,119.81661788934616,120.82755146660922,118.30712960898397,120.23206329345703,3097520.0
2020-11-18,MMM,120.82755002571218,120.96603182543105,118.63256485020666,118.68103790283203,3128497.0
2020-11-19,MMM,119.12802008617915,120.04294225007106,118.24104916847944,119.8543701171875,3571256.0
2020-11-20,MMM,119.77752768152013,120.79022164609367,119.40038349228193,120.7483139038086,3177652.0
2020-11-23,MMM,121.35594765953628,122.12419260137054,121.13943705270196,121.621337890625,2468903.0
2020-11-24,MMM,122.22196510697782,123.77243682965955,122.1521188712277,123.67465209960938,3690856.0
2020-11-25,MMM,123.50706469672907,123.85627047128598,122.53627825155418,123.70262145996094,2454431.0
2020-11-27,MMM,124.1914807043102,125.45560839955485,122.62005505146934,123.54196166992188,1515452.0
2020-11-30,MMM,122.7597619997267,122.9203956213002,120.61563517630528,120.63658905029297,7344995.0
2020-12-01,MMM,121.67721364214839,122.7038769259768,118.73690352905517,119.09309387207031,4616082.0
2020-12-02,MMM,118.91152930185699,120.53183497248877,118.88359079966212,120.0219955444336,2896473.0
2020-12-03,MMM,119.45625371655663,121.09751273979819,119.45625371655663,120.00798797607422,2843849.0
2020-12-04,MMM,120.21755628878687,120.93692176142031,119.80550160479031,120.44803619384766,3185666.0
2020-12-07,MMM,119.93118820461866,120.47595066978349,118.15722106705587,118.83467864990234,3022053.0
2020-12-08,MMM,118.54835818412671,120.70644185635953,118.52041968100814,120.44803619384766,2070037.0
2020-12-09,MMM,120.59468328120974,122.66896389204334,120.07785928469563,122.42451477050781,3337916.0
2020-12-10,MMM,122.1311906981806,122.50135033421482,120.60865714944197,121.16738891601562,2665645.0
2020-12-11,MMM,120.33625015135091,121.97752206170097,120.24546278604798,121.53752899169922,2243337.0
2020-12-14,MMM,122.68990983599504,123.06006943392786,120.81817071901861,120.88101959228516,4425320.0
2020-12-15,MMM,121.7959556262558,122.2638872727771,120.51087382252118,121.99849700927734,2715638.0
2020-12-16,MMM,121.94961473814615,122.8156445973427,121.76802721545975,122.50834655761719,2332080.0
2020-12-17,MMM,122.92038155793806,123.94006016801778,122.4943449935956,123.37434387207031,2784049.0
2020-12-18,MMM,123.45117142955077,123.94005684991191,122.29878499691704,123.21370697021484,5599672.0
2020-12-21,MMM,121.25116129435695,123.011158908023,120.84609138024602,122.68290710449219,2038702.0
2020-12-22,MMM,122.25691878699297,122.87152764232032,121.64930730338281,122.068359375,1651915.0
2020-12-23,MMM,122.43151102119462,122.78770142732262,121.49564768617873,121.5166015625,2108070.0
2020-12-24,MMM,121.81689539500026,122.07531374911377,121.11848394582618,121.8867416381836,784815.0
2020-12-28,MMM,122.43847892947701,123.19975201587543,121.79594445935382,122.01943969726562,1677988.0
2020-12-29,MMM,122.60610500232748,122.66896662672346,120.92992247509423,121.41880798339844,1457804.0
2020-12-30,MMM,121.43972347863992,122.16607325944224,121.09051783368972,121.60035705566406,1697244.0
2020-12-31,MMM,121.60737303088494,122.13118163335722,120.95086930807936,122.0753173828125,2202195.0
2021-01-04,MMM,122.22197651265357,123.06006769154796,119.11403540802057,120.03594207763672,3583455.0
2021-01-05,MMM,120.13371534964777,120.99974494278399,119.18387027379025,119.83338928222656,2745179.0
2021-01-06,MMM,120.6296094936463,122.62007465811682,120.15469323363568,121.6562728881836,4002294.0
2021-01-07,MMM,119.8194548240174,121.14644446607792,116.04803741114462,118.53438568115234,7012626.0
2021-01-08,MMM,118.15025285157623,118.40867124410737,114.96549311092238,116.36930084228516,5750488.0
2021-01-11,MMM,116.00609810829457,116.73244798924375,115.23785323087807,115.37753295898438,3272974.0
2021-01-12,MMM,115.86644382153204,116.76041212163437,114.59533125076678,116.29248046875,3527124.0
2021-01-13,MMM,116.82323976249356,117.15149156110668,115.97117946160493,116.1318130493164,2509208.0
2021-01-14,MMM,116.82327288950438,116.88612177037503,115.3985113199962,116.2226333618164,3462898.0
2021-01-15,MMM,115.67785826818543,116.11786411480935,114.10643248647784,115.62199401855469,4246637.0
2021-01-19,MMM,116.8162951639684,118.41565971154455,116.49502787846994,118.1153335571289,4668227.0
2021-01-20,MMM,118.05946861253192,119.13501172644739,117.63343194575774,118.88359069824219,3196071.0
2021-01-21,MMM,118.88356287444978,119.77054638245315,118.30387732707295,119.19784545898438,3215087.0
2021-01-22,MMM,118.86960093702598,118.86960093702598,116.8023050810717,118.0594482421875,2809763.0
2021-01-25,MMM,117.94769464327247,120.46896559818882,117.49373229681947,119.0022964477539,4010308.0
2021-01-26,MMM,121.36988860858445,123.50701744452803,120.18257923280697,122.88543701171875,6158084.0
2021-01-27,MMM,123.83535027645719,130.79152915828746,123.73059361386474,130.3585205078125,9684012.0
2021-01-28,MMM,129.2061250607252,130.309606760548,127.51596026212506,128.10263061523438,4967825.0
2021-01-29,MMM,127.31336821606061,127.79528173207754,122.13116010118998,122.68290710449219,5043771.0
2021-02-01,MMM,122.89943472501226,123.69561816272439,121.50261183763575,122.012451171875,3073361.0
2021-02-02,MMM,123.09499171313225,123.98895989238059,122.11720804254902,122.23594665527344,3401902.0
2021-02-03,MMM,122.48737421245632,123.926104925611,121.20928986631618,122.55722045898438,3437543.0
2021-02-04,MMM,122.77374499745831,123.8213624489216,122.57820095603982,123.68866729736328,2192268.0
2021-02-05,MMM,124.03785275482286,125.17627015963284,123.40928748538548,125.02262115478516,2179590.0
2021-02-08,MMM,125.22515856217463,126.32166829366393,125.13437117617674,126.2448501586914,2816700.0
2021-02-09,MMM,126.56607825355002,127.04099440436795,125.83972840779138,126.37052154541016,2323589.0
2021-02-10,MMM,127.027069840252,127.37627563926648,126.16103996852279,126.46833801269531,2307084.0
2021-02-11,MMM,126.29228115869493,126.66549110179541,123.8206551964235,124.78536987304688,2617326.0
2021-02-12,MMM,124.82761696899038,125.93314953054919,124.78536387919037,125.8345718383789,1293474.0
2021-02-16,MMM,126.04579599224803,126.53166786321347,124.15862024735237,124.37691497802734,2193464.0
2021-02-17,MMM,123.96850894772237,124.84871730422385,123.3277218904395,124.3910140991211,1887408.0
2021-02-18,MMM,124.81352396139846,126.51760329168054,124.03893543816359,126.30635070800781,2496172.0
2021-02-19,MMM,126.44720523227727,127.2922157256964,124.0741696501895,124.31359100341797,3572213.0
2021-02-22,MMM,124.25727417618674,124.70089319326514,123.23623465291259,124.01785278320312,2716714.0
2021-02-23,MMM,125.0177183509713,125.0177183509713,123.02493534551671,124.05301666259766,2813351.0
2021-02-24,MMM,123.93330733885385,125.32755630750101,122.35597452327855,125.08109283447266,3280150.0
2021-02-25,MMM,125.00366474313836,127.27812246235175,124.94028510535361,125.8768310546875,3150623.0
2021-02-26,MMM,126.35564979544789,126.36269197680636,122.95452036252601,123.27139282226562,4022507.0
2021-03-01,MMM,123.72205148868153,124.98955402221468,123.72205148868153,124.22200775146484,2200640.0
2021-03-02,MMM,124.63749178431878,125.19377273444397,123.08128528877246,124.7149429321289,2717790.0
2021-03-03,MMM,124.94027699043453,126.76407349681341,124.4966452561494,125.38389587402344,2712289.0
2021-03-04,MMM,126.25000487212488,126.87672040036512,122.57425642290103,125.08109283447266,4228697.0
2021-03-05,MMM,125.65853214208835,127.8484836057507,124.60228198450677,127.31331634521484,2706309.0
2021-03-08,MMM,127.44713626193509,130.7637601811168,127.40488316534334,129.4047088623047,3079580.0
2021-03-09,MMM,129.21454164476523,129.67224478119098,127.46819670486077,127.58087158203125,3399152.0
2021-03-10,MMM,128.41882467183774,130.53836655636118,127.74282682240843,129.9257354736328,2835357.0
2021-03-11,MMM,128.95402057752142,130.32010094089256,128.22872730813674,129.968017578125,2843251.0
2021-03-12,MMM,130.70036479805543,131.12287001170043,129.75677667462,130.21449279785156,3219154.0
2021-03-15,MMM,130.99609074261443,133.53109593616026,130.77076665704655,133.42547607421875,3946800.0
2021-03-16,MMM,132.38333413036798,132.70726168790117,130.9609288635501,131.57354736328125,2707744.0
2021-03-17,MMM,131.91154889306648,133.7846281917902,131.71438062203788,132.59458923339844,3091780.0
2021-03-18,MMM,132.80582392660276,135.2633655234501,132.80582392660276,134.49581909179688,3648398.0
2021-03-19,MMM,134.21415508461948,134.49581665682018,132.86920115878124,132.88328552246094,7987964.0
2021-03-22,MMM,132.56638924298824,133.62263932756048,131.68618083917804,133.41844177246094,3115939.0
2021-03-23,MMM,132.92553772490297,134.99579801446083,132.3129192524925,132.61570739746094,3311365.0
2021-03-24,MMM,132.68610950915436,135.721058391809,132.43964600989352,134.27752685546875,3383723.0
2021-03-25,MMM,134.94646707458043,136.1576321850752,133.91134362870454,135.97454833984375,2656316.0
2021-03-26,MMM,135.91118360344433,137.2772768370709,135.3478604955072,137.2279815673828,3202410.0
2021-03-29,MMM,136.34073033863376,138.52363949857778,136.26326634376636,137.83355712890625,3111753.0
2021-03-30,MMM,137.29838367343427,138.46026643959257,136.52380801335738,137.05897521972656,2244533.0
2021-03-31,MMM,136.5660222770255,136.91106334813065,135.2351403951258,135.67877197265625,2902572.0
2021-04-01,MMM,136.0801830351594,136.55198348625078,134.38314582945515,135.69290161132812,2274912.0
2021-04-05,MMM,136.53084718640685,137.98143364154035,136.4041007813131,137.29135131835938,2347748.0
2021-04-06,MMM,137.31247589504358,137.7420232612101,136.60126697285367,137.19981384277344,1761349.0
2021-04-07,MMM,136.72097371682065,137.55892899077554,136.55197422584914,137.2772674560547,1795794.0
2021-04-08,MMM,136.90405402640798,138.4884290322718,136.62942182900252,137.81947326660156,2860593.0
2021-04-09,MMM,138.05892239495842,140.1010011973617,138.05892239495842,139.4250030517578,2582882.0
2021-04-12,MMM,139.56579990056017,140.3333333143983,138.7630427338577,139.3052520751953,2011792.0
2021-04-13,MMM,138.02371102627865,138.95321489877114,137.57304988092687,138.34762573242188,2702601.0
2021-04-14,MMM,137.699741427162,138.99541258592376,137.32653159038782,138.54473876953125,1883700.0
2021-04-15,MMM,138.91797659605908,139.2911865080291,137.9532748506011,139.05880737304688,1748074.0
2021-04-16,MMM,139.93196696622806,140.60093561387058,139.41088412063078,139.83338928222656,3312322.0
2021-04-19,MMM,139.50243983593847,139.91086065698738,138.4884428154336,139.84043884277344,2631798.0
2021-04-20,MMM,140.0868737688269,140.3755774468263,139.030623875233,139.63619995117188,1977108.0
2021-04-21,MMM,139.63620318208078,141.8895337704134,139.509456790111,141.4529571533203,3168204.0
2021-04-22,MMM,141.3050837234855,142.36133363780075,140.96004259883694,141.467041015625,2650097.0
2021-04-23,MMM,141.5374641021444,143.05847235511223,141.5304219213179,142.38246154785156,2229464.0
2021-04-26,MMM,142.93176648970166,142.93880867315863,140.5376040241213,140.57281494140625,3084364.0
2021-04-27,MMM,134.85494132661964,137.91807194460895,132.82694717867665,136.92520141601562,6249100.0
2021-04-28,MMM,137.31243156385398,138.93905929400876,137.17864301047118,137.96731567382812,3010212.0
2021-04-29,MMM,138.5870496210523,140.41788866830478,138.20679744579996,140.1643829345703,2256852.0
2021-04-30,MMM,139.18557999717643,140.12211310698734,138.1082032461634,138.8194122314453,2998492.0
2021-05-03,MMM,139.41793315990617,140.46009890236675,138.48140013838847,139.85452270507812,2128641.0
2021-05-04,MMM,139.7700129395436,140.5234749268061,139.10105712686558,140.396728515625,2247284.0
2021-05-05,MMM,140.8333106756717,142.0444759369469,139.34048385621944,141.84732055664062,2414126.0
2021-05-06,MMM,141.73466503471232,142.6007892228479,141.15725747642054,142.53038024902344,2201358.0
2021-05-07,MMM,142.45993470354517,143.55843787899528,141.70647270940617,142.99510192871094,2204946.0
2021-05-10,MMM,144.35414514891997,147.13560124033677,143.6922314883117,145.99485778808594,3842389.0
2021-05-11,MMM,145.48081140791146,145.69910617598026,142.52331374454226,143.4528045654297,3052790.0
2021-05-12,MMM,143.36127852139572,143.43872966956673,139.9671910978867,140.03761291503906,2667798.0
2021-05-13,MMM,139.87563627782856,143.6781311638345,139.69959460994505,143.23451232910156,2014423.0
2021-05-14,MMM,143.649966737148,144.43863960118728,142.95284222550745,143.9175567626953,1764578.0
2021-05-17,MMM,144.0724997694731,144.60062489110535,143.43171258147706,144.43162536621094,1833109.0
2021-05-18,MMM,144.3470989390046,144.48090038425423,142.812019065561,142.96693420410156,2119073.0
2021-05-19,MMM,142.17825165242542,142.73453248660914,140.36149766397853,142.66412353515625,2655359.0
2021-05-20,MMM,142.6428770301524,143.42316567499475,142.2243566922442,143.0401153564453,1689350.0
2021-05-21,MMM,143.08264635334234,144.53681338086434,142.63576300792798,143.18905639648438,1838491.0
2021-05-24,MMM,143.85585771988363,144.36658715094902,143.23163717478,143.72108459472656,1828923.0
2021-05-25,MMM,143.89133681159853,143.99773392863943,142.84150186844442,143.08267211914062,1817202.0
2021-05-26,MMM,142.7209169890608,143.13942439905514,142.08249544992594,142.99046325683594,2209371.0
2021-05-27,MMM,143.997695123876,144.69285556254326,143.72814892920323,144.16793823242188,2939290.0
2021-05-28,MMM,144.62196529227444,144.9837336081634,143.8558646362125,144.02610778808594,2082475.0
2021-06-01,MMM,145.4022471313928,145.4802811791982,143.6785335279623,144.13961791992188,1874491.0
2021-06-02,MMM,144.51554043137477,144.6857835658132,143.54373964799,144.20343017578125,2245370.0
2021-06-03,MMM,143.64304532100877,145.18234050709663,143.1535979188929,144.47299194335938,2274912.0
2021-06-04,MMM,144.78506113125638,146.21085185770394,144.5438780277114,146.16119384765625,2234846.0
2021-06-07,MMM,146.37401731987097,146.70031553188446,144.21759598537895,144.51551818847656,1831196.0
2021-06-08,MMM,143.28836045472374,144.73543348909732,142.67832798431814,144.41622924804688,2034874.0
2021-06-09,MMM,144.39497824469123,144.40207224913834,143.24584014110715,143.8133087158203,2042290.0
2021-06-10,MMM,144.81347184150655,145.39512831756954,143.84165813825445,144.08993530273438,2335908.0
2021-06-11,MMM,144.5367934382735,145.34545787353386,142.94785352060106,143.8629150390625,2028775.0
2021-06-14,MMM,143.4940869144143,144.41624265380852,142.1676118066127,142.8343963623047,2088096.0
2021-06-15,MMM,143.1464897646008,143.18905378108016,141.5362676484759,142.3023681640625,2045040.0
2021-06-16,MMM,142.27397541344789,142.57189760322962,139.60682487345915,139.67776489257812,2654761.0
2021-06-17,MMM,139.59973972740912,140.09628105696436,136.90421300877526,138.42222595214844,3091540.0
2021-06-18,MMM,136.93259149956793,137.30854774104296,135.8614747950667,135.9111328125,6045302.0
2021-06-21,MMM,137.32275765410722,139.47917941212006,137.32275765410722,138.47190856933594,3023966.0
2021-06-22,MMM,138.14557280529323,139.06772838604425,137.6845014875476,138.42222595214844,2120030.0
2021-06-23,MMM,138.18109463803646,138.62089705889161,136.39353482505572,136.45028686523438,3559894.0
2021-06-24,MMM,137.11699905195974,137.4291092173763,135.9394854577476,137.088623046875,2621393.0
2021-06-25,MMM,137.2021593866904,138.55701038657443,137.11703135138333,138.1455841064453,7385898.0
2021-06-28,MMM,138.86203023623142,139.68488281790312,137.89022947941794,139.38694763183594,2512198.0
2021-06-29,MMM,139.17411058927755,140.33034212622798,138.83362443451563,139.0535125732422,2222168.0
2021-06-30,MMM,138.96132228584023,141.14610658327723,138.70595116262865,140.89784240722656,3100032.0
2021-07-01,MMM,141.47952275444354,141.63557786319075,140.27362000867515,141.22415161132812,2222048.0
2021-07-02,MMM,140.96880385391012,142.075390748885,140.40842934805306,141.79165649414062,1929028.0
2021-07-06,MMM,139.32310324559572,140.29490392356647,138.15267049618782,139.66358947753906,3045494.0
2021-07-07,MMM,139.12450138234976,141.91223760676806,139.12450138234976,141.77037048339844,2027220.0
2021-07-08,MMM,140.80563568848652,141.55045418812037,139.96860809936277,140.64248657226562,2591852.0
2021-07-09,MMM,141.65689763394215,143.21746208269494,141.33768038363488,142.57904052734375,2925536.0
2021-07-12,MMM,140.52194517119804,142.90534957689823,140.380078018879,141.8555145263672,2588144.0
2021-07-13,MMM,141.93350247685973,142.67122696360659,141.26671801586167,141.58592224121094,2019207.0
2021-07-14,MMM,142.28108685322482,144.1253981237658,141.87675458520997,143.8771209716797,2939409.0
2021-07-15,MMM,142.88409974680863,143.83461885701826,142.24567805751315,143.70693969726562,2557885.0
2021-07-16,MMM,144.08284764130403,144.14668072707155,141.09649225927316,141.42279052734375,2959024.0
2021-07-19,MMM,140.30203465417617,140.83404614901434,138.4009838706282,140.13888549804688,3762975.0
2021-07-20,MMM,140.69217143449865,143.44443787261667,140.5006462710431,142.45135498046875,3328827.0
2021-07-21,MMM,142.67123419749302,143.91259409421676,141.84128763519178,142.41586303710938,2390924.0
2021-07-22,MMM,142.94076805117618,143.04008408366727,140.93332073750852,141.2099609375,2033798.0
2021-07-23,MMM,142.2314426456123,142.60739893901032,141.11777471762053,142.21725463867188,1878557.0
2021-07-26,MMM,142.18885898988145,143.81326905289006,141.82000969615,143.0542755126953,2881403.0
2021-07-27,MMM,139.89060217597793,142.62159957491158,138.25911068597907,142.2030792236328,3587880.0
2021-07-28,MMM,141.3873370907853,142.1321557590924,140.52193329498792,140.6496124267578,2558364.0
2021-07-29,MMM,141.86964728716262,141.86964728716262,140.40839935849343,140.57154846191406,2535759.0
2021-07-30,MMM,140.4509678207566,141.3305594658457,139.88349936219146,140.40841674804688,2284719.0
2021-08-02,MMM,141.20995098469314,142.36619560992918,140.0537193047159,140.11045837402344,1593670.0
2021-08-03,MMM,140.83401871946475,143.43732365135568,140.02536710072377,142.6002960205078,2641007.0
2021-08-04,MMM,142.15343629653006,142.4442645784495,139.88352323903322,140.1175994873047,2460172.0
2021-08-05,MMM,140.84110866593682,141.24544093629208,139.94732903661816,140.30909729003906,1883939.0
2021-08-06,MMM,140.57868291141307,141.3376766299622,140.13178654000964,140.543212890625,1334975.0
2021-08-09,MMM,140.20270123615728,140.5573754893948,139.58556182179888,140.04664611816406,1427187.0
2021-08-10,MMM,140.62123436120098,141.5079201569208,140.23819697147098,141.33767700195312,1911686.0
2021-08-11,MMM,141.8697020877868,143.12525033058165,141.3802545884639,142.98338317871094,2652010.0
2021-08-12,MMM,142.9194750079422,143.55080232996232,142.12501153566066,142.88401794433594,1473233.0
2021-08-13,MMM,142.74218409956728,143.08267040433321,142.07539949817257,142.28111267089844,2285197.0
2021-08-16,MMM,142.64288307250345,143.83458515660016,142.1392476120628,143.515380859375,1921972.0
2021-08-17,MMM,143.28836209910259,143.28836209910259,140.16723379149659,141.5504608154297,2736328.0
2021-08-18,MMM,140.8553194835231,141.02556263357135,139.25219109337598,139.39405822753906,2530856.0
2021-08-19,MMM,138.32293691585798,139.19543465036276,137.8334894931382,138.57830810546875,2766109.0
2021-08-20,MMM,138.90711142599426,139.4717767076099,138.2137923599859,138.77845764160156,2867290.0
2021-08-23,MMM,139.37883087455725,140.26513701335008,138.43535253086458,139.15011596679688,2361263.0
2021-08-24,MMM,139.2501866324129,140.16508545827017,138.90710120322657,139.2001495361328,1665310.0
2021-08-25,MMM,139.03572772431514,139.41455386230098,137.74916413909986,138.90707397460938,1928670.0
2021-08-26,MMM,138.7998676099597,139.65758103283673,138.42104146400587,139.6075439453125,1742931.0
2021-08-27,MMM,140.09358866800997,140.5653408649363,138.7498397237374,139.41456604003906,2567214.0
2021-08-30,MMM,139.50748791913787,141.0156313586988,139.2144265827086,140.21510314941406,1511624.0
2021-08-31,MMM,139.986386324779,140.08644746735195,138.7712910811215,139.1929931640625,3365424.0
2021-09-01,MMM,139.05718930972128,139.20013938744657,137.90642748774806,138.26380920410156,2302778.0
2021-09-02,MMM,138.71410699459028,139.32166114355311,138.28525675186424,139.3002166748047,2505022.0
2021-09-03,MMM,138.99283187909163,139.8148043898494,138.39957421406308,138.9427947998047,1751542.0
2021-09-07,MMM,137.89211981274306,139.07147416189423,132.6314556421225,132.645751953125,7035231.0
2021-09-08,MMM,132.68864213500666,134.6613895870471,132.24548257791665,134.29685974121094,4374131.0
2021-09-09,MMM,134.0466884539787,134.74000737356806,132.2740762990518,132.76727294921875,3634046.0
2021-09-10,MMM,133.56065244486322,133.82512115791027,131.87381816452697,131.9095458984375,2668874.0
2021-09-13,MMM,132.445608147666,134.31829432808027,131.23051309894882,132.3955841064453,6035614.0
2021-09-14,MMM,132.69580032876578,132.94597274851,129.85819105867057,130.38711547851562,3975624.0
2021-09-15,MMM,130.67298970741203,132.30979973494652,130.32275621570955,131.6522216796875,3055182.0
2021-09-16,MMM,131.62363636999595,131.94527726079522,129.95823363121752,130.5586395263672,3054106.0
2021-09-17,MMM,129.43645318297737,130.55863523038454,128.23565447626854,129.7223663330078,12820283.0
2021-09-20,MMM,127.68525151823057,129.90102240072775,127.435079209406,129.03614807128906,4965912.0
2021-09-21,MMM,129.3506793145873,129.429295968386,127.0134024143696,127.52803039550781,3564200.0
2021-09-22,MMM,128.16420357553037,129.33642298721827,127.89974787089722,128.54302978515625,2656077.0
2021-09-23,MMM,128.7646243670531,130.6944833753151,128.6574150504041,129.75099182128906,2615054.0
2021-09-24,MMM,129.729543730411,130.1369495166152,129.100545093823,129.40074157714844,2483972.0
2021-09-27,MMM,129.25062733642076,130.91603018965196,129.23633102526242,129.93679809570312,2454312.0
2021-09-28,MMM,129.9582321027181,130.69443989180078,128.49297772363508,128.69309997558594,2739318.0
2021-09-29,MMM,128.6002061469318,129.6509068244252,128.06413357408334,129.286376953125,2003061.0
2021-09-30,MMM,129.88676242538094,130.1297736051633,125.34801014083043,125.38375091552734,3869778.0
2021-10-01,MMM,125.97706386038655,126.80618497637627,124.52609212434147,126.28440856933594,2893483.0
2021-10-04,MMM,124.47602238676818,126.58457193639624,124.21156669558017,125.82691955566406,3600080.0
2021-10-05,MMM,125.92699459036568,127.6638661175214,125.4909831474747,127.14208984375,2258407.0
2021-10-06,MMM,126.24861601740176,127.62095745199326,125.45523601705807,127.51374816894531,2460890.0
2021-10-07,MMM,128.65738214213866,129.21488609901334,127.01342376149118,127.08489227294922,3442208.0
2021-10-08,MMM,126.9205024856976,127.2993286560543,126.35585035215306,126.47735595703125,2953522.0
2021-10-11,MMM,127.24213662873369,127.65669046952662,125.94126378054015,125.9984359741211,3218556.0
2021-10-12,MMM,126.012781181649,126.43449638486997,125.1765119767712,125.4624252319336,2578456.0
2021-10-13,MMM,125.51955621267182,127.51374800987406,125.11213745825619,126.63459014892578,2428478.0
2021-10-14,MMM,127.22786660451816,128.9432936479108,127.19212582359734,128.8861083984375,2725923.0
2021-10-15,MMM,129.15058252531477,130.80168927606567,129.14343436883217,130.04403686523438,2584317.0
2021-10-18,MMM,129.22202523848696,130.02971458338882,128.1856210199819,129.8867645263672,2096947.0
2021-10-19,MMM,130.4013824293957,130.69443067573198,129.8295692016452,130.30845642089844,1667344.0
2021-10-20,MMM,130.50862108829284,130.9303362105792,130.1154985904436,130.38711547851562,2139046.0
2021-10-21,MMM,130.69445997906107,130.8231137448255,129.02907004798436,130.1726837158203,1986556.0
2021-10-22,MMM,130.49431928122524,131.0089473671818,129.2148907001022,129.22918701171875,3146556.0
2021-10-25,MMM,129.0147575974215,130.76592518267591,128.26425347686137,130.372802734375,3235300.0
2021-10-26,MMM,129.4221666661499,131.38776591451585,128.06412149400145,130.20126342773438,3750178.0
2021-10-27,MMM,130.27987339743208,130.32989743352854,127.28500544655901,127.39937591552734,3141892.0
2021-10-28,MMM,127.4065735035454,128.66455784175417,127.3994253464614,128.56448364257812,2326100.0
2021-10-29,MMM,128.45009024368278,129.30780363343513,127.31361184971175,127.71388244628906,3061162.0
2021-11-01,MMM,127.60667354783801,128.47154822776272,126.87762687289121,128.357177734375,2404558.0
2021-11-02,MMM,128.65022980408128,130.15837318017677,128.37861294594865,130.06546020507812,2646748.0
2021-11-03,MMM,129.93679121232717,130.53004896173212,128.64307947366748,130.2512969970703,2372146.0
2021-11-04,MMM,130.42281861552704,130.77305207563384,128.8288976599311,129.09335327148438,2453474.0
2021-11-05,MMM,130.17269770233776,131.38779306175562,129.3364285688945,129.9439697265625,2169903.0
2021-11-08,MMM,130.55864363572223,131.10901246257936,128.85036495672654,129.7581024169922,2219656.0
2021-11-09,MMM,129.63660959184188,130.49432309349342,128.9790314145891,129.60801696777344,2131750.0
2021-11-10,MMM,129.60801863892638,130.68731194694428,128.65739214087546,130.38711547851562,2048270.0
2021-11-11,MMM,130.80881992070806,130.83025134320562,128.3071481038409,128.80747985839844,2376093.0
2021-11-12,MMM,129.33638534397636,133.16036102191816,128.8646332363469,131.2733917236328,5268021.0
2021-11-15,MMM,131.58074081350054,132.2597633363454,130.73017562126248,131.02322387695312,1750226.0
2021-11-16,MMM,131.02325791107745,131.65940471487568,130.5872594916521,131.06614685058594,2362100.0
2021-11-17,MMM,131.0661527226681,131.4235344797542,129.82246472977178,131.04470825195312,2692316.0
2021-11-18,MMM,131.22482948105775,131.53467529189564,128.76044935022676,128.81809997558594,3029229.0
2021-11-19,MMM,129.3008711172595,130.28805907286394,128.34970164853928,129.14955139160156,2969190.0
2021-11-22,MMM,129.1639936881916,131.34734044549978,128.82530937180204,129.4594268798828,2836792.0
2021-11-23,MMM,130.1439696725117,130.65557956321058,128.73163443896698,129.3153076171875,2325263.0
2021-11-24,MMM,128.9622330667333,129.3441422175446,127.93179373237534,127.99665069580078,1780246.0
2021-11-26,MMM,125.7556313473257,127.4201616163629,124.9485752106246,126.47621154785156,2287111.0
2021-11-29,MMM,127.16076221130507,127.42016372365359,126.0870982207745,126.98782348632812,2780102.0
2021-11-30,MMM,125.88537355584153,126.72124212962183,122.4554101458303,122.52747344970703,6387238.0
2021-12-01,MMM,124.33606644391956,125.84928999932174,123.00300107390575,123.02462005615234,3893698.0
2021-12-02,MMM,123.60829540796281,124.50181427282119,122.40491760874885,122.68595123291016,4027052.0
2021-12-03,MMM,122.42654866192078,124.59549566509125,121.90773247797013,124.36490631103516,3610604.0
2021-12-06,MMM,125.755639092034,128.4650081886445,125.38093631266565,127.6867904663086,4088646.0
2021-12-07,MMM,127.6219271208511,128.5082397256903,126.95179120870691,127.21839904785156,2778069.0
2021-12-08,MMM,127.1823919734753,127.42017452157278,125.6907871252505,126.85091400146484,2305888.0
2021-12-09,MMM,127.17519142740277,127.83091477202517,126.56269290697765,126.77886962890625,2103286.0
2021-12-10,MMM,128.22005365441836,128.22005365441836,126.90138724507752,127.61476135253906,1846146.0
2021-12-13,MMM,127.54268717465615,127.80929504831788,125.67637945808225,125.79887390136719,3025760.0
2021-12-14,MMM,125.99342650860525,127.25444198600661,125.56108623506574,125.8997573852539,2783690.0
2021-12-15,MMM,126.15914991421177,126.98061873070056,125.29445627861882,126.66356658935547,2559320.0
2021-12-16,MMM,127.3336976222303,128.94059040213747,125.97179369202787,128.4866180419922,2691000.0
2021-12-17,MMM,128.1623919523507,128.49385682112177,125.62594797796761,125.92139434814453,4799189.0
2021-12-20,MMM,124.81168966744127,125.2944742770334,123.19038393646794,124.40095520019531,2369754.0
2021-12-21,MMM,124.97741734530334,125.37373913898628,124.09831096035744,124.60271453857422,2384944.0
2021-12-22,MMM,124.60271926918918,124.82610232595768,123.6155310622303,124.40095520019531,2418312.0
2021-12-23,MMM,124.65313967246978,126.54825925140482,124.50181993729804,126.07988739013672,2339017.0
2021-12-27,MMM,126.20957524546036,127.3480960322015,126.03663654433036,127.32647705078125,1414868.0
2021-12-28,MMM,127.42734799703769,128.62351935881276,127.36250420529045,128.00381469726562,1936204.0
2021-12-29,MMM,127.88854938391607,128.9045627543976,127.70840432991506,128.55868530273438,1461392.0
2021-12-30,MMM,128.89012715315135,129.1135101364023,127.96057673594643,128.00381469726562,1276491.0
2021-12-31,MMM,127.92460055334175,128.51546695249655,127.1896075687971,127.99665069580078,1691862.0
2022-01-03,MMM,128.4938247883384,129.0486725913041,126.70678695419012,128.07589721679688,2309117.0
2022-01-04,MMM,128.60916252184887,130.6123776131599,128.28489082145146,129.87017822265625,3016551.0
2022-01-05,MMM,127.63636911031755,130.98706259132547,127.54269997375522,129.33694458007812,3531070.0
2022-01-06,MMM,130.3385247228968,130.62675156659654,127.93178192213551,128.2632598876953,2996458.0
2022-01-07,MMM,128.35693616861838,130.0575114619562,127.70121282999838,129.66839599609375,3349039.0
2022-01-10,MMM,129.30808998308873,129.58190415126165,127.38414502705479,127.83810424804688,2772328.0
2022-01-11,MMM,128.26325381786128,129.38014264701903,127.12473285367986,128.96942138671875,2707983.0
2022-01-12,MMM,128.9838290310334,129.71161555639924,128.688382733957,129.28646850585938,2067286.0
2022-01-13,MMM,129.61796675643095,130.6700120121816,129.00546817043187,130.43942260742188,2505261.0
2022-01-14,MMM,130.32410145914156,130.32410145914156,128.02545377452125,128.79647827148438,2734176.0
2022-01-18,MMM,128.39297671064972,128.65958460188187,126.9446096819278,128.46502685546875,2883078.0
2022-01-19,MMM,129.58190627036643,130.33131180638694,127.99663240967985,128.609130859375,2354446.0
2022-01-20,MMM,128.68118293759207,129.14236165145635,124.88372405261467,125.07107543945312,3369491.0
2022-01-21,MMM,124.94856958651789,126.83649593902963,124.34327751123709,124.40813446044922,4161004.0
2022-01-24,MMM,123.83890063346317,124.81168932950764,121.65554067696901,124.51624298095703,5635193.0
2022-01-25,MMM,125.04227956996306,125.78446573544448,121.06467510819321,125.2008056640625,6041116.0
2022-01-26,MMM,125.58270563736393,126.28166692626833,121.20157335614427,121.99421691894531,5274360.0
2022-01-27,MMM,121.8500886233796,124.02624207574286,121.3745103825544,122.61390686035156,3328229.0
2022-01-28,MMM,121.33844378915359,121.59785839594088,115.68189822822988,117.52657318115234,7441034.0
2022-01-31,MMM,117.23836174278047,119.82524922128415,116.4385251385804,119.63069152832031,6088118.0
2022-02-01,MMM,119.32085604196783,121.02863764907356,118.72278334073373,120.646728515625,3573528.0
2022-02-02,MMM,120.91333433470572,121.95817299850543,119.47217392940028,120.09186553955078,3816795.0
2022-02-03,MMM,119.80365295016587,120.14232410761566,118.24719111139298,118.45616149902344,3120005.0
2022-02-04,MMM,118.02381882019671,118.70836745009109,115.36486761635113,115.81884002685547,4839614.0
2022-02-07,MMM,115.83323243327109,116.9573406196512,115.300003650024,116.13587188720703,2919556.0
2022-02-08,MMM,116.32324369911426,117.53381487788705,115.5234069587632,117.02941131591797,2839184.0
2022-02-09,MMM,117.85088189853185,118.36249179665846,116.68353552514289,117.91572570800781,2563746.0
2022-02-10,MMM,116.7411947988689,117.30324904060441,114.58666011400086,115.10547637939453,4345307.0
2022-02-11,MMM,115.4081024065095,116.44573481585736,114.42812062553692,114.96134948730469,4344709.0
2022-02-14,MMM,114.82443298590347,114.99738487666416,111.94933135600233,113.8588638305664,5542742.0
2022-02-15,MMM,114.37047018432257,114.62988486220135,112.59063853266849,113.3760757446289,3989617.0
2022-02-16,MMM,113.13107640685206,113.85165667887321,111.04859205657935,112.14387512207031,5346120.0
2022-02-17,MMM,109.75025382175713,110.20133194306193,108.0259705762737,108.14237976074219,7424409.0
2022-02-18,MMM,107.82225798612978,108.9208526715182,107.12381614486208,107.40028381347656,6002485.0
2022-02-22,MMM,107.82225747152211,108.04779985424945,106.13435415028901,106.76731872558594,5392884.0
2022-02-23,MMM,106.76732071305547,107.18929489154974,104.86115096264659,105.04303741455078,4600534.0
2022-02-24,MMM,103.38422318591165,104.68653220270411,101.66721601266319,104.54830169677734,7304092.0
2022-02-25,MMM,105.06486352043692,110.41232378393424,105.02120758618884,109.50289154052734,8052309.0
2022-02-28,MMM,108.61528831288597,108.86265202665153,106.76731985206531,108.149658203125,5041499.0
2022-03-01,MMM,108.09872329566348,108.4188468917091,104.87569920053103,105.31222534179688,3963424.0
2022-03-02,MMM,105.93792775304624,107.94595490379653,105.43592428469711,107.1092758178711,4466582.0
2022-03-03,MMM,108.05507037516963,109.12456104505401,107.32752461791348,107.89501190185547,4549823.0
2022-03-04,MMM,106.33807127803367,107.45121796463893,106.03249964680586,106.75276947021484,3869299.0
2022-03-07,MMM,106.03250511275434,106.03250511275434,103.72618901658204,104.24274444580078,5446584.0
2022-03-08,MMM,105.66872417579172,108.74624182633094,104.2281845639373,105.7851333618164,5507939.0
2022-03-09,MMM,107.57489611792782,108.5934615796884,106.5781586237501,106.65818786621094,3991411.0
2022-03-10,MMM,105.74147194490449,106.19255004885127,104.27911108041756,104.71563720703125,4537624.0
2022-03-11,MMM,104.38095851750792,105.11578024140987,102.4602436179456,102.55482482910156,4962682.0
2022-03-14,MMM,102.91131664520356,105.70509027306325,102.91131664520356,104.38822937011719,4676480.0
2022-03-15,MMM,105.39952574362638,105.84332785348053,103.74071984409973,104.99210357666016,3991411.0
2022-03-16,MMM,105.31949875813189,106.41809339271055,103.92260850152618,105.86515808105469,4561305.0
2022-03-17,MMM,105.71965835681056,107.46576299108929,104.87570335779165,107.45121765136719,3332893.0
2022-03-18,MMM,107.0001213625513,108.00413473856825,105.65416308567092,107.90955352783203,9426992.0
2022-03-21,MMM,108.17876124041146,108.94268702810862,107.24023162083317,108.0987319946289,5399820.0
2022-03-22,MMM,108.7317064672456,109.74299607346613,108.04054051185294,109.08820343017578,5085392.0
2022-03-23,MMM,108.90628468066667,108.9717685726644,107.35661873287351,107.44392395019531,3154091.0
2022-03-24,MMM,107.76405901699896,108.5716340729054,107.240227624845,108.3897476196289,2425608.0
2022-03-25,MMM,108.60073068552573,109.99033831473692,108.33881500716117,109.46650695800781,2688369.0
2022-03-28,MMM,109.08090662601252,109.22641311515608,107.08743187589819,108.74623107910156,3205160.0
2022-03-29,MMM,109.85939448997442,111.25628488258529,109.16095261300724,110.6451416015625,3221067.0
2022-03-30,MMM,110.09947270270307,111.50363896330514,109.69205052260345,110.17222595214844,2864540.0
2022-03-31,MMM,109.45924542190436,110.04128476534889,108.25880006389967,108.31700134277344,3819785.0
2022-04-01,MMM,108.86263122992337,109.02996567017063,106.84005269416306,108.90628051757812,2626894.0
2022-04-04,MMM,108.44794918514307,109.13911501166397,106.27985721251429,108.7898941040039,3147633.0
2022-04-05,MMM,108.14966413772628,109.59020384205064,108.04780692325086,108.33155059814453,2569726.0
2022-04-06,MMM,107.18928930426225,109.41558254608766,106.98558153414186,109.35010528564453,3235778.0
2022-04-07,MMM,108.68802160354538,109.47376853520036,107.3566154207946,109.09544372558594,2630004.0
2022-04-08,MMM,109.85939721368648,110.33230334572283,108.68077319774481,108.99361419677734,3337438.0
2022-04-11,MMM,109.45921915598052,110.74697608129974,109.10272230123596,109.21913146972656,2964645.0
2022-04-12,MMM,110.10675904471854,110.24499620647134,107.74223506401731,108.0987319946289,3125028.0
2022-04-13,MMM,108.05506418989229,108.52797023277391,107.3638984155329,108.15692138671875,2382552.0
2022-04-14,MMM,108.14965405581735,108.8335438966718,107.10198468936203,107.22566986083984,2787996.0
2022-04-18,MMM,107.27659289336212,107.916833426465,106.0397677592359,106.35261535644531,2123857.0
2022-04-19,MMM,106.84008107055246,109.56110204088291,106.84008107055246,109.20460510253906,2746016.0
2022-04-20,MMM,109.72115367603291,110.95070283483453,109.51743926813386,109.56108856201172,2367960.0
2022-04-21,MMM,110.5723762953019,111.38723391452655,110.08491824923196,110.41959381103516,2795291.0
2022-04-22,MMM,109.71389227109576,109.85212279853863,107.85137167474278,108.52799224853516,3776250.0
2022-04-25,MMM,108.19331049376643,108.42612887442912,106.1343582077491,108.11328125,4104911.0
2022-04-26,MMM,105.79240338268322,106.93464729533163,103.94443504333184,104.92662048339844,5789118.0
2022-04-27,MMM,105.33404682871385,106.27985230349422,104.57012114948591,104.91934204101562,3736663.0
2022-04-28,MMM,105.31221326340913,107.48029838193244,104.8538592079802,107.0510482788086,3035089.0
2022-04-29,MMM,107.16746565424677,108.08417383528912,104.67198079725907,104.92662048339844,4966151.0
2022-05-02,MMM,105.13760834732307,107.31296956814298,104.60650102192014,106.15617370605469,4445891.0
2022-05-03,MMM,106.37442936578242,108.29515083295509,106.16344562460658,107.73493957519531,3000405.0
2022-05-04,MMM,108.40429484192056,112.5221991835832,107.58944383253994,112.20935821533203,4418263.0
2022-05-05,MMM,111.43816854034105,111.78738949085124,107.84409517955079,108.73897552490234,3965816.0
2022-05-06,MMM,108.60073167257538,108.96450455783395,106.72366597456454,108.7898941040039,2954479.0
2022-05-09,MMM,107.99686940054558,111.87469278447671,107.63309649855887,110.8634033203125,4979068.0
2022-05-10,MMM,112.04202371325675,112.07112766887151,107.77860623346768,108.4916000366211,4189827.0
2022-05-11,MMM,109.1245779500342,109.22643516847032,106.34535564779117,106.51996612548828,3286608.0
2022-05-12,MMM,106.65091206559809,108.85537746713317,106.22893788496492,108.83354949951172,3371524.0
2022-05-13,MMM,109.28462813459943,109.38648534528703,107.65492604095054,108.62256622314453,3292947.0
2022-05-16,MMM,108.56434534397275,109.7356931689779,106.44719205612313,109.49560546875,3245585.0
2022-05-17,MMM,110.57965748153711,110.95070636534743,109.51016676404903,110.83429718017578,2519733.0
2022-05-18,MMM,110.28863768440445,110.37594291349262,108.01869508943584,108.3533706665039,3538605.0
2022-05-19,MMM,107.4421014795897,109.42632407466941,105.90615930709167,108.00061798095703,3285053.0
2022-05-20,MMM,108.42685528825838,108.72080920239243,103.68675789501964,105.70037841796875,5017698.0
2022-05-23,MMM,106.25156741502362,107.27307009069285,105.83267165350465,106.10458374023438,3391976.0
2022-05-24,MMM,106.08252275087567,107.4567820615243,103.62061522077443,107.11138153076172,3156005.0
2022-05-25,MMM,106.87621505617085,107.41268963763856,105.4946062533467,107.14077758789062,2244772.0
2022-05-26,MMM,107.83894555970959,109.36018874483354,107.8095474828521,108.05941772460938,2544251.0
2022-05-27,MMM,108.91924049505106,109.88196041982877,108.66937696805203,109.8746109008789,2124933.0
2022-05-31,MMM,108.96332394978046,110.11711110532664,107.24366414062175,109.71292114257812,4956224.0
2022-06-01,MMM,109.74232405742401,109.85990965249046,107.0011547172432,107.60377502441406,2882838.0
2022-06-02,MMM,108.41215161250608,108.97802427280124,106.1927580800177,108.89718627929688,2274074.0
2022-06-03,MMM,108.03000274479224,108.37540327076171,106.79537759067358,107.27305603027344,2244055.0
2022-06-06,MMM,107.58171699406795,108.25047620579858,107.0378928852036,107.44943237304688,1884418.0
2022-06-07,MMM,106.88357046361423,108.0226586458036,105.693035652393,107.9344711303711,2159139.0
2022-06-08,MMM,106.97176015057876,107.7433992498362,106.03843834827542,106.8688735961914,2046834.0
2022-06-09,MMM,106.93501569126383,108.16964767432624,105.9282053793991,105.95760345458984,2593287.0
2022-06-10,MMM,104.35551233325198,104.70091286051259,101.10726674416044,101.15870666503906,7037144.0
2022-06-13,MMM,100.48261066321422,101.66580275664005,99.6668744036136,100.21804809570312,4922736.0
2022-06-14,MMM,100.44587362254225,101.6731561713616,98.77030392500544,99.39496612548828,3199539.0
2022-06-15,MMM,99.76974210510905,100.44585078701247,97.78551987096216,98.71884155273438,3912236.0
2022-06-16,MMM,97.4107319857594,97.4107319857594,95.77925959589095,96.22754669189453,4458927.0
2022-06-17,MMM,96.1026181806359,96.91835443156201,94.59608079507102,95.4191665649414,8588356.0
2022-06-21,MMM,95.78660332392474,96.33042742100612,95.00025854452018,95.54408264160156,4459166.0
2022-06-22,MMM,94.63281935190521,96.70523611628003,94.20658079246836,95.83070373535156,3468639.0
2022-06-23,MMM,95.69106976582226,96.3230813960042,94.43439602372044,95.64697265625,2680236.0
2022-06-24,MMM,96.66112414225562,98.88051752913597,96.44800824818596,98.71884155273438,4376523.0
2022-06-27,MMM,98.77763714201875,98.96871120085727,97.21965330471089,97.59445190429688,2856766.0
2022-06-28,MMM,98.37346662443021,98.8952422774642,95.64698934078888,95.7792739868164,2880327.0
2022-06-29,MMM,95.53674708468533,95.78661732151834,94.6622213730665,95.36772155761719,3374036.0
2022-06-30,MMM,94.58872336557752,95.69107064584382,93.55251504451303,95.1031494140625,3995956.0
2022-07-01,MMM,95.10314977224569,95.41180942595811,93.045438864791,94.42704772949219,4450077.0
2022-07-05,MMM,93.31735479988032,95.12520227551633,92.30319498789214,94.9561767578125,4670739.0
2022-07-06,MMM,95.16930303813221,96.26430089164464,94.03755758989838,95.4191665649414,3625794.0
2022-07-07,MMM,95.63228247554325,95.76456039570431,93.7509398734594,95.573486328125,4125722.0
2022-07-08,MMM,95.40445596999336,95.6543194665347,94.1698241118653,94.5960693359375,2620795.0
2022-07-11,MMM,94.60342244674159,95.91153612355832,94.47113782251084,94.80918884277344,3221067.0
2022-07-12,MMM,94.91941960254229,97.02857701356783,94.84593112908696,95.6837158203125,3155168.0
2022-07-13,MMM,94.06694749807289,95.16194525650934,93.8244268055,94.33885955810547,2978399.0
2022-07-14,MMM,93.31735704491831,94.46379480887964,92.50897032449751,94.29476928710938,3020498.0
2022-07-15,MMM,95.44121199701274,95.78661255302366,94.25067714196844,95.63228607177734,3155766.0
2022-07-18,MMM,95.67637382497783,96.1393599616427,94.44909141044971,94.73570251464844,3037601.0
2022-07-19,MMM,95.83071590150331,97.20497549820354,95.58085234913041,97.10208892822266,3363989.0
2022-07-20,MMM,97.09472669928273,98.08684467074686,96.89630981075517,97.74878692626953,2398339.0
2022-07-21,MMM,97.77084637393705,98.4690037911023,97.27846879848754,98.43960571289062,1996244.0
2022-07-22,MMM,98.95401945401082,99.17449160145448,98.09419283166396,98.56452178955078,2104960.0
2022-07-25,MMM,98.47633427172636,99.2847276751763,98.31465827334245,98.56452178955078,2815504.0
2022-07-26,MMM,105.46520911535217,107.07463287401018,101.79806781740648,103.4368896484375,15011235.0
2022-07-27,MMM,102.60645864916499,103.04005341132857,101.09992137647777,102.04793548583984,6016239.0
2022-07-28,MMM,102.81223038356947,103.34870498456988,101.63639463119306,103.15763092041016,3700663.0
2022-07-29,MMM,103.4515953270729,105.61954236543015,102.75344470950432,105.26679229736328,4781967.0
2022-08-01,MMM,104.46575577449462,105.8694132426803,104.04686674250473,105.35498046875,3415656.0
2022-08-02,MMM,104.7891113500944,105.50196773933848,104.08361118547758,104.17179870605469,3226449.0
2022-08-03,MMM,104.28202948237858,105.68568692716535,104.02481645258374,105.45051574707031,3271658.0
2022-08-04,MMM,105.45052441135495,109.00743012709937,105.23740847497926,108.85310363769531,7062260.0
2022-08-05,MMM,108.03736108701565,109.12500938021084,107.58172445862942,108.3313217163086,5008130.0
2022-08-08,MMM,108.78695139733439,110.34493525674914,108.45624319583759,109.1176528930664,3765606.0
2022-08-09,MMM,108.99273852012644,109.53656270197192,108.16965272821714,108.64733123779297,3628066.0
2022-08-10,MMM,110.14650944302578,110.68298402581756,109.38221321232808,109.77906036376953,3046212.0
2022-08-11,MMM,110.23470390510269,111.29295410132582,109.7717177678138,109.9848403930664,2748767.0
2022-08-12,MMM,110.50660019634705,111.92495647976304,110.23468816760065,111.880859375,2806773.0
2022-08-15,MMM,111.25622264290719,111.77799826672667,110.5874633422017,111.28561401367188,2796487.0
2022-08-16,MMM,110.5801000916948,111.19741268181691,109.4116138696653,110.42577362060547,5253430.0
2022-08-17,MMM,109.08826461204202,109.34548436043805,108.08145429231924,108.34602355957031,5832772.0
2022-08-18,MMM,108.32397068292397,108.35336875717174,106.83947522565312,107.79484558105469,6762543.0
2022-08-19,MMM,107.36422363657904,108.13636342708399,106.32481302576979,107.80226135253906,15204987.0
2022-08-22,MMM,106.37679081506839,106.67376820652183,104.7063006095486,105.1220703125,12179346.0
2022-08-23,MMM,104.68402230593435,105.73828963949374,104.46871929330847,105.24085235595703,18368646.0
2022-08-24,MMM,104.61719712684709,105.12205931696877,103.72627182025849,104.71371459960938,18454878.0
2022-08-25,MMM,104.73598705454219,106.36935233783356,104.41673487506999,105.99070739746094,56637298.0
2022-08-26,MMM,106.64406608477113,106.91876864153048,95.5371647309342,95.8786849975586,45907384.0
2022-08-29,MMM,95.61883255694187,95.61883255694187,93.0054491773556,93.87409973144531,60436750.0
2022-08-30,MMM,94.20819708105292,94.83926975957542,91.34237256756803,92.70104217529297,41236286.0
2022-08-31,MMM,92.69360767671168,93.88893520386719,91.77298266480827,92.3223876953125,37843952.0
2022-09-01,MMM,92.2852707674134,93.83697529817664,91.81753328043474,93.27272033691406,37093222.0
2022-09-02,MMM,93.56969876808681,93.82213327557128,89.94659764418714,90.31781768798828,14735438.0
2022-09-06,MMM,90.1024963515168,90.20643876341481,86.10816892095389,86.5684814453125,36757386.0
2022-09-07,MMM,86.59819325383023,90.0208412821435,86.13788066546796,89.50112915039062,44932165.0
2022-09-08,MMM,87.897464206526,88.93687493015086,86.98426396456765,88.55081176757812,30786714.0
2022-09-09,MMM,90.03568529681355,91.53540850171952,88.99626787567063,91.39434814453125,31359240.0
2022-09-12,MMM,92.30013677535158,93.93350240670078,92.04028407598922,92.2481689453125,22690392.0
2022-09-13,MMM,90.65932138923378,92.50799632748642,89.26353400868746,89.44171905517578,9287538.0
2022-09-14,MMM,89.53082767709849,89.53082767709849,86.35318248570987,87.25896453857422,6781918.0
2022-09-15,MMM,87.47426324879612,88.15731053257107,86.17499316334052,86.43485260009766,4847149.0
2022-09-16,MMM,85.1578575977584,87.09562547223474,84.71981982966788,86.57592010498047,8685113.0
2022-09-19,MMM,86.13046796861698,86.79866550468508,85.58848770561659,86.59820556640625,3815599.0
2022-09-20,MMM,85.6033122406175,87.01394967181601,85.19497428328533,86.50909423828125,4969619.0
2022-09-21,MMM,86.73924717780926,87.63017929124902,85.23209904412417,85.23951721191406,4468017.0
2022-09-22,MMM,84.75693057216424,85.41769619961,84.21495046505592,84.74208068847656,4398888.0
2022-09-23,MMM,84.43768788657871,84.7643650406769,82.87114014935815,83.8882827758789,4405705.0
2022-09-26,MMM,83.7175287181086,84.49708678465421,83.32403382593563,83.89571380615234,4303088.0
2022-09-27,MMM,84.73465195622056,84.73465195622056,82.72264184734664,83.45765686035156,3975863.0
2022-09-28,MMM,84.27435883796578,85.16528427846019,83.94026349142617,84.84603881835938,4398649.0
2022-09-29,MMM,83.86601267698234,84.1926898495016,82.85629493620273,83.37600708007812,2769697.0
2022-09-30,MMM,83.15326424824374,84.00707165010479,81.95793659547127,82.03960418701172,3722909.0
2022-10-03,MMM,82.92311571088021,84.6529986579432,82.34401082274343,84.05904388427734,3487536.0
2022-10-04,MMM,85.18754910196405,86.10817420719913,85.15042439022778,85.84089660644531,3352029.0
2022-10-05,MMM,84.89057582289689,86.19727089483212,84.20753529069172,85.50680541992188,3061880.0
2022-10-06,MMM,84.89798845409605,85.33602613725974,81.82428618115833,82.49990844726562,5176408.0
2022-10-07,MMM,81.94310158295859,82.23265406438105,79.50789618118796,79.8271484375,5138614.0
2022-10-10,MMM,80.57699901073664,81.0150367383635,79.58213125195307,80.5250244140625,3088550.0
2022-10-11,MMM,80.55472407752468,82.0024794467929,80.1463793453811,80.8071517944336,3462898.0
2022-10-12,MMM,80.60669698241382,81.4456477070455,80.36911238065319,80.88882446289062,3290196.0
2022-10-13,MMM,79.81228168926053,85.25436458766993,79.49303627497457,84.8311767578125,5708149.0
2022-10-14,MMM,84.83117896222015,85.49937635135333,83.7843366117309,84.36344146728516,4137323.0
2022-10-17,MMM,85.6107456600576,85.9151480035431,84.11102232110625,84.53421020507812,3592186.0
2022-10-18,MMM,85.9299814973721,86.4199937757967,84.9722317655835,86.08589172363281,3066544.0
2022-10-19,MMM,85.45483379718867,85.88544661616672,84.07389602469041,84.78663635253906,3084006.0
2022-10-20,MMM,84.6233014633153,85.86317887316505,83.81404364858784,83.97737884521484,3758908.0
2022-10-21,MMM,84.00708491012172,86.82092850226698,83.93284224923731,86.72441101074219,3997630.0
2022-10-24,MMM,87.2589648169391,88.45429254528761,87.00653030939999,87.8900375366211,4059344.0
2022-10-25,MMM,84.2743506532249,88.0533686269627,84.00707304703462,87.9791259765625,5997581.0
2022-10-26,MMM,88.78839358335378,91.53541937485629,88.78839358335378,91.09738159179688,5535088.0
2022-10-27,MMM,91.68390276825873,92.39664306284764,90.59994244114097,91.17161560058594,4444934.0
2022-10-28,MMM,91.30525667275,94.04485722739686,90.95631147235449,93.99288940429688,4559870.0
2022-10-31,MMM,93.62166203145786,93.88151467573685,93.07225697512554,93.3915023803711,5174135.0
2022-11-01,MMM,94.11910288150223,94.36411244351628,92.48573741612844,93.02771759033203,2549633.0
2022-11-02,MMM,92.83467138978163,94.1487912555992,91.06023900129291,91.21615600585938,3063793.0
2022-11-03,MMM,90.56281764931968,92.27042573271815,89.9243200068751,91.208740234375,2400252.0
2022-11-04,MMM,92.40406027204702,93.07968257158895,91.4388855584157,92.68618774414062,2775438.0
2022-11-07,MMM,92.53028013483986,92.91634325665605,91.54283056722471,92.56739807128906,2289503.0
2022-11-08,MMM,93.07225190687127,94.02257667807852,92.09222736950703,93.06482696533203,2182461.0
2022-11-09,MMM,93.020293055801,93.30984550108109,91.8546651064679,91.93633270263672,2131750.0
2022-11-10,MMM,94.77988078784622,95.96778362831478,94.19335769809136,95.88611602783203,3779001.0
2022-11-11,MMM,96.21277249033521,99.10828292353467,95.88609538415257,98.72964477539062,4101443.0
2022-11-14,MMM,98.41040850741591,99.42012620626109,97.21508078802015,97.28189849853516,3127899.0
2022-11-15,MMM,98.38813404916198,99.10088113747368,96.34642381542525,97.42296600341797,3008060.0
2022-11-16,MMM,97.59373675556147,97.59373675556147,95.33671648378447,95.58172607421875,3837127.0
2022-11-17,MMM,94.75547348821996,95.55919024357405,93.6437969050281,95.50660705566406,2689804.0
2022-11-18,MMM,96.14506617328037,96.40044964082597,94.56768036090777,95.21366119384766,3798616.0
2022-11-21,MMM,95.1235125878773,96.05491744137807,94.81554597947405,95.86713409423828,2575586.0
2022-11-22,MMM,96.2577271017585,96.64831759858848,95.6342887957616,96.59574127197266,2101492.0
2022-11-23,MMM,96.58823214370196,96.98633453481762,95.57420331195534,96.14506530761719,2810241.0
2022-11-25,MMM,96.80605573780635,97.51212477286987,96.53564850753988,96.92623901367188,1055350.0
2022-11-28,MMM,96.22769324952489,96.58072435673621,93.23067107214449,93.62126159667969,3317106.0
2022-11-29,MMM,93.20062158261133,94.89818383968074,93.14804525336942,94.74044799804688,2228268.0
2022-11-30,MMM,94.56767896427596,94.83058116506072,91.15753763016424,94.6202621459961,6973398.0
2022-12-01,MMM,95.61927341056399,96.79855688734558,94.12451823862197,94.63529205322266,3156005.0
2022-12-02,MMM,93.71138711476956,95.58170881516783,93.32079663287142,95.38641357421875,2178992.0
2022-12-05,MMM,93.94424208904451,94.23718497283858,93.34333255501954,93.6137466430664,2563148.0
2022-12-06,MMM,94.00432254297054,94.43998431805251,92.62223895346226,93.57617950439453,2295722.0
2022-12-07,MMM,93.38840983877272,95.62678668750533,93.2156502214946,94.90570068359375,3230994.0
2022-12-08,MMM,95.39393286902208,97.22669529860308,94.22967321550881,94.6427993774414,4527219.0
2022-12-09,MMM,95.22868248129176,95.79203262476068,94.39492509142674,94.46253204345703,2792540.0
2022-12-12,MMM,94.70288376759261,95.31130516109576,93.29075258625166,95.28125762939453,4637849.0
2022-12-13,MMM,97.23420560570298,97.6623486732444,94.99582893370106,95.61175537109375,3895252.0
2022-12-14,MMM,95.01836245173081,96.49809372803013,93.7714789847921,94.71039581298828,3702457.0
2022-12-15,MMM,93.73391746519633,93.95174835769669,91.45047645095784,91.92369079589844,3990454.0
2022-12-16,MMM,91.11997215998765,91.4880269919406,90.14350281448478,91.40540313720703,9089361.0
2022-12-19,MMM,91.13499900315222,92.96776819611993,91.00731070239125,91.73590850830078,2918360.0
2022-12-20,MMM,91.63074813745185,91.88613159047138,90.66178379706427,90.7444076538086,3471988.0
2022-12-21,MMM,91.51056884043975,93.02034768357169,91.27020914255617,92.73491668701172,3083408.0
2022-12-22,MMM,91.80350608556517,92.01382509199719,89.53508201853806,91.33029174804688,2617326.0
2022-12-23,MMM,90.72938114526272,90.88712382510354,88.48349275376863,90.24114990234375,3120723.0
2022-12-27,MMM,90.24115080650175,90.75942958485132,89.50504113956077,90.30123901367188,2166195.0
2022-12-28,MMM,90.39887761771534,90.88711567073719,88.82149893818134,88.8515396118164,2345356.0
2022-12-29,MMM,89.28722366419737,90.78197887053395,89.00930452668526,90.56414794921875,2464717.0
2022-12-30,MMM,89.87310455740612,90.15853556306577,89.01681154042717,90.0759048461914,2506816.0
2023-01-03,MMM,91.27772079817238,92.11899001953007,90.41391592753264,91.99129486083984,3124909.0
2023-01-04,MMM,92.65228975978067,94.10948537288861,92.17156352601816,94.00432586669922,3312561.0
2023-01-05,MMM,93.29826898383567,93.56867622050825,91.98378536300869,92.3593521118164,3117494.0
2023-01-06,MMM,93.63627831026798,95.49158329785861,92.95275174769549,95.1836166381836,2890732.0
2023-01-09,MMM,95.39392584878472,97.24171190884019,94.72541626800596,95.2361831665039,3434075.0
2023-01-10,MMM,95.44650157149385,96.2877707406901,95.16858247597119,96.24270629882812,1971128.0
2023-01-11,MMM,96.84360920856282,97.03890444964051,95.85962797443217,96.986328125,2408146.0
2023-01-12,MMM,97.34687149399885,97.51211920518627,95.98731668327468,97.15908813476562,2200042.0
2023-01-13,MMM,96.46053281504612,97.354385185637,96.2952851007882,97.27926635742188,2025306.0
2023-01-17,MMM,97.46705217149186,97.57221167973017,94.93573950639333,95.09347534179688,4199036.0
2023-01-18,MMM,95.28126028617322,95.5366437510313,91.83355952191124,92.20161437988281,5093166.0
2023-01-19,MMM,91.63825323280057,91.85607725575363,88.8740793354106,88.95670318603516,5955721.0
2023-01-20,MMM,89.0468362433346,90.66928623987756,87.70231217314235,90.62422180175781,5230706.0
2023-01-23,MMM,90.59417942367445,93.06541054203778,90.44395548285969,92.10395812988281,4080991.0
2023-01-24,MMM,87.16150629075733,90.13599252951784,86.00475859616931,86.38032531738281,12290694.0
2023-01-25,MMM,86.00474629086685,87.31171774537965,84.69026295469193,84.82546997070312,7167867.0
2023-01-26,MMM,85.26112831441145,85.70429508101405,83.94664492463359,85.29117584228516,5532218.0
2023-01-27,MMM,85.42637616124539,86.96620230499018,85.2235690555524,86.56809997558594,4920942.0
2023-01-30,MMM,85.98221926173849,87.13145502431973,84.54755252911566,84.56257629394531,7059868.0
2023-01-31,MMM,84.99073820930793,86.44042205810547,84.4123643049213,86.44042205810547,6065155.0
2023-02-01,MMM,86.0423248288146,87.68730390822071,85.36630330627322,87.02630615234375,3708557.0
2023-02-02,MMM,87.1990629363316,90.77445883812544,86.76340798671764,90.35382080078125,5880971.0
2023-02-03,MMM,89.33228510652482,89.55762790401963,87.72486540565288,88.25065612792969,3208150.0
2023-02-06,MMM,87.7248652152695,88.07789632385801,87.04133179466643,87.50703430175781,2974811.0
2023-02-07,MMM,86.9962437985895,88.04032001091053,86.20755786823959,87.8074722290039,2610509.0
2023-02-08,MMM,87.25914514055705,87.64972873407264,86.38782851583817,86.56809997558594,3003993.0
2023-02-09,MMM,87.45442978914632,87.72484382116869,84.47243209430425,84.82546997070312,4307872.0
2023-02-10,MMM,85.05081676946911,85.79443831815853,84.65271440593426,85.53905487060547,2720302.0
2023-02-13,MMM,85.90711148069543,86.84602828926165,85.4789684317086,86.59064483642578,2688130.0
2023-02-14,MMM,86.22260338163139,86.44042745437821,84.84051269004216,85.78694152832031,2944911.0
2023-02-15,MMM,85.36630221113093,86.2451240106432,85.02828802724247,86.22259521484375,3022651.0
2023-02-16,MMM,85.62133832423176,86.26064252810929,84.29706185815742,85.24079895019531,3223340.0
2023-02-17,MMM,85.21034995144318,86.03231940895888,84.23617447330925,85.9942626953125,3381929.0
2023-02-21,MMM,85.24079357362388,85.54522644258212,83.09455469508123,83.1478271484375,4651364.0
2023-02-22,MMM,83.36093023718219,84.00784573854384,82.58462885768597,82.91189575195312,3175380.0
2023-02-23,MMM,83.49032378440891,83.93936529289164,82.20410389906888,82.88907623291016,3520785.0
2023-02-24,MMM,82.28021948668803,82.60748647440866,81.25276434469801,82.0442886352539,3424028.0
2023-02-27,MMM,82.85101973347429,84.24379149174314,82.34870576137043,82.40198516845703,4252976.0
2023-02-28,MMM,82.28781402600423,82.89667980895555,81.62567578575634,81.99860382080078,4043078.0
2023-03-01,MMM,84.51017122220905,85.49195815047045,83.52076600572921,83.87847137451172,5877981.0
2023-03-02,MMM,83.52836915106606,83.90129717036983,81.98337767414712,83.64253234863281,9076803.0
2023-03-03,MMM,84.31228797250871,85.23319107283206,83.42182330097982,84.67760467529297,3636797.0
2023-03-06,MMM,84.78415892581282,84.95159459519567,83.47510505574526,83.66537475585938,3373677.0
2023-03-07,MMM,83.71863967493557,83.72625101782704,81.46584885080406,81.50389862060547,4033869.0
2023-03-08,MMM,81.77027838554379,82.02143185671436,80.81131866702974,81.55717468261719,4107901.0
2023-03-09,MMM,81.93772279379927,82.62269508664042,80.23290687741829,80.30901336669922,4142585.0
2023-03-10,MMM,80.32424101495526,81.43541388319842,78.9542963446542,79.19784545898438,4417904.0
2023-03-13,MMM,78.90103050417305,79.66972074168304,78.18561273352434,78.77164459228516,5036476.0
2023-03-14,MMM,79.60121158822405,80.04263476846891,77.1505327057441,78.2236557006836,5707312.0
2023-03-15,MMM,77.11248293457909,78.25410107334054,76.31334745958361,78.2236557006836,5850473.0
2023-03-16,MMM,77.46257213429134,79.47943210987098,77.2342457428462,79.31199645996094,4356550.0
2023-03-17,MMM,79.41854324589465,79.50226801748478,77.60717559086137,78.40631103515625,13617297.0
2023-03-20,MMM,78.70313503252714,79.49465915868396,78.55853340275564,79.38810729980469,3255392.0
2023-03-21,MMM,80.09592411228911,80.27858249742764,78.67270681036779,79.3729019165039,3137826.0
2023-03-22,MMM,79.39572320908849,79.5707702213659,77.24947711116191,77.27992248535156,3355378.0
2023-03-23,MMM,77.3712485620604,78.33781970727424,76.68627628284416,76.86893463134766,3800051.0
2023-03-24,MMM,76.38945499164447,77.12770667608217,76.2296306723213,76.9754867553711,4249268.0
2023-03-27,MMM,77.79743811724384,77.8431061702741,76.56449096594531,77.24185180664062,3345690.0
2023-03-28,MMM,77.3179802701709,78.26171743650944,77.10487653721533,77.43213653564453,2945509.0
2023-03-29,MMM,78.24648013680319,78.57374007411713,77.55389660636472,78.53569030761719,3853034.0
2023-03-30,MMM,78.96190043036519,79.09128631950104,78.03338601089001,78.2236557006836,2810241.0
2023-03-31,MMM,78.77163509374324,80.05786187905001,78.39870703671113,79.9969711303711,4319354.0
2023-04-03,MMM,80.02741409712102,80.55255512073866,79.28916934885144,79.58599090576172,4804691.0
2023-04-04,MMM,79.83714990227672,79.83714990227672,77.6832993112864,77.8202896118164,4154067.0
2023-04-05,MMM,77.90398808647052,78.21603227402842,77.38645849919192,77.85071563720703,3171792.0
2023-04-06,MMM,77.896390639184,78.23888025578668,77.26469775405727,77.2951431274414,2893363.0
2023-04-10,MMM,77.32558867502786,78.49003392906252,76.90699256867812,78.20843505859375,3444719.0
2023-04-11,MMM,78.87057047535387,79.74581242866093,78.6270283304806,79.57837677001953,3530592.0
2023-04-12,MMM,79.91324144815866,80.02740464034994,78.91623197757397,79.43376159667969,3258861.0
2023-04-13,MMM,79.79146625895427,81.00919770613113,79.22066419199139,80.78848266601562,4108499.0
2023-04-14,MMM,80.6743221991824,81.52673007419926,79.92085483397355,80.49927520751953,3341146.0
2023-04-17,MMM,80.79609869161841,81.51150936087969,80.62866303855589,81.2679672241211,2911184.0
2023-04-18,MMM,81.61044748146952,81.66372687975452,80.57538127743054,80.87981414794922,2286872.0
2023-04-19,MMM,80.44600335970772,80.93308762511079,80.26334502401764,80.7352066040039,2293928.0
2023-04-20,MMM,80.26333400182881,80.36226755414042,79.23587232384888,79.7077407836914,4419579.0
2023-04-21,MMM,79.89801828479291,80.00457013388967,79.19783034023628,79.5174789428711,7644593.0
2023-04-24,MMM,79.95131199607015,80.14919304487034,79.42616399897523,79.95892333984375,4229056.0
2023-04-25,MMM,80.43077801191991,81.66372520934362,79.27393729440521,79.43376159667969,6065394.0
2023-04-26,MMM,79.15217038731335,80.06546906819878,78.21604462151433,78.33020782470703,3795386.0
2023-04-27,MMM,78.45198615561887,80.2100745688345,78.45198615561887,80.16441345214844,2862148.0
2023-04-28,MMM,80.14918966052237,80.98637493835741,80.02741510994346,80.84176635742188,4764505.0
2023-05-01,MMM,80.93309344618469,81.30602148709593,80.33945728482279,80.56016540527344,2738003.0
2023-05-02,MMM,80.30140852168074,80.44601711320767,78.13233520603222,78.3758773803711,3602352.0
2023-05-03,MMM,78.77162175712455,79.60880690780893,78.139928959127,78.26170349121094,2459096.0
2023-05-04,MMM,78.04861108876979,78.37587107623511,76.68627784581345,77.50824737548828,3543987.0
2023-05-05,MMM,78.23887394673442,78.75640358459421,77.66806490974872,78.65746307373047,2324785.0
2023-05-08,MMM,78.81730847881505,79.09890737650541,77.36364592576957,77.8887939453125,2504424.0
2023-05-09,MMM,77.2266304876539,77.43972721910063,76.41227249135702,76.71670532226562,3733194.0
2023-05-10,MMM,77.1657518106183,77.40168954844685,75.80342561729145,76.7928237915039,3281944.0
2023-05-11,MMM,76.48839621479802,76.86893560310034,75.9556438490373,76.70149993896484,3317704.0
2023-05-12,MMM,77.02874910020705,77.07441020504932,75.5522530029585,76.3133316040039,2937496.0
2023-05-15,MMM,76.1611253299344,76.73954567294481,75.55225961792704,76.48077392578125,2878772.0
2023-05-16,MMM,76.10785364160868,76.13829901368885,74.58569615209714,74.59330749511719,4476748.0
2023-05-17,MMM,74.9053510248684,76.34379067237116,74.58569545498246,76.2448501586914,4279288.0
2023-05-18,MMM,76.05942075039059,77.14112892119145,75.76581434760492,76.9865951538086,3485503.0
2023-05-19,MMM,77.4579024484767,77.62789028237204,76.23712175177623,76.51527404785156,3229080.0
2023-05-22,MMM,76.39938571574493,78.84095448599074,75.96670665848495,78.58598327636719,5008011.0
2023-05-23,MMM,78.58597773383748,79.45906987822057,77.77469486464076,77.80560302734375,4324975.0
2023-05-24,MMM,77.61243783965017,77.8055997479632,74.92362520396784,74.93907928466797,4942590.0
2023-05-25,MMM,74.59911925410194,75.10906872485839,73.67194480747212,74.98544311523438,3731042.0
2023-05-26,MMM,74.98542678628226,75.28676017837311,74.46002334745802,74.90043640136719,3333730.0
2023-05-30,MMM,74.89271553553083,75.1013315203461,73.55603628493719,74.22051239013672,3433477.0
2023-05-31,MMM,73.40149700468417,73.99643675355718,72.00300858804874,72.0957260131836,7405273.0
2023-06-01,MMM,72.21937379428451,73.07701200294214,71.37718966960246,72.84521484375,3982082.0
2023-06-02,MMM,74.2514087538596,80.7802772660686,74.20504652005816,79.21952819824219,16938828.0
2023-06-05,MMM,77.96012117514996,79.18862885476622,75.64990547218898,75.70399475097656,7070752.0
2023-06-06,MMM,75.76581175855426,76.97886548242563,75.17087193243295,75.94351959228516,5351024.0
2023-06-07,MMM,76.27576037507907,78.16101726091773,75.41039528727748,78.03739166259766,3996075.0
2023-06-08,MMM,77.88285975919504,78.30781875933593,76.94023137912943,77.8519515991211,3768476.0
2023-06-09,MMM,77.8056057153075,78.49326300766846,75.87398648403055,77.18748474121094,5398266.0
2023-06-12,MMM,77.53516990727032,79.15000858839163,77.4270054393607,78.23828125,4185880.0
2023-06-13,MMM,78.23827287787529,79.69085060125563,77.9137654084323,79.38179016113281,3926827.0
2023-06-14,MMM,79.70630944687677,80.10036029780757,78.16874124431122,78.77140808105469,3888196.0
2023-06-15,MMM,78.73277526508241,80.4248772733209,78.51643223248418,80.20853424072266,3375590.0
2023-06-16,MMM,80.54850527904185,81.04300067581177,79.71404826274149,80.77257537841797,7412210.0
2023-06-20,MMM,79.41270935922316,79.5286079216574,78.09921111888772,79.04183959960938,3284455.0
2023-06-21,MMM,78.55505463780176,79.0340958175343,77.88285157833485,78.40052795410156,3011648.0
2023-06-22,MMM,78.26146868603468,78.2769227684742,76.98659853763513,77.59699249267578,3103500.0
2023-06-23,MMM,79.81448087425996,79.96900757828618,76.86297006578089,77.82105255126953,9342315.0
2023-06-26,MMM,77.2647326160617,77.9523897706117,76.85523477926411,77.5815200805664,4371858.0
2023-06-27,MMM,77.20293863215652,77.4347357594244,75.77354181459077,75.92034149169922,6493562.0
2023-06-28,MMM,75.92034216269938,76.70071690111993,75.54174535497692,76.15986633300781,4539538.0
2023-06-29,MMM,75.79671629544114,76.84751621655099,75.65763662122373,76.67752838134766,4182292.0
2023-06-30,MMM,77.27246560147687,77.57379901038051,76.64662471392235,77.33428192138672,6084052.0
2023-07-03,MMM,77.41927582807867,78.37735832801592,77.20293279900399,78.14556121826172,1913002.0
2023-07-05,MMM,77.87514355670639,78.3232766890484,76.15986733783672,76.20622253417969,4716306.0
2023-07-06,MMM,75.71945223828338,75.78126856543543,73.84192230543574,74.41368103027344,6137035.0
2023-07-07,MMM,74.32097203576264,76.4843815768837,74.3055179522184,75.17088317871094,4770126.0
2023-07-10,MMM,75.03951575973753,76.11349680240141,74.8540808941198,75.0936050415039,4506408.0
2023-07-11,MMM,76.29121473944447,78.83322801368448,76.01306240415143,78.74823760986328,7477392.0
2023-07-12,MMM,79.9535502816814,80.56394413344815,78.43916326235203,78.47779846191406,4345307.0
2023-07-13,MMM,78.57825913913435,79.52088770069788,78.42372535922895,79.47452545166016,2980552.0
2023-07-14,MMM,79.38952823669236,79.46679159490861,78.4623538376579,79.04183959960938,2650097.0
2023-07-17,MMM,78.73277377626381,78.9027545628541,77.88286279309308,78.5782470703125,2753312.0
2023-07-18,MMM,78.51643484652766,79.99992091202313,78.30782589766922,79.59041595458984,2978877.0
2023-07-19,MMM,79.46678397074699,80.16989526851876,79.27362206862874,79.95355224609375,2498324.0
2023-07-20,MMM,79.71404162850929,80.91936832951826,79.20409219143413,80.57940673828125,3428095.0
2023-07-21,MMM,80.4866801986531,80.77255952267446,79.75266781406877,80.61030578613281,2992392.0
2023-07-24,MMM,80.76483853583925,81.59156841043894,80.3398795127768,80.56394958496094,3986746.0
2023-07-25,MMM,83.0982246183567,85.64795727089835,82.68099269057672,84.85985565185547,10499564.0
2023-07-26,MMM,84.86758974685826,87.36324038116109,84.86758974685826,87.031005859375,6691620.0
2023-07-27,MMM,85.33890872411033,87.4173345626931,85.33890872411033,85.9106674194336,6713746.0
2023-07-28,MMM,86.43607483903752,86.85330684380473,85.80250684126115,86.44380187988281,3479762.0
2023-07-31,MMM,86.44380630663434,86.74513976437296,85.65570450181336,86.15019989013672,8661312.0
2023-08-01,MMM,86.15018980884845,86.4747043523354,85.24618954141863,85.42390441894531,3414819.0
2023-08-02,MMM,84.60490038239412,84.91396086653143,83.56955445824295,84.14904022216797,3810934.0
2023-08-03,MMM,83.83224836742964,84.09494659277973,82.61919466636122,82.82008361816406,3374514.0
2023-08-04,MMM,83.10595643048077,83.43046390386279,81.18206450890317,81.52202606201172,3487775.0
2023-08-07,MMM,81.90062674741219,82.32558575942382,81.04298873337379,81.3056869506836,3001242.0
2023-08-08,MMM,80.59486581477836,80.66440213543747,79.2350052651108,80.44805908203125,3483350.0
2023-08-09,MMM,80.2780710315845,80.88846493067723,79.89947424739825,80.13127136230469,2565540.0
2023-08-10,MMM,80.4094288187619,81.78473636458162,79.86857119942164,80.278076171875,2633951.0
2023-08-11,MMM,80.22398411326427,80.96572355729732,79.92265070157109,80.78028869628906,1947925.0
2023-08-14,MMM,80.47894701995695,80.59484555873989,79.5054105745296,79.90718841552734,3653062.0
2023-08-15,MMM,79.23499635375558,79.48996753430977,77.9755804312256,78.14556121826172,4000859.0
2023-08-16,MMM,77.85968324814976,78.60142273208096,77.62016614405508,77.87513732910156,3412666.0
2023-08-17,MMM,78.21509685405367,79.36634830230012,78.11465943094478,78.65550994873047,4071304.0
2023-08-18,MMM,78.40457231329482,78.80450911639252,78.09088979486799,78.42809295654297,3150742.0
2023-08-21,MMM,78.42024991573506,78.49866875598644,77.26747364376688,77.78504943847656,2754029.0
2023-08-22,MMM,78.16146239265922,78.20067538900601,76.93810993017114,77.25178527832031,3097879.0
2023-08-23,MMM,77.43999101791015,78.56140396744566,76.61658252032532,78.1457748413086,3904820.0
2023-08-24,MMM,77.84777946727498,78.94566464682039,77.2360996615153,77.24394226074219,2272400.0
2023-08-25,MMM,77.62036817916712,77.95757852143427,76.86753580379855,77.59684753417969,2617566.0
2023-08-28,MMM,82.58437381950036,82.85100075172116,80.45134405042012,81.65116882324219,9135646.0
2023-08-29,MMM,82.33341926886405,83.7920354292672,82.2471578307154,82.78826141357422,6270867.0
2023-08-30,MMM,82.72551615284831,83.00782825036654,81.25121487314908,81.90995025634766,3915584.0
2023-08-31,MMM,83.07841968616128,84.95265791875609,82.72552416334979,83.65088653564453,7781296.0
2023-09-01,MMM,84.14493767494648,84.92914043617345,83.21173266814475,83.87046813964844,4354038.0
2023-09-05,MMM,83.75283974697834,84.89777353575849,83.42347199764856,83.79204559326172,5817583.0
2023-09-06,MMM,83.53326601214786,83.76068712506125,82.6079035144811,83.41563415527344,3210423.0
2023-09-07,MMM,83.26661576263153,83.74497850151809,82.30988312920273,83.08625030517578,3476652.0
2023-09-08,MMM,83.18819287007963,83.4312991257132,82.67062427438952,83.31366729736328,3317824.0
2023-09-11,MMM,83.9096713158878,84.86639693680202,83.7449910310774,84.60761260986328,3398314.0
2023-09-12,MMM,84.34097324253528,85.32122651830517,83.96455712954457,84.0351333618164,3823134.0
2023-09-13,MMM,84.01944406679772,84.27822834294378,78.82018065946068,79.24365234375,9059820.0
2023-09-14,MMM,79.67497692035536,81.21985448986511,79.36913701503791,80.2396011352539,5004184.0
2023-09-15,MMM,79.90239631621085,80.31018288461914,78.92998549415576,79.25151062011719,7178631.0
2023-09-18,MMM,79.25150978445075,79.91023807342607,78.50651289828144,79.23582458496094,5141006.0
2023-09-19,MMM,79.21228908612817,79.40049715039832,78.31829720301687,78.60061645507812,3192483.0
2023-09-20,MMM,78.45946265432707,79.12603352774528,77.62036174613826,77.62820434570312,2936300.0
2023-09-21,MMM,77.28315493683813,77.80857330458248,76.38132043038699,76.45189666748047,4252856.0
2023-09-22,MMM,76.53033632168737,76.69501662285641,75.75397610809405,76.0990219116211,4172724.0
2023-09-25,MMM,75.73044690985664,75.98923125773,73.52683360790755,74.33456420898438,5315263.0
2023-09-26,MMM,73.99735686624534,74.58550893308698,73.41704739941413,73.62093353271484,4159927.0
2023-09-27,MMM,73.81698383480533,74.00519192275576,73.00141783890581,73.29157257080078,3669089.0
2023-09-28,MMM,72.9700395783306,73.58956197522922,72.46814901264334,73.13471984863281,4883866.0
2023-09-29,MMM,73.71504291935666,73.98166984618157,73.20530970950259,73.41704559326172,3640744.0
2023-10-02,MMM,72.65637179963743,72.79753145681954,70.03713636414439,70.75076293945312,9823466.0
2023-10-03,MMM,70.38218832300227,70.53118342311141,69.13530069529027,69.62934875488281,6428620.0
2023-10-04,MMM,69.48034771300243,69.68424099988405,68.46872387852488,69.0255126953125,7799475.0
2023-10-05,MMM,69.00983530776716,69.19804341609387,67.87273690133085,68.87651824951172,5812799.0
2023-10-06,MMM,68.539298853625,69.95870923559343,67.70020507749467,69.32350158691406,5331888.0
2023-10-09,MMM,69.06471159427925,69.85675686236726,68.97060756023195,69.8332290649414,2822082.0
2023-10-10,MMM,70.57822523610717,71.3545852986763,69.9587028436032,71.08010864257812,4435844.0
2023-10-11,MMM,71.2055965056116,71.34675615982617,70.38218784894177,70.88407135009766,2536955.0
2023-10-12,MMM,70.9938621110911,70.9938621110911,69.37056540923622,69.8097152709961,2796128.0
2023-10-13,MMM,69.95086977543617,70.46060300608394,69.21372260777407,69.54308319091797,2809284.0
2023-10-16,MMM,69.73129334305564,70.68801903151737,69.44113859636946,70.53118133544922,3186862.0
2023-10-17,MMM,69.92732920466649,71.39378782770086,69.85675297197552,71.00952911376953,2535759.0
2023-10-18,MMM,70.3586532020234,70.4213868446501,69.11177285967769,69.32350158691406,3214130.0
2023-10-19,MMM,69.00982116743474,69.64502161396834,68.24129653430656,68.27266693115234,3667295.0
2023-10-20,MMM,67.99820087852794,68.47656367643532,67.74725915798803,67.87272644042969,3056258.0
2023-10-23,MMM,67.44142914552015,68.09231491912496,66.93169587430789,67.12774658203125,4158014.0
2023-10-24,MMM,70.66448253566735,71.22910670165338,69.33917639410093,70.67232513427734,7675928.0
2023-10-25,MMM,70.10768895803676,70.8997341175564,69.55875002728195,70.099853515625,4618593.0
2023-10-26,MMM,70.39001061192121,71.00953300968668,69.24507700601596,69.51954650878906,4623975.0
2023-10-27,MMM,69.88813825883501,69.9822423076936,68.20210082409933,68.63341522216797,3962109.0
2023-10-30,MMM,69.05687146691379,70.36649254696566,68.83729299439197,70.2018051147461,3161626.0
2023-10-31,MMM,70.17044303299996,71.80942469327918,70.11554483613355,71.3232192993164,5555659.0
2023-11-01,MMM,71.48789995809805,71.63690219472707,70.24101964619089,71.01737976074219,4181934.0
2023-11-02,MMM,71.83295074014076,72.46030859943328,71.39379379854527,72.38973236083984,3144404.0
2023-11-03,MMM,73.33860583570677,74.35807206414836,72.985717532753,73.60523986816406,3266396.0
2023-11-06,MMM,73.58172168666151,73.65229792534204,72.90730823037012,73.33861541748047,2578217.0
2023-11-07,MMM,72.86809643686901,73.28372558775794,72.59362692132865,73.0484619140625,2636223.0
2023-11-08,MMM,73.2445117134007,73.2445117134007,71.57415968599801,72.39757537841797,4142466.0
2023-11-09,MMM,72.60146797547067,73.09551595518987,71.87215632706373,71.91136932373047,2540543.0
2023-11-10,MMM,72.14662940912596,72.97788049626817,71.8799953563477,72.78182983398438,2864420.0
2023-11-13,MMM,72.69557148111203,73.03277462735892,72.08389167151444,72.68772888183594,2551307.0
2023-11-14,MMM,73.71504827429925,74.88350986410799,73.66015007158869,74.47572326660156,3972394.0
2023-11-15,MMM,74.84429073113564,76.22448810702289,74.84429073113564,75.9264907836914,4533079.0
2023-11-16,MMM,76.3805181979182,76.82658594690992,75.59990690544427,76.23714447021484,3661913.0
2023-11-17,MMM,76.6752438401338,76.74693797683234,75.67956462416326,75.94242858886719,9073693.0
2023-11-20,MMM,75.6875193243515,75.87072310977987,75.24145888177732,75.6556625366211,3986627.0
2023-11-21,MMM,75.36890361041785,75.48042054262642,74.66795249641174,74.8670883178711,3239605.0
2023-11-22,MMM,75.64771265883917,76.29290905246256,75.37688266166455,75.9663314819336,2863463.0
2023-11-24,MMM,75.91055201895257,76.4522046212179,75.76717830570584,76.42830657958984,1267640.0
2023-11-27,MMM,76.46813677860322,77.63109496614344,76.4203479589846,77.32044219970703,3939504.0
2023-11-28,MMM,77.20095129202971,78.93741874560429,76.89826457143455,78.46745300292969,5184182.0
2023-11-29,MMM,79.05691389319695,79.21622694069956,78.15681952348687,78.43561553955078,3087594.0
2023-11-30,MMM,78.57101161907184,79.71803777158483,78.26832486879523,78.91352844238281,7190950.0
2023-12-01,MMM,78.73031891536075,79.82158288623678,78.18866630280591,79.53482818603516,3329425.0
2023-12-04,MMM,79.92513415613577,82.66523948243459,79.83751526970585,82.39441680908203,6016119.0
2023-12-05,MMM,81.84480517088912,82.04394100294672,80.80133719040333,81.00047302246094,3675786.0
2023-12-06,MMM,80.98453503673436,82.50593471687198,80.95267098010495,81.87666320800781,4285029.0
2023-12-07,MMM,82.08376398669057,82.54575646058548,81.56600941440945,82.2669677734375,2831650.0
2023-12-08,MMM,82.33865356445312,83.56533249391805,82.04393285301478,82.33865356445312,4119024.0
2023-12-11,MMM,82.60152242481607,83.00776008759817,81.82091115696382,82.17138671875,4169136.0
2023-12-12,MMM,82.51391571037735,82.62543267038666,81.5182436231249,81.6934814453125,5590463.0
2023-12-13,MMM,81.24739530109947,83.00776094747806,79.42331607515966,82.99182891845703,7142512.0
2023-12-14,MMM,83.62109540883223,85.7319366767142,83.60516337938789,85.26197814941406,6894342.0
2023-12-15,MMM,84.71234983420234,85.65227405009614,84.40170436843705,85.21417236328125,13255507.0
2023-12-18,MMM,85.23011902055413,85.46908493951878,84.16275293692026,84.33002471923828,3616704.0
2023-12-19,MMM,84.72829059585614,85.03097734726838,84.34595096633784,84.63270568847656,3151101.0
2023-12-20,MMM,84.27425891265341,84.64863250447833,82.54575740337633,82.57762145996094,3883890.0
2023-12-21,MMM,83.01571095698371,84.13883893388972,82.92809207485071,84.08308410644531,2624263.0
2023-12-22,MMM,84.33797720950382,85.55669011791213,84.23442629699342,84.69641876220703,2728913.0
2023-12-26,MMM,84.6725259830666,86.4966050272575,84.64862794191626,86.11426544189453,3332176.0
2023-12-27,MMM,86.02666261051785,86.9028588685028,85.7717719288041,86.61610412597656,2922785.0
2023-12-28,MMM,86.55237663624592,87.7631236351423,86.54441062165358,87.37281799316406,3360282.0
2023-12-29,MMM,87.22146784226291,87.58787542726536,86.62406037892697,87.07808685302734,2887622.0
2024-01-02,MMM,86.52051327544028,88.14546397319292,86.38510556280193,87.61974334716797,3321053.0
2024-01-03,MMM,87.00640148997505,87.18960528562933,85.07080534568009,85.85938262939453,3547575.0
2024-01-04,MMM,86.09036947345562,87.09401454332752,85.79564876362092,86.16206359863281,3319976.0
2024-01-05,MMM,86.01072201115556,87.21350296785337,85.66821246459259,86.49661254882812,1991579.0
2024-01-08,MMM,86.23375304371518,86.79133042448508,85.7000664371272,86.71167755126953,2535042.0
2024-01-09,MMM,86.18595689510704,87.06216030461344,85.50889657088389,86.90284729003906,2939768.0
2024-01-10,MMM,86.83912678146768,86.91877965493282,85.89920252344814,86.26561737060547,2391761.0
2024-01-11,MMM,86.26562674633077,86.82320418944768,85.39738925323987,86.75948333740234,3212217.0
2024-01-12,MMM,87.15774734035676,87.74718879171563,85.93903436595481,86.12223815917969,3490526.0
2024-01-16,MMM,85.7637967246895,86.08241549389075,84.97521945016666,85.73989868164062,3631534.0
2024-01-17,MMM,85.11062340384962,85.75582692814552,84.05918950694559,84.49728393554688,3156842.0
2024-01-18,MMM,84.69642382959,85.0230086144717,83.90784655185371,84.78404998779297,2981748.0
2024-01-19,MMM,85.02300445519143,86.31340423456709,83.71667264783098,85.83547973632812,3910322.0
2024-01-22,MMM,86.42492690426724,87.14978334790796,85.54873072123789,86.04258728027344,5879656.0
2024-01-23,MMM,80.33934573466166,80.33934573466166,74.96268498013431,76.54780578613281,32544236.0
2024-01-24,MMM,76.97793321155478,77.29655202507541,73.86345375199225,74.26969146728516,11202454.0
2024-01-25,MMM,74.69981732368063,76.69117575255896,74.5644096022046,76.45221710205078,7322988.0
2024-01-26,MMM,76.64338563825652,77.1850310515575,76.30086879622586,76.46017456054688,4449359.0
2024-01-29,MMM,76.46813387737014,77.17705827619812,76.02207341538677,76.77082061767578,4544800.0
2024-01-30,MMM,76.60354798628123,76.87437066614497,75.49635195580204,76.26899719238281,3827798.0
2024-01-31,MMM,76.42034083468236,76.42034083468236,75.00249211541185,75.15383911132812,8260533.0
2024-02-01,MMM,75.18569927930115,76.4840651166508,74.8272577105451,76.39644622802734,3943571.0
2024-02-02,MMM,75.89462372061226,75.99020862356066,75.10604645422258,75.56803894042969,4440030.0
2024-02-05,MMM,75.07419615079225,75.07419615079225,73.7439661406072,73.86344909667969,5354372.0
2024-02-06,MMM,73.87142309743861,74.75558543873774,73.60059309619331,74.68389129638672,4453186.0
2024-02-07,MMM,75.35297784070565,75.44059672878278,74.47678169167322,74.74760437011719,4521956.0
2024-02-08,MMM,74.9945290616004,75.17773285210325,73.84751023327246,74.2378158569336,4741303.0
2024-02-09,MMM,74.23781384498169,74.31746671674668,73.5926103203373,73.99884796142578,4388244.0
2024-02-12,MMM,74.17410304125083,75.71939367474562,74.11834093568484,75.37687683105469,4893673.0
2024-02-13,MMM,74.31746677793723,74.86708540326397,72.79606712610344,73.80767822265625,5496338.0
2024-02-14,MMM,74.0785086327692,74.26968572069914,73.41738027877169,73.61651611328125,6024132.0
2024-02-15,MMM,74.09428356794093,74.95263990322742,73.77847091782101,74.806884765625,4559391.0
2024-02-16,MMM,74.38579916228,74.53965262424433,73.85944476005974,73.89183807373047,5345522.0
2024-02-20,MMM,73.77037347806963,74.89595989416657,73.30069996705896,74.35340881347656,5174614.0
2024-02-21,MMM,74.19954137874808,74.4748697535491,73.67319439118498,74.26432800292969,4061855.0
2024-02-22,MMM,74.14287367547216,74.83927828654733,73.8027660049061,74.6854248046875,5083837.0
2024-02-23,MMM,74.81498068725725,75.26035923633756,74.426290442453,74.96884155273438,3774217.0
2024-02-26,MMM,74.64492648118004,74.90405822290717,74.04569448829189,74.35340881347656,3914388.0
2024-02-27,MMM,74.49916065745094,74.78257995576696,74.078077179274,74.7420883178711,2736807.0
2024-02-28,MMM,74.49916983564509,75.00932759105865,74.02949633413,74.0618896484375,3543030.0
2024-02-29,MMM,74.49917143811386,74.73400080493664,73.9809153429758,74.59634399414062,6169446.0
2024-03-01,MMM,74.53155836415901,74.53155836415901,73.60031704616578,74.38580322265625,4064128.0
2024-03-04,MMM,73.77037144122716,74.37770174608717,73.26831201810232,74.04569244384766,6678703.0
2024-03-05,MMM,74.23193673531135,75.6247457477805,74.15096084183953,75.05790710449219,5251636.0
2024-03-06,MMM,75.70573612956176,75.86768793169244,74.44248547259163,74.92024993896484,3591349.0
2024-03-07,MMM,75.34941923624953,75.55186264959615,74.5882355487791,75.001220703125,3751613.0
2024-03-08,MMM,75.70574066160461,76.71795795798252,75.45470722538924,76.0377426147461,4925846.0
2024-03-11,MMM,76.10252928760762,76.49121954736754,75.68144570987212,76.15921020507812,4206571.0
2024-03-12,MMM,81.13932103455772,81.66566811936912,78.66950786695917,79.94085693359375,16737302.0
2024-03-13,MMM,80.75062545922914,84.28933661158526,80.32954190790298,84.27313995361328,12935338.0
2024-03-14,MMM,83.6982056147159,84.65374204919708,82.79125915999909,83.50386047363281,8282539.0
2024-03-15,MMM,83.40666723262719,85.46349475316988,83.22851879561563,85.02621459960938,32098966.0
2024-03-18,MMM,84.6456253583555,86.07082767647562,84.55655113709619,84.86426544189453,6622491.0
2024-03-19,MMM,85.665946509173,86.64577039705688,84.66182763506404,85.28535461425781,6987869.0
2024-03-20,MMM,85.01812290515737,88.34629211730649,84.5727517778786,87.54461669921875,8390299.0
2024-03-21,MMM,87.61748816067185,88.41917091186922,87.28548626774578,87.35026550292969,7886663.0
2024-03-22,MMM,87.13162438714828,87.55270788329476,86.44331823644055,86.46761322021484,5321243.0
2024-03-25,MMM,85.75502361461488,86.49191983193933,84.84807726597953,84.89665985107422,6680019.0
2024-03-26,MMM,84.26503534389896,84.75899643029511,82.92080888923935,83.1070556640625,7279693.0
2024-03-27,MMM,83.40668339958752,84.83188594990185,83.39858507006406,84.69422912597656,4641676.0
2024-03-28,MMM,84.71041021907571,86.04653840464441,84.6942209505783,85.89268493652344,5245776.0
2024-04-01,MMM,88.18093609014022,91.3672587477743,85.44979710574995,91.05734252929688,13004800.0
2024-04-02,MMM,90.16635243901426,91.44475802068563,89.0041682334901,89.91454315185547,8912000.0
2024-04-03,MMM,90.39877698805654,91.71592287087553,89.58524961930804,90.25350952148438,6060200.0
2024-04-04,MMM,91.51254900711568,92.65536664069735,87.38679003907208,87.68701934814453,5864200.0
2024-04-05,MMM,87.58047566559723,88.53927787199176,86.71852089810355,88.16156768798828,3514000.0
2024-04-08,MMM,88.32621040071754,89.96295948199317,88.32621040071754,89.03321075439453,3706700.0
2024-04-09,MMM,89.19784855867334,90.26318513777214,89.10100112220722,89.69178009033203,4236600.0
2024-04-10,MMM,88.88793678830368,89.78863203170147,87.71606575360094,89.71115112304688,3494900.0
2024-04-11,MMM,89.91453003388082,90.6118434110564,89.56588073427893,90.24382019042969,2993700.0
2024-04-12,MMM,89.83706066694572,89.88548069377283,88.27779245677952,88.43274688720703,3590800.0
2024-04-15,MMM,89.08163812422097,89.8564250356701,87.89039318037442,88.42306518554688,3674800.0
2024-04-16,MMM,88.07439670452885,88.45210684348065,87.32865599707063,88.1809310913086,3037000.0
2024-04-17,MMM,88.83951367736401,89.20753689721528,87.48362737893352,88.0937728881836,3421600.0
2024-04-18,MMM,88.51990831712207,89.51745094281111,88.00661025838778,88.5973892211914,3069400.0
2024-04-19,MMM,88.36495272648551,89.48840374758147,88.22936482931686,89.36249542236328,3588500.0
2024-04-22,MMM,89.62398851457178,89.78862989981404,88.81045377098688,89.70146942138672,2992900.0
2024-04-23,MMM,90.05012962181979,91.07672581566756,89.86611430821077,90.06949615478516,3729800.0
2024-04-24,MMM,89.67240748133571,90.29224733955428,88.53927694123712,89.12036895751953,3813400.0
2024-04-25,MMM,88.70392301479599,89.10100713679293,87.79354818377855,88.52960205078125,2954800.0
2024-04-26,MMM,88.61676001728765,89.28501991631978,88.20999633482724,88.93636322021484,4520900.0
2024-04-29,MMM,88.67486676856501,89.7014703217018,88.67486676856501,89.25596618652344,4905000.0
2024-04-30,MMM,92.71347456313704,94.75697998158941,90.82491618575317,93.4688949584961,16731900.0
2024-05-01,MMM,95.00878357913034,96.55836473223108,94.21462277635459,95.33807373046875,11062600.0
2024-05-02,MMM,94.87320934448097,95.29934699378434,93.604490747311,93.75944519042969,6317100.0
2024-05-03,MMM,94.50517285830517,95.0959518298485,93.78848556854014,94.0887222290039,4818500.0
2024-05-06,MMM,94.0306160764154,94.66982251684881,93.49795143170736,93.54637145996094,4329500.0
2024-05-07,MMM,93.54636629732651,94.11777875548064,92.51008317086377,92.52945709228516,4409000.0
2024-05-08,MMM,92.38418556706081,93.40110219773752,92.01616232563758,93.31393432617188,3489900.0
2024-05-09,MMM,93.06212952002075,94.31148155308365,92.87812158498667,94.2630615234375,2584200.0
2024-05-10,MMM,95.44461409130233,96.51963769977927,95.07658346451684,95.81263732910156,4157900.0
2024-05-13,MMM,95.88043215317785,98.53409052971327,95.88043215317785,96.4905776977539,5578700.0
2024-05-14,MMM,96.7811243756754,98.01110238722289,96.65522344189057,96.92639923095703,2973100.0
2024-05-15,MMM,97.0329336255435,98.46629347879205,96.99419317153867,98.04984283447266,4203300.0
2024-05-16,MMM,98.51472299455004,101.90443520791115,98.38881466910257,101.55577850341797,8384500.0
2024-05-17,MMM,101.89474885345763,102.38868041926068,101.3814507546169,101.94317626953125,5396500.0
2024-05-20,MMM,101.90443946380029,102.69860034853812,101.33302696741094,101.8947525024414,3962700.0
2024-05-21,MMM,101.58482485966563,101.73009970782809,99.41541126445962,99.88996887207031,4603000.0
2024-05-22,MMM,99.4057256691464,99.86091675144576,97.76897664274725,98.29196166992188,3807800.0
2024-05-23,MMM,97.93113575158378,98.02865581056277,96.45856574830304,97.04369354248047,3845500.0
2024-05-24,MMM,97.3362518580595,98.02865393596409,96.87789940528944,97.19972229003906,2602000.0
2024-05-28,MMM,97.0924474735004,97.62881894520149,95.39557467986036,96.23426055908203,4360900.0
2024-05-29,MMM,95.37607060652948,95.47359066001323,94.36184568163151,95.14201354980469,4826600.0
2024-05-30,MMM,95.26880450998006,95.79542177245213,94.48862913439834,95.76615905761719,4520300.0
2024-05-31,MMM,95.62962352735059,97.76534771876227,95.00548624187653,97.65807342529297,21754400.0
2024-06-03,MMM,97.88237283674792,98.29196152100106,96.51706978226771,97.28749084472656,4508100.0
2024-06-04,MMM,96.54632615371284,96.9364138080511,95.2590421026088,96.1659927368164,4988100.0
2024-06-05,MMM,96.37078589664924,97.18021646739824,95.44433423924943,96.6048355102539,3115400.0
2024-06-06,MMM,96.3512788451434,97.0826903522463,95.72714162097313,95.78565216064453,2510000.0
2024-06-07,MMM,97.04369014135365,99.43296498396681,95.96120041192724,98.3602294921875,5636700.0
2024-06-10,MMM,97.9408888211417,99.31593874903916,97.79460501426661,98.16519165039062,3506200.0
2024-06-11,MMM,97.61907374528442,98.95512170920532,96.77064099006594,98.808837890625,2831500.0
2024-06-12,MMM,100.07661841595812,101.11034447670671,98.26271697029865,98.7015609741211,3704600.0
2024-06-13,MMM,99.49146804304212,100.2521422759104,98.24319356905738,99.02336883544922,5034700.0
2024-06-14,MMM,98.00915092552721,98.90634733738163,96.84864218043735,98.39923858642578,2685000.0
2024-06-17,MMM,97.50204993530247,98.92586368665374,97.44353194531277,98.03841400146484,3490000.0
2024-06-18,MMM,97.58981307559563,98.95511623970803,97.58005883748166,98.2724609375,3446200.0
2024-06-20,MMM,97.77510818785115,99.8035507747672,97.70684340041123,99.14041137695312,3476600.0
2024-06-21,MMM,99.4037195577986,99.90108156282115,98.4480050619027,99.8523178100586,7865800.0
2024-06-24,MMM,99.64751681667026,100.93480093680284,99.15990908267604,100.43743896484375,2948000.0
2024-06-25,MMM,100.33016753062353,100.62273515548861,98.77957846362834,99.52074432373047,5115700.0
2024-06-26,MMM,99.10139255494526,99.27693162620193,98.07741339923085,98.93560028076172,2356100.0
2024-06-27,MMM,99.43295873400736,101.46140849951365,99.12089011164507,100.61296844482422,4338300.0
2024-06-28,MMM,100.45694104469577,101.39314694152014,99.14040173479594,99.65726470947266,6196500.0
2024-07-01,MMM,100.31066706806598,100.88604064253948,97.72634450132516,98.1164321899414,2705600.0
2024-07-02,MMM,98.06766878815317,99.40371670832523,97.97014872572761,99.10140228271484,2291300.0
2024-07-03,MMM,98.77957938043704,99.61826530984376,98.18469732724614,99.10140228271484,1230800.0
2024-07-05,MMM,98.88685691924171,99.14041504209398,98.1456910279911,98.808837890625,3059600.0
2024-07-08,MMM,98.99411831752737,100.19362910483525,98.12617719815724,98.59427642822266,2338700.0
2024-07-09,MMM,98.35047670560118,98.9453587256954,97.0046820622735,97.21923065185547,2809300.0
2024-07-10,MMM,97.33625276145897,99.30619215884306,95.8246732614025,99.15015411376953,4519500.0
2024-07-11,MMM,99.84255445085783,101.68571104428861,99.27693514812336,100.67149353027344,4581100.0
2024-07-12,MMM,101.21762189599333,102.69019944622875,101.1201018299515,101.46142578125,3381000.0
2024-07-15,MMM,102.30010330244835,102.39762336044521,100.02784949363419,100.17413330078125,3316600.0
2024-07-16,MMM,98.36998349018639,101.12009071600967,98.36998349018639,100.74950408935547,3609000.0
2024-07-17,MMM,100.31066457711789,102.20258498372839,100.14487973167155,102.04654693603516,3567900.0
2024-07-18,MMM,101.63694970391569,102.90472525381475,100.87628288591566,101.44190216064453,3023800.0
2024-07-19,MMM,102.15381381266958,102.15381381266958,100.57396217591203,101.3443832397461,2884900.0
2024-07-22,MMM,101.48091283535858,102.43662720761137,99.8620591292731,102.36836242675781,2686600.0
2024-07-23,MMM,102.39762803275343,102.66093294538969,101.58819737786922,102.13432312011719,2172600.0
2024-07-24,MMM,101.96852410924745,102.49514134011635,100.52520942343196,100.69099426269531,3252000.0
2024-07-25,MMM,100.1741373081752,102.19283309471116,99.24767811938389,100.82752990722656,4598100.0
2024-07-26,MMM,109.89702447638126,124.85682495991853,109.89702447638126,124.00839233398438,32748900.0
2024-07-29,MMM,124.82758422263689,125.46146834652441,121.05349755239622,122.05797576904297,10816700.0
2024-07-30,MMM,122.73086325911653,124.5252635614061,121.03399045435947,123.60855865478516,6746500.0
2024-07-31,MMM,123.49152147230735,125.41270441070391,122.22374593652022,124.38872528076172,6889900.0
2024-08-01,MMM,124.33997337584448,124.76907056682299,121.34606215766178,123.33550262451172,5563700.0
2024-08-02,MMM,122.69185886183274,124.58377930020468,121.68738809393136,122.135986328125,4021400.0
2024-08-05,MMM,116.60651933560382,122.2140085711227,116.35296121732135,121.5216064453125,6669700.0
2024-08-06,MMM,120.30257642397785,123.00391989996594,119.67843914201015,121.7946548461914,4334300.0
2024-08-07,MMM,122.28227010709367,123.43302468677564,119.64919125136048,119.78572082519531,3410100.0
2024-08-08,MMM,119.41513164736186,122.62359144514937,119.15182674348547,122.0287094116211,2932900.0
2024-08-09,MMM,121.55085888247216,121.55085888247216,120.28307576096388,121.0925064086914,3247700.0
2024-08-12,MMM,120.92671909690135,121.01448491844852,119.50290539391942,120.30258178710938,2585800.0
2024-08-13,MMM,120.37084373007892,122.29201936403358,119.69794268622789,122.24325561523438,3056600.0
2024-08-14,MMM,121.87267504806809,123.89137071657,121.5410979286375,123.04293060302734,3252800.0
2024-08-15,MMM,124.16442292713775,124.76905914632655,123.04292374265505,124.00839233398438,3359900.0
2024-08-16,MMM,123.59880881570562,124.18393662020756,122.89665247418182,123.90113067626953,3812600.0
2024-08-19,MMM,123.93038940429688,124.68130207694605,123.39401789504466,123.93038940429688,2243600.0
2024-08-20,MMM,123.84260162062198,124.89584347909023,123.73532733134758,124.53500366210938,2792900.0
2024-08-21,MMM,124.67154306159564,126.76826526640575,124.49601141835214,126.02709197998047,3664600.0
2024-08-22,MMM,125.90033513746448,126.53421930118073,125.12015971093086,125.41272735595703,2300400.0
2024-08-23,MMM,126.02710043064383,127.4119047157597,125.65652864319001,127.31439208984375,2618800.0
2024-08-26,MMM,127.06926604708755,129.34395489821114,127.06926604708755,129.27532958984375,3915800.0
2024-08-27,MMM,128.7556970445534,130.030299733387,128.39291193021086,128.83412170410156,2878500.0
2024-08-28,MMM,128.83408746726047,130.03026517866928,128.58896932903446,129.0399932861328,3274000.0
2024-08-29,MMM,129.0792309958734,130.5793531000305,128.77528683841794,130.31463623046875,2992600.0
2024-08-30,MMM,130.47149936476276,132.3540050091004,130.02047537458682,132.0598602294922,6092800.0
2024-09-03,MMM,130.41267053562956,131.1676387157862,127.66735890019864,128.29486083984375,4024100.0
2024-09-04,MMM,128.62821261794107,130.26560018977688,128.29485549906266,129.5694580078125,3300700.0
2024-09-05,MMM,129.3439717561317,130.35385755712764,128.14779372684626,128.83412170410156,2726000.0
2024-09-06,MMM,127.95169071764953,129.52045306326931,125.5201225466827,126.08879852294922,3562200.0
2024-09-09,MMM,126.86336289236814,128.4223109050651,125.68679863676337,125.95153045654297,3616300.0
2024-09-10,MMM,126.33391367070668,127.61833051693688,125.9515299152578,127.54969024658203,2732500.0
2024-09-11,MMM,126.97120224217386,127.83402292132202,124.63768013715801,127.68694305419922,3283800.0
2024-09-12,MMM,127.75558405929321,130.12832597989947,127.55949252948253,129.45179748535156,3978800.0
2024-09-13,MMM,129.3047280646458,130.76562262744199,128.78507879641538,130.57933044433594,2670100.0
2024-09-16,MMM,131.363727468484,132.63834496396888,131.21666254858522,131.98143005371094,3069300.0
2024-09-17,MMM,131.47158124995497,131.8049383786183,129.7263410342162,130.9617462158203,3969000.0
2024-09-18,MMM,130.65779085869661,131.65787723420175,129.18708176094117,130.75584411621094,2960900.0
2024-09-19,MMM,131.77551797792054,132.6775659800932,130.7166206830359,131.22645568847656,2691500.0
2024-09-20,MMM,130.41266419334085,132.31478356311777,130.17736032793383,132.1383056640625,11579600.0
2024-09-23,MMM,132.06967100814725,133.43252747623563,132.05987166694743,132.99131774902344,2638400.0
2024-09-24,MMM,133.80509660154857,135.2463925169965,133.68744467729144,134.5404510498047,3145300.0
2024-09-25,MMM,134.550259013898,135.19737456043822,133.38349415414913,133.9325714111328,3579900.0
2024-09-26,MMM,134.8738087710967,137.97210578478894,134.8640094309711,136.71710205078125,4111100.0
2024-09-27,MMM,136.2856969804602,136.57002746333978,134.3737783243382,134.618896484375,2956100.0
2024-09-30,MMM,135.13856340492183,135.25621534961383,132.58932822386296,134.03062438964844,3814000.0
2024-10-01,MMM,133.3442919926202,134.6581218672432,132.2657659995257,134.3835906982422,3050500.0
2024-10-02,MMM,134.54047022748287,134.54047022748287,132.72658967890032,132.78541564941406,2624900.0
2024-10-03,MMM,132.3638069852604,132.95209655619166,131.22645512723344,132.14810180664062,2504900.0
2024-10-04,MMM,133.18738634888945,133.2756252869619,131.43234708365657,132.62852478027344,2387300.0
2024-10-07,MMM,132.08928485870373,132.62854784206561,131.2166647441095,132.2167510986328,2254200.0
2024-10-08,MMM,131.85395439551894,132.40301667168097,130.69700387943823,132.0598602294922,2882100.0
2024-10-09,MMM,131.96181471893223,132.8932607749434,131.6088439548745,132.3736114501953,2671400.0
2024-10-10,MMM,131.80494187862018,131.8637828094993,130.3342327840005,130.85389709472656,3060100.0
2024-10-11,MMM,130.79505397280218,132.22655071701564,130.50092412746667,132.1186981201172,3103600.0
2024-10-14,MMM,131.775519595891,133.2462285867417,131.41274949894535,133.1089630126953,2207900.0
2024-10-15,MMM,133.3442911520493,134.2757372524902,132.3638184229901,133.07955932617188,2465800.0
2024-10-16,MMM,132.9521148977239,134.37379743597452,132.687383058201,133.68746948242188,2021100.0
2024-10-17,MMM,133.9423648921449,133.9913915151911,132.48145530598714,133.030517578125,2328500.0
2024-10-18,MMM,133.04033104370626,133.46192708544123,131.6676604111574,132.50106811523438,2791400.0
2024-10-21,MMM,132.63833478483977,133.18739705809296,131.13821287369265,132.20692443847656,5940600.0
2024-10-22,MMM,137.45245874146605,138.57999626808476,128.26543509624386,129.15765380859375,13082300.0
2024-10-23,MMM,128.6576240849297,129.56945648067216,123.45131663614069,125.41226196289062,8116200.0
2024-10-24,MMM,125.53971580307562,126.42215019465435,123.41209935575368,124.00038146972656,5084900.0
2024-10-25,MMM,124.12783777621203,124.55924814213851,122.06884667773046,122.31396484375,3774600.0
2024-10-28,MMM,124.17686099493977,128.24582393531963,123.598378249189,127.74577331542969,5239200.0
2024-10-29,MMM,126.49077979899566,127.66735902772862,125.27499572477042,126.74571228027344,2820400.0
2024-10-30,MMM,126.48097483998367,126.92218455074871,124.93182622106308,125.069091796875,2737200.0
2024-10-31,MMM,124.52003056033617,126.62804084139735,124.49061757675491,125.9613265991211,3408800.0
2024-11-01,MMM,125.96131615316575,126.01034277534403,124.37294784778481,124.73572540283203,3068700.0
2024-11-04,MMM,124.75534301328435,126.29468483776515,123.0297164643363,123.39248657226562,3642900.0
2024-11-05,MMM,123.04932148618342,125.40245741706154,122.3924065851021,124.04940032958984,3943800.0
2024-11-06,MMM,128.1477778578036,131.77552382619604,127.06926687305233,131.30490112304688,4803200.0
2024-11-07,MMM,130.7558270543991,132.16770999774556,129.89300637550411,130.47149658203125,3906400.0
2024-11-08,MMM,130.8440700176329,132.38341923423835,130.59895185912822,131.71669006347656,3465700.0
2024-11-11,MMM,132.21672746599685,132.69714943371727,130.1871421352498,130.40284729003906,3791300.0
2024-11-12,MMM,130.2067738907351,130.59895697537644,125.9613254238185,127.80461883544922,3144600.0
2024-11-13,MMM,129.43221057455193,130.47152432275539,128.26546049493163,128.88314819335938,2675500.0
2024-11-14,MMM,129.29492036928684,130.706803344089,129.19688208320753,129.73614501953125,2283900.0
2024-11-15,MMM,128.24775437466567,129.37143711254177,127.8534855348605,127.93232727050781,1928800.0
2024-11-18,MMM,127.9224826210101,128.51390095258216,126.72980954087679,128.30690002441406,2433000.0
2024-11-19,MMM,127.16348784285749,127.40990961880006,126.16794928259053,126.35523223876953,2600500.0
2024-11-20,MMM,126.16795219740176,126.35523515790749,125.28083227947458,126.01023864746094,1700600.0
2024-11-21,MMM,125.90182363676453,126.73965621460657,124.51200113830258,125.49768829345703,2544800.0
2024-11-22,MMM,125.86239988818042,126.64108615168685,124.56129309621777,126.58194732666016,3052400.0
2024-11-25,MMM,127.36062921426687,128.73073359995198,125.72438511614202,128.45474243164062,5074700.0
2024-11-26,MMM,128.12946341476578,131.32307979030614,127.79431839133045,131.04708862304688,3080300.0
2024-11-27,MMM,131.99337225815682,133.60989861183558,130.4655541398915,130.58383178710938,2579600.0
2024-11-29,MMM,130.95841152322012,131.82582113526573,130.15014074101506,131.6188201904297,1618300.0
2024-12-02,MMM,131.61881530308335,131.85538565405517,130.4852809988464,130.98797607421875,3001900.0
2024-12-03,MMM,130.98797410264996,131.32310414785397,128.868752595185,129.2728729248047,2378400.0
2024-12-04,MMM,129.05601136299822,129.50943406988637,127.1240729711256,128.5828857421875,2503400.0
2024-12-05,MMM,128.9476071697201,133.63947284341873,128.5828926769904,131.4216766357422,4171800.0
2024-12-06,MMM,131.34281432663988,132.2989320769395,130.30783979853908,131.20481872558594,1912300.0
2024-12-09,MMM,131.19497398128894,131.93423939055904,129.39116457782274,129.60801696777344,3442400.0
2024-12-10,MMM,128.25761730882527,128.73075800740168,125.77368880287314,127.91263580322266,3225700.0
2024-12-11,MMM,128.40547941727797,128.7997482923648,127.40992569103442,127.91263580322266,4089500.0
2024-12-12,MMM,127.7943314589822,128.79973655131508,126.92693700478188,127.89290618896484,2915300.0
2024-12-13,MMM,127.84363344140111,128.2970561946159,127.0649471309162,128.06048583984375,2382000.0
2024-12-16,MMM,128.04075108471343,128.3364602292834,127.01564309598157,127.61691284179688,3097800.0
2024-12-17,MMM,126.57209499738607,127.5084948147752,125.82297063135692,126.21724700927734,2693200.0
2024-12-18,MMM,126.37496406321857,127.5183497983938,123.57560847074873,123.73331451416016,3748900.0
2024-12-19,MMM,124.83727630621836,125.91167166639696,123.91072799913148,125.3104019165039,3038100.0
2024-12-20,MMM,124.5613033012873,128.4843419537222,123.9501744852224,127.42964935302734,8351300.0
2024-12-23,MMM,126.66079316248174,127.34091967230714,125.92152783273963,127.13391876220703,2067400.0
2024-12-24,MMM,126.89737792037162,128.4941864013672,126.25667220413011,128.4941864013672,803200.0
2024-12-26,MMM,128.46460417134367,129.51928156887863,127.3803423230443,129.30242919921875,1484900.0
2024-12-27,MMM,128.050617250288,129.30242906244638,127.36063927500545,128.31674194335938,1842600.0
2024-12-30,MMM,127.27192518925797,128.06047794951863,126.08910356906348,127.28179168701172,2154000.0
2024-12-31,MMM,127.35078153885392,128.18862166387248,126.81851707570308,127.24235534667969,2220300.0
2025-01-02,MMM,128.4251721088867,129.73613782275564,127.13392434932044,127.84362030029297,3248900.0
2025-01-03,MMM,127.84363492141613,128.98703575546082,127.4493660326254,128.01119995117188,2273700.0
2025-01-06,MMM,128.94759891998382,129.52915072309625,128.021050601592,128.4251708984375,3067000.0
2025-01-07,MMM,128.22804050138683,130.89925935331308,128.14918372283776,130.86968994140625,3414500.0
2025-01-08,MMM,130.14025931680388,132.75232396926907,129.77555992316667,132.60447692871094,4676000.0
2025-01-10,MMM,131.91452704325056,131.98351733004435,128.7603308376785,129.33203125,4661700.0
2025-01-13,MMM,128.8588730479489,132.80162152983547,127.68590296812492,132.67349243164062,4207200.0
2025-01-14,MMM,132.69318342420735,135.72910128736922,132.5453363855755,135.24612426757812,4629000.0
2025-01-15,MMM,136.23183672226332,136.8626759388002,135.15742622627323,135.8079833984375,4114300.0
2025-01-16,MMM,136.05439306512952,137.5033543464199,134.4871541414128,137.18792724609375,4122700.0
2025-01-17,MMM,137.6512062531516,139.63244707600467,137.50335919490547,139.01145935058594,5724500.0
2025-01-21,MMM,143.41749299829442,147.85308556525197,142.92464937974358,144.78759765625,11368500.0
2025-01-22,MMM,145.76342948206633,149.903312757531,145.30015528996216,146.9856719970703,7077700.0
2025-01-23,MMM,147.31094129504882,148.30649494061322,146.28583327866113,147.48837280273438,4439100.0
2025-01-24,MMM,146.76880103709473,147.95163757218754,146.27595749426985,147.2912139892578,4858400.0
2025-01-27,MMM,146.8673825769649,149.82444397113196,146.77867434483395,149.351318359375,4929600.0
2025-01-28,MMM,149.15419048813567,150.77071685295365,147.64607527375273,149.2330322265625,4286800.0
2025-01-29,MMM,149.331611844341,150.59329026593304,148.48392024479702,149.37103271484375,3996100.0
2025-01-30,MMM,149.8244507873397,152.43651578819876,149.65688577222733,152.19009399414062,3962300.0
2025-01-31,MMM,152.77165140180526,152.7815028584164,149.952585650673,150.02157592773438,4164200.0
2025-02-03,MMM,147.0447950606031,149.45974049944525,146.02953854598758,147.89248657226562,3556300.0
2025-02-04,MMM,147.3208063340846,150.57356185873482,147.18281073631394,149.50901794433594,3110400.0
2025-02-05,MMM,150.2778718685999,151.42125754987165,148.5824887407232,150.26800537109375,2841400.0
2025-02-06,MMM,150.5144282173809,151.27341155143873,149.40061194003604,150.13987731933594,2760200.0
2025-02-07,MMM,150.31727632591722,150.71154513291083,147.39963601683564,147.72491455078125,3356600.0
2025-02-10,MMM,148.01079004536595,148.44449480952522,146.0098462801343,147.54751586914062,3531400.0
2025-02-11,MMM,147.1729415269717,148.22763396509112,146.44354268379334,147.9220733642578,2187700.0
2025-02-12,MMM,146.57167754152084,147.9220791768757,146.03941309341062,146.73924255371094,2102900.0
2025-02-13,MMM,146.97581754909046,147.57708733679672,145.4184299835498,146.59140014648438,2047000.0
2025-02-14,MMM,146.49234205288138,148.1366575933667,146.34376569693902,147.21543884277344,2388300.0
2025-02-18,MMM,146.77959727620143,148.07722963729103,146.6013056459566,147.5819549560547,2601400.0
2025-02-19,MMM,146.67064258141343,148.93899383534955,146.67064258141343,148.78050231933594,3216900.0
2025-02-20,MMM,148.5725003248782,148.67154618971284,146.6409170283107,147.6710968017578,2231500.0
2025-02-21,MMM,147.67109092484915,148.12673513703848,143.19380387292316,143.60983276367188,4278500.0
2025-02-24,MMM,143.60984311394336,145.01642140249263,142.51033271108375,144.10511779785156,3447500.0
2025-02-25,MMM,144.05557998505324,146.16545486793666,143.96643417398064,145.15509033203125,4358800.0
2025-02-26,MMM,143.02541878185247,147.84938923718622,140.4202691776373,146.03668212890625,5783400.0
2025-02-27,MMM,147.36404216860325,151.11821783840784,146.80933690901483,149.09750366210938,6576000.0
2025-02-28,MMM,150.06822322649032,154.03042053940098,149.5729485623765,153.6540069580078,8323100.0
2025-03-03,MMM,154.03040648431906,154.8723793823169,150.4644231822577,151.97006225585938,5672700.0
2025-03-04,MMM,149.07766975716598,149.61255972913406,144.2437843330246,144.4815216064453,6787400.0
2025-03-05,MMM,145.37302330897103,147.63147471325826,144.62021121240335,146.21499633789062,3909700.0
2025-03-06,MMM,145.00652537606433,146.73008676516852,144.37257436764398,145.55133056640625,4492400.0
2025-03-07,MMM,143.32258859111732,145.82867725006275,139.44953698562577,144.91737365722656,5891100.0
2025-03-10,MMM,142.11412528001583,147.77015395563066,141.76742694014985,146.2248992919922,4966500.0
2025-03-11,MMM,144.3527532279331,148.07722847492795,144.25370736121357,146.14564514160156,5818300.0
2025-03-12,MMM,146.9083764857008,149.81069403572226,145.80886606665126,148.8201446533203,4196600.0
2025-03-13,MMM,148.85975790459116,149.81069194886757,144.53106200046,144.71926879882812,3295000.0
2025-03-14,MMM,146.5220521667132,149.36492385062485,145.6701791552667,148.988525390625,4094400.0
2025-03-17,MMM,148.94889811411272,152.52478180476584,148.58239969819053,151.76206970214844,4562100.0
2025-03-18,MMM,151.1281135292517,151.7620644748783,149.0776692290419,149.4936981201172,3038500.0
2025-03-19,MMM,149.76115582079615,152.51488175270262,149.4937032692561,151.76206970214844,2344100.0
2025-03-20,MMM,150.21680681012202,152.19790556193152,149.6621015779488,149.8404083251953,2579000.0
2025-03-21,MMM,148.48333602676618,149.33520904083875,146.67064408415123,148.93899536132812,5538500.0
2025-03-24,MMM,150.2663279769461,152.57430969333075,149.27577866251062,151.70262145996094,3207800.0
2025-03-25,MMM,151.68281800467338,153.5351403450733,151.23705873136024,152.04931640625,4118900.0
2025-03-26,MMM,151.99980307911994,152.97053726332823,150.62294001161578,151.23707580566406,3836700.0
2025-03-27,MMM,151.22717487549977,151.22717487549977,146.72017208880425,147.0371551513672,2825300.0
2025-03-28,MMM,146.4626240881595,147.44327336309496,142.96598617317474,143.47116088867188,2581500.0
2025-03-31,MMM,142.62920465198226,146.34376467031856,140.83629765354854,145.47207641601562,4508600.0
2025-04-01,MMM,144.3230457776195,147.28479394991732,142.81740644480274,146.27442932128906,3641300.0
2025-04-02,MMM,144.33294197952276,146.76968473977217,144.21406578822052,146.36355590820312,4411100.0
2025-04-03,MMM,141.49006649588165,143.12448200332955,137.53778423563713,138.41937255859375,6712300.0
2025-04-04,MMM,132.9218148620792,134.03122525707664,125.23515006950826,125.71061706542969,9609100.0
2025-04-07,MMM,123.55121556148663,133.10010250069215,120.8272050295395,127.33511352539062,7174700.0
2025-04-08,MMM,130.99024418441326,132.60482925700634,123.64036267352252,125.958251953125,5496800.0
2025-04-09,MMM,123.81866289241849,137.9141752440082,122.27340839785435,137.01278686523438,6428100.0
2025-04-10,MMM,134.46705879700107,134.506674116028,127.46386844296092,131.7133331298828,4757100.0
2025-04-11,MMM,131.87183518204947,135.200081486028,130.41572647939742,134.66517639160156,3337600.0
2025-04-14,MMM,136.8047690206725,136.98306064565872,133.15953961470436,134.724609375,3815800.0
2025-04-15,MMM,134.72460140914143,136.17081000060298,133.86282837682876,133.981689453125,2541700.0
2025-04-16,MMM,132.24822925987345,133.20906327302546,128.6426304763054,129.22706604003906,5635500.0
2025-04-17,MMM,129.1081922835761,131.6935265641446,128.85065490652855,128.97943115234375,4952000.0
2025-04-21,MMM,127.78086337955867,128.6129211880186,123.47197531193885,124.89836120605469,5971800.0
2025-04-22,MMM,132.03031695387634,135.97271427155616,129.1280145970483,135.04159545898438,7943800.0
2025-04-23,MMM,138.0627704344779,140.80658119572837,133.92226637602207,134.77413940429688,4655800.0
2025-04-24,MMM,134.35810449735436,138.43916271745573,133.84301463674714,137.56748962402344,2921100.0
2025-04-25,MMM,137.6863475625719,137.6863475625719,135.80431000862865,136.02223205566406,2141300.0
2025-04-28,MMM,136.0222290578221,137.10192410324026,134.75431212365916,136.62644958496094,2499900.0
2025-04-29,MMM,136.20053160966435,137.9042776506028,135.54676543043803,137.0722198486328,1917200.0
2025-04-30,MMM,136.32931178712133,137.99342743902204,133.57558580510684,137.5972137451172,3062800.0
2025-05-01,MMM,136.973154288634,138.9245375944933,136.3689186185773,136.59674072265625,2236300.0
2025-05-02,MMM,138.6769143696057,141.68817785978584,137.9736176534571,140.7372589111328,2734200.0
2025-05-05,MMM,139.29103835838512,140.5292249889769,138.54812638003006,139.46934509277344,2623500.0
2025-05-06,MMM,137.8151323026077,138.38965272435198,136.32930831641556,136.7156219482422,2850000.0
2025-05-07,MMM,136.96325927717453,138.46888336732627,136.39863890743027,137.3297576904297,2555400.0
2025-05-08,MMM,138.67690551055097,141.01460252231215,137.89437819415804,139.78631591796875,2899500.0
2025-05-09,MMM,139.9250021763734,141.27214995892626,139.6278494493711,141.25234985351562,2634100.0
2025-05-12,MMM,144.70935178839554,149.39466112470637,143.8971091760711,148.90928649902344,4974800.0
2025-05-13,MMM,149.38474502361282,150.31586383074952,148.75079404433006,149.31541442871094,3455700.0
2025-05-14,MMM,149.3253088233109,149.34512404163937,145.5711335802591,146.48243713378906,3778700.0
2025-05-15,MMM,144.94707742600187,147.77013379492695,143.98624341874952,147.3343048095703,4472100.0
2025-05-16,MMM,148.0177802225879,151.83140121715118,147.54232077275168,151.6630096435547,4204500.0
2025-05-19,MMM,150.5139678616427,152.8021343985139,149.68191005088647,152.6832733154297,2613600.0
2025-05-20,MMM,151.8115727818493,153.2676813901282,151.80167273058788,152.6931610107422,2529700.0
2025-05-21,MMM,150.8804850450862,151.7224429282896,147.91873703166988,147.98806762695312,2661800.0
2025-05-22,MMM,148.30505614916152,149.1470291780235,146.28432692572648,148.36448669433594,2862800.0
2025-05-23,MMM,146.7718389913228,148.00614140134533,146.33386022684348,146.94105529785156,2369800.0
2025-05-27,MMM,149.31010861819925,149.31010861819925,145.98547384490035,148.80245971679688,3155300.0
2025-05-28,MMM,148.9617095611298,149.31010588363537,147.50843303615034,147.9762725830078,2297500.0
2025-05-29,MMM,149.18070469523806,149.6684565278687,147.49847500711056,148.9418182373047,2621400.0
2025-05-30,MMM,148.04595131248635,148.7626410773433,146.9211587779108,147.66770935058594,5339800.0
2025-06-02,MMM,147.1898942732085,147.61792446537754,143.24811607044444,145.72665405273438,2825700.0
2025-06-03,MMM,145.63707858819026,147.67765312538356,144.54214689676175,147.44871520996094,2343300.0
2025-06-04,MMM,148.2251285228822,148.2649378696776,146.03524992249558,146.13478088378906,2346900.0
2025-06-05,MMM,146.36372217460007,146.58271155854547,144.22361659985503,145.58731079101562,3568300.0
2025-06-06,MMM,147.31931244630584,147.77720347878963,144.7710889314663,144.830810546875,2297100.0
2025-06-09,MMM,144.88057131363726,145.3583593849246,142.0138125086954,143.56663513183594,3401900.0
2025-06-10,MMM,143.5766015944852,144.64167243916665,142.49160329450064,144.392822265625,3129200.0
2025-06-11,MMM,144.37291013659825,147.36907594960653,143.75576656598145,146.50306701660156,2904400.0
2025-06-12,MMM,145.74657692550105,146.59267364386218,143.82546075623407,144.1041717529297,2069700.0
2025-06-13,MMM,142.47170793282652,143.7856289668789,141.07813783103893,141.66543579101562,2450400.0
2025-06-16,MMM,143.0191647064198,144.72130657951635,142.84994841073802,144.4027862548828,1681300.0
2025-06-17,MMM,143.39742088290345,144.21365673873314,141.31703708735097,141.55593872070312,1739900.0
2025-06-18,MMM,141.47631127175572,143.00922172008066,140.91888929054664,141.85455322265625,2629100.0
2025-06-20,MMM,142.65087921382633,143.3874812375599,141.16774181535763,143.36756896972656,5566700.0
2025-06-23,MMM,143.72591472334076,147.0406010674218,142.69070461885005,146.92115783691406,2904700.0
2025-06-24,MMM,147.95635600035556,149.59876104172463,147.3292487135813,149.18069458007812,2700500.0
2025-06-25,MMM,149.0114781089212,149.17074586229333,146.44334254307947,147.07044982910156,2378000.0
2025-06-26,MMM,147.01073235213155,150.41500093597878,146.63247522438985,150.0666046142578,2740100.0
2025-06-27,MMM,150.4448585788898,152.16689750718638,149.8675243602786,151.32081604003906,3938200.0
2025-06-30,MMM,151.57961952623938,151.7587995528522,150.30550782729546,151.53981018066406,2302800.0
2025-07-01,MMM,151.30091193612122,155.3720973028202,150.72357768636337,153.1025848388672,3781900.0
2025-07-02,MMM,153.50075772916244,154.7350449496182,152.50535697015738,153.26185607910156,2864700.0
2025-07-03,MMM,153.54056002867782,154.2871105636633,148.81240664043654,152.23658752441406,3182900.0
2025-07-07,MMM,152.09723874883647,153.75955619084698,150.2557412724398,151.1416473388672,3877000.0
2025-07-08,MMM,151.03214802640505,153.90885551934795,150.83307091876458,153.0329132080078,3252200.0
2025-07-09,MMM,153.66997168290646,155.92952043545546,153.1324467756514,155.26260375976562,2855900.0
2025-07-10,MMM,155.39200923421078,158.73655630889755,155.24270519951443,156.59645080566406,4043400.0
2025-07-11,MMM,155.33228607436203,155.82998643654287,154.10794743620787,155.1232452392578,2401300.0
2025-07-14,MMM,154.8743941220089,157.38280818504862,154.207477463351,157.18373107910156,2961300.0
2025-07-15,MMM,157.18373300779996,157.55202641775156,155.31237477399435,155.8697967529297,3058900.0
2025-07-16,MMM,156.89506402306466,156.9547856389028,154.13781483446954,156.83534240722656,3194600.0
2025-07-17,MMM,156.5367054608347,158.7365476465093,156.0688659261701,158.3085174560547,5024200.0
2025-07-18,MMM,161.79243188626825,163.3950277078923,149.55896330153084,152.52525329589844,11701900.0
2025-07-21,MMM,151.54975603611786,152.9433109357189,148.65313636415144,152.1171417236328,5194000.0
2025-07-22,MMM,152.2764050452414,153.35143969596913,149.62865054901917,150.5045928955078,4927800.0
2025-07-23,MMM,151.2212744441943,151.94791271162316,149.11102979371685,150.1263427734375,4976700.0
2025-07-24,MMM,149.31010447620093,150.5941646917082,147.13017452067092,148.6133270263672,4860900.0
2025-07-25,MMM,149.31011654559265,150.7036715579073,148.51379288629406,150.57427978515625,2818000.0
2025-07-28,MMM,149.90734953186185,153.1722625700072,149.45940707184184,151.35067749023438,3970300.0
2025-07-29,MMM,151.69906823402764,152.3958609099592,150.45481729644993,151.0918731689453,3918100.0
2025-07-30,MMM,151.77869699961312,151.79860926675386,145.82620496773404,145.94564819335938,3529500.0
2025-07-31,MMM,145.517628546287,148.8721239938279,144.8905212544857,148.53369140625,4390400.0
2025-08-01,MMM,145.82620291473398,146.04519228437047,143.58655133413228,143.74581909179688,4074400.0
2025-08-04,MMM,144.72130616377956,147.49846741456957,144.33310050101085,147.1898956298828,3641300.0
2025-08-05,MMM,147.7771958938071,150.52449638186798,147.31930488482558,149.39968872070312,3743900.0
2025-08-06,MMM,149.57886934375432,150.69371328157496,147.95636132176864,150.1263427734375,2636900.0
2025-08-07,MMM,151.28100071549662,151.77870108715177,149.2901992288759,151.0421142578125,2293900.0
2025-08-08,MMM,151.69907038462438,152.9831458760302,150.72358188854506,152.59494018554688,2376400.0
2025-08-11,MMM,153.04286512825794,154.89431112857346,152.45558233173136,154.59568786621094,3354500.0
2025-08-12,MMM,155.0734699572905,157.73120321947033,154.8943051199891,157.12400817871094,2748200.0
2025-08-13,MMM,157.66152288827664,159.73195825388166,155.89965932245616,159.46319580078125,3132000.0
2025-08-14,MMM,158.86596398358807,159.3338035459001,155.90962257434398,155.9295196533203,6344900.0
2025-08-15,MMM,156.64620884019308,156.64620884019308,150.91270607326288,151.68911743164062,3921100.0
2025-08-18,MMM,151.65925155333275,154.7151238101756,151.49003525663807,152.15695190429688,2585500.0
2025-08-19,MMM,152.1370411442338,155.00380005453493,151.35068126491038,153.63014221191406,2146200.0
2025-08-20,MMM,153.41116169797968,154.6255518515656,152.46553400490487,154.03826904296875,3258200.0
2025-08-21,MMM,153.66000392348053,154.49615206965095,152.44561383285716,153.6699676513672,2236900.0
2025-08-22,MMM,155.03366410225698,158.3782111713332,154.28711355280788,157.99000549316406,1958200.0
2025-08-25,MMM,157.58999633789062,157.9199981689453,155.8000030517578,155.85000610351562,1606300.0
2025-08-26,MMM,155.75999450683594,156.72000122070312,154.5800018310547,156.57000732421875,2960600.0
2025-08-27,MMM,156.0399932861328,157.22000122070312,155.75,156.52999877929688,2155000.0
2025-08-28,MMM,157.75999450683594,158.47000122070312,156.5800018310547,157.55999755859375,2982200.0
2025-08-29,MMM,157.60000610351562,158.24000549316406,155.32000732421875,155.52999877929688,3279100.0
2025-09-02,MMM,153.9499969482422,154.49000549316406,151.6999969482422,154.27000427246094,2745100.0
2025-09-03,MMM,153.5,154.08999633789062,150.42999267578125,152.0,3964400.0
2025-09-04,MMM,152.1999969482422,155.60000610351562,152.02000427246094,155.52000427246094,2741200.0
2025-09-05,MMM,155.8000030517578,157.55999755859375,154.27999877929688,155.3000030517578,2053300.0
2025-09-08,MMM,154.61000061035156,154.97999572753906,152.0,154.0,2715500.0
2025-09-09,MMM,154.14999389648438,154.14999389648438,151.5500030517578,153.0800018310547,1669200.0
2025-09-10,MMM,153.16000366210938,155.2100067138672,152.4600067138672,153.57000732421875,2811600.0
2025-09-11,MMM,153.7899932861328,159.5,153.39999389648438,159.47000122070312,3663900.0
2025-09-12,MMM,159.11000061035156,162.10000610351562,157.80999755859375,157.8699951171875,2865100.0
2025-09-15,MMM,158.0,158.3800048828125,155.25,156.66000366210938,3219500.0
2025-09-16,MMM,156.89999389648438,157.47999572753906,153.6300048828125,156.5,2208600.0
2025-09-17,MMM,156.5,158.5399932861328,153.5399932861328,155.16000366210938,2757300.0
2025-09-18,MMM,155.14999389648438,156.9199981689453,154.30999755859375,155.39999389648438,1795000.0
2025-09-19,MMM,155.91000366210938,157.41000366210938,154.69000244140625,156.60000610351562,6507100.0
2025-09-22,MMM,155.60000610351562,155.7100067138672,153.63999938964844,153.86000061035156,2484800.0
2025-09-23,MMM,153.83999633789062,158.13999938964844,153.83999633789062,156.2899932861328,2254000.0
2025-09-24,MMM,156.0,156.5,154.4600067138672,154.60000610351562,1739300.0
2025-09-25,MMM,154.0,154.0,151.82000732421875,153.02999877929688,2949300.0
2025-09-26,MMM,154.02000427246094,154.5,152.3699951171875,152.80999755859375,2104000.0
2025-09-29,MMM,153.5,154.39999389648438,152.5399932861328,154.0800018310547,2043400.0
2025-09-30,MMM,153.85000610351562,155.22000122070312,152.42999267578125,155.17999267578125,2177100.0
2025-10-01,MMM,154.4499969482422,156.5399932861328,154.25999450683594,156.0,2297900.0
2025-10-02,MMM,157.25999450683594,159.5800018310547,156.5399932861328,158.8000030517578,2167500.0
2025-10-03,MMM,158.9199981689453,160.38999938964844,157.7100067138672,158.66000366210938,3411600.0
2025-10-06,MMM,158.6999969482422,159.2100067138672,154.6300048828125,155.92999267578125,2421400.0
2025-10-07,MMM,156.8300018310547,157.94000244140625,155.17999267578125,155.3300018310547,1696700.0
2025-10-08,MMM,155.7100067138672,156.08999633789062,152.77999877929688,156.0,2084200.0
2025-10-09,MMM,156.10000610351562,156.60000610351562,151.3699951171875,152.8800048828125,2512200.0
2025-10-10,MMM,153.24000549316406,154.25,148.4600067138672,148.75,3504400.0
2025-10-13,MMM,150.57000732421875,152.42999267578125,150.4199981689453,151.10000610351562,2724800.0
2025-10-14,MMM,149.27000427246094,153.7100067138672,149.27000427246094,152.52999877929688,2604800.0
2025-10-15,MMM,153.69000244140625,155.66000366210938,152.7100067138672,153.47000122070312,2381500.0
2025-10-16,MMM,154.47000122070312,154.47000122070312,150.61000061035156,151.41000366210938,4279200.0
2025-10-17,MMM,151.4499969482422,153.07000732421875,151.27000427246094,152.63999938964844,4494000.0
2025-10-20,MMM,153.22999572753906,156.07000732421875,153.02999877929688,154.77999877929688,4230400.0
2025-10-21,MMM,158.0,166.82000732421875,152.8000030517578,166.63999938964844,7302200.0
2025-10-22,MMM,167.16000366210938,169.17999267578125,165.52999877929688,167.22999572753906,5275800.0
2025-10-23,MMM,167.22000122070312,171.6300048828125,166.7100067138672,171.60000610351562,4779100.0
2025-10-24,MMM,172.0,172.85000610351562,167.75,168.5,3612300.0
