date,Ticker,Open,High,Low,Close,Volume
2008-01-02,NOC,48.40441342609295,48.59498562067986,47.94336388897632,48.31835174560547,1473381.0
2008-01-03,NOC,48.57039668798551,48.816289432736774,48.385975831670656,48.73637390136719,2149530.0
2008-01-04,NOC,48.58267062932799,48.9883994744945,48.36136776178528,48.47201919555664,1957167.0
2008-01-07,NOC,48.63185739757892,48.76095248642522,47.49459657688997,48.004825592041016,2063973.0
2008-01-08,NOC,48.33064943652325,48.33064943652325,46.89831085098918,46.97208023071289,2210736.0
2008-01-09,NOC,47.13191493715502,49.129808539772995,46.806101449256786,49.11137008666992,2739790.0
2008-01-10,NOC,48.748659622205146,49.369540080303175,48.582677257898006,48.828575134277344,1973990.0
2008-01-11,NOC,48.478170612034994,49.978132043284624,48.27531135841053,49.099056243896484,2425457.0
2008-01-14,NOC,49.50480077555721,49.51709307741675,48.797853261475396,48.883914947509766,1849696.0
2008-01-15,NOC,48.93309359948935,50.57444289966191,48.926947448677325,49.85519790649414,3114887.0
2008-01-16,NOC,49.849063958527594,50.24249557189379,48.963841530701885,49.16670608520508,3252463.0
2008-01-17,NOC,49.06832583992764,49.23430302733384,48.115480572250156,48.2876091003418,3906364.0
2008-01-18,NOC,48.281485160804394,49.15441012017172,48.115502706039194,48.29377746582031,2829994.0
2008-01-22,NOC,46.431110908806275,48.69334597769327,46.431110908806275,48.07246017456055,2890426.0
2008-01-23,NOC,46.72617879756003,48.39211769857041,46.72617879756003,48.14622497558594,3740564.0
2008-01-24,NOC,47.62983728520841,48.355228234371495,46.92288997453379,47.605247497558594,3168124.0
2008-01-25,NOC,47.96796009981026,48.834738744202674,47.4146974666453,47.992549896240234,2809297.0
2008-01-28,NOC,47.96180684777788,48.41056407742917,47.69131912709354,48.13393020629883,2009740.0
2008-01-29,NOC,48.39212315864042,49.25890172349064,48.318353776120155,48.68104934692383,2908024.0
2008-01-30,NOC,48.66260363002527,50.51911484249247,48.40441339770871,49.70765686035156,2856558.0
2008-01-31,NOC,48.87161083820134,49.97199491890761,48.0294221626543,48.78554916381836,3700719.0
2008-02-01,NOC,48.26300720096148,49.5662501565019,48.26300720096148,49.474037170410156,2616934.0
2008-02-04,NOC,49.234316876956896,49.984297888104514,49.203580928902845,49.75684356689453,1558273.0
2008-02-05,NOC,48.98226060885684,49.24659693594711,48.453582763671875,48.453582763671875,1947537.0
2008-02-06,NOC,48.828590180525865,48.828590180525865,47.81427280766484,47.91263198852539,2779745.0
2008-02-07,NOC,47.56836214652993,48.631858825683594,47.43312090448246,48.631858825683594,2640730.0
2008-02-08,NOC,48.46588569852548,48.902350590227314,48.24457758220998,48.60727310180664,2544660.0
2008-02-11,NOC,48.49663402717932,49.1666995062072,48.49663402717932,48.87777328491211,2366906.0
2008-02-12,NOC,49.08061712746932,49.27118929167896,48.57038808540324,48.83472442626953,2139126.0
2008-02-13,NOC,49.11138241843194,49.36342139318054,48.95154611436248,49.27121353149414,1996126.0
2008-02-14,NOC,49.38183488621047,49.59699162309749,48.88389820235568,49.031436920166016,1704151.0
2008-02-15,NOC,48.939220507784796,49.37568529092171,48.56423278161308,49.12978744506836,1771666.0
2008-02-19,NOC,49.59701208190374,49.99044363401805,49.326529512014595,49.54783248901367,1640952.0
2008-02-20,NOC,49.51094782578565,49.79372787475586,48.93924157680382,49.79372787475586,2311787.0
2008-02-21,NOC,49.9535549229245,49.9535549229245,48.736373137518974,48.810142517089844,2119424.0
2008-02-22,NOC,48.87160672292183,49.086768677269085,47.91876666183074,48.61956787109375,2151522.0
2008-02-25,NOC,48.55194585809259,49.20356750488281,48.533502217889556,49.20356750488281,2289762.0
2008-02-26,NOC,48.87776879657999,49.00071257919885,48.435157682536904,48.883914947509766,1819480.0
2008-02-27,NOC,48.68718993436653,50.642054988250784,48.68718993436653,49.68306350708008,4121749.0
2008-02-28,NOC,50.57854897176109,50.57854897176109,49.00993371938426,49.38664627075195,2178085.0
2008-02-29,NOC,48.94816200143557,49.21371406321584,48.441755544199836,48.5467414855957,2240177.0
2008-03-03,NOC,50.92437152178399,51.504881465871385,50.12153562460474,50.992305755615234,5323520.0
2008-03-04,NOC,50.62176864149136,50.62176864149136,49.04079970188514,49.55955505371094,4247150.0
2008-03-05,NOC,49.4051731114051,49.7695368132716,49.07786635050701,49.608970642089844,2426231.0
2008-03-06,NOC,49.380496658798215,49.5595913963446,48.89262346552989,49.17052459716797,2097288.0
2008-03-07,NOC,48.88023877675151,49.565734758412034,48.583809350463724,48.79378128051758,1902158.0
2008-03-10,NOC,48.935818491899866,49.121087533386294,48.37383694952971,48.410888671875,1971002.0
2008-03-11,NOC,49.405175585388115,49.405175585388115,48.355315786719444,49.207557678222656,1835639.0
2008-03-12,NOC,49.21990001212586,49.57808926606411,48.917296165078795,49.003753662109375,1746209.0
2008-03-13,NOC,48.62703226775129,48.91111283926597,48.18239076523404,48.66408920288086,2344106.0
2008-03-14,NOC,48.91729374248098,49.09020872797863,47.472187962240156,47.89213180541992,3321859.0
2008-03-17,NOC,46.94109447596936,49.40517790932523,46.94109447596936,48.97288513183594,3503154.0
2008-03-18,NOC,49.80039660739019,49.80039660739019,48.60849957975362,49.27546691894531,2517100.0
2008-03-19,NOC,49.41751397964916,49.794226418084676,48.3182487487793,48.3182487487793,2412396.0
2008-03-20,NOC,48.82464767571385,48.892581902855376,48.1700291450584,48.43558120727539,2617488.0
2008-03-24,NOC,48.540551403868456,48.74434880430891,48.17618793486195,48.39851379394531,1729275.0
2008-03-25,NOC,48.37382502297823,48.89258029719327,48.04651316096019,48.71348571777344,1852573.0
2008-03-26,NOC,48.36766924139724,48.64557023473854,48.19474901174431,48.392372131347656,1482346.0
2008-03-27,NOC,48.62083438882513,48.78758008668778,48.02797586162532,48.05885314941406,1610957.0
2008-03-28,NOC,48.386189703260406,48.639393006908804,48.01565159028448,48.12681198120117,1244604.0
2008-03-31,NOC,48.15151400956872,48.485000391241975,47.55865512534995,48.05270767211914,2353182.0
2008-04-01,NOC,48.11446043983779,48.55293277532737,47.56482771967991,48.324432373046875,2107360.0
2008-04-02,NOC,48.55292004193988,49.10255261795227,48.1762024156454,48.75053787231445,1763365.0
2008-04-03,NOC,48.73819276748005,48.935810612970705,48.35530069545313,48.86170196533203,1784947.0
2008-04-04,NOC,48.997554694571996,49.09636097815289,48.27500213069202,48.37381362915039,1552075.0
2008-04-07,NOC,48.81846734119195,48.849344635284545,48.058862961049634,48.44792938232422,1737465.0
2008-04-08,NOC,47.947731349656884,48.3306183696603,47.923028456603625,48.21328353881836,1088323.0
2008-04-09,NOC,48.336775779056815,48.4232384817569,47.90448312507456,48.14533233642578,1370891.0
2008-04-10,NOC,48.05269054946478,48.35529430204766,47.90447327378431,48.20707702636719,1261428.0
2008-04-11,NOC,47.96624249549367,48.11445981638426,47.16341171120306,47.22516632080078,1617488.0
2008-04-14,NOC,47.21898807403977,47.608054598669874,47.19428518922771,47.45366287231445,808744.0
2008-04-15,NOC,47.21279979360055,47.21279979360055,44.057042385914116,44.1990852355957,5226010.0
2008-04-16,NOC,44.48317820715316,44.9401790164107,42.90839129934127,43.90884780883789,5706475.0
2008-04-17,NOC,43.87178754166544,44.19909947101658,43.79150446746229,43.890316009521484,2862203.0
2008-04-18,NOC,44.538769569096765,44.538769569096765,43.84709384461668,44.069419860839844,2159602.0
2008-04-21,NOC,44.057046672617616,44.29172142481905,43.85324921664926,43.896480560302734,1442501.0
2008-04-22,NOC,43.51977571377624,43.79150484936889,42.9392657214355,42.957794189453125,2426785.0
2008-04-23,NOC,43.32831464346699,43.47035487494308,42.26610402615565,42.90837097167969,3276812.0
2008-04-24,NOC,42.815740202728506,45.113076551403616,42.78486030172477,44.804298400878906,3923852.0
2008-04-25,NOC,46.06414156500292,46.90402920089409,44.78578164423342,45.693603515625,3395241.0
2008-04-28,NOC,45.47128475776896,45.829474029166526,45.04516645499347,45.2551383972168,3105036.0
2008-04-29,NOC,45.32305039735366,45.98384849711754,45.27364985440605,45.81092834472656,2717100.0
2008-04-30,NOC,45.699790602348564,46.29264955975997,45.43423843383789,45.43423843383789,2589153.0
2008-05-01,NOC,45.29217041142032,46.230869324585115,45.26746753397504,46.175289154052734,2459214.0
2008-05-02,NOC,46.21853452592795,46.67553007509923,46.01473702884793,46.31734085083008,1643276.0
2008-05-05,NOC,45.99620327883689,46.32351516305295,45.69359949160824,45.971500396728516,1537244.0
2008-05-06,NOC,45.576272889690834,46.267948577083196,45.465112494980126,46.132080078125,1776757.0
2008-05-07,NOC,46.24323762139164,46.31116664414112,45.866519927978516,45.866519927978516,3477919.0
2008-05-08,NOC,45.95298593652676,46.25558978163966,45.47745666869781,46.11355209350586,1858771.0
2008-05-09,NOC,44.964871862174554,46.329689137266485,44.964871862174554,45.9344482421875,2117322.0
2008-05-12,NOC,46.13824787436001,46.31733725772192,45.66889831168639,46.26793670654297,1349972.0
2008-05-13,NOC,46.25559603669642,46.792879986825504,46.02092118748155,46.539676666259766,1905479.0
2008-05-14,NOC,46.83608479314628,47.09546241435296,46.37291493945869,46.37908935546875,2065744.0
2008-05-15,NOC,46.32352152785466,46.6940595955126,46.00856364885743,46.39762496948242,1857222.0
2008-05-16,NOC,46.304981638368396,46.73109978958026,46.02090113260099,46.68169403076172,2225235.0
2008-05-19,NOC,46.626129892753845,47.83038133723946,46.52731834113076,47.55865478515625,2649253.0
2008-05-20,NOC,47.422791874665805,47.428966292969776,46.77434758074121,46.823753356933594,1833868.0
2008-05-21,NOC,46.85462203107922,47.13252295236192,45.94062576967079,46.00238037109375,2280686.0
2008-05-22,NOC,46.0023808478163,46.44085312412545,45.915923361952316,46.21235275268555,1552075.0
2008-05-23,NOC,45.99620061515283,46.18764402924669,45.65653991699219,45.65653991699219,1308356.0
2008-05-27,NOC,45.594796478253606,46.44085861499397,45.56391917357141,46.335872650146484,1925512.0
2008-05-28,NOC,46.36673302245026,46.36673302245026,45.73064304769461,46.156761169433594,2075927.0
2008-05-29,NOC,46.225080182451954,46.61003258573745,45.622823633885375,46.47343826293945,1342778.0
2008-05-30,NOC,46.62865584558563,47.050859295043914,46.2499111234341,46.8521728515625,1732042.0
2008-06-02,NOC,46.765250172185226,46.83354994789344,45.87737930267706,46.18782424926758,1651909.0
2008-06-03,NOC,46.324426909335386,46.560364482127376,45.56694257111473,45.8587646484375,1899723.0
2008-06-04,NOC,45.85874018128658,45.85874018128658,45.33719369412016,45.622802734375,2629552.0
2008-06-05,NOC,45.697334233182254,46.36168828866446,45.32480228676565,46.305809020996094,2271942.0
2008-06-06,NOC,46.02017522730944,46.20644110107115,44.49899955580675,44.51762771606445,3095407.0
2008-06-09,NOC,44.492813994194194,44.85292539925491,44.343799124067736,44.69770812988281,1567571.0
2008-06-10,NOC,44.46796330504057,44.95225360651296,44.27548451812215,44.56730651855469,1962590.0
2008-06-11,NOC,44.567308260968,45.25027977323094,44.368621826171875,44.368621826171875,2186276.0
2008-06-12,NOC,44.67285214088967,45.362036428795115,44.33136381662839,44.412078857421875,1768345.0
2008-06-13,NOC,44.865335245250435,45.24407472964378,44.47417523649972,44.89017105102539,1626674.0
2008-06-16,NOC,45.014351201174655,45.150945514869484,44.47417634431884,44.9522590637207,1617488.0
2008-06-17,NOC,45.057799638847946,45.09505596139886,44.09542677898909,44.138885498046875,1686552.0
2008-06-18,NOC,44.02711645700482,45.17576016825527,43.07095146591389,43.468318939208984,5577864.0
2008-06-19,NOC,42.84745354623804,44.48038559315312,42.84745354623804,44.30032730102539,1949751.0
2008-06-20,NOC,43.94641488333096,44.16993186167546,43.188933397081456,43.282066345214844,3450581.0
2008-06-23,NOC,43.38141587892398,43.940216304424546,43.2137754891268,43.431087493896484,2112230.0
2008-06-24,NOC,43.313108686136296,43.462120875066944,42.96541270480828,42.996456146240234,1516325.0
2008-06-25,NOC,43.182731396044794,44.064389441298566,42.996465464147796,43.69186019897461,2793913.0
2008-06-26,NOC,43.4248605084124,43.4248605084124,41.30142600077129,41.30763626098633,4422579.0
2008-06-27,NOC,41.45665245135664,44.859117774922225,41.24555076999643,41.68638229370117,3106143.0
2008-06-30,NOC,41.68639889454287,42.01546944779592,41.12759840745956,41.537384033203125,1877034.0
2008-07-01,NOC,41.090343972771535,41.72364925796732,40.9040780208281,41.41941452026367,1875374.0
2008-07-02,NOC,41.44425239029395,41.68640023703411,40.94133377075195,40.94133377075195,2400553.0
2008-07-03,NOC,41.20209407732866,41.41319578249902,40.798516208603736,40.99720001220703,1084781.0
2008-07-07,NOC,40.978552056319245,41.3883373409503,40.54393098213865,40.73640441894531,1695185.0
2008-07-08,NOC,40.63707875681686,41.22692242085155,40.55015346157575,41.0841178894043,2539900.0
2008-07-09,NOC,41.00962256292271,41.226934554247464,40.52532958984375,40.52532958984375,2026785.0
2008-07-10,NOC,40.36389135837175,40.87302003505131,40.09070279078361,40.79230499267578,2140011.0
2008-07-11,NOC,40.27076315556279,41.02203704779716,39.79888812477696,40.4073600769043,2211732.0
2008-07-14,NOC,40.810923285750974,41.046860731476954,40.06585987522172,40.450809478759766,1474709.0
2008-07-15,NOC,40.20867464436739,41.02203806650078,39.873396526597084,40.68675994873047,2270836.0
2008-07-16,NOC,40.65572524231365,41.46288124959154,40.33286493657889,41.43183517456055,2162922.0
2008-07-17,NOC,41.568409089328355,41.568409089328355,39.99135428781608,40.26454544067383,2881461.0
2008-07-18,NOC,40.34525274992955,40.78608152045135,40.05343611541295,40.76124572753906,1877698.0
2008-07-21,NOC,41.009621362530766,41.009621362530766,40.07829177402822,40.45703125,1583841.0
2008-07-22,NOC,40.36390571160403,41.43183242515793,40.314234092027036,41.41941452026367,1731378.0
2008-07-23,NOC,41.55599354840488,42.31347493432381,41.28901001908034,42.29484939575195,2012286.0
2008-07-24,NOC,42.2762173448499,42.3817681704709,41.38834940623468,41.48768997192383,1693968.0
2008-07-25,NOC,41.76710436292488,42.884699837166046,41.64292534036269,42.61151123046875,3403874.0
2008-07-28,NOC,42.75432131499072,43.05234576467352,42.36316127562819,42.6363525390625,3583951.0
2008-07-29,NOC,42.67980435992728,43.046128509758105,41.040662388339896,41.93473815917969,3030437.0
2008-07-30,NOC,42.07132618038936,42.686002979103115,41.78571713723877,42.37556076049805,2362922.0
2008-07-31,NOC,42.2265661604591,42.87228928458735,41.748480803073235,41.84161376953125,2478694.0
2008-08-01,NOC,42.083755967842635,42.17688892188184,41.28901810617978,41.44424057006836,1643830.0
2008-08-04,NOC,41.49391242492746,41.593253019808046,41.146216410640825,41.239349365234375,2672164.0
2008-08-05,NOC,41.32006263975017,41.92853194930373,41.23934759067364,41.79814529418945,2825014.0
2008-08-06,NOC,41.76710380250285,42.43766265093199,41.47528703560187,42.282440185546875,3540564.0
2008-08-07,NOC,42.03408941093301,42.66118698209174,41.736062349313706,42.48112869262695,3593138.0
2008-08-08,NOC,42.3569418822679,43.46833224148161,42.3134805388642,43.282066345214844,2463752.0
2008-08-11,NOC,43.30689854289736,43.46832862336254,42.95919996020008,43.43728256225586,2667737.0
2008-08-12,NOC,43.31310595334079,44.16372031242691,43.21997301345157,43.86569595336914,3943774.0
2008-08-13,NOC,43.85329346567594,44.15132055094565,43.46834367074397,43.648399353027344,2352518.0
2008-08-14,NOC,43.462113064348856,43.611127847969044,42.95919472330321,43.499366760253906,2922745.0
2008-08-15,NOC,43.56767537940726,44.256862381694596,43.493170589421645,44.163726806640625,2803874.0
2008-08-18,NOC,44.34377741392246,44.34377741392246,43.58629601418156,43.87190246582031,2423907.0
2008-08-19,NOC,43.80982166662933,43.822239568116416,43.12063468777025,43.269649505615234,2007305.0
2008-08-20,NOC,43.33794355580593,43.33794355580593,42.64254898663619,43.0895881652832,2183841.0
2008-08-21,NOC,42.98342328690871,43.483013530668465,42.814811118223204,43.33313751220703,2179524.0
2008-08-22,NOC,43.41434008227208,43.78278535094487,43.033402283360985,43.71409225463867,2521638.0
2008-08-25,NOC,43.49551563377747,43.732820934374324,43.15204757431713,43.458045959472656,2464195.0
2008-08-26,NOC,43.35188152021009,43.57045065684891,42.877270937413165,43.27069854736328,2320421.0
2008-08-27,NOC,43.202004982112484,43.202004982112484,42.50882263376537,42.608741760253906,2286884.0
2008-08-28,NOC,42.783604482100124,43.458050784467275,42.72115501799189,43.295684814453125,2110017.0
2008-08-29,NOC,43.07710888054803,43.56420938058138,42.92723281771739,42.99592590332031,2115883.0
2008-09-02,NOC,43.43306284798838,43.92016330328672,43.13330811318938,43.25196075439453,2819037.0
2008-09-03,NOC,43.408078380553505,43.657873526472834,43.17701938666135,43.38309860229492,2863420.0
2008-09-04,NOC,43.16453467778454,43.401839963054,42.87102620302146,43.07086181640625,3571002.0
2008-09-05,NOC,42.864776125063514,44.19493485693823,42.864776125063514,43.745304107666016,3908688.0
2008-09-08,NOC,44.41973854519635,45.08169464472638,43.782762219610774,44.763206481933594,3690869.0
2008-09-09,NOC,45.05048640448732,45.05048640448732,44.13249126813312,44.207427978515625,2565910.0
2008-09-10,NOC,44.51965291264188,44.51965291264188,43.46426944057559,43.707820892333984,3008965.0
2008-09-11,NOC,43.55795715842084,43.90766878157765,42.82730523420663,43.576690673828125,3854012.0
2008-09-12,NOC,43.43930980143744,44.16371291398384,43.326900785352564,44.07628631591797,3798008.0
2008-09-15,NOC,43.55170586678039,44.08876576533045,42.85228006455996,42.92721939086914,3178085.0
2008-09-16,NOC,41.60955636788904,42.75236667464188,41.06625280473336,41.846858978271484,5025457.0
2008-09-17,NOC,41.36600676320623,41.36600676320623,39.82352522302019,39.948421478271484,3997122.0
2008-09-18,NOC,40.491726773132235,40.81021500594682,38.605777155681174,40.58539962768555,4530271.0
2008-09-19,NOC,41.24111251939821,41.553354491088605,39.08663157706796,40.916378021240234,4083343.0
2008-09-22,NOC,40.67282083811074,41.010042520694746,39.97339506176433,40.029598236083984,2587825.0
2008-09-23,NOC,40.023360742407256,40.28564577830275,39.192792340960374,39.33018112182617,3241395.0
2008-09-24,NOC,39.19279865042824,39.65491935076581,38.72443432283397,38.96798324584961,2376425.0
2008-09-25,NOC,39.13659644426477,39.71112354302999,39.09288314236605,39.4488410949707,2614831.0
2008-09-26,NOC,39.07413156843248,39.48629255179515,38.487114809804716,39.3426628112793,2789485.0
2008-09-29,NOC,38.930503334058834,39.52376641743519,38.03748821452006,38.46213912963867,3721306.0
2008-09-30,NOC,38.49336024881985,38.60576923321583,37.31932667623601,37.806427001953125,3071832.0
2008-10-01,NOC,37.60658942473182,37.762709050788246,35.458355316070026,35.5083122253418,5025457.0
2008-10-02,NOC,35.12113018713925,35.4458645913893,33.31012041971635,34.6777458190918,6485003.0
2008-10-03,NOC,34.91507993026651,36.26397029892835,34.7964272315569,35.43964767456055,3915661.0
2008-10-06,NOC,34.877585639341866,35.295990286330365,33.67856960145548,34.4716682434082,5426231.0
2008-10-07,NOC,34.465421642193455,34.9712554595562,33.73477250192884,33.85966873168945,5969784.0
2008-10-08,NOC,33.32261641793908,34.15943110231126,32.504540522769084,32.51078414916992,5663973.0
2008-10-09,NOC,32.88547771795353,32.88547771795353,30.162715911865234,30.162715911865234,4040620.0
2008-10-10,NOC,29.23223330995391,29.23223330995391,23.249649205836803,26.103553771972656,12396237.0
2008-10-13,NOC,28.239292126159953,28.239292126159953,26.540688405689135,27.68974494934082,4391478.0
2008-10-14,NOC,28.445367177699044,29.157280096351993,27.671002195598327,28.233041763305664,6033647.0
2008-10-15,NOC,27.852103908666425,27.933286844257584,25.891215659262638,26.415782928466797,5668401.0
2008-10-16,NOC,26.415795280725185,28.10191211708372,25.753841601241497,27.964523315429688,5187161.0
2008-10-17,NOC,27.571097235795566,29.00117256656127,27.15268985704165,27.764686584472656,3868622.0
2008-10-20,NOC,27.945777311673616,29.357115914171985,27.739695519598396,29.232219696044922,2771223.0
2008-10-21,NOC,28.85753756313872,29.563207088337048,27.802153770202075,28.001989364624023,2882678.0
2008-10-22,NOC,28.18933216480214,29.713080063169787,27.614805219625122,28.670188903808594,5063420.0
2008-10-23,NOC,28.713893694739983,29.27593058539869,26.54068016552819,27.727203369140625,5365136.0
2008-10-24,NOC,26.503222330624098,27.914564083852433,26.109794749724163,27.046525955200195,3398229.0
2008-10-27,NOC,26.721785404214437,27.42745473317925,26.016113438583808,26.209705352783203,3479247.0
2008-10-28,NOC,26.684326245079156,29.001173319039186,26.37832787342408,28.75762176513672,4548755.0
2008-10-29,NOC,28.601506325382715,29.225993109750526,28.10191847988896,28.145631790161133,3247150.0
2008-10-30,NOC,28.807585729003637,29.13231766825362,28.22056867779497,29.038644790649414,3032872.0
2008-10-31,NOC,28.882513465627092,29.56320312058222,28.67018801025887,29.282184600830078,3783509.0
2008-11-03,NOC,29.45704933934882,29.45704933934882,28.626480778939534,29.101091384887695,2776978.0
2008-11-04,NOC,29.638143180016044,30.187690345341714,29.563203851562708,30.012834548950195,2513116.0
2008-11-05,NOC,29.082347969013565,30.393770316534003,29.082347969013565,29.15104103088379,2129164.0
2008-11-06,NOC,29.038639858202487,29.6319030733701,27.17142361467503,27.35252571105957,2453127.0
2008-11-07,NOC,27.558605679632272,27.802154575828904,26.85293349731904,27.4774227142334,2469065.0
2008-11-10,NOC,28.051957147308084,28.07069066863208,27.0402889891314,27.402490615844727,2005977.0
2008-11-11,NOC,27.05901042843793,27.277582141849923,26.27215806082027,26.54693031311035,1903708.0
2008-11-12,NOC,26.209719058836857,26.209719058836857,25.14184511498122,25.279233932495117,2544770.0
2008-11-13,NOC,25.44783879919644,26.52820243487032,24.22384538143878,26.478242874145508,3743331.0
2008-11-14,NOC,26.765510870402846,26.765510870402846,25.166823195205207,25.191802978515625,2724626.0
2008-11-17,NOC,24.9857220781797,25.8037980627988,24.67347744399925,24.779640197753906,2687216.0
2008-11-18,NOC,24.68596246354612,25.360408525487127,23.711764354075545,24.423677444458008,3748755.0
2008-11-19,NOC,24.56731086617154,24.942002259531275,22.931156514945307,22.98111343383789,3420144.0
2008-11-20,NOC,22.98111916734789,23.849157433418235,21.207576914190348,21.357454299926758,5571887.0
2008-11-21,NOC,22.01940441021369,23.874130434455516,21.49483568667388,23.686784744262695,5474488.0
2008-11-24,NOC,24.09270173114656,24.97322971959173,23.57437790442584,24.467395782470703,4098949.0
2008-11-25,NOC,24.885802790416488,25.241760721877927,24.117683737438337,24.642253875732422,3245490.0
2008-11-26,NOC,24.434059154984244,25.405618667602536,23.84103081010964,25.40561866760254,2973879.0
2008-11-28,NOC,25.34883733259706,25.910322465938123,25.210041608605852,25.83461570739746,1022357.0
2008-12-01,NOC,25.31729872072968,25.575962220832118,24.402520447949076,24.415138244628906,3117986.0
2008-12-02,NOC,24.692724119599873,25.22266352501466,24.055532123552087,24.73688507080078,2538351.0
2008-12-03,NOC,24.257419705085958,26.131140070698187,24.257419705085958,25.866168975830078,3602214.0
2008-12-04,NOC,25.487634559556035,25.840927496499223,24.33942851898872,24.73688507080078,2947648.0
2008-12-05,NOC,24.54130827969435,25.557028707877944,23.61391240930974,25.45608901977539,3250138.0
2008-12-08,NOC,25.94186523932007,26.471804550390342,25.45608687158878,25.954483032226562,3087548.0
2008-12-09,NOC,25.93554780354484,26.61690044014515,25.6453439746781,26.24468231201172,2678362.0
2008-12-10,NOC,26.288851226018195,26.79986519272755,25.992337080577833,26.358247756958008,2357167.0
2008-12-11,NOC,26.282541396973187,26.484423428078532,25.66427751023384,25.821998596191406,2577310.0
2008-12-12,NOC,25.386692689381466,25.670591753977448,24.95138540735886,25.550724029541016,2522634.0
2008-12-15,NOC,25.771525369408206,26.055421703314643,25.14695396754752,25.44346809387207,2227892.0
2008-12-16,NOC,25.664278900473715,26.780941692422246,25.569646776506453,26.76832389831543,2796901.0
2008-12-17,NOC,26.46550628505667,26.623227419973176,26.00496334131564,26.26362419128418,3082900.0
2008-12-18,NOC,26.408719760499245,26.52858746813542,25.374074001306983,25.708438873291016,3095185.0
2008-12-19,NOC,25.948169762528842,27.045904298389804,25.897701260485817,26.774625778198242,5351190.0
2008-12-22,NOC,26.654759836445876,27.22255516052246,26.295156752719755,27.22255516052246,3261317.0
2008-12-23,NOC,27.38658676658568,27.69571871482687,26.793558457347597,26.907115936279297,1890205.0
2008-12-24,NOC,26.768310404791695,27.2414707861146,26.768310404791695,27.083749771118164,546431.0
2008-12-26,NOC,27.24148164364647,27.336113757628205,27.039599622907602,27.279335021972656,591146.0
2008-12-29,NOC,27.291944162918945,27.437047402003035,26.926030952098213,27.184694290161133,1328168.0
2008-12-30,NOC,27.367659569874274,28.143644578207578,27.367659569874274,28.061630249023438,1545656.0
2008-12-31,NOC,28.055334685610887,28.698834464030902,28.017481287409325,28.41493797302246,1577421.0
2009-01-02,NOC,28.837621680356627,29.53790008064623,28.301371974969392,29.399106979370117,1385944.0
2009-01-05,NOC,29.56944344877434,31.23497118043908,29.56944344877434,31.10248565673828,3595905.0
2009-01-06,NOC,31.329610240324133,31.4620957933027,30.288653846160354,30.59147834777832,3004095.0
2009-01-07,NOC,30.389591513373873,30.389591513373873,29.373870874115944,29.752399444580078,2210515.0
2009-01-08,NOC,29.588356675756497,30.47790158954461,29.367549335925144,30.440048217773438,2360376.0
2009-01-09,NOC,30.5409927568563,30.793345945303148,29.689303742474056,29.891185760498047,2649253.0
2009-01-12,NOC,29.771329229795832,30.175093417295663,29.49374035201404,29.97951889038086,2405423.0
2009-01-13,NOC,29.828098839940456,29.998437719947784,29.272923918275886,29.853334426879883,2924958.0
2009-01-14,NOC,29.487410985040047,29.802850357963997,29.23505788850101,29.468482971191406,2525844.0
2009-01-15,NOC,29.468494958757745,29.607290683331843,28.679892210150403,29.493730545043945,2366021.0
2009-01-16,NOC,29.94166262651552,30.90060172862495,29.657763570716533,30.679794311523438,4074931.0
2009-01-20,NOC,30.616695778632415,30.818577772035894,29.556814647347377,29.626211166381836,3171666.0
2009-01-21,NOC,29.847022296665767,30.38327448946091,29.31077276753807,30.26971435546875,2302822.0
2009-01-22,NOC,29.089954806905364,30.730245947293525,28.496926758390646,30.332792282104492,3763143.0
2009-01-23,NOC,29.966894899945945,30.074144823325465,29.140441331571225,29.72085189819336,2848921.0
2009-01-26,NOC,29.638835130267818,30.951069692520367,29.638835130267818,30.477909088134766,2488545.0
2009-01-27,NOC,30.686098836125478,30.98261299387717,30.21924579450898,30.86274528503418,1875816.0
2009-01-28,NOC,31.544100993603205,31.600879738775063,30.80596931536536,31.367454528808594,2009408.0
2009-01-29,NOC,31.096184420696968,31.348537723702933,30.37067033934772,30.566242218017578,1997565.0
2009-01-30,NOC,30.66716986368928,30.875359440620965,30.02367044899022,30.3580379486084,2452905.0
2009-02-02,NOC,29.455885010994272,30.02998809274501,28.862856566322012,29.40541648864746,2533038.0
2009-02-03,NOC,29.853340094986724,31.033089358226285,29.380179409204796,30.648250579833984,3703486.0
2009-02-04,NOC,29.689307728696914,30.749189131544266,29.689307728696914,30.225557327270508,2395351.0
2009-02-05,NOC,30.14354303266118,30.572542712039606,29.916425398656855,30.23186492919922,3695628.0
2009-02-06,NOC,30.225563648643085,30.75550312906438,28.957489706477407,29.134136199951172,4672496.0
2009-02-09,NOC,29.56943279936313,29.582050590584068,28.87546227321314,29.272918701171875,3480354.0
2009-02-10,NOC,28.8943879695862,29.27291904701929,27.828199248989904,28.099477767944336,3131046.0
2009-02-11,NOC,28.07424618772597,28.824995558440094,28.04270303663745,28.427541732788086,2865855.0
2009-02-12,NOC,28.62311977653775,29.380179540849124,27.840827084050648,29.24769401550293,3871278.0
2009-02-13,NOC,29.222460470533328,30.137238752441863,29.222460470533328,29.77132797241211,2324073.0
2009-02-17,NOC,29.02057089765985,29.146746169494197,28.11210041671614,28.383378982543945,3224128.0
2009-02-18,NOC,28.503245653052623,29.14043754500009,28.39599574360939,28.698820114135742,2616934.0
2009-02-19,NOC,28.869146215987776,29.26660256368492,28.534781475321843,28.679882049560547,3084007.0
2009-02-20,NOC,28.528484652250356,28.88177757374114,27.68310306865838,28.030088424682617,3486220.0
2009-02-23,NOC,28.04271215032969,28.08056554213854,26.65477043268245,26.68000602722168,3302712.0
2009-02-24,NOC,26.83772110293646,27.59477811354243,26.5222789060721,27.178396224975586,4092750.0
2009-02-25,NOC,27.102693830520973,27.102693830520973,25.676898953048124,25.85985565185547,5337244.0
2009-02-26,NOC,26.29945928785807,26.29945928785807,25.038003321879785,25.114456176757812,3708578.0
2009-02-27,NOC,24.64936101901564,24.64936101901564,23.77653675301642,23.802021026611328,4717654.0
2009-03-02,NOC,23.33694241476243,23.540813960310725,22.49597195313601,22.585166931152344,5417709.0
2009-03-03,NOC,22.80814521529746,22.86548617609395,22.260241400374376,22.44499969482422,4625346.0
2009-03-04,NOC,22.6106474639171,23.457987510035625,22.6106474639171,23.145809173583984,4634090.0
2009-03-05,NOC,22.744435057349758,22.76354691585254,22.126448203564276,22.29209327697754,4351854.0
2009-03-06,NOC,22.438628889573426,22.801775759264405,21.540318990576985,22.005401611328125,3527172.0
2009-03-09,NOC,22.120080492909082,22.68072782140056,21.731449331758153,21.884353637695312,3561372.0
2009-03-10,NOC,22.285730219720392,22.782666963541523,21.80790668623062,22.70621681213379,4050249.0
2009-03-11,NOC,22.8973443077243,23.04387756303275,22.05000281367527,22.24750328063965,3214388.0
2009-03-12,NOC,22.260240339563012,23.285970202712676,21.979916032075373,23.222259521484375,2857775.0
2009-03-13,NOC,23.368790266349205,23.496208925383037,22.706207321556768,23.298709869384766,2706032.0
2009-03-16,NOC,23.343302313537567,24.93605009470377,23.343302313537567,24.36903190612793,4107803.0
2009-03-17,NOC,24.490089568183325,24.490089568183325,23.770165527930555,24.458232879638672,3486331.0
2009-03-18,NOC,24.36903663363387,25.03798932514505,23.661854846136308,24.7321834564209,3382180.0
2009-03-19,NOC,25.01888128737051,25.03162342467276,24.470974763208105,24.725814819335938,2294079.0
2009-03-20,NOC,24.636619375674425,25.08895846686363,24.279842267070887,24.413633346557617,4342114.0
2009-03-23,NOC,24.916943941739117,26.04461097717285,24.738556711194633,26.04461097717285,4686995.0
2009-03-24,NOC,25.821626417330055,27.35066413758255,25.821626417330055,26.898324966430664,4977532.0
2009-03-25,NOC,26.91107658106446,27.841239526752453,26.828254000416525,27.68196678161621,6119978.0
2009-03-26,NOC,27.73293793296019,29.153669596274465,27.631003464293354,29.134557723999023,3801217.0
2009-03-27,NOC,28.835106260763745,29.12180033432723,28.56752404947092,28.68220329284668,3105811.0
2009-03-30,NOC,28.10881775468762,28.37003029110469,27.420750234475037,27.707447052001953,3118318.0
2009-03-31,NOC,27.98138861520553,28.465584396080615,27.650095774111126,27.803001403808594,3328058.0
2009-04-01,NOC,27.42072959667521,28.643960719712553,27.235972732559954,28.42734718322754,3327615.0
2009-04-02,NOC,28.994383955364547,29.644224983241276,28.771397864862294,29.089948654174805,3335584.0
2009-04-03,NOC,29.06446082258789,29.34478516012201,27.720180099127273,28.01961898803711,4983730.0
2009-04-06,NOC,27.834861170414115,30.58712810678091,27.71381220009373,30.542531967163086,6139679.0
2009-04-07,NOC,30.141167141012183,30.727300295193547,29.204631805419922,29.204631805419922,4700387.0
2009-04-08,NOC,29.25558930134977,29.453091083322843,28.497441551386586,28.707685470581055,4367239.0
2009-04-09,NOC,29.567761285646643,29.567761285646643,28.452839312486947,28.50380516052246,4399336.0
2009-04-13,NOC,28.567524011866333,28.949782776114457,28.064216280283993,28.675830841064453,1967349.0
2009-04-14,NOC,28.491064826804326,28.86058406039534,28.12792069573501,28.637598037719727,2045822.0
2009-04-15,NOC,28.790511760751894,30.134789927923926,28.66946278636904,29.051721572875977,1931157.0
2009-04-16,NOC,29.153657068418955,30.166645041929193,28.898819661300777,30.06471061706543,2054898.0
2009-04-17,NOC,30.166635119403775,30.74002582161163,29.91179779610767,30.459701538085938,4074377.0
2009-04-20,NOC,30.0710679430146,30.536151802566707,29.6187289074728,29.943649291992188,2739458.0
2009-04-21,NOC,29.867206047003602,30.548903714425773,29.765271631542888,30.504304885864258,3794023.0
2009-04-22,NOC,30.325910687531255,31.192365124894053,30.04558640193839,30.440589904785156,2841837.0
2009-04-23,NOC,30.59350790057581,31.166896199402817,30.459716759532572,31.135042190551758,2518982.0
2009-04-24,NOC,31.217865857336438,31.600124736590526,30.803750278199118,31.128673553466797,2314887.0
2009-04-27,NOC,30.892940793767423,31.65746113136934,30.669957376498754,31.084070205688477,2866519.0
2009-04-28,NOC,30.83559774530591,31.389874030230494,30.485192980934954,30.752775192260742,2729054.0
2009-04-29,NOC,30.873827025947723,31.115924983439868,30.759147771911564,30.982133865356445,3751522.0
2009-04-30,NOC,31.16688450265158,31.549145914993755,30.497931738407498,30.80373764038086,3166796.0
2009-05-01,NOC,30.797374141604326,31.434473037719727,30.740035859634972,31.434473037719727,2075042.0
2009-05-04,NOC,31.3580280851435,31.854966263614454,31.24335149237539,31.84222412109375,1895075.0
2009-05-05,NOC,31.803994116505383,31.98238409173151,31.593752823437153,31.823108673095703,1643719.0
2009-05-06,NOC,32.10979561129131,32.332781685355,31.682938015467354,31.988746643066406,2240841.0
2009-05-07,NOC,32.014225699926776,32.014225699926776,30.797366491918158,31.115917205810547,3293414.0
2009-05-08,NOC,31.32615912210495,32.1989860534668,31.319789398843913,32.1989860534668,2623243.0
2009-05-11,NOC,31.765771124847195,31.918674131550333,31.230606566509266,31.402624130249023,1619480.0
2009-05-12,NOC,31.479071751587387,31.631977435885062,30.848345218571584,31.472702026367188,2348091.0
2009-05-13,NOC,31.02672651223703,31.07769506384371,30.51067665201247,30.82285499572754,2098727.0
2009-05-14,NOC,30.93114615956468,31.211470361529496,30.822839387205075,31.109533309936523,1988268.0
2009-05-15,NOC,30.99488075127286,31.141411341215907,30.517054487823817,30.638103485107422,2197012.0
2009-05-18,NOC,29.465838269157377,30.478823557276996,29.4594658544963,30.389631271362305,4305257.0
2009-05-19,NOC,30.33866246415884,31.06495633449375,30.039226225490285,30.765520095825195,3246486.0
2009-05-20,NOC,31.064960115092966,31.64472079899592,30.96939540367317,31.326169967651367,3346431.0
2009-05-21,NOC,31.001234890289062,31.268817032899843,30.45970088258467,30.669944763183594,3599225.0
2009-05-22,NOC,30.829226487224982,31.013986152433247,30.529790264244266,30.599870681762695,1720089.0
2009-05-26,NOC,30.35778068100285,31.625606209841493,30.35778068100285,31.217863082885742,3035971.0
2009-05-27,NOC,30.975749476460447,31.217847340365026,30.56163683287352,30.574378967285156,2345656.0
2009-05-28,NOC,30.580830648028858,31.062974438254848,30.387973131938463,30.831544876098633,3150304.0
2009-05-29,NOC,30.86368648428987,30.86368648428987,29.937970962093473,30.612972259521484,2888655.0
2009-06-01,NOC,30.857244585880583,31.590104962459257,30.45867239860069,31.223674774169922,3262424.0
2009-06-02,NOC,31.210813727325615,31.36509910410054,30.786526905516777,31.037240982055664,3994466.0
2009-06-03,NOC,30.741533612213267,31.00510508147943,30.394388053435794,30.58081817626953,2519535.0
2009-06-04,NOC,30.6579435803995,31.0115162699209,30.632231621117445,30.972944259643555,2881904.0
2009-06-05,NOC,31.326527565908474,31.403671612607734,30.844384059630844,31.10152816772461,3213060.0
2009-06-08,NOC,31.0693847116989,31.50009883326552,30.786525934667242,31.307241439819336,2297288.0
2009-06-09,NOC,31.287954222711488,31.455096921439058,30.612950686716687,31.075809478759766,2163475.0
2009-06-10,NOC,31.204381029546898,31.416525779416325,30.465093489872693,30.792951583862305,2971776.0
2009-06-11,NOC,30.985824044926453,31.358684366833426,30.81225394428508,30.96653938293457,2513005.0
2009-06-12,NOC,30.760822588272013,31.512967785554483,30.72868058226641,31.320110321044922,2202546.0
2009-06-15,NOC,30.966536186278606,31.095106919507884,30.362249125896643,30.690107345581055,2535030.0
2009-06-16,NOC,30.722237262066677,30.94080932252152,30.07295110766442,30.117950439453125,2110459.0
2009-06-17,NOC,30.027958682333473,30.49081763091459,29.886530614692777,30.28510284423828,2050028.0
2009-06-18,NOC,30.3750910457708,30.60009039322386,30.066517642785183,30.452232360839844,1892750.0
2009-06-19,NOC,30.71581979042042,30.71581979042042,30.20153146661081,30.28510284423828,2786940.0
2009-06-22,NOC,30.124376318821714,30.227235031429508,29.854377626699577,29.982948303222656,2087327.0
2009-06-23,NOC,30.111524428799957,30.111524428799957,29.018663980758785,29.095808029174805,3527504.0
2009-06-24,NOC,29.19867342522395,29.494389658236827,28.79367382654061,28.85795783996582,5224350.0
2009-06-25,NOC,29.031532613432063,30.00868008312956,28.86438982442745,29.81582260131836,2985279.0
2009-06-26,NOC,29.674369910363723,29.93151393458519,29.475085259413337,29.545799255371094,2729718.0
2009-06-29,NOC,29.57794619368446,30.04723499860253,29.57794619368446,29.982948303222656,2372551.0
2009-06-30,NOC,29.86082678403132,29.88654148099505,29.26296686522126,29.365825653076172,3484339.0
2009-07-01,NOC,29.32080958507606,29.790098509372598,29.32080958507606,29.629383087158203,2736027.0
2009-07-02,NOC,29.269382922912122,29.340096948683048,28.56866455078125,28.56866455078125,2593470.0
2009-07-06,NOC,28.36937299364043,28.87723110848982,28.285801645622893,28.812944412231445,2613392.0
2009-07-07,NOC,28.69723307525609,28.973661817097003,27.784372781648607,27.790800094604492,2764139.0
2009-07-08,NOC,27.82938989203771,28.163678235204312,27.765103150229013,28.035104751586914,4161151.0
2009-07-09,NOC,28.157238968639387,28.157238968639387,27.707237352051337,27.874380111694336,1805534.0
2009-07-10,NOC,27.68151425348817,27.99008770497093,27.57222821858091,27.81651496887207,2187382.0
2009-07-13,NOC,27.829377107784058,28.485093430294064,27.630092371082412,28.452951431274414,2614056.0
2009-07-14,NOC,28.452952648068244,29.172955713645948,28.362951247031972,29.070096969604492,2899945.0
2009-07-15,NOC,29.26294651454678,29.71937799687348,29.070089135678536,29.58437728881836,2534588.0
2009-07-16,NOC,29.558660807602703,30.439376298354592,29.552230781106182,30.278663635253906,2209519.0
2009-07-17,NOC,30.175813674926758,30.317241728019294,29.84795551292711,30.175813674926758,1968345.0
2009-07-20,NOC,30.19509314962661,30.62580997758542,30.053665120805142,30.59366798400879,1595241.0
2009-07-21,NOC,30.812248511855014,30.812248511855014,29.880100585670387,30.28510284423828,2223132.0
2009-07-22,NOC,29.847949280113614,30.7158102167634,29.73223593615328,30.297950744628906,2687770.0
2009-07-23,NOC,29.88654185282319,29.89296917002476,29.05082504805919,29.738683700561523,3707028.0
2009-07-24,NOC,28.748670457197,29.12153074650812,28.022239967356573,28.215097427368164,5076370.0
2009-07-27,NOC,28.00939026838568,28.2151051295031,27.327958942734647,27.90653419494629,3107582.0
2009-07-28,NOC,27.73937755101935,28.285807802564655,27.585089446415527,28.18294906616211,3194355.0
2009-07-29,NOC,27.99009360903605,28.94795344477006,27.99009360903605,28.9029541015625,3207526.0
2009-07-30,NOC,29.211530685424805,29.629390342658183,29.037960592598125,29.211530685424805,2600111.0
2009-07-31,NOC,29.237246670281447,29.558677607645283,28.626532232071177,28.658674240112305,3093968.0
2009-08-03,NOC,28.928667429096752,29.680812456544786,28.607236584667962,29.629383087158203,3627227.0
2009-08-04,NOC,29.59724540658256,30.150103065436966,29.45581462013502,30.060104370117188,3208080.0
2009-08-05,NOC,29.99580819659363,30.11795157109818,29.60366339273829,30.015092849731445,3159270.0
2009-08-06,NOC,30.07938749998527,30.690104533908713,29.950816778534993,30.207958221435547,2398893.0
2009-08-07,NOC,30.30439614015883,31.223686984551694,30.09868129484988,30.960115432739258,2937576.0
2009-08-10,NOC,30.908668749465278,30.908668749465278,30.330093865427525,30.59366798400879,2240841.0
2009-08-11,NOC,30.33652141512841,30.70937882426667,29.944376640029823,29.976518630981445,2680797.0
2009-08-12,NOC,29.828671197436083,31.101531832537336,29.77724182690979,30.876529693603516,2777643.0
2009-08-13,NOC,30.9022583990879,30.992259838342175,30.49725870804027,30.812259674072266,2689873.0
2009-08-14,NOC,30.754375737598426,31.05009180236646,30.105089657437944,30.452232360839844,2385279.0
2009-08-17,NOC,30.19510241309685,30.207959757319355,29.67438675767983,30.060104370117188,2651245.0
2009-08-18,NOC,30.085808653242317,30.51009818988257,29.90580859437991,30.40081214904785,2682789.0
2009-08-19,NOC,30.182241087538962,30.84438466827705,30.182241087538962,30.78009796142578,3400664.0
2009-08-20,NOC,30.88938808898086,31.005104176608754,30.490815882293123,30.66438865661621,2582070.0
2009-08-21,NOC,31.06296000379502,32.142963220584264,30.72867452170576,32.11724853515625,3508024.0
2009-08-24,NOC,32.149394378637,32.20725106576411,31.538677363857655,31.860105514526367,2719646.0
2009-08-25,NOC,32.09152742392434,32.123672131391615,31.692955308072612,31.73152732849121,2360044.0
2009-08-26,NOC,31.80223826897457,31.866524963459977,31.223666161315794,31.435808181762695,3013060.0
2009-08-27,NOC,32.116808756160225,32.324348507894896,31.636872224549865,31.993581771850586,2339790.0
2009-08-28,NOC,32.20761463101152,32.20761463101152,31.507166751227235,31.688766479492188,1516215.0
2009-08-31,NOC,31.429334602244285,31.805499914315316,31.293136203078603,31.656330108642578,2128722.0
2009-09-01,NOC,31.610931555026273,32.045466827220665,31.299620537173748,31.656330108642578,3419923.0
2009-09-02,NOC,31.546071749289148,31.578498893547746,30.839139740909488,31.072622299194336,2511677.0
2009-09-03,NOC,31.130989560633637,31.36447209871683,30.78725145563105,31.09207534790039,2051245.0
2009-09-04,NOC,31.007767092982892,31.57850074768066,30.936425728435253,31.578500747680664,2696403.0
2009-09-08,NOC,31.727670548998454,31.766584767383534,31.42284661245703,31.578500747680664,2707582.0
2009-09-09,NOC,31.50716810317778,31.857393427256508,31.42934238318496,31.526626586914062,2555617.0
2009-09-10,NOC,31.403383101626403,31.656321351064584,31.22827053138366,31.636865615844727,1894632.0
2009-09-11,NOC,31.76658105510429,31.889808029764918,31.520127105783033,31.779552459716797,1979745.0
2009-09-14,NOC,31.67578001173845,32.01951808363742,31.53309457879116,31.961145401000977,2461096.0
2009-09-15,NOC,31.779561866267148,32.207612868547535,31.59796488625686,32.110328674316406,1952850.0
2009-09-16,NOC,32.25947684683318,32.39567517499137,31.682256403997172,32.33081817626953,2547316.0
2009-09-17,NOC,32.265977568466525,33.03776666121683,32.00006784609948,32.83022689819336,4816491.0
2009-09-18,NOC,32.895089802940326,33.71227759460087,32.77186278992704,33.6085090637207,4513558.0
2009-09-21,NOC,33.316646769443814,33.595527866681195,33.15450557772295,33.25827407836914,2398672.0
2009-09-22,NOC,33.36854415933389,33.42042705879992,33.00534743316729,33.27774429321289,2311566.0
2009-09-23,NOC,33.40096823427597,33.88090486288852,33.27774122506035,33.43339538574219,2861317.0
2009-09-24,NOC,33.44636819062056,33.46582667296653,33.06371573874528,33.09614562988281,2229109.0
2009-09-25,NOC,32.97292973620965,33.30369666447552,32.85618701771208,33.076698303222656,1358605.0
2009-09-28,NOC,33.08964833889486,33.718754625236954,33.08964833889486,33.59552764892578,1780520.0
2009-09-29,NOC,33.58905057256801,34.477579669968016,33.58905057256801,34.211669921875,3113448.0
2009-09-30,NOC,34.341368301156194,34.341368301156194,33.36203972017272,33.56309509277344,2394245.0
2009-10-01,NOC,33.38799081776418,33.51121780480475,32.42163339947138,32.480003356933594,3711345.0
2009-10-02,NOC,32.668095486883075,33.21288645569377,32.40867004245628,32.54486846923828,3734920.0
2009-10-05,NOC,32.71349255956174,32.90157661432509,32.40218149276675,32.732948303222656,2543885.0
2009-10-06,NOC,32.81724546490419,33.050727969257125,32.73293271865395,33.02478790283203,2121527.0
2009-10-07,NOC,32.972917045526245,33.07668557260061,32.57729320369691,32.70700454711914,2275152.0
2009-10-08,NOC,32.98587066055426,33.316637283092724,32.745901107938735,32.797786712646484,3836525.0
2009-10-09,NOC,32.59025707848708,33.23881912231445,32.59025707848708,33.23881912231445,1630659.0
2009-10-12,NOC,33.33611418363795,33.45934120390837,32.992375941653876,33.12857437133789,1176978.0
2009-10-13,NOC,33.02479458611411,33.16099023109256,32.81076777284601,32.99885177612305,2091312.0
2009-10-14,NOC,33.154505901067274,33.336102832706466,32.90805194444392,33.1739616394043,2804206.0
2009-10-15,NOC,33.15451798015381,33.271257929340365,32.86266536886998,33.1091194152832,2827117.0
2009-10-16,NOC,32.77185547011388,33.070195064103,32.57080278842623,32.94696807861328,3374875.0
2009-10-19,NOC,33.096140693666655,33.43987886789945,32.843199629115375,33.19990921020508,2861649.0
2009-10-20,NOC,33.05072957018138,33.05072957018138,32.07140096619378,32.29191207885742,4588046.0
2009-10-21,NOC,33.472312086783234,33.524197723621405,32.110330549685266,32.16221618652344,4788046.0
2009-10-22,NOC,32.05843426050769,32.48000081226417,32.000064307618516,32.421630859375,2421029.0
2009-10-23,NOC,32.53837016595933,32.59025578460153,32.013035122997955,32.207603454589844,2763918.0
2009-10-26,NOC,32.33082192134041,33.173952049127706,32.24650918239325,32.84318542480469,4515661.0
2009-10-27,NOC,32.95993993779995,33.199906840046125,32.791314399015256,33.01182556152344,4240730.0
2009-10-28,NOC,32.98587704076548,33.1934167614237,32.66159468693416,32.681053161621094,3426231.0
2009-10-29,NOC,32.681052364540086,32.8561622025546,32.36325435114463,32.80427932739258,3073713.0
2009-10-30,NOC,32.6291785857546,33.141542358896565,32.47352168886305,32.51243591308594,3463309.0
2009-11-02,NOC,32.5902560382318,32.96642129968249,32.4346019194102,32.78482437133789,2650249.0
2009-11-03,NOC,32.79780349609017,32.79780349609017,32.188155543749126,32.505950927734375,3494521.0
2009-11-04,NOC,32.629166286569,33.186928408570495,32.460540783481676,32.73942184448242,3035971.0
2009-11-05,NOC,32.94696031059312,33.582550827656625,32.90804610251079,33.56309509277344,3665191.0
2009-11-06,NOC,33.52418765687921,33.99763710506537,32.97290977680633,33.9652099609375,2778639.0
2009-11-09,NOC,34.73699996038506,35.11316524834644,34.516488802215186,34.976966857910156,3164029.0
2009-11-10,NOC,34.82131681534186,35.08722655543001,34.749975444910106,34.996429443359375,2735473.0
2009-11-11,NOC,35.17155428064857,35.625548248895726,35.10021287989737,35.55420684814453,2679469.0
2009-11-12,NOC,35.55419386746136,35.62553524216613,35.25585696066714,35.41799545288086,2306475.0
2009-11-13,NOC,35.46988109302142,35.99521627034421,35.2558569688574,35.846046447753906,2507692.0
2009-11-16,NOC,35.99520302182063,36.61782216065764,35.85900465733815,36.32596969604492,3043719.0
2009-11-17,NOC,36.26760593551352,36.42974713405372,36.09898040342365,36.33894729614258,1508688.0
2009-11-18,NOC,36.332457242264304,36.43622573093706,35.80712225142348,36.008174896240234,2137355.0
2009-11-19,NOC,36.04709299807271,36.079520140849574,35.13910561715662,35.34664535522461,2375872.0
2009-11-20,NOC,35.340169788162584,35.72281947812196,35.21694278140097,35.670936584472656,1947648.0
2009-11-23,NOC,35.852536310711585,36.403814346887536,35.852536310711585,36.3519287109375,1378417.0
2009-11-24,NOC,36.28057545072371,36.390831021856116,35.94332440411464,36.28705978393555,1433315.0
2009-11-25,NOC,36.58117725559599,36.62693017721094,36.313208078318354,36.53542709350586,1339790.0
2009-11-27,NOC,35.888387410592834,36.12367836659762,35.3524488926838,35.94721221923828,939015.0
2009-11-30,NOC,36.01255014961909,36.01255014961909,35.54197124116969,35.81647491455078,2206973.0
2009-12-01,NOC,35.888358803869146,36.29358378697315,35.888358803869146,36.11711502075195,3438628.0
2009-12-02,NOC,35.92759718052461,36.60079163598736,35.92759718052461,36.12367248535156,2279469.0
2009-12-03,NOC,36.273982593397434,36.55502632277076,35.868760280669015,35.88836669921875,2245379.0
2009-12-04,NOC,36.33934800010036,37.04522057883313,36.090985272794875,36.52888870239258,4654234.0
2009-12-07,NOC,36.44393010388412,36.84915256403413,36.44393010388412,36.6661491394043,1716547.0
2009-12-08,NOC,36.41123751863301,36.54849073352494,35.80993995395937,35.95372772216797,2569784.0
2009-12-09,NOC,35.88838613819649,36.11060521323763,35.22826622914661,35.555057525634766,2370780.0
2009-12-10,NOC,35.64000124259785,35.97332962288806,35.62692937908508,35.809932708740234,1928058.0
2009-12-11,NOC,35.99294723225241,36.31974116218143,35.95373162951799,36.0517692565918,2098284.0
2009-12-14,NOC,36.26746097580801,37.24130288810517,36.26746097580801,37.01254653930664,2598893.0
2009-12-15,NOC,37.012527324418855,37.012527324418855,36.358942432125254,36.47658920288086,1846375.0
2009-12-16,NOC,36.528893500783056,36.71189691348816,36.28053074085294,36.35895919799805,2022690.0
2009-12-17,NOC,36.26091815827458,36.41124326304003,36.07138020837436,36.21516799926758,2324294.0
2009-12-18,NOC,36.502739949229024,36.659599580877135,36.18248337320521,36.41777420043945,3495517.0
2009-12-21,NOC,36.594246559347106,37.01907813605167,36.594246559347106,36.738037109375,1398229.0
2009-12-22,NOC,36.94065291777034,37.11712178711553,36.60078980890933,36.67268371582031,1241395.0
2009-12-23,NOC,36.67921376902055,36.809932456018245,36.41124459996239,36.51581954956055,1344881.0
2009-12-24,NOC,36.55504014361734,36.79032829326892,36.55504014361734,36.62693405151367,257997.0
2009-12-28,NOC,36.574637810079075,37.14325714111328,36.574637810079075,37.14325714111328,1589153.0
2009-12-29,NOC,37.254366656414774,37.45697922074315,37.09750700761102,37.1497917175293,1158163.0
2009-12-30,NOC,36.953716444260394,37.36547612658586,36.92757270955486,37.14325714111328,869729.0
2009-12-31,NOC,37.28702815900807,37.31970919245951,36.46351192411712,36.50272750854492,953293.0
2010-01-04,NOC,36.6661419672108,37.169401976382396,36.6661419672108,37.15633010864258,1616159.0
2010-01-05,NOC,37.058294157212785,37.548482320825165,37.058294157212785,37.2216911315918,1859878.0
2010-01-06,NOC,37.12366446345074,37.39816826043436,36.98641118519618,37.3654899597168,2204981.0
2010-01-07,NOC,37.20208186844336,37.88181074161943,37.07136594493917,37.751094818115234,4750968.0
2010-01-08,NOC,37.49619349386261,37.973312531444044,37.35240570693373,37.54194641113281,1723741.0
2010-01-11,NOC,37.7445546459766,37.87527331910672,37.38508243415544,37.58115768432617,1523077.0
2010-01-12,NOC,37.41122565759086,37.63998195268059,37.123650099682955,37.6203727722168,1650581.0
2010-01-13,NOC,37.74455675800132,38.934082952423985,37.74455675800132,38.75107955932617,2729718.0
2010-01-14,NOC,38.718394720748904,39.10401065103991,38.28049408292088,38.75761032104492,2044383.0
2010-01-15,NOC,38.60074584532048,38.69878345402088,37.986376462861514,38.313167572021484,1846818.0
2010-01-19,NOC,38.30665330295346,38.96023862687697,38.01907487737896,38.522335052490234,2460210.0
2010-01-20,NOC,38.18899635333712,38.37199975410638,37.587698676659606,38.097496032714844,1858661.0
2010-01-21,NOC,38.00598142424492,38.1301627584428,36.97985246885544,37.04521179199219,2682125.0
2010-01-22,NOC,37.110584792273336,37.16286951052844,36.29360261029794,36.35895919799805,2182955.0
2010-01-25,NOC,36.764196510038644,36.764196510038644,36.182505026802424,36.40472412109375,2499170.0
2010-01-26,NOC,36.365486968316524,36.89489064308416,36.14326800559805,36.620384216308594,2079358.0
2010-01-27,NOC,36.50274707529671,37.228226117761956,36.332815544543536,37.08443832397461,3078915.0
2010-01-28,NOC,37.143262493707084,37.38508793529525,36.42431796427355,37.019081115722656,2672828.0
2010-01-29,NOC,37.228222214464814,37.293581550026595,36.80339067259983,36.9929313659668,2585833.0
2010-02-01,NOC,37.175927000516225,37.97330244966585,37.130176854917096,37.855655670166016,3725844.0
2010-02-02,NOC,37.82951102815821,38.038658093807356,37.34586033601714,38.02558898925781,3208412.0
2010-02-03,NOC,37.809928591884145,38.39815456968041,37.757641102428785,38.241294860839844,2173990.0
2010-02-04,NOC,37.992919248516785,39.470023770953055,37.16286529133451,37.842594146728516,6825235.0
2010-02-05,NOC,38.08442162132867,38.23474672034243,36.96678934915864,37.685733795166016,2839513.0
2010-02-08,NOC,37.751079186358425,38.37852032651561,37.36546337038394,37.88833236694336,2596015.0
2010-02-09,NOC,38.28050709712881,39.188989728316834,38.025609747833855,38.9210205078125,3011289.0
2010-02-10,NOC,38.86872983800649,38.888339022976375,38.1301788335332,38.260894775390625,2633204.0
2010-02-11,NOC,38.25435579414368,38.83604704918271,37.907955414845425,38.82950973510742,2117211.0
2010-02-12,NOC,38.45041987306536,38.59420762657589,38.064804000122486,38.4896354675293,2815385.0
2010-02-16,NOC,38.80990064528479,38.99290403394789,38.50271589297093,38.927547454833984,2635639.0
2010-02-17,NOC,39.03212315128146,39.182448263921714,38.822976008333,39.17591094970703,2161704.0
2010-02-18,NOC,39.032117088722835,40.20203399658203,38.99290148810016,40.20203399658203,3644272.0
2010-02-19,NOC,40.18244270540135,40.38505533847674,39.82950768595999,40.00597381591797,3061981.0
2010-02-22,NOC,40.01249344659648,40.55496898755036,39.986349714559644,40.30660629272461,1911898.0
2010-02-23,NOC,40.18242573686101,40.67261382339739,40.005956921898225,40.02556610107422,1949530.0
2010-02-24,NOC,40.17590013340221,40.52230055138762,39.98636215644606,40.3196907043457,2060985.0
2010-02-25,NOC,40.260439094130824,40.273602714319736,39.59568600071922,40.22753143310547,3060542.0
2010-02-26,NOC,40.24072037759919,40.425008397326316,39.72734442494136,40.3197021484375,3776536.0
2010-03-01,NOC,40.3131113880211,41.61629368919686,40.247293257993505,41.47149658203125,2709685.0
2010-03-02,NOC,41.43858443162031,41.90588615711579,41.33327543494821,41.40567398071289,2349640.0
2010-03-03,NOC,41.42542370542438,41.4846586307495,40.77383119016314,41.017356872558594,2759270.0
2010-03-04,NOC,40.99759534829865,41.662351250767486,40.8593787194904,41.51755142211914,3788157.0
2010-03-05,NOC,41.74134008765418,42.360024853422324,41.715012839843226,42.267879486083984,1525623.0
2010-03-08,NOC,42.22838592529297,42.41267386933968,41.958535820756516,42.22838592529297,1408522.0
2010-03-09,NOC,42.09673871095896,42.465314478555044,41.91903124709598,42.12306594848633,2027006.0
2010-03-10,NOC,42.03093983236835,42.59038693835277,41.97828533324162,42.48508071899414,1569673.0
2010-03-11,NOC,42.48506959897892,42.649610697340826,42.03751203133481,42.616703033447266,1440620.0
2010-03-12,NOC,42.603531086126964,42.76149173239764,42.02434019720546,42.12306594848633,2072053.0
2010-03-15,NOC,42.10993366115114,42.36662024968748,41.991461004129704,42.32712936401367,1925180.0
2010-03-16,NOC,42.40609009987262,42.708850627625566,42.31394474567565,42.537723541259766,1723630.0
2010-03-17,NOC,42.70227903186524,43.00503964189591,42.49166380107282,42.7154426574707,1645822.0
2010-03-18,NOC,42.801007211065944,42.847078513795765,42.60355559491511,42.814170837402344,1657333.0
2010-03-19,NOC,43.13666534423828,43.182736636106156,42.722018159638374,43.13666534423828,4805977.0
2010-03-22,NOC,42.95237927061825,43.02477781210853,42.649618701955674,42.741764068603516,2380631.0
2010-03-23,NOC,42.81416566194017,42.99187320655234,42.66936856863829,42.90631103515625,2372441.0
2010-03-24,NOC,42.87339752777724,43.0116141883017,42.603547408079066,42.741764068603516,1871610.0
2010-03-25,NOC,43.05768238507132,43.176152204270856,42.74175823571549,42.76808547973633,1736469.0
2010-03-26,NOC,42.79441298180938,43.228806952984165,42.79441298180938,43.13008117675781,1946763.0
2010-03-29,NOC,43.25513346301415,43.47891225584834,43.12349724435038,43.29462432861328,2234975.0
2010-03-30,NOC,43.40652633259645,43.40652633259645,43.011620340797634,43.25514602661133,1579081.0
2010-03-31,NOC,43.03794902622124,43.36045369802468,42.90631554383222,43.15642166137695,2179856.0
2010-04-01,NOC,43.472325735967914,43.840904341187986,43.301201443666095,43.60396194458008,1750747.0
2010-04-05,NOC,43.73560632095652,43.89356703193337,43.5644819858237,43.71586227416992,1528500.0
2010-04-06,NOC,43.571063572283165,43.571063572283165,43.13666952132267,43.261722564697266,1586608.0
2010-04-07,NOC,43.07085300428914,43.373613600354304,42.87340140821008,42.926055908203125,2221693.0
2010-04-08,NOC,42.89971946062791,42.958954370972855,42.54430721966394,42.84706497192383,1834975.0
2010-04-09,NOC,42.833914191022615,43.564485667284785,42.827330988940965,43.53815841674805,2007526.0
2010-04-12,NOC,43.538153407236884,43.85407759843246,43.505245737299795,43.584224700927734,1537244.0
2010-04-13,NOC,43.472345360013605,43.95939399395143,43.17616792527845,43.86066818237305,1967128.0
2010-04-14,NOC,43.99229146298493,44.00545508673375,43.33411861222802,43.99887466430664,1524848.0
2010-04-15,NOC,43.86066375557806,44.09760623523097,43.6632121523498,43.97913360595703,1462203.0
2010-04-16,NOC,43.95939616092031,43.98572341582505,43.06428060974095,43.41969299316406,1919424.0
2010-04-19,NOC,43.2288137381887,43.76851399189908,43.17615924156485,43.71586227416992,1492308.0
2010-04-20,NOC,43.84748410068165,44.49907637624686,43.74875833515891,44.3806037902832,1793470.0
2010-04-21,NOC,44.20949277025946,45.012462756119355,44.058112476648674,44.99930191040039,1666519.0
2010-04-22,NOC,44.729440485506835,45.46001178644756,44.61755108702423,45.4073600769043,2044715.0
2010-04-23,NOC,45.44026774273062,45.44026774273062,44.85449350609883,45.4073600769043,1265080.0
2010-04-26,NOC,45.4402765063223,45.8285992650994,45.31522346161263,45.36787796020508,1779081.0
2010-04-27,NOC,45.262548183087965,45.262548183087965,44.163401313507826,44.2160530090332,2209519.0
2010-04-28,NOC,45.7232949736942,45.94049341329441,44.591237031920706,45.19675827026367,3689098.0
2010-04-29,NOC,45.40077378116893,45.90756902948754,45.0190343238108,45.66404342651367,1983509.0
2010-04-30,NOC,45.61798366635919,45.8878338010361,44.60439569254956,44.64388656616211,2240730.0
2010-05-03,NOC,44.90057056625728,45.6640524100685,44.82817202479557,45.57190704345703,1511345.0
2010-05-04,NOC,45.071693196274076,45.071693196274076,43.58422052788751,43.873817443847656,2378307.0
2010-05-05,NOC,43.571065655187326,44.17000365167723,43.571065655187326,44.01862335205078,1734698.0
2010-05-06,NOC,43.83433118530857,43.91331292857338,39.714166931764076,42.49824142456055,2825235.0
2010-05-07,NOC,42.346852921383295,42.570631704978055,41.03050468356639,41.35959243774414,3095739.0
2010-05-10,NOC,42.86682206438046,43.0642736654306,41.945379406883184,42.70227813720703,3146431.0
2010-05-11,NOC,41.93878216906851,43.24196674609299,41.74133063409971,42.70884704589844,2089762.0
2010-05-12,NOC,42.70884826169793,43.36043778986507,42.66935739780118,43.27487564086914,1205645.0
2010-05-13,NOC,43.103753672660666,43.39993099955375,42.64303246008446,42.76808547973633,1004206.0
2010-05-14,NOC,42.399508102403615,42.643033727386566,41.326688160589754,41.6557731628418,1608522.0
2010-05-17,NOC,41.603134581044465,42.18232863039411,41.05685098973003,41.9058952331543,1649253.0
2010-05-18,NOC,42.234963459717505,42.50481352804887,41.35959236932384,41.366172790527344,1952850.0
2010-05-19,NOC,41.12924353537322,41.445164968468966,40.39866931618789,40.98444366455078,2178749.0
2010-05-20,NOC,40.227542455232516,40.45790170331489,39.27319223507193,39.5035514831543,2808965.0
2010-05-21,NOC,38.851973222547976,40.26704513265789,38.54262936209932,40.234134674072266,3357720.0
2010-05-24,NOC,40.023498307568865,40.46447543316275,39.60885120229789,39.65492248535156,2347095.0
2010-05-25,NOC,38.75980767876802,40.14197119063766,38.634754670503405,40.01691818237305,4478805.0
2010-05-26,NOC,40.352595025600266,40.59611789466459,39.54962232002575,39.60886001586914,3793802.0
2010-05-27,NOC,40.50438508441196,40.50438508441196,39.94053442669725,40.4844856262207,2480576.0
2010-05-28,NOC,40.570730142402454,40.710034782477194,39.98034487761668,40.12628173828125,2328058.0
2010-06-01,NOC,39.91401253938576,40.53756736990969,39.4695668929238,39.49610137939453,2247925.0
2010-06-02,NOC,39.734914710078364,40.378366297467004,39.57570776820242,40.34519958496094,2937576.0
2010-06-03,NOC,40.49775529454524,41.10803992515986,40.24568053823807,40.41815185546875,2052352.0
2010-06-04,NOC,39.55579136831008,39.74152992022056,38.50105843334149,38.63372802734375,2087991.0
2010-06-07,NOC,38.713332422516864,38.71996464203541,37.85097303823457,37.870872497558594,2549640.0
2010-06-08,NOC,37.63207411291104,38.116324282157194,37.366732053187086,38.063255310058594,2293747.0
2010-06-09,NOC,38.229069166551206,38.932224179553224,38.02342843604413,38.18263244628906,2078915.0
2010-06-10,NOC,38.746497343243675,39.25064683117527,38.63372721045731,39.171043395996094,1706032.0
2010-06-11,NOC,38.75976482644103,39.62875919659528,38.55412681875268,39.5955924987793,1794245.0
2010-06-14,NOC,39.913995065641686,40.27220767540735,39.549150237546364,39.628753662109375,2087991.0
2010-06-15,NOC,39.74816451506871,40.21251232298016,39.62876215340759,40.132911682128906,2984394.0
2010-06-16,NOC,40.07319757113757,40.643680316366186,40.020128627181165,40.517642974853516,2452905.0
2010-06-17,NOC,40.80953188849773,41.048339408813504,40.33854906751208,40.7962646484375,1945988.0
2010-06-18,NOC,40.836060976078265,41.23407252378964,40.756457546228766,41.18100357055664,2234975.0
2010-06-21,NOC,41.75811644721189,41.831084848807464,40.464576270889864,40.623783111572266,2195462.0
2010-06-22,NOC,40.51764338633154,40.90902265083332,39.88082445469019,39.96706008911133,2060985.0
2010-06-23,NOC,39.87419742272515,40.1461744173548,39.43638414448327,39.75479507446289,1773769.0
2010-06-24,NOC,39.62212678088364,39.84103202676666,38.938870963269544,39.05827331542969,2263088.0
2010-06-25,NOC,39.15114877706143,39.17768325873442,38.507694598413,38.87253952026367,2784283.0
2010-06-28,NOC,39.01183498615538,39.396582079281536,38.646990149993925,38.75312805175781,2411511.0
2010-06-29,NOC,38.2091591263504,38.37499812030032,36.62374596227439,36.829383850097656,3953957.0
2010-06-30,NOC,36.76308060982059,37.001885371758476,36.06655738493866,36.11299133300781,4194466.0
2010-07-01,NOC,36.04001851634767,36.15278866277652,35.48943502500497,35.920616149902344,3832651.0
2010-07-02,NOC,35.82775378947702,36.278834480008655,35.67518188519087,35.887454986572266,2573658.0
2010-07-06,NOC,36.252284859901536,36.31198603207647,35.53586239149812,35.90070724487305,2654123.0
2010-07-07,NOC,36.09972026565347,36.895746323923035,36.000217358465854,36.87584686279297,3101051.0
2010-07-08,NOC,37.373363569052565,37.3866308108326,36.80287777404853,37.26059341430664,2209186.0
2010-07-09,NOC,37.08811027689754,37.127909188811714,36.3584206133632,36.78296661376953,1803431.0
2010-07-12,NOC,36.10636302857287,36.35180283872527,35.92062441538062,36.18596649169922,2451577.0
2010-07-13,NOC,36.537531483395554,36.87584470899605,36.351792920878296,36.65693664550781,2503376.0
2010-07-14,NOC,37.04832468917449,38.142856860093644,37.04832468917449,37.80454635620117,3920310.0
2010-07-15,NOC,38.28878941157694,38.28878941157694,37.24732360703677,37.552467346191406,2350747.0
2010-07-16,NOC,37.413162425492175,37.51266533082802,36.17932303840541,36.31199264526367,2268290.0
2010-07-19,NOC,36.54416726787121,36.94881390233605,36.48446608595123,36.80950927734375,2388379.0
2010-07-20,NOC,36.35180052675145,37.38663427850166,36.13952743935098,37.36009979248047,2036082.0
2010-07-21,NOC,37.83769393406297,38.003532979246806,36.86256471757931,37.16770553588867,1738351.0
2010-07-22,NOC,37.59226243874107,38.46125682427006,37.51266180242071,38.40818786621094,3335916.0
2010-07-23,NOC,38.37501111228912,38.7995570639804,38.31530995050045,38.587284088134766,3015717.0
2010-07-26,NOC,38.75977438486525,39.17105330243441,38.47453287115411,39.16442108154297,2072939.0
2010-07-27,NOC,39.40321913246493,39.40321913246493,38.48779082050168,38.5673942565918,1712341.0
2010-07-28,NOC,38.57402272021162,38.99193651784312,38.34185025537279,38.73322677612305,1829109.0
2010-07-29,NOC,39.462923517977565,39.801233947717016,38.34848932593985,38.76640319824219,2725512.0
2010-07-30,NOC,38.46788490581523,39.05163493686742,37.94383324065905,38.89906311035156,2565468.0
2010-08-02,NOC,39.456286039529026,39.456286039529026,38.640360664693496,39.27717971801758,1829330.0
2010-08-03,NOC,39.09806795702798,39.40321160296237,38.86589551394972,39.084800720214844,1477144.0
2010-08-04,NOC,39.07154457570891,39.49609347348982,39.01847841415877,39.482826232910156,1754178.0
2010-08-05,NOC,39.263911830702845,39.58232275248867,39.151141704349044,39.4761848449707,2218926.0
2010-08-06,NOC,39.15115131024033,39.90074066331244,39.117984606387424,39.8078727722168,2632651.0
2010-08-09,NOC,39.95379316072011,39.96706039694613,39.51597996679657,39.867557525634766,2237299.0
2010-08-10,NOC,39.31035704280869,39.58233410846836,38.74650624927363,39.237388610839844,2411732.0
2010-08-11,NOC,38.19589516228591,38.53420539451664,37.565708611826636,37.76471710205078,2402214.0
2010-08-12,NOC,37.227416461442395,37.80453436148899,37.220784242263676,37.499393463134766,2226453.0
2010-08-13,NOC,37.37335664549295,37.705032027012145,37.32692270824928,37.52592849731445,2411179.0
2010-08-16,NOC,37.30039978027344,37.49277060886408,36.89575305679247,37.30039978027344,2136469.0
2010-08-17,NOC,37.65196221323071,38.613824367206256,37.399887491361476,38.15610885620117,2099281.0
2010-08-18,NOC,37.97700796263227,38.70006268263088,37.97700796263227,38.62709426879883,2851799.0
2010-08-19,NOC,38.44136411141128,38.64036993828797,37.69177194920197,37.85097885131836,2593470.0
2010-08-20,NOC,37.92394431483443,38.12958514693275,37.459596488185056,38.05661392211914,2205866.0
2010-08-23,NOC,38.26888284993884,38.42145470237294,37.38662403492545,37.466224670410156,2134698.0
2010-08-24,NOC,37.02177112634927,37.108006763208635,36.444653340564,36.70999526977539,2214610.0
2010-08-25,NOC,36.504370660507945,36.85594838217975,35.93388764087195,36.69010925292969,2858993.0
2010-08-26,NOC,36.92427575760155,37.23203191458036,36.4559482233058,36.54292297363281,2750747.0
2010-08-27,NOC,36.82388828972885,37.16509793499319,36.2016818013597,37.118263244628906,1937023.0
2010-08-30,NOC,37.06476936112634,37.191886938842934,36.295372009277344,36.295372009277344,2311455.0
2010-08-31,NOC,36.14818025778078,36.45593916304607,35.80028134293477,36.20839309692383,3348976.0
2010-09-01,NOC,36.73024188951637,37.94789366131098,36.47600678003082,37.847537994384766,2832429.0
2010-09-02,NOC,37.99472774336468,38.59017271968681,37.90106113060594,38.58348083496094,2582402.0
2010-09-03,NOC,38.91799633884774,39.12539954081619,38.34262427011522,38.683834075927734,2256890.0
2010-09-07,NOC,38.29578085749601,38.4095174335943,37.814072673459634,37.82745361328125,2257665.0
2010-09-08,NOC,37.747203006716326,38.15531495756764,37.747203006716326,38.034889221191406,1987936.0
2010-09-09,NOC,38.576794916984156,38.5834839774829,37.97466083166586,38.19544219970703,1984062.0
2010-09-10,NOC,38.302487762904065,39.39971113477819,38.28910681783414,39.29266357421875,2756613.0
2010-09-13,NOC,39.881400415084705,40.122254486265874,39.26588571085313,39.346168518066406,2383841.0
2010-09-14,NOC,39.34617470807548,39.34617470807548,38.93806025177447,39.0317268371582,1662424.0
2010-09-15,NOC,38.931391185322,39.19231542714931,38.67046694349469,38.797584533691406,2242391.0
2010-09-16,NOC,38.73736536443429,38.897936721641265,38.529964931867084,38.650390625,1639292.0
2010-09-17,NOC,38.964832355985756,39.65394392445966,38.804263849401444,39.413089752197266,3020476.0
2010-09-20,NOC,39.51345440617299,40.10220761402952,39.29267018774398,39.97509002685547,2148644.0
2010-09-21,NOC,39.87472432775325,40.18917509852571,39.73422865328698,39.86134338378906,1901051.0
2010-09-22,NOC,39.87472860277461,40.24270036408275,39.51344872655189,39.520137786865234,1613614.0
2010-09-23,NOC,39.245831637427294,40.0152260914339,39.205688802259886,39.50675582885742,2044936.0
2010-09-24,NOC,40.00184218244664,40.55045523954111,39.87472462622127,40.36312484741211,2458329.0
2010-09-27,NOC,40.33635610048045,40.550448344333844,40.27614327481541,40.322975158691406,3070836.0
2010-09-28,NOC,40.36981350900289,40.56383578363687,39.854654229534766,40.49024200439453,2525512.0
2010-09-29,NOC,40.25608073425574,40.58390965468317,40.062061265904035,40.276153564453125,2848257.0
2010-09-30,NOC,40.67088751857048,41.30647540295223,40.18249004280845,40.5638427734375,2843940.0
2010-10-01,NOC,40.97863980005649,41.14590018847488,40.27615012337978,40.36312484741211,3124958.0
2010-10-04,NOC,40.23601903184933,40.610679925431455,40.03530763708944,40.215946197509766,2381516.0
2010-10-05,NOC,40.65079432704398,41.68780435758316,40.65079432704398,41.51385498046875,2824128.0
2010-10-06,NOC,41.57409364644824,41.935373563961036,41.393452275305634,41.53395080566406,2775097.0
2010-10-07,NOC,41.88184797084215,41.92867986752673,41.28640296030296,41.57408905029297,2696182.0
2010-10-08,NOC,41.64098753034515,42.04909924337483,41.5071780959324,41.6744384765625,1719314.0
2010-10-11,NOC,41.647682471838415,41.74803814943599,41.42690111103259,41.48711395263672,1273824.0
2010-10-12,NOC,41.46704513920247,41.560708934441266,40.791314442482445,41.319854736328125,1877587.0
2010-10-13,NOC,41.58076962767505,41.84169375581026,41.33322361657837,41.60752868652344,1886442.0
2010-10-14,NOC,41.61422235226617,41.86176554919447,41.132514076021096,41.366676330566406,1810072.0
2010-10-15,NOC,41.86845177038409,42.0424011730663,41.25293415355307,41.3934326171875,2041173.0
2010-10-18,NOC,41.513851691577464,41.513851691577464,40.7645276632874,41.226165771484375,2344106.0
2010-10-19,NOC,40.67088501544486,41.10576150426168,40.21593852089217,40.430030822753906,2851577.0
2010-10-20,NOC,40.57052569439071,41.07230686522563,40.57052569439071,40.91173553466797,1984505.0
2010-10-21,NOC,41.06561757906814,41.68113540227432,41.012093798828985,41.2930908203125,1704372.0
2010-10-22,NOC,41.313172744728696,41.52726508804231,41.092388515026066,41.41352844238281,1282125.0
2010-10-25,NOC,41.574097160382195,41.63431001426158,40.71103589727794,40.75117874145508,2774654.0
2010-10-26,NOC,40.624051954035224,41.186045995790344,40.38319776825046,41.04554748535156,2655562.0
2010-10-27,NOC,41.08569707029066,41.20612277058141,40.637439575269575,41.06562423706055,2734588.0
2010-10-28,NOC,41.51386984634334,41.88184155263583,41.065612479661766,41.640987396240234,2440620.0
2010-10-29,NOC,41.714593415531745,42.30334662353231,41.62092678425387,42.29665756225586,1973547.0
2010-11-01,NOC,42.3903059716782,43.139627400708626,42.18959184807582,42.49066162109375,1736469.0
2010-11-02,NOC,42.82518839645525,43.27344579501682,42.82518839645525,43.21323013305664,1724073.0
2010-11-03,NOC,43.11288123365447,43.32028449126341,42.47060427830918,43.005836486816406,1598450.0
2010-11-04,NOC,43.30690247731192,43.79529994881463,43.05266732577641,43.668182373046875,2213614.0
2010-11-05,NOC,43.63472973774369,43.882275819060176,43.56113594929927,43.71501541137695,1043940.0
2010-11-08,NOC,43.35373270479941,43.882275819060176,42.71814767523857,43.71501541137695,1232761.0
2010-11-09,NOC,43.915723716731854,43.94248560608188,43.280135906598474,43.674869537353516,1387936.0
2010-11-10,NOC,43.53435277394982,43.77520685232284,43.26004776030332,43.634708404541016,1413392.0
2010-11-11,NOC,43.286832942085624,43.31359483462009,42.671315063337424,42.86533737182617,1624128.0
2010-11-12,NOC,42.477295166808716,42.55088895817715,41.91530107859114,42.08256149291992,1353293.0
2010-11-15,NOC,42.14947320017325,42.53082316627353,41.86178422299155,42.15616226196289,1186054.0
2010-11-16,NOC,41.955449774669546,42.02904357631288,41.15929325505302,41.41352844238281,1691976.0
2010-11-17,NOC,41.66104248037007,41.694496239271764,41.212788098977505,41.51385498046875,1273271.0
2010-11-18,NOC,41.88185249176133,42.41039283210983,41.88185249176133,42.1963005065918,1341229.0
2010-11-19,NOC,42.256505312448056,42.397003815698554,41.808250738775776,42.32341003417969,1147316.0
2010-11-22,NOC,42.05579304015742,42.25650437613311,41.19273203564449,41.66775131225586,1993691.0
2010-11-23,NOC,41.099075866424954,41.279714407406594,40.57722460134255,41.005409240722656,2256226.0
2010-11-24,NOC,41.4166811075922,42.01672764366259,41.28183759015975,41.935821533203125,1590039.0
2010-11-26,NOC,41.645899938733145,42.009971635053454,41.56499385217274,41.639156341552734,682346.0
2010-11-29,NOC,41.234636216109116,41.47060805841442,40.6750428379497,41.275089263916016,2018041.0
2010-11-30,NOC,40.964945101275624,41.780738130020254,40.90426696319889,41.5852165222168,3243830.0
2010-12-01,NOC,42.27292162190991,42.80554920791941,42.15156531146815,42.711158752441406,2432540.0
2010-12-02,NOC,42.79206438933423,43.2774953189973,42.70441753350636,43.169620513916016,1918318.0
2010-12-03,NOC,43.0886990351391,43.183089455904714,42.407749534145516,42.61675262451172,3168788.0
2010-12-06,NOC,42.623506403113346,43.13590597361956,42.48192216144184,42.960609436035156,1798229.0
2010-12-07,NOC,43.2370257181559,43.43254445762906,43.10218226341551,43.40557861328125,1951522.0
2010-12-08,NOC,43.412330202500065,43.49323629554603,43.21680856760613,43.39210510253906,1854787.0
2010-12-09,NOC,43.5674043073815,43.5674043073815,42.765095412857285,42.886451721191406,2443608.0
2010-12-10,NOC,43.10894198917928,43.371882554405,43.007810783584674,43.257266998291016,1694632.0
2010-12-13,NOC,43.35839431873682,43.39884736667012,42.953869532606014,43.149391174316406,2080686.0
2010-12-14,NOC,43.29770860083245,43.73594560692895,43.203318172156095,43.62807083129883,1397233.0
2010-12-15,NOC,43.473010415221154,43.53369141119023,42.886448329261505,42.980838775634766,2192142.0
2010-12-16,NOC,43.0482605181591,43.53369140625,42.899932673875085,43.53369140625,1142667.0
2010-12-17,NOC,43.49995821390204,43.57412067711931,43.17633967502673,43.23027420043945,2309131.0
2010-12-20,NOC,43.3988296674401,43.439282698875544,43.02801448251508,43.20330810546875,1334588.0
2010-12-21,NOC,43.3853723827109,43.71573474224463,43.264016059315594,43.48650360107422,2098949.0
2010-12-22,NOC,43.567404398315745,43.93147617067935,43.425820140562855,43.911251068115234,1867405.0
2010-12-23,NOC,43.87754600338251,44.1067771395087,43.64157126799293,43.74270248413086,1621029.0
2010-12-27,NOC,43.628057729502,43.66851075821498,43.4729892094021,43.58086395263672,1014388.0
2010-12-28,NOC,43.63482127265635,43.891018211763914,43.493237030733134,43.695499420166016,1100387.0
2010-12-29,NOC,43.823608595681854,43.93822416374495,43.594377459555666,43.74270248413086,1368456.0
2010-12-30,NOC,43.66853528144191,43.796635187671065,43.419076220921355,43.446044921875,1249585.0
2010-12-31,NOC,43.432562238662236,43.74944306373114,43.27075287333024,43.67527770996094,1192916.0
2011-01-03,NOC,43.924720764160156,44.12023951238722,43.769652207566004,43.924720764160156,1819590.0
2011-01-04,NOC,43.91799065954073,44.07980286218309,43.62134064789894,44.06631851196289,2130603.0
2011-01-05,NOC,43.924728359297596,44.32925311837731,43.68201293452959,44.2955436706543,1900498.0
2011-01-06,NOC,44.37643814859698,45.61698372420424,44.34272870753277,45.306846618652344,2467072.0
2011-01-07,NOC,45.71811625539467,46.35187198451591,45.4551757754232,45.88666915893555,2821029.0
2011-01-10,NOC,45.5832712972605,45.63720583011025,45.010193757105775,45.12480926513672,1683564.0
2011-01-11,NOC,45.29336047591346,45.4619133677479,44.767479552494315,44.78096389770508,1508467.0
2011-01-12,NOC,44.8955888515898,45.46192292975833,44.8955888515898,45.11807632446289,1998008.0
2011-01-13,NOC,45.44170584141747,45.4888996446006,44.65288130472165,44.8484001159668,1734698.0
2011-01-14,NOC,44.81468026888814,45.35404846754197,44.69332398982139,45.32707977294922,1722634.0
2011-01-18,NOC,45.13156181964251,47.08676956333709,45.08436802357912,46.73617935180664,3841284.0
2011-01-19,NOC,46.736168919594775,46.891237468161876,46.237253833744184,46.473228454589844,1477034.0
2011-01-20,NOC,46.50695105319979,47.19464432233949,46.25749486299465,47.18115997314453,2301051.0
2011-01-21,NOC,47.4306221303778,47.4306221303778,46.70921651748941,46.877769470214844,1996901.0
2011-01-24,NOC,46.850787664243384,47.00585622350862,46.16309454223269,46.459747314453125,2010404.0
2011-01-25,NOC,46.41256968789118,46.88451627988737,46.21704802160942,46.864288330078125,2092861.0
2011-01-26,NOC,46.9451865900052,46.951927341080726,46.061971709852365,46.392333984375,2078694.0
2011-01-27,NOC,46.54741067652678,47.11374772951922,46.291210852230336,46.66876983642578,1312120.0
2011-01-28,NOC,46.7294364022257,47.039570707394,45.39450305406453,45.563053131103516,2125180.0
2011-01-31,NOC,45.852977977895684,46.76315889561682,45.751843918214014,46.72270584106445,2554953.0
2011-02-01,NOC,47.039568818357786,47.41038409683354,46.89798744251491,47.37667465209961,1640841.0
2011-02-02,NOC,47.26205634831606,47.430609255287614,46.97214717014927,47.113731384277344,1196458.0
2011-02-03,NOC,47.04631405902826,47.19463903696067,46.62156137685717,47.05305480957031,1001660.0
2011-02-04,NOC,46.99237094707398,47.026083235482034,46.64178364315305,46.90472412109375,1004981.0
2011-02-07,NOC,47.04631482605348,47.632876843404894,46.97215233587816,47.43061447143555,1445932.0
2011-02-08,NOC,47.423875122194424,47.96324054689294,47.15419098654464,47.92953109741211,1316657.0
2011-02-09,NOC,48.48237106387036,48.88015496561116,47.59241284677902,48.45540237426758,2190481.0
2011-02-10,NOC,48.091349720867356,48.32732159200576,47.49130322158212,47.97673416137695,1684449.0
2011-02-11,NOC,47.83513161146428,47.976715818656636,47.46431637293196,47.53847885131836,1804206.0
2011-02-14,NOC,47.47104802956282,47.65308238165456,46.22375917006238,46.31814956665039,3049806.0
2011-02-15,NOC,46.00128789686522,46.73617485021522,45.940609758256635,46.61481857299805,1864970.0
2011-02-16,NOC,46.72944076611085,46.88450935647664,45.374279346463105,46.21030044555664,2846818.0
2011-02-17,NOC,46.0350090158531,46.9114804126316,45.90016835734922,46.45301818847656,1432097.0
2011-02-18,NOC,46.453012622697116,46.81708719625815,46.36536577818083,46.59459686279297,1624460.0
2011-02-22,NOC,46.20355965611361,46.28446575511804,45.266410152350915,45.54957580566406,1741339.0
2011-02-23,NOC,45.522601072669104,45.900159971382266,44.72029232697974,45.11807632446289,2607194.0
2011-02-24,NOC,45.09771744128359,45.93286051612599,44.574902315792784,45.49152374267578,2689873.0
2011-02-25,NOC,45.63411668431891,45.892128640086966,45.02982597739938,45.1452522277832,2034754.0
2011-02-28,NOC,45.16561223013263,45.885329057477065,44.86686401254459,45.27425003051758,2418262.0
2011-03-01,NOC,45.498303734491714,45.96679987174131,44.58168534432744,44.71747970581055,1886995.0
2011-03-02,NOC,44.69710894158386,45.28102838857572,44.64279005347263,45.11128616333008,1686774.0
2011-03-03,NOC,45.403253626767594,46.10259939684673,45.37609417808208,45.837799072265625,1878473.0
2011-03-04,NOC,45.85816363479693,45.966801421032855,44.71069278472199,45.28103256225586,1400885.0
2011-03-07,NOC,45.34213376548157,45.66125289921128,44.40514451180814,44.669944763183594,1502048.0
2011-03-08,NOC,44.60884468312803,45.61372983585973,44.60884468312803,45.41682815551758,1881793.0
2011-03-09,NOC,45.33533978491449,45.783464804309176,45.016220670098136,45.69519805908203,1133592.0
2011-03-10,NOC,45.61372477759362,45.82420902411852,44.99585749277128,45.023014068603516,2007194.0
2011-03-11,NOC,45.10449706788383,45.32856105889893,44.62242407923119,44.880435943603516,1560044.0
2011-03-14,NOC,44.561304382339955,45.05695985462169,44.37119117199572,45.02980041503906,2156945.0
2011-03-15,NOC,43.89593327998004,45.21994099392679,43.57002554120713,44.900821685791016,2893193.0
2011-03-16,NOC,44.812551401000206,44.812551401000206,43.86198198117746,44.09283447265625,2815385.0
2011-03-17,NOC,44.934742777426464,45.586563599757056,44.77178900521092,45.12485885620117,4624903.0
2011-03-18,NOC,45.73594915040571,45.831007213691336,44.80574813611139,45.45756912231445,3354842.0
2011-03-21,NOC,46.055062096902255,46.55750605831121,45.953215619145595,46.319862365722656,2300387.0
2011-03-22,NOC,46.2248047317464,46.50318470729336,46.048271228557326,46.15690612792969,2379856.0
2011-03-23,NOC,45.89889798584247,46.15012140677037,45.6069382660878,46.01432418823242,3234754.0
2011-03-24,NOC,46.15692490600821,46.340249777528435,45.80385775599131,46.20445251464844,1402878.0
2011-03-25,NOC,46.23840047699579,46.48283266871257,45.72916507199022,46.45567321777344,1822025.0
2011-03-28,NOC,46.55751157264453,46.666146490642376,46.10259514917857,46.1093864440918,1872939.0
2011-03-29,NOC,46.136538698651556,46.45565784145829,45.769889099065715,46.313072204589844,1755506.0
2011-03-30,NOC,46.44208476389463,46.618618295085554,45.878533429661026,46.57109069824219,2970891.0
2011-03-31,NOC,47.02871501216163,47.67500045528746,46.76568916663865,47.126407623291016,3848200.0
2011-04-01,NOC,47.20154171716024,47.75764805808734,47.09632969764148,47.321781158447266,2113100.0
2011-04-04,NOC,47.44954227873154,47.502146863957506,46.24714766394538,47.02870559692383,2196700.0
2011-04-05,NOC,47.01368195801075,47.29924892771893,46.63793322938235,46.75065612792969,1506800.0
2011-04-06,NOC,46.99112979475017,46.99112979475017,46.32981417086312,46.86337661743164,3526500.0
2011-04-07,NOC,46.6830040319887,47.178992056258245,46.570281174997675,46.998634338378906,2629900.0
2011-04-08,NOC,47.14894219856185,47.194030202172186,46.73561638723561,46.87840270996094,2125600.0
2011-04-11,NOC,47.028690493964625,47.62988760828715,46.968569349165385,47.30674362182617,1728700.0
2011-04-12,NOC,47.028717734655686,47.47961511488974,46.95356626012625,47.22410583496094,2020700.0
2011-04-13,NOC,47.321793590135684,47.344337595444934,46.05927769158501,46.2396354675293,3002300.0
2011-04-14,NOC,45.90898032890738,46.08934098217496,45.4280224091743,46.05928039550781,2672600.0
2011-04-15,NOC,46.187033588740206,46.48763372194105,45.811284855606814,46.05928039550781,1500700.0
2011-04-18,NOC,45.60837644497164,45.66849761336171,44.99214880264894,45.40547180175781,2126700.0
2011-04-19,NOC,45.38291541805883,45.69854573254324,45.28521997944052,45.55575942993164,1530600.0
2011-04-20,NOC,46.202054481512775,46.713072883938,45.818792113061235,46.46508026123047,1831500.0
2011-04-21,NOC,46.51016855637987,46.5327125585667,45.991636438939366,46.39744567871094,1060800.0
2011-04-25,NOC,46.404952602682194,46.404952602682194,45.93902513632064,46.19453430175781,684500.0
2011-04-26,NOC,46.450045036866726,47.11136053832936,46.38241017117914,46.961063385009766,1600000.0
2011-04-27,NOC,47.2691764831543,48.09582228193123,46.7957324298809,47.2691764831543,2271900.0
2011-04-28,NOC,47.006147625434615,47.494621934865435,46.96857334010937,47.411956787109375,2160600.0
2011-04-29,NOC,47.163982657057865,47.96808763340786,47.00616886733589,47.802757263183594,1665600.0
2011-05-02,NOC,48.035712685142606,48.30625220924612,47.62990626572243,48.22358703613281,2782500.0
2011-05-03,NOC,48.59181945801082,49.06526070551058,48.35133481150606,48.88490295410156,2791600.0
2011-05-04,NOC,48.9825865111977,49.260642532354176,48.33629847653988,48.44902420043945,2493600.0
2011-05-05,NOC,48.246136192428445,48.65946210212827,48.035717814207,48.20856475830078,2032300.0
2011-05-06,NOC,48.5993513955856,48.96007278842891,48.28372376026772,48.43402099609375,2019400.0
2011-05-09,NOC,48.53169527590707,49.04271365098623,48.140913483127555,48.70453643798828,1264900.0
2011-05-10,NOC,48.84734973571105,49.11788936215586,48.682019326942296,48.86237716674805,1393000.0
2011-05-11,NOC,48.86236868589247,49.14794142728085,48.5617742495467,48.83982467651367,1549900.0
2011-05-12,NOC,48.77969879551959,49.38840985243136,48.72708847359375,49.11787033081055,1634200.0
2011-05-13,NOC,49.1103470899938,49.34331515024299,48.591817855113874,48.74211502075195,1455200.0
2011-05-16,NOC,48.60684299785506,48.86986589211642,48.351330948094684,48.68199157714844,1544900.0
2011-05-17,NOC,48.554229630365654,48.975066185009624,48.23108563777316,48.501625061035156,1994500.0
2011-05-18,NOC,48.50915164895214,48.82477913007424,48.38890933225654,48.61436080932617,1791400.0
2011-05-19,NOC,48.72709039257939,49.140416270630624,48.599337206080044,48.96757507324219,2225100.0
2011-05-20,NOC,48.794716924488505,48.88489865900429,48.38890771937102,48.47157287597656,1896800.0
2011-05-23,NOC,48.12589158790781,49.19301646230987,47.99813554609726,48.952537536621094,3810400.0
2011-05-24,NOC,48.99762531376291,49.44101173517057,48.832300711571214,49.29822540283203,3284400.0
2011-05-25,NOC,48.99761924397536,49.14040555862564,48.58429918949317,48.787200927734375,3047900.0
2011-05-26,NOC,48.522152843624305,48.885673935578765,48.21921956332421,48.74177932739258,2586000.0
2011-05-27,NOC,48.802365456327124,49.18859974186983,48.77964647223303,49.14316177368164,1373100.0
2011-05-31,NOC,49.370343596508,49.597539125343374,49.01439757889974,49.446075439453125,2709100.0
2011-06-01,NOC,49.22645927877987,49.35520401633454,48.234355751742086,48.2797966003418,2232600.0
2011-06-02,NOC,48.23435831772569,48.61302629823062,48.06774764196715,48.317665100097656,1899900.0
2011-06-03,NOC,47.83296937935786,48.552433557854236,47.62848990405983,48.09046173095703,1619900.0
2011-06-06,NOC,47.916280405008024,48.36310532275512,47.75724176199262,47.840545654296875,2625700.0
2011-06-07,NOC,48.045023546213095,48.50699828768836,47.93142575741103,47.96929168701172,1618100.0
2011-06-08,NOC,47.9162712556813,48.098028844711855,47.68907282490072,47.810245513916016,1484100.0
2011-06-09,NOC,47.840534842841855,48.50698894254704,47.68907115361943,48.20405578613281,1868100.0
2011-06-10,NOC,47.93142920872889,48.067748876295305,47.33313765540803,47.3407096862793,2333300.0
2011-06-13,NOC,47.63606616769205,48.27222359024927,47.50731854376545,48.113182067871094,1772100.0
2011-06-14,NOC,48.59029896007737,48.96138906811023,48.446404401098,48.825069427490234,2122300.0
2011-06-15,NOC,48.35552611246276,48.87808573455275,48.04502088456245,48.09046173095703,2206000.0
2011-06-16,NOC,48.204072587449595,49.09772253246616,48.01474002094584,49.0144157409668,2673800.0
2011-06-17,NOC,49.36278176272474,49.77174075658856,48.90080988695103,48.99169158935547,2707700.0
2011-06-20,NOC,48.870519998438695,49.85505163241952,48.870519998438695,49.779319763183594,1655800.0
2011-06-21,NOC,49.93077898361715,50.680534243761585,49.862616262892715,50.400325775146484,3084800.0
2011-06-22,NOC,50.07467874046665,50.97589781849201,50.07467874046665,50.37003707885742,2590200.0
2011-06-23,NOC,49.80201984582399,50.24126683188252,49.309754215653,50.11252212524414,2404700.0
2011-06-24,NOC,50.21098873730478,50.491197180846726,49.506671502018726,50.24885177612305,3060400.0
2011-06-27,NOC,50.301857604033636,50.90014900203751,50.142818996154546,50.71839141845703,2020600.0
2011-06-28,NOC,50.809272851359175,51.62719073344786,50.68052812305911,51.58175277709961,2110500.0
2011-06-29,NOC,51.657473016775974,52.429952768848594,51.52872831742012,52.11186981201172,2096200.0
2011-06-30,NOC,52.25577911521684,52.93737738970505,52.11188454116645,52.520843505859375,2855000.0
2011-07-01,NOC,52.70259498381682,53.39176809722059,52.5587062044891,53.263023376464844,2103200.0
2011-07-05,NOC,53.300901091366946,53.43722076793704,52.56629559993112,53.00554275512695,2092000.0
2011-07-06,NOC,52.97524229537479,53.475082973594546,52.77076569481162,53.01311111450195,1715500.0
2011-07-07,NOC,52.1724754639597,52.816204959218624,51.54389002994315,51.87711715698242,5732300.0
2011-07-08,NOC,51.278818574188044,51.49844498882029,50.763833893181044,51.4681510925293,3285200.0
2011-07-11,NOC,51.104641631467715,51.37727517276054,50.74112061312633,50.97589111328125,2703500.0
2011-07-12,NOC,51.00616985942057,51.013744776585916,50.460891382891944,50.60478591918945,2085500.0
2011-07-13,NOC,50.68811332524791,50.930458771555045,50.27157938098351,50.36246109008789,2600800.0
2011-07-14,NOC,50.58965723826709,50.61237621869916,49.36278029319965,49.620269775390625,3856400.0
2011-07-15,NOC,49.77174079117698,49.77174079117698,48.34795923135725,48.93867874145508,4245200.0
2011-07-18,NOC,48.8553543389364,48.9462302306587,48.151037288245064,48.74932861328125,3165700.0
2011-07-19,NOC,48.878079574966044,49.05983715966926,48.46912067590675,48.77962875366211,3135900.0
2011-07-20,NOC,49.749022718713356,49.90048644762171,49.044705401144846,49.21131896972656,2256900.0
2011-07-21,NOC,49.5824099379848,49.900487240529046,49.42337128671268,49.64299774169922,3040400.0
2011-07-22,NOC,49.567250734930084,49.567250734930084,48.885658294792535,49.430931091308594,1684100.0
2011-07-25,NOC,49.112869873784554,49.54454792310895,48.855380339578176,49.317352294921875,2090800.0
2011-07-26,NOC,49.53696716165278,49.69600579747425,49.181021071874554,49.52939224243164,3335500.0
2011-07-27,NOC,49.256767273687494,49.41580595582084,47.10594893721569,47.46946716308594,4691700.0
2011-07-28,NOC,47.19682610156521,47.24226696156101,45.62915254403427,45.97752380371094,4332400.0
2011-07-29,NOC,45.54584222685474,46.33346640535691,45.121739122265666,45.826053619384766,3941500.0
2011-08-01,NOC,45.1520144700993,45.568545398566336,44.22807382071428,45.13686752319336,3960100.0
2011-08-02,NOC,44.6597675038543,45.13688349984033,43.569210052490234,43.569210052490234,3716000.0
2011-08-03,NOC,43.41015631641391,43.67522066660572,42.29688026763885,43.25111770629883,4197400.0
2011-08-04,NOC,42.78914976945256,43.03907008402234,41.79704631883419,41.8879280090332,5135500.0
2011-08-05,NOC,42.206011474414446,42.79672810279129,41.61529484603759,42.024253845214844,6414500.0
2011-08-08,NOC,41.259348381667536,41.744039240761396,39.191837310791016,39.191837310791016,5813100.0
2011-08-09,NOC,39.555354012820565,40.41113790475835,38.13914741885951,40.32025909423828,6148600.0
2011-08-10,NOC,39.60079649753984,39.83556700849158,37.866509661678464,37.934669494628906,7614800.0
2011-08-11,NOC,37.934674313294245,39.72197425859554,37.790782598336726,39.214561462402344,9151900.0
2011-08-12,NOC,39.22969936600805,39.53263256750021,38.45722230228966,39.29785919189453,5973100.0
2011-08-15,NOC,39.5250604909252,40.41871032170934,39.0555165949322,40.17636489868164,5311500.0
2011-08-16,NOC,39.82799333336608,40.98670755669919,39.64623282334064,40.32025909423828,3871500.0
2011-08-17,NOC,40.53987434084917,40.78979462981397,39.714384517850895,39.956729888916016,3160000.0
2011-08-18,NOC,39.06308617468528,39.06308617468528,37.64687687178735,37.89679718017578,4232200.0
2011-08-19,NOC,37.381814608724625,38.040690994043885,37.26064190695344,37.30607986450195,3735100.0
2011-08-22,NOC,38.17702663551092,38.34364025360359,37.7529205571779,37.88924026489258,3892400.0
2011-08-23,NOC,38.04068046119296,38.987342834472656,37.86649493118762,38.987342834472656,3587100.0
2011-08-24,NOC,38.84346270036182,40.00975178308828,38.65413016961993,39.92644500732422,2393900.0
2011-08-25,NOC,40.109941920974194,40.33167124010935,38.95542522188047,39.177154541015625,2816400.0
2011-08-26,NOC,38.94013832230154,40.10994715288814,38.305534239926374,39.88057327270508,2048100.0
2011-08-29,NOC,40.385193187309326,41.264463048283424,40.27815224770834,41.23387908935547,1353900.0
2011-08-30,NOC,41.07331947947937,41.868482029916244,40.62986080553557,41.60087966918945,1939100.0
2011-08-31,NOC,41.8684697458932,42.35015677052356,41.5091185264417,41.76142883300781,1792600.0
2011-09-01,NOC,41.784384744108614,42.20490403209841,40.82101031467293,40.87453079223633,2191600.0
2011-09-02,NOC,40.08702643006612,40.30110841367716,39.54417401925336,39.60533905029297,1829300.0
2011-09-06,NOC,38.496665617909905,39.58237253345537,38.2061268365021,39.498268127441406,3034200.0
2011-09-07,NOC,40.12525008692191,40.71397838730891,39.81941913540975,40.606937408447266,2366600.0
2011-09-08,NOC,40.4310818085116,40.86689315168043,40.1940604274391,40.35462188720703,2636900.0
2011-09-09,NOC,39.7429382450114,40.06406392884536,39.30712710860177,39.61296081542969,3130200.0
2011-09-12,NOC,39.26891764857887,40.07937240600586,39.22304169533576,40.07937240600586,2842300.0
2011-09-13,NOC,39.934078858234706,40.47693085281835,39.521204277855865,40.05641174316406,2315100.0
2011-09-14,NOC,40.33167327431452,41.02744230797331,39.45240340120151,40.45400619506836,2458700.0
2011-09-15,NOC,40.88982483165289,41.50148954647824,40.75984735578575,41.41738510131836,1618700.0
2011-09-16,NOC,41.532061714234764,42.3119350978575,41.49383322728834,41.91435241699219,2520600.0
2011-09-19,NOC,41.06567163649048,41.440317854555,40.8057138100051,41.19565200805664,2942100.0
2011-09-20,NOC,41.455611499549995,41.684985375273826,41.06567328583712,41.17271423339844,2594900.0
2011-09-21,NOC,40.9433345288238,41.249168264013946,39.66648495519522,39.674129486083984,2378100.0
2011-09-22,NOC,38.588432015446934,39.52121952925756,38.473743615534296,39.093055725097656,3541200.0
2011-09-23,NOC,38.82544968853584,39.83469708854119,38.71840873954241,39.03188705444336,2872400.0
2011-09-26,NOC,39.46769622344383,40.1252367802757,39.245969805038754,40.07171630859375,3232800.0
2011-09-27,NOC,40.928038159723755,41.62380706182637,40.599267950490464,40.897457122802734,2287500.0
2011-09-28,NOC,40.943345478841145,41.41738527018259,39.80412048970556,39.83470153808594,2825700.0
2011-09-29,NOC,40.499878023023,41.24152000377742,39.97996243343314,40.729251861572266,2413900.0
2011-09-30,NOC,40.262852615979504,40.790412682309004,39.88056195197793,39.888206481933594,2677500.0
2011-10-03,NOC,39.559460056735254,40.2399373308589,38.88662731659877,38.89427185058594,2645000.0
2011-10-04,NOC,38.42022843461691,39.57474545848146,38.32847945203138,39.52122497558594,2800000.0
2011-10-05,NOC,39.54416031692627,39.84999119944835,39.253618499380124,39.57474136352539,4096400.0
2011-10-06,NOC,39.56709052191098,40.002901720414776,39.100695365037524,39.97996520996094,2548900.0
2011-10-07,NOC,40.35460497797291,40.86687602779643,39.87292080050259,40.37754440307617,2888700.0
2011-10-10,NOC,41.203289482825824,41.837893418686896,41.119185065625295,41.83024597167969,1493500.0
2011-10-11,NOC,41.386778487891306,42.143712193467195,41.386778487891306,41.93727493286133,2029200.0
2011-10-12,NOC,42.174317004939525,42.686588145806944,42.09786001873105,42.29664993286133,1901900.0
2011-10-13,NOC,41.967874737903436,42.03668718410858,41.0197953864622,41.539710998535156,2406100.0
2011-10-14,NOC,42.27371656462589,42.37311007076034,41.37151006035427,41.715572357177734,2220700.0
2011-10-17,NOC,41.30268300608395,41.646745181328036,41.07330919480332,41.16505813598633,2306800.0
2011-10-18,NOC,41.05037616605522,41.83024957919995,40.897462212480995,41.593231201171875,3200300.0
2011-10-19,NOC,41.52441369173535,41.85318390179233,41.28739242596398,41.34856033325195,2479700.0
2011-10-20,NOC,41.5473629645182,41.64675938607859,40.92805083784576,41.37150955200195,1914300.0
2011-10-21,NOC,41.79202526197238,42.67893969779864,41.76908874997635,42.671295166015625,1920800.0
2011-10-24,NOC,42.816561081339664,43.41293367735993,42.54895874123999,43.06887435913086,2100600.0
2011-10-25,NOC,42.9465352048522,43.73405601856152,42.724808818772495,43.25236892700195,3393000.0
2011-10-26,NOC,43.03829385139225,43.466457629875535,41.195652530949104,42.5107307434082,2986200.0
2011-10-27,NOC,43.87168283080006,44.3227859866493,42.96947651910158,44.070472717285156,2397100.0
2011-10-28,NOC,44.139280308854424,44.376301573713626,43.79521812329956,44.284549713134766,2393500.0
2011-10-31,NOC,43.657607592176646,44.88858441788969,43.61173456346261,44.15458679199219,2681900.0
2011-11-01,NOC,43.015341416716794,43.15296628008772,41.730847552998355,42.036678314208984,3093200.0
2011-11-02,NOC,42.732464111391415,42.992421965694426,42.40369379810681,42.6789436340332,1812200.0
2011-11-03,NOC,43.0306548960892,43.98638197119173,42.931261380264786,43.87169647216797,2076000.0
2011-11-04,NOC,43.71112925345662,43.8487541766191,43.13769304582875,43.71877670288086,1314200.0
2011-11-07,NOC,43.64995831154123,44.57510123417337,43.48174944682739,44.52922821044922,1621700.0
2011-11-08,NOC,44.71272518314755,44.83505810487605,43.986372184351545,44.750953674316406,1651700.0
2011-11-09,NOC,44.0475260252678,44.315128294566904,43.5199630991553,43.802860260009766,4294700.0
2011-11-10,NOC,44.52157136174299,44.78152913566442,44.20044859688814,44.39159393310547,2117400.0
2011-11-11,NOC,44.8962202131931,45.62257020133146,44.86563625755769,45.33967590332031,1550400.0
2011-11-14,NOC,45.23264971537722,45.462023624096624,44.94975532517821,44.995628356933594,1822600.0
2011-11-15,NOC,44.712727390794925,45.74491420319886,44.70508285884248,45.45437240600586,1443500.0
2011-11-16,NOC,44.98796092712752,45.53846036119408,44.605670301613735,44.7050666809082,2164200.0
2011-11-17,NOC,44.52157792250056,44.52922537039816,43.061227455266874,43.481746673583984,2481800.0
2011-11-18,NOC,43.64230884348313,43.833454198438865,43.09180928788369,43.38999557495117,2865800.0
2011-11-21,NOC,42.59483823681888,42.75539966528758,41.28740446217856,42.15138244628906,3186900.0
2011-11-22,NOC,41.86083353657348,41.94493796102733,41.21094048394289,41.593231201171875,2898000.0
2011-11-23,NOC,41.21511154694338,41.516063960227825,40.867857630190976,40.87557601928711,2444800.0
2011-11-25,NOC,40.728956971519814,41.84016952990138,40.659506186620966,41.22282791137695,1008300.0
2011-11-28,NOC,42.164286703204574,42.77391015617261,42.04853731503226,42.30318832397461,2185900.0
2011-11-29,NOC,42.41121421263757,42.843352833409966,42.303180293370346,42.54240036010742,2141700.0
2011-11-30,NOC,43.406660115886055,44.25550029178237,43.31406006520888,44.039432525634766,2962000.0
2011-12-01,NOC,43.87737506640022,44.75708277407065,43.74618898271665,44.24006271362305,1932400.0
2011-12-02,NOC,44.57188175883403,44.633617081858276,43.96226163433183,43.97769546508789,1773900.0
2011-12-05,NOC,44.54874456215333,44.895998489053106,43.985422833495036,44.30952453613281,2008100.0
2011-12-06,NOC,44.37898000024063,44.67993539775117,44.155196729270735,44.224647521972656,2280100.0
2011-12-07,NOC,43.91596593509011,44.04715204197049,43.57643044477475,43.63044738769531,2691200.0
2011-12-08,NOC,43.468405746364006,43.838808980551285,42.89736558717744,42.98225021362305,2076800.0
2011-12-09,NOC,43.09799210242935,43.746198385891425,43.00539204584983,43.52241516113281,1833100.0
2011-12-12,NOC,43.252331616878806,43.55328403723676,42.966813031372936,43.19831466674805,1368300.0
2011-12-13,NOC,43.28319185085063,43.738479597811256,42.51151790303279,42.67356872558594,1718100.0
2011-12-14,NOC,42.50379480593529,42.897347153233824,42.44205948824817,42.55781173706055,2285700.0
2011-12-15,NOC,42.85877263729274,43.08255879318598,42.64270192580501,42.704437255859375,1819100.0
2011-12-16,NOC,43.04398175412047,43.391235699140196,42.44979232457632,42.95138168334961,3228100.0
2011-12-19,NOC,43.229168842599925,43.49153806578144,42.47292883312428,42.565528869628906,1294600.0
2011-12-20,NOC,43.144289505630034,43.94683110298453,43.144289505630034,43.79249572753906,1539900.0
2011-12-21,NOC,43.915963122064355,44.26321697838375,43.64587842476173,44.06258010864258,1898400.0
2011-12-22,NOC,44.0548611324193,44.75708423280662,44.00084419728967,44.60274887084961,1446300.0
2011-12-23,NOC,44.818829521575644,45.14293120442492,44.48700944987595,45.135215759277344,1382600.0
2011-12-27,NOC,44.957720664283585,45.5056113771454,44.87283900696359,45.42072677612305,1124500.0
2011-12-28,NOC,45.335851341913084,45.428451405523575,44.82654657650099,44.85741424560547,1289400.0
2011-12-29,NOC,44.9963201476001,45.49790657220501,44.980886311561044,45.44388961791992,887200.0
2011-12-30,NOC,45.35127714312694,45.64451406027081,45.1120571654961,45.12749099731445,1049000.0
2012-01-03,NOC,45.85287422691586,45.9609110750823,45.26640319824219,45.26640319824219,1802200.0
2012-01-04,NOC,45.058033531148155,45.38213806377247,44.71849811270067,45.24323654174805,1389600.0
2012-01-05,NOC,44.87284851074219,44.957730186039576,44.22464217184292,44.87284851074219,1794700.0
2012-01-06,NOC,44.82654483291673,44.9268632817528,44.541026264063284,44.679927825927734,2405600.0
2012-01-09,NOC,44.78795958785946,44.903708921434635,44.44070569972856,44.68764114379883,1386000.0
2012-01-10,NOC,45.07348761538392,45.451609249412115,44.88828452155916,45.235538482666016,1793400.0
2012-01-11,NOC,45.011747592493705,45.32041543833796,44.97316153602321,45.1506462097168,1492600.0
2012-01-12,NOC,45.18923754312749,46.207847146396276,45.18923754312749,46.10752868652344,1473900.0
2012-01-13,NOC,45.83743865784117,45.86830338189326,45.312700080818935,45.40530014038086,1207600.0
2012-01-17,NOC,45.78342906714607,46.33903245748921,45.683110602675846,46.014930725097656,1717000.0
2012-01-18,NOC,45.95320338934765,46.53195910695582,45.67540017390312,46.431640625,1289000.0
2012-01-19,NOC,46.56280424682958,47.511962811032596,46.4316181502783,47.31132888793945,1947000.0
2012-01-20,NOC,47.311329750059485,47.47338056901486,47.1261267114659,47.37306213378906,2304600.0
2012-01-23,NOC,47.50426088393421,47.73576253605224,46.547383659822245,46.67856979370117,1763800.0
2012-01-24,NOC,46.42390181910086,46.42390181910086,46.076647974516284,46.30043411254883,1439900.0
2012-01-25,NOC,45.86830228596584,46.153823790322605,45.42073288902462,45.98405456542969,2735100.0
2012-01-26,NOC,46.014927274918264,46.03807655586671,45.49790409867939,45.77570724487305,2732200.0
2012-01-27,NOC,45.56735819111238,45.644527372710904,45.15837183160172,45.304988861083984,1431000.0
2012-01-30,NOC,44.749375713725435,45.12749431814148,44.69535582653479,44.91142654418945,2323100.0
2012-01-31,NOC,44.826556304953904,45.25097654428967,44.70308854544343,44.79568862915039,2498500.0
2012-02-01,NOC,45.01174860613279,46.44705986185147,45.01174860613279,45.72168731689453,3879500.0
2012-02-02,NOC,44.942295498688665,45.48246494905653,44.66449238495507,44.98859405517578,3033200.0
2012-02-03,NOC,45.43617668027207,45.521061311321745,44.90371961048899,44.99632263183594,3042900.0
2012-02-06,NOC,44.7802460285258,45.38986925968631,44.76481219364418,45.37443542480469,1723800.0
2012-02-07,NOC,45.3898823650282,46.231007474863596,45.34358084701478,46.1769905090332,1700600.0
2012-02-08,NOC,46.20784599317814,46.8251846852517,46.20784599317814,46.686283111572266,2048700.0
2012-02-09,NOC,46.74028935077926,46.80202467768909,46.323584725245134,46.462486267089844,1326900.0
2012-02-10,NOC,46.1846962103919,46.223282272445445,45.922326884425274,46.153831481933594,759700.0
2012-02-13,NOC,46.27729337105069,46.601395056626046,46.12295797347548,46.531944274902344,1330600.0
2012-02-14,NOC,46.3698862204275,46.462486267089844,46.05350002927065,46.462486267089844,889000.0
2012-02-15,NOC,46.52421670532203,46.52421670532203,45.95317676621955,46.03034591674805,1407500.0
2012-02-16,NOC,46.16924957373435,46.184680460849755,45.55190811583748,46.053497314453125,1773200.0
2012-02-17,NOC,46.33903420462438,46.45478650981607,45.89918015482144,46.362186431884766,1125300.0
2012-02-21,NOC,46.385324198969975,46.59367653036359,46.02263648020672,46.192405700683594,1448800.0
2012-02-22,NOC,46.084376491915975,46.56281359200863,45.96862420370991,46.339027404785156,1624300.0
2012-02-23,NOC,46.18339952380904,46.53356912035778,46.12892902750361,46.39350128173828,1318800.0
2012-02-24,NOC,46.4324185620081,47.2961694338952,46.346824169297726,46.626956939697266,1462100.0
2012-02-27,NOC,46.3001237092681,47.132747545221726,46.3001237092681,46.72810745239258,1401200.0
2012-02-28,NOC,46.72033137642137,46.728111604404646,46.34681809641054,46.603607177734375,1165100.0
2012-02-29,NOC,46.68919938110189,46.914864557197866,46.409063709868185,46.541351318359375,2057600.0
2012-03-01,NOC,47.01601537351216,47.01601537351216,46.43240046787223,46.852603912353516,1376800.0
2012-03-02,NOC,46.74367384017046,46.875961459879825,46.37016056965751,46.502445220947266,1317200.0
2012-03-05,NOC,46.47131599754765,46.72032481592221,46.385718659652774,46.634727478027344,1431400.0
2012-03-06,NOC,46.300122739023045,46.658072555341064,46.253432470991385,46.43240737915039,2668400.0
2012-03-07,NOC,46.55690801578046,46.75144631843355,46.339023098284116,46.65806579589844,2146700.0
2012-03-08,NOC,46.743662634653,47.35062118268235,46.743662634653,46.977108001708984,1564700.0
2012-03-09,NOC,47.04714373503975,47.14052426022229,46.665850313344215,46.829261779785156,1692100.0
2012-03-12,NOC,47.05492425403943,47.288369616883585,46.767005437060085,47.19499206542969,1144400.0
2012-03-13,NOC,47.389547863231904,47.980943198730685,47.15609944575771,47.88756561279297,1654100.0
2012-03-14,NOC,47.80194940943036,48.33109380182703,47.68522524671214,48.29218673706055,2034500.0
2012-03-15,NOC,48.24551162125308,48.25329184928087,47.77862076067335,48.22216796875,1794800.0
2012-03-16,NOC,48.284419239122904,48.42448709254983,48.043193578102986,48.23773193359375,2965500.0
2012-03-19,NOC,48.32331157668867,48.486726001454315,48.027615503799794,48.14433670043945,1187100.0
2012-03-20,NOC,47.81751914278212,47.93424035249327,47.459569350197256,47.521820068359375,1452900.0
2012-03-21,NOC,47.545166532631114,47.708580985376116,47.241687213620764,47.33506774902344,1126200.0
2012-03-22,NOC,47.0860399541913,47.560713791702774,46.83703121458173,47.443992614746094,1629400.0
2012-03-23,NOC,47.52961136338431,47.638552365048106,47.00046681094334,47.13275146484375,1377100.0
2012-03-26,NOC,47.35841844004513,47.949813743429,47.35841844004513,47.87977981567383,1314700.0
2012-03-27,NOC,48.01205910551013,48.050966176746726,47.52960489165404,47.568511962890625,1246500.0
2012-03-28,NOC,47.506278291599266,47.68525326943656,47.093857819557705,47.35064697265625,1593700.0
2012-03-29,NOC,47.07049248800778,47.45178592701779,46.720322923719614,47.381752014160156,1352900.0
2012-03-30,NOC,47.66188285344843,47.871984570808586,47.303933098724684,47.529598236083984,1493500.0
2012-04-02,NOC,47.615185704057716,48.385558556247155,47.436210852591536,48.10542297363281,1684100.0
2012-04-03,NOC,48.432255023232585,48.502288927871355,47.49847061752193,47.864200592041016,1588100.0
2012-04-04,NOC,47.646317866266244,47.9653605447076,47.498469833765675,47.81751251220703,1456800.0
2012-04-05,NOC,47.58409543528103,47.630782753069575,47.28839622613135,47.35064697265625,1545800.0
2012-04-09,NOC,46.922637579318305,46.922637579318305,46.61137807895669,46.7125358581543,1344400.0
2012-04-10,NOC,46.65030161819813,46.65030161819813,46.307912187954216,46.47910690307617,2406500.0
2012-04-11,NOC,46.83706283569336,47.04716465816344,46.704778152149416,46.83706283569336,1150000.0
2012-04-12,NOC,46.76701921482033,47.77083783604011,46.76701921482033,47.693023681640625,1298000.0
2012-04-13,NOC,47.630755647117546,47.85642078274123,47.319496154785156,47.319496154785156,1226800.0
2012-04-16,NOC,47.52960478007492,47.77861359750764,47.33506645592939,47.498477935791016,2860300.0
2012-04-17,NOC,47.700799115566646,48.24550704687656,47.47513393470092,48.066532135009766,1080800.0
2012-04-18,NOC,48.16768616014598,48.47116544512437,47.94202101085781,48.18324661254883,1251200.0
2012-04-19,NOC,48.04319300739399,48.12878738932057,47.37398059750824,47.4829216003418,1178100.0
2012-04-20,NOC,47.57629199858318,48.175470392160484,47.57629199858318,48.09765625,1468800.0
2012-04-23,NOC,47.77861426557186,48.08987380750533,47.43622491049996,47.91868209838867,1553800.0
2012-04-24,NOC,47.91090644060616,48.868034803155545,47.91090644060616,48.81356430053711,2252100.0
2012-04-25,NOC,49.44384863718814,51.18690991713817,48.580098222101235,49.03142547607422,2632500.0
2012-04-26,NOC,49.07034318937766,49.72399201381419,48.922492177586,49.36603927612305,2416300.0
2012-04-27,NOC,49.61505714403329,50.01969724920962,49.4438654226114,49.607276916503906,2213300.0
2012-04-30,NOC,49.35826318176401,49.51389443268982,49.05478387508924,49.241539001464844,1316800.0
2012-05-01,NOC,49.3115807594234,49.64618696318938,48.98475775207226,49.381614685058594,1891900.0
2012-05-02,NOC,49.0003167466192,49.327139724423965,48.9458462503184,49.29601287841797,1691900.0
2012-05-03,NOC,49.22596995169377,49.264879986291184,48.797986286892105,48.899147033691406,1357900.0
2012-05-04,NOC,48.72017840561129,48.97696745007224,48.16769027709961,48.16769027709961,1251300.0
2012-05-07,NOC,48.012059581822115,48.191034486021394,47.84086490457964,48.074310302734375,1508300.0
2012-05-08,NOC,47.77084296725118,47.8253134748656,47.39732964285798,47.755279541015625,1845400.0
2012-05-09,NOC,47.38953267238749,47.7007921818781,47.05492654758132,47.21833801269531,1762000.0
2012-05-10,NOC,47.48290694055991,47.65410158839814,47.1405206133022,47.2338981628418,909700.0
2012-05-11,NOC,47.0004560857197,47.1483041301797,46.471311654026316,46.61915969848633,2389700.0
2012-05-14,NOC,46.33124460833385,47.00823709577653,46.10557945637994,46.7747917175293,1847900.0
2012-05-15,NOC,46.67363334902625,46.79813775501169,46.47131480245711,46.533565521240234,2039800.0
2012-05-16,NOC,46.82148601060753,46.93821020138761,46.35459518432617,46.35459518432617,1517300.0
2012-05-17,NOC,46.33903311024237,46.55691807481468,45.51419242856721,45.52197265625,1721500.0
2012-05-18,NOC,45.716498217049434,45.85656602352836,45.11731992676041,45.19513702392578,1443700.0
2012-05-21,NOC,45.35077577844845,45.91882736135429,45.24183478561986,45.90326690673828,1330300.0
2012-05-22,NOC,45.96551743374084,46.35459410270321,45.77876229495377,45.988861083984375,1575900.0
2012-05-23,NOC,45.918167655016816,46.12238971914723,45.25052528326783,46.05955123901367,1260100.0
2012-05-24,NOC,46.35802741581994,46.39729996723379,45.62754657356864,46.19308090209961,1510000.0
2012-05-25,NOC,45.70609414960734,46.50726682627742,45.70609414960734,45.949588775634766,1056900.0
2012-05-29,NOC,46.098825560413516,46.51512301651848,46.098825560413516,46.32661056518555,1170400.0
2012-05-30,NOC,45.98099573997655,46.58580249116367,45.973139433584144,46.2244873046875,1370000.0
2012-05-31,NOC,46.255914655751845,46.53868180944564,46.05954890972043,46.14595031738281,2075400.0
2012-06-01,NOC,45.67467851710948,45.7139510711751,45.101287841796875,45.101287841796875,1496100.0
2012-06-04,NOC,45.16410662476177,45.39189153380796,44.692830188937435,44.8577766418457,1706400.0
2012-06-05,NOC,44.72425838599475,45.09342692381413,44.44934755759945,44.99917221069336,1281600.0
2012-06-06,NOC,45.24266921456552,46.04384186268704,45.022740525541295,46.02027893066406,4115500.0
2012-06-07,NOC,46.499419415495,47.06495085009751,46.47585348333779,46.61723709106445,1491900.0
2012-06-08,NOC,46.444421086359185,46.94711685180664,46.350163383110456,46.94711685180664,1304200.0
2012-06-11,NOC,47.22204117470087,47.38699070443463,46.51512617587149,46.562252044677734,1154000.0
2012-06-12,NOC,46.797888820317375,47.12778185507715,46.593666754348654,47.07279968261719,1685600.0
2012-06-13,NOC,46.931427001953125,47.33201192242432,46.71935157477271,46.931427001953125,1918400.0
2012-06-14,NOC,47.04136406801836,47.96821036158738,46.80572584002512,47.54405975341797,2198400.0
2012-06-15,NOC,47.85825691620384,48.07033226841829,47.63832825300515,48.054622650146484,1734200.0
2012-06-18,NOC,47.83470332938837,48.49449244414903,47.77186484402835,48.32168960571289,975000.0
2012-06-19,NOC,48.580889179009084,49.14642354238284,48.4237989636753,48.88722229003906,1385600.0
2012-06-20,NOC,48.89507535695804,49.13071367508021,48.565182310847746,48.92649459838867,1934400.0
2012-06-21,NOC,48.91862733921672,49.11499305974511,48.52589589815992,48.57302474975586,1668900.0
2012-06-22,NOC,48.8401041043716,48.95792478793198,48.43951617730987,48.78512191772461,1539400.0
2012-06-25,NOC,48.75369126359109,48.75369126359109,48.12532142298336,48.29026794433594,1573400.0
2012-06-26,NOC,48.45520791214979,48.470917530578234,47.748293060689825,47.976078033447266,1550200.0
2012-06-27,NOC,47.70901506534353,49.03644620979561,47.70901506534353,48.80080795288086,1279000.0
2012-06-28,NOC,48.439504439516405,48.549471782467705,48.06248253830885,48.48663330078125,1354300.0
2012-06-29,NOC,48.98147437938063,50.11254004888258,48.98147437938063,50.10468673706055,1706800.0
2012-07-02,NOC,50.151824500914465,50.3089207376682,49.6020026537981,49.90833282470703,1299800.0
2012-07-03,NOC,49.95543853066268,50.4110084444059,49.853330512453866,50.222496032714844,654000.0
2012-07-05,NOC,50.096836164887875,50.37174705469016,49.99472811799215,50.214656829833984,923800.0
2012-07-06,NOC,49.82977803311377,49.92403576254299,49.484175347451774,49.85334396362305,902200.0
2012-07-09,NOC,49.861191581903164,50.041847714888256,49.58628072655708,49.96330261230469,840400.0
2012-07-10,NOC,50.12825332807769,50.4974219330381,49.32708063008284,49.54701232910156,1020100.0
2012-07-11,NOC,49.64911496883884,49.66482458822376,49.17783837250546,49.3427848815918,1219100.0
2012-07-12,NOC,49.08357552034155,49.26423161888172,48.58873307876444,48.824371337890625,1030300.0
2012-07-13,NOC,49.107148342658625,50.10468673706055,48.98932769120266,50.10468673706055,1138300.0
2012-07-16,NOC,49.90047295046258,50.08112911536909,49.523450998096294,49.869056701660156,885600.0
2012-07-17,NOC,49.93188108543345,50.50527169398089,49.460604498913426,50.37173843383789,989500.0
2012-07-18,NOC,50.19109094594897,51.20433901677051,50.19109094594897,51.149356842041016,1031100.0
2012-07-19,NOC,50.96084139216194,51.33000999074896,50.66236758543146,51.149356842041016,1141000.0
2012-07-20,NOC,50.630951078454096,51.322156454187834,50.599531835110575,50.86659240722656,957800.0
2012-07-23,NOC,50.301051214733334,50.4817043487858,50.01042774753563,50.081119537353516,1856700.0
2012-07-24,NOC,49.86118986877978,50.520978895245065,49.429185826805686,50.411014556884766,2366300.0
2012-07-25,NOC,50.50526568845115,50.568098164604066,49.66481764846494,50.19893264770508,2344900.0
2012-07-26,NOC,51.18077360774071,51.424265227962415,50.41887351434173,50.898006439208984,2887800.0
2012-07-27,NOC,51.12578763429805,51.87198113591901,50.803750896261214,51.6834716796875,2370200.0
2012-07-30,NOC,51.56563578276202,52.46891923218763,51.14148513713768,52.4375,2525800.0
2012-07-31,NOC,52.22541598707006,52.374655825539165,51.91908599739515,51.99763107299805,2090700.0
2012-08-01,NOC,52.14689279770853,52.382534116021894,51.67561615368947,51.71488571166992,1633600.0
2012-08-02,NOC,51.54993590223461,51.80128382920811,50.84302397753915,51.53422927856445,1513800.0
2012-08-03,NOC,52.437502216194545,52.50033469061954,52.07619001967513,52.13117218017578,1475900.0
2012-08-06,NOC,52.38252132478479,52.40608425234078,51.919095109960814,52.084041595458984,1257400.0
2012-08-07,NOC,52.366828492003606,52.885237064480144,52.20188194419975,52.78312301635742,1358300.0
2012-08-08,NOC,52.61817190232488,53.42719794436838,52.42966243442347,53.293670654296875,1798600.0
2012-08-09,NOC,53.097297070085695,53.84349050818213,53.026608277244556,53.725669860839844,1736800.0
2012-08-10,NOC,53.5528703588966,53.835637532979725,53.37221122277394,53.80421829223633,973200.0
2012-08-13,NOC,53.67068959029901,54.00843892857482,53.199412976860216,53.937744140625,1408000.0
2012-08-14,NOC,54.20481187274767,54.21266218931096,53.592151594759315,53.69425964355469,849300.0
2012-08-15,NOC,53.45075176885772,53.76493212905231,53.293655596154174,53.631404876708984,887900.0
2012-08-16,NOC,53.63140232072465,54.11053513757485,53.59998308768134,54.03199005126953,1033000.0
2012-08-17,NOC,54.1340978128018,54.48755968844316,53.96915133454487,54.44828414916992,1230800.0
2012-08-20,NOC,54.49542539721225,54.88815693046788,54.41688028908265,54.786048889160156,1463100.0
2012-08-21,NOC,54.87245302807319,55.139507607483765,54.49542810069646,54.60539245605469,1935600.0
2012-08-22,NOC,54.44043935533817,54.58182293697198,53.545012002526455,53.67853927612305,2171800.0
2012-08-23,NOC,53.3855532568107,53.567678098019606,52.78376256678571,52.9896354675293,2277100.0
2012-08-24,NOC,52.910458144589136,53.4489066308153,52.76000743717655,53.36972427368164,1758800.0
2012-08-27,NOC,53.48056899603371,53.66268777318371,53.10840535417248,53.140079498291016,1319000.0
2012-08-28,NOC,53.00548170361062,53.08466406239607,52.42743900614601,52.981727600097656,2142000.0
2012-08-29,NOC,53.187601554873105,53.440988732630395,53.05299093820791,53.25094985961914,1416300.0
2012-08-30,NOC,53.01339381674788,53.179684617851414,52.68082429699385,52.7045783996582,1242700.0
2012-08-31,NOC,53.01340100351722,53.417238927237186,52.68083143867834,52.96589279174805,1060800.0
2012-09-04,NOC,52.965894213798265,53.10842489415983,52.28491496776269,52.855037689208984,1159700.0
2012-09-05,NOC,52.823367152272155,53.084674424374654,52.40369513168639,52.672916412353516,1650900.0
2012-09-06,NOC,53.10840976283235,53.939839501593504,53.037147463568935,53.59934997558594,1599300.0
2012-09-07,NOC,53.607290495057235,53.662718768973946,53.15594425281299,53.34598922729492,1295400.0
2012-09-10,NOC,53.36974697930848,53.37766703075933,52.9500748708508,53.09260559082031,1546200.0
2012-09-11,NOC,53.1797013587696,53.4726767721604,53.005496496089435,53.38557434082031,1099500.0
2012-09-12,NOC,53.6627091957016,54.05862709339853,53.5043444531139,53.789405822753906,1319700.0
2012-09-13,NOC,52.87087576624916,53.282633781367416,51.82565271120525,53.06092071533203,3055300.0
2012-09-14,NOC,52.98175400796757,53.23514130711373,52.181997890787926,52.52248764038086,2382600.0
2012-09-17,NOC,52.37992814371344,52.815434115568785,52.26907163878835,52.6412353515625,1856900.0
2012-09-18,NOC,52.56997491706539,52.96589279174805,52.308667669880265,52.96589279174805,1615000.0
2012-09-19,NOC,52.96590349672525,53.100514151429046,52.37202656467236,52.97382354736328,1926300.0
2012-09-20,NOC,52.791678906524,53.052986108894956,52.4749434528525,53.00547790527344,1455100.0
2012-09-21,NOC,52.97381284078535,53.25887419385505,52.894630474094285,52.96589279174805,2174500.0
2012-09-24,NOC,52.65707019432949,52.902537310163204,52.063193462814496,52.7045783996582,1382900.0
2012-09-25,NOC,52.84710915106805,52.886703349730226,51.9919312474943,52.09486770629883,1541900.0
2012-09-26,NOC,52.134447129120225,52.64914141936397,52.11861307704411,52.41159439086914,1441300.0
2012-09-27,NOC,52.7045745281001,52.81543102654151,52.23739443341502,52.6333122253418,942900.0
2012-09-28,NOC,52.4195253535058,52.77585507335555,51.92859104440198,52.60165023803711,1107700.0
2012-10-01,NOC,52.73626627710014,53.8131635138529,52.57790152396572,53.51226806640625,1987100.0
2012-10-02,NOC,53.68646243367433,53.77356484325405,53.10049967082405,53.733970642089844,1516700.0
2012-10-03,NOC,53.805241528573625,54.0427946909591,53.54394029942305,53.90818405151367,1594400.0
2012-10-04,NOC,54.08236213417463,54.58121627883794,53.99525975382034,54.470359802246094,2454100.0
2012-10-05,NOC,54.818795911342036,55.27014208243776,54.628750966818075,54.961326599121094,1622700.0
2012-10-08,NOC,54.826696625683084,55.08008378238055,54.6049836187261,54.70792007446289,1348300.0
2012-10-09,NOC,54.72376393701669,55.08008757397951,54.39119440368782,54.636661529541016,1268700.0
2012-10-10,NOC,54.64460248495197,54.64460248495197,53.892354681780425,54.011131286621094,1378200.0
2012-10-11,NOC,54.38326334839096,54.818775297623,54.296160958544554,54.35158920288086,770700.0
2012-10-12,NOC,54.41493920586,54.945467567087874,54.23281437375341,54.49412155151367,924800.0
2012-10-15,NOC,54.486213476273306,55.06425620488132,54.486213476273306,55.00090789794922,883800.0
2012-10-16,NOC,55.135515500066795,55.88776301093184,55.11968144481437,55.713558197021484,1101100.0
2012-10-17,NOC,55.81650018452018,56.05405332540917,55.50768472610089,55.903602600097656,1028100.0
2012-10-18,NOC,55.81652100877452,56.418318093314156,55.68191033128908,56.32329559326172,822800.0
2012-10-19,NOC,55.94318194933766,56.00653024225076,55.35722534295576,55.64228057861328,1285500.0
2012-10-22,NOC,55.634374904151215,55.768985515830174,55.11968051930192,55.58686065673828,966200.0
2012-10-23,NOC,55.19885557838254,55.4205685662396,54.589144861775615,55.15926742553711,1189000.0
2012-10-24,NOC,55.63437957072384,56.21241626523131,54.541642406967725,54.897972106933594,1810500.0
2012-10-25,NOC,55.42850034107946,55.6343793196042,54.17739845491487,54.668338775634766,1448800.0
2012-10-26,NOC,54.67626412683272,55.18303855294245,53.78940586052684,53.86066818237305,2450500.0
2012-10-31,NOC,54.098223403453105,55.28597714273374,53.74981370673785,54.391204833984375,1956200.0
2012-11-01,NOC,54.502044734532454,55.15134967221514,54.12196099580855,54.573307037353516,1709100.0
2012-11-02,NOC,54.890036446468365,55.198851807203305,54.56538703392219,54.62081527709961,1463400.0
2012-11-05,NOC,54.304085125412634,54.74751111374686,53.92400139167902,54.60498046875,1243500.0
2012-11-06,NOC,54.65250913232067,56.09365017520702,54.58124680375408,55.33348846435547,2647600.0
2012-11-07,NOC,54.604999472936484,54.604999472936484,51.90484236677092,52.81544876098633,3622100.0
2012-11-08,NOC,52.6491514281466,52.91837869442571,51.79397350527725,51.80188751220703,2510100.0
2012-11-09,NOC,51.69894893438289,52.403682160786076,51.19217461519917,51.94441604614258,2043300.0
2012-11-12,NOC,51.94442124368562,52.229482581902914,51.184259688848506,51.78605651855469,1686200.0
2012-11-13,NOC,51.58017372645501,52.20572461452324,51.45348316396958,51.762298583984375,1668100.0
2012-11-14,NOC,51.69894626859908,52.01568171206349,50.21029451729724,50.35282516479492,1639000.0
2012-11-15,NOC,50.257817641523324,50.44785653611452,49.94900217235231,50.06777572631836,2139600.0
2012-11-16,NOC,50.29741061447412,50.58247198710987,49.727287869202605,50.33700180053711,2587500.0
2012-11-19,NOC,50.85169789974968,51.255535864041995,50.69332710922919,51.247615814208984,1450100.0
2012-11-20,NOC,51.18426321332857,51.59602119298534,50.92295596176495,51.53267288208008,1507800.0
2012-11-21,NOC,51.8920434938854,51.92398152460645,51.492751089968124,51.85211181640625,1510500.0
2012-11-23,NOC,51.99585323391774,52.23543109450291,51.83613872200636,52.195499420166016,766400.0
2012-11-26,NOC,51.939933185331626,52.18749241433421,51.67639885546163,51.900001525878906,1760000.0
2012-11-27,NOC,51.93195766515944,52.65068505279399,51.788212187632524,52.17153549194336,1569800.0
2012-11-28,NOC,52.04377652720897,52.810417300914374,51.764273030449594,52.7545166015625,1317900.0
2012-11-29,NOC,52.89825859294842,53.36143926675542,52.71458748994422,53.22568130493164,1331900.0
2012-11-30,NOC,53.73676644933816,53.73676644933816,53.049983103878496,53.26559829711914,1882800.0
2012-12-03,NOC,53.44128164208921,53.5291264382555,52.522908104807094,52.538883209228516,1384200.0
2012-12-04,NOC,52.53091029422115,53.32949514172884,52.30730751175401,53.22568130493164,1892600.0
2012-12-05,NOC,53.169757810757055,53.624950734946395,52.57081943194392,53.31350326538086,1778400.0
2012-12-06,NOC,53.257620142629456,53.720794677734375,52.93019746315223,53.720794677734375,1976200.0
2012-12-07,NOC,53.79267450608054,54.06419042311868,53.40136964628844,53.92843246459961,1063600.0
2012-12-10,NOC,53.74475381963456,54.49541930956701,53.537120087529985,54.3357048034668,1185500.0
2012-12-11,NOC,54.55131542395028,55.030471087527935,54.2159113336198,54.263824462890625,1590900.0
2012-12-12,NOC,54.455501405760785,55.07040904291718,54.28779932289995,54.42355728149414,1223800.0
2012-12-13,NOC,54.471471337103196,54.59126028193687,53.75274376082,53.800662994384766,1457900.0
2012-12-14,NOC,53.64893815094769,53.79268368824539,53.01805529795888,53.34547805786133,1545500.0
2012-12-17,NOC,53.53711620615963,53.992309217534,53.297538371660515,53.608985900878906,1873200.0
2012-12-18,NOC,53.60898969146728,54.734997063426526,53.60898969146728,54.71104049682617,1604200.0
2012-12-19,NOC,54.64715487810523,55.23810588921931,54.33570731192902,54.862770080566406,1156900.0
2012-12-20,NOC,54.70304458728735,55.19018167613894,54.65513146140586,55.10233688354492,1355600.0
2012-12-21,NOC,54.36764019512107,55.03046686519159,54.36764019512107,54.80685806274414,2574500.0
2012-12-24,NOC,54.61522326020221,55.046459856567836,54.42356458161289,54.854801177978516,988400.0
2012-12-26,NOC,54.86276284057447,55.08637165973426,54.24785534285774,54.319725036621094,1159500.0
2012-12-27,NOC,54.375637655202894,54.551327291038554,53.537127246967266,54.096134185791016,1285700.0
2012-12-28,NOC,53.65689484627571,54.06416855711294,53.257602593733615,53.31350326538086,1318600.0
2012-12-31,NOC,53.113871675590204,54.07217090687704,52.602777939874834,53.96835708618164,1682200.0
2013-01-02,NOC,54.9346388368247,55.0863718700832,53.93640802373962,54.43951416015625,2154000.0
2013-01-03,NOC,54.567291648295324,54.870751627764925,54.17598077549804,54.25584411621094,1855400.0
2013-01-04,NOC,54.4874375704731,54.93464305944064,54.1280707945089,54.91068649291992,1292700.0
2013-01-07,NOC,55.174221755337136,55.589489269640765,54.33571135808316,54.83881759643555,1547000.0
2013-01-08,NOC,54.31972542995589,54.81485010831894,53.49718421199334,53.77668762207031,1739400.0
2013-01-09,NOC,53.832595525653346,54.144043059515404,53.513160439130914,53.53711700439453,1897300.0
2013-01-10,NOC,53.81660885408561,54.016254978664556,53.61696272950665,53.8245964050293,1842600.0
2013-01-11,NOC,53.84857194073657,53.98432989103785,53.3853913062422,53.56108093261719,2112400.0
2013-01-14,NOC,53.58501864943487,54.00028600072031,53.345446955431306,53.680850982666016,1251100.0
2013-01-15,NOC,53.369415143085526,54.024254331043494,53.313514459700734,53.88849639892578,1756500.0
2013-01-16,NOC,53.561073206990635,53.62496144240603,53.18573743982203,53.38538360595703,1748700.0
2013-01-17,NOC,53.465248448861054,53.92044152860252,53.31352148409279,53.616981506347656,2153500.0
2013-01-18,NOC,53.816619498522094,53.99230909773597,53.32149481825731,53.89647674560547,1868200.0
2013-01-22,NOC,53.872515966755856,54.774914364374,53.78467117402028,54.583255767822266,2044700.0
2013-01-23,NOC,53.84857054001372,54.998534542578085,53.50517884995453,54.870758056640625,2218200.0
2013-01-24,NOC,54.93464754206069,55.02249235494992,54.37563454251845,54.48744201660156,1862500.0
2013-01-25,NOC,54.58327141507401,54.58327141507401,53.984332798026266,54.096134185791016,1736000.0
2013-01-28,NOC,54.21591672350879,54.21591672350879,52.914225809598854,53.16178512573242,2469000.0
2013-01-29,NOC,53.24961774216067,53.728767250957965,52.938170256806615,53.32148742675781,2858700.0
2013-01-30,NOC,53.12984432463434,53.7048263398363,52.802427733749994,52.978111267089844,2919900.0
2013-01-31,NOC,52.70658186590072,52.81838321880499,51.86806562640195,51.93994140625,3073700.0
2013-02-01,NOC,52.13159920551565,52.331245345912215,51.7482820278756,52.011810302734375,2726800.0
2013-02-04,NOC,51.65246928439946,52.075718287789,51.388934816837256,51.41289138793945,1820900.0
2013-02-05,NOC,51.812164306640625,52.2993013779823,51.50870436577068,51.812164306640625,2444900.0
2013-02-06,NOC,51.72433064056285,52.155567128884215,51.63649192495328,52.06772232055664,2688100.0
2013-02-07,NOC,52.12360858072033,52.59477661248873,52.01180723610742,52.45901870727539,2630400.0
2013-02-08,NOC,52.403127966534186,52.818389311981115,52.403127966534186,52.77845764160156,1582800.0
2013-02-11,NOC,52.67463367931122,52.90622391891242,52.53088822344552,52.80241012573242,1446700.0
2013-02-12,NOC,52.978111267089844,53.15380089314804,52.634725661435816,52.978111267089844,993300.0
2013-02-13,NOC,53.073952990146694,53.305543347802804,52.33925632685661,52.51494598388672,1461000.0
2013-02-14,NOC,52.24340512601961,52.89824428008504,52.12361621276139,52.546871185302734,1840100.0
2013-02-15,NOC,52.30729611014786,52.49895472581192,52.227438861347636,52.411109924316406,1639900.0
2013-02-19,NOC,52.50694561612896,52.93818209832293,52.427088362252576,52.86630630493164,1951000.0
2013-02-20,NOC,52.8183979104559,53.46524964542883,52.714584080373356,52.73854064941406,1705500.0
2013-02-21,NOC,52.674649475096224,52.674649475096224,52.01182266913307,52.203487396240234,1437900.0
2013-02-22,NOC,52.27535633771532,52.96213970138091,52.2593873237148,52.68263626098633,1504100.0
2013-02-25,NOC,52.87427998075134,53.241628126342846,51.70834732055664,51.70834732055664,1536800.0
2013-02-26,NOC,51.95591735839844,52.06771872623971,51.46878021592537,51.95591735839844,1326100.0
2013-02-27,NOC,51.8521074004438,52.95415214802163,51.764262591645775,52.68263626098633,1712900.0
2013-02-28,NOC,52.9564236365053,53.28659278024642,52.69872839848572,52.891998291015625,2081800.0
2013-03-01,NOC,52.6584817153547,53.05307635965371,52.07866566596916,52.76316833496094,2170500.0
2013-03-04,NOC,52.57794798921537,52.67458603608133,51.70016929268716,51.845123291015625,1998800.0
2013-03-05,NOC,52.110871104656326,52.52962981273031,51.94175913775975,52.271934509277344,1965000.0
2013-03-06,NOC,52.31220245361328,52.602110475127354,52.054507117149825,52.31220245361328,2132000.0
2013-03-07,NOC,52.449098738156,52.90811872180855,52.36051539535103,52.56184005737305,1818700.0
2013-03-08,NOC,52.74706364888406,53.16581626001429,52.74706364888406,53.11750030517578,1760900.0
2013-03-11,NOC,53.10942867427579,53.35907536391917,53.06916743938708,53.246334075927734,2002000.0
2013-03-12,NOC,53.2785750048208,53.479899717848795,53.10945683920775,53.33494567871094,1070100.0
2013-03-13,NOC,53.38324882705676,54.29323409964668,53.2946654830769,54.0999641418457,1939600.0
2013-03-14,NOC,54.23685718167039,54.550923130839315,54.02747783424427,54.38986587524414,1557800.0
2013-03-15,NOC,54.21269649447283,55.42869898836116,54.14022257626434,55.404541015625,4383000.0
2013-03-18,NOC,54.937470675336115,55.5414446165444,54.88110001991431,55.10658264160156,1705700.0
2013-03-19,NOC,55.28374360162326,55.340114251220335,54.720030961712496,55.11463165283203,1249400.0
2013-03-20,NOC,55.3642600348658,55.55752991323015,55.17099015650146,55.27567672729492,1183300.0
2013-03-21,NOC,54.97774290033917,55.36428900326,54.54288698247333,54.76031494140625,994900.0
2013-03-22,NOC,54.873045365572345,55.11463739986018,54.639508037478286,54.80057144165039,825500.0
2013-03-25,NOC,54.98577692756499,55.187101539129856,54.575072999669594,54.68782043457031,1321600.0
2013-03-26,NOC,54.98577258460297,55.85549631241496,54.98577258460297,55.79912567138672,1844800.0
2013-03-27,NOC,55.51728505577575,56.37089956890102,55.195164400879655,56.29037094116211,2038900.0
2013-03-28,NOC,56.26621658899096,56.54001516971527,55.936041206886024,56.49169921875,1694500.0
2013-04-01,NOC,56.451428196639924,56.805761531419684,56.040724208048886,56.29037094116211,2066000.0
2013-04-02,NOC,56.52392405576361,56.54002732823463,55.67030316018689,55.88773727416992,1287000.0
2013-04-03,NOC,55.97630909282283,56.80576569278315,55.895780459184714,56.5158576965332,2386200.0
2013-04-04,NOC,56.60443872989727,57.313099278549664,56.47558800617465,57.23257064819336,2528200.0
2013-04-05,NOC,56.71716275538492,57.79625958995042,56.63663414957147,57.62714767456055,3383000.0
2013-04-08,NOC,57.780177568516685,57.88486418016699,57.321157588294476,57.756019592285156,1583000.0
2013-04-09,NOC,57.868739635939676,57.892897603289825,57.3936104169444,57.62714767456055,1404600.0
2013-04-10,NOC,57.780184265247385,58.19893690432316,57.69965562049533,57.796287536621094,2016700.0
2013-04-11,NOC,58.01371806277044,58.521054023009604,57.90097673827284,58.34388732910156,1641000.0
2013-04-12,NOC,58.005658254419366,58.12645427545545,57.570796265053964,58.07008361816406,1038600.0
2013-04-15,NOC,57.86071245565008,57.86876716324457,56.80577308661589,57.039310455322266,1658900.0
2013-04-16,NOC,57.43390224032905,57.66743959735756,56.96682752627203,57.40974426269531,1216400.0
2013-04-17,NOC,57.119849942774366,57.28090726158806,56.00048498837335,56.467559814453125,2427800.0
2013-04-18,NOC,56.467529446200516,56.5319486527156,55.75081431822623,56.266204833984375,1559800.0
2013-04-19,NOC,56.32259148219017,57.20841879883716,56.30648206802966,57.16010284423828,2180600.0
2013-04-22,NOC,57.16009063970631,57.280880500413076,56.61248741005559,56.999027252197266,1032800.0
2013-04-23,NOC,57.313109247619046,57.82045138059835,56.90241131818271,57.570804595947266,1085500.0
2013-04-24,NOC,57.84461163180759,59.479367137976936,57.24063755944303,59.40688705444336,2780600.0
2013-04-25,NOC,59.44714949880767,60.37324422808702,58.67406348784463,59.986698150634766,2153900.0
2013-04-26,NOC,60.043069025641856,60.22023572243557,59.74511243916288,59.78537368774414,1283800.0
2013-04-29,NOC,59.978637300215965,60.381286565769685,59.62430398046782,60.365177154541016,1178500.0
2013-04-30,NOC,60.27662020898466,61.02554841649427,60.27662020898466,60.99333572387695,1759700.0
2013-05-01,NOC,60.75977400368984,61.58923668289145,60.65508740252014,60.92083740234375,1853300.0
2013-05-02,NOC,60.92084902991097,61.645619102334585,60.767840307971085,61.45234298706055,1549800.0
2013-05-03,NOC,61.75833004036692,62.007970553156945,61.50063482408537,61.879119873046875,1426400.0
2013-05-06,NOC,62.02410369018963,62.64418713499078,61.95162975567449,62.05631637573242,1669800.0
2013-05-07,NOC,62.03214334276421,62.25762594289909,61.935511453529294,62.17709732055664,1652100.0
2013-05-08,NOC,62.209293712751546,62.66831349827256,62.072394476213695,62.6522102355957,1026300.0
2013-05-09,NOC,62.611959849011484,62.94213519087566,62.410635219271896,62.539485931396484,1236200.0
2013-05-10,NOC,62.563665129811724,62.86967645901744,62.22543496770391,62.756935119628906,852600.0
2013-05-13,NOC,62.58780839766904,62.89381965493893,62.28984570279046,62.45895767211914,817200.0
2013-05-14,NOC,62.636127362015955,63.634695957318755,62.59586611629969,63.58638000488281,944500.0
2013-05-15,NOC,63.24007782795225,64.00511493938151,62.86964132782452,63.964847564697266,977800.0
2013-05-16,NOC,63.94069904904221,64.1017562837088,63.46556976207834,63.634681701660156,1391400.0
2013-05-17,NOC,64.61716389891103,67.06527260580528,64.61716389891103,66.1875,5861300.0
2013-05-20,NOC,66.21165348687609,66.5257194570064,65.62378279123114,65.72042083740234,3576600.0
2013-05-21,NOC,65.69624739842479,66.39685310045131,65.36607209301134,65.599609375,3738300.0
2013-05-22,NOC,65.63185345788199,65.85733614317277,65.04398261928043,65.11646270751953,3381300.0
2013-05-23,NOC,64.73508542204108,65.72501879438535,64.58091364386324,65.43290710449219,1271000.0
2013-05-24,NOC,65.15701940185143,66.15506239609391,65.01096357456686,65.93598175048828,1092600.0
2013-05-28,NOC,66.25243251061762,66.9340222184589,66.25243251061762,66.61756896972656,1252500.0
2013-05-29,NOC,66.16319910573064,66.84478905333829,65.7493731000292,66.43096923828125,1468400.0
2013-05-30,NOC,67.09630549402685,68.15114752358816,67.09630549402685,67.74543762207031,1778700.0
2013-05-31,NOC,67.49388171578077,68.20792872605361,66.85285949707031,66.85285949707031,1784200.0
2013-06-03,NOC,66.9259396239038,67.45335779196286,66.36605771490265,67.38033294677734,1468700.0
2013-06-04,NOC,67.23426219626398,67.5669411796085,66.65815473484818,66.87723541259766,1300800.0
2013-06-05,NOC,66.641914709974,67.39653547084582,66.01712410568524,66.09014892578125,1198800.0
2013-06-06,NOC,66.11447504249055,66.86909555590296,65.66007583410165,66.73926544189453,1802200.0
2013-06-07,NOC,66.98269852591623,68.15925461140431,66.98269852591623,68.06188201904297,1417500.0
2013-06-10,NOC,68.29720045680375,68.40268898876245,67.73732502594618,67.95640563964844,1498400.0
2013-06-11,NOC,67.41276589939703,67.94019006565344,67.22613660094599,67.3235092163086,1340000.0
2013-06-12,NOC,67.7616817812713,67.81036499728238,66.94214589810838,67.03140258789062,969200.0
2013-06-13,NOC,67.08007355688163,68.27286165652517,66.94213367627243,67.23424530029297,1793400.0
2013-06-14,NOC,67.12875738535678,67.89960365717714,67.02326885782004,67.2504653930664,1006000.0
2013-06-17,NOC,67.5750187354084,68.40267013829099,67.55879306838554,67.89147186279297,1000500.0
2013-06-18,NOC,67.98886449396294,68.43514166110434,67.566922739215,68.10246276855469,1229000.0
2013-06-19,NOC,68.04568189494833,68.41893435316653,67.32351858808043,67.33163452148438,1171200.0
2013-06-20,NOC,66.7798473325164,67.47766880682461,66.49584546992202,66.51207733154297,1455400.0
2013-06-21,NOC,66.99081832759498,67.16121574684011,66.40659506695913,66.41471099853516,2789600.0
2013-06-24,NOC,66.06581797963833,66.3741615559569,65.46536888515817,65.78182220458984,1488400.0
2013-06-25,NOC,66.26863180901532,66.31732119065582,65.43287068009057,65.48966979980469,1563800.0
2013-06-26,NOC,66.13072116053313,66.6338037219194,66.0008910063783,66.40660095214844,1519400.0
2013-06-27,NOC,66.90154597177494,67.71296560122346,66.83663710630583,67.51822662353516,951900.0
2013-06-28,NOC,67.34785126588052,67.81036035827351,66.99082453117627,67.1855697631836,1135200.0
2013-07-01,NOC,67.16934207513711,68.15927539881322,66.95026141380951,67.63185119628906,909000.0
2013-07-02,NOC,67.4127802994166,67.54260429032257,66.37416360959355,66.67438507080078,1168500.0
2013-07-03,NOC,66.52831707116854,67.51013442505328,66.32546209249875,67.29105377197266,711900.0
2013-07-05,NOC,67.49389996166197,68.13492235366243,67.37218575218104,68.11869049072266,663800.0
2013-07-08,NOC,68.51628330510015,69.13295783654422,68.21605577933627,69.043701171875,1516100.0
2013-07-09,NOC,69.38449302054461,69.7820868985641,68.97066728346452,69.40071868896484,1056300.0
2013-07-10,NOC,69.40073514245842,70.74769499436772,69.37639353873699,70.51238250732422,1710000.0
2013-07-11,NOC,71.16962986748845,71.31568567901637,70.89375010718116,71.20208740234375,1336500.0
2013-07-12,NOC,71.26700753249592,71.50232003392422,70.69900991815932,71.42117309570312,1741600.0
2013-07-15,NOC,71.60780508825107,71.9161424169403,71.41306604858642,71.61592102050781,1051400.0
2013-07-16,NOC,71.78629889959699,71.8593236980885,70.73145085668732,70.76390838623047,1293500.0
2013-07-17,NOC,70.91810179407277,71.30757988643019,70.80450350124829,71.08038330078125,1164800.0
2013-07-18,NOC,70.39068693552807,71.68895773309787,70.39068693552807,71.50233459472656,1528600.0
2013-07-19,NOC,71.24265890776884,71.73762546706598,71.24265890776884,71.69705200195312,1400800.0
2013-07-22,NOC,71.94860890944204,72.06220721260411,71.64027154237974,71.7619857788086,936400.0
2013-07-23,NOC,72.22450725347413,72.459819833233,71.59160054477856,72.02165222167969,1718200.0
2013-07-24,NOC,73.72561049616219,75.4539326049945,72.5165966131943,73.2712173461914,3091400.0
2013-07-25,NOC,73.27933431401662,73.49030523615433,72.80871544398431,73.36048126220703,1388800.0
2013-07-26,NOC,73.06022697599803,73.48216247558594,72.8086888622422,73.48216247558594,1609500.0
2013-07-29,NOC,73.20631782367396,74.2773920409095,73.19820188980235,74.15567779541016,1610300.0
2013-07-30,NOC,74.46398575467535,75.07255055100224,73.3685703594152,73.79051208496094,2086800.0
2013-07-31,NOC,73.75805141809771,75.31597574472607,73.676910686831,74.69929504394531,2936900.0
2013-08-01,NOC,75.01576410786247,75.85964151106928,75.01576410786247,75.53507232666016,2324700.0
2013-08-02,NOC,76.64674036150915,78.10729898839023,75.69738034935843,76.99565124511719,5320900.0
2013-08-05,NOC,76.99562294270966,77.58796210994441,76.67916972164943,77.42567443847656,1742800.0
2013-08-06,NOC,77.32829638582336,77.77457348623705,76.9144706241766,76.98749542236328,1520600.0
2013-08-07,NOC,76.56555868142503,77.79891382573925,76.56555868142503,77.75834655761719,1380000.0
2013-08-08,NOC,77.96933495648499,78.23710500833594,77.53117365972842,77.5798568725586,1539000.0
2013-08-09,NOC,77.5717472307392,77.81517569591546,77.11735403242943,77.48249053955078,1509700.0
2013-08-12,NOC,77.41759104287476,77.62855580161118,76.99564914411434,77.02810668945312,1148600.0
2013-08-13,NOC,77.32018663307855,77.55549909710314,76.62236517166528,77.29584503173828,1685600.0
2013-08-14,NOC,77.25528805909086,77.42568549548497,76.83335243430197,76.97940826416016,1333400.0
2013-08-15,NOC,76.25724488203416,76.95506030024175,75.8271871351417,76.10307312011719,1595100.0
2013-08-16,NOC,75.92455167068186,76.79277062314799,75.8271790644704,76.28968811035156,1587900.0
2013-08-19,NOC,76.17609065041874,77.0686574070115,76.04626669805012,76.06249237060547,1476400.0
2013-08-20,NOC,76.10306583795676,76.65483156446776,76.02192509389613,76.06249237060547,1668500.0
2013-08-21,NOC,75.92456481925971,76.81712553019145,75.88399134531798,76.27347564697266,1282000.0
2013-08-22,NOC,76.51690025875887,76.97129342895366,76.19233105548717,76.29781341552734,1021800.0
2013-08-23,NOC,76.2896937662651,76.83334978628197,76.15175387355379,76.73597717285156,1608500.0
2013-08-26,NOC,76.93069120373102,77.20657709012282,76.48441413284357,76.7197265625,1038100.0
2013-08-27,NOC,76.59803102683773,77.1011073452189,75.32410217734187,75.40524291992188,1274800.0
2013-08-28,NOC,75.51882797172863,75.90019620477005,75.1374597386872,75.42145538330078,1327900.0
2013-08-29,NOC,75.5276547474682,76.3607676844652,75.1355975684748,76.00955200195312,891100.0
2013-08-30,NOC,76.09939158098894,76.2464122311711,75.1192580674658,75.36428833007812,1011000.0
2013-09-03,NOC,76.31178004842025,76.73650304234067,75.87071795961508,76.07491302490234,1229000.0
2013-09-04,NOC,75.91970191155845,77.01419040103352,75.91970191155845,76.41793823242188,1307100.0
2013-09-05,NOC,76.45877972686792,76.55679557461613,76.17290796035705,76.41793823242188,1111500.0
2013-09-06,NOC,76.54046048810036,76.63847634097586,75.40513667632692,76.05856323242188,1033600.0
2013-09-09,NOC,76.24640267851889,76.6384597737308,76.24640267851889,76.37709045410156,1009400.0
2013-09-10,NOC,76.34442604924807,77.36540102854894,76.15656391118054,77.14486694335938,1378500.0
2013-09-11,NOC,77.23471321876522,77.68394470214844,77.18570841386405,77.68394470214844,1425200.0
2013-09-12,NOC,77.62677332815107,78.47622529104054,77.62677332815107,78.19851684570312,1059900.0
2013-09-13,NOC,78.45173709121661,78.6314234924528,77.7983104686807,78.56608581542969,889200.0
2013-09-16,NOC,79.2603700279527,80.04447845688847,78.91732375870704,79.87295532226562,957800.0
2013-09-17,NOC,79.81576086156353,80.72238736755297,79.71774499578095,80.65704345703125,874200.0
2013-09-18,NOC,80.63254497575971,80.90208394613626,79.58706728264428,80.52635955810547,1303700.0
2013-09-19,NOC,80.54269152322733,80.94291205404932,80.06078799173562,80.08529663085938,910500.0
2013-09-20,NOC,80.2812813554801,80.28945089770612,78.4843621893852,78.65589141845703,2412400.0
2013-09-23,NOC,78.6558938798347,79.00710942812522,77.92079084486207,78.2965087890625,1470700.0
2013-09-24,NOC,78.44354669964103,78.78659278112121,78.21484931198756,78.37003326416016,1249100.0
2013-09-25,NOC,78.44353789531532,78.50888177917838,77.97797362797853,78.19033813476562,1052800.0
2013-09-26,NOC,78.15767835307909,78.77842665175076,78.05149296739671,78.71308898925781,827300.0
2013-09-27,NOC,78.50073307576021,78.8111072592026,78.11684544557198,78.61508178710938,770000.0
2013-09-30,NOC,77.96165675729684,78.2148628215362,77.71662647028982,77.80647277832031,1159700.0
2013-10-01,NOC,77.74928432946409,78.56606426785439,77.59409414707828,78.52522277832031,890000.0
2013-10-02,NOC,78.28020630019458,78.3292173464622,77.08770803331568,77.74113464355469,1436700.0
2013-10-03,NOC,77.66760211180276,77.66760211180276,75.64199133439733,76.02587890625,1579200.0
2013-10-04,NOC,76.03405403997618,76.39343926635615,75.56032633338316,76.22191619873047,1218700.0
2013-10-07,NOC,75.89518793278019,78.05148640208813,75.81351118788172,77.5777587890625,1828200.0
2013-10-08,NOC,77.43076475746147,77.59411830337957,76.52413824507786,76.85084533691406,1450300.0
2013-10-09,NOC,76.85901641845703,77.3000784790894,76.23009839942142,76.85901641845703,1290200.0
2013-10-10,NOC,77.47159377489564,79.31751860615658,77.44709136813951,79.3093490600586,1169600.0
2013-10-11,NOC,79.3501901467331,80.37933484590786,79.27667669530886,80.33849334716797,963700.0
2013-10-14,NOC,79.79943565315334,80.88575498632639,79.35837975923434,80.70606231689453,764500.0
2013-10-15,NOC,80.722410457142,80.7877543863545,79.35021910137992,79.5135726928711,1128400.0
2013-10-16,NOC,80.06076812694947,80.63251783208415,79.90558417356509,80.59984588623047,1007800.0
2013-10-17,NOC,80.46100867187819,82.27426147460938,80.15062824848678,82.27426147460938,1246700.0
2013-10-18,NOC,82.39674116235392,82.98482359528484,82.04552561110546,82.97665405273438,1123800.0
2013-10-21,NOC,83.09920407781394,83.14821512034455,81.58816216733067,81.84136199951172,1098300.0
2013-10-22,NOC,82.21708596061627,83.22989151642311,82.19257732369002,82.8705062866211,1017500.0
2013-10-23,NOC,83.71997660444234,86.34184048983094,83.51578153955346,86.21932220458984,1957200.0
2013-10-24,NOC,86.54601221295788,88.22041378607031,86.32548434423211,87.78752136230469,1769700.0
2013-10-25,NOC,87.62415664058894,88.84932662992946,87.2974433971241,88.51445007324219,1503600.0
2013-10-28,NOC,88.28574867468883,88.48178036465013,87.91003061623513,88.09789276123047,1049800.0
2013-10-29,NOC,88.1224079416965,88.53896755384113,87.33829976277225,88.4654541015625,1201200.0
2013-10-30,NOC,88.66148101611728,88.91468084922273,87.55882291244664,87.88553619384766,1074000.0
2013-10-31,NOC,87.99986761234705,88.77581228211456,87.62414959361664,87.81201171875,1857900.0
2013-11-01,NOC,87.8610330503069,89.36391163951373,87.82836109928746,88.31026458740234,1947400.0
2013-11-04,NOC,88.57979667911296,89.23322323200809,88.50628946346941,88.74315643310547,1126100.0
2013-11-05,NOC,88.6124844092378,89.5599524564987,88.38378694446132,89.12705993652344,788200.0
2013-11-06,NOC,89.29854872859781,89.75594348242993,88.71046619850729,89.53541564941406,773000.0
2013-11-07,NOC,89.58443290298638,90.22968986700388,88.68597612669078,88.75948333740234,1088800.0
2013-11-08,NOC,88.80847971826826,90.4665418892725,88.71046388862663,90.4420394897461,829200.0
2013-11-11,NOC,90.03367596196041,90.0826807753908,89.5272700408743,89.98466491699219,895600.0
2013-11-12,NOC,89.84579622448575,89.85396576897277,89.02901625880861,89.31488800048828,919500.0
2013-11-13,NOC,89.03718867442295,89.29038847785593,87.1259202527079,89.28221893310547,1581000.0
2013-11-14,NOC,89.82948822894579,89.98467222792948,89.14338962748806,89.92749786376953,1028500.0
2013-11-15,NOC,89.54362899950776,89.60897292415169,88.48998158289794,89.46195220947266,1085400.0
2013-11-18,NOC,90.23785754769786,90.94028261784293,89.91114429992118,90.31953430175781,1334900.0
2013-11-19,NOC,90.46656263383451,90.77693681823314,89.7314593217984,90.05000305175781,1078700.0
2013-11-20,NOC,89.97651053254971,90.38490063576961,89.42109974290908,89.66613006591797,890000.0
2013-11-21,NOC,90.1316776888971,90.70342746546915,90.01732897989014,90.47472381591797,1584500.0
2013-11-22,NOC,90.16434766777617,91.6835590331287,90.12350617336482,91.48753356933594,1228100.0
2013-11-25,NOC,91.57739199826253,91.912268616938,90.63809358625618,91.1935043334961,1998400.0
2013-11-26,NOC,91.19350273907146,91.80608783642545,91.19350273907146,91.45487213134766,2032900.0
2013-11-27,NOC,91.86550596890862,93.89400508070567,91.70125761612607,93.58192443847656,1634400.0
2013-11-29,NOC,93.60653500412087,94.01716200994306,92.39107630999202,92.53890228271484,724900.0
2013-12-02,NOC,92.47322653819396,92.92491887825724,91.66018659175268,91.83264923095703,906700.0
2013-12-03,NOC,91.95583044525863,92.99882048457881,91.57805427882487,92.40751647949219,1697600.0
2013-12-04,NOC,91.97226069499331,92.60462996933855,90.05874307537883,90.7403793334961,1799800.0
2013-12-05,NOC,90.40367552593806,91.29883971213019,89.86985897379894,89.96019744873047,1239500.0
2013-12-06,NOC,90.39543524656631,90.62538538369017,89.7137928646125,90.55147552490234,1916900.0
2013-12-09,NOC,90.48578026702653,90.62539196532364,89.64810381157207,90.28868103027344,1312100.0
2013-12-10,NOC,90.21475963742316,90.78142695891032,89.97659520180784,90.44470977783203,1074800.0
2013-12-11,NOC,90.57614770742096,90.7486103779779,88.054896972886,88.30126953125,2031100.0
2013-12-12,NOC,88.40801082155204,88.95824960028813,88.04665698922533,88.72008514404297,1881600.0
2013-12-13,NOC,88.82687808956462,89.71382807144512,88.52301170873386,89.4510269165039,899400.0
2013-12-16,NOC,89.48384184688345,90.33794682327496,89.04036390150682,90.05872344970703,1333000.0
2013-12-17,NOC,90.19013869041703,90.45293979164894,89.79593390573292,89.98482513427734,1194000.0
2013-12-18,NOC,90.28046698026044,91.5862580426017,89.08143669943603,91.55341339111328,2067500.0
2013-12-19,NOC,91.52880446142741,91.8573074892332,90.47759978498819,90.78968048095703,1374500.0
2013-12-20,NOC,90.87997218683475,92.84276877882667,90.59252826942944,92.19397735595703,3552100.0
2013-12-23,NOC,92.80172381062667,93.01525165519864,92.01332053721352,92.41573333740234,1140500.0
2013-12-24,NOC,92.44036500746587,93.86935173802574,92.44036500746587,93.80364990234375,570600.0
2013-12-26,NOC,93.99252271813612,95.16691625029112,93.92682715660402,94.70701599121094,981100.0
2013-12-27,NOC,94.87129664143919,95.42154179979202,93.72154560171263,94.19786834716797,905300.0
2013-12-30,NOC,94.21427460653689,94.50171229832416,93.22876589311679,93.56548309326172,725900.0
2013-12-31,NOC,93.82830272699762,94.26356649862831,93.49979975753217,94.12395477294922,965800.0
2014-01-02,NOC,93.77079713523584,94.02538391139295,92.60461777040234,92.99060821533203,1083600.0
2014-01-03,NOC,92.99060035584608,94.000739345054,92.99060035584608,93.27803802490234,1278900.0
2014-01-06,NOC,93.63117230862647,94.51812188579717,93.15484347461847,93.45870971679688,1277200.0
2014-01-07,NOC,93.46695778159327,94.37855063293182,92.92493315590941,94.04183959960938,1666600.0
2014-01-08,NOC,93.81187741943822,94.71525585753011,93.335548442121,94.60028076171875,1282400.0
2014-01-09,NOC,94.8548709723074,95.48723402189331,94.64955739877426,94.96163177490234,1931200.0
2014-01-10,NOC,95.25729341125552,95.73362245356425,94.4606756632466,95.56937408447266,1502400.0
2014-01-13,NOC,95.62685201380735,96.52201618688875,94.67419402509056,94.96163177490234,1201700.0
2014-01-14,NOC,95.52005723728882,96.21812819734498,94.59204240975787,96.17706298828125,1378700.0
2014-01-15,NOC,96.20170669166426,97.28576187466085,96.09494591217647,96.80943298339844,1094700.0
2014-01-16,NOC,96.85051952157181,97.35969944148941,96.46452899937157,97.14617156982422,871600.0
2014-01-17,NOC,97.12973153317462,97.45002643577803,96.76016964923019,97.10509490966797,889200.0
2014-01-21,NOC,97.7785326161381,98.91186753308284,97.32684652133695,97.88529968261719,990900.0
2014-01-22,NOC,98.38625167663875,98.90363954601628,97.61427075492796,98.81330108642578,1215800.0
2014-01-23,NOC,98.0577598344178,99.10896428403782,96.45631026903841,96.49737548828125,1427800.0
2014-01-24,NOC,95.82393354288455,95.84857016463799,93.15485758128155,93.17127990722656,2166900.0
2014-01-27,NOC,93.17129194341734,93.55728244254333,91.5452120409082,92.55535125732422,1687300.0
2014-01-28,NOC,93.16306392258045,93.28624702083002,91.70123267708657,91.9886703491211,2168900.0
2014-01-29,NOC,91.22490619960496,92.62103565213124,90.74857732166673,92.08721923828125,1682000.0
2014-01-30,NOC,101.54812053159428,101.54812053159428,92.01335525215258,93.00707244873047,2070100.0
2014-01-31,NOC,92.20223056853558,95.717204733749,91.99691696444404,94.89595031738281,2079600.0
2014-02-03,NOC,95.33943222932493,96.25923952816936,92.12011608188133,93.00707244873047,2657300.0
2014-02-04,NOC,91.1674272235374,91.97225280186821,89.65631629163569,90.99496459960938,2732400.0
2014-02-05,NOC,90.44472790247055,92.02154081750604,90.0915883258835,91.48772430419922,1657600.0
2014-02-06,NOC,91.75051836352522,92.62926008905559,91.53699052147263,92.21041870117188,1150000.0
2014-02-07,NOC,92.8674164124885,95.25726261829749,92.75244133815661,94.41958618164062,1674500.0
2014-02-10,NOC,94.2142832691505,94.41959682011512,92.90027779611142,93.88578033447266,1726200.0
2014-02-11,NOC,93.90220826509338,96.41525053951858,93.87757164001505,96.00462341308594,1682700.0
2014-02-12,NOC,96.13601611012827,97.17079817226539,95.93891685351676,96.96548461914062,1499500.0
2014-02-13,NOC,96.11960572820244,97.97564223350076,96.08675480373918,97.61428833007812,979500.0
2014-02-14,NOC,97.46643598877142,99.19928262591564,96.89156063005264,98.78044128417969,1233600.0
2014-02-18,NOC,98.99395135488605,99.25675236685224,98.23839922869202,98.59974670410156,1088100.0
2014-02-19,NOC,98.5422917812557,99.67562661118096,97.6553419884664,97.77031707763672,1100300.0
2014-02-20,NOC,99.33891325906801,99.52780449333268,97.70461905709237,99.05147552490234,992800.0
2014-02-21,NOC,99.74131851448293,99.74131851448293,97.8442233473454,98.93649291992188,1027200.0
2014-02-24,NOC,99.17464364172471,101.26062973969533,99.17464364172471,100.29154968261719,1343800.0
2014-02-25,NOC,100.19302176869994,100.75147492754583,98.09882085660959,98.28771209716797,1588800.0
2014-02-26,NOC,98.59158309804603,99.11718535879749,97.45824813244126,97.49931335449219,1574200.0
2014-02-27,NOC,97.8294797601586,99.1172508076092,97.49102356033666,99.07597351074219,1374400.0
2014-02-28,NOC,98.79533386379511,100.57015102635563,98.65500109462431,99.90975189208984,1394700.0
2014-03-03,NOC,98.84485574395538,100.53712448907602,98.80358473677715,99.9014892578125,1293800.0
2014-03-04,NOC,101.53597095266913,102.79897836415131,101.48644322611136,102.56784057617188,1766500.0
2014-03-05,NOC,102.81547227179487,102.94754828353415,101.59373609854296,102.07252502441406,1118100.0
2014-03-06,NOC,102.08079644059478,102.51830813314655,101.65153517006816,102.10556030273438,1187100.0
2014-03-07,NOC,102.54306681013716,103.4923880316886,102.23763116378514,102.6091079711914,1206700.0
2014-03-10,NOC,102.01475157549967,102.23763262470287,100.76825140942412,101.30482482910156,1230500.0
2014-03-11,NOC,101.4864340318367,101.61851005670263,100.33899561829767,100.52059936523438,915100.0
2014-03-12,NOC,100.12438199515604,101.23054329612357,99.4227118551956,101.05718994140625,1051200.0
2014-03-13,NOC,101.17273272193003,102.48527392308372,99.67858778989049,99.83543395996094,1462800.0
2014-03-14,NOC,99.80242343526037,101.18099963285879,99.63732052959979,100.2481918334961,1401600.0
2014-03-17,NOC,100.52886273940182,101.25530296736231,99.97578214622806,101.13147735595703,1359800.0
2014-03-18,NOC,101.51120760331195,102.41099489650615,101.45342315602454,102.35321044921875,928000.0
2014-03-19,NOC,102.64212010064799,103.48412914134799,100.80952515507192,101.43689727783203,1674500.0
2014-03-20,NOC,101.32134947133534,102.0312763403557,100.80954612252968,100.99114990234375,1162600.0
2014-03-21,NOC,101.86617674382242,101.99000236584901,100.2564562535423,100.61141967773438,3311500.0
2014-03-24,NOC,100.76000556232954,101.01591351817768,98.99344522546856,99.9014892578125,1173300.0
2014-03-25,NOC,100.55360597117519,101.04890831517358,100.14085821653048,100.81776428222656,1053200.0
2014-03-26,NOC,100.99115594251704,101.93222697473902,100.41331138574623,100.42982482910156,1089400.0
2014-03-27,NOC,100.00054868151568,100.10786085531778,98.79532571422672,99.00995635986328,1456100.0
2014-03-28,NOC,99.4639805125043,101.19752031671636,99.40619606229833,100.55363464355469,946300.0
2014-03-31,NOC,101.21404140983977,102.18812671411472,101.20578468831968,101.84967041015625,1007100.0
2014-04-01,NOC,101.66805436300379,102.3614677342772,101.32959809985908,102.3201904296875,1408700.0
2014-04-02,NOC,102.24592513578368,103.62450181039583,101.99002341600277,102.8485336303711,1417100.0
2014-04-03,NOC,103.11270770451597,103.29431153297179,102.52660000610238,103.20350646972656,712200.0
2014-04-04,NOC,103.64099941663079,104.01247000457676,99.44747927317229,99.62908935546875,2437000.0
2014-04-07,NOC,99.52999908932476,100.39677194368124,98.43208848661489,98.4733657836914,1354800.0
2014-04-08,NOC,98.39910256893862,98.77057947938346,97.11133106134359,98.12669372558594,1184500.0
2014-04-09,NOC,98.56419198102755,99.38143099491683,97.89553615327029,99.32364654541016,1380600.0
2014-04-10,NOC,99.37318683124384,99.58781751283259,96.67381820885628,96.71509552001953,1203200.0
2014-04-11,NOC,96.64079988370362,97.69743357469083,96.26932926666498,96.31060028076172,1359900.0
2014-04-14,NOC,97.21865671709025,98.01938880827393,96.44269479512656,97.40852355957031,1075600.0
2014-04-15,NOC,97.67264211693264,98.47337388102228,95.8482975410943,98.16793823242188,1234100.0
2014-04-16,NOC,98.7127913489719,99.75291154423557,98.13494049801436,99.55479431152344,1216000.0
2014-04-17,NOC,100.23167551193791,100.8920745195279,96.83063762753507,100.71046447753906,881100.0
2014-04-21,NOC,100.76825069641541,101.16449136756745,100.33899574252987,100.88381958007812,822800.0
2014-04-22,NOC,101.2552906035868,101.85789884852832,98.86135216818121,98.88611602783203,1771700.0
2014-04-23,NOC,98.4486335946921,100.91686434151794,96.72334404999066,100.42982482910156,1661400.0
2014-04-24,NOC,100.50412302901174,100.7104969982705,97.69743578748599,98.38259887695312,1951300.0
2014-04-25,NOC,98.35781323013248,98.35781323013248,97.52406081548551,98.2257308959961,1731900.0
2014-04-28,NOC,98.63847704571722,98.87787154869557,97.2268801885957,98.32479095458984,1449500.0
2014-04-29,NOC,98.67152046054808,99.74466761214426,98.30004983778294,99.4392318725586,1270700.0
2014-04-30,NOC,99.16679639775583,100.57014286974584,98.82008971450028,100.30598449707031,1270500.0
2014-05-01,NOC,100.0666022601433,100.3390173866961,99.29063418985345,99.56304931640625,1347900.0
2014-05-02,NOC,99.381422315952,100.14913353408649,99.05947951138256,99.66209411621094,811400.0
2014-05-05,NOC,99.37317191794004,100.24820165862128,99.07599295665698,99.84370422363281,1063400.0
2014-05-06,NOC,99.43096051866095,99.72813949235524,98.67976266151291,98.74580383300781,715300.0
2014-05-07,NOC,99.12554099213104,99.9427801021477,98.52292626379415,99.81895446777344,899600.0
2014-05-08,NOC,99.88496996732319,100.64442442579505,99.62081162098377,100.07483673095703,947200.0
2014-05-09,NOC,99.88497392418351,99.98403566974696,99.18330387936383,99.93450164794922,691700.0
2014-05-12,NOC,100.22342522018121,101.2883090168005,100.19040463995579,101.07368469238281,891300.0
2014-05-13,NOC,101.19753211341475,101.93222920601045,100.89210268302153,101.5937728881836,908500.0
2014-05-14,NOC,101.6680583465075,101.6680583465075,100.41330129499367,100.495849609375,631300.0
2014-05-15,NOC,100.4463212387664,100.52886955262046,98.29177686760241,98.39083862304688,1079100.0
2014-05-16,NOC,98.40734093285195,98.621971576756,97.65614312623627,98.13492584228516,1473300.0
2014-05-19,NOC,98.4321137086607,98.88613890071568,97.71393642054284,98.79533386230469,1093000.0
2014-05-20,NOC,98.27525652819436,98.71276820110366,96.99573579214905,97.14432525634766,991900.0
2014-05-21,NOC,97.3177179149901,98.22576220853206,97.3177179149901,97.62315368652344,1177800.0
2014-05-22,NOC,97.63138411307996,98.1431937691282,97.41675974270143,97.82125091552734,768800.0
2014-05-23,NOC,98.08538136624655,99.15027138549655,97.79645918227126,99.07597351074219,968400.0
2014-05-27,NOC,99.01819617099733,99.33188853439522,98.40733118137612,99.1998062133789,948000.0
2014-05-28,NOC,99.41444622509225,100.38027467112165,98.97693451696091,99.28236389160156,1385100.0
2014-05-29,NOC,99.34878890411127,99.89680232404889,98.99174745820396,99.80546569824219,1369500.0
2014-05-30,NOC,99.51486752501155,101.13401186950301,99.38201826174199,100.92642974853516,1163100.0
2014-06-02,NOC,100.735466418642,101.53258112173368,100.15423892729532,101.26687622070312,946800.0
2014-06-03,NOC,100.59428593100556,101.38309536923445,100.03796742889033,100.87659454345703,1758500.0
2014-06-04,NOC,100.88490928128371,101.61559605559523,100.40331724746535,101.51596069335938,1242300.0
2014-06-05,NOC,101.4661412321329,102.81958075569173,101.30838312320988,102.69503021240234,1226300.0
2014-06-06,NOC,102.8776846788556,103.42569810021743,102.65349247496464,102.9607162475586,995200.0
2014-06-09,NOC,102.75317218163109,103.72465519824385,102.36291669592211,103.34270477294922,924100.0
2014-06-10,NOC,102.96899224920527,102.98559602429958,102.15526790176565,102.75310516357422,944700.0
2014-06-11,NOC,102.10549407850601,102.51235325945214,101.46613760211567,101.49935150146484,973500.0
2014-06-12,NOC,101.08419369115083,101.3000808831996,99.05819638122152,99.2491683959961,1554700.0
2014-06-13,NOC,99.60619364360038,100.81847234181093,99.34879386795859,100.30367279052734,977500.0
2014-06-16,NOC,99.93833130870968,101.41631491482782,99.93833130870968,100.93472290039062,1107600.0
2014-06-17,NOC,100.79356516825261,101.16721041873633,100.04626833238216,100.54446411132812,747800.0
2014-06-18,NOC,100.47803393973665,101.0343524057347,99.77225611952542,100.83507537841797,838100.0
2014-06-19,NOC,100.9264186588325,102.02245188371553,100.61919487299225,101.5740737915039,994700.0
2014-06-20,NOC,102.23004761690702,103.05207106148174,101.83979220673307,102.5040512084961,1621000.0
2014-06-23,NOC,102.62029663760741,102.62029663760741,101.45784180141433,101.74015045166016,701100.0
2014-06-24,NOC,101.26686632127011,101.76506217013777,100.10440511730965,100.13761901855469,792800.0
2014-06-25,NOC,100.07119795042415,100.4531546729941,99.77228548891118,100.22065734863281,722600.0
2014-06-26,NOC,100.31198136951964,100.31198136951964,99.25746699013774,99.97154998779297,615000.0
2014-06-27,NOC,99.78889574693844,100.25387775601773,99.58131358789878,100.19575500488281,892400.0
2014-06-30,NOC,100.56106492884497,100.58597376525367,99.13289918232415,99.3321762084961,938900.0
2014-07-01,NOC,99.08309989205262,100.67732906700482,98.21955750522761,99.9964599609375,1257200.0
2014-07-02,NOC,99.64769222972086,100.31195100993777,99.25743694970633,99.42350006103516,990200.0
2014-07-03,NOC,99.83038792477583,100.88490222237667,99.67262349906981,100.62750244140625,542400.0
2014-07-07,NOC,100.46971979649697,100.46971979649697,99.54805491801795,99.73072814941406,725000.0
2014-07-08,NOC,99.53146761399582,99.99644949094568,98.61810130584009,99.09969329833984,1078600.0
2014-07-09,NOC,99.4650225803834,99.80545387131065,98.95021678092299,99.47332763671875,690700.0
2014-07-10,NOC,98.16972454157843,100.22893532161875,98.16972454157843,99.5729751586914,804100.0
2014-07-11,NOC,99.81376814697163,101.21702505687146,99.30726735706348,101.02604675292969,725800.0
2014-07-14,NOC,100.9430320662018,101.88130095879723,100.81018280485983,101.58238220214844,926900.0
2014-07-15,NOC,101.87300874518714,102.81127769774065,101.66542661396615,102.25495910644531,1048800.0
2014-07-16,NOC,102.49574434079727,102.66180749431756,101.86469295459439,102.28816223144531,787600.0
2014-07-17,NOC,101.64879969853365,102.96072007143344,101.59067696479266,101.76504516601562,803000.0
2014-07-18,NOC,102.13039520041065,103.29285625016016,101.96433205111917,102.852783203125,703000.0
2014-07-21,NOC,102.74484394166535,104.04016067315993,102.44592518323611,103.89070129394531,1276700.0
2014-07-22,NOC,104.22281372006479,105.46000754661904,103.96541395375611,105.06144714355469,1230300.0
2014-07-23,NOC,103.75784825312435,106.25713880354648,103.73293941179217,105.12789154052734,1088900.0
2014-07-24,NOC,105.46001114471157,106.522824141038,104.62968275032578,106.21560668945312,1196100.0
2014-07-25,NOC,105.79214282159907,106.53943330192858,105.74231881064834,105.91668701171875,952200.0
2014-07-28,NOC,106.25714830006298,106.66401386119696,105.11959587663212,106.1076889038086,1262000.0
2014-07-29,NOC,105.91668293124803,106.25712059753398,104.79574091903552,104.92859649658203,1060600.0
2014-07-30,NOC,105.51810976272327,105.64266026039566,104.04842529301166,104.4968032836914,1027900.0
2014-07-31,NOC,103.71633593723459,103.79106246145305,102.15531430347595,102.3545913696289,1445600.0
2014-08-01,NOC,102.05569030994677,103.6665234711096,102.00586628667884,102.89431762695312,1030600.0
2014-08-04,NOC,102.57046796967376,102.93581449900928,101.48273977448325,102.42931365966797,1372000.0
2014-08-05,NOC,102.23004892792474,103.98204259932011,102.03076552342682,102.18852996826172,1230200.0
2014-08-06,NOC,101.30004172896528,101.46610483718332,100.12097718987337,100.45310974121094,1212800.0
2014-08-07,NOC,101.134027463753,101.59900945924925,99.61452458359332,99.88853454589844,1302100.0
2014-08-08,NOC,100.26216651206265,102.09719173938275,100.08779828701272,102.01416015625,1258900.0
2014-08-11,NOC,102.34625188459286,102.97729673190327,102.27982411069665,102.53722381591797,709100.0
2014-08-12,NOC,102.61197945410612,103.28454339332603,101.96432435190879,102.1552963256836,769700.0
2014-08-13,NOC,102.54555624965407,104.35567239474449,102.2632476375744,103.92390441894531,759700.0
2014-08-14,NOC,104.10654904946513,104.56323210050594,103.741208943534,103.79933166503906,725300.0
2014-08-15,NOC,104.2145074483447,104.60476276570604,102.69500512815567,103.68309783935547,868100.0
2014-08-18,NOC,104.30584362251463,105.40187672822834,104.30584362251463,105.22750854492188,727400.0
2014-08-19,NOC,105.50980912227126,105.80042273906744,104.9950033333025,105.45999145507812,662800.0
2014-08-20,NOC,105.46830078814266,106.60585287108852,105.25241998531685,106.42317962646484,935200.0
2014-08-21,NOC,106.74699586355979,106.74699586355979,105.99970551998724,106.30692291259766,730700.0
2014-08-22,NOC,106.5311314206847,106.83005013791511,105.8253472447835,105.94989776611328,686000.0
2014-08-25,NOC,106.53943468014612,106.6473814261834,105.85856564743827,106.29864501953125,673000.0
2014-08-26,NOC,106.31524578977316,106.33185590579195,105.46831358500481,105.67589569091797,776600.0
2014-08-27,NOC,105.92499563269718,106.1657916332004,105.40189101188861,105.96651458740234,738000.0
2014-08-28,NOC,105.45720825014928,106.19193123314083,105.45720825014928,105.93310546875,682600.0
2014-08-29,NOC,105.94981732772078,106.60104449232799,105.8412752203916,106.21698760986328,811800.0
2014-09-02,NOC,107.21052026778017,107.46933966339385,106.70957046101107,107.34410858154297,1027800.0
2014-09-03,NOC,107.7866234670956,107.7866234670956,106.54260601192364,106.80977630615234,862500.0
2014-09-04,NOC,107.21053008244411,107.39421084576246,106.05835306520798,106.21698760986328,1036500.0
2014-09-05,NOC,106.28379716461049,106.54261662139956,105.81624432576982,106.47582244873047,1002200.0
2014-09-08,NOC,106.47580620902895,107.16878131263151,106.45075999055881,106.49250793457031,1064100.0
2014-09-09,NOC,106.7930833775694,108.07049157495054,106.50921135046114,107.26897430419922,1160300.0
2014-09-10,NOC,107.16878951067613,108.80521476744732,107.15208778385714,108.52969360351562,1143100.0
2014-09-11,NOC,108.20406328012186,108.49627338603813,107.9201849268005,108.33763885498047,943400.0
2014-09-12,NOC,108.32931110074216,108.79685753419541,108.03708820999147,108.52969360351562,911400.0
2014-09-15,NOC,108.3460024024558,109.30614139736332,108.15396441172742,109.01393127441406,745400.0
2014-09-16,NOC,108.80520924559278,110.38318474825778,108.60482675298871,110.14939880371094,728300.0
2014-09-17,NOC,111.01770440177536,111.30157003004574,110.14939305218142,110.68374633789062,813600.0
2014-09-18,NOC,110.79228205128607,111.01771076415342,110.31639114599304,110.57521057128906,944800.0
2014-09-19,NOC,111.31828224423793,112.07805156180189,111.2097401303903,111.59380340576172,1821000.0
2014-09-22,NOC,111.03445698719338,111.59384400725844,110.0826620554919,110.12439727783203,1009500.0
2014-09-23,NOC,109.74865228566713,109.74865228566713,107.51110499672912,107.56954193115234,1175800.0
2014-09-24,NOC,107.40256272740275,108.73006336660426,107.21053745788122,108.52969360351562,1001200.0
2014-09-25,NOC,109.07237331537337,109.29780202740793,107.21053216700987,107.61962890625,1042300.0
2014-09-26,NOC,108.83025546470776,110.50007135068911,108.4628939314424,110.14939880371094,985900.0
2014-09-29,NOC,109.57331553898226,110.91751774495667,109.03897500155857,110.1911392211914,1066100.0
2014-09-30,NOC,110.34976919506822,110.99265180778241,109.63174793324897,110.00745391845703,1390500.0
2014-10-01,NOC,109.04733450709084,109.25606150731575,106.66784797849533,106.88492584228516,1567200.0
2014-10-02,NOC,107.05190743410074,107.51945388734646,105.65761256828394,105.9498291015625,1349300.0
2014-10-03,NOC,106.6010648519567,107.76159295367593,106.5509724050635,107.2606430053711,1096300.0
2014-10-06,NOC,107.76989077921654,108.26248327993429,106.20026017795362,106.65946197509766,911400.0
2014-10-07,NOC,106.13352402678505,106.1919673412279,103.99615487749628,104.03790283203125,1028500.0
2014-10-08,NOC,103.98780370705457,105.59917655307348,103.05270436615342,105.49898529052734,1001200.0
2014-10-09,NOC,105.28189050956962,105.68264912559196,103.26976567598484,103.54528045654297,771700.0
2014-10-10,NOC,103.36160399848762,104.70580627168877,102.7354230527048,103.53693389892578,1198100.0
2014-10-13,NOC,103.69555467861426,104.54716427125757,101.34111474517222,101.416259765625,981500.0
2014-10-14,NOC,101.86710318194811,104.88112087085018,101.75021659870877,103.68720245361328,1155700.0
2014-10-15,NOC,102.08418978573015,103.16122177967783,98.71951184742146,101.26598358154297,1965300.0
2014-10-16,NOC,99.61286323476061,102.30126779244354,98.99503314921822,101.5248031616211,1163400.0
2014-10-17,NOC,102.28457767285484,104.3384505244045,102.28457767285484,103.89595031738281,1058300.0
2014-10-20,NOC,103.61209245174008,104.15478398293445,103.02765933804969,104.0879898071289,973300.0
2014-10-21,NOC,103.94603296578398,105.38207556488756,102.97753674970325,105.30693054199219,1456300.0
2014-10-22,NOC,106.0332898575948,107.37749191577048,104.01281452450324,104.45531463623047,1920100.0
2014-10-23,NOC,106.11679655096911,108.14562307417033,104.83103757533392,107.87010192871094,1864500.0
2014-10-24,NOC,107.845047028933,109.28108957105596,107.31905099906152,109.19759368896484,1036400.0
2014-10-27,NOC,109.2393416300104,109.36458545314707,107.95358912771485,109.19759368896484,1311600.0
2014-10-28,NOC,110.29134812062298,112.09473965673261,109.823788955292,112.04464721679688,1658900.0
2014-10-29,NOC,112.21999862307283,113.61429359452968,111.69400245347613,113.26363372802734,1750100.0
2014-10-30,NOC,112.42034018134291,115.03360590466377,111.66892819032797,114.62449645996094,1779500.0
2014-10-31,NOC,115.88522617667272,116.23588598742118,114.50762041335626,115.18390655517578,1500700.0
2014-11-03,NOC,115.04195373893721,115.12544962466794,113.72281047011309,114.34899139404297,1254100.0
2014-11-04,NOC,115.14213408159011,116.44458816968253,114.23208766615139,115.69317626953125,1325400.0
2014-11-05,NOC,116.26927748678357,116.43626926990414,114.38239009055422,115.08370971679688,1354300.0
2014-11-06,NOC,115.1254470548565,115.78501867454571,114.21540052324968,115.30912780761719,1208800.0
2014-11-07,NOC,115.3258612095474,115.34255019915827,113.03820840387263,113.63934326171875,1826900.0
2014-11-10,NOC,113.33873727243706,113.68105253829746,112.57062360200452,113.25524139404297,1089100.0
2014-11-11,NOC,113.44730222862965,114.9417819314694,113.38885255403838,114.25716400146484,615100.0
2014-11-12,NOC,113.6893713694671,114.24041346725478,113.02144271211957,113.56414031982422,787800.0
2014-11-13,NOC,113.66436184039523,115.26738349153598,113.66436184039523,114.54936218261719,969900.0
2014-11-14,NOC,113.79795940998457,114.61616565743492,113.37214818982451,113.6059341430664,1195200.0
2014-11-17,NOC,113.60592413703485,114.0734705229694,113.26360884030294,113.47233581542969,768800.0
2014-11-18,NOC,113.7144646802004,115.50952448656997,113.39720830980357,115.28409576416016,1201000.0
2014-11-19,NOC,114.65790553695125,115.0753594946014,113.99832114964111,114.8332290649414,993700.0
2014-11-20,NOC,114.22374626149971,115.79337716959752,113.9565823616416,115.5929946899414,763400.0
2014-11-21,NOC,116.88713256293249,117.37972527835154,115.89358989779774,116.1607666015625,1068800.0
2014-11-24,NOC,116.02714671371736,117.57173135578688,115.89355839814404,117.48823547363281,718300.0
2014-11-25,NOC,117.32959824735578,118.81573318985784,117.32959824735578,118.1895523071289,1176400.0
2014-11-26,NOC,118.18956790898969,118.85241729656933,118.02175907189302,118.68460845947266,801700.0
2014-11-28,NOC,118.72659026841525,119.57403340612875,118.07212669612235,118.24832153320312,880600.0
2014-12-01,NOC,118.07209324116803,118.42449561847512,116.360409919399,116.42753601074219,1387000.0
2014-12-02,NOC,116.65406385048945,118.08045782507828,116.52821045387503,117.61058807373047,2133000.0
2014-12-03,NOC,117.93785914059582,119.09576198855673,117.73649363868594,118.28187561035156,1166600.0
2014-12-04,NOC,117.95463941944669,118.6594442555472,116.71283859350854,117.33373260498047,949000.0
2014-12-05,NOC,120.19490382902718,124.82650161376897,120.01031028232784,123.92031860351562,2145700.0
2014-12-08,NOC,123.92032287707366,124.1804284828494,122.39323308407765,122.98058319091797,2355000.0
2014-12-09,NOC,121.78913458456935,124.23079385118274,121.1766264781562,123.8028793334961,1307800.0
2014-12-10,NOC,123.51757883838987,123.71894431181501,120.98362327284862,121.09270477294922,1603300.0
2014-12-11,NOC,121.56259016639183,123.17357817485103,121.0255941635721,122.26739501953125,1145100.0
2014-12-12,NOC,121.39475486415273,121.39475486415273,118.75173056054902,118.77690124511719,1224400.0
2014-12-15,NOC,119.31392980048707,120.48021878191088,117.90431986739786,119.06221008300781,1237900.0
2014-12-16,NOC,118.51680343847526,122.65334837942174,118.48324679117289,120.64800262451172,1715200.0
2014-12-17,NOC,120.91651366302479,121.4954650840258,119.11254610172703,120.50537109375,1526700.0
2014-12-18,NOC,121.94018724367668,124.67550917010898,121.91501655133199,124.64195251464844,1410600.0
2014-12-19,NOC,124.77615313247304,126.47943755926785,124.65868568245243,125.77462005615234,2309500.0
2014-12-22,NOC,126.14384379475423,128.38412475896783,126.0599457649196,127.7380599975586,1196000.0
2014-12-23,NOC,128.38410579206746,128.53514270824914,126.8234592741564,126.96611022949219,933000.0
2014-12-24,NOC,127.15910943426357,128.16597542033813,126.9577311158504,127.3353042602539,417600.0
2014-12-26,NOC,127.47791343324573,128.03169408064923,127.1003403747407,127.1590805053711,549400.0
2014-12-29,NOC,126.6304496836423,127.18423023982945,125.99277112993599,126.76470184326172,796000.0
2014-12-30,NOC,126.30326678583761,126.81509213927909,125.7411000538602,126.49624633789062,948400.0
2014-12-31,NOC,126.48779480629703,126.87376651331628,123.53431170094161,123.66856384277344,1600600.0
2015-01-02,NOC,124.42376885500073,125.15375722119538,121.27730480259534,122.8883056640625,2042000.0
2015-01-05,NOC,122.04086424976131,122.8967061580556,119.523692710187,120.29562377929688,5765000.0
2015-01-06,NOC,120.37110543358466,122.50230427184692,118.79367440490758,120.95844268798828,3121100.0
2015-01-07,NOC,121.70523086838163,124.87686557667163,121.5625927024844,124.7845687866211,2369900.0
2015-01-08,NOC,125.72426406168331,128.49315397908546,125.69909338267887,127.67926788330078,3466300.0
2015-01-09,NOC,127.91424380220204,128.91272373308018,127.3688618447785,128.15757751464844,1891200.0
2015-01-12,NOC,128.19949459089148,128.87074265302377,126.5213808370567,127.511474609375,1588700.0
2015-01-13,NOC,128.40091761860745,130.03707653846007,126.66407593537818,127.53668975830078,1487900.0
2015-01-14,NOC,126.45427742815112,127.93101303776459,125.0614398309857,127.62895202636719,1401800.0
2015-01-15,NOC,128.04010188542446,128.84558942671563,126.79828832119398,127.79676818847656,1453800.0
2015-01-16,NOC,127.71287861357807,128.7952565696734,127.02484569037439,128.65261840820312,1166700.0
2015-01-20,NOC,129.7769664936328,130.04547092425608,126.92417733473825,128.98825073242188,1095700.0
2015-01-21,NOC,128.21632505210442,130.20488646282425,127.89747922817595,129.4161834716797,1456000.0
2015-01-22,NOC,130.05385328786443,131.91656111403347,129.22318213197966,131.31243896484375,1128700.0
2015-01-23,NOC,131.22848663950683,131.98364548872266,130.59919399998938,131.0522918701172,995300.0
2015-01-26,NOC,131.18658979124547,131.23693117148503,129.55041811548384,130.50694274902344,1089300.0
2015-01-27,NOC,129.04695259869052,129.944736815912,127.95617607808222,128.3253631591797,1444900.0
2015-01-28,NOC,129.37421381110397,130.4733765425005,127.57023339897654,127.67092895507812,2019800.0
2015-01-29,NOC,128.97144439526105,132.69684635366798,128.97144439526105,132.5122528076172,2239500.0
2015-01-30,NOC,131.15303683056567,133.5779117733779,130.84258974471354,131.69003295898438,2361900.0
2015-02-02,NOC,131.97521220532985,133.9218297398268,129.79367264075952,133.56942749023438,1464600.0
2015-02-03,NOC,132.9737265036449,135.69227531695384,132.31926318242097,134.65184020996094,2038100.0
2015-02-04,NOC,134.40851485109692,136.9676407280569,134.2742626863732,135.79295349121094,1627800.0
2015-02-05,NOC,136.99285169497813,137.60535977254173,135.86011952687207,136.79147338867188,1092800.0
2015-02-06,NOC,137.78993021251307,137.78993021251307,135.7090726087813,136.12860107421875,1053700.0
2015-02-09,NOC,135.74266980781323,137.84869872443883,135.13854761285353,136.74114990234375,1665500.0
2015-02-10,NOC,138.26818574349164,138.5115194226601,137.11029588711395,138.3520965576172,1265700.0
2015-02-11,NOC,137.9493607629181,140.12251526223068,137.82349453447932,139.5267791748047,1753800.0
2015-02-12,NOC,140.39944470227073,140.96999746051245,139.66946902540354,140.36587524414062,1245200.0
2015-02-13,NOC,140.45809460358163,140.6259161957045,139.37571703113278,140.2399444580078,969200.0
2015-02-17,NOC,139.77850552182136,141.05387577370874,139.4177171496065,140.62596130371094,1055900.0
2015-02-18,NOC,139.2834900768727,140.701498741195,138.98981494647595,140.69309997558594,1179600.0
2015-02-19,NOC,140.79377484382957,142.79912067114316,140.54205516949426,142.748779296875,1045300.0
2015-02-20,NOC,142.32085742385732,144.56953704967188,142.203389945098,144.48562622070312,1364200.0
2015-02-23,NOC,144.08283914103703,144.53592419362283,142.93333538672462,143.0759735107422,1197200.0
2015-02-24,NOC,142.48868626334092,143.31095865609927,141.80903924162698,142.79913330078125,1192400.0
2015-02-25,NOC,142.89979570130868,143.05083261894978,140.42458011052543,141.5069580078125,1346200.0
2015-02-26,NOC,141.06879358493507,141.91978125368345,139.6785847897266,140.12513732910156,1284400.0
2015-02-27,NOC,139.91449980122985,141.17833066228832,139.5269322033959,139.61961364746094,1264200.0
2015-03-02,NOC,139.535376581753,141.32158705176096,139.4174195291365,140.79078674316406,2353100.0
2015-03-03,NOC,139.72922561781868,140.32744492861738,137.11731456064868,137.8671875,2191200.0
2015-03-04,NOC,137.58071498941501,138.3474426495516,136.86455139727732,138.1199493408203,1226100.0
2015-03-05,NOC,137.97664217989868,138.71809383418116,137.20149402149158,137.5722198486328,1074000.0
2015-03-06,NOC,136.746525154107,136.746525154107,134.48005269815107,135.1540985107422,1781600.0
2015-03-09,NOC,134.69913951850359,136.45165384512632,134.58961621183522,135.87872314453125,1266100.0
2015-03-10,NOC,134.81706736671674,135.25519906747343,133.41000366210938,133.41000366210938,1362700.0
2015-03-11,NOC,134.01664863537866,134.5895920896435,133.08984686999105,133.14881896972656,1270600.0
2015-03-12,NOC,133.34263622177824,134.8423818172625,133.34263622177824,134.80868530273438,1488600.0
2015-03-13,NOC,134.29471386863636,135.48271838009762,131.7080791513729,132.75283813476562,1564100.0
2015-03-16,NOC,133.29204863410158,136.0556248998639,133.29204863410158,135.9376678466797,1326600.0
2015-03-17,NOC,134.867690556131,136.03040689940255,134.867690556131,135.78607177734375,1123100.0
2015-03-18,NOC,135.339455141509,137.63962399584813,134.3957859051911,137.2014923095703,1621300.0
2015-03-19,NOC,137.13408950506877,138.01877380919794,136.2578389693192,136.931884765625,1218700.0
2015-03-20,NOC,137.11721322312656,138.2462322558098,136.56112461669414,137.01609802246094,4394000.0
2015-03-23,NOC,137.3447378618317,138.17887104091534,136.99086668607492,137.10040283203125,1171600.0
2015-03-24,NOC,136.5443349975818,137.48799161106297,135.81973785327105,136.56961059570312,953500.0
2015-03-25,NOC,136.85601055275276,137.06664900735444,134.11771064293097,134.1261444091797,1190000.0
2015-03-26,NOC,133.17404171466634,134.74119218093432,132.37361823517648,134.22723388671875,1158400.0
2015-03-27,NOC,134.08400896658108,135.54162341633068,133.88179142968988,135.21302795410156,1436500.0
2015-03-30,NOC,135.77757429452274,137.81656632321008,135.4742543350477,137.06668090820312,1041700.0
2015-03-31,NOC,136.4432380217237,137.2268073073052,135.61753845214844,135.61753845214844,1175400.0
2015-04-01,NOC,134.88442280338015,135.89548470251242,133.21617002699443,135.27200317382812,1448800.0
2015-04-02,NOC,135.37317967723035,137.15096952598506,135.0445840585675,136.18203735351562,911600.0
2015-04-06,NOC,135.24676632231973,137.6227618228967,135.12037551351412,137.1340789794922,1261300.0
2015-04-07,NOC,137.08354078154142,138.70967677643964,137.00771400288852,137.26048278808594,961900.0
2015-04-08,NOC,136.76340798974738,138.92034474899356,136.56119034743412,138.3558349609375,1021600.0
2015-04-09,NOC,137.9766391095548,139.19835270081686,137.40370855770692,138.65911865234375,742400.0
2015-04-10,NOC,138.8107771342048,139.82183940397215,138.2883977470351,139.31631469726562,630600.0
2015-04-13,NOC,139.02140679914393,139.80497583005308,137.80812701006212,137.82498168945312,948900.0
2015-04-14,NOC,137.69861818989855,138.49062114576697,136.6370045920667,137.53854370117188,695500.0
2015-04-15,NOC,138.04406847598685,138.54117233761286,137.25206552011844,137.53854370117188,642000.0
2015-04-16,NOC,137.11726002630155,138.33896091040174,136.36738738518994,137.656494140625,913600.0
2015-04-17,NOC,136.66228632706432,136.73811311823943,134.55590086315658,134.9434814453125,1126100.0
2015-04-20,NOC,135.80280883679472,137.53004661569645,135.55847390324087,137.0750732421875,845600.0
2015-04-21,NOC,137.94289262575066,138.0439949555967,136.56952598237916,136.90655517578125,986200.0
2015-04-22,NOC,136.80553809405555,136.9403498680911,135.3563436640693,136.5612030029297,771900.0
2015-04-23,NOC,136.10616759769513,138.12830491291126,135.77757205172117,137.1930694580078,866700.0
2015-04-24,NOC,136.915035340065,137.0835435815203,135.87026367287464,136.3083953857422,628600.0
2015-04-27,NOC,136.53586914334602,137.27730787145757,134.83390657734944,134.9181671142578,1231500.0
2015-04-28,NOC,134.81703484901897,135.6090375129264,133.89023334199956,135.23831176757812,1132300.0
2015-04-29,NOC,136.53586514110793,137.6564633961065,133.41841821217236,134.0840301513672,1397300.0
2015-04-30,NOC,133.2752536865125,133.83134269634039,128.7254649029544,129.78707885742188,2465400.0
2015-05-01,NOC,130.48634252818678,131.48898391176286,129.99765963298356,131.4468536376953,1136500.0
2015-05-04,NOC,131.59009802406354,132.64329068793788,131.0424429813912,131.2952117919922,1028800.0
2015-05-05,NOC,131.16879180309948,131.85127129693143,128.6495637391387,129.14666748046875,1244400.0
2015-05-06,NOC,129.75331366047791,130.32624419909786,128.43893150119354,129.1635284423828,1262300.0
2015-05-07,NOC,129.1635433638709,129.87128570734623,128.6580057720428,129.29835510253906,1075100.0
2015-05-08,NOC,130.59584151866684,131.90180250512373,130.39362397448065,131.6995849609375,934200.0
2015-05-11,NOC,131.64906160158822,132.71910877406495,131.44684401468083,131.7333221435547,746200.0
2015-05-12,NOC,131.39625050473467,131.43838076214627,130.33463744224932,130.966552734375,947700.0
2015-05-13,NOC,130.91604646862504,131.58165848115692,130.688553285658,130.78123474121094,822400.0
2015-05-14,NOC,131.9355296264178,133.02243150123246,131.48055611682713,132.84548950195312,917100.0
2015-05-15,NOC,132.87918685340068,133.85653964796515,132.55901224380816,133.13194274902344,667600.0
2015-05-18,NOC,133.04774515367396,133.67122707271693,132.69387391023827,133.1404266357422,704800.0
2015-05-19,NOC,133.12355059258982,134.33683057905816,132.8033759138397,133.90711975097656,954800.0
2015-05-20,NOC,134.32840752090675,135.11198959813038,133.5448383000397,134.48849487304688,1093900.0
2015-05-21,NOC,135.01930251577852,136.31683024977312,134.84236048751032,135.80287170410156,1079900.0
2015-05-22,NOC,135.42374632964783,135.69336987130518,134.45481404657767,134.80868530273438,956700.0
2015-05-26,NOC,134.7412935526055,134.7412935526055,133.16572099187601,133.51959228515625,861400.0
2015-05-27,NOC,134.27786571811893,134.51377987787038,133.19939731458163,134.23574829101562,865500.0
2015-05-28,NOC,133.79531105995056,135.98007148729994,133.50740020053715,135.8953857421875,1256100.0
2015-05-29,NOC,135.40434890674493,136.11567615917846,134.02406315195918,134.79464721679688,1909200.0
2015-06-01,NOC,134.7184113796593,136.14951609632823,134.0494400869429,135.43820190429688,1329700.0
2015-06-02,NOC,134.82004168980555,136.5475209202891,133.32119086547775,135.785400390625,1258600.0
2015-06-03,NOC,135.97165770004602,136.70837485069094,135.34501655273954,135.70913696289062,1189100.0
2015-06-04,NOC,134.532138538166,135.78542140573225,133.62606234250083,133.89703369140625,947800.0
2015-06-05,NOC,133.34652357502193,133.60903133164084,132.5335842411138,133.194091796875,928700.0
2015-06-08,NOC,132.9739586482685,133.49897428678284,132.51668904718107,132.66064453125,942700.0
2015-06-09,NOC,132.8977220382423,133.60903590398414,132.25414127484777,133.13482666015625,938000.0
2015-06-10,NOC,133.6598603935591,134.73530766734746,132.47433712254127,134.26956176757812,1271400.0
2015-06-11,NOC,134.48975240061742,136.37812640527866,134.44740951093064,136.14102172851562,923900.0
2015-06-12,NOC,135.15874546579803,136.64065639657093,134.72687893190414,136.38661193847656,1027400.0
2015-06-15,NOC,135.20952763913434,135.95472113753542,134.64216910602826,135.45510864257812,924100.0
2015-06-16,NOC,134.6760469778384,138.4528081641747,134.6760469778384,136.750732421875,871700.0
2015-06-17,NOC,137.18260949565706,138.35120622986057,136.43741587718088,137.91932678222656,831400.0
2015-06-18,NOC,138.26649048518263,140.50205793507652,138.2156841896997,139.85848999023438,1150100.0
2015-06-19,NOC,139.29963481525863,140.54444109624302,139.29963481525863,139.765380859375,1943500.0
2015-06-22,NOC,140.3919734220943,141.0355543083786,140.01938960310926,140.12100219726562,960400.0
2015-06-23,NOC,140.2818858836637,140.7476317706415,138.6475435750387,139.1894989013672,1249800.0
2015-06-24,NOC,139.0794081555837,139.45199190441332,137.9362150016405,138.2071990966797,869100.0
2015-06-25,NOC,138.55444246612564,138.96091879281587,137.19108380829405,137.29270935058594,891000.0
2015-06-26,NOC,137.53827291126476,137.8939299943448,136.71686979513768,136.98785400390625,2037500.0
2015-06-29,NOC,136.16643847790593,136.8269462750344,134.33733399913302,134.37120056152344,1055400.0
2015-06-30,NOC,135.4805604176467,135.69226201738107,133.93090315704237,134.3289031982422,900600.0
2015-07-01,NOC,135.1841785650955,135.92089602765057,134.67608953635636,135.57371520996094,734400.0
2015-07-02,NOC,136.047865150546,136.53053788729974,134.15101491822935,135.06556701660156,975900.0
2015-07-06,NOC,134.09176145559485,135.14179283106813,133.88005991425115,134.8538818359375,967300.0
2015-07-07,NOC,135.34501548427426,136.76764347721783,133.90544775201417,136.66603088378906,986300.0
2015-07-08,NOC,135.6752852986833,136.97089770229198,135.64140581606375,136.04788208007812,888500.0
2015-07-09,NOC,138.03781685588623,138.87615929841647,137.64829340106098,137.766845703125,1228800.0
2015-07-10,NOC,139.13027046056956,140.52749561463023,138.60524179534912,140.03634643554688,1167100.0
2015-07-13,NOC,141.4335801038338,141.9416560889162,140.56983413158474,141.67068481445312,942900.0
2015-07-14,NOC,141.55209121863038,142.9577922514991,141.45046571423188,142.6783447265625,1169800.0
2015-07-15,NOC,142.44126871287827,143.15258278045835,142.04326878718163,142.76304626464844,991000.0
2015-07-16,NOC,143.38120089548283,144.01630540776708,142.66141061306695,143.83847045898438,876600.0
2015-07-17,NOC,143.2880745099839,143.93164253316135,142.52594122126794,143.10177612304688,792100.0
2015-07-20,NOC,143.56754453015813,144.253468535318,143.093335036151,143.81312561035156,877700.0
2015-07-21,NOC,143.20338604834836,143.50823677388647,140.5528787102319,141.22186279296875,833800.0
2015-07-22,NOC,141.204915178274,141.61985481305135,140.35810909024838,140.80691528320312,905400.0
2015-07-23,NOC,141.08639408131003,141.91626061337334,139.84158782259593,140.1464385986328,1222600.0
2015-07-24,NOC,140.22262104576998,140.5528749127437,139.03709765695038,139.55364990234375,665500.0
2015-07-27,NOC,138.80848691693802,139.08793454602662,137.31811248303748,137.65682983398438,970500.0
2015-07-28,NOC,138.37660441361064,139.36736611828303,137.1826045690424,138.31732177734375,1584000.0
2015-07-29,NOC,144.46511485335554,149.46126529529946,141.56902684068646,146.8700408935547,3107200.0
2015-07-30,NOC,146.37897093614666,149.0548825558434,145.95556768953293,148.538330078125,1656800.0
2015-07-31,NOC,148.91087509148122,148.91087509148122,146.2688309671968,146.5059356689453,1742300.0
2015-08-03,NOC,146.37047701480725,146.80234358469212,144.5244325252975,145.7861785888672,1346300.0
2015-08-04,NOC,146.1587804263491,146.67533281404044,145.29503433584696,145.75230407714844,1392300.0
2015-08-05,NOC,146.5398088684298,147.7846149598447,146.42125652263965,147.0732879638672,1120900.0
2015-08-06,NOC,147.2934636597704,147.43741915458654,145.39661323391053,146.3873748779297,875200.0
2015-08-07,NOC,146.26037822143297,146.7684671457911,144.82927357502103,146.2010955810547,872300.0
2015-08-10,NOC,147.46283085790253,148.90239881079236,147.124113547071,148.4027862548828,828300.0
2015-08-11,NOC,146.72613525390625,147.09025577072495,145.7946431297948,146.72613525390625,767200.0
2015-08-12,NOC,145.63374853754826,145.9047327644538,143.62682167683062,145.27809143066406,1152800.0
2015-08-13,NOC,145.7268923020491,147.0225049005588,145.65068283654585,146.37893676757812,626000.0
2015-08-14,NOC,146.5228669398378,147.64065725880334,145.8708225871079,147.49668884277344,718200.0
2015-08-17,NOC,147.00560098920747,148.0810358488883,145.94709295478413,147.945556640625,685700.0
2015-08-18,NOC,147.70841303246993,148.8516066775278,147.63220356846298,148.614501953125,727100.0
2015-08-19,NOC,148.14870598799203,149.74070539066807,147.00552564943482,148.716064453125,1024400.0
2015-08-20,NOC,147.30192542156806,147.8100142738998,146.1502685546875,146.1502685546875,1118800.0
2015-08-21,NOC,144.95626211735055,145.43048438758612,139.90084158364846,140.01939392089844,1985300.0
2015-08-24,NOC,128.97703946879474,140.49360799420745,128.97703946879474,135.50592041015625,2293900.0
2015-08-25,NOC,138.58827662871727,139.15563511277446,134.70144008975623,135.22645568847656,1760800.0
2015-08-26,NOC,137.86004096685636,139.5028469314425,134.7607274205487,139.2826690673828,1479700.0
2015-08-27,NOC,140.62716197364054,142.9162060351873,139.35926227018308,142.17588806152344,1168700.0
2015-08-28,NOC,141.75043818497406,142.47373373887496,139.9719660187806,140.86544799804688,979200.0
2015-08-31,NOC,140.8313833507364,141.11219673065003,139.21459320693066,139.33372497558594,974800.0
2015-09-01,NOC,136.78945144378767,137.58934207094651,135.16414287025384,135.61514282226562,1611100.0
2015-09-02,NOC,136.95960414146083,140.0910886988558,136.5511541502845,140.07406616210938,1081300.0
2015-09-03,NOC,140.36337936625944,142.03123732945346,139.83579760542847,140.10809326171875,1055200.0
2015-09-04,NOC,138.64446972681466,138.91677837328524,137.04470187416817,138.10838317871094,1197900.0
2015-09-08,NOC,140.31232555735173,143.2140512275605,139.99748005107716,142.96726989746094,1721700.0
2015-09-09,NOC,144.5755271637167,144.80528591256797,141.1802654672136,141.47808837890625,761800.0
2015-09-10,NOC,140.67823663654306,141.97166371540186,140.37189591062588,141.0015869140625,1045500.0
2015-09-11,NOC,140.63570398750008,143.452330264597,140.26979083305488,143.40127563476562,927100.0
2015-09-14,NOC,143.3161719234744,143.6650625300945,142.209940698606,142.81411743164062,871700.0
2015-09-15,NOC,143.15449261426286,145.4860868964708,142.42267929827,144.9414825439453,1023600.0
2015-09-16,NOC,146.16681765307902,146.2774316671608,144.42237790922684,145.47755432128906,928900.0
2015-09-17,NOC,146.1413135695792,147.63046746830167,144.9414778834974,145.27334594726562,1196300.0
2015-09-18,NOC,143.34173987687066,145.34146661894175,142.924784970427,143.79273986816406,2347600.0
2015-09-21,NOC,144.05645945911672,145.96258074987006,143.95435022395836,144.83934020996094,986000.0
2015-09-22,NOC,142.4141925709332,143.3246972046554,141.71641125786573,142.64395141601562,887100.0
2015-09-23,NOC,142.89065185108092,143.24804711544053,141.2908714430439,142.46517944335938,844800.0
2015-09-24,NOC,141.1888104685582,142.56733738565518,139.29971129396282,141.92062377929688,1102600.0
2015-09-25,NOC,142.79711545470389,143.4693694505364,140.2698071096497,140.89100646972656,952900.0
2015-09-28,NOC,139.8698461371771,140.85694559910823,138.2785829073412,138.40621948242188,1063900.0
2015-09-29,NOC,138.40621498548066,139.46989635790024,137.6914242194687,139.1720733642578,784000.0
2015-09-30,NOC,140.53356633116363,142.3290608615449,139.96343471991906,141.21432495117188,1248500.0
2015-10-01,NOC,141.25686401502085,141.59723680684334,138.43172050221338,141.0186004638672,1413700.0
2015-10-02,NOC,139.52947527769274,142.61841028277672,138.87424388598563,142.558837890625,1104100.0
2015-10-05,NOC,143.9799324274414,145.73287754940705,143.23961422150683,144.9840545654297,1218400.0
2015-10-06,NOC,144.9584984841842,145.85198042396752,143.18001341219002,143.3076629638672,1091700.0
2015-10-07,NOC,144.29479180685684,145.8264828643721,143.64806510894286,145.68182373046875,1106100.0
2015-10-08,NOC,144.83934517047174,147.89423441454875,144.01392753296832,147.8516845703125,1139200.0
2015-10-09,NOC,147.7580943363765,150.47261105675997,147.3581491339406,149.5535888671875,1485400.0
2015-10-12,NOC,150.32796132685849,151.28101566384842,149.24725743691283,150.77896118164062,1325200.0
2015-10-13,NOC,150.3619929320379,151.40014696764987,149.9620477059714,150.61727905273438,1015800.0
2015-10-14,NOC,150.45556554636815,150.55767477926526,147.6474447821991,147.89422607421875,708900.0
2015-10-15,NOC,148.50688831438728,148.69409720684743,146.70287653107923,148.11544799804688,1115500.0
2015-10-16,NOC,148.87286813113155,149.2898359758862,147.74110939627803,148.8133087158203,1156100.0
2015-10-19,NOC,148.11551877834574,148.6005637727058,147.10289191732875,148.55801391601562,602600.0
2015-10-20,NOC,147.80067401703107,149.20472840471322,147.37520141659488,148.4473876953125,805000.0
2015-10-21,NOC,149.50256706383638,149.8089078609461,147.9538405383391,148.1750946044922,762400.0
2015-10-22,NOC,148.95794109877298,153.46795268771098,148.260159890135,152.74464416503906,1286400.0
2015-10-23,NOC,153.2722047309679,154.02104046391878,151.99578726855972,153.0254364013672,920400.0
2015-10-26,NOC,153.2041186270884,154.01252669357777,152.30211908383623,153.41685485839844,1290200.0
2015-10-27,NOC,152.81271174540447,154.77839270906804,152.81271174540447,153.68067932128906,1885800.0
2015-10-28,NOC,162.54750599052875,165.0748134997754,160.61585734209677,162.10501098632812,4034200.0
2015-10-29,NOC,160.54780485314922,163.59418976290797,160.4031457493272,161.7391357421875,1926900.0
2015-10-30,NOC,162.36879720005606,162.4368743514022,159.76490783691406,159.76490783691406,1373800.0
2015-11-02,NOC,160.38607127380627,161.53485194043748,159.98612618153535,161.28807067871094,1110800.0
2015-11-03,NOC,160.9222241747664,161.10092835422844,158.71827953961923,158.8203887939453,941400.0
2015-11-04,NOC,159.37347963791441,160.36057893125815,157.77371190442935,158.42042541503906,1088700.0
2015-11-05,NOC,158.63320922851562,159.55223164089443,157.8248138517472,158.63320922851562,703300.0
2015-11-06,NOC,158.29283621044672,158.62470433263735,155.82508723893218,156.58242797851562,1421500.0
2015-11-09,NOC,156.03782700799985,156.74411312666209,154.1061906309632,154.5827178955078,1105700.0
2015-11-10,NOC,154.05508314625405,155.3655457690565,153.18712856087615,154.43801879882812,928100.0
2015-11-11,NOC,154.60822495928764,155.62935653301923,154.36144359679713,154.61672973632812,855900.0
2015-11-12,NOC,154.26785211736507,154.99966552070697,153.0850387894001,153.43392944335938,929100.0
2015-11-13,NOC,152.71914008452512,154.34444857536826,151.97882189613208,152.16603088378906,960100.0
2015-11-16,NOC,153.08499896784335,158.89695482515708,152.6595264715632,158.7948455810547,1780200.0
2015-11-17,NOC,159.97765563714873,159.97765563714873,157.51842517359154,158.3948974609375,1325500.0
2015-11-18,NOC,158.65873278413645,160.3861505323169,158.51407365567331,160.09683227539062,845100.0
2015-11-19,NOC,160.76055574674888,161.20305085918662,159.27990651535674,160.1989288330078,1030200.0
2015-11-20,NOC,161.13499704572217,161.8072380967195,160.69250186914488,161.2371063232422,1243100.0
2015-11-23,NOC,161.25411525467018,161.67958785428675,159.78198369562708,159.83303833007812,889200.0
2015-11-24,NOC,158.95652972245986,160.49673810586373,158.42893498933856,159.9776611328125,1025800.0
2015-11-25,NOC,160.45619803779383,161.4731519842682,159.772543353666,160.46475219726562,886900.0
2015-11-27,NOC,160.72119460463932,161.47321767107604,159.44786311369106,161.01174926757812,456300.0
2015-11-30,NOC,161.44758439506484,161.45612551829967,158.90947552686492,159.25985717773438,1534300.0
2015-12-01,NOC,159.88369202684814,161.83213731941382,159.46495532653046,160.0717010498047,1035900.0
2015-12-02,NOC,159.7383875528194,160.50751879963343,158.4565151813428,158.687255859375,750100.0
2015-12-03,NOC,158.92651721720682,159.2768987499144,155.5423688542417,156.43968200683594,1186600.0
2015-12-04,NOC,156.79858114504023,160.83220612674185,156.72167195374914,160.61856079101562,891900.0
2015-12-07,NOC,160.63567571597937,161.03733003946016,159.610180587043,160.65277099609375,707700.0
2015-12-08,NOC,159.43070137626097,161.44751396996065,158.91796036829624,160.6613006591797,1213900.0
2015-12-09,NOC,159.94350602563318,161.14846929136328,158.16597461459926,159.42221069335938,1386000.0
2015-12-10,NOC,159.5759753137488,160.8664015259064,159.53324363734177,160.1998291015625,1568700.0
2015-12-11,NOC,158.61033087649784,159.90074424112547,158.14884956631715,158.96925354003906,1594200.0
2015-12-14,NOC,159.48203546240367,161.08865325918327,158.3027215629576,159.86660766601562,1257600.0
2015-12-15,NOC,160.68700029926444,162.156881905711,160.32807754046453,160.52462768554688,1935600.0
2015-12-16,NOC,162.19102261637917,163.22507200379303,160.07166407608253,162.15684509277344,1423400.0
2015-12-17,NOC,162.29359000816305,162.7977900077497,160.90915898979767,160.92625427246094,2444700.0
2015-12-18,NOC,160.24255606077503,160.24255606077503,157.59336150434365,157.97792053222656,2908000.0
2015-12-21,NOC,158.95218899166454,161.57576095083127,158.5248981610418,161.52447509765625,1368100.0
2015-12-22,NOC,162.30213001485728,162.9430661915882,160.40495788854344,161.8321075439453,876600.0
2015-12-23,NOC,162.7208802312686,162.7208802312686,161.82356697281847,162.37049865722656,490400.0
2015-12-24,NOC,161.85777978834375,163.20802053109585,161.74669302689722,162.46453857421875,230200.0
2015-12-28,NOC,162.3192312870036,162.60978590160525,161.2082725983662,162.35340881347656,419100.0
2015-12-29,NOC,163.0712856729342,163.92586736989358,162.84908608620037,163.6352996826172,616000.0
2015-12-30,NOC,163.56685277158988,163.96850701882454,162.20807165768983,162.43881225585938,470700.0
2015-12-31,NOC,161.90903199388197,162.9259731212707,160.2767780454065,161.35354614257812,550600.0
2016-01-04,NOC,158.93506034566684,160.31949121340193,158.36249231760425,160.24256896972656,1476100.0
2016-01-05,NOC,160.53310930129126,164.81455710343593,160.53310930129126,164.41290283203125,2302200.0
2016-01-06,NOC,162.50725279034046,165.10517531829927,162.37051659416332,162.7721710205078,1879700.0
2016-01-07,NOC,160.5759031914037,162.09705764031048,158.96074422981698,160.75537109375,2136100.0
2016-01-08,NOC,161.33644320033247,162.14830609524248,158.86670307130805,159.01199340820312,1503300.0
2016-01-11,NOC,160.2169804265936,161.268125351983,158.5334533612503,160.75537109375,1773800.0
2016-01-12,NOC,161.5672117154086,161.91759333677507,160.25970277702325,161.44757080078125,1010400.0
2016-01-13,NOC,161.51588706052874,161.89190496863736,157.73009765999726,157.97792053222656,1099200.0
2016-01-14,NOC,157.97791792512572,159.38797201738547,156.2772962469279,158.5675811767578,1062100.0
2016-01-15,NOC,154.6792576314858,158.18304713632756,154.09814844759248,157.42247009277344,1532800.0
2016-01-19,NOC,159.2683639595986,160.04603632241788,156.86699182023526,159.59310913085938,2210300.0
2016-01-20,NOC,157.1062226369884,158.2428173276956,152.95295700864034,156.01235961914062,1841500.0
2016-01-21,NOC,156.79005676193543,157.35408363802802,154.64506205664003,154.86724853515625,1031600.0
2016-01-22,NOC,156.5849696979594,157.62756020513453,155.54237919078426,157.33700561523438,857300.0
2016-01-25,NOC,157.31994557226477,157.755790594621,155.20912768245822,155.3885955810547,987900.0
2016-01-26,NOC,155.08090272140626,156.16622485568976,152.85898565025363,155.96112060546875,1473400.0
2016-01-27,NOC,155.0467134900246,155.9525808230306,151.9702279495854,152.2778778076172,1613500.0
2016-01-28,NOC,150.74818469266467,154.84163774138224,149.55177570299273,153.95286560058594,2078600.0
2016-01-29,NOC,155.04666960710506,158.3880854172517,153.85026107553404,158.1488037109375,1831700.0
2016-02-01,NOC,159.27691755365353,162.15685327837883,157.78139980273303,161.20826721191406,1426000.0
2016-02-02,NOC,159.74697048585605,161.66977954633992,159.33677487078685,160.1828155517578,1139500.0
2016-02-03,NOC,161.1826324322839,162.41323199468079,159.68711466629213,162.1739501953125,1317200.0
2016-02-04,NOC,161.34501944873313,162.28505144749948,158.36252477146147,159.2512969970703,1550400.0
2016-02-05,NOC,159.56746074085046,161.16552399329603,158.38813408317716,159.37091064453125,1811100.0
2016-02-08,NOC,157.87541842276292,160.6015229277104,157.24302330857773,158.62744140625,1693700.0
2016-02-09,NOC,157.38826085900624,160.9945955473526,157.25152470023534,160.0802001953125,1287900.0
2016-02-10,NOC,160.43920497760976,161.96035966310862,159.9948187540159,160.9434051513672,1013200.0
2016-02-11,NOC,158.20011290614715,159.43926643314688,153.91012344148788,157.16607666015625,1491500.0
2016-02-12,NOC,157.72156126895342,158.5846969388631,154.21778490477467,154.8928985595703,1594800.0
2016-02-16,NOC,155.87568543434108,158.8581800430048,153.9528767503325,157.4310302734375,2165500.0
2016-02-17,NOC,158.61883817372933,163.3361306770027,157.62752072016536,162.42172241210938,1226900.0
2016-02-18,NOC,162.96868368372662,165.5751597746058,162.37902038318106,164.66075134277344,1340100.0
2016-02-19,NOC,164.21638916830665,164.6265846496269,162.4217627477268,162.95159912109375,1526600.0
2016-02-22,NOC,163.03704797357537,165.28460135964013,162.94304349248847,164.3103790283203,1088600.0
2016-02-23,NOC,164.10528997847456,165.20770745326934,163.01142666449294,163.489990234375,806500.0
2016-02-24,NOC,163.01995517925332,163.15669134289718,160.71258783724605,162.3875732421875,1020400.0
2016-02-25,NOC,163.09988071002797,165.59723005248773,162.55921394031753,165.57147216796875,812300.0
2016-02-26,NOC,165.63156422829283,166.2151302933365,164.7218800121889,164.96217346191406,861900.0
2016-02-29,NOC,164.76479236285644,167.17631718724797,164.20695799420022,164.96217346191406,1171600.0
2016-03-01,NOC,165.92331691713758,167.0732943726614,165.1423568008456,166.38674926757812,1214600.0
2016-03-02,NOC,166.19800256187676,167.090519362272,164.62750455891006,165.90621948242188,781200.0
2016-03-03,NOC,165.485651387584,166.08638493448646,162.47339332703854,164.87632751464844,1137000.0
2016-03-04,NOC,164.44721619770905,165.15094193179561,163.0998577216037,163.9752197265625,1290100.0
2016-03-07,NOC,163.13421043774915,164.05248495698663,159.92457097389672,160.207763671875,1410800.0
2016-03-08,NOC,159.13494285353724,161.05730255922703,158.8345827431197,160.36216735839844,1676600.0
2016-03-09,NOC,161.56367766439675,161.63233478976713,160.0446829612283,160.2592315673828,1389800.0
2016-03-10,NOC,160.55965111142092,162.1988062111728,159.97608497256346,160.2678680419922,1161600.0
2016-03-11,NOC,162.11295283202628,164.12971535676712,161.47789721615825,162.9625701904297,1006300.0
2016-03-14,NOC,162.34463596500834,163.18566282536972,161.08308912696253,161.82972717285156,978900.0
2016-03-15,NOC,161.37490747995372,164.7304515224333,160.9286557145423,164.4901580810547,911800.0
2016-03-16,NOC,163.52040535967492,165.14239274927638,163.0569860033651,164.40435791015625,878200.0
2016-03-17,NOC,164.4300927784211,165.01365882855447,163.19429044283214,163.8379364013672,1253400.0
2016-03-18,NOC,164.49874525932827,166.85020332929776,163.95809153104094,166.48118591308594,1350100.0
2016-03-21,NOC,165.9319360587477,167.75130447418846,165.8117893349924,166.64422607421875,839700.0
2016-03-22,NOC,166.62711690440358,167.49388899746674,166.1293623149666,166.78158569335938,720100.0
2016-03-23,NOC,166.45544970951116,167.89721051934856,166.37820223433195,167.3136444091797,986400.0
2016-03-24,NOC,166.2065196776417,167.07329136898184,165.84607957545052,166.66136169433594,738700.0
2016-03-28,NOC,166.6699605938163,167.7255361684649,166.6699605938163,167.2449493408203,623300.0
2016-03-29,NOC,166.7042968295419,168.84978327522455,166.7042968295419,168.78970336914062,551400.0
2016-03-30,NOC,169.2616890278444,170.67771773840016,169.15013265307928,170.54898071289062,1231000.0
2016-03-31,NOC,170.78070436237923,171.20980160952087,169.330353571839,169.83668518066406,1881900.0
2016-04-01,NOC,168.71243818958732,172.3082749110804,167.9143236631501,171.90492248535156,1117700.0
2016-04-04,NOC,172.33406823433285,173.39823433098113,171.6818450044582,172.65159606933594,736700.0
2016-04-05,NOC,172.28257659362006,174.96873004797396,172.28257659362006,173.5870361328125,873000.0
2016-04-06,NOC,173.21803833543132,173.78445005619554,172.29118636373,173.44117736816406,1717700.0
2016-04-07,NOC,172.94342721231124,173.35535706745176,171.34718429175098,172.11097717285156,854300.0
2016-04-08,NOC,173.0377510378427,173.3552787937455,171.71612425244825,172.12806701660156,798800.0
2016-04-11,NOC,172.20533068976258,173.1150148658645,171.2012445843476,171.21839904785156,797000.0
2016-04-12,NOC,171.68179243535258,172.52281928122252,171.2097828960862,171.81051635742188,706000.0
2016-04-13,NOC,172.22249029893885,172.7545798686967,170.79789717993737,172.6086883544922,670500.0
2016-04-14,NOC,172.857584259952,173.20087001554234,171.53597011221387,171.75051879882812,506000.0
2016-04-15,NOC,171.3299437470037,173.28662609420084,170.56615119125578,173.25230407714844,941500.0
2016-04-18,NOC,173.35529623865082,174.11051162058854,172.78030747104256,174.03326416015625,664600.0
2016-04-19,NOC,174.21345993407817,174.56532277428366,172.8832560200136,173.00340270996094,798900.0
2016-04-20,NOC,173.41539312482018,173.95604683073753,172.88330355588712,172.994873046875,883200.0
2016-04-21,NOC,172.47992770394194,173.0549164500763,171.5187540501065,171.63890075683594,835000.0
2016-04-22,NOC,171.83626696829722,173.04632425680757,171.00381732400353,172.28253173828125,853300.0
2016-04-25,NOC,171.8534359375999,172.4370018689128,171.2269576654533,172.26536560058594,698600.0
2016-04-26,NOC,172.39410679194475,175.06309207824407,172.39410679194475,174.70265197753906,1390600.0
2016-04-27,NOC,177.64625549316406,179.35406720462024,172.11090377433527,177.64625549316406,1476800.0
2016-04-28,NOC,177.2171770357192,178.22984033317576,175.9470527506858,176.45338439941406,995200.0
2016-04-29,NOC,176.37614437652175,177.10560187375626,175.5179498421216,177.01119995117188,938000.0
2016-05-02,NOC,177.53473584981353,179.04516692347562,176.64221911129582,178.77053833007812,1039800.0
2016-05-03,NOC,178.02386030611126,180.04060942363216,177.43170403541086,179.8775634765625,954800.0
2016-05-04,NOC,179.0194245198816,180.85596070395846,178.57315959715842,180.69290161132812,1282000.0
2016-05-05,NOC,180.7958463170496,181.9458238842227,180.58987490852215,181.87716674804688,1100700.0
2016-05-06,NOC,181.70551112330457,183.79950772135092,181.60253197750177,183.73944091796875,821500.0
2016-05-09,NOC,183.91111487471798,185.02677053120237,182.76971442650796,184.19432067871094,830500.0
2016-05-10,NOC,184.58052501181606,186.77750143626938,184.27157438368903,186.59727478027344,904900.0
2016-05-11,NOC,186.61437759666052,187.42965969232844,183.77375610706602,183.92823791503906,874700.0
2016-05-12,NOC,184.12565838189016,187.80730754072303,184.12565838189016,187.0692596435547,1337500.0
2016-05-13,NOC,186.22821046233247,186.65730772146227,183.20736209145613,183.63645935058594,1184100.0
2016-05-16,NOC,183.63648034420441,185.6532429306777,182.795453286765,185.13832092285156,671100.0
2016-05-17,NOC,185.33568803324883,185.94499878863778,182.11745869208417,183.3103485107422,1063700.0
2016-05-18,NOC,183.001403366707,185.00099816105094,182.54656132067694,183.77377319335938,789900.0
2016-05-19,NOC,182.36635691959708,182.80403146200027,179.9462418033413,181.13914489746094,929400.0
2016-05-20,NOC,182.18613002664043,182.812621527334,181.19063422014773,182.55516052246094,729300.0
2016-05-23,NOC,182.5808860727448,182.8383470504861,181.75701356297438,182.07455444335938,602800.0
2016-05-24,NOC,182.50362410019628,185.02671772937063,182.50362410019628,184.23716735839844,616800.0
2016-05-25,NOC,185.15552467046376,185.447307754256,183.89397729022966,183.9368896484375,613100.0
2016-05-26,NOC,183.6107177734375,184.34018836471807,183.07864135321506,183.6107177734375,514100.0
2016-05-27,NOC,183.45626261242566,184.21146495295278,183.10439968495842,184.0140838623047,582400.0
2016-05-31,NOC,184.01407804565608,184.94092975224254,181.25928081039436,182.51223754882812,1026700.0
2016-06-01,NOC,181.56820185060178,184.00547088913277,181.31931813268386,183.79949951171875,918900.0
2016-06-02,NOC,183.90294631307867,184.29076094755234,182.73948925938691,183.8943328857422,681100.0
2016-06-03,NOC,183.57541753826183,186.10054520292596,182.15342642848327,185.445556640625,868000.0
2016-06-06,NOC,185.4886753086742,186.31602454984633,185.13534070228377,185.66966247558594,565500.0
2016-06-07,NOC,185.73860941828795,186.74693267651838,185.73860941828795,185.88511657714844,699900.0
2016-06-08,NOC,185.8937960947012,187.8501230178778,185.48012790200815,187.5829620361328,596300.0
2016-06-09,NOC,187.16059909384856,188.50503009312598,186.74693105182553,188.37576293945312,461200.0
2016-06-10,NOC,187.4794461287946,188.31540869758297,186.89341756319,187.32432556152344,456000.0
2016-06-13,NOC,186.72969501934637,187.44500396884612,185.16980996392473,185.33355712890625,490700.0
2016-06-14,NOC,184.11838125871952,187.0916440150976,184.11838125871952,186.9365234375,501200.0
2016-06-15,NOC,187.60877982510172,187.87594075607828,186.68663013403068,187.17787170410156,542900.0
2016-06-16,NOC,186.70383693473076,187.11750497524176,184.71304387382605,186.79002380371094,722200.0
2016-06-17,NOC,187.01406724745752,187.01406724745752,182.90320134985075,184.70440673828125,871400.0
2016-06-20,NOC,186.23845391870873,186.8330959477922,185.25598414638165,185.4283447265625,652600.0
2016-06-21,NOC,186.2988303160669,186.46257751915246,185.0922927411309,185.16123962402344,425500.0
2016-06-22,NOC,185.79896271640908,186.1609239644186,185.1008936559427,185.19569396972656,544400.0
2016-06-23,NOC,186.69526415581225,186.69526415581225,184.29941595955512,185.03195190429688,554700.0
2016-06-24,NOC,180.1195512563232,185.28183403838838,179.50765608555412,183.31689453125,3184600.0
2016-06-27,NOC,182.61020751010926,184.76474769648095,181.0589359458677,184.5579071044922,1502700.0
2016-06-28,NOC,185.41109490577068,186.30737776541363,183.47200889330668,186.26429748535156,1065700.0
2016-06-29,NOC,187.18646725508555,187.54842846412373,186.15229049350916,187.220947265625,1120400.0
2016-06-30,NOC,187.80696488160038,192.27979259102858,187.29849653339215,191.56448364257812,1485900.0
2016-07-01,NOC,191.75410183143305,192.5469711463664,190.5217109947141,191.1508331298828,755200.0
2016-07-05,NOC,190.94394667766798,191.53860180869853,190.1252241256372,190.93533325195312,962500.0
2016-07-06,NOC,191.02146148508538,191.38343568322884,189.8321646564181,191.0904083251953,851500.0
2016-07-07,NOC,190.80608579936245,191.34903416900036,189.4358013096073,190.03045654296875,755000.0
2016-07-08,NOC,190.8923237986926,191.48697919131928,189.85814679642942,191.29737854003906,1796100.0
2016-07-11,NOC,191.58172587222907,192.8744500506513,190.99568407320373,191.28871154785156,1308100.0
2016-07-12,NOC,191.67659516607216,191.89204927336277,189.81506852301538,190.00466918945312,954500.0
2016-07-13,NOC,190.57341544325615,191.31457788154594,190.02185361594312,191.1335906982422,1500800.0
2016-07-14,NOC,192.27980233426666,192.35736263193633,190.30624913091472,190.5734100341797,1216800.0
2016-07-15,NOC,191.3231476704992,191.3231476704992,190.2544911205854,190.85777282714844,1745700.0
2016-07-18,NOC,191.45246852125427,191.4610950996512,190.1855976224686,190.29763793945312,907500.0
2016-07-19,NOC,190.46133183227167,193.1501934853473,187.9879241744814,190.93533325195312,2129700.0
2016-07-20,NOC,191.5386174714538,192.374580093542,190.89225543274247,191.7971649169922,1284200.0
2016-07-21,NOC,192.01264841141284,192.02988841716757,187.22956596050335,188.05691528320312,1042800.0
2016-07-22,NOC,187.57425473033408,189.54782081434743,187.01407956777328,189.2548065185547,814200.0
2016-07-25,NOC,189.11692284385174,189.11692284385174,187.45361097003962,188.84976196289062,917600.0
2016-07-26,NOC,188.9273577099061,189.4875330073541,187.8328473999879,188.17758178710938,1024400.0
2016-07-27,NOC,191.37492321118506,191.58176385483776,186.324679226887,187.7122039794922,1423500.0
2016-07-28,NOC,187.68628168899744,188.6342845201173,185.82475602985383,187.2122802734375,1219200.0
2016-07-29,NOC,187.21231800429538,187.83282668240088,186.6779962010321,186.6952362060547,769400.0
2016-08-01,NOC,186.0316240417135,187.6087490841846,185.95406374870757,186.74693298339844,1199100.0
2016-08-02,NOC,186.74695402127253,188.73774733431708,186.04025842688583,188.4619598388672,1062900.0
2016-08-03,NOC,188.69466885588466,189.19452386831722,187.7035854098561,188.4447479248047,811400.0
2016-08-04,NOC,188.9704565377007,189.56511186594452,187.9017996325761,188.16896057128906,548400.0
2016-08-05,NOC,188.42749545126492,189.14280448292513,188.02244078092394,188.6946563720703,602700.0
2016-08-08,NOC,188.59983715877448,188.59983715877448,185.78170790539394,186.21261596679688,731200.0
2016-08-09,NOC,186.4969963393403,186.8761975224212,186.08332829882931,186.79002380371094,490700.0
2016-08-10,NOC,186.93653908483046,187.49671430673644,186.1781366857093,187.16921997070312,641000.0
2016-08-11,NOC,187.54844388161743,188.1603391914192,186.58321391150182,187.86732482910156,820400.0
2016-08-12,NOC,187.86731467071507,188.26374275117453,187.01411191451888,188.05691528320312,559000.0
2016-08-15,NOC,187.9793348734343,190.04770152847695,187.73802740288664,189.43580627441406,687800.0
2016-08-16,NOC,188.69469421344925,189.1342289844556,186.52291324867946,187.100341796875,622900.0
2016-08-17,NOC,187.32430574284083,188.5136159004995,186.66933038876627,188.34986877441406,1052100.0
2016-08-18,NOC,188.3068058158552,188.73771383831712,187.60011034688844,187.99655151367188,477300.0
2016-08-19,NOC,187.44503025053905,188.2982330533636,186.80728150547375,187.37608337402344,666100.0
2016-08-22,NOC,187.33299018287812,188.599861096218,186.81590833372786,188.10000610351562,576600.0
2016-08-23,NOC,188.599821350077,188.65152820906795,184.6182354045424,184.8595428466797,1035700.0
2016-08-24,NOC,184.28212749313184,184.93710295683442,182.84289626810465,184.4286346435547,958900.0
2016-08-25,NOC,183.0179512943971,185.34602966466812,182.2823085329881,184.722900390625,830600.0
2016-08-26,NOC,184.982547663452,185.83069074252228,182.71504423967986,183.4160614013672,808600.0
2016-08-29,NOC,183.1737131799234,184.9392503916791,182.9746620452966,184.4286346435547,589100.0
2016-08-30,NOC,184.6190743742445,185.01717672630147,183.390115272303,184.01324462890625,712300.0
2016-08-31,NOC,183.84879816351457,183.8747739909419,182.59388969735483,183.53724670410156,706100.0
2016-09-01,NOC,183.64966684538888,184.36799654353416,181.9533813462298,183.32945251464844,645700.0
2016-09-02,NOC,183.7881841406052,184.87865363473287,183.52854477367765,184.54978942871094,591300.0
2016-09-06,NOC,184.6363951495237,185.93457925695026,184.22962973939846,185.86534118652344,656900.0
2016-09-07,NOC,185.21617026549586,185.23348307718345,183.58045951487657,184.2209014892578,782900.0
2016-09-08,NOC,183.4939322487912,184.48920108133424,183.11312960495695,184.1083984375,595400.0
2016-09-09,NOC,182.76698619144923,183.21702699541058,181.04473725546447,181.0880126953125,800900.0
2016-09-12,NOC,180.32636171385622,182.53327653117105,178.88105218711132,181.97938537597656,937600.0
2016-09-13,NOC,180.89762015555942,181.97077716364262,180.0927391936862,180.326416015625,829000.0
2016-09-14,NOC,180.2139000218317,181.1659069085905,180.09273670949975,180.7158660888672,893500.0
2016-09-15,NOC,180.56868145497003,183.64105191170054,180.1532664057019,182.9486846923828,668800.0
2016-09-16,NOC,182.67179431017684,183.39877414118976,182.26502895586512,182.6112060546875,1134400.0
2016-09-19,NOC,182.82753690009568,183.76223074444752,182.59386013755588,182.74964904785156,729500.0
2016-09-20,NOC,183.64980256127072,184.14311893288587,182.91417271651162,183.57191467285156,578400.0
2016-09-21,NOC,183.70162816604102,187.0076753874951,183.6323901230685,186.80862426757812,751700.0
2016-09-22,NOC,187.75201662474313,187.9683806130715,186.75673435494681,187.36256408691406,879400.0
2016-09-23,NOC,186.67016281634216,188.22798589083916,185.93452010716626,187.84718322753906,781600.0
2016-09-26,NOC,187.44044990760858,188.34051827867495,186.9644464973193,187.80393981933594,611800.0
2016-09-27,NOC,188.03757678883403,189.24920957125877,187.43176039762164,188.71263122558594,535400.0
2016-09-28,NOC,189.03289603771864,189.03289603771864,187.52699785874364,188.58285522460938,618700.0
2016-09-29,NOC,188.00298712002686,188.00298712002686,183.73629574334777,184.8700408935547,985200.0
2016-09-30,NOC,185.3979987338768,186.18556692001343,182.26505201401605,185.16432189941406,1021700.0
2016-10-03,NOC,184.34211367492495,186.38459020443818,184.22960017780892,186.15957641601562,719700.0
2016-10-04,NOC,186.45384807695032,186.5923242102989,183.6411159966353,184.19500732421875,659200.0
2016-10-05,NOC,185.74413435738478,185.74413435738478,183.67569535894697,183.89205932617188,566000.0
2016-10-06,NOC,184.23825482116956,186.2980308676045,183.4939622245796,185.38931274414062,921400.0
2016-10-07,NOC,184.89599964742467,186.84327544032502,183.79686694669437,186.44515991210938,1058700.0
2016-10-10,NOC,186.81727974280543,187.69138530098553,186.58360299140423,187.4750213623047,704300.0
2016-10-11,NOC,187.1288376819254,187.3365518097559,185.804691480796,186.2633819580078,682500.0
2016-10-12,NOC,186.09033215316694,188.58283617643485,186.02974390110592,187.6741180419922,933000.0
2016-10-13,NOC,186.7913564949011,189.4569623659506,186.14226454205556,188.98960876464844,919800.0
2016-10-14,NOC,189.76856739056115,190.18398263110402,188.32325725287436,189.4656524658203,923400.0
2016-10-17,NOC,189.40499898112665,190.72048223247128,189.40499898112665,189.65597534179688,678300.0
2016-10-18,NOC,190.6686071587455,190.75515804012173,189.3531103555267,189.91566467285156,491400.0
2016-10-19,NOC,189.82045848176625,189.95893460562897,188.17608422396924,188.80787658691406,729000.0
2016-10-20,NOC,188.8943987972136,189.43099043180405,187.27600050020553,188.11549377441406,627900.0
2016-10-21,NOC,186.8778510355744,187.23269105729736,185.71814351686697,186.81727600097656,729500.0
2016-10-24,NOC,187.95974035798872,188.62614522034804,187.2327604385848,187.3366241455078,603100.0
2016-10-25,NOC,187.7087272544966,190.4262582179779,187.37119998598746,189.9935302734375,1572200.0
2016-10-26,NOC,196.38927900405577,198.57888168410395,193.8621490035285,197.36724853515625,2458700.0
2016-10-27,NOC,197.29796179502924,197.32392441282948,193.87075098151422,195.0304718017578,1473800.0
2016-10-28,NOC,195.23818748822913,199.0548510627835,195.2208878789276,197.65281677246094,1672000.0
2016-10-31,NOC,198.27594295823255,198.829834180819,197.34989884854437,198.18939208984375,1173900.0
2016-11-01,NOC,198.62211760891125,199.41833540635022,196.75272980319812,197.6874237060547,1179600.0
2016-11-02,NOC,197.44507233086793,199.66063691610358,196.86521856877943,197.9037628173828,962800.0
2016-11-03,NOC,198.18939896376352,198.57885147340392,194.4852488081544,195.19491577148438,1711000.0
2016-11-04,NOC,195.31605769162624,196.5796289642712,194.64966623692465,194.92660522460938,1176100.0
2016-11-07,NOC,197.19407042513484,199.2019206181616,196.87384286233544,199.10671997070312,1093200.0
2016-11-08,NOC,199.20194588144275,200.02412619241608,198.2586022952292,198.9423065185547,987100.0
2016-11-09,NOC,211.83761272349872,216.3466298942671,206.9737423114896,209.69993591308594,2841200.0
2016-11-10,NOC,215.58510221207578,216.25149384654907,210.02021307585173,212.18385314941406,2190500.0
2016-11-11,NOC,212.38282460344936,214.63301471748738,210.9115525469504,214.20028686523438,1341400.0
2016-11-14,NOC,215.11771746853543,219.03823165870747,214.7801901940772,217.33328247070312,1747400.0
2016-11-15,NOC,217.4804061853868,217.9910352001836,212.9973509851605,214.1570587158203,1839000.0
2016-11-16,NOC,214.4080638446991,215.06580561885835,211.56070634688598,212.37423706054688,1265100.0
2016-11-17,NOC,212.72038777214635,213.27427898846398,211.03275150413242,211.742431640625,843900.0
2016-11-18,NOC,211.60398616427088,212.91948294561834,211.17990798187452,212.43482971191406,971700.0
2016-11-21,NOC,213.04927146895236,213.80221385542112,212.0972779285751,213.1531219482422,978800.0
2016-11-22,NOC,214.08780438770827,215.12636194809494,213.88010344027728,214.69363403320312,1021700.0
2016-11-23,NOC,215.30812342084204,215.58507565493056,213.17044623503028,214.27822875976562,885700.0
2016-11-25,NOC,214.49453727667907,215.56770709755878,214.2348979258107,215.13497924804688,524200.0
2016-11-28,NOC,213.65505465157779,217.09957801049856,212.36553404861996,215.4638671875,893900.0
2016-11-29,NOC,215.31673783724676,219.6526797496149,215.11768670534187,217.92176818847656,1039700.0
2016-11-30,NOC,218.24203370799952,218.66611189387703,216.0610809326172,216.0610809326172,1277200.0
2016-12-01,NOC,216.14791428622553,217.33787442244994,215.2532705956412,216.33900451660156,848300.0
2016-12-02,NOC,216.8167318243113,217.92852237592942,215.84391840504261,217.9024658203125,603700.0
2016-12-05,NOC,218.77972591822754,218.9013275837121,214.6452427845781,214.9666290283203,1221000.0
2016-12-06,NOC,214.31522237958046,215.52255812436402,212.92547748110618,215.27066040039062,1322100.0
2016-12-07,NOC,214.87112440877445,215.2272351189255,213.27291374946495,214.66265869140625,1349100.0
2016-12-08,NOC,214.6626663983248,214.74953043041103,205.63804481393097,206.48057556152344,2847500.0
2016-12-09,NOC,205.9593971263892,208.4175005465691,205.65539955189527,207.0972442626953,1680900.0
2016-12-12,NOC,202.9367188756796,202.9367188756796,191.71457351043816,201.5730438232422,2921800.0
2016-12-13,NOC,201.51221586139147,203.45785582031036,200.18327860155813,201.13003540039062,1483100.0
2016-12-14,NOC,201.52093816267856,204.8389480673863,201.1908839954516,201.59912109375,1379800.0
2016-12-15,NOC,202.3981684271258,203.94425239471065,201.3732287639746,201.50352478027344,1043400.0
2016-12-16,NOC,201.57303421984622,203.31020858842572,200.66969612617524,201.25164794921875,1603000.0
2016-12-19,NOC,202.12893778622467,203.31889803640811,200.33095587920465,202.849853515625,1110200.0
2016-12-20,NOC,203.2233784388761,204.41333883852997,202.8585733511046,204.2396240234375,850300.0
2016-12-21,NOC,204.5957102972855,204.7086176168091,202.45898003008548,202.51109313964844,918700.0
2016-12-22,NOC,202.91064994921666,203.6663165483346,201.9551987577895,203.00619506835938,891400.0
2016-12-23,NOC,201.05187512626014,203.57077264070293,200.85210378635045,202.37213134765625,852100.0
2016-12-27,NOC,203.22331349379877,203.55338081450685,201.7988312595239,202.58924865722656,479400.0
2016-12-28,NOC,202.589265328193,202.9714325292774,201.13003206977106,201.46878051757812,500100.0
2016-12-29,NOC,201.71195970607775,203.093023138977,201.59905240604928,202.0594024658203,538500.0
2016-12-30,NOC,202.27661582952274,202.67615856781202,201.26037027310372,202.0160369873047,740900.0
2017-01-03,NOC,203.336298041263,204.32648706141157,202.50244837785806,204.02247619628906,1178900.0
2017-01-04,NOC,204.326462942038,205.8464905810399,203.970339000039,204.33514404296875,664100.0
2017-01-05,NOC,204.3004082940125,206.21997865118692,203.55342274572473,204.9779052734375,891200.0
2017-01-06,NOC,204.89973745908273,206.28948243163725,204.78683012324578,205.62066650390625,619200.0
2017-01-09,NOC,205.71622288139085,206.65429880110412,204.71735273960994,204.8215789794922,703600.0
2017-01-10,NOC,204.51754937142837,204.80417148627123,202.12024020039456,202.4763641357422,1361200.0
2017-01-11,NOC,203.07570501135245,203.97902993449944,199.89667244366487,201.1213836669922,1142300.0
2017-01-12,NOC,200.97370208075935,201.32981274497683,197.9249526553518,199.0367431640625,1159100.0
2017-01-13,NOC,198.9064839810557,200.63497741227076,198.47219034790928,199.9227294921875,1007400.0
2017-01-17,NOC,200.45258753976486,200.45258753976486,197.54281461630666,198.454833984375,978900.0
2017-01-18,NOC,198.43742122048852,200.71311525614576,198.03786530977615,199.98350524902344,863600.0
2017-01-19,NOC,200.8694748704471,203.0669994674012,199.86192377226584,201.85098266601562,966800.0
2017-01-20,NOC,202.47634469100905,202.51977669785907,200.43515965134725,201.60775756835938,864500.0
2017-01-23,NOC,202.38085881777414,202.67617534505825,199.88801728721953,201.24301147460938,779200.0
2017-01-24,NOC,199.25392359899544,202.33741120000357,197.59493190973723,202.02471923828125,1034300.0
2017-01-25,NOC,202.54585444267457,202.58928645406868,199.78374021179593,200.50466918945312,1073000.0
2017-01-26,NOC,199.08885774488712,200.50464572480698,194.45928684815266,197.13453674316406,2499100.0
2017-01-27,NOC,197.19536391808674,203.75320035987514,197.19536391808674,199.62741088867188,1948300.0
2017-01-30,NOC,199.86191257297193,201.3732457623506,197.8988970918328,199.32337951660156,1270700.0
2017-01-31,NOC,197.942316107445,199.53183211029724,196.30936809834463,198.97593688964844,1495800.0
2017-02-01,NOC,198.66327330422934,199.90534668764823,197.8033671709159,198.75013732910156,1148800.0
2017-02-02,NOC,198.38531333406954,199.89665984978268,197.97707628534684,199.644775390625,916000.0
2017-02-03,NOC,199.82716336744295,202.3200043186384,199.34943777045729,200.95632934570312,1297900.0
2017-02-06,NOC,201.13002854905366,202.7542821993904,200.99974578432676,202.22445678710938,1097600.0
2017-02-07,NOC,201.79882705006554,203.13644524985602,201.59905574339777,202.3634033203125,817000.0
2017-02-08,NOC,202.302626614598,202.736920168833,201.73803704194006,201.87701416015625,972100.0
2017-02-09,NOC,201.87700948408224,204.4480330971792,201.49482904463392,203.97898864746094,1094400.0
2017-02-10,NOC,203.7532265537453,205.47302583288104,203.31025176697148,205.20376586914062,949200.0
2017-02-13,NOC,205.89860371565467,208.33065058903367,205.43825354808095,207.66183471679688,1029500.0
2017-02-14,NOC,207.60103587597789,208.7475774188833,207.09725367563362,208.13087463378906,790800.0
2017-02-15,NOC,207.71394397583964,210.18942281512776,207.54891028607526,209.84197998046875,739700.0
2017-02-16,NOC,209.8506867871669,211.6573366202427,209.16449543149054,211.5270538330078,951100.0
2017-02-17,NOC,211.40541615763937,211.9265737250371,210.10253549273253,211.57044982910156,778000.0
2017-02-21,NOC,210.43261147886102,212.65619245105827,209.9375104441389,212.03948974609375,828900.0
2017-02-22,NOC,211.3706874041087,211.52702672875785,210.20677055506133,211.04930114746094,949600.0
2017-02-23,NOC,210.47605647157079,211.92659550380208,209.85067262786055,211.8136749267578,724900.0
2017-02-24,NOC,211.57917726681703,213.05577302638284,210.6671579509236,212.84732055664062,815100.0
2017-02-27,NOC,213.31633014326513,216.65170185537434,212.89941199264874,215.9307861328125,1041800.0
2017-02-28,NOC,214.97534086649472,215.67021330587195,213.2555418505678,214.6192169189453,1564400.0
2017-03-01,NOC,215.29670988620853,216.17399146032238,213.5682298014606,213.6116485595703,1899100.0
2017-03-02,NOC,213.58550897824688,213.9255017053459,211.48452179942618,211.90298461914062,1172500.0
2017-03-03,NOC,211.84196038355194,212.5045065819423,211.05736585118783,211.7809295654297,866100.0
2017-03-06,NOC,211.34504097639015,212.4173370212718,210.94403072246382,211.772216796875,932700.0
2017-03-07,NOC,211.41479604198446,212.64400573806114,211.0312250445777,212.52195739746094,917200.0
2017-03-08,NOC,212.7137557255696,213.65527722423408,211.8942825710502,212.33889770507812,675600.0
2017-03-09,NOC,212.78344835252315,213.35882468034757,212.29525509337589,212.8183135986328,611200.0
2017-03-10,NOC,213.20196398095015,213.43734769761105,211.36251240007508,212.35633850097656,688600.0
2017-03-13,NOC,212.3126808069982,213.35009813255834,211.6326954394034,213.07984924316406,750600.0
2017-03-14,NOC,212.2952392406004,213.03624205994845,211.6239669082647,212.51318359375,460700.0
2017-03-15,NOC,212.53939927245744,213.10604943882444,211.95530982799974,212.5742645263672,756200.0
2017-03-16,NOC,212.71368559959714,212.82702091832252,208.9824793917856,209.47067260742188,1081700.0
2017-03-17,NOC,210.20303322248228,213.32399896181883,209.82817519932772,212.93170166015625,1225000.0
2017-03-20,NOC,213.38501507657435,213.98654377205312,211.5717160026206,211.833251953125,527000.0
2017-03-21,NOC,212.45216880805512,212.45216880805512,208.65994475868996,208.9824981689453,805700.0
2017-03-22,NOC,208.99121898376364,210.9701576583346,208.4420081973862,210.22042846679688,677500.0
2017-03-23,NOC,210.09839204855902,210.429671778225,208.46817226739822,208.7907257080078,596500.0
2017-03-24,NOC,208.57282283984557,209.07845552179063,206.2538908750787,206.5067138671875,753200.0
2017-03-27,NOC,205.5477323097848,206.06207792837992,203.2985443868313,205.59132385253906,969000.0
2017-03-28,NOC,204.96361762738968,207.465614906385,204.3010714868867,206.77691650390625,733000.0
2017-03-29,NOC,206.31484310396684,206.5415004396201,204.9287202276394,206.1927947998047,612700.0
2017-03-30,NOC,205.98365485644027,208.54668368366396,205.34726079530546,208.40719604492188,853000.0
2017-03-31,NOC,208.110720071113,208.29378589174647,207.21279033528972,207.3435516357422,964700.0
2017-04-03,NOC,207.11689297776724,207.97123117397499,206.43690761515538,207.31739807128906,671500.0
2017-04-04,NOC,206.60256987448093,207.54409124075426,206.1143632642774,207.16921997070312,701900.0
2017-04-05,NOC,207.48303198141284,209.06094702904304,205.61742878056145,205.82666015625,958200.0
2017-04-06,NOC,205.73079078505646,207.0646093851583,205.00721381534927,206.32359313964844,703900.0
2017-04-07,NOC,208.982575753083,209.33128155296268,206.95133187821375,208.1892547607422,722700.0
2017-04-10,NOC,208.04098825071637,209.61890344424768,207.4743381797836,208.65122985839844,712800.0
2017-04-11,NOC,208.5466133617462,210.22913754155263,207.67483586698168,210.1419677734375,679400.0
2017-04-12,NOC,210.0547937380486,210.0547937380486,208.38969545888372,208.66867065429688,560000.0
2017-04-13,NOC,208.389674911151,210.78706288848286,208.389674911151,209.40093994140625,739100.0
2017-04-17,NOC,209.50555228629906,212.08600595498692,209.45323446811142,211.92909240722656,750500.0
2017-04-18,NOC,211.5281167975721,213.39372033358825,211.33632466096822,211.99887084960938,894300.0
2017-04-19,NOC,212.3214359342418,213.0885911723396,211.45837132632755,212.48707580566406,694700.0
2017-04-20,NOC,212.59166265508463,214.41367444587908,212.28653520778053,213.45472717285156,662400.0
2017-04-21,NOC,213.69012309930926,215.70392724620885,213.48090498676112,214.74497985839844,802200.0
2017-04-24,NOC,217.05515352375812,217.7264259088531,215.83467037110245,217.19464111328125,1059900.0
2017-04-25,NOC,216.314208984375,217.61314926810041,215.66037569720402,216.314208984375,1539100.0
2017-04-26,NOC,217.77004108115764,217.9443939358523,211.88554244488964,216.25314331054688,1753500.0
2017-04-27,NOC,217.03775190619996,217.78748115618018,215.68649399838705,216.54954528808594,1010300.0
2017-04-28,NOC,216.98543928610943,217.3864628350475,214.10858384836314,214.42242431640625,856400.0
2017-05-01,NOC,214.7188063736216,214.9193114790878,212.99269060433872,213.01011657714844,778900.0
2017-05-02,NOC,213.1147572102463,214.17831364047066,212.2778448641484,213.87319946289062,882600.0
2017-05-03,NOC,213.50701658921577,214.3177632254774,212.67010439159813,214.0300750732422,614200.0
2017-05-04,NOC,213.97779817953383,214.47471777089262,212.3911699468719,214.2393341064453,893500.0
2017-05-05,NOC,214.7100745304312,217.10746265440875,214.02137615872329,216.994140625,719400.0
2017-05-08,NOC,216.81105689322698,217.3428416887988,216.22696757715116,217.19464111328125,619500.0
2017-05-09,NOC,217.15979366354563,217.63926067563767,216.76748312307788,217.49978637695312,732100.0
2017-05-10,NOC,217.90078986669397,218.82487191548142,215.24186575311828,216.29672241210938,780100.0
2017-05-11,NOC,215.40752312550603,216.2444354711406,214.640367886134,215.7823944091797,628700.0
2017-05-12,NOC,215.4685496080305,216.33160089774688,214.89317321337276,215.7213592529297,523500.0
2017-05-15,NOC,215.4249667765147,216.62802414083433,215.27676617837355,216.41879272460938,674300.0
2017-05-16,NOC,216.29671795262146,217.39515282343083,215.3203314007909,215.6603240966797,549300.0
2017-05-17,NOC,215.66036455171363,216.84598271660093,214.05628352702735,214.7362823486328,1030500.0
2017-05-18,NOC,214.38752924393512,217.06389265439628,212.18193315039986,215.2244415283203,1033600.0
2017-05-19,NOC,216.21827590801269,218.27567149837608,215.85213092611792,217.83978271484375,716900.0
2017-05-22,NOC,220.49000485652226,221.43152632852244,217.43007004922538,217.46493530273438,1062600.0
2017-05-23,NOC,217.94438203211644,219.20845678744882,216.70645953844635,218.5110321044922,801400.0
2017-05-24,NOC,219.03413110658678,221.06537459531043,218.8161866975255,220.89102172851562,775000.0
2017-05-25,NOC,221.5186702612745,223.8899061489027,220.9955984351948,223.62835693359375,976500.0
2017-05-26,NOC,223.62836468884677,224.8575742111737,223.4365725661176,224.03810119628906,552700.0
2017-05-30,NOC,223.95965243101088,224.32581071643946,222.2596888298213,223.35812377929688,584600.0
2017-05-31,NOC,224.0817090591257,225.982177734375,222.85249952021505,225.982177734375,1536300.0
2017-06-01,NOC,225.5533135558872,226.1921584964804,224.2055697332637,225.44827270507812,840200.0
2017-06-02,NOC,225.61457830649204,226.86606820181885,225.10700099027343,226.24468994140625,687500.0
2017-06-05,NOC,226.22720668767275,226.27095368485575,223.68926657698432,223.69801330566406,509300.0
2017-06-06,NOC,223.05040613873214,224.52065785851894,221.48388698345082,221.5801544189453,676400.0
2017-06-07,NOC,222.32401516848623,223.22543566399554,221.5013819998143,222.8753662109375,708700.0
2017-06-08,NOC,222.8753749668527,225.0370188707252,222.45530496046433,224.161865234375,713000.0
2017-06-09,NOC,223.90807783767355,225.01951341376332,223.1641918566372,224.64320373535156,623600.0
2017-06-12,NOC,224.52942452240987,224.52942452240987,222.00023093805274,224.0305938720703,723100.0
2017-06-13,NOC,223.84680589424025,226.08719716534478,222.9629054899673,225.4308319091797,570800.0
2017-06-14,NOC,225.7984180965232,229.6665825527532,225.78965801296792,227.24241638183594,793000.0
2017-06-15,NOC,225.8596665539561,227.12865016608728,224.0656120613581,226.3497772216797,719200.0
2017-06-16,NOC,226.9710945295767,227.3036571752244,226.03467375526733,226.30596923828125,734800.0
2017-06-19,NOC,227.60997785421227,229.36904545595385,226.75234426337167,228.6514129638672,604900.0
2017-06-20,NOC,228.4150879720556,229.80657898123005,227.63618845397409,227.67996215820312,491200.0
2017-06-21,NOC,227.71503208660397,228.76520063425085,226.66483683138233,227.79379272460938,576400.0
2017-06-22,NOC,227.42616269175318,227.70621825471844,224.78320842363567,224.81822204589844,633800.0
2017-06-23,NOC,224.69568188115383,226.2709476436421,224.69568188115383,225.2645263671875,679000.0
2017-06-26,NOC,225.6408854809754,227.46122028457032,223.741816750314,223.99560546875,840500.0
2017-06-27,NOC,223.5930154626982,225.20328165325427,223.3129598790987,223.45298767089844,546200.0
2017-06-28,NOC,224.60819371317064,226.0609520726897,224.15312339994614,225.4045867919922,404700.0
2017-06-29,NOC,225.6496518631306,225.6496518631306,221.2563894159525,223.0592041015625,643900.0
2017-06-30,NOC,223.83805707807247,225.5883510577432,223.66302901548391,224.6606903076172,581400.0
2017-07-03,NOC,225.37835748811736,227.01489082411797,224.60821786939366,225.5271453857422,273000.0
2017-07-05,NOC,225.61458264749615,228.49384540900311,225.597089190589,227.78497314453125,442200.0
2017-07-06,NOC,227.59248789809794,228.7301771191103,225.46587064112975,226.61231994628906,540100.0
2017-07-07,NOC,227.3299337405547,230.8130283749674,226.95359735166446,229.28150939941406,642700.0
2017-07-10,NOC,228.9489141671373,230.64671424095587,228.02125351330665,229.0977020263672,507900.0
2017-07-11,NOC,229.2990516744613,230.16544537488608,227.6625183702928,229.85040283203125,523800.0
2017-07-12,NOC,230.70798991855239,232.01196024833757,230.16539895468387,231.0055389404297,533600.0
2017-07-13,NOC,231.36436669407558,232.16951980520477,230.41045241835326,230.91802978515625,476300.0
2017-07-14,NOC,230.9968548682168,232.36209265178093,230.769306335098,231.7669677734375,576900.0
2017-07-17,NOC,231.7756584449105,233.02712158712313,230.39292761427808,231.74940490722656,609600.0
2017-07-18,NOC,231.9507340468923,233.43847924770074,230.72552426164708,231.25059509277344,471500.0
2017-07-19,NOC,231.40815678561896,232.19578978663108,231.10184764423315,231.84573364257812,388500.0
2017-07-20,NOC,231.84571091418036,232.4057953482443,230.532980471993,231.71441650390625,519100.0
2017-07-21,NOC,230.71679185682453,232.17828369140625,229.41282129047792,232.17828369140625,575700.0
2017-07-24,NOC,232.3620936470644,233.07969946426593,231.9770238390175,232.15203857421875,530900.0
2017-07-25,NOC,233.18466408803923,233.49970653290686,230.74297831005222,231.0842742919922,708200.0
2017-07-26,NOC,231.2418590707383,232.23076026308843,227.00611860018552,230.91802978515625,815900.0
2017-07-27,NOC,231.250564860078,231.29433856199591,226.66476881729994,228.20504760742188,1315600.0
2017-07-28,NOC,228.52890506381456,231.28563405956643,227.73251193925103,231.12811279296875,587700.0
2017-07-31,NOC,231.819499794836,232.79090768018162,230.22671349036432,230.2792205810547,638700.0
2017-08-01,NOC,230.4454834314568,231.67069329513114,230.20044145872194,231.60069274902344,673000.0
2017-08-02,NOC,231.49560933355565,233.55222553446893,231.16307341617923,233.5172119140625,755700.0
2017-08-03,NOC,233.6659827328958,235.32876902880787,232.0206898921279,235.2237548828125,980100.0
2017-08-04,NOC,235.32879375932637,235.6263427734375,234.06857045981573,235.6263427734375,653000.0
2017-08-07,NOC,235.8626487076153,236.055183562551,234.99622850662078,235.92388916015625,696700.0
2017-08-08,NOC,235.7139040188061,236.46655011960632,235.48635550105237,236.1339874267578,616100.0
2017-08-09,NOC,237.03539021554587,239.61707766295538,236.44029209623505,239.00448608398438,978900.0
2017-08-10,NOC,239.7921799647212,240.32601104938442,236.49285922008096,236.77288818359375,865300.0
2017-08-11,NOC,237.2628964026973,238.71565468602063,235.50385570383662,235.661376953125,700600.0
2017-08-14,NOC,236.50152687910006,237.9455518473334,235.6263731808114,237.51670837402344,687400.0
2017-08-15,NOC,237.3854386566774,237.58673362031004,236.30899000214453,237.2891845703125,456400.0
2017-08-16,NOC,237.48167101738719,237.48167101738719,235.4863218529791,236.28271484375,931300.0
2017-08-17,NOC,236.32653041826092,237.0003892032675,234.54120925773077,234.6549835205078,581700.0
2017-08-18,NOC,235.39885791221428,235.56513925610878,233.81483181096422,234.1998748779297,551200.0
2017-08-21,NOC,234.28743515977823,234.57625089324463,231.3469309749574,234.27870178222656,517600.0
2017-08-22,NOC,235.41636660288424,239.34579852503663,235.040056887649,238.75946044921875,613200.0
2017-08-23,NOC,237.79681520072504,238.56695489435742,236.72036630518292,236.9654083251953,413900.0
2017-08-24,NOC,237.0619985457832,237.72958944060184,235.67411503356269,235.88494873046875,393600.0
2017-08-25,NOC,237.15864905007203,237.6681348622456,235.8937538836392,236.5789031982422,616100.0
2017-08-28,NOC,237.1673791801764,237.73833232429607,234.69029123071766,235.32273864746094,492900.0
2017-08-29,NOC,236.91261451346375,238.50251206066253,235.9463717704393,237.7998046875,473700.0
2017-08-30,NOC,237.87892091246567,238.23027469306857,236.99173050101882,238.0546112060547,303900.0
2017-08-31,NOC,238.6870288168764,239.60054317062955,237.18494937271285,239.108642578125,689500.0
2017-09-01,NOC,238.95051643757176,239.2052592670073,236.13963317871094,236.13963317871094,552800.0
2017-09-05,NOC,237.9755460488722,237.9755460488722,235.23492236911633,235.47210693359375,632800.0
2017-09-06,NOC,236.24512843912845,236.24512843912845,232.9950454519465,233.01260375976562,543600.0
2017-09-07,NOC,233.24091407229378,233.68011287307817,232.21317708356864,233.53956604003906,504300.0
2017-09-08,NOC,233.5044026886882,235.54229138386674,232.7753445365379,234.92742919921875,861000.0
2017-09-11,NOC,235.93761270828787,237.0092589069963,235.44571217182192,236.55247497558594,765300.0
2017-09-12,NOC,236.1836004458065,237.50119712177766,235.7707524150726,236.2538604736328,492400.0
2017-09-13,NOC,235.63908245833335,236.13974900142588,234.10188578611087,234.26878356933594,516700.0
2017-09-14,NOC,234.01393239599895,234.2071809605459,232.50308729315077,233.38148498535156,562900.0
2017-09-15,NOC,233.43419993613742,234.70788738466413,232.81054504515848,234.5585479736328,864500.0
2017-09-18,NOC,234.55853011074814,242.61344858634212,232.60848619975457,242.41140747070312,1854500.0
2017-09-19,NOC,242.56079988585307,245.86355763764644,241.57697175718695,244.48446655273438,1412600.0
2017-09-20,NOC,244.41415660484216,247.3304433616106,244.19455718291508,245.9864959716797,1068000.0
2017-09-21,NOC,245.85471706801508,246.83851809071163,244.8094217797581,246.3202667236328,565400.0
2017-09-22,NOC,247.30410046224597,248.5250593480383,246.1358164883157,247.3128662109375,641300.0
2017-09-25,NOC,247.26888956447834,247.36550041971535,244.96749246575257,247.15469360351562,716600.0
2017-09-26,NOC,247.35680479884934,250.28185742912487,247.24260880551213,250.11495971679688,922600.0
2017-09-27,NOC,250.37850474171404,252.33731458816007,250.1940219115843,251.95960998535156,890100.0
2017-09-28,NOC,250.98463335464072,251.4325980404211,249.40350110274764,250.0095977783203,671700.0
2017-09-29,NOC,250.58047435585593,252.8116117715199,249.26287795241592,252.73255920410156,618600.0
2017-10-02,NOC,253.41775520417357,254.69144268606095,252.29340713722902,254.6475067138672,499300.0
2017-10-03,NOC,254.55964249584522,256.7732218539501,253.8744933627581,255.68399047851562,576800.0
2017-10-04,NOC,255.61370477224412,257.0279120586425,254.9197631537932,256.65020751953125,572200.0
2017-10-05,NOC,256.3955320997565,257.563789312297,255.57860181930928,257.0894470214844,540500.0
2017-10-06,NOC,257.3178392073057,257.7043363620985,256.36038887593287,257.660400390625,382000.0
2017-10-09,NOC,258.0293961733493,259.10983529535383,256.6239541009619,258.1260070800781,727800.0
2017-10-10,NOC,258.872593575514,258.872593575514,256.55363745332926,257.660400390625,638900.0
2017-10-11,NOC,258.06440780271214,259.4434714981603,257.31776456995254,259.2941589355469,487400.0
2017-10-12,NOC,259.23273892740815,262.53552303578317,259.1273354867701,262.3598327636719,705900.0
2017-10-13,NOC,262.7990616435829,262.930815959424,260.19901152020935,260.35711669921875,771100.0
2017-10-16,NOC,260.88405445702847,261.3847474597638,258.52116306506423,259.8124084472656,525400.0
2017-10-17,NOC,259.56653219660404,259.8915350713859,258.0205435959426,258.530029296875,585100.0
2017-10-18,NOC,258.8374601010399,258.8374601010399,255.4819744787791,256.49212646484375,863300.0
2017-10-19,NOC,256.4921266940958,257.45836951898355,253.47922903671122,257.0630798339844,662500.0
2017-10-20,NOC,258.02944876304883,258.79365084139584,256.5273954777949,258.7760925292969,606100.0
2017-10-23,NOC,259.4875122132739,260.97200672503203,258.24896802737396,258.2928771972656,733000.0
2017-10-24,NOC,257.54624070724225,258.7320562690754,256.7029595348002,258.2752990722656,969200.0
2017-10-25,NOC,264.07274712886203,269.32554905984466,263.2909601835123,267.6917419433594,1545100.0
2017-10-26,NOC,268.7897286670867,268.7897286670867,259.61925342686015,261.7537536621094,1057700.0
2017-10-27,NOC,261.7625191939529,262.65847521331165,260.69966546413946,261.4638671875,642900.0
2017-10-30,NOC,260.76991783896835,262.01725435317,259.303008708923,260.3307189941406,469200.0
2017-10-31,NOC,260.8753180956737,261.2442569157268,259.4699032545965,259.5928649902344,462700.0
2017-11-01,NOC,259.71585089961155,260.4361166160626,258.23135669269556,258.39825439453125,580800.0
2017-11-02,NOC,258.14353032924765,264.82812421711543,258.14353032924765,264.71392822265625,711800.0
2017-11-03,NOC,264.55577650375346,266.47067679307867,262.77263049001186,264.9774169921875,517700.0
2017-11-06,NOC,264.274709023129,266.5848991746126,263.75645761678607,265.1531066894531,366700.0
2017-11-07,NOC,265.26729700175207,267.62142307014494,265.26729700175207,266.4267883300781,510800.0
2017-11-08,NOC,266.41802978515625,267.25251837947127,265.7153223000495,266.41802978515625,524600.0
2017-11-09,NOC,266.0402915714785,266.66394639621336,261.84155188297484,262.7638854980469,529800.0
2017-11-10,NOC,262.2017729532351,263.2207177332596,261.37607678332864,261.87677001953125,391900.0
2017-11-13,NOC,261.52546658534254,262.60587905338724,258.6355294341295,262.18426513671875,656100.0
2017-11-14,NOC,261.0334611751292,263.9848646350526,260.1374783482039,263.9233703613281,521600.0
2017-11-15,NOC,264.195733284875,265.5748244556558,263.2031661507829,263.4666748046875,804900.0
2017-11-16,NOC,263.8530677950621,264.6172693960515,263.1064244952039,264.00238037109375,440600.0
2017-11-17,NOC,263.1416541473402,263.59841138555055,260.59430570697316,260.7524108886719,457200.0
2017-11-20,NOC,260.84896878731416,264.61730235827235,260.6733053344208,264.3450012207031,703200.0
2017-11-21,NOC,265.3990679704807,267.84977801289835,264.47673439180744,267.30517578125,706800.0
2017-11-22,NOC,266.3653169486367,266.6991123724334,263.7828254984501,265.2936706542969,463700.0
2017-11-24,NOC,265.99644500036885,266.9451028892884,265.44305006242615,265.9085998535156,273000.0
2017-11-27,NOC,266.05791049522037,267.2525185821222,265.346383647302,266.7079162597656,511600.0
2017-11-28,NOC,268.1045795119058,271.63572904287525,267.7532257506995,270.45867919921875,911000.0
2017-11-29,NOC,270.66953113342265,270.8364020658127,268.83365600480164,269.3958435058594,786000.0
2017-11-30,NOC,269.6680859888872,272.0924721478668,267.7180420798318,270.0194396972656,3033200.0
2017-12-01,NOC,270.54816741757924,271.2619894211305,261.7355235277558,264.0532531738281,1097300.0
2017-12-04,NOC,265.90395509828465,267.11128319579365,264.81999004949864,264.87286376953125,1180700.0
2017-12-05,NOC,265.72769375399105,266.000883607896,262.19381436797863,262.3965148925781,584800.0
2017-12-06,NOC,262.581582628568,265.51620869484367,262.4582195742048,264.5556335449219,629600.0
2017-12-07,NOC,264.60850473312524,267.78985687765845,264.5556310111816,266.74114990234375,655100.0
2017-12-08,NOC,267.24351779792624,269.3761901855469,265.269493494324,269.3761901855469,684300.0
2017-12-11,NOC,270.1252203352663,270.6980638507478,267.7810532301061,268.39794921875,674700.0
2017-12-12,NOC,269.86084459362246,271.3590051585108,268.87383255306304,270.79498291015625,977700.0
2017-12-13,NOC,270.5130028617258,274.14380909690624,270.5130028617258,271.83489990234375,746300.0
2017-12-14,NOC,272.70732204477224,273.26249611270856,269.9489597377519,270.4689025878906,904500.0
2017-12-15,NOC,271.89660647675555,274.2055157697495,271.0065204920268,273.60626220703125,1333500.0
2017-12-18,NOC,274.0908296910816,274.1877827549267,270.3102249762526,271.78192138671875,675200.0
2017-12-19,NOC,272.06408185394116,273.08635229327484,270.5835633807275,270.654052734375,612300.0
2017-12-20,NOC,271.36783351554993,271.87898210391955,270.00188398364986,270.21337890625,593400.0
2017-12-21,NOC,271.024115774383,271.2003525534985,267.96612661379635,268.33624267578125,818100.0
2017-12-22,NOC,269.4642178817474,269.4642178817474,267.6400209321578,267.71051025390625,567100.0
2017-12-26,NOC,268.2745762533092,270.04589977759423,267.6665015393714,267.763427734375,498500.0
2017-12-27,NOC,268.4772348287946,269.9577527909241,267.9749075899816,269.8079528808594,468200.0
2017-12-28,NOC,270.3895682433874,271.8789073332572,269.53474064088255,271.6850280761719,376700.0
2017-12-29,NOC,271.6497938415367,272.4781846587907,270.4689025878906,270.4689025878906,430900.0
2018-01-02,NOC,270.85673609267116,271.1827997589197,267.20828698649495,268.99725341796875,715000.0
2018-01-03,NOC,268.55652771788135,270.76851015797985,268.4419590329915,270.23974609375,722100.0
2018-01-04,NOC,270.1780922134091,272.0551901351545,269.32326446622193,271.9141845703125,582400.0
2018-01-05,NOC,272.39017029675705,273.40361957371516,270.7333879477476,271.62347412109375,842800.0
2018-01-08,NOC,272.2667968457074,272.61047616577355,271.05064700194885,271.6587219238281,660800.0
2018-01-09,NOC,272.5134355022932,275.7740980695271,272.05516074255297,273.53570556640625,828900.0
2018-01-10,NOC,272.6103516302276,272.7337415668533,269.9841737920489,271.08575439453125,676100.0
2018-01-11,NOC,272.20500846440336,272.9364462342733,271.6586287264662,272.7954406738281,493200.0
2018-01-12,NOC,273.1919925127108,278.22400523156034,272.9011870637441,277.7304992675781,706100.0
2018-01-16,NOC,279.7310570599225,280.85907481690504,275.2453960035574,275.43048095703125,756100.0
2018-01-17,NOC,277.5894686851186,280.0746407829226,276.11777217692617,279.8102722167969,613100.0
2018-01-18,NOC,279.80147188333757,280.8590000150079,276.7170462090331,276.9814147949219,598700.0
2018-01-19,NOC,278.6823620173744,279.5283686483808,277.32520676987855,278.80572509765625,874000.0
2018-01-22,NOC,278.56786965587713,278.99085964029473,276.3294490433989,277.72186279296875,731300.0
2018-01-23,NOC,277.80109391156395,277.90684137740465,275.5450583267442,276.2588806152344,653700.0
2018-01-24,NOC,276.23241657892197,278.76164183308083,275.5538255830803,276.2412109375,857500.0
2018-01-25,NOC,279.13166691411,287.2833623064252,277.131206483477,286.4109191894531,1406000.0
2018-01-26,NOC,287.3627348869016,295.72595382002777,285.20365285888494,295.7171325683594,1297900.0
2018-01-29,NOC,296.1048670369293,300.7403268353321,295.2676550183387,298.1670227050781,1389800.0
2018-01-30,NOC,295.4703734177052,300.75796064915596,293.919339223714,299.154052734375,1297400.0
2018-01-31,NOC,300.1852082675306,303.331329797564,299.29512228714054,300.0970764160156,1318300.0
2018-02-01,NOC,300.0970557855926,307.7199897714489,299.84148150198854,302.150390625,1455200.0
2018-02-02,NOC,300.42307070853377,303.3048229128278,296.7393914545567,296.80108642578125,1227000.0
2018-02-05,NOC,294.12205706106545,299.2157653180759,278.7175423382225,284.09326171875,1541600.0
2018-02-06,NOC,276.8139321480316,289.935971232407,275.844562877999,288.61407470703125,1716400.0
2018-02-07,NOC,287.96206076543655,301.51591609740893,287.3011122432199,297.5678405761719,2099900.0
2018-02-08,NOC,298.22874820899614,301.1016793310979,285.0538320482321,285.5385437011719,1520900.0
2018-02-09,NOC,288.9754232991919,297.8673781961634,285.0537858167974,293.1878662109375,1750000.0
2018-02-12,NOC,294.87111336115163,300.81082761160087,291.31961842624804,297.3739013671875,1284800.0
2018-02-13,NOC,295.32942142678166,303.48994114012214,295.32942142678166,302.5910339355469,897900.0
2018-02-14,NOC,305.049737794143,308.8127548715699,301.7449955237441,308.10772705078125,1536800.0
2018-02-15,NOC,311.0775057619434,314.6113845417451,310.2579363408196,314.5320739746094,1316900.0
2018-02-16,NOC,313.6508529961078,316.2329515394901,312.6197616925484,313.73016357421875,957900.0
2018-02-20,NOC,310.6017852865798,312.9900053317084,307.1912679660216,308.7599182128906,1171800.0
2018-02-21,NOC,310.47835897749127,314.0034177169993,308.81278270798697,309.165283203125,1337100.0
2018-02-22,NOC,310.02005917553544,310.69862318754485,306.2570423882358,307.2352600097656,842400.0
2018-02-23,NOC,308.44256694575927,309.8349529860148,306.82986478625673,309.7732849121094,845000.0
2018-02-26,NOC,311.2627073688589,313.589232226113,310.3373632838306,312.92828369140625,504700.0
2018-02-27,NOC,312.5404118937963,316.7528546205523,311.5974525378226,311.66796875,876000.0
2018-02-28,NOC,312.2320746337013,314.8406375276516,308.2399465905739,308.4779052734375,1018900.0
2018-03-01,NOC,309.429642276728,310.090590769935,297.1800689147713,299.224609375,1461100.0
2018-03-02,NOC,297.66851813893567,304.7503994181362,295.65270528175336,303.3004150390625,1147300.0
2018-03-05,NOC,301.4436941125565,305.369227738857,298.43763491691834,304.8387451171875,1387100.0
2018-03-06,NOC,305.4134569087335,306.0942263760368,301.32878614197415,302.2571105957031,908300.0
2018-03-07,NOC,298.8267025536016,307.17288108896963,297.38556820539395,306.6335754394531,869800.0
2018-03-08,NOC,307.76523961228395,307.871330750882,304.3790112103678,306.2268371582031,654600.0
2018-03-09,NOC,307.00493048962926,309.33019396429484,304.149211225779,309.1268615722656,782500.0
2018-03-12,NOC,311.9471264846298,311.9471264846298,302.9378795907403,304.77685546875,938600.0
2018-03-13,NOC,306.14737202672717,308.24278064641794,303.1236656313129,304.4321594238281,947100.0
2018-03-14,NOC,306.5186361653644,306.57168173836595,298.88859979814265,300.6922302246094,811200.0
2018-03-15,NOC,301.39948429701735,302.8494683924372,299.29525356323245,301.3287658691406,1061000.0
2018-03-16,NOC,301.19617796089994,303.43302280351656,299.01237868913825,299.3925476074219,1268900.0
2018-03-19,NOC,298.99465532901655,305.50185698396353,297.8629716039999,304.9625244140625,1004200.0
2018-03-20,NOC,305.2896077078207,309.2239909369164,304.697256630371,307.305419921875,634100.0
2018-03-21,NOC,307.61493704864637,309.99324575756236,305.8201566047421,306.9872131347656,607000.0
2018-03-22,NOC,304.85646669284483,305.95277783307205,298.92396966254427,299.5693664550781,770400.0
2018-03-23,NOC,301.23154077389654,315.6074848833713,301.23154077389654,305.7052307128906,1587100.0
2018-03-26,NOC,309.4451184032682,314.6084279982774,308.95000837234085,314.0691223144531,1005100.0
2018-03-27,NOC,314.75876104625706,316.96023353211535,307.04030547871315,308.8174133300781,1137800.0
2018-03-28,NOC,309.896030229302,310.0374940914696,302.1245296220173,304.76806640625,923400.0
2018-03-29,NOC,305.8908724800295,310.6209396739806,304.8475800564749,308.6670227050781,1077200.0
2018-04-02,NOC,308.7820330800241,309.83414867981685,299.48100632090853,305.4842224121094,1041600.0
2018-04-03,NOC,306.20922814594076,307.35861201051694,301.1785320838212,305.9440002441406,1023600.0
2018-04-04,NOC,300.77174490873614,312.59254132238266,298.84435081638355,312.4864501953125,949100.0
2018-04-05,NOC,313.874609875033,319.06444220847044,311.6996333512408,318.31292724609375,1133400.0
2018-04-06,NOC,315.3688229332623,317.93279161941166,308.97656059369876,310.9658508300781,1079500.0
2018-04-09,NOC,312.6367767987668,313.86572880066944,306.5274704410165,307.3143310546875,961700.0
2018-04-10,NOC,311.496413931442,312.00919700828524,304.0343611401814,306.5629577636719,1035000.0
2018-04-11,NOC,305.5992083303731,310.5857092473972,305.068725490895,306.48333740234375,794700.0
2018-04-12,NOC,308.5875087955033,312.59261163204724,308.42837206910434,311.257568359375,696700.0
2018-04-13,NOC,312.61030346803886,312.96397663457464,308.3134497056677,309.9756164550781,722600.0
2018-04-16,NOC,312.23011514965737,312.9727801867174,310.0640155369338,310.9923400878906,841400.0
2018-04-17,NOC,311.9737319254178,314.7587597350521,309.40094039509546,313.9011535644531,1245400.0
2018-04-18,NOC,315.7400588612602,317.8000939843387,313.06999971594627,316.25286865234375,626200.0
2018-04-19,NOC,316.3325257503296,318.1803521417445,314.9179139393418,316.5358581542969,676900.0
2018-04-20,NOC,317.82663459124217,317.82663459124217,313.5386044629523,314.67913818359375,653200.0
2018-04-23,NOC,315.34224408035254,317.28731133235016,312.17704773511485,314.85595703125,886300.0
2018-04-24,NOC,316.63311996420276,317.7117584128236,294.11435347703787,301.9477233886719,1885000.0
2018-04-25,NOC,297.9514378548625,301.19620277397263,281.16183875936747,294.0789489746094,2144800.0
2018-04-26,NOC,296.18314284823975,300.4976956342283,289.773209159733,295.2636413574219,1367200.0
2018-04-27,NOC,294.41494793332424,294.74207133621417,283.6550864628309,284.5569152832031,1474100.0
2018-04-30,NOC,285.6266552011282,288.676910430944,284.1148024696618,284.724853515625,1100100.0
2018-05-01,NOC,284.87515333198775,285.34374055001945,267.31636706763885,271.6220703125,3286300.0
2018-05-02,NOC,271.622045812607,279.0487221940624,269.8537882464762,271.5690002441406,2165000.0
2018-05-03,NOC,270.4550565891533,282.58530758812583,268.8017396707766,279.1018371582031,1988900.0
2018-05-04,NOC,277.1124492438174,278.70389707706715,275.44146004759153,277.4837951660156,993600.0
2018-05-07,NOC,279.0487154805423,282.3641983372716,277.8639861775139,280.3837585449219,1173200.0
2018-05-08,NOC,282.3553758294317,291.9570291451068,281.3916786232867,291.1170959472656,2055500.0
2018-05-09,NOC,291.9305153734705,293.20366311189537,288.4028497965489,289.63177490234375,1169400.0
2018-05-10,NOC,291.4089357963785,292.1957966084136,288.04922926914185,288.58856201171875,1230000.0
2018-05-11,NOC,288.80069609524867,289.06595095074005,286.7937332312458,287.60711669921875,826800.0
2018-05-14,NOC,287.48334278690885,287.87236164305733,281.22369536086256,281.78955078125,1192600.0
2018-05-15,NOC,280.5783010434026,285.88307423981865,279.71184504132475,282.89471435546875,1249500.0
2018-05-16,NOC,284.53039726607966,287.2712025239453,283.09811262319823,283.9468688964844,982500.0
2018-05-17,NOC,283.92911746440933,287.9960880968385,283.5047259544614,286.9174499511719,1013500.0
2018-05-18,NOC,287.47448288330264,292.01891800804265,287.3507188778096,290.89605712890625,1185500.0
2018-05-21,NOC,292.39025692197373,294.3530241320979,290.81650858098925,292.9649353027344,735000.0
2018-05-22,NOC,291.8950712813555,291.8950712813555,285.7415433714485,286.8997497558594,1557200.0
2018-05-23,NOC,285.6531964441332,290.3125459258376,284.84863592599953,290.1976318359375,825300.0
2018-05-24,NOC,289.9942300769207,294.901133848135,289.1896696764311,294.24688720703125,1388500.0
2018-05-25,NOC,294.4149576129927,295.2371911091504,291.9128844096325,293.46893310546875,1047100.0
2018-05-29,NOC,291.88633624580166,293.10641149784385,286.2102166755468,288.6504211425781,1062500.0
2018-05-30,NOC,290.0562137169373,293.53083428579004,287.96083225910206,293.1506652832031,733100.0
2018-05-31,NOC,291.8862913919028,293.3450984976605,288.75646792359885,289.3311462402344,2126400.0
2018-06-01,NOC,290.7422165124362,293.0050326211551,290.7422165124362,292.8275451660156,883800.0
2018-06-04,NOC,292.8363815455625,295.64939748989156,292.20634721637055,295.3299255371094,684700.0
2018-06-05,NOC,295.79127361529606,295.8800173044924,291.44310365239335,292.1175231933594,867900.0
2018-06-06,NOC,294.97502252460066,299.2699535226445,294.97502252460066,297.46856689453125,1358800.0
2018-06-07,NOC,298.75516710500864,301.8343863796658,298.47119812111123,299.99749755859375,748600.0
2018-06-08,NOC,300.79612215878916,301.00022993379065,298.2848409727449,300.4944152832031,848900.0
2018-06-11,NOC,300.3791003319732,301.56819012347603,296.226155015839,296.705322265625,863500.0
2018-06-12,NOC,298.0808125552798,298.0808125552798,290.34283208130495,292.25958251953125,1223800.0
2018-06-13,NOC,292.09982774509865,293.9455721771148,289.8724881021499,290.90185546875,928900.0
2018-06-14,NOC,291.0792322993327,292.8362596060455,285.30238995657203,286.234130859375,1135400.0
2018-06-15,NOC,286.23416489830095,287.4410194664381,282.90647973432255,285.311279296875,1540200.0
2018-06-18,NOC,284.6723113194202,287.0150142511075,284.0156568980077,286.1098937988281,932700.0
2018-06-19,NOC,282.91536092930073,284.60138265516036,277.7685249841644,278.4961853027344,1118000.0
2018-06-20,NOC,278.93099832605776,279.6143003518183,276.472957941934,276.93438720703125,999900.0
2018-06-21,NOC,275.93175005672043,278.54065819944833,272.6573046751493,278.15020751953125,1650800.0
2018-06-22,NOC,279.52562553407716,280.83007953646734,276.33104154038926,276.9167175292969,900800.0
2018-06-25,NOC,274.54729399754797,279.4633737163502,274.2100843031738,278.3896484375,1240800.0
2018-06-26,NOC,278.7890957844257,279.6498582750248,274.2279347094964,274.5030212402344,1127100.0
2018-06-27,NOC,275.0264766391038,277.9637108137143,271.9650229852385,272.0626220703125,1053400.0
2018-06-28,NOC,272.18689898322117,274.849047021243,268.89468974471293,273.0653991699219,879900.0
2018-06-29,NOC,273.7221526750265,277.6443974516823,272.81703176385054,273.0477600097656,688700.0
2018-07-02,NOC,271.92957338889994,275.9582986759604,270.3145302767197,274.0859069824219,636700.0
2018-07-03,NOC,275.00880173219326,276.9521721948595,273.11867207008453,274.0592956542969,336000.0
2018-07-05,NOC,274.6804367830223,275.54119904840854,271.1397615466554,273.53570556640625,677800.0
2018-07-06,NOC,272.7549152109159,275.16859811462166,270.7671859069632,272.74603271484375,689600.0
2018-07-09,NOC,273.7487851787246,279.82736441521644,273.4204577870475,278.3720703125,864300.0
2018-07-10,NOC,278.41640028832484,279.9693204492956,277.36929490774287,279.6321105957031,801100.0
2018-07-11,NOC,277.8484220054994,279.15287583522934,276.0204155612214,276.6593322753906,720900.0
2018-07-12,NOC,280.12906043749416,286.1899015251173,278.67376639172335,285.8526916503906,1216400.0
2018-07-13,NOC,283.918140348516,286.01235077733696,280.6614335265072,285.4976806640625,1417500.0
2018-07-16,NOC,286.43832191721003,287.92911862759524,284.0334948604321,284.2553405761719,607600.0
2018-07-17,NOC,284.80555905511824,286.20761215341633,283.6874479098778,285.02740478515625,762800.0
2018-07-18,NOC,285.8881495928021,287.8758785449724,284.423946200623,287.25469970703125,921200.0
2018-07-19,NOC,286.5802661684837,287.87583738379544,284.8675969021649,287.65399169921875,856300.0
2018-07-20,NOC,286.3850166716582,288.6478316307319,285.2225475492139,287.4498596191406,678000.0
2018-07-23,NOC,288.1155186044443,288.1155186044443,280.72362980508433,281.0075988769531,787600.0
2018-07-24,NOC,284.0956091239834,287.3168131469924,275.5767284943806,280.5638427734375,1926500.0
2018-07-25,NOC,275.0886693137955,277.6354536290348,260.2427452498142,262.22161865234375,4482900.0
2018-07-26,NOC,260.44693934451743,262.2305880379063,254.75881043486314,262.0531005859375,3206500.0
2018-07-27,NOC,262.6564262172877,268.49542020454555,262.6564262172877,267.67901611328125,2140700.0
2018-07-30,NOC,266.80938377695077,267.6701461290331,261.03251339953346,261.6270446777344,1272800.0
2018-07-31,NOC,263.286526904693,268.4865778903623,261.52949894926536,266.6496887207031,1724000.0
2018-08-01,NOC,266.2147887841762,267.5103598403106,264.200439964786,267.013427734375,1476600.0
2018-08-02,NOC,264.173989532028,266.32144171127317,263.3043442467484,265.052490234375,924300.0
2018-08-03,NOC,264.82161069406965,265.0346009554114,261.7778945550686,263.7745056152344,703900.0
2018-08-06,NOC,263.1179040478733,263.5882158868118,259.4530084535152,262.1595153808594,997000.0
2018-08-07,NOC,262.3901434293759,264.28027255816573,260.02082015000525,262.0085754394531,1082000.0
2018-08-08,NOC,262.1240321620929,262.4878352982639,260.22501987082774,261.73358154296875,674900.0
2018-08-09,NOC,262.3991894975902,262.4169274102376,257.2168484415937,258.61004638671875,1654800.0
2018-08-10,NOC,258.0775236392391,261.5117177676101,256.71982906040347,258.5123596191406,987700.0
2018-08-13,NOC,258.43244062339414,260.3758106558541,257.59829882495166,259.1334533691406,894600.0
2018-08-14,NOC,259.9854526974273,262.9315433543073,259.1424281071776,260.7663269042969,949500.0
2018-08-15,NOC,259.62156221325193,260.17173515258,257.3409821821151,258.6809387207031,1056100.0
2018-08-16,NOC,259.34654431703694,260.6509983100308,258.4680167996147,259.10693359375,935000.0
2018-08-17,NOC,258.44135583959536,262.48781920721126,258.0242848438608,261.23663330078125,1127400.0
2018-08-20,NOC,261.77794179195115,264.9725254808216,261.1567629621685,263.99639892578125,1170200.0
2018-08-21,NOC,263.3664052412656,265.09678582366934,263.22442071314157,264.599853515625,1653100.0
2018-08-22,NOC,263.6326145177305,265.496124250126,263.2865492267203,263.7657165527344,984800.0
2018-08-23,NOC,263.20658992637556,265.91312361835674,262.4345712508205,264.0673522949219,1409400.0
2018-08-24,NOC,264.04952698244034,267.1590504480288,264.04952698244034,265.54638671875,975500.0
2018-08-27,NOC,266.5621314556826,268.08571964014146,265.64442747571206,267.4085693359375,636200.0
2018-08-28,NOC,267.68477872421107,267.9698975135784,265.60878982775876,267.6580505371094,797600.0
2018-08-29,NOC,266.6779308259887,267.82729707607615,264.0139222215419,264.7177734375,1233400.0
2018-08-30,NOC,264.6465870024253,266.84729870035926,263.88925200208485,266.1256103515625,1012500.0
2018-08-31,NOC,265.10980733111705,266.6244768896995,264.5574067503508,265.94732666015625,1040800.0
2018-09-04,NOC,265.22564175779416,266.14334564777744,263.92482483975647,265.19891357421875,1099600.0
2018-09-05,NOC,264.575331318455,265.6444861930532,263.51506771427194,264.3971252441406,646600.0
2018-09-06,NOC,264.6554603819323,269.23506187458,264.6554603819323,268.7984924316406,1171000.0
2018-09-07,NOC,268.37970583927864,268.49553703264394,265.8849847145684,267.7560119628906,740700.0
2018-09-10,NOC,268.0767781020972,270.87442771467397,266.0186263709022,270.80316162109375,1775900.0
2018-09-11,NOC,269.87652898507315,272.13069637580094,268.896450295535,269.93890380859375,1253100.0
2018-09-12,NOC,269.1190908475218,271.2307252454369,268.5934186592305,270.437744140625,899500.0
2018-09-13,NOC,270.41117821828885,274.45621630643853,267.3194908426406,270.33099365234375,1192000.0
2018-09-14,NOC,270.6785176828453,274.1800742831789,269.9746661685749,273.83258056640625,838000.0
2018-09-17,NOC,273.92155571252823,277.5389146723501,273.5384427091466,277.1112365722656,1115400.0
2018-09-18,NOC,277.4764904007329,283.38366225151145,277.4764904007329,283.00054931640625,1310200.0
2018-09-19,NOC,283.0273585579718,284.31036580663306,277.06672864577286,278.2160949707031,1823300.0
2018-09-20,NOC,277.8062353807676,278.74177625746444,264.31687630513056,268.54901123046875,2468000.0
2018-09-21,NOC,269.96565421690656,274.358158170708,269.75182873628376,273.25335693359375,1692800.0
2018-09-24,NOC,273.22665581206735,273.6186873589887,270.9457598247565,272.7366027832031,815900.0
2018-09-25,NOC,273.2444906826199,280.4257544767971,272.7366278786836,280.1317443847656,1167400.0
2018-09-26,NOC,281.09399450448564,282.02953556870517,278.9289294659893,280.283203125,1495700.0
2018-09-27,NOC,280.015884388946,282.3056988110294,278.42103003067655,282.2344055175781,1285200.0
2018-09-28,NOC,281.91362236381417,283.00061379719494,280.74644638089137,282.7689514160156,1015900.0
2018-10-01,NOC,283.37480689987564,284.61327615850485,281.63742062125465,283.7757568359375,829900.0
2018-10-02,NOC,284.31039467436045,284.8093389672315,283.1966748794831,284.016357421875,757400.0
2018-10-03,NOC,285.11215687781635,286.6446358086512,282.8847181522084,283.00054931640625,877500.0
2018-10-04,NOC,283.1164514041307,283.67777045406626,281.2008318678946,283.41046142578125,787600.0
2018-10-05,NOC,283.84712620203703,286.306228698372,282.0740926374527,285.4152526855469,1086300.0
2018-10-08,NOC,283.9361336875508,285.9141008579887,282.0918074359761,284.22125244140625,776000.0
2018-10-09,NOC,283.232344388372,283.455088365327,279.82880989479634,279.94464111328125,873600.0
2018-10-10,NOC,279.0892701362261,279.5793231742728,273.41375824932754,275.3560791015625,1451200.0
2018-10-11,NOC,273.60083406691876,274.87495011337785,263.9159315645997,265.1722106933594,1375600.0
2018-10-12,NOC,268.06792452864613,269.840957933833,262.80225350338725,269.4043884277344,1370700.0
2018-10-15,NOC,270.0548171942634,274.32259962880437,269.7340517116834,272.2822570800781,896700.0
2018-10-16,NOC,273.03954682005684,278.287380182128,271.81888712500825,278.06463623046875,1185000.0
2018-10-17,NOC,277.601345534483,278.53685927865286,275.41844387752076,275.75701904296875,1098100.0
2018-10-18,NOC,274.38490219941906,276.42524441291687,271.06157983767974,274.5987548828125,976200.0
2018-10-19,NOC,274.19785302742156,276.41637447770546,273.1286709940352,274.1265869140625,1398000.0
2018-10-22,NOC,274.892790244575,274.892790244575,272.05057498033915,273.3068542480469,764400.0
2018-10-23,NOC,269.7339806506259,275.9530009619822,266.91849411384084,270.9635314941406,1336800.0
2018-10-24,NOC,276.5410474034637,277.0934479975574,254.06172027414567,254.69430541992188,2415600.0
2018-10-25,NOC,255.02402710516978,255.701150261073,239.23593396972254,240.54566955566406,2738500.0
2018-10-26,NOC,237.98857011086224,242.28308066427684,234.80780667207463,240.4209442138672,1971600.0
2018-10-29,NOC,243.583821394094,244.0382004402003,225.52372939145064,228.35702514648438,2520700.0
2018-10-30,NOC,227.09193334070565,232.76744526325942,224.2229899612314,232.63380432128906,2453000.0
2018-10-31,NOC,234.98595569176848,237.7301764629937,233.13273793713242,233.39112854003906,1550700.0
2018-11-01,NOC,234.74537200663784,243.81549823212532,234.50481835286902,243.37001037597656,1808900.0
2018-11-02,NOC,244.59957982286804,247.54870747976076,242.54142794607398,243.94915771484375,1835100.0
2018-11-05,NOC,245.3479506283519,249.70483443490528,244.77774037405678,248.97422790527344,1296400.0
2018-11-06,NOC,248.04759792707495,252.32429705796585,248.04759792707495,251.9144287109375,1926800.0
2018-11-07,NOC,253.0370942646359,254.7923174497926,249.82068509668773,254.73886108398438,1527200.0
2018-11-08,NOC,255.37146671757247,257.0821521320966,249.04553341477836,253.0638427734375,1461900.0
2018-11-09,NOC,251.11267306552494,255.90612830531626,249.48219894614297,254.57858276367188,786500.0
2018-11-12,NOC,254.44483235532698,254.44483235532698,247.0942827172827,247.29029846191406,910800.0
2018-11-13,NOC,246.8805063937246,248.73375147378889,243.25422799136754,243.80665588378906,1467700.0
2018-11-14,NOC,245.82021946334353,246.93393922096146,240.90204280225532,241.20497131347656,1530000.0
2018-11-15,NOC,239.92197001957103,244.92924982545486,238.04202407277154,242.6572723388672,959900.0
2018-11-16,NOC,241.48122494572021,245.22333503356617,240.46552644157504,242.91571044921875,1022400.0
2018-11-19,NOC,243.22751291445232,243.22751291445232,237.46289750084682,239.90419006347656,1751600.0
2018-11-20,NOC,234.12171760234884,238.76372142311544,230.64691717665755,237.7212677001953,1493300.0
2018-11-21,NOC,238.85274319189207,241.4098661784304,237.41828542935485,238.52308654785156,1328400.0
2018-11-23,NOC,237.07081644326166,239.38735883962303,236.411503086841,237.5252227783203,413700.0
2018-11-26,NOC,238.8527975414458,241.276252977967,235.012693744703,236.9104766845703,1034100.0
2018-11-27,NOC,235.43137272413716,235.89469741612248,228.13428072953008,231.95657348632812,1699100.0
2018-11-28,NOC,232.7050230594392,235.1997712935871,231.25272834131835,234.45135498046875,1218700.0
2018-11-29,NOC,234.4959359976228,234.78994606416134,230.2281540653356,232.2506866455078,1661300.0
2018-11-30,NOC,233.25311012619068,233.53954745949645,228.10630709432547,232.6175994873047,4006300.0
2018-12-03,NOC,234.88222523353295,237.6212177480758,231.89260684563882,234.04083251953125,2152000.0
2018-12-04,NOC,232.92197935949915,233.8081160279162,222.5478156705934,223.63087463378906,2892500.0
2018-12-06,NOC,220.66813101874038,230.0487518310547,219.80884605855303,230.0487518310547,2693000.0
2018-12-07,NOC,229.99504395498732,233.63806574937772,228.5718302180966,230.5231475830078,1755900.0
2018-12-10,NOC,233.2710912697988,243.46625375766652,233.2710912697988,241.88194274902344,3010000.0
2018-12-11,NOC,246.19623673517853,249.75872999271758,236.47550362041704,239.8858184814453,1924300.0
2018-12-12,NOC,241.82820601244893,244.21809809949096,241.23743911147216,241.77447509765625,1467400.0
2018-12-13,NOC,241.3895399279671,242.17722896521747,237.66593640761806,239.75152587890625,1737300.0
2018-12-14,NOC,237.20050436308102,239.19657881852345,233.99607183268682,235.15072631835938,1105600.0
2018-12-17,NOC,233.77231158052297,235.45506967095196,228.99248698106518,230.2545623779297,1032900.0
2018-12-18,NOC,232.01788151710318,234.12136307901838,227.6050637468135,229.98602294921875,1006700.0
2018-12-19,NOC,229.86070976536487,234.38096229016728,224.58860697259698,226.77264404296875,1312100.0
2018-12-20,NOC,225.02721830394893,226.45937793594842,216.3537460921592,218.06336975097656,1523800.0
2018-12-21,NOC,213.2835563664158,216.85499570611378,209.32723215357714,210.56246948242188,3054400.0
2018-12-24,NOC,208.1993919955565,209.64049749595142,202.40811819928064,202.49761962890625,814500.0
2018-12-26,NOC,202.76618984882435,208.62012805294074,200.17041570789974,208.2352294921875,1635700.0
2018-12-27,NOC,206.8120373662716,214.48300683545295,204.08199046397368,214.43826293945312,1252900.0
2018-12-28,NOC,216.0494079862032,220.39957692153112,213.99964329394655,216.83709716796875,1272100.0
2018-12-31,NOC,217.78590642421472,221.01720502684634,216.36270640311696,219.2091064453125,1111700.0
2019-01-02,NOC,215.8704036550868,220.69497285016965,212.20946254669164,220.52490234375,1637900.0
2019-01-03,NOC,219.09271773207905,219.352289640703,213.30144377517777,214.75149536132812,1703900.0
2019-01-04,NOC,217.8396232681698,221.93916673475067,217.07879946444876,221.8944091796875,1127800.0
2019-01-07,NOC,221.62582648813836,224.9913833121555,219.30751693006826,223.62188720703125,1388500.0
2019-01-08,NOC,225.02720798074589,226.80845456334302,221.9928320212018,224.6333770751953,1082400.0
2019-01-09,NOC,224.58857585525388,226.6383400071179,223.3085812723382,225.698486328125,727700.0
2019-01-10,NOC,224.74078819086424,230.80059416964613,224.0873716941833,230.63052368164062,1063700.0
2019-01-11,NOC,228.4644255763298,229.33265657788309,225.95815275441925,229.18943786621094,668200.0
2019-01-14,NOC,229.59216861232474,235.28496716674132,228.15106322597862,232.68919372558594,982700.0
2019-01-15,NOC,232.9756862552749,234.44365744007735,228.58971942711264,231.77626037597656,965400.0
2019-01-16,NOC,231.99104598252606,231.99104598252606,228.79555938320203,228.91192626953125,668700.0
2019-01-17,NOC,228.14211530004744,238.87430959577065,227.85567797087234,236.37698364257812,1438600.0
2019-01-18,NOC,238.37312258390082,242.12357872429573,237.72865207653484,239.6620635986328,1507000.0
2019-01-22,NOC,238.91015037224594,240.12746819618621,235.2044386768026,236.95884704589844,531300.0
2019-01-23,NOC,238.91917544925195,244.7014913274667,238.09567463065918,241.88194274902344,1027400.0
2019-01-24,NOC,242.26680081210446,243.19770873934303,238.90122952482466,241.51492309570312,858400.0
2019-01-25,NOC,244.6118926157144,245.48013703717083,242.57107433755075,244.21804809570312,966300.0
2019-01-28,NOC,241.52386585015242,245.70397833863765,239.77844414237052,245.5249481201172,761900.0
2019-01-29,NOC,245.46232893059616,251.96071110183937,244.68357201128313,250.74339294433594,1555000.0
2019-01-30,NOC,251.1014220548299,253.46448994543996,247.16300288665738,251.3610076904297,1346900.0
2019-01-31,NOC,243.17083274375852,254.69965056429965,241.22846168252372,246.64378356933594,2021800.0
2019-02-01,NOC,247.86115759899704,249.70505407356134,243.94959054066229,244.3255157470703,1581300.0
2019-02-04,NOC,244.34347480452303,249.65139098025477,244.0301855375661,249.4902801513672,1316000.0
2019-02-05,NOC,250.6269912566906,251.70111785997466,245.84717977280746,249.24853515625,841400.0
2019-02-06,NOC,249.19477491109402,252.09490515423775,249.02470444896463,250.99392700195312,888500.0
2019-02-07,NOC,250.18842263461264,251.66532634430203,246.84074326765014,249.31121826171875,872400.0
2019-02-08,NOC,248.3355910803844,251.2625469893762,247.53000964192768,251.18199157714844,726500.0
2019-02-11,NOC,251.44158866649786,253.41078479273716,251.03878427085462,251.94284057617188,1190900.0
2019-02-12,NOC,253.10640232720914,255.03981385308245,252.0054512239328,254.2789764404297,680000.0
2019-02-13,NOC,255.95277635992818,256.0691159235484,253.10634960531067,253.58074951171875,1254000.0
2019-02-14,NOC,252.05912829931137,252.44401315969262,249.8392795996036,251.16403198242188,842800.0
2019-02-15,NOC,253.6793156658254,256.9553723058206,252.90951843098452,256.87481689453125,929500.0
2019-02-19,NOC,255.98858741946208,257.5371138844875,254.72649833227464,257.2059326171875,651000.0
2019-02-20,NOC,257.64453918021394,258.17264276737285,256.2750428091276,257.98468017578125,1025200.0
2019-02-21,NOC,258.1278991481014,258.2442660484107,255.6395322974739,257.3402099609375,608900.0
2019-02-22,NOC,258.868264709212,259.67722255029463,257.0705684265091,259.5064392089844,613800.0
2019-02-25,NOC,260.6659870334574,260.8188033022481,257.54698257414054,258.0143737792969,548300.0
2019-02-26,NOC,257.72675492997934,259.7940948230771,256.8728381654949,257.56494140625,530300.0
2019-02-27,NOC,256.8009181564502,258.2929818925966,255.61443205792332,257.7626647949219,809000.0
2019-02-28,NOC,257.25038457475245,262.059200850946,257.0706039493721,260.6300354003906,1037800.0
2019-03-01,NOC,261.56475213346584,261.87935440051484,256.7289457978999,257.9693603515625,790000.0
2019-03-04,NOC,258.4547543906216,260.9625204905858,253.56501921257464,254.4638671875,704800.0
2019-03-05,NOC,255.0751726621219,256.1358070860054,253.74486728646684,254.25721740722656,667800.0
2019-03-06,NOC,254.65274214448925,256.12686671115006,252.01912287308795,252.0910186767578,547200.0
2019-03-07,NOC,251.6864638626376,251.6864638626376,245.42149154316448,248.47756958007812,1307100.0
2019-03-08,NOC,247.64164687710215,248.23488991015464,244.8552123027041,248.04611206054688,636700.0
2019-03-11,NOC,246.24841441679786,251.11118586275896,245.00799966691002,250.9763641357422,758700.0
2019-03-12,NOC,251.14712049860438,251.67743752170261,246.6528805428597,247.3360137939453,1016300.0
2019-03-13,NOC,247.20118023178176,252.2437320439035,246.6528960893413,250.92242431640625,896800.0
2019-03-14,NOC,250.27529390806754,251.8662453400695,246.5720437291681,246.9585418701172,804000.0
2019-03-15,NOC,246.5539717962912,247.64159752212373,242.76083250262542,243.7765350341797,2701600.0
2019-03-18,NOC,243.93838244971113,247.92027267877512,243.24625190411558,247.0843505859375,1204000.0
2019-03-19,NOC,248.12705357543,250.46406455993076,243.201382619119,243.5968780517578,1029500.0
2019-03-20,NOC,243.59675397012973,245.17870746420834,241.34963444324586,243.1023712158203,869100.0
2019-03-21,NOC,242.0866979312089,246.02365620495144,241.9878378268461,244.9180908203125,612400.0
2019-03-22,NOC,244.47769741258324,244.47769741258324,240.1722345616424,241.21487426757812,830100.0
2019-03-25,NOC,241.7990881905472,242.70690593860004,239.85757338802617,241.43055725097656,557300.0
2019-03-26,NOC,243.22825259482576,243.91135836105423,237.2239550736536,238.95872497558594,1070800.0
2019-03-27,NOC,238.9228076427242,241.34071118950442,236.65772034011968,237.2239990234375,809700.0
2019-03-28,NOC,238.320557113402,240.51372086123845,237.13407124359202,239.99240112304688,1080300.0
2019-03-29,NOC,241.64636483021937,243.27327799918118,240.95426153960946,242.32949829101562,935000.0
2019-04-01,NOC,243.7046748684058,247.74049381328288,243.7046748684058,246.3832244873047,759200.0
2019-04-02,NOC,246.59900211728694,247.66863363920933,245.02601781218573,245.68215942382812,542700.0
2019-04-03,NOC,246.17655895949687,246.17655895949687,237.74535812735837,239.77676391601562,1321500.0
2019-04-04,NOC,240.45090911164934,245.47546764145622,239.75877838919524,243.5968780517578,1129100.0
2019-04-05,NOC,247.00342778349153,248.40562851647277,244.6844119345349,248.35169982910156,734400.0
2019-04-08,NOC,247.1832916752035,249.17873607249936,245.81705208353236,248.89109802246094,607600.0
2019-04-09,NOC,247.42582215999477,248.27973853580087,245.11580417876257,245.8079071044922,484200.0
2019-04-10,NOC,245.3675943612867,246.16755500463074,242.1676969265696,243.1654052734375,774500.0
2019-04-11,NOC,244.5316240152282,249.80788560643478,244.05523560117624,249.3314971923828,661900.0
2019-04-12,NOC,250.11346763627762,254.68860092761213,250.11346763627762,254.41893005371094,1108700.0
2019-04-15,NOC,254.30209903968924,254.94927072442658,251.8572312785331,251.8751983642578,474400.0
2019-04-16,NOC,252.12692543268187,253.7178769052905,251.37189622039284,253.1246337890625,608800.0
2019-04-17,NOC,254.78748409339434,255.09308916692672,250.49099111498558,250.57188415527344,665800.0
2019-04-18,NOC,251.02131760702775,254.01449736292903,249.97865044210937,252.72015380859375,545600.0
2019-04-22,NOC,251.8482003569688,254.61663987511665,250.56285441749523,254.2751007080078,494900.0
2019-04-23,NOC,258.5985822852193,265.0882659854335,258.3558757679867,263.01190185546875,1678900.0
2019-04-24,NOC,260.2614635962361,261.0704488531919,250.10449075698853,251.67747497558594,2439300.0
2019-04-25,NOC,251.13812173431373,252.65717702469578,246.01470467389822,250.94937133789062,1298400.0
2019-04-26,NOC,251.55159414051244,256.02786716280394,249.5561778661393,254.4908447265625,953200.0
2019-04-29,NOC,254.90426890676437,258.5895507284994,253.91553074522662,257.07049560546875,954400.0
2019-04-30,NOC,259.29076978101943,261.29521136183655,257.5380046265704,260.5851135253906,931000.0
2019-05-01,NOC,260.61196338266694,263.2995098368094,259.73108256203864,260.0456848144531,825800.0
2019-05-02,NOC,259.308683863969,261.67265879482835,257.69076822957646,260.60302734375,1028100.0
2019-05-03,NOC,261.609725011608,262.6793564306647,260.9625532910919,262.4996032714844,974800.0
2019-05-06,NOC,258.4187884540187,262.79617362953377,257.7626195682968,261.870361328125,549000.0
2019-05-07,NOC,260.2434781341427,260.51312158031106,255.77620217151383,259.2098083496094,731800.0
2019-05-08,NOC,259.0928837042475,262.03210619595075,258.6074982016326,261.1692199707031,667700.0
2019-05-09,NOC,258.67955925736453,266.2838081747799,258.0863160892437,265.1602478027344,1125400.0
2019-05-10,NOC,264.82759718497203,270.55325469781,264.19839259712984,270.37347412109375,1418000.0
2019-05-13,NOC,265.17812394435026,266.7151737562245,262.62539894626286,265.59161376953125,987000.0
2019-05-14,NOC,265.8972597124338,269.6274739561551,264.71077360054136,265.7354736328125,1256900.0
2019-05-15,NOC,264.09057206951417,266.7691494245815,261.8344544410738,264.7017822265625,619700.0
2019-05-16,NOC,266.2836938018498,275.36206319481306,265.84326710299337,273.887939453125,1045900.0
2019-05-17,NOC,272.207153955491,277.50138240482187,271.0566294904525,275.667724609375,1172000.0
2019-05-20,NOC,275.3170927059201,283.1460774348952,275.0564465726567,282.7595520019531,1427500.0
2019-05-21,NOC,283.2540615999112,285.38432762508694,278.2834317309437,284.25177001953125,1385300.0
2019-05-22,NOC,283.802246035817,284.9887319260551,282.57082871985614,284.60223388671875,952100.0
2019-05-23,NOC,281.96875025558154,282.42714428054944,276.94416362824217,279.62274169921875,1116900.0
2019-05-24,NOC,280.8181118161165,282.95734707215263,278.43614260723365,280.5035095214844,723700.0
2019-05-28,NOC,279.4338519550789,281.1146932138465,276.4856318093273,277.0519104003906,1419600.0
2019-05-29,NOC,275.74856053469654,276.59347976394315,272.98012104337414,275.05645751953125,582000.0
2019-05-30,NOC,275.92837906947426,279.7394859519142,275.92837906947426,278.47210693359375,1099500.0
2019-05-31,NOC,274.9245008924962,277.8763005533651,273.633654997367,273.7419738769531,667700.0
2019-06-03,NOC,273.5253858378066,278.3728494166896,273.5253858378066,277.0729675292969,746500.0
2019-06-04,NOC,277.912519066866,283.22036651879415,277.81323590644774,281.8843688964844,796700.0
2019-06-05,NOC,283.3557438560653,286.1450660219149,282.1280927938852,285.94647216796875,703000.0
2019-06-06,NOC,285.9554299120876,286.44289242933735,283.7889696270311,284.1861572265625,595000.0
2019-06-07,NOC,285.1520819262959,288.29344008803236,283.73484543137613,287.31854248046875,1010000.0
2019-06-10,NOC,291.5701965080699,292.2291731233539,280.02473116818516,281.0177001953125,1088700.0
2019-06-11,NOC,281.01771619400483,282.37175743134634,269.21048872552467,271.46722412109375,1603500.0
2019-06-12,NOC,271.8914817642357,275.57446167709503,270.772122315355,275.1863098144531,771500.0
2019-06-13,NOC,276.4230291245636,278.25549731558806,271.2054575598702,277.6958312988281,1327600.0
2019-06-14,NOC,278.43599512360265,280.2684629720197,276.75696983920017,279.32061767578125,768200.0
2019-06-17,NOC,280.60250343554304,280.60250343554304,277.2083643573372,279.3567810058594,572500.0
2019-06-18,NOC,280.3948824076556,284.76391925444426,279.3658252917467,282.7148132324219,679000.0
2019-06-19,NOC,282.75990750261906,284.8812442705186,281.69473501424034,284.5201721191406,698700.0
2019-06-20,NOC,286.8220888623607,292.78891273492957,286.8220888623607,292.31048583984375,1195700.0
2019-06-21,NOC,293.27631563050505,293.31240356191853,289.5211046605618,290.81195068359375,1096600.0
2019-06-24,NOC,291.40778824055303,292.94235206229115,290.08983469312295,290.19818115234375,359200.0
2019-06-25,NOC,290.8571529258928,291.9674769476134,288.4108588320382,289.9002990722656,559200.0
2019-06-26,NOC,289.9994623850843,291.3354317781969,287.11083077375554,287.6885681152344,590500.0
2019-06-27,NOC,288.0767742589498,288.59131651054787,285.48604658418316,287.3094787597656,640900.0
2019-06-28,NOC,287.2642801314685,292.4096186610067,285.6574861449907,291.6694030761719,842800.0
2019-07-01,NOC,293.37564796201235,293.37564796201235,286.9484689435777,287.54425048828125,745600.0
2019-07-02,NOC,288.7086406629502,292.46385140886036,288.1489747309991,292.19305419921875,547500.0
2019-07-03,NOC,293.37561429234125,293.8991648059404,291.3174726232274,293.6012878417969,352000.0
2019-07-05,NOC,292.95130467969545,293.6102812663893,289.59328164603386,293.5561218261719,325600.0
2019-07-08,NOC,292.4998911027066,294.1608445035952,291.118770595292,292.4637756347656,377100.0
2019-07-09,NOC,291.8048310891838,294.23307981878435,289.8550090118076,294.106689453125,481600.0
2019-07-10,NOC,294.42276306444967,296.8058615851964,292.3375415282803,292.527099609375,451800.0
2019-07-11,NOC,292.9874517708966,296.3183954438776,292.4909534512799,293.3124084472656,718800.0
2019-07-12,NOC,294.5310269189997,297.5369861209896,291.8049006813858,297.46478271484375,654700.0
2019-07-15,NOC,297.9793829836439,298.1238173720987,292.65349231907254,293.6193542480469,624600.0
2019-07-16,NOC,293.90823933853494,294.9644038104648,291.5702643634908,292.3194885253906,625400.0
2019-07-17,NOC,291.71467011446794,292.5993203754705,288.49204510800337,290.66754150390625,567700.0
2019-07-18,NOC,290.6675085592518,290.69458828110913,288.0226213817171,289.8912048339844,612100.0
2019-07-19,NOC,291.98544205943386,293.3033953530848,289.9182922904238,290.81195068359375,881400.0
2019-07-22,NOC,289.77386052921975,292.5090227265504,289.1780790790634,291.7507629394531,604600.0
2019-07-23,NOC,294.54899625286157,294.71150208458073,287.8690671813664,292.4637756347656,1587800.0
2019-07-24,NOC,292.3645872710924,311.23088959724214,290.31545390890363,309.5970153808594,1895300.0
2019-07-25,NOC,312.3051301619739,324.03111963110507,310.8066544041475,320.2037048339844,1888600.0
2019-07-26,NOC,319.20167627191427,319.97800759292375,315.4916164093019,318.2177429199219,896500.0
2019-07-29,NOC,318.23580221542704,321.3681520066374,316.7553705916669,320.8445739746094,698700.0
2019-07-30,NOC,319.7793699150522,320.73622341229594,315.2839435907669,318.56976318359375,603300.0
2019-07-31,NOC,316.88176897074317,319.5447002419108,310.9420259086056,311.94403076171875,1105100.0
2019-08-01,NOC,311.6731832915676,316.24984900921345,310.4635764982796,311.447509765625,660500.0
2019-08-02,NOC,311.4295078034241,313.21685228724306,305.58003930477787,307.9631652832031,621700.0
2019-08-05,NOC,304.90295943925173,313.0452774033461,302.36639136186216,309.4525451660156,968500.0
2019-08-06,NOC,315.93396300542247,320.84462210433475,314.3091243167126,319.7794494628906,1007200.0
2019-08-07,NOC,317.69421855811345,328.0481227730188,316.258937997301,326.25177001953125,1486300.0
2019-08-08,NOC,329.0772200100858,336.1724120497599,328.05719851716185,333.05810546875,1434700.0
2019-08-09,NOC,332.9135769621929,338.2214227400815,329.1583937044592,334.4842834472656,896900.0
2019-08-12,NOC,332.32690030587037,337.5986317005326,331.6047558866731,336.89453125,933000.0
2019-08-13,NOC,339.0159094896513,340.62270443314003,333.01299718915914,334.59271240234375,1002400.0
2019-08-14,NOC,329.98890991318495,331.75818294092295,325.2858805543923,326.25177001953125,871900.0
2019-08-15,NOC,327.67796376344694,330.4221615866521,324.6088092818818,329.68194580078125,705900.0
2019-08-16,NOC,332.02892929897666,333.35589064327354,329.2937674523282,332.11016845703125,841600.0
2019-08-19,NOC,335.621665763766,336.28064239448526,333.7260301334387,334.06903076171875,548400.0
2019-08-20,NOC,334.114223590731,336.59663275171056,332.4532694942406,333.10321044921875,517200.0
2019-08-21,NOC,335.9195666176104,336.8764201790712,330.8373943243954,333.22052001953125,655000.0
2019-08-22,NOC,333.545532856273,337.1382659691516,330.9096534660128,335.8203125,640300.0
2019-08-23,NOC,333.5364305388136,336.8312860061395,324.7712786373106,326.32391357421875,667800.0
2019-08-26,NOC,328.68887248299643,331.1261568395828,326.32381905959915,330.9726867675781,446000.0
2019-08-27,NOC,331.76719511375785,331.76719511375785,326.41422516947176,328.7431640625,407200.0
2019-08-28,NOC,327.98488045614124,332.55251053015155,326.0170138728641,328.4903869628906,571300.0
2019-08-29,NOC,332.20055739110194,332.92270185369296,328.8064178112245,332.1283264160156,625800.0
2019-08-30,NOC,334.5293951569002,335.1973799594413,331.4873205208473,332.0740661621094,576300.0
2019-09-03,NOC,329.16738639289775,331.460237039112,327.2265996562679,330.5936584472656,660200.0
2019-09-04,NOC,332.76918570175786,335.9195794795674,331.1623636637019,335.85638427734375,625600.0
2019-09-05,NOC,338.510327917981,338.510327917981,331.252658773968,332.5796203613281,698400.0
2019-09-06,NOC,334.82633807296367,336.62914970092663,332.425602768796,333.1775207519531,536400.0
2019-09-09,NOC,332.99634936633703,333.4311828420725,321.5996094734952,322.360595703125,1272600.0
2019-09-10,NOC,319.4344344182356,321.7717473429448,309.1429421285962,321.6902160644531,1534900.0
2019-09-11,NOC,321.76273543054606,325.83039735370807,320.63031038315387,325.0965881347656,1150000.0
2019-09-12,NOC,327.69664141316866,331.35664701690536,324.1091264970052,330.867431640625,776500.0
2019-09-13,NOC,332.2082468443924,332.932987867987,329.0464970847488,329.4722900390625,704400.0
2019-09-16,NOC,333.83885830256764,337.7343888738557,330.677136849838,336.4932556152344,988600.0
2019-09-17,NOC,336.5023176701467,341.53027304140375,333.23186026435485,339.247314453125,1151800.0
2019-09-18,NOC,340.99581485140953,343.0704252192489,336.1399896596314,341.9198913574219,1205200.0
2019-09-19,NOC,341.43066826416896,344.6739212675366,339.3017037556971,340.2529296875,1029400.0
2019-09-20,NOC,341.1498617543043,342.1554419701201,333.4855887897154,333.54901123046875,3489400.0
2019-09-23,NOC,333.539942790206,337.26334292881563,331.39284176133253,334.4096374511719,979000.0
2019-09-24,NOC,336.52957163071585,339.2926778898317,332.0723341530949,334.7539367675781,1120700.0
2019-09-25,NOC,336.13086068263635,340.06263630513104,334.4095805009308,339.73651123046875,1349500.0
2019-09-26,NOC,340.82364034605337,347.7812797553071,338.53161351631405,346.2049255371094,1255000.0
2019-09-27,NOC,345.3171435863166,346.8844020087637,334.11971140577504,336.26678466796875,1117300.0
2019-09-30,NOC,337.35394323481125,342.9707546733815,337.35394323481125,339.5372619628906,877100.0
2019-10-01,NOC,340.6061988467415,341.62084703237747,333.0778410743968,333.19561767578125,1045700.0
2019-10-02,NOC,331.89107222190194,333.88412331953134,325.4407848620312,328.4031982421875,1451000.0
2019-10-03,NOC,328.25828450316845,330.6590198876018,325.4589333212714,330.06109619140625,835600.0
2019-10-04,NOC,330.9308219487901,335.31556811994164,329.38164468216894,334.27374267578125,953800.0
2019-10-07,NOC,333.4039873984081,336.194297733891,332.44369332955904,333.31341552734375,592000.0
2019-10-08,NOC,331.57401970439594,337.16368132697517,329.41787821283793,333.7845153808594,736100.0
2019-10-09,NOC,335.3518155117517,336.40268156208714,331.592142466421,333.05072021484375,1268900.0
2019-10-10,NOC,332.96009035084967,336.13088000094234,332.06321869689276,334.0653381347656,967900.0
2019-10-11,NOC,337.41734220303573,337.41734220303573,324.98784510225767,328.1495666503906,1535100.0
2019-10-14,NOC,328.901518188922,334.5636433997704,328.5663247999751,331.9545593261719,658000.0
2019-10-15,NOC,331.8548267746199,333.8207284288443,327.1620649511039,327.8958740234375,744800.0
2019-10-16,NOC,327.8958421493344,330.81296931091487,327.32509567142483,330.3871765136719,553600.0
2019-10-17,NOC,330.2423203741592,331.583121581031,322.4150128358887,322.7592468261719,1081400.0
2019-10-18,NOC,323.73760504193274,323.88255873294855,315.0315088652075,316.73468017578125,2198400.0
2019-10-21,NOC,319.44344144643026,320.8295559763983,316.9158891375357,317.4322814941406,1102700.0
2019-10-22,NOC,314.814086177039,321.7535884878296,314.3611162688706,319.2350769042969,1154800.0
2019-10-23,NOC,318.89091867065713,320.49442271215366,315.5751745509184,319.9780578613281,1117000.0
2019-10-24,NOC,315.26706202453363,326.34671614001473,308.20074238281956,323.3389892578125,1312100.0
2019-10-25,NOC,323.9459667790357,324.516713321074,312.44961525592686,312.54925537109375,1563500.0
2019-10-28,NOC,313.2196025855092,315.6656509870524,311.8969382821181,313.935302734375,1348400.0
2019-10-29,NOC,313.86291985675535,317.2239494705704,313.31935033461383,314.51519775390625,737000.0
2019-10-30,NOC,315.3124206875113,321.36412118232573,314.58767971245493,320.7752380371094,840200.0
2019-10-31,NOC,320.14105451286326,322.34248189113595,317.3960576512031,319.3257141113281,829200.0
2019-11-01,NOC,320.11391493399486,322.47840514024176,318.102726962742,319.0086669921875,1167500.0
2019-11-04,NOC,320.3857019078235,320.3857019078235,306.62446996052137,308.6266174316406,1984800.0
2019-11-05,NOC,308.01960387398447,310.89144587482554,304.3414896394921,306.07183837890625,2410700.0
2019-11-06,NOC,307.27675231653905,311.9785835835579,306.29834918652756,311.6614990234375,1168000.0
2019-11-07,NOC,311.6524137829859,312.8391929161388,309.070479373397,311.126953125,1154900.0
2019-11-08,NOC,310.6739772454955,317.7040800327717,310.6739772454955,317.1786193847656,807800.0
2019-11-11,NOC,315.81069949914564,318.6462962121969,314.7416969007014,317.0790100097656,547100.0
2019-11-12,NOC,316.56258278235515,319.50688755185803,316.5263650910987,318.6100158691406,514800.0
2019-11-13,NOC,319.30760343698506,322.2881537667665,317.55007763194266,320.4490966796875,517200.0
2019-11-14,NOC,319.9417378115486,323.9822220169106,319.9417378115486,322.2337646484375,610000.0
2019-11-15,NOC,324.74319902254894,325.9843322245969,322.70483430900094,323.1125183105469,871300.0
2019-11-18,NOC,322.4059262879289,324.48957719460793,322.02541932950436,323.1488037109375,891400.0
2019-11-19,NOC,324.081993900196,324.83391209265795,319.4435569070012,320.2861022949219,790900.0
2019-11-20,NOC,320.2769610498987,323.40246504975255,319.2804215392863,319.79681396484375,777600.0
2019-11-21,NOC,319.5884775575976,320.729970925074,315.3577527937091,315.4664611816406,785100.0
2019-11-22,NOC,316.33613252925693,317.1152553302885,314.17095023754314,316.3180236816406,583300.0
2019-11-25,NOC,317.37788043312565,317.95769518022934,316.0461478109037,316.8524475097656,988300.0
2019-11-26,NOC,317.3326516844629,323.076307778399,316.32707158805505,320.5668640136719,1294500.0
2019-11-27,NOC,319.189735355253,321.74449204875583,317.65872263512546,319.6880187988281,619700.0
2019-11-29,NOC,319.1788454019195,320.015451737015,317.27832512265405,319.8790283203125,311200.0
2019-12-02,NOC,320.0609152620812,320.9884335623365,310.6401232920075,310.749267578125,886600.0
2019-12-03,NOC,309.3398122566623,312.9226203046271,308.021283615213,312.0405578613281,1320500.0
2019-12-04,NOC,313.49545581859996,316.33259662038245,312.0405039905096,312.0950622558594,708900.0
2019-12-05,NOC,313.42274748509556,313.8228322148669,310.91295606104626,313.1863098144531,803900.0
2019-12-06,NOC,314.7230918902447,316.58723082454856,313.1044651653043,313.50457763671875,931400.0
2019-12-09,NOC,313.50451753969935,314.2774354490909,307.93025089372554,311.94952392578125,1137200.0
2019-12-10,NOC,311.9586619520109,315.5505716225318,311.9586619520109,313.24993896484375,1041100.0
2019-12-11,NOC,314.38664616041564,317.241964034272,313.36816037168387,317.0964660644531,574500.0
2019-12-12,NOC,317.1510042246571,318.12400622624386,312.82255783832704,314.54119873046875,737600.0
2019-12-13,NOC,313.32270361110096,315.996169829152,311.71317915366217,313.404541015625,865800.0
2019-12-16,NOC,313.1135406044299,314.35025945167285,311.75863067516275,313.44091796875,972900.0
2019-12-17,NOC,314.08658181349114,315.78704615843657,312.3861174685457,314.4866943359375,753700.0
2019-12-18,NOC,314.2319330844675,315.14127425620194,307.7210469647424,307.9938659667969,1145400.0
2019-12-19,NOC,308.07579776051074,312.3496859269797,307.36651253921343,311.18572998046875,1418600.0
2019-12-20,NOC,312.7589196105214,314.832217132951,309.56712204604275,314.5503234863281,1534600.0
2019-12-23,NOC,316.94193324606675,319.0879661301516,315.08686858716203,316.55999755859375,652300.0
2019-12-24,NOC,317.19650033384994,317.43291024700966,314.46847590571826,315.6142272949219,229400.0
2019-12-26,NOC,316.1143887451837,317.34200531516007,314.6503345059214,316.4144592285156,432700.0
2019-12-27,NOC,316.9055596624638,317.36023047977005,314.1047996382552,315.0323181152344,356900.0
2019-12-30,NOC,316.17809556831617,318.95157643697166,315.4415310687479,317.42388916015625,575500.0
2019-12-31,NOC,316.6964129577358,317.34206552314413,311.6586800939501,312.7862548828125,907800.0
2020-01-02,NOC,313.21356537412566,323.4527587890625,312.4678987389179,323.4527587890625,941900.0
2020-01-03,NOC,334.77398930087014,341.74864918342837,333.15536291984284,341.0120849609375,2600300.0
2020-01-06,NOC,345.5042611825942,347.60483750625184,338.8023920418479,341.75775146484375,2130000.0
2020-01-07,NOC,339.7481221116469,342.5579836470311,337.44748952922515,340.9757385253906,863600.0
2020-01-08,NOC,342.0943357078608,344.8859934490315,333.8193212424002,336.7201232910156,1312400.0
2020-01-09,NOC,336.9655828805042,339.6390491015361,335.70161263024636,338.6023864746094,741500.0
2020-01-10,NOC,338.61153744455515,341.0031103653958,336.238169116846,340.44842529296875,1178200.0
2020-01-13,NOC,341.6668913274513,343.5128534599415,340.8302849381763,342.6671447753906,667400.0
2020-01-14,NOC,341.73053554684793,342.07608976806165,339.2571254775771,340.7030029296875,740600.0
2020-01-15,NOC,340.712083009745,347.1684135216439,340.712083009745,345.7862243652344,650500.0
2020-01-16,NOC,347.01377739011576,349.74180173992744,345.15874081289087,348.987060546875,839100.0
2020-01-17,NOC,349.80548215714003,349.80548215714003,343.99480439268535,345.5224914550781,1237700.0
2020-01-21,NOC,344.9859810688108,346.6318869559081,340.0573379518636,343.84930419921875,1420900.0
2020-01-22,NOC,344.1857359922189,345.8589209163401,341.23947859875534,341.2940368652344,864300.0
2020-01-23,NOC,341.7305301078894,347.04110897428126,340.7848349132942,346.9137878417969,1099400.0
2020-01-24,NOC,348.295944522782,349.35078391167315,345.73162278090507,347.04107666015625,738000.0
2020-01-27,NOC,344.05851001427715,346.4500831095926,341.7124206542045,344.70416259765625,665200.0
2020-01-28,NOC,346.0044167129617,349.16893490344575,340.2937535997193,347.2229309082031,674500.0
2020-01-29,NOC,349.623674908668,349.623674908668,343.8584523867626,347.9595642089844,639600.0
2020-01-30,NOC,339.27536121195396,350.10562314815115,335.71072988015686,349.9783020019531,1397400.0
2020-01-31,NOC,348.5779046400601,349.48724624351,338.3478116012485,340.6120910644531,1086400.0
2020-02-03,NOC,334.0284101856047,336.4563642678802,329.8727405068186,330.7729797363281,1316200.0
2020-02-04,NOC,333.3918209955985,334.5466745107869,327.362883451883,329.0087890625,1054400.0
2020-02-05,NOC,329.70901646766544,335.44698664783516,326.2717068368909,334.4557800292969,815200.0
2020-02-06,NOC,333.4737251757577,333.4737251757577,329.6363028300177,330.7729797363281,860000.0
2020-02-07,NOC,330.4365068279235,332.9735772919446,328.3813862315358,328.6542053222656,790300.0
2020-02-10,NOC,328.3177314994279,331.0275791104342,325.1986968714088,330.35467529296875,716400.0
2020-02-11,NOC,331.50952344818415,338.2568493530566,330.82751734699036,334.6740417480469,697600.0
2020-02-12,NOC,334.28303709867436,335.75619373463803,330.9821505511003,334.3921813964844,935400.0
2020-02-13,NOC,333.45553197073446,336.8837393615977,331.94602178312766,334.6376647949219,848600.0
2020-02-14,NOC,335.38329689180955,337.9476462624339,333.7373912020087,337.31109619140625,635100.0
2020-02-18,NOC,334.3648290589388,338.85697759588675,332.5916023071819,338.65692138671875,810900.0
2020-02-19,NOC,339.384372125779,340.4483136917498,332.78254519293836,332.955322265625,864600.0
2020-02-20,NOC,332.1641990899814,334.2920544668058,327.84482778317545,330.3182373046875,995200.0
2020-02-21,NOC,329.15923513805575,333.9689327349962,326.7589401598331,333.1293029785156,880000.0
2020-02-24,NOC,326.72240918177937,333.8959151205665,326.47600156311455,328.0001525878906,997500.0
2020-02-25,NOC,329.53336092512205,329.87103985723894,309.1902106167051,310.2762756347656,1458800.0
2020-02-26,NOC,312.5853786098363,316.8292329241896,305.11070703622335,305.1198425292969,934400.0
2020-02-27,NOC,300.7116110040008,308.2866874903968,296.6137863756693,302.6099548339844,2054500.0
2020-02-28,NOC,292.05048634258554,301.0127923267288,286.55629659502335,300.1183776855469,2919600.0
2020-03-02,NOC,301.59695380806176,307.5018521611314,293.74808946557255,306.6439514160156,1547000.0
2020-03-03,NOC,306.6439225107017,317.51368156965,300.2735881192142,300.61126708984375,1207900.0
2020-03-04,NOC,306.26068139062727,317.595879250695,301.65174133321347,316.66497802734375,1193700.0
2020-03-05,NOC,309.8292358189488,312.1565032387527,297.3988069345104,299.151123046875,1214100.0
2020-03-06,NOC,291.42992809450436,302.9111522523842,288.2538685672228,300.2279357910156,1361200.0
2020-03-09,NOC,280.131202528123,292.72586970923027,255.5441978366692,285.9174499511719,1355400.0
2020-03-10,NOC,296.3309521906065,305.8682402020286,293.53822071313317,305.64007568359375,1826700.0
2020-03-11,NOC,297.02442971065864,301.50555405678807,284.63052379491415,290.0882263183594,1484400.0
2020-03-12,NOC,271.0502150537841,281.9747293867594,263.99538850302133,265.1270751953125,2525900.0
2020-03-13,NOC,277.1378237118113,288.0805878552841,264.2967147003587,287.0310363769531,2307500.0
2020-03-16,NOC,250.60672639018821,274.1989383905003,250.60672639018821,257.9079895019531,1520200.0
2020-03-17,NOC,263.1740655974799,291.9502010531314,262.46219342264135,291.4390869140625,2113200.0
2020-03-18,NOC,274.71914565353296,297.3895630834901,272.52874455327634,294.7884826660156,1779400.0
2020-03-19,NOC,293.10018233916384,294.7794701248985,264.22369068663,270.97735595703125,1711600.0
2020-03-20,NOC,274.65532155012056,274.86524293277995,250.77104762623495,259.213134765625,1768500.0
2020-03-23,NOC,256.3199696806576,258.51034300952233,240.3119427597831,246.2898406982422,1497400.0
2020-03-24,NOC,255.7723962656761,259.19486365549335,248.81794698590517,256.7124328613281,1655100.0
2020-03-25,NOC,257.1779298092218,275.6044987906278,254.63160595111856,263.174072265625,1615600.0
2020-03-26,NOC,265.24577314603795,293.8028469815164,265.24577314603795,293.1365966796875,1425500.0
2020-03-27,NOC,284.64892780159494,290.9279916843355,275.25766882627033,284.8861999511719,1504800.0
2020-03-30,NOC,289.68674056160665,294.7154943848973,281.883498989041,286.31903076171875,1261700.0
2020-03-31,NOC,282.1665147940778,283.8366668489013,274.14424236010996,276.12469482421875,1980200.0
2020-04-01,NOC,268.18456784461495,282.9148539744327,265.23667237921,280.1768798828125,1226500.0
2020-04-02,NOC,275.53144829418414,287.2408661871037,275.3397979102265,286.83929443359375,1061900.0
2020-04-03,NOC,286.4833370625614,287.98921717338925,283.2068982256099,286.2186584472656,834900.0
2020-04-06,NOC,292.0505291700326,305.98680533210586,291.5942002182044,303.3035888671875,1047600.0
2020-04-07,NOC,312.7769377425506,313.3245379770453,296.5772622637048,297.0883483886719,1098500.0
2020-04-08,NOC,301.46006320221204,307.2280684744698,298.51216782126886,300.8759765625,919000.0
2020-04-09,NOC,305.38447727115937,309.5005737269067,301.7703594221756,307.2463073730469,1115800.0
2020-04-13,NOC,307.3010490183209,311.7092024920898,304.9555392660842,309.254150390625,639000.0
2020-04-14,NOC,314.60229840508117,321.2555823262813,312.129003282921,318.3259582519531,639100.0
2020-04-15,NOC,315.7978744719798,315.8800103401912,307.1185168390103,314.218994140625,712300.0
2020-04-16,NOC,313.5801799694678,317.924441254343,312.42111425826806,315.99871826171875,879700.0
2020-04-17,NOC,322.7250618902625,325.9285011758374,316.6924043861033,325.18011474609375,1236800.0
2020-04-20,NOC,322.770575827024,323.42769058751736,313.5071042987619,313.8721618652344,695700.0
2020-04-21,NOC,311.17077803402833,316.3181550314323,303.26715585823615,304.5357360839844,813200.0
2020-04-22,NOC,309.546207851353,313.54362625972686,305.7130333366699,312.1381530761719,676200.0
2020-04-23,NOC,312.1015961594462,313.95429042198003,306.2879702960507,306.49786376953125,1104400.0
2020-04-24,NOC,308.47840097279226,311.0703463251031,303.0024530265296,309.6739807128906,560400.0
2020-04-27,NOC,312.09246210821567,316.4914795102052,310.7599894820075,314.69354248046875,764500.0
2020-04-28,NOC,318.7640082444596,320.7262449713694,312.71310988589096,314.4380187988281,696100.0
2020-04-29,NOC,303.50434374155185,316.8382888360792,293.08180714279996,302.84722900390625,2044500.0
2020-04-30,NOC,298.95019390958186,302.9202610052175,294.77023334026,301.78857421875,1137400.0
2020-05-01,NOC,298.4026563080443,301.4053089711783,295.94760402345605,299.4065856933594,849700.0
2020-05-04,NOC,297.8550830344028,298.43919758523606,291.8315618785944,294.3869934082031,576400.0
2020-05-05,NOC,295.23570648569654,302.94767717742684,294.11315505097696,300.02716064453125,595700.0
2020-05-06,NOC,301.7612599577159,302.5552679757675,294.3504534676388,294.81591796875,570600.0
2020-05-07,NOC,298.41178939474753,298.43916802084846,294.55123600184595,295.8289794921875,593100.0
2020-05-08,NOC,295.92931741308917,300.29182096279686,294.5420874630774,299.0323486328125,664800.0
2020-05-11,NOC,297.6177356896132,300.775524107559,296.3947774913579,298.8680725097656,922300.0
2020-05-12,NOC,300.15499902990797,303.4861955094532,296.9698311879576,297.079345703125,1098300.0
2020-05-13,NOC,296.1027253092804,297.3530621506287,290.0517990984499,292.4703369140625,690600.0
2020-05-14,NOC,290.4625971160429,290.49908338919545,280.48722218401883,284.6854553222656,1121800.0
2020-05-15,NOC,284.1194522564916,295.7923514586931,283.1520373706777,293.5380859375,1672600.0
2020-05-18,NOC,301.34138380639854,304.68171511883975,294.3960704395827,302.24493408203125,934400.0
2020-05-19,NOC,301.93464208774805,305.9138455589495,298.1380092144631,298.466552734375,564000.0
2020-05-20,NOC,302.95686717112045,302.95686717112045,291.7859130974436,292.4156494140625,899000.0
2020-05-21,NOC,292.58903119132077,300.7481961155506,291.82240179703166,299.45220947265625,733400.0
2020-05-22,NOC,300.21882371856884,300.21882371856884,295.19006983765195,297.4443359375,723900.0
2020-05-26,NOC,304.10676851666545,304.23455400741676,295.21748838846446,295.8746032714844,1217700.0
2020-05-27,NOC,299.3517236629741,313.4979179214378,297.70895095444513,313.0233459472656,934600.0
2020-05-28,NOC,316.15386285988995,318.3168578754403,312.41195946890144,312.7952880859375,728200.0
2020-05-29,NOC,311.4753656704281,312.30024187990733,306.4894111978994,307.22265625,1118800.0
2020-06-01,NOC,307.6168089498655,313.56511529009066,302.6858435710004,303.07080078125,1232400.0
2020-06-02,NOC,304.6289790493785,305.9579670589048,297.91993072802046,299.7621765136719,1451400.0
2020-06-03,NOC,302.2459535684291,308.58839262247295,300.23873824177133,307.9193115234375,1628800.0
2020-06-04,NOC,308.46001236945915,312.48361665374205,306.260332756184,307.7176208496094,689900.0
2020-06-05,NOC,314.60082424221446,317.66204959069626,311.33795995602696,313.54681396484375,1259700.0
2020-06-08,NOC,313.0701949498688,320.1183554339043,312.9785637729554,319.6784362792969,661500.0
2020-06-09,NOC,317.92785316909516,317.92785316909516,312.52944540285654,313.94091796875,1039200.0
2020-06-10,NOC,312.7585564076027,315.3615137990605,310.21058890698646,312.7677307128906,606200.0
2020-06-11,NOC,302.45672453461617,308.62501871342465,294.0429350922872,294.19873046875,965900.0
2020-06-12,NOC,301.2652482671517,301.2652482671517,286.948939395727,291.1650085449219,817800.0
2020-06-15,NOC,284.8134558272597,289.6435886773179,282.79706619074574,287.44390869140625,1194300.0
2020-06-16,NOC,297.38828766116126,301.97096535928966,291.23834202199754,297.6357421875,1069500.0
2020-06-17,NOC,296.7834747805324,299.94553468775536,293.8139075427611,295.3903503417969,613200.0
2020-06-18,NOC,292.9705610056819,294.65698293483354,289.71687123521946,291.3024597167969,741700.0
2020-06-19,NOC,295.12440222257294,295.6468341195374,286.3073360475915,286.56396484375,1242500.0
2020-06-22,NOC,285.8948655089998,289.2585625563335,283.74100183867216,289.2218933105469,838100.0
2020-06-23,NOC,290.4042689175551,290.54174364380276,281.1839243379771,281.4680480957031,979900.0
2020-06-24,NOC,279.18599496376015,279.8184069902704,274.27337582673465,276.71136474609375,1217000.0
2020-06-25,NOC,275.2997517846,277.28864604080377,269.4614253767088,276.5645751953125,1285600.0
2020-06-26,NOC,275.58393044510166,280.53321732358506,273.97999306973077,276.6654357910156,1286500.0
2020-06-29,NOC,279.37835097968104,283.227783203125,278.0126940982304,283.227783203125,734000.0
2020-06-30,NOC,282.90704240687296,283.4111257745471,278.99341768126175,281.7796936035156,772900.0
2020-07-01,NOC,283.09031766768993,285.1708711703687,280.91813299063534,282.4212646484375,737900.0
2020-07-02,NOC,285.1616646494325,287.0955409255702,282.8611518354352,284.0984802246094,629700.0
2020-07-06,NOC,286.9213954914809,287.3338476092398,282.989478768177,286.3256530761719,739200.0
2020-07-07,NOC,284.2452124477498,286.41739751523346,278.30605122351227,279.0576171875,741000.0
2020-07-08,NOC,278.62688131338086,280.9640363993745,273.8333890424752,275.96893310546875,908100.0
2020-07-09,NOC,274.6215747019843,275.24481221613746,261.66174749582126,262.0833740234375,1729500.0
2020-07-10,NOC,263.2014729127715,269.66303604388645,262.87150563694513,267.6283264160156,1504700.0
2020-07-13,NOC,269.84639290351544,271.816938624835,266.0610968316694,267.94915771484375,1043600.0
2020-07-14,NOC,266.9593389815317,271.1570880835561,263.5223301617396,270.8821105957031,1180200.0
2020-07-15,NOC,275.0706913206162,278.5626901191735,273.12764010120844,275.65728759765625,1196300.0
2020-07-16,NOC,274.4748880680981,280.44154314025434,271.75277650670057,278.3059997558594,1162900.0
2020-07-17,NOC,280.3224360142793,282.0088582650615,278.23273583717423,281.22979736328125,1544800.0
2020-07-20,NOC,281.14731093757973,281.15648524463296,276.1063648571993,276.3263244628906,921800.0
2020-07-21,NOC,280.76233133089227,283.3286477318264,277.1512068860078,282.46710205078125,1007400.0
2020-07-22,NOC,281.0006409507434,289.9827064437014,280.4690626197601,289.625244140625,942100.0
2020-07-23,NOC,289.62531206285615,292.1182905513292,285.67504501254643,286.9306945800781,694200.0
2020-07-24,NOC,288.50704756427785,292.1823639206882,284.3643171162999,286.59149169921875,686900.0
2020-07-27,NOC,285.0517397011204,285.7024721312293,280.34990770020534,282.311279296875,575800.0
2020-07-28,NOC,282.21049131680223,291.40334263617177,282.21049131680223,286.7565002441406,709300.0
2020-07-29,NOC,289.7536078883944,290.25769133219535,284.61182809755616,288.9470520019531,1299500.0
2020-07-30,NOC,287.7921728747125,301.96180514694635,286.8848115986758,298.7997741699219,1493800.0
2020-07-31,NOC,298.7998059435375,299.3222100235195,291.64166452142285,297.8832702636719,1161300.0
2020-08-03,NOC,297.4890872900487,298.9647240244365,294.96861460568164,296.58172607421875,603100.0
2020-08-04,NOC,297.50748727847304,298.1398991352163,294.07962481587015,297.8832702636719,538100.0
2020-08-05,NOC,298.7172684924027,303.3090924201224,297.8832178141259,302.19091796875,566400.0
2020-08-06,NOC,300.6144507371065,302.13590292761387,298.28647085263304,299.1021728515625,720200.0
2020-08-07,NOC,299.55127935948246,304.2897801097528,298.3139788347883,301.7876281738281,1470200.0
2020-08-10,NOC,302.7867066313857,308.20343572805643,302.7867066313857,307.7085266113281,1016000.0
2020-08-11,NOC,310.8797000328266,316.5805523568276,310.2106190020861,313.31768798828125,1527100.0
2020-08-12,NOC,314.5367083457909,315.2791000098903,309.37660798561757,311.07220458984375,636600.0
2020-08-13,NOC,308.68002150614507,312.3736587231089,307.46101353833075,310.3572692871094,493000.0
2020-08-14,NOC,309.12918352493205,315.1416559411829,308.74422619436115,313.5102233886719,396200.0
2020-08-17,NOC,313.24431688045655,315.2882010437917,310.26557660896725,311.402099609375,628200.0
2020-08-18,NOC,311.3654446049376,311.5487628951322,309.1199214170514,309.4223937988281,499000.0
2020-08-19,NOC,308.8724922297177,311.91539708565944,308.1392749496951,309.70654296875,487700.0
2020-08-20,NOC,309.4040299834216,310.1922650279918,307.98341120077646,308.57000732421875,338500.0
2020-08-21,NOC,309.1474173990967,310.82469305161953,308.3592102835963,309.6606750488281,440800.0
2020-08-24,NOC,310.4306027774588,315.75567209911964,310.1647996355454,315.6731872558594,416700.0
2020-08-25,NOC,316.20474456698133,316.2689087642927,312.95105476033905,314.3716735839844,454600.0
2020-08-26,NOC,312.9969440857299,314.2617678372488,309.80738975452795,312.9144592285156,607200.0
2020-08-27,NOC,314.79328450427863,320.0817124000605,313.5101403596195,319.8617248535156,669200.0
2020-08-28,NOC,320.0826643273758,320.79133111633433,315.01147388387267,317.2939758300781,513500.0
2020-08-31,NOC,315.8674081880345,317.02704211954847,314.3672176304735,315.3243713378906,558000.0
2020-09-01,NOC,313.069492441761,315.5636588347199,310.26237910056557,313.27197265625,538800.0
2020-09-02,NOC,311.836215081475,322.3559175116031,311.09991062316686,320.6164245605469,660600.0
2020-09-03,NOC,322.7240823753493,324.07701208674155,312.8486420189892,314.97467041015625,791700.0
2020-09-04,NOC,316.59445523342004,319.41996563769493,310.4740701793998,312.02947998046875,584400.0
2020-09-08,NOC,312.82096707679153,312.82096707679153,307.5933043865441,307.9154357910156,661800.0
2020-09-09,NOC,315.388869219395,315.46251372745917,309.84831369145235,312.3793029785156,608800.0
2020-09-10,NOC,312.71059793211055,313.87947269987785,303.17568514225655,303.7370910644531,558100.0
2020-09-11,NOC,306.5349796431224,313.0787512929312,305.28330401377036,311.8914794921875,489300.0
2020-09-14,NOC,313.6125434500145,314.45007408251035,310.76863556805677,311.4957275390625,552900.0
2020-09-15,NOC,310.6673444532963,312.87622976896455,308.07195195553015,311.09991455078125,523500.0
2020-09-16,NOC,310.3912680561448,319.2635478806321,309.00151610379635,316.11590576171875,750000.0
2020-09-17,NOC,313.9622544091597,317.9566114427479,311.1551409595601,316.4564208984375,361300.0
2020-09-18,NOC,313.98987652456844,318.3431874332761,313.98987652456844,314.30279541015625,689900.0
2020-09-21,NOC,311.0170507509458,311.59688167704843,298.57380155627686,299.9359436035156,714900.0
2020-09-22,NOC,301.25210181857966,306.90309498479314,300.8747510236391,306.295654296875,651900.0
2020-09-23,NOC,307.8142777980819,310.46488983861263,300.5158048631342,301.93316650390625,790800.0
2020-09-24,NOC,301.3993320068782,302.52217169367316,295.59186594689754,298.859130859375,574900.0
2020-09-25,NOC,298.3161427549473,303.33208540509025,297.2209126533168,301.8779296875,646300.0
2020-09-28,NOC,304.21570136833043,306.9951775351134,302.5406399829628,303.27691650390625,566900.0
2020-09-29,NOC,302.595831388224,304.10523463013453,298.5922614681427,299.37457275390625,483200.0
2020-09-30,NOC,300.22129836108064,300.7090878022083,287.38227132177514,290.3642272949219,1183800.0
2020-10-01,NOC,292.0760944424612,295.48140775766433,284.72240290043726,286.977294921875,1687900.0
2020-10-02,NOC,284.4923343604187,290.0421295537981,282.66082779654016,288.9468994140625,1380900.0
2020-10-05,NOC,290.6955107655707,291.9656111819585,286.50785880667337,287.3177795410156,881700.0
2020-10-06,NOC,294.8187343714409,294.8187343714409,284.2898479567844,284.36346435546875,1149200.0
2020-10-07,NOC,285.6794982456633,290.4377678042995,285.6794982456633,288.8915710449219,1019500.0
2020-10-08,NOC,289.19536498318047,294.3493838321484,289.19536498318047,294.22052001953125,596800.0
2020-10-09,NOC,294.5150576971754,296.78834692226127,288.65237182383413,290.17095947265625,1210200.0
2020-10-12,NOC,289.4714361638972,293.4197859605136,288.27498014656646,291.3765869140625,834600.0
2020-10-13,NOC,290.0053364212339,293.0701217511676,287.02335200364786,287.7044372558594,636400.0
2020-10-14,NOC,286.6276080423494,292.30623961917956,286.5999983754699,289.81207275390625,1119900.0
2020-10-15,NOC,288.56034786568847,291.07293971641764,287.3730761024707,289.74761962890625,854000.0
2020-10-16,NOC,290.8059869279478,294.26654757144865,290.4286361695114,291.0544738769531,1393700.0
2020-10-19,NOC,290.87040512617875,293.4934351462018,286.06612772846677,286.5354919433594,775300.0
2020-10-20,NOC,288.7536227215615,288.78123238710884,283.72846698191603,284.4371337890625,786300.0
2020-10-21,NOC,283.5076034786266,285.16423966652275,281.5472328677555,283.8113098144531,830000.0
2020-10-22,NOC,284.63041377513474,289.6279595725201,278.8597412109375,278.8597412109375,1388000.0
2020-10-23,NOC,280.8569200174834,284.9064963677008,279.7892995828285,283.8664855957031,1113300.0
2020-10-26,NOC,281.0778162169999,287.47432667173155,277.672502549355,285.1642150878906,1312700.0
2020-10-27,NOC,284.0873616836059,284.4002805238289,278.0129837412133,278.0589904785156,1081500.0
2020-10-28,NOC,275.7213095954503,280.01940117645336,270.1623579756122,270.2727966308594,1221300.0
2020-10-29,NOC,269.242021719688,273.98186833222604,268.054749898654,269.1039733886719,1260400.0
2020-10-30,NOC,267.7049219993626,270.51203489387973,262.42206827169855,266.7385559082031,1227100.0
2020-11-02,NOC,271.02742810804705,275.16904513122364,269.43519634110055,273.0061950683594,852100.0
2020-11-03,NOC,275.47281621078645,282.66082208968805,275.47281621078645,280.54400634765625,864900.0
2020-11-04,NOC,285.31147767955036,298.43581464069644,284.39111807413246,290.5023193359375,1684000.0
2020-11-05,NOC,291.29379553003844,292.0116748505129,281.68523964852153,282.91851806640625,1410300.0
2020-11-06,NOC,281.3907067230778,281.5747898593617,273.0062450949213,277.3595275878906,946700.0
2020-11-09,NOC,289.9133488372517,292.30629003238664,276.1723832031203,277.2860107421875,1732000.0
2020-11-10,NOC,278.6204756764141,291.66195566015017,277.47002616048803,289.4623107910156,948500.0
2020-11-11,NOC,289.87645627493305,289.8856688589635,281.64843907556855,285.274658203125,590700.0
2020-11-12,NOC,283.47073155783346,284.18861085842275,278.26149331524203,281.8417053222656,737400.0
2020-11-13,NOC,283.54437456590455,288.18299483649287,282.6516246261485,286.8852844238281,493400.0
2020-11-16,NOC,290.2629826944607,290.44703774159825,286.6183669502804,287.82403564453125,555100.0
2020-11-17,NOC,285.61518122225607,290.6035425936085,284.9893434375538,287.7320251464844,744500.0
2020-11-18,NOC,289.6738900099386,291.22011504910483,285.5874922887656,285.8636169433594,1187100.0
2020-11-19,NOC,286.43424100477586,287.03246897106004,282.4767069935367,284.83282470703125,708100.0
2020-11-20,NOC,284.28070908127086,285.5047751258686,280.8937921208095,282.0166320800781,776900.0
2020-11-23,NOC,284.6027979557989,286.4250919159055,281.1698466722905,282.08099365234375,677000.0
2020-11-24,NOC,284.86052066678207,288.633972714474,283.9309484441184,285.2930908203125,918600.0
2020-11-25,NOC,285.3666166603617,289.1216985219783,283.33263036948335,287.39141845703125,698700.0
2020-11-27,NOC,287.90926337135136,288.1496822340047,282.2966116554505,282.97161865234375,475100.0
2020-11-30,NOC,282.29664351133596,283.31376779328986,276.6008039687535,279.4857177734375,1154600.0
2020-12-01,NOC,281.2610362253934,286.52231580107133,277.8953128604753,278.4131164550781,882900.0
2020-12-02,NOC,278.4131558224654,278.9586979646976,275.3063055973631,276.2586975097656,769500.0
2020-12-03,NOC,276.6285316521408,281.78808449114,276.2124263926922,280.5675354003906,992100.0
2020-12-04,NOC,281.1222756058894,284.5065092747682,280.28083791444766,284.0811767578125,794100.0
2020-12-07,NOC,283.68365724600136,283.81312226919937,275.8148758502126,278.3206787109375,907100.0
2020-12-08,NOC,278.0987459177746,285.3850187086413,277.7658560438963,279.20831298828125,764100.0
2020-12-09,NOC,279.3747752704021,281.7511129218079,277.46073607342714,280.844970703125,730500.0
2020-12-10,NOC,279.33767221819807,282.65717304586303,275.4356354954803,275.9441833496094,1166100.0
2020-12-11,NOC,275.62062888260857,278.5147980756727,272.8189306583607,277.92303466796875,860300.0
2020-12-14,NOC,279.2267604502006,280.53052474078316,275.546630859375,275.546630859375,700300.0
2020-12-15,NOC,275.86104604389004,278.006248347116,275.31550401489494,276.01824951171875,885900.0
2020-12-16,NOC,277.78435178487564,281.168557969755,276.7579719669601,279.2545471191406,995100.0
2020-12-17,NOC,279.4949144498017,283.85927871132856,277.0908386884786,278.02471923828125,1295700.0
2020-12-18,NOC,277.9506986089967,281.9821721611777,276.66541738888617,280.2900695800781,2663200.0
2020-12-21,NOC,276.49908582643025,277.31278527669855,270.70151957053906,275.1860656738281,1428900.0
2020-12-22,NOC,275.02883209909663,275.3802048070513,272.5137744306666,273.99322509765625,963200.0
2020-12-23,NOC,275.81480208709775,280.0219627249553,275.1397951141935,278.0062255859375,787000.0
2020-12-24,NOC,277.94139827311665,278.3944691422126,274.557165437943,277.0260009765625,332700.0
2020-12-28,NOC,277.8675550758405,281.7510817654235,276.75795989700106,280.18841552734375,603900.0
2020-12-29,NOC,281.84361482342666,282.04703971042244,276.61007292906646,278.3114318847656,524500.0
2020-12-30,NOC,278.74595010141235,282.52777836198436,278.61651332485314,279.8092956542969,528100.0
2020-12-31,NOC,279.80931238655273,281.97302586955,277.8583075322995,281.7603454589844,520500.0
2021-01-04,NOC,281.15933160772374,281.3165068642537,270.22992298856906,272.5508117675781,1267500.0
2021-01-05,NOC,273.00382712186376,275.999694128881,271.848010749629,274.24285888671875,939900.0
2021-01-06,NOC,271.8295551922194,279.32847902494615,271.1175541756648,276.60076904296875,952500.0
2021-01-07,NOC,274.45558312936384,276.4158434951132,270.49806836695166,270.5350341796875,1331000.0
2021-01-08,NOC,270.5535734739392,271.4689712525698,265.0056534227368,266.60528564453125,2090300.0
2021-01-11,NOC,266.0782558210922,272.71726007166933,265.5142026066921,272.5323181152344,1220900.0
2021-01-12,NOC,272.6431852315385,276.05515724916455,271.38567062617034,275.12127685546875,1073900.0
2021-01-13,NOC,275.5466512037201,277.4052131493736,272.43983002346306,276.8966369628906,1541400.0
2021-01-14,NOC,279.2730178466166,285.56990417381326,279.2175409094924,280.18841552734375,1375600.0
2021-01-15,NOC,279.89256274554003,280.6507569990823,276.4251129009133,278.0894775390625,1782800.0
2021-01-19,NOC,280.6322650644579,281.0945916955361,275.41720712117046,275.5651550292969,1360600.0
2021-01-20,NOC,277.396022623333,278.3854085430534,274.6682837802639,276.2679443359375,985800.0
2021-01-21,NOC,275.05662869934,277.2295696802906,274.06724285849737,274.5018310546875,975300.0
2021-01-22,NOC,273.69732593512026,277.95073596828735,272.35656761201983,275.694580078125,989200.0
2021-01-25,NOC,277.100075545069,282.2041794776077,275.44496656641394,276.7949523925781,1469900.0
2021-01-26,NOC,277.21101760421806,277.7658151669157,270.46106054289663,271.02508544921875,985000.0
2021-01-27,NOC,270.8217198297351,273.76211056492207,269.222059454819,270.2206726074219,1389300.0
2021-01-28,NOC,270.1097339345631,273.891562775748,269.3515114100137,270.951171875,1398500.0
2021-01-29,NOC,267.7611142545822,267.77036981823113,261.5659535188952,265.014892578125,1659000.0
2021-02-01,NOC,266.69768089284076,271.96821473217324,265.93023125300994,270.28533935546875,1321400.0
2021-02-02,NOC,272.59698312462615,279.3561951514333,271.8664992612166,277.39593505859375,2226000.0
2021-02-03,NOC,276.0274386270457,279.1990202676004,275.3339487885451,278.0801696777344,970600.0
2021-02-04,NOC,278.7737385276888,280.8357257237918,277.13711220350916,279.10662841796875,1298700.0
2021-02-05,NOC,280.5027117232383,281.6955219568536,276.064388749937,276.2770690917969,1151500.0
2021-02-08,NOC,278.3207099177806,278.8755076742107,275.6299647845526,277.5162658691406,1588800.0
2021-02-09,NOC,276.48058829721253,283.5449247344344,275.6021563875403,280.89117431640625,1296500.0
2021-02-10,NOC,281.6956080840177,281.6956080840177,279.6059109191061,280.7524719238281,847200.0
2021-02-11,NOC,279.78157373823063,281.2795357373887,276.600792453365,277.0538635253906,1018100.0
2021-02-12,NOC,276.02746560986606,278.7921978913104,273.79904799146635,274.9548645019531,654200.0
2021-02-16,NOC,274.5018297029251,275.66690192914007,268.7134908243398,268.9631652832031,1012300.0
2021-02-17,NOC,268.84290853434493,274.83467122015395,266.374072160354,274.7884216308594,1039800.0
2021-02-18,NOC,273.5123920505045,276.25861305047283,272.8189021840294,275.41717529296875,718900.0
2021-02-19,NOC,275.9534976927536,276.33260888327885,273.9654989965352,274.8439025878906,1202800.0
2021-02-22,NOC,272.86513845563377,276.9058680321812,271.8664972944699,275.49114990234375,1261700.0
2021-02-23,NOC,277.8305521923364,281.6123804494147,273.37371693085163,276.1754150390625,1253400.0
2021-02-24,NOC,277.25725302959455,281.52914607320963,274.53877050762594,278.99560546875,1141800.0
2021-02-25,NOC,278.32063026190383,283.3877402670766,277.22954619137937,279.1435852050781,1394100.0
2021-02-26,NOC,278.4745714956277,278.8090395528571,270.93015620270137,270.98590087890625,1156100.0
2021-03-01,NOC,271.8128263823327,276.346916197081,271.8128263823327,272.6583251953125,1077300.0
2021-03-02,NOC,272.6954963539369,279.1993071698741,272.47251762793013,277.6012268066406,1802100.0
2021-03-03,NOC,277.34105392673274,283.3617342496977,276.8579239398581,277.8985290527344,848300.0
2021-03-04,NOC,278.24226233164586,282.3396657137357,274.39570996522554,276.42120361328125,1430600.0
2021-03-05,NOC,277.5826677709373,281.0389799586494,274.2378449514794,279.58026123046875,1007400.0
2021-03-08,NOC,281.8844801176475,288.1838846425954,280.1841821807665,283.9563903808594,1295900.0
2021-03-09,NOC,282.2932212826004,282.93431340808456,276.22609666736525,277.15521240234375,1304100.0
2021-03-10,NOC,278.09367948519065,280.7044929120317,274.89751850102095,278.7347717285156,985300.0
2021-03-11,NOC,278.16795133185116,279.7381307127889,276.2075025430505,278.1865234375,874000.0
2021-03-12,NOC,281.0296495879449,281.8008032052463,279.5988033552765,280.3978576660156,932000.0
2021-03-15,NOC,282.46048847408,284.97838421952633,281.7450511991721,284.0678405761719,835700.0
2021-03-16,NOC,284.06787986033845,285.6380879646857,279.9426030879472,284.1607971191406,815400.0
2021-03-17,NOC,285.0991994367069,292.90376677425166,285.0991994367069,288.5555114746094,1104000.0
2021-03-18,NOC,288.1931225209169,293.21964223543176,288.1931225209169,292.61572265625,1022300.0
2021-03-19,NOC,293.21034139055814,294.01869592583455,286.73440335781794,286.7715759277344,2006800.0
2021-03-22,NOC,286.2048707558047,293.32190197671275,285.5266059389087,291.9375,1187100.0
2021-03-23,NOC,290.92478114469577,294.90139626855745,290.92478114469577,291.87249755859375,1162900.0
2021-03-24,NOC,292.8015502154959,298.5899231744083,292.8015502154959,293.6284484863281,1077900.0
2021-03-25,NOC,294.6690331589191,299.1752498918264,293.87000728172336,298.42266845703125,1027200.0
2021-03-26,NOC,298.515574289414,300.28088834858465,293.2939488877751,296.4064636230469,1052200.0
2021-03-29,NOC,297.03834181723374,303.0311219005388,297.03834181723374,300.2437744140625,907800.0
2021-03-30,NOC,300.1601363980513,301.68389986084435,298.7664627522901,299.80706787109375,893000.0
2021-03-31,NOC,298.8222340054432,301.33085813266223,297.5679219418337,300.6990661621094,1011800.0
2021-04-01,NOC,300.1416557975764,302.0370321185329,298.5342748285027,299.3983459472656,855200.0
2021-04-05,NOC,300.0115101764397,307.5373544300421,300.0115101764397,307.212158203125,1166100.0
2021-04-06,NOC,304.7313928512372,308.75445155907005,303.9137664573332,307.68597412109375,796400.0
2021-04-07,NOC,309.1354799874771,310.566326582129,306.48749368805073,310.296875,933400.0
2021-04-08,NOC,309.36772416254405,313.4372563649913,309.36772416254405,312.29443359375,969100.0
2021-04-09,NOC,312.86115147428274,316.50326927494643,312.52665506560675,315.8529052734375,1005700.0
2021-04-12,NOC,315.899374133914,318.60310453270154,313.7716909983195,316.54046630859375,732100.0
2021-04-13,NOC,314.94237606265955,316.15021523100955,314.0318323936322,314.6078796386719,781100.0
2021-04-14,NOC,315.19325824654675,319.0491117854157,314.63581140878046,317.59039306640625,737100.0
2021-04-15,NOC,317.618203040138,321.1302592002617,316.4475082019766,320.1639709472656,850500.0
2021-04-16,NOC,322.0129273668439,323.16505018928734,319.3092254592497,321.8735656738281,1867300.0
2021-04-19,NOC,322.4032101189711,322.63548908879744,318.5009120841419,320.21051025390625,817500.0
2021-04-20,NOC,320.3590635213719,322.04076057292525,318.835328605617,320.67498779296875,800300.0
2021-04-21,NOC,320.6564660105961,321.985094905834,319.1884754050826,321.0281066894531,748700.0
2021-04-22,NOC,319.73660451871245,320.72146493592106,317.55317685627364,319.0862121582031,728000.0
2021-04-23,NOC,318.6495705258104,319.4300244533268,316.0015846280147,317.7947998046875,1012900.0
2021-04-26,NOC,317.8040275397109,318.67739860369954,312.7031912002747,313.85528564453125,892500.0
2021-04-27,NOC,313.47440584183744,316.7077108076626,312.2107935593027,315.7785949707031,738200.0
2021-04-28,NOC,316.1502326153818,316.1502326153818,312.7125210640811,314.3849182128906,763600.0
2021-04-29,NOC,317.75752015869625,329.06486895137147,317.39515148175747,327.2530822753906,1320900.0
2021-04-30,NOC,328.74908146438764,331.5829021016814,327.2625186398573,329.31585693359375,1275200.0
2021-05-03,NOC,327.08598717644946,337.11112786791034,327.08598717644946,335.4108581542969,1041700.0
2021-05-04,NOC,336.9345863225455,342.3884918394045,335.8753806407199,342.026123046875,1128600.0
2021-05-05,NOC,342.3419796102544,346.78315173908396,340.4930483503076,346.5508728027344,1455900.0
2021-05-06,NOC,347.49862456328054,349.2825110985163,342.1933526991195,343.8193054199219,1072700.0
2021-05-07,NOC,343.0110163930205,346.290794531529,340.28871349014776,344.3582458496094,959600.0
2021-05-10,NOC,346.8389393842014,351.7725423351256,346.8389393842014,347.3034973144531,714800.0
2021-05-11,NOC,345.6589717350926,347.563647903445,340.0378321324015,342.193359375,954500.0
2021-05-12,NOC,342.49068160418625,345.24085659312027,337.3805444065983,337.4084167480469,999600.0
2021-05-13,NOC,337.1110654767585,346.3372067076613,336.8416423161035,343.8285827636719,757000.0
2021-05-14,NOC,344.7019297825492,346.46724396770617,343.92147598556494,345.2686767578125,757100.0
2021-05-17,NOC,346.09565427946694,348.1211200283232,345.03644859989873,346.4394226074219,648900.0
2021-05-18,NOC,345.51034954403985,347.2199195179873,342.39780538882883,342.49072265625,735900.0
2021-05-19,NOC,342.1747604843712,344.7019565560999,337.7521602702551,344.6090393066406,685300.0
2021-05-20,NOC,344.8598910734526,347.7679994324475,344.80411804475665,345.5938720703125,786800.0
2021-05-21,NOC,346.1328332305733,350.29525417033415,343.06673385508935,344.20025634765625,682500.0
2021-05-24,NOC,346.2814982459514,347.46146520062354,342.4349449101153,345.79833984375,570600.0
2021-05-25,NOC,346.12351190361744,347.84238182467124,343.1503299669641,343.7635498046875,680300.0
2021-05-26,NOC,343.1503818550915,344.0980982723167,339.49896297113315,340.72540283203125,697100.0
2021-05-27,NOC,344.0423225286204,344.92496559015865,340.0749796274532,344.20025634765625,997200.0
2021-05-28,NOC,344.55484900044695,345.6652049018406,341.0185331725228,341.3824157714844,575700.0
2021-06-01,NOC,344.50813635486156,345.2825719928699,340.78519584466704,341.1490783691406,764200.0
2021-06-02,NOC,341.14908188542427,344.94668398724355,340.3279756498915,342.6326599121094,495800.0
2021-06-03,NOC,342.4460883023412,342.79131970530136,340.0947332767026,341.97955322265625,779400.0
2021-06-04,NOC,348.80959690403466,353.6615730080971,347.9885191022303,352.2433166503906,1319300.0
2021-06-07,NOC,351.2075558754626,352.70047362815546,345.48783199844974,346.9527587890625,1125200.0
2021-06-08,NOC,347.1394138115058,347.9138494785046,343.49110624218264,346.2716369628906,613200.0
2021-06-09,NOC,346.2716324522475,348.00715765183025,343.96697663257163,347.66192626953125,689600.0
2021-06-10,NOC,349.90124654198024,350.5170761528985,346.07565388478065,347.5779113769531,741400.0
2021-06-11,NOC,348.8562594878752,350.41447063540204,345.422568295381,349.957275390625,636200.0
2021-06-14,NOC,347.52198799733384,348.11913808500617,344.68544677452707,347.31671142578125,865500.0
2021-06-15,NOC,350.2744674169719,352.1126164303223,348.75355878219005,349.9012451171875,687000.0
2021-06-16,NOC,352.86849564336484,352.86849564336484,346.7755481304621,347.2980651855469,883400.0
2021-06-17,NOC,348.2591286584166,348.86564709687747,341.6903346445769,344.02301025390625,737000.0
2021-06-18,NOC,341.42899447910617,345.45983532721317,340.7944852240473,342.6139831542969,2387100.0
2021-06-21,NOC,345.0493517418487,349.5094261998462,343.7430591448491,348.3057861328125,893800.0
2021-06-22,NOC,349.3228269564346,349.3228269564346,346.23436686426487,347.63397216796875,491600.0
2021-06-23,NOC,347.6525820164314,347.6525820164314,343.4724177549988,345.4971923828125,709800.0
2021-06-24,NOC,347.15808951809413,347.15808951809413,342.9406225479129,344.9373779296875,644900.0
2021-06-25,NOC,344.3029021088038,350.2838854784307,343.4258138471086,348.3244323730469,2930400.0
2021-06-28,NOC,348.3990694192943,348.3990694192943,343.69638799228994,345.431884765625,565000.0
2021-06-29,NOC,345.0586545563979,346.39293797758205,335.9052390697504,336.1944885253906,1151300.0
2021-06-30,NOC,337.11820803190454,340.486605822908,337.11820803190454,339.10565185546875,613900.0
2021-07-01,NOC,340.1320147960192,343.33243814514225,339.06832977540876,343.01519775390625,449400.0
2021-07-02,NOC,343.29520374246954,346.2250293910088,340.85987569053765,344.4895324707031,338000.0
2021-07-06,NOC,343.39775353170705,343.78031565157534,338.4711450338275,343.0431823730469,603300.0
2021-07-07,NOC,342.75400389780975,347.158096381413,341.31706781660154,346.4116516113281,545500.0
2021-07-08,NOC,344.20956126127066,347.0927445124548,343.31382191989314,345.1799621582031,402700.0
2021-07-09,NOC,347.5500033418399,348.5110645226501,344.6574799852614,346.9341735839844,357400.0
2021-07-12,NOC,345.3852477813723,347.5219863832859,343.6404111687994,345.5438537597656,450300.0
2021-07-13,NOC,345.7957448468514,348.94952597688103,342.7072854502925,342.80059814453125,707400.0
2021-07-14,NOC,342.7725960402176,343.7896674412985,339.282923204525,339.5815124511719,1044400.0
2021-07-15,NOC,338.08858718915985,341.24236840865547,337.5007485213201,339.74945068359375,491000.0
2021-07-16,NOC,340.962457675013,341.4849746058157,337.15551606483683,338.5271301269531,778800.0
2021-07-19,NOC,337.183550899161,338.0699789194521,327.1717265517674,331.2398986816406,866700.0
2021-07-20,NOC,331.83704698675,338.4618215764276,331.83704698675,335.8772277832031,911300.0
2021-07-21,NOC,336.9223161883146,339.003072992045,335.8026490297268,337.2675476074219,632500.0
2021-07-22,NOC,336.6517208558305,336.88498840866157,334.3097339884355,335.2148132324219,549500.0
2021-07-23,NOC,336.4743725427428,337.4914439416144,334.74821575346016,337.1275329589844,478400.0
2021-07-26,NOC,333.9644978309031,335.382754280991,331.5198299928604,334.28173828125,715800.0
2021-07-27,NOC,334.5242881404514,340.62657467945667,334.47764602461126,337.9580078125,573100.0
2021-07-28,NOC,339.14294239941955,340.561198499731,335.76523367135036,336.0078125,564400.0
2021-07-29,NOC,338.5270854432166,345.08656564894164,338.5270854432166,341.18634033203125,1015700.0
2021-07-30,NOC,340.225371755149,341.8582445099923,337.96732947371913,338.7231140136719,645200.0
2021-08-02,NOC,339.4696206690734,342.77266880806246,337.5008276607643,337.62213134765625,396700.0
2021-08-03,NOC,337.1649122891465,341.14911167188535,334.6549512488954,340.048095703125,666200.0
2021-08-04,NOC,338.56443071564524,339.6374554430546,332.64877076037203,333.3392333984375,641800.0
2021-08-05,NOC,334.64555472987365,335.35469705232157,333.1059949022237,334.71087646484375,351300.0
2021-08-06,NOC,335.774524584515,338.6763868154346,335.774524584515,337.8739318847656,361100.0
2021-08-09,NOC,337.51013094290596,337.51013094290596,335.625339518028,336.8289794921875,356500.0
2021-08-10,NOC,336.11053913459887,338.73246404489055,334.8508887050004,338.4058837890625,642600.0
2021-08-11,NOC,339.4508457988091,342.72593052580896,338.0045987263642,341.596923828125,331200.0
2021-08-12,NOC,342.76333121540745,342.76333121540745,336.8383299656025,339.50689697265625,570400.0
2021-08-13,NOC,339.5255806491716,340.85986416861107,338.45255564035693,338.8070983886719,372100.0
2021-08-16,NOC,338.20061787163996,344.1349591708875,335.4853801633808,343.9483337402344,679900.0
2021-08-17,NOC,344.3308639531546,346.8781556222153,341.4196897456797,343.9576416015625,924700.0
2021-08-18,NOC,341.9888618078469,342.9312717732363,338.7324560898769,338.853759765625,411700.0
2021-08-19,NOC,337.91129312802616,340.5705483098363,335.79323448955074,336.9222412109375,468100.0
2021-08-20,NOC,336.1011940563821,340.26270746824537,335.2147944902093,338.7044677734375,496000.0
2021-08-23,NOC,340.57059510536476,340.7292295553905,338.38721443320094,338.62982177734375,474400.0
2021-08-24,NOC,340.0574784090849,340.0574784090849,338.0233635368758,338.4898986816406,318800.0
2021-08-25,NOC,338.65780533417933,340.0294195248352,337.4541369280838,338.38720703125,416600.0
2021-08-26,NOC,337.89264981987367,342.47402702045196,336.63299960188766,342.2127685546875,739600.0
2021-08-27,NOC,343.9932294257766,345.27702644928655,340.67595305292315,341.8847961425781,553700.0
2021-08-30,NOC,341.80050961417453,346.0642194054699,341.0133645110489,344.48992919921875,541100.0
2021-08-31,NOC,344.2555969700888,344.7616289445883,341.228842283396,344.5648498535156,782300.0
2021-09-01,NOC,344.74293236956805,344.74293236956805,341.6599261771299,342.0160217285156,508300.0
2021-09-02,NOC,342.03477843972394,345.2208501084375,342.03477843972394,345.12713623046875,665600.0
2021-09-03,NOC,344.621125277442,345.0990174290168,342.43770921779657,342.90625,379400.0
2021-09-07,NOC,340.6666696251088,342.52207298198164,336.0093727001668,336.29986572265625,869100.0
2021-09-08,NOC,336.1967042597938,339.6826484260856,335.8406373277569,337.7241516113281,560100.0
2021-09-09,NOC,337.65859843706113,339.02675815550174,334.25701627015013,334.33197021484375,1259200.0
2021-09-10,NOC,335.3346430192457,335.5782647793386,330.65858657387906,331.8205871582031,669300.0
2021-09-13,NOC,333.35739611964766,335.0535115120111,327.7536665063549,331.4457702636719,647800.0
2021-09-14,NOC,332.72016987843415,333.4323610012494,327.14452326683437,329.5997009277344,848300.0
2021-09-15,NOC,329.862065176774,334.72552040844386,329.3185418967938,333.35736083984375,611500.0
2021-09-16,NOC,334.3132585784925,334.6412142779963,327.28514620405366,327.65997314453125,584300.0
2021-09-17,NOC,328.8032066628904,333.3667896219668,325.18605670312854,328.2034606933594,1901700.0
2021-09-20,NOC,325.1392071085491,329.52474217649126,323.44309168358694,326.8634338378906,634800.0
2021-09-21,NOC,326.8820899211281,328.30647194166005,323.1900155402901,323.4242858886719,535200.0
2021-09-22,NOC,325.19540195967954,328.41896470817505,324.0615413165478,326.5916442871094,585700.0
2021-09-23,NOC,328.9999361149585,330.6023374517838,326.3386281213422,328.8312683105469,845100.0
2021-09-24,NOC,330.00266932093746,334.6693461202502,329.4966372348766,333.3199462890625,608700.0
2021-09-27,NOC,334.20077904727407,338.5956652245817,334.20077904727407,334.7348937988281,613100.0
2021-09-28,NOC,334.26633048283185,338.2864180845317,333.9758375085614,335.75628662109375,767200.0
2021-09-29,NOC,336.20606188602187,342.97179070447277,333.4229289978825,340.1418151855469,762300.0
2021-09-30,NOC,340.71346135022276,341.697414090042,337.24627693634113,337.4898986816406,981600.0
2021-10-01,NOC,338.9705205868195,340.05753862039563,334.05084243175463,338.21148681640625,587800.0
2021-10-04,NOC,338.8955419832606,344.1806957322825,338.7456055012891,342.6626281738281,893800.0
2021-10-05,NOC,342.39089023715076,347.9102861622081,340.9102852485033,346.6077575683594,569700.0
2021-10-06,NOC,345.50198190619915,353.72017687554944,343.50599361187716,353.5796203613281,839900.0
2021-10-07,NOC,354.2167993560608,359.6987317322532,354.2167993560608,358.62109375,696200.0
2021-10-08,NOC,359.1084021385466,366.34267303788226,357.9838928101163,365.1994323730469,690300.0
2021-10-11,NOC,365.4992838676095,371.62777641487787,363.4376930857569,368.4229736328125,790200.0
2021-10-12,NOC,367.9169512837235,369.81922567442456,364.60905457681605,365.52740478515625,715100.0
2021-10-13,NOC,364.9744831575228,365.3868012717018,359.44567988033793,364.2435607910156,671100.0
2021-10-14,NOC,365.7428836957199,368.1043472856645,364.4684666323808,365.4055480957031,514700.0
2021-10-15,NOC,366.4738501046838,371.75900391931845,366.4738501046838,370.48455810546875,665000.0
2021-10-18,NOC,369.1163459963395,371.8526361801591,367.84192905966586,369.10699462890625,422500.0
2021-10-19,NOC,370.6813702425402,374.20477756347793,368.1137472478208,374.1766662597656,445800.0
2021-10-20,NOC,373.65185847767833,376.7161332056575,372.4992665649145,375.6572265625,340300.0
2021-10-21,NOC,374.8325783812007,377.98115831282377,371.99322274386134,377.42828369140625,398800.0
2021-10-22,NOC,378.2903901339852,380.74553881003857,375.17927304331937,380.6518249511719,524000.0
2021-10-25,NOC,380.0990207276834,382.3573907364234,378.1780149538285,381.0361022949219,473900.0
2021-10-26,NOC,369.78176865150084,373.66130033030123,367.97320796721147,371.61846923828125,1590200.0
2021-10-27,NOC,370.29713042358316,371.12176672240975,363.0909713725321,363.7281799316406,1009200.0
2021-10-28,NOC,356.6157309832717,357.3560333706422,331.86740530097524,336.0749206542969,2011200.0
2021-10-29,NOC,329.8526960027372,337.0307438985827,329.8526960027372,334.7442626953125,1351100.0
2021-11-01,NOC,334.53812667568246,338.09902526854023,330.7148463822716,332.5234069824219,777800.0
2021-11-02,NOC,334.5381016961103,335.72818492806744,328.29713535882394,330.9772033691406,933300.0
2021-11-03,NOC,327.99726552640146,332.42967144069587,327.50999342783143,331.8299255371094,675300.0
2021-11-04,NOC,331.0427624937365,336.9182816464103,331.0427624937365,334.219482421875,988900.0
2021-11-05,NOC,338.28640651555367,343.4778458028863,335.97181416918056,341.4443664550781,1105800.0
2021-11-08,NOC,342.034735451729,342.4657849192569,337.6866637181112,340.41357421875,523900.0
2021-11-09,NOC,340.8166062390915,342.9250399435189,337.9397587212152,341.5849914550781,550400.0
2021-11-10,NOC,340.9009003097374,343.8152101626613,338.6331504076,339.3172302246094,562500.0
2021-11-11,NOC,338.33320686488446,338.8486187611132,334.5380388712922,337.2930603027344,475400.0
2021-11-12,NOC,336.9838405224875,338.17395224522176,335.83124866183095,337.0213317871094,493300.0
2021-11-15,NOC,337.81790601942276,338.8393214991316,336.6652853931197,337.349365234375,961600.0
2021-11-16,NOC,337.780438716344,338.50200987889065,332.26104274753527,332.2891540527344,801100.0
2021-11-17,NOC,333.07628314022327,334.3319690410236,331.5019929300372,331.68939208984375,784800.0
2021-11-18,NOC,332.0641974921591,332.0641974921591,324.1364957497235,329.3092041015625,1438900.0
2021-11-19,NOC,329.50596834356384,332.195387639694,325.8138649914502,330.9115905761719,789000.0
2021-11-22,NOC,332.13920523402265,342.3533889742807,331.0990297853317,340.3011779785156,943000.0
2021-11-23,NOC,340.7134476589435,345.0802507333193,339.2328715217739,341.29443359375,776000.0
2021-11-24,NOC,341.46318349123106,345.1271474409155,338.0990353268801,338.6331787109375,607000.0
2021-11-26,NOC,332.0355528889194,336.27082019187617,331.0379144442247,333.1555480957031,524200.0
2021-11-29,NOC,334.4167686169908,337.6920241590963,331.8850172225188,335.423828125,532700.0
2021-11-30,NOC,333.2779176980308,333.9179355547546,327.8379526104925,328.2803039550781,1276200.0
2021-12-01,NOC,329.05203597787624,332.157915959042,325.5603013551331,325.6261901855469,712000.0
2021-12-02,NOC,327.94145243711114,334.8684535540772,327.40497835694146,331.8284912109375,700700.0
2021-12-03,NOC,331.85675793350833,337.08966415011076,331.85675793350833,336.7884826660156,746400.0
2021-12-06,NOC,339.9696332349763,345.7484055786524,338.8308248915562,342.5484313964844,1096000.0
2021-12-07,NOC,341.76728101520075,343.5931542579702,339.52729041496315,341.3343505859375,919200.0
2021-12-08,NOC,342.1531745337288,345.72019049617825,341.04257137550326,342.6708068847656,467400.0
2021-12-09,NOC,341.25903554740677,346.6801872537795,339.6590628022944,346.218994140625,753700.0
2021-12-10,NOC,346.5390094109133,349.9836683623727,344.46842270357814,349.2307434082031,480300.0
2021-12-13,NOC,349.3813582781654,356.65661750188053,349.0801767867941,355.13189697265625,904700.0
2021-12-14,NOC,354.4918851675796,359.82833487286075,353.3907316984277,354.0871887207031,906700.0
2021-12-15,NOC,354.57652916079826,357.3247593809691,352.18597701229936,356.5341796875,672000.0
2021-12-16,NOC,357.82358514621075,360.53416055794946,355.31064748092405,356.4400634765625,721400.0
2021-12-17,NOC,357.1554249124964,358.15306343754486,354.37896019025504,355.2542419433594,1139400.0
2021-12-20,NOC,354.07777394158586,354.98131837350917,345.40960098896915,348.1860656738281,860800.0
2021-12-21,NOC,349.5789710173167,357.82363423879735,349.1554615025292,356.2236328125,798300.0
2021-12-22,NOC,356.22365133217846,358.5859987301551,356.22365133217846,357.46600341796875,715200.0
2021-12-23,NOC,358.134218343183,361.56951393396696,357.65424087907155,358.7460021972656,610500.0
2021-12-27,NOC,359.04713174122264,362.18124565079887,358.7647920747044,361.60711669921875,362200.0
2021-12-28,NOC,360.185939711405,365.1270845328531,359.536529808521,362.66119384765625,307800.0
2021-12-29,NOC,362.66127264937495,363.9977476054572,361.61658701823393,362.3412780761719,365200.0
2021-12-30,NOC,363.0565850764098,364.92011333852275,361.5977820303298,361.9083557128906,375900.0
2021-12-31,NOC,361.4189095948712,365.37180864416166,361.4000678017643,364.29888916015625,414100.0
2022-01-03,NOC,364.18596214672476,365.24006858550257,360.2236133822794,362.8494873046875,662100.0
2022-01-04,NOC,364.7411506583856,374.44461427476404,364.7411506583856,373.63519287109375,740500.0
2022-01-05,NOC,368.03529320261373,376.0634758262744,367.225871696779,371.7528991699219,1072500.0
2022-01-06,NOC,374.17178174496865,376.3082286687111,371.1976791998608,373.8988342285156,764300.0
2022-01-07,NOC,374.88706148529235,377.55056151193287,372.77881991588947,376.863525390625,908600.0
2022-01-10,NOC,381.17407924706873,382.90582964191674,375.75292759554713,378.5670471191406,1018100.0
2022-01-11,NOC,374.3035093167482,378.05877032008124,372.23292278329143,377.03289794921875,605000.0
2022-01-12,NOC,377.71052374628937,378.56699228399845,370.491733912594,372.2611389160156,714800.0
2022-01-13,NOC,372.2611889161994,376.345865683123,371.16942762442204,374.21881103515625,665300.0
2022-01-14,NOC,373.90820599696605,380.23287275202813,372.59057307346217,379.7152404785156,936100.0
2022-01-18,NOC,379.6117435252797,380.23291956331514,372.6000398409381,378.0023498535156,774800.0
2022-01-19,NOC,379.3387817177131,384.91052405599294,377.86116577132077,378.0211486816406,570100.0
2022-01-20,NOC,377.8705108540264,380.60932028174454,373.6258516997454,374.0305480957031,843900.0
2022-01-21,NOC,376.2423902126616,383.6211647007748,374.41651684428484,375.3482666015625,928100.0
2022-01-24,NOC,374.5858546716366,380.9387554732284,371.50823751220656,379.3481750488281,1303300.0
2022-01-25,NOC,376.1952275209622,381.7105012201326,369.88940282322415,379.4610900878906,987700.0
2022-01-26,NOC,378.8399574614992,384.7034602972926,375.70587218420474,379.5082092285156,1111000.0
2022-01-27,NOC,366.82116659175784,368.1858751725288,349.5130289984818,351.9883117675781,1797900.0
2022-01-28,NOC,348.65665561975544,358.341280284876,347.61194133208755,357.83306884765625,921000.0
2022-01-31,NOC,354.59545297520674,355.89427303000315,345.29668262801,348.1390075683594,1141900.0
2022-02-01,NOC,348.1296713248931,350.0496390235188,343.1696829644785,348.779052734375,898400.0
2022-02-02,NOC,345.7860499323196,350.0401591465082,343.76253901997757,349.15545654296875,764800.0
2022-02-03,NOC,350.58597775199064,352.7506582062607,346.35071090666463,351.81890869140625,676100.0
2022-02-04,NOC,350.39774536387773,352.86363605772317,345.40955349172265,347.9977722167969,532400.0
2022-02-07,NOC,348.7413520505537,353.5036728506369,346.54840853170424,351.20721435546875,539800.0
2022-02-08,NOC,352.2707049221977,357.6447802890497,349.79542197884876,357.0047912597656,607500.0
2022-02-09,NOC,357.7482860841899,362.04004976210916,357.2871217546511,361.7482604980469,702800.0
2022-02-10,NOC,360.2423840502302,363.6117613748114,357.5788557888205,359.5458984375,906000.0
2022-02-11,NOC,360.4588274351425,377.61637345936185,357.8894507313695,375.8281555175781,1772600.0
2022-02-14,NOC,373.6447325028062,373.96472706382156,360.2612852677957,367.6212463378906,1709900.0
2022-02-15,NOC,364.4023795770561,366.0400357434896,357.9271220786707,362.1341552734375,787600.0
2022-02-16,NOC,362.3412291429782,371.0658982417454,362.1624044464779,370.5011901855469,1086100.0
2022-02-17,NOC,369.663574931677,377.7482271294907,368.383596672198,374.6894226074219,887800.0
2022-02-18,NOC,374.1152870251348,375.96939412481584,368.06356738873376,368.23297119140625,1472200.0
2022-02-22,NOC,371.6399917358959,373.1835251467117,364.1200486118513,367.7435607910156,719200.0
2022-02-23,NOC,369.3152694153029,371.38585584138485,362.2000232925733,363.3670654296875,666100.0
2022-02-24,NOC,372.3458369747713,379.19755648366436,367.0470429144713,372.2234802246094,1548300.0
2022-02-25,NOC,371.6754625470265,388.4383626775208,371.6754625470265,387.1060485839844,1260000.0
2022-02-28,NOC,391.49050246858616,418.5436150251211,391.1314276130687,417.7876892089844,2603800.0
2022-03-01,NOC,419.8570137623065,431.91422294843886,419.28062541156413,430.978759765625,2236300.0
2022-03-02,NOC,426.8872933455061,432.33951035891084,412.04258056283305,428.4180908203125,1784400.0
2022-03-03,NOC,427.4825128296554,430.0243541618491,417.0600290580028,424.9217834472656,1426100.0
2022-03-04,NOC,429.1267498343923,446.8912660591259,425.22421864357995,442.761962890625,1675700.0
2022-03-07,NOC,446.3998897086093,463.78644195569393,445.9557753884676,451.62530517578125,2401800.0
2022-03-08,NOC,449.93394499309835,451.47417206307773,423.51394087556713,424.4682922363281,2448200.0
2022-03-09,NOC,417.20182519895684,431.6780327926464,413.35601573506113,425.1391906738281,1730700.0
2022-03-10,NOC,425.67772569672644,437.61209021225557,417.5041595599287,420.12158203125,1442900.0
2022-03-11,NOC,423.0224683367268,425.08239037423635,411.69286829370714,412.2692565917969,1175900.0
2022-03-14,NOC,415.1041025585455,418.26959610693336,407.4786061481801,417.10736083984375,913600.0
2022-03-15,NOC,419.1105219828739,423.67448048599385,412.8078824115275,423.15478515625,827500.0
2022-03-16,NOC,406.7132010420804,418.7042305975423,393.304760133911,401.0531005859375,1878000.0
2022-03-17,NOC,407.2990784069113,411.031502010162,401.23266809548034,405.18243408203125,978400.0
2022-03-18,NOC,404.46428143361715,409.5385062093774,400.9775181494438,404.3792419433594,1826100.0
2022-03-21,NOC,411.2677189750211,423.58004779692703,408.3101093862474,422.0020446777344,1293500.0
2022-03-22,NOC,422.4838594887469,423.3248535080993,414.3859037382135,421.7184753417969,741300.0
2022-03-23,NOC,423.32494616643936,427.1046331857826,418.1467645687187,422.304443359375,587100.0
2022-03-24,NOC,422.3705581372317,430.0716933657738,421.51067589586313,429.5330810546875,665100.0
2022-03-25,NOC,428.38971458802354,435.0703183413712,428.38971458802354,432.9442443847656,480000.0
2022-03-28,NOC,428.862154503393,430.69530493219514,420.11219905645504,422.1910095214844,661200.0
2022-03-29,NOC,410.74804113389115,425.791179366897,407.6203524230527,421.72802734375,893800.0
2022-03-30,NOC,424.73280211224386,431.34725333336104,423.78788050922714,428.3612976074219,624000.0
2022-03-31,NOC,425.18642534179867,432.7079941205047,422.09654171431623,422.587890625,648000.0
2022-04-01,NOC,421.9831085717552,429.80705888058225,419.6019163340152,429.7409362792969,699200.0
2022-04-04,NOC,430.34567065017427,431.4039783101489,419.8948392528432,427.3786315917969,713300.0
2022-04-05,NOC,425.67776344147006,437.97120387174834,425.67776344147006,429.00390625,576200.0
2022-04-06,NOC,429.93936263058805,440.730380859935,429.8259766433301,436.0435485839844,806400.0
2022-04-07,NOC,434.66396338538783,446.60778700351653,433.7473882221716,444.84075927734375,761600.0
2022-04-08,NOC,446.7211371499514,450.97328427671744,434.04973525178247,438.1223449707031,909500.0
2022-04-11,NOC,440.69258547482326,445.01088454910473,436.27035885554204,436.6861267089844,869000.0
2022-04-12,NOC,437.7916216408506,440.9760028004406,434.0213937065456,437.7632751464844,632600.0
2022-04-13,NOC,442.22333530490084,444.1698716106301,434.97577351035795,438.93499755859375,563000.0
2022-04-14,NOC,442.6769669896937,444.3494681632821,437.8200551866428,441.46746826171875,1120300.0
2022-04-18,NOC,441.4674123065094,447.2975628162552,436.6293891710962,439.9366149902344,569300.0
2022-04-19,NOC,440.05001165625606,447.75111712144553,437.95228449834264,438.8310546875,542500.0
2022-04-20,NOC,440.24853303930996,443.2911824837452,437.00745808496447,437.87677001953125,603500.0
2022-04-21,NOC,439.05780218009556,439.8893377764169,418.6286024297745,419.0254821777344,947900.0
2022-04-22,NOC,419.2995481868712,431.507949304733,419.2334255834239,422.7579650878906,727000.0
2022-04-25,NOC,419.53574041895945,420.49012048196084,410.2377151478096,419.5640869140625,608200.0
2022-04-26,NOC,420.1877624650313,427.55816881359084,416.1529573041137,418.1372985839844,614300.0
2022-04-27,NOC,419.7153260526405,425.8667757271862,415.5482177734375,415.5482177734375,838400.0
2022-04-28,NOC,412.9307946738166,425.00689319067124,408.5747193542391,420.65081787109375,1112400.0
2022-04-29,NOC,422.95637675184776,424.5911016294519,413.904039801066,415.1985778808594,945600.0
2022-05-02,NOC,413.0441044874075,420.14047457567733,408.1305297155756,414.46148681640625,759900.0
2022-05-03,NOC,419.9704787630371,428.2668904845032,415.47264205411363,426.39593505859375,1076000.0
2022-05-04,NOC,428.58811251927114,438.44363824257493,425.4698538245658,437.0924072265625,792100.0
2022-05-05,NOC,437.72550849629425,444.33053062855936,431.9709389428431,440.9571533203125,1559700.0
2022-05-06,NOC,438.802757863213,443.6029475664298,432.47177073360047,442.88482666015625,925400.0
2022-05-09,NOC,440.29573003357257,441.20287567493756,427.4353588729508,428.9755859375,880700.0
2022-05-10,NOC,427.52984815574206,431.21503713438517,422.51231607775827,425.1864318847656,924000.0
2022-05-11,NOC,424.91234268999744,433.12371378833757,420.55626790925595,421.88861083984375,805100.0
2022-05-12,NOC,423.4382568278982,426.07459612913317,418.3167979764283,425.9517517089844,942000.0
2022-05-13,NOC,426.84943379892985,429.41962163846364,422.7012142397223,427.8888244628906,576900.0
2022-05-16,NOC,428.6826520110525,435.91129744572737,428.00230721504056,432.8497314453125,586600.0
2022-05-17,NOC,433.3221249031441,436.7521948479458,428.5030479208032,433.98358154296875,580900.0
2022-05-18,NOC,433.93634030007877,436.8183395361439,426.40531428008717,429.81646728515625,758100.0
2022-05-19,NOC,424.6289295309712,428.4180748771913,415.0096332881903,423.7973937988281,758600.0
2022-05-20,NOC,425.38489053074477,426.0558057735959,413.4221770393796,418.91217041015625,636900.0
2022-05-23,NOC,422.0493042281728,433.02929061877006,421.7185758402114,431.6119079589844,561400.0
2022-05-24,NOC,430.48741517625007,446.41881002514475,430.48741517625007,445.1526184082031,794100.0
2022-05-25,NOC,445.1904312267136,448.2897733024825,441.4296324148941,441.8642883300781,594300.0
2022-05-26,NOC,444.80304313439177,450.2457730180333,440.9288580407069,441.6847839355469,760400.0
2022-05-27,NOC,442.1115092064368,446.75881956799844,438.725600493245,446.4837951660156,646000.0
2022-05-31,NOC,441.9408132036575,444.5205491270933,433.2816253334229,443.8376770019531,1762600.0
2022-06-01,NOC,443.6574727243267,447.5745010996938,435.10262741189393,440.30950927734375,798600.0
2022-06-02,NOC,442.0356343327375,442.9176689968514,426.50031617245406,439.0006408691406,1151400.0
2022-06-03,NOC,438.3367758509539,453.919504733218,438.3367758509539,453.70135498046875,872400.0
2022-06-06,NOC,454.55490666093505,458.98409598304914,452.8382473871167,454.1660461425781,586500.0
2022-06-07,NOC,454.10917814187246,466.91300867907387,452.1080007435478,466.6853942871094,742900.0
2022-06-08,NOC,462.6639692965706,466.1921364580595,447.7166761047385,448.0865783691406,853000.0
2022-06-09,NOC,446.0096441856579,446.94858260910786,438.5834053737518,439.04815673828125,843500.0
2022-06-10,NOC,435.66218079025236,441.8174943011835,429.6396326889564,439.90167236328125,964400.0
2022-06-13,NOC,436.0605075152227,441.7416340600997,433.96448120090616,436.923583984375,1328000.0
2022-06-14,NOC,436.2503147193951,439.0861174397732,425.4097427498822,431.0244445800781,818500.0
2022-06-15,NOC,432.73152568041314,438.7919901586409,424.60345776929705,434.80859375,874400.0
2022-06-16,NOC,431.2045442271452,435.0836271050664,424.4896593178469,425.8648681640625,1055200.0
2022-06-17,NOC,423.9491077631501,428.44466622102334,413.58275285765745,421.03741455078125,1368400.0
2022-06-21,NOC,425.50446831457936,440.8121429355974,425.485481154,439.8542175292969,780500.0
2022-06-22,NOC,430.7967565044688,440.0819132918603,429.64916196251795,434.9603576660156,539800.0
2022-06-23,NOC,434.80864090721667,436.8951738397971,426.2727533208559,432.71258544921875,614400.0
2022-06-24,NOC,436.2786627970264,440.46125084188526,432.1055683329541,439.7878723144531,807800.0
2022-06-27,NOC,437.58753716045726,444.7007767763288,437.49268817680974,442.74700927734375,542600.0
2022-06-28,NOC,443.98939068634644,449.38597003527366,440.23360879899786,440.70782470703125,583200.0
2022-06-29,NOC,443.86609562540184,443.86609562540184,435.63371430263237,437.99530029296875,586900.0
2022-06-30,NOC,434.4860859079861,455.2946822939887,434.4860859079861,453.8910217285156,1355000.0
2022-07-01,NOC,453.8910611203225,462.7399180079524,449.20580522097436,461.288818359375,607000.0
2022-07-05,NOC,454.3558101976198,455.4370365197249,431.9728102634203,440.4138488769531,1254400.0
2022-07-06,NOC,440.91648947847506,459.95149440150055,439.58866175496627,457.0208435058594,899600.0
2022-07-07,NOC,455.2473554785348,461.7535850408688,453.8342010746013,454.6593322753906,612700.0
2022-07-08,NOC,455.8543123838406,458.2917603164487,453.9289678826698,455.6551208496094,380900.0
2022-07-11,NOC,453.938470393745,456.9260250837024,448.2289207875187,450.9888610839844,497200.0
2022-07-12,NOC,452.0985637675883,453.73936156535336,443.37300663828194,444.7008056640625,534800.0
2022-07-13,NOC,440.99239101009516,452.3166704506581,440.0724108899206,441.2105407714844,531500.0
2022-07-14,NOC,435.2259197130803,437.93842099937075,431.28990425232587,435.32073974609375,571400.0
2022-07-15,NOC,439.1240362182502,439.2947470395867,431.54607345137515,437.4168701171875,1451900.0
2022-07-18,NOC,439.12397448277846,440.4423087311827,425.0871937874328,426.092529296875,706200.0
2022-07-19,NOC,421.198556285587,434.6283536679561,420.2785763077885,433.80322265625,751300.0
2022-07-20,NOC,434.3817971318148,437.0089429959942,428.8240002580641,432.55133056640625,593900.0
2022-07-21,NOC,430.8916406726312,431.6693618726664,425.65627741761193,430.3984375,528500.0
2022-07-22,NOC,433.7842837461475,439.3705614049435,426.8038390117008,428.5489501953125,864700.0
2022-07-25,NOC,428.5868646920335,436.03203124855366,427.8470600938379,429.943115234375,826500.0
2022-07-26,NOC,429.7819477425636,431.6408663268474,421.39781247762164,421.72027587890625,702500.0
2022-07-27,NOC,422.6022543057381,424.5845023583835,418.63781608813395,422.8204040527344,744600.0
2022-07-28,NOC,415.7831627120753,432.3712308989921,411.4962310908553,431.0244445800781,1016600.0
2022-07-29,NOC,434.1162302479711,455.05759289132203,432.5418298938881,454.2040100097656,1199000.0
2022-08-01,NOC,456.54668176495767,462.9960363718341,447.86853523737324,451.1026916503906,933400.0
2022-08-02,NOC,456.9924333844373,463.1761990901556,447.84956471593534,456.2431640625,687400.0
2022-08-03,NOC,455.2472877205501,459.14532872861264,446.7303592929946,456.90704345703125,845000.0
2022-08-04,NOC,457.1442102370245,461.08019712975647,452.8952245851611,453.388427734375,654900.0
2022-08-05,NOC,451.15003960845615,453.7108170910099,445.1844243211497,452.9615478515625,522300.0
2022-08-08,NOC,454.2514300914784,455.3231337312991,441.7605703328481,445.81036376953125,614100.0
2022-08-09,NOC,449.5472012601666,457.31486039159165,448.6177565754838,449.3006286621094,667500.0
2022-08-10,NOC,450.0214181890321,450.5051276934274,445.336162545513,448.7410583496094,711100.0
2022-08-11,NOC,449.5566921231802,449.80329366358967,443.6953902989825,446.0569763183594,690400.0
2022-08-12,NOC,446.25620754743164,455.01973877820865,445.02325754340677,454.8489990234375,701600.0
2022-08-15,NOC,453.32199294890313,464.1815496987502,450.5905044666871,461.7630310058594,586100.0
2022-08-16,NOC,460.30246843181044,463.40385945173347,458.3107844794535,460.4637145996094,500800.0
2022-08-17,NOC,457.8270864654466,470.7067800163622,457.7417310605228,467.11224365234375,852000.0
2022-08-18,NOC,468.51581914334173,471.560306083803,465.13940422545744,467.46307373046875,592000.0
2022-08-19,NOC,466.75180332121255,467.8045488546317,462.68302229843687,465.4429626464844,606600.0
2022-08-22,NOC,462.83471421607726,467.7096675170527,458.7943855225716,459.22119140625,607700.0
2022-08-23,NOC,457.940875418823,460.57751505992593,454.9343623711264,457.97882080078125,451500.0
2022-08-24,NOC,460.1792385263411,465.0162187872531,459.5911863472503,463.678955078125,612600.0
2022-08-25,NOC,463.773650111989,469.09436748612274,461.67762396767745,468.9805603027344,375300.0
2022-08-26,NOC,469.5705943069778,472.78755301401424,461.32833574532486,461.72808837890625,448500.0
2022-08-29,NOC,456.8932093221464,465.57330074455336,454.085529630845,462.3753662109375,499500.0
2022-08-30,NOC,463.1272758573962,463.27003431157357,455.5512604192578,457.73077392578125,573700.0
2022-08-31,NOC,457.9211324875752,459.31069650093247,453.96180014751553,454.9325866699219,725100.0
2022-09-01,NOC,453.0005112150409,458.21617602476886,452.0868280741891,457.15020751953125,564100.0
2022-09-02,NOC,460.64313039885474,461.95656617647614,451.83933477877173,453.9427490234375,512100.0
2022-09-06,NOC,453.799993165493,460.8335264767606,453.7238650050971,456.5981750488281,569300.0
2022-09-07,NOC,454.75171327440063,464.6690826332665,453.01000220226155,464.25030517578125,512300.0
2022-09-08,NOC,463.5745726299401,466.1919172735485,458.08288909771,466.10626220703125,584900.0
2022-09-09,NOC,465.8588106508657,471.4837259063587,462.81316152606126,467.7052307128906,704600.0
2022-09-12,NOC,467.3625830555957,467.41968643541134,458.23519160586835,459.03466796875,918500.0
2022-09-13,NOC,456.4364215397186,463.88870378666235,442.80718534966195,446.3096618652344,836500.0
2022-09-14,NOC,450.0024335131683,461.79477456316846,449.08875044138966,461.4902038574219,1157400.0
2022-09-15,NOC,459.4439252852181,464.23128536382205,455.4560415306925,461.6805419921875,758000.0
2022-09-16,NOC,460.0435326736515,464.3169625625657,457.13114412372977,461.7947998046875,1115500.0
2022-09-19,NOC,459.88176517128903,468.8092950891835,457.844981071777,464.5263671875,842900.0
2022-09-20,NOC,464.51682116466793,472.1499396768221,457.8259374575712,470.1702880859375,875700.0
2022-09-21,NOC,481.1060469844307,490.62366466784636,468.84735076091704,469.0948181152344,1246600.0
2022-09-22,NOC,468.9996543297362,476.48051722285146,458.9966575071965,472.51165771484375,1206800.0
2022-09-23,NOC,468.15257073565647,468.15257073565647,451.2111942850939,455.7225646972656,877700.0
2022-09-26,NOC,454.3520559854108,458.76821566539815,449.5741931260934,451.48724365234375,657200.0
2022-09-27,NOC,454.3138691406374,456.07463387284105,448.5081176931765,451.26824951171875,1023800.0
2022-09-28,NOC,452.5911962567336,462.4133830214727,441.8838781675306,460.3575744628906,948300.0
2022-09-29,NOC,457.47380930069914,458.84434855350435,442.10286274446884,447.7848815917969,910900.0
2022-09-30,NOC,443.9968619751839,451.135075190219,443.9968619751839,447.6325988769531,1134500.0
2022-10-03,NOC,453.45730123110224,466.2965559829446,451.13500059218086,462.2801208496094,910600.0
2022-10-04,NOC,464.8594977868466,473.1398077817857,463.517510201928,466.6297607421875,985700.0
2022-10-05,NOC,463.50794383027124,465.8873480593794,457.49280296817494,461.0809631347656,620800.0
2022-10-06,NOC,460.38619472123423,462.8417272554271,457.78787468821724,461.8233642578125,604900.0
2022-10-07,NOC,461.7567358672275,472.5687354464226,459.71995177267803,472.15948486328125,1097600.0
2022-10-10,NOC,474.75775586955984,484.44668254964216,473.97730434130017,479.52606201171875,1375700.0
2022-10-11,NOC,479.81169173198225,489.73856055956196,478.9836635945312,482.8382873535156,836500.0
2022-10-12,NOC,483.6281912544152,483.6281912544152,468.4571078382393,468.62841796875,972500.0
2022-10-13,NOC,464.54540861991507,478.7837568663288,462.9179040916602,477.2514343261719,922000.0
2022-10-14,NOC,471.78836532834816,473.0066193465759,440.77042077012436,441.79833984375,1642700.0
2022-10-17,NOC,444.6725681189819,455.60832961586044,443.76841194672306,452.1724548339844,1122600.0
2022-10-18,NOC,456.8456698096722,485.29384431526876,455.8748832176942,482.3528747558594,1853200.0
2022-10-19,NOC,480.4874169038415,491.86095282743054,477.3275608011408,486.2646179199219,1342700.0
2022-10-20,NOC,487.0736036570744,491.5754181564073,484.59901729197384,487.7207946777344,877900.0
2022-10-21,NOC,487.83492393634765,500.00793390169036,484.92253576061734,497.44769287109375,1054300.0
2022-10-24,NOC,502.16858319473533,508.84996997808537,498.9897311432079,500.58868408203125,866600.0
2022-10-25,NOC,495.2683005110101,502.5302479458353,492.4891722234374,501.3405456542969,763800.0
2022-10-26,NOC,504.0149337572114,509.3924107077155,499.5606958817247,505.3759460449219,940900.0
2022-10-27,NOC,487.85402866100566,511.8669577732242,483.4949438076746,509.67791748046875,1689500.0
2022-10-28,NOC,514.0274885384534,529.436513184894,505.3854758127684,521.6701049804688,1316600.0
2022-10-31,NOC,518.5199166084449,526.9525138341812,517.7299378972615,522.52685546875,1089000.0
2022-11-01,NOC,523.1072874592725,523.5736414213964,508.488240947042,510.03009033203125,1303100.0
2022-11-02,NOC,508.28840626719773,513.6468301499274,504.2719991288884,504.71929931640625,1111900.0
2022-11-03,NOC,502.5682971018977,505.71862644371845,500.1222622215517,500.1603698730469,1200000.0
2022-11-04,NOC,500.6266312779449,501.730649239389,485.4079716863054,497.5524597167969,1242000.0
2022-11-07,NOC,497.8190448101978,511.64817295176573,495.44916699929547,508.9737243652344,804500.0
2022-11-08,NOC,507.61264751946345,515.9881394698142,506.65135883807153,514.8364868164062,652600.0
2022-11-09,NOC,514.5794496159704,516.9874345746612,507.10814358786405,507.4222412109375,601600.0
2022-11-10,NOC,514.6937137241972,514.6937137241972,498.4566035531979,505.947021484375,1220000.0
2022-11-11,NOC,492.9839290593838,493.802488186127,466.55354887607615,468.9329528808594,2267400.0
2022-11-14,NOC,472.0738097928905,475.94748693690036,455.37990120901725,458.5016784667969,2194500.0
2022-11-15,NOC,461.60446568853826,485.39851031165875,456.7695286011246,476.566162109375,1902800.0
2022-11-16,NOC,474.9290932872566,483.1903779590979,472.1118867584023,480.7633972167969,1066900.0
2022-11-17,NOC,480.58261295802413,494.7162526675872,480.4684061875537,493.82159423828125,950800.0
2022-11-18,NOC,493.8120846985043,499.4750205553332,490.94727257840896,495.3158264160156,863500.0
2022-11-21,NOC,496.5436067198122,506.7559909516519,495.3824272635537,502.40643310546875,861500.0
2022-11-22,NOC,504.34804542143814,508.02188994039517,498.18064784560164,499.3418273925781,635300.0
2022-11-23,NOC,499.14198719653837,500.4078467231563,493.36478579312984,497.143310546875,553600.0
2022-11-25,NOC,503.12103232204487,505.90939535227164,498.54696526138207,504.03778076171875,254400.0
2022-11-28,NOC,501.0679741130865,506.6161416149782,498.8907764805841,501.2207946777344,490600.0
2022-11-29,NOC,501.21121369251375,505.8235153105852,499.61650610962306,504.5343322753906,385500.0
2022-11-30,NOC,504.15238393520946,510.7795620665722,500.81970687130445,509.25164794921875,786500.0
2022-12-01,NOC,510.5217654834595,511.2856934774772,498.088629015629,506.396484375,568100.0
2022-12-02,NOC,504.75388156336174,525.0841980722317,503.61751936284446,521.0066528320312,843500.0
2022-12-05,NOC,515.2008392498018,518.7053955348266,509.7863758500075,517.0247192382812,671100.0
2022-12-06,NOC,519.2878827445024,519.2878827445024,504.5438475158362,507.8383483886719,576600.0
2022-12-07,NOC,508.19167015243374,516.5568173857247,506.0144727854458,515.8597412109375,583000.0
2022-12-08,NOC,520.4337510251095,522.1048685742727,514.952494789287,516.184326171875,378700.0
2022-12-09,NOC,514.704285569387,521.1309085546633,504.9927200999532,505.0977478027344,589600.0
2022-12-12,NOC,506.5873878599592,511.7344442996932,502.2138178431865,511.0564270019531,540500.0
2022-12-13,NOC,512.8040565817798,512.8517911538507,499.7502539295886,501.8988342285156,853700.0
2022-12-14,NOC,504.9163346937637,513.4342450039804,501.28763321233237,507.8097839355469,575900.0
2022-12-15,NOC,508.71677721067744,509.3279427190167,499.05294846037225,504.66790771484375,483200.0
2022-12-16,NOC,503.4075016764566,508.38267900058224,498.0981241112778,505.9858093261719,1429000.0
2022-12-19,NOC,505.7089987658885,513.7494477815443,502.7296386013231,508.5164794921875,783700.0
2022-12-20,NOC,509.5762701979712,516.4326198302915,504.3623624218593,505.69927978515625,642000.0
2022-12-21,NOC,507.06488266543266,516.1939580709509,505.8999028133887,514.5037231445312,518600.0
2022-12-22,NOC,514.7041984197963,517.6644404403545,502.65305839965947,507.4181213378906,434600.0
2022-12-23,NOC,507.74291147732896,512.07824759361,505.99538337582123,510.66497802734375,475700.0
2022-12-27,NOC,513.7492604200113,519.5169820640651,512.7943361441377,516.7954711914062,454500.0
2022-12-28,NOC,518.9537279786639,520.7871666878368,515.8883993703562,516.0507202148438,718100.0
2022-12-29,NOC,515.8692373338386,519.6889349778365,513.9498882262566,517.5690307617188,487100.0
2022-12-30,NOC,518.4571666824439,522.2195716518692,515.191341118151,521.016357421875,564700.0
2023-01-03,NOC,520.357374444306,523.1075613088133,513.6538449605329,515.9743041992188,615200.0
2023-01-04,NOC,511.7153423866864,515.9933851215679,498.82386276445163,502.719970703125,939800.0
2023-01-05,NOC,502.7963954728999,509.65274598670726,499.36819107401493,504.6966857910156,766600.0
2023-01-06,NOC,505.9285480894857,516.470893609676,482.2846080937729,497.9167175292969,1084600.0
2023-01-09,NOC,494.67957984020154,494.67957984020154,466.11775464814383,473.07916259765625,1853000.0
2023-01-10,NOC,474.56875931466146,479.6680518888468,468.82012517117437,473.44195556640625,902200.0
2023-01-11,NOC,473.83355933691143,476.8510951806179,467.4259948139061,470.7109375,944000.0
2023-01-12,NOC,469.5458580705933,471.73264305747625,463.988220334703,465.9840087890625,1097800.0
2023-01-13,NOC,453.0161073314181,453.0161073314181,434.2900547532441,440.6307373046875,2608900.0
2023-01-17,NOC,442.45472621771904,444.2595475593501,433.277915514373,435.03497314453125,1934700.0
2023-01-18,NOC,433.2779279431382,433.61212822311535,425.4284469514485,425.9536437988281,1927400.0
2023-01-19,NOC,427.94937476777534,432.59032262203465,422.2771213581144,422.37261962890625,1376600.0
2023-01-20,NOC,425.88676399252404,431.91233519338886,420.2527153296182,430.4417724609375,2130900.0
2023-01-23,NOC,431.5972061739275,433.99407587631293,428.1212671769704,430.5467834472656,1054900.0
2023-01-24,NOC,431.8263842287567,442.12046879746663,427.8061603902019,438.6063537597656,1119100.0
2023-01-25,NOC,437.1548976403307,444.99481967266246,437.0403113623598,442.406982421875,1141700.0
2023-01-26,NOC,437.355366244312,451.87022848388443,419.2022444465983,423.4803161621094,3119200.0
2023-01-27,NOC,413.65415511482774,423.97688580991843,411.515133729878,417.92266845703125,2143600.0
2023-01-30,NOC,424.9509142854223,428.4268239289105,416.8149397902841,419.47918701171875,1531200.0
2023-01-31,NOC,421.52276513143477,427.8730069194913,415.99374438532476,427.8443603515625,1320500.0
2023-02-01,NOC,425.3710830520939,428.7801409914745,422.19116849990735,422.6399841308594,901300.0
2023-02-02,NOC,419.6319692649944,424.6357636595962,416.3470270868954,420.9879455566406,1236700.0
2023-02-03,NOC,430.6709268966067,433.9749573334423,420.1858459457933,420.7779235839844,1388300.0
2023-02-06,NOC,423.09841017346173,433.28743838850323,423.0029118939446,428.722900390625,1321300.0
2023-02-07,NOC,427.8061429459172,433.6598343413539,423.4994244582376,431.7690734863281,1098500.0
2023-02-08,NOC,430.6708926167482,436.2954111670105,430.05019760212656,435.5028076171875,961400.0
2023-02-09,NOC,435.26413041704495,441.0987342176647,432.00783440191384,433.3924865722656,951700.0
2023-02-10,NOC,436.5150816399385,443.4000791072443,435.85618140529664,442.9512634277344,967900.0
2023-02-13,NOC,446.72320760477265,449.75986038196504,438.3007669054819,443.3523254394531,922200.0
2023-02-14,NOC,446.79002390110827,449.6930021781676,444.870616570483,446.43670654296875,1252900.0
2023-02-15,NOC,444.9184373490343,446.99060720144735,438.2434952551835,440.16290283203125,828100.0
2023-02-16,NOC,437.55597022749055,447.41079858503855,435.7989125511965,444.3741455078125,968200.0
2023-02-17,NOC,444.45998649383574,449.45425127587635,441.9198842560967,449.4160461425781,830100.0
2023-02-21,NOC,453.37900020157525,457.5520151184004,447.44892790619105,452.58642578125,1272800.0
2023-02-22,NOC,452.595992614133,459.796131261345,452.5864631860025,457.1510009765625,1289100.0
2023-02-23,NOC,456.0241900393652,460.59828662153626,451.40235888828386,454.7923583984375,995300.0
2023-02-24,NOC,452.9905539594218,458.11803150054834,449.06108382284685,451.32293701171875,629300.0
2023-02-27,NOC,451.05455772870175,454.38022725610904,447.93014524380004,450.5178527832031,681400.0
2023-02-28,NOC,450.9203281645593,452.11833539511673,444.03898165181073,444.8056945800781,764400.0
2023-03-01,NOC,442.75471491497257,446.30082796468855,440.14785004959475,443.3105773925781,588800.0
2023-03-02,NOC,441.1829493497094,449.3773368657808,441.1829493497094,448.7926940917969,549000.0
2023-03-03,NOC,450.6232524455241,451.12164220297313,445.198671861909,447.9397277832031,726800.0
2023-03-06,NOC,447.21129345441045,454.6676891373458,446.578742139625,450.66156005859375,761200.0
2023-03-07,NOC,451.27494509689865,456.1724139889918,451.1024390708867,452.5592346191406,923200.0
2023-03-08,NOC,452.3675238656972,455.8465414937868,441.7484007933222,445.8982849121094,1089000.0
2023-03-09,NOC,450.0961390864299,450.0961390864299,439.1415673604622,439.9466247558594,834900.0
2023-03-10,NOC,439.45781548976953,443.92399008025825,438.1735552124018,440.65582275390625,772200.0
2023-03-13,NOC,435.7775574560427,443.6173102747109,434.8479026133637,438.70068359375,1237200.0
2023-03-14,NOC,438.85403675401295,440.84753731868346,430.54467433989043,434.7904052734375,1782800.0
2023-03-15,NOC,430.2954889858419,437.3972800643217,421.5739896307847,430.2283935546875,1513200.0
2023-03-16,NOC,430.42964131864767,437.00432072080577,429.3658248542509,431.4263916015625,1074800.0
2023-03-17,NOC,431.10046438439065,431.4359122281067,422.9540159569299,425.1487731933594,1599300.0
2023-03-20,NOC,426.7493660292592,433.49655146172216,426.50020039487515,430.57342529296875,662300.0
2023-03-21,NOC,434.9150128355024,435.7488212720779,428.4745241466304,431.26348876953125,680100.0
2023-03-22,NOC,431.4934142300899,433.5827316307363,424.6599769282811,425.1487731933594,726100.0
2023-03-23,NOC,425.54184142966955,427.506561956553,422.37908419957233,425.9539489746094,1123900.0
2023-03-24,NOC,426.56726950374707,437.2247672905263,424.57379817386567,436.31427001953125,1006400.0
2023-03-27,NOC,439.9945410520704,440.6750010205296,436.2471706442092,439.1894836425781,626800.0
2023-03-28,NOC,439.24693134364986,442.30424798703666,438.5568780425169,439.9082336425781,476800.0
2023-03-29,NOC,440.2724877567649,443.3393689536316,438.4706800638901,442.37139892578125,584200.0
2023-03-30,NOC,441.30754896044994,443.66524840728164,439.42908168625604,441.8059387207031,541500.0
2023-03-31,NOC,443.7227374123054,444.04859188156763,440.33956603504697,442.51513671875,640600.0
2023-04-03,NOC,444.0294441734453,451.9362928912309,443.4064861847197,449.6744689941406,577600.0
2023-04-04,NOC,449.23356107578564,452.3100355036832,445.6586969131219,448.6297607421875,495200.0
2023-04-05,NOC,447.78641681362404,453.90105128617205,447.78641681362404,451.32293701171875,707000.0
2023-04-06,NOC,454.936063800357,456.45036136225525,448.81186587102593,450.82452392578125,575800.0
2023-04-10,NOC,451.38998544172705,458.28092565499776,451.38998544172705,456.7187194824219,594800.0
2023-04-11,NOC,456.3161858177015,456.3161858177015,448.0834831265879,448.7926940917969,657000.0
2023-04-12,NOC,447.98764598128236,454.98402633728256,446.64588362135345,453.10552978515625,574900.0
2023-04-13,NOC,452.3675838909976,456.26830291573384,450.13451101770465,454.437744140625,540000.0
2023-04-14,NOC,450.9778807738582,453.41223992900143,449.27191945605546,452.91387939453125,501800.0
2023-04-17,NOC,453.3163862966962,457.8113121986322,451.77336687423593,455.0415344238281,598400.0
2023-04-18,NOC,455.9519911080029,463.29338345114553,455.9519911080029,459.52685546875,756100.0
2023-04-19,NOC,460.47569591786663,462.70879807002916,456.39290662484086,457.2267150878906,482600.0
2023-04-20,NOC,458.50132172745214,458.50132172745214,452.4346259771825,454.45684814453125,511700.0
2023-04-21,NOC,455.93283556821046,455.93283556821046,449.3294051727935,452.35797119140625,1519500.0
2023-04-24,NOC,451.56252758793664,452.9713854315963,447.09635258183357,451.33251953125,593600.0
2023-04-25,NOC,450.55618002608145,450.55618002608145,445.1028774068264,446.10919189453125,691400.0
2023-04-26,NOC,443.44478628302755,445.0165566013382,430.39130383895434,430.41046142578125,1413000.0
2023-04-27,NOC,433.65946536570465,440.5599695521436,424.5737678847693,438.6431579589844,1371000.0
2023-04-28,NOC,441.2212724188019,442.371371075361,436.5825918676012,442.0838317871094,708600.0
2023-05-01,NOC,442.7356402428823,446.6459236491415,440.47378699210446,443.4736022949219,630200.0
2023-05-02,NOC,441.66214796585064,441.6717413836303,429.92167648997105,430.1421203613281,770300.0
2023-05-03,NOC,428.9153592275375,433.467786912582,425.120080336456,425.2542419433594,520200.0
2023-05-04,NOC,424.8421604293485,426.7589722033933,417.0982537314274,423.8358459472656,645700.0
2023-05-05,NOC,425.01464586378677,429.797110896958,423.548286097664,428.2253112792969,474700.0
2023-05-08,NOC,429.6820861238331,432.19313404425264,423.490792460917,423.84539794921875,418200.0
2023-05-09,NOC,424.5738085062842,426.57687330299393,422.53239928453996,423.9125061035156,462200.0
2023-05-10,NOC,424.66960396862163,426.4905690881173,420.45262441604666,424.6025085449219,559600.0
2023-05-11,NOC,420.644286789174,421.9956424352577,415.16220461242335,417.7211608886719,698900.0
2023-05-12,NOC,418.9096117062398,423.43328851235276,416.6861031027786,420.5101623535156,749400.0
2023-05-15,NOC,420.50055015615453,421.77521701732377,417.8649341722698,421.0947570800781,491000.0
2023-05-16,NOC,421.6889809292768,422.02442882669806,417.33783942541646,417.5103454589844,448800.0
2023-05-17,NOC,420.74014501000346,429.74915365487817,419.3791959086342,428.7332458496094,758300.0
2023-05-18,NOC,427.51603643573856,428.3306871281288,419.54209401422753,425.1487731933594,518500.0
2023-05-19,NOC,426.8356310099764,427.73653488195725,422.4557383430957,424.87091064453125,463800.0
2023-05-22,NOC,423.70165136779747,426.6631220229354,420.2034757604924,424.6408996582031,508700.0
2023-05-23,NOC,422.8198878458579,427.3243774311132,421.9477350824303,424.6025085449219,578300.0
2023-05-24,NOC,424.60250545739893,427.7844196209643,423.0211417927102,423.0786437988281,664600.0
2023-05-25,NOC,420.09800944027006,421.65065143432867,411.25194245677113,415.478515625,910600.0
2023-05-26,NOC,416.42182456533084,424.97897902443543,416.42182456533084,421.9084167480469,865000.0
2023-05-30,NOC,418.60681032263165,424.603527112057,416.14263512613053,421.7543640136719,875900.0
2023-05-31,NOC,421.4174982071125,424.83456721586316,418.34693596406527,419.1843566894531,1500800.0
2023-06-01,NOC,420.41643773603636,422.78435151333605,417.2977592853683,422.09130859375,792500.0
2023-06-02,NOC,425.3736676544904,430.38858688502114,422.3127107213715,427.2121276855469,1025000.0
2023-06-05,NOC,430.25382278874605,430.25382278874605,425.49878356765225,428.86773681640625,843900.0
2023-06-06,NOC,430.744663969869,432.5446425584237,427.54896466428664,431.32220458984375,696000.0
2023-06-07,NOC,431.12011297732624,437.4826072021214,427.6163877877721,436.37567138671875,814100.0
2023-06-08,NOC,436.75102397853334,440.6975173504394,435.4611998825815,438.416259765625,630300.0
2023-06-09,NOC,439.35959118972966,442.49751015435714,437.1842008070925,437.2515869140625,640800.0
2023-06-12,NOC,436.9628576319903,436.9628576319903,431.4570242411545,436.52972412109375,781800.0
2023-06-13,NOC,433.32434370890917,436.8376744554284,428.4923132318419,434.2580261230469,609800.0
2023-06-14,NOC,434.0077679510002,436.4622789722557,429.4548582748775,431.12969970703125,510200.0
2023-06-15,NOC,432.8526775711795,437.75209390625923,430.03238988835267,435.9136047363281,544600.0
2023-06-16,NOC,436.1350771000918,441.7275372612813,435.6537980543788,441.1885070800781,1179000.0
2023-06-20,NOC,441.76599026206424,443.4408317229862,437.08794327216293,437.3285827636719,510200.0
2023-06-21,NOC,437.22273669735057,445.30821812929514,437.1649855665819,445.1542053222656,495300.0
2023-06-22,NOC,443.6911698136569,443.72965098786074,438.74360705884726,440.90936279296875,454400.0
2023-06-23,NOC,440.9863264593714,442.8825374774601,435.6826225967808,437.0494384765625,555000.0
2023-06-26,NOC,432.75643179469444,433.0836979776774,426.2206549898487,431.2452087402344,744200.0
2023-06-27,NOC,431.45695176408174,434.5371488516545,428.6655396768707,431.64947509765625,535200.0
2023-06-28,NOC,431.9863919340588,433.6997439153307,424.17042605601074,426.0859069824219,618800.0
2023-06-29,NOC,426.1822066696579,434.53720339666387,425.8356705007124,434.325439453125,531200.0
2023-06-30,NOC,436.1831444544187,442.3050285059398,433.0644659870984,438.7339172363281,767000.0
2023-07-03,NOC,436.144618923425,441.6600865556823,435.28795762230544,441.00555419921875,239600.0
2023-07-05,NOC,440.68792170272286,442.4205437492618,436.1542816912503,441.86224365234375,369300.0
2023-07-06,NOC,441.2847154183289,443.43120090276244,437.0398312233016,438.9071960449219,673800.0
2023-07-07,NOC,437.9542450106511,438.77242516693957,433.8922491684898,435.5093688964844,577500.0
2023-07-10,NOC,435.6440734863281,438.4932366260548,434.46011670236754,435.6440734863281,494600.0
2023-07-11,NOC,436.9147330952047,444.7018242855145,436.20244952988,443.4986267089844,688100.0
2023-07-12,NOC,444.1627620141247,444.22051314362824,436.21202360316624,436.37567138671875,691000.0
2023-07-13,NOC,435.35539192361665,440.8130796580697,433.88267927107245,439.91790771484375,552600.0
2023-07-14,NOC,438.8783006277184,439.15742127790537,432.9104297023033,433.7671203613281,604300.0
2023-07-17,NOC,434.9511029529454,439.889030467594,432.52546723300424,437.23236083984375,861500.0
2023-07-18,NOC,439.59061040178807,443.39272620879257,424.00679420791965,426.10516357421875,1263100.0
2023-07-19,NOC,425.85489550219376,429.1371922181104,422.22603327897986,425.7201232910156,933600.0
2023-07-20,NOC,430.77358113179184,438.1179033814454,426.596082931288,437.34783935546875,978200.0
2023-07-21,NOC,437.1071921834925,439.9467499873672,434.9799472630117,436.44305419921875,593300.0
2023-07-24,NOC,436.9146805698359,438.28149640249023,434.49865072663476,435.2783203125,551400.0
2023-07-25,NOC,428.7810833696701,440.16816109015366,427.4238730491212,440.0718994140625,846300.0
2023-07-26,NOC,440.0526342471308,442.6034069588916,437.02055318180066,440.0429992675781,896200.0
2023-07-27,NOC,426.1436969496038,430.2538092083748,415.4496618425607,428.63671875,1719600.0
2023-07-28,NOC,429.1660697090865,435.46120687165296,428.8195629501068,432.8430480957031,1127000.0
2023-07-31,NOC,433.6324178631386,433.6324178631386,425.9319531730052,428.3383483886719,1031000.0
2023-08-01,NOC,429.1949394982277,432.82377206562137,428.3382489004581,431.37030029296875,576700.0
2023-08-02,NOC,431.1201075889104,431.6495027277223,427.73188470071153,430.7158203125,830300.0
2023-08-03,NOC,430.4462820026071,431.2163165947288,425.07519231652014,426.0377502441406,758500.0
2023-08-04,NOC,427.394977071228,428.1168955450235,421.28275749304356,422.12017822265625,583900.0
2023-08-07,NOC,421.47526434091037,422.90946635269813,416.8934788872275,420.3105773925781,1289300.0
2023-08-08,NOC,419.6752501028003,422.00465317742544,416.12340905354085,416.6913146972656,664800.0
2023-08-09,NOC,416.7875849682128,421.1864817717883,416.2677954594364,419.2420959472656,1547800.0
2023-08-10,NOC,418.0870736510785,418.46245599653776,413.5534336908988,414.1598205566406,800500.0
2023-08-11,NOC,414.15981994891615,416.46034766813085,413.58230864905715,414.9106140136719,733800.0
2023-08-14,NOC,415.0839271409388,416.68177706228516,412.9470470503359,413.3705749511719,516700.0
2023-08-15,NOC,411.77269687350724,412.37911311619035,405.9395977175998,407.32568359375,583700.0
2023-08-16,NOC,406.66148059102335,412.5041848401045,406.66148059102335,411.2913818359375,518200.0
2023-08-17,NOC,412.13845522227626,416.06567877947896,412.071069114999,413.10101318359375,576200.0
2023-08-18,NOC,412.0999720363855,421.15764657867555,412.09033705615263,414.0635986328125,716300.0
2023-08-21,NOC,413.10103063261323,418.4432157935993,413.0047689574279,417.4517822265625,542400.0
2023-08-22,NOC,418.2314422865155,421.812159146912,417.7597982763223,421.34051513671875,597900.0
2023-08-23,NOC,422.5147946170351,423.5351036233202,417.14370517835226,418.2506408691406,558700.0
2023-08-24,NOC,417.95231315524353,421.30202566800125,415.94057040151245,415.9983215332031,518300.0
2023-08-25,NOC,418.0768280689739,418.8405617625741,414.24854175479055,415.2732849121094,436500.0
2023-08-28,NOC,415.06056497213046,416.9843700636987,414.2678302952436,416.81036376953125,505300.0
2023-08-29,NOC,415.61158656145045,416.84901374139207,411.8316260775637,415.756591796875,541100.0
2023-08-30,NOC,416.8780088089369,421.49902909459513,416.66532463250115,420.33892822265625,478700.0
2023-08-31,NOC,421.49907187355126,422.89118126013017,418.65685100116895,418.68585205078125,503600.0
2023-09-01,NOC,420.7546697245478,422.5721179086521,420.40662764497574,421.1316833496094,423900.0
2023-09-05,NOC,420.54199013705204,421.4023742412791,416.66534948638395,416.74267578125,470400.0
2023-09-06,NOC,417.23574413744547,417.66111253713075,409.3568108976373,409.5501708984375,602500.0
2023-09-07,NOC,411.4836297157991,417.09071539201153,411.4836297157991,416.6556701660156,718500.0
2023-09-08,NOC,416.5009599341488,416.5009599341488,406.9495848314442,408.66070556640625,767900.0
2023-09-11,NOC,409.23113453231315,410.97125654906034,402.8506379665829,410.86492919921875,843300.0
2023-09-12,NOC,409.43415228326734,412.03468802610695,407.75203232417965,409.97552490234375,581600.0
2023-09-13,NOC,411.8316603105976,417.56442728077764,410.3912256813271,412.13134765625,472700.0
2023-09-14,NOC,410.8552093847156,418.057440956218,410.07215160880514,417.9414367675781,543900.0
2023-09-15,NOC,418.0767982484328,421.247707500161,417.11973411380126,419.0725402832031,1034200.0
2023-09-18,NOC,421.37337385447415,427.8795510796908,420.5613149954393,425.86871337890625,692600.0
2023-09-19,NOC,425.6173892816725,426.97082074038974,421.06401806694765,421.4700622558594,597100.0
2023-09-20,NOC,422.8814407038695,429.09757725595335,421.1509958333632,425.53997802734375,432700.0
2023-09-21,NOC,425.0760287022651,426.40045914936127,422.2338078073985,422.5721435546875,767900.0
2023-09-22,NOC,420.0682308964341,421.528019046393,410.2848180430757,410.7681884765625,850400.0
2023-09-25,NOC,409.24078744484825,414.70286793065185,406.1472045931509,411.41595458984375,676600.0
2023-09-26,NOC,409.87883116207246,412.70169816338176,407.59730722013717,412.392333984375,617500.0
2023-09-27,NOC,413.0980543050262,423.4711948504119,412.8370448812617,422.6977844238281,987000.0
2023-09-28,NOC,426.70981452212294,428.4886143816713,424.03192313089204,424.8826599121094,997400.0
2023-09-29,NOC,425.26938048811013,427.81191416101933,423.5775836566027,425.54974365234375,790100.0
2023-10-02,NOC,425.76234739271507,430.92474006541454,425.76234739271507,427.51214599609375,889300.0
2023-10-03,NOC,427.5025125927066,428.81729564252066,419.236889167727,419.8652648925781,844500.0
2023-10-04,NOC,416.46235447122115,417.3904175500388,406.1472152474422,408.24505615234375,900200.0
2023-10-05,NOC,408.1193619933684,410.1495238839177,405.89584011225537,406.098876953125,792100.0
2023-10-06,NOC,405.0644495299064,411.17425928601534,400.7721174419836,409.1634216308594,947700.0
2023-10-09,NOC,435.0334540896183,458.6992846130275,433.80570362901045,455.9247131347656,2864300.0
2023-10-10,NOC,458.0998185327203,459.18259309883496,447.2433373486346,449.6505126953125,1383600.0
2023-10-11,NOC,451.70967963988784,458.8539089590527,450.8009408455201,457.6261291503906,865800.0
2023-10-12,NOC,458.2352094505455,463.474958370973,455.4026655529185,461.43511962890625,1084200.0
2023-10-13,NOC,466.34619358393553,474.6601423756401,464.3740337321269,473.84808349609375,1464500.0
2023-10-16,NOC,475.81056638676273,478.5367830191305,466.52984711860034,472.80401611328125,959900.0
2023-10-17,NOC,471.5859040255927,480.363928439427,467.79629599438607,472.736328125,1175500.0
2023-10-18,NOC,476.6032954954175,479.4938415384241,472.04995381337795,474.43780517578125,740200.0
2023-10-19,NOC,472.33029748541514,477.0189971633353,471.4119112511916,473.64508056640625,672000.0
2023-10-20,NOC,475.76221864278864,478.3143993568633,469.449401549442,469.54608154296875,920400.0
2023-10-23,NOC,470.097096634637,471.6728890549439,464.4610100511322,464.6156921386719,802000.0
2023-10-24,NOC,468.1056730988657,470.938246782447,462.08289527068956,462.527587890625,771700.0
2023-10-25,NOC,466.365520125111,470.12612719937334,464.0743487208478,467.187255859375,1062100.0
2023-10-26,NOC,470.3194471475441,475.6365220896027,458.2448627654075,461.88946533203125,1545600.0
2023-10-27,NOC,459.1922465956288,462.6048407623928,453.30479810692424,457.33612060546875,805700.0
2023-10-30,NOC,457.91622071945847,459.2019732634549,451.8547357907208,453.0921630859375,1032600.0
2023-10-31,NOC,454.6872200125427,456.20501025775104,448.41308121250023,455.7506408691406,1089700.0
2023-11-01,NOC,458.96023509340233,458.96023509340233,451.6033511207631,452.68609619140625,841000.0
2023-11-02,NOC,449.84386476121244,460.26533006825053,448.2680724365271,459.9462890625,1353400.0
2023-11-03,NOC,459.9753441482142,461.1354451193631,454.4939393408891,454.928955078125,785700.0
2023-11-06,NOC,456.90110708743873,458.5929037648196,454.0782400100609,455.3349914550781,636800.0
2023-11-07,NOC,457.55847048030256,457.55847048030256,449.31217152548163,452.1447448730469,1009700.0
2023-11-08,NOC,452.1157563152458,453.9622055807277,444.2367939140762,445.1648864746094,952700.0
2023-11-09,NOC,445.9092902559978,447.0693912674576,441.9553230707871,445.7546081542969,971300.0
2023-11-10,NOC,446.1992345609415,448.79976984870524,443.09600464417355,447.8620300292969,758500.0
2023-11-13,NOC,448.5967849262298,450.70427303710807,446.6633030991655,448.9351501464844,1020300.0
2023-11-14,NOC,447.60107543365285,453.09215714020786,445.2519019239864,451.3036804199219,1064800.0
2023-11-15,NOC,450.5012896415466,452.2800894766441,447.3593815056345,449.5248718261719,649600.0
2023-11-16,NOC,450.64627349176163,451.5453354658105,447.45604026009516,448.4517822265625,429900.0
2023-11-17,NOC,448.89650718101194,450.76231020869835,447.8040851432969,448.732177734375,519800.0
2023-11-20,NOC,449.0704895877279,452.3574323767245,447.47537294165136,450.3272705078125,594200.0
2023-11-21,NOC,450.32728931046114,456.32106567061356,447.1273790344985,455.4026794433594,449000.0
2023-11-22,NOC,453.1211596831109,457.21048467839637,452.2027734471648,455.7700500488281,589900.0
2023-11-24,NOC,457.6335529491837,459.68148527814714,456.50766408953325,457.6529541015625,191200.0
2023-11-27,NOC,456.9638338062745,456.9638338062745,451.868232311142,454.6150207519531,482200.0
2023-11-28,NOC,456.6921183132537,459.64272283511747,455.02270084141946,456.2553405761719,550500.0
2023-11-29,NOC,456.44943973063664,457.5462120726275,450.78119301936164,453.6638488769531,554500.0
2023-11-30,NOC,455.42063168787894,462.26328521013465,454.61505432960286,461.1859436035156,701300.0
2023-12-01,NOC,462.3797813983572,466.44652974033204,461.1373966961729,465.7283020019531,696100.0
2023-12-04,NOC,464.41797393688114,466.42710396502923,460.9917896602201,466.203857421875,1079100.0
2023-12-05,NOC,466.30092564147793,466.30092564147793,461.30238900224015,462.59326171875,637000.0
2023-12-06,NOC,461.23439127626415,466.9900165514575,461.23439127626415,466.1650085449219,446300.0
2023-12-07,NOC,468.0383046138124,469.4359577588694,462.3312258748429,463.4377136230469,530500.0
2023-12-08,NOC,464.64122641446204,465.7282833652918,461.38002594189226,462.2438659667969,411300.0
2023-12-11,NOC,462.94268791214296,466.78621912716943,462.88445483464864,464.6800537109375,429300.0
2023-12-12,NOC,465.44683557630253,467.5239142366239,463.4280196181209,465.1556701660156,379400.0
2023-12-13,NOC,466.3009239532058,472.0953521272484,464.89358508632637,470.7462463378906,778300.0
2023-12-14,NOC,465.4856439291933,465.88358971648586,448.11207432003226,450.0241394042969,1205400.0
2023-12-15,NOC,447.0541576452,448.87887320776497,441.61884288566756,447.49090576171875,1746600.0
2023-12-18,NOC,448.675006585936,453.0329794985881,446.96678688862573,451.7323913574219,757900.0
2023-12-19,NOC,451.3635545760844,453.58618618482944,448.9855952646253,450.5094299316406,600000.0
2023-12-20,NOC,449.1020378126464,450.20852548571247,443.6958698443147,443.71527099609375,598400.0
2023-12-21,NOC,445.1129296285423,448.3061815309475,444.81204886175874,445.7146911621094,484000.0
2023-12-22,NOC,447.879119217612,451.74205149563153,447.879119217612,449.50970458984375,362300.0
2023-12-26,NOC,448.9564680244666,452.0623703629452,448.80116994553464,450.83941650390625,420000.0
2023-12-27,NOC,449.28647051978874,452.1497251967455,448.9953051309811,450.5676574707031,378400.0
2023-12-28,NOC,449.7717952514162,453.66387404946596,449.5776948529108,451.9847412109375,387700.0
2023-12-29,NOC,452.4991431900918,455.13915143616725,451.3441377311787,454.3724060058594,403400.0
2024-01-02,NOC,455.3914888734542,462.3506081549036,453.5279415494207,456.2650146484375,742500.0
2024-01-03,NOC,460.4871222295012,469.6009548489042,456.9929892683556,460.9141845703125,773500.0
2024-01-04,NOC,467.1550272736467,469.5523875891948,457.77911715931987,457.8567810058594,791600.0
2024-01-05,NOC,458.8177431711548,458.8177431711548,453.46009192931524,456.07098388671875,511500.0
2024-01-08,NOC,452.32442582433805,461.41885681045545,451.52853426570334,461.2829895019531,658900.0
2024-01-09,NOC,461.321793281891,463.767701043555,456.17767391345234,458.34210205078125,617500.0
2024-01-10,NOC,458.11886070987526,463.0494489745104,457.25502067437253,458.0703430175781,499300.0
2024-01-11,NOC,458.7108889176195,459.13795122539796,451.6449893072117,453.59588623046875,544600.0
2024-01-12,NOC,454.98385297594564,467.30065298529263,454.98385297594564,466.93182373046875,701200.0
2024-01-16,NOC,467.33943896698224,467.9897477923565,462.03030646099654,463.8453063964844,734600.0
2024-01-17,NOC,463.3018088720945,468.69829134995814,459.6523779860271,459.9435729980469,612100.0
2024-01-18,NOC,461.1665195675859,462.21474458201664,454.74118369329216,460.6715087890625,875800.0
2024-01-19,NOC,461.38978980486803,461.38978980486803,455.5565290375297,456.64361572265625,1369200.0
2024-01-22,NOC,455.6147054594363,456.92497922572306,452.5767517889996,452.89703369140625,871200.0
2024-01-23,NOC,452.81942399863067,457.04149975227915,451.1500066972831,454.1588439941406,1083800.0
2024-01-24,NOC,452.8971279912631,459.0797873802335,449.1991789749389,450.27655029296875,1194800.0
2024-01-25,NOC,433.4658390591892,435.79525095766417,413.4716634921268,421.77020263671875,2293200.0
2024-01-26,NOC,422.9252432047704,426.3514276856661,418.8293486745706,425.0799560546875,1147600.0
2024-01-29,NOC,427.05997865837395,429.54468889187063,422.3526070605095,425.419677734375,857100.0
2024-01-30,NOC,429.97173583709133,431.9711505686686,424.4684728218711,430.45703125,2324800.0
2024-01-31,NOC,432.2817651668036,436.47472482186976,431.4664723927767,433.6211853027344,3213800.0
2024-02-01,NOC,433.63082845732174,434.60141922912953,429.6805465273248,433.0970153808594,2179400.0
2024-02-02,NOC,432.66998083115965,434.57233057233265,428.5158532461026,433.4464416503906,1616400.0
2024-02-05,NOC,430.8743876749846,432.70881859377363,427.2929050793238,429.2729187011719,1656000.0
2024-02-06,NOC,429.0011268835157,436.6882189320013,427.97230302122955,434.98968505859375,587900.0
2024-02-07,NOC,434.989681269307,440.5802639994248,434.989681269307,440.5511474609375,748100.0
2024-02-08,NOC,439.541735198025,440.7938056228718,436.5814451078914,437.9499816894531,527800.0
2024-02-09,NOC,438.81381121486913,442.1623614667022,437.2705753310058,441.54119873046875,906700.0
2024-02-12,NOC,441.61884202734274,442.2400343964054,438.0373593784375,438.1926574707031,723400.0
2024-02-13,NOC,440.4152727457945,442.18172541777335,430.1172893795248,433.0484924316406,1020200.0
2024-02-14,NOC,434.33935650482425,436.76583335680647,429.97169817125615,433.2425842285156,1002200.0
2024-02-15,NOC,434.0967443847656,438.3770534567535,433.3202835765481,436.765869140625,974700.0
2024-02-16,NOC,437.1249868013894,439.55146387324476,434.834406663197,437.6976318359375,1016300.0
2024-02-20,NOC,439.8912030042805,446.9959354061559,439.53208911529293,440.5609130859375,1367700.0
2024-02-21,NOC,441.308221037941,447.52971166550265,440.41529408270577,446.4717712402344,1284300.0
2024-02-22,NOC,445.1905576503449,445.9282160980232,438.23143856713654,443.6084899902344,1801300.0
2024-02-23,NOC,444.23221928251047,449.82628834377186,443.95933859029685,449.37799072265625,574600.0
2024-02-26,NOC,450.51825725396475,453.90980012294995,447.2144525964052,447.6627502441406,618600.0
2024-02-27,NOC,445.947502274279,447.59454189510717,442.45852522780325,446.7076721191406,421100.0
2024-02-28,NOC,447.92587977625925,450.33308916050623,445.5868980051863,447.2826843261719,535600.0
2024-02-29,NOC,446.7272080869011,449.767887639017,443.8327093321428,449.3000793457031,927200.0
2024-03-01,NOC,449.2805964217619,449.2805964217619,442.28313136389016,443.3356628417969,1272600.0
2024-03-04,NOC,444.4076755346165,449.50473041499936,443.8716694016216,448.3839416503906,692700.0
2024-03-05,NOC,451.45385363960514,452.7695103676595,446.3178076803354,446.6101989746094,1450500.0
2024-03-06,NOC,446.51275922148534,452.0483563529437,446.2398785105477,449.3487854003906,546100.0
2024-03-07,NOC,447.5360477192693,447.9063921946346,442.71190346543654,444.7974853515625,796300.0
2024-03-08,NOC,443.4428483488218,448.1987948527355,441.62039182398377,447.8186950683594,475600.0
2024-03-11,NOC,447.79923695269883,450.48905276999113,446.6979587421624,447.5750732421875,552500.0
2024-03-12,NOC,444.9436532116467,449.1830742146955,442.97501600822585,447.1754455566406,1213600.0
2024-03-13,NOC,446.90259138230715,450.4500704204202,446.38606610936955,446.58099365234375,698500.0
2024-03-14,NOC,446.35685490012224,449.66068956506086,445.6064403270868,449.1441345214844,669900.0
2024-03-15,NOC,446.2398618115046,452.5843752805904,446.2398618115046,450.011474609375,1000000.0
2024-03-18,NOC,449.28057585484726,451.73650235204985,447.3801363596217,450.63525390625,540800.0
2024-03-19,NOC,453.17889092094237,455.61533657105497,450.8691452033185,455.5958557128906,726800.0
2024-03-20,NOC,456.7165833158232,459.4259095025238,454.75767163065,458.7826843261719,617300.0
2024-03-21,NOC,459.9424452570454,461.52125720697376,455.42038806250656,455.6055603027344,798000.0
2024-03-22,NOC,457.0479960666239,459.30902490777373,455.71282852647903,456.8335876464844,615400.0
2024-03-25,NOC,459.3381944438507,460.0009004675174,456.0148792845968,457.3890380859375,446900.0
2024-03-26,NOC,457.5644696578019,461.0339657065368,456.68735521703485,457.96405029296875,503900.0
2024-03-27,NOC,460.80983202041415,465.74122544726265,459.9619536810642,465.22467041015625,823100.0
2024-03-28,NOC,466.82302176556294,468.5285338492576,465.84844343202315,466.4916687011719,632500.0
2024-04-01,NOC,466.22850133710705,466.6475628448242,458.9484006504859,459.3674621582031,794700.0
2024-04-02,NOC,460.08864711438105,461.94033985970543,453.1886461211589,454.5043029785156,801700.0
2024-04-03,NOC,453.5004664130705,455.71277798957533,445.1970707518619,445.3919982910156,1271600.0
2024-04-04,NOC,446.3568383370059,452.8377777487857,444.0178564862136,447.7992248535156,2219400.0
2024-04-05,NOC,445.87935217880573,447.350945268687,440.9967051087433,442.94586181640625,1533800.0
2024-04-08,NOC,444.524625142446,446.3178455474277,443.2479300185635,444.7585144042969,1509600.0
2024-04-09,NOC,441.31825077314073,443.5305624098663,438.9792689484606,443.10174560546875,855400.0
2024-04-10,NOC,441.0941565048928,447.09756256490897,438.33608318561505,446.2691650390625,983100.0
2024-04-11,NOC,444.9826336862712,448.23772113640706,443.21864961511614,446.19110107421875,692800.0
2024-04-12,NOC,450.2843782665944,456.3072645879554,444.23225578801384,444.5148620605469,1046000.0
2024-04-15,NOC,450.2161775235337,452.7988040379597,434.87632479027565,439.81744384765625,2007800.0
2024-04-16,NOC,441.56191635367514,444.5538788271393,438.6089453393127,438.9013366699219,953200.0
2024-04-17,NOC,441.40598299046167,442.31233360217436,437.0398618330804,440.5580749511719,818200.0
2024-04-18,NOC,438.4432528972791,445.08988347334264,438.4432528972791,440.99664306640625,846300.0
2024-04-19,NOC,444.00808139122074,451.71699857123264,441.5521550186461,450.82037353515625,1213900.0
2024-04-22,NOC,453.11065030589515,460.43949764591576,450.3233708381764,459.0068664550781,1006300.0
2024-04-23,NOC,461.5407814006042,464.6496885783188,458.4513848237562,462.6128234863281,1365400.0
2024-04-24,NOC,463.01241577711386,464.99080859967785,458.8119855491983,462.5056457519531,1124100.0
2024-04-25,NOC,456.8530265267103,478.12808595960854,453.1788773037783,475.65264892578125,1365400.0
2024-04-26,NOC,475.1653513228419,475.93527643908516,465.56574997296565,468.2361145019531,1371900.0
2024-04-29,NOC,469.2594255236339,473.9179083505841,468.5284918390177,473.85943603515625,714400.0
2024-04-30,NOC,474.083621290079,475.6526780616675,471.2378395955628,472.69970703125,909000.0
2024-05-01,NOC,472.787392430766,477.80646443328163,471.12087196312376,474.005615234375,1157300.0
2024-05-02,NOC,472.58275693301306,476.06200852776044,462.2717020837492,462.9246826171875,1373000.0
2024-05-03,NOC,463.55811711811265,465.38057360222257,453.4030288805079,457.1648864746094,1443400.0
2024-05-06,NOC,458.38315196532716,459.2797770836221,455.4301809194469,456.9407653808594,862300.0
2024-05-07,NOC,458.72421399450866,462.7784628636525,457.0381830064083,461.7064208984375,734300.0
2024-05-08,NOC,462.5445537456497,463.6653424897068,459.37717453730914,459.6208190917969,866600.0
2024-05-09,NOC,459.55268518016766,462.4569096391364,459.55268518016766,461.3946228027344,868900.0
2024-05-10,NOC,462.2034854927423,464.1916036877233,460.4102651006472,462.729736328125,579000.0
2024-05-13,NOC,463.11959423260896,468.5090107414179,463.11959423260896,464.53271484375,507000.0
2024-05-14,NOC,465.60475131009866,467.02762720409453,461.8039021457166,462.018310546875,505700.0
2024-05-15,NOC,459.85474685888784,461.19966958399334,454.475055958466,457.7106628417969,682300.0
2024-05-16,NOC,458.36365396687137,460.4102742593749,455.7420360704998,458.7242431640625,842400.0
2024-05-17,NOC,459.87425306455344,459.87425306455344,456.3072929532031,458.2662048339844,966700.0
2024-05-20,NOC,459.9034504436066,460.0886226824827,456.1903098501711,457.0187072753906,689400.0
2024-05-21,NOC,458.75347769672914,461.91110172772096,456.65814039540106,459.9034729003906,579600.0
2024-05-22,NOC,458.99709598298057,463.25599795773485,458.3928622577431,462.6225280761719,556400.0
2024-05-23,NOC,460.07886319054745,462.97336163183326,454.3873300762489,455.3326721191406,947100.0
2024-05-24,NOC,455.62636554333335,457.6526540478638,455.0487916155651,456.5856628417969,420800.0
2024-05-28,NOC,455.3131405671018,455.3131405671018,445.45566714635584,445.8863830566406,848400.0
2024-05-29,NOC,444.02644725835574,444.18307392651883,436.772837126113,436.9686279296875,1340700.0
2024-05-30,NOC,439.0145406294841,440.6590759370822,435.4415524200388,437.09588623046875,1257000.0
2024-05-31,NOC,436.88053613215953,442.3917160983369,435.92123878890004,441.2561950683594,2867200.0
2024-06-03,NOC,439.71935696212694,443.8306953360178,439.3669394595163,439.8465881347656,1085600.0
2024-06-04,NOC,439.8074209995967,440.7471511471843,437.90836369972243,438.9264221191406,530700.0
2024-06-05,NOC,438.2118062446631,438.72082050335155,431.9860232420242,433.033447265625,993800.0
2024-06-06,NOC,433.06283541232096,436.94904700578303,432.1818365107783,435.3926086425781,673500.0
2024-06-07,NOC,434.48227069463945,436.44005942831046,430.53732759123176,430.752685546875,716600.0
2024-06-10,NOC,430.71348750650503,432.5440150486504,425.8875458274885,426.57275390625,1013900.0
2024-06-11,NOC,425.0848774298437,426.797942566291,419.9163163845308,420.7483825683594,1385000.0
2024-06-12,NOC,421.1497158374047,423.18580288732255,415.4427451984064,418.13470458984375,1326200.0
2024-06-13,NOC,417.5767393348504,417.80189579015877,411.38035123394667,414.48345947265625,1393800.0
2024-06-14,NOC,413.18149361654395,415.15884935820867,409.76516205157634,415.1392822265625,1085600.0
2024-06-17,NOC,414.1114598667414,421.94261439590497,413.27939372332105,420.7091979980469,1033400.0
2024-06-18,NOC,421.2084192022966,423.7535502511943,415.9811274424087,416.842529296875,963100.0
2024-06-20,NOC,416.5782474360508,427.5810095845057,416.5782474360508,425.30999755859375,863800.0
2024-06-21,NOC,422.627839984847,424.3800692478441,418.00745742647274,422.970458984375,1888800.0
2024-06-24,NOC,424.74222323202855,428.4620394298807,419.7890205521076,421.5804138183594,1077500.0
2024-06-25,NOC,421.81535151603924,422.451626844063,419.3876828681284,419.4366455078125,724000.0
2024-06-26,NOC,421.2475357627248,424.0863528942156,418.09549518526353,422.383056640625,779500.0
2024-06-27,NOC,423.41098213781544,428.3641852949209,422.87257230644315,425.73095703125,981600.0
2024-06-28,NOC,427.1014110804166,428.85364041199284,424.7912346475557,426.7490234375,1103100.0
2024-07-01,NOC,428.36416197775,431.2029495414646,424.0863985634184,425.81903076171875,719100.0
2024-07-02,NOC,425.54494357318515,428.246701478679,424.5073179751154,428.1390075683594,504000.0
2024-07-03,NOC,427.75723464975465,429.25494170819036,425.6721850466714,427.8648986816406,304000.0
2024-07-05,NOC,427.8649248456259,427.8649248456259,423.3620048926178,425.55474853515625,436700.0
2024-07-08,NOC,425.96585719717933,426.9251843848369,420.3470133622174,421.1692810058594,727900.0
2024-07-09,NOC,420.92452133756484,421.30630442874667,414.7379025985028,414.786865234375,910300.0
2024-07-10,NOC,413.7688336720007,417.58651546375296,413.7688336720007,417.243896484375,717700.0
2024-07-11,NOC,416.0888503767542,424.05706511484277,415.6972985922959,422.9019470214844,761200.0
2024-07-12,NOC,425.81903698484285,428.4522651436624,422.5201678458902,423.1172790527344,692100.0
2024-07-15,NOC,424.84990150374847,427.2384058552038,421.97195002901924,422.80401611328125,624400.0
2024-07-16,NOC,422.10900254007987,426.84684736503556,422.0992339110531,425.97564697265625,641300.0
2024-07-17,NOC,425.5351591298955,432.50488219757784,424.7814212266916,430.87994384765625,1140100.0
2024-07-18,NOC,428.20754208751447,436.4498156936185,428.20754208751447,430.33172607421875,891200.0
2024-07-19,NOC,433.2096795487911,433.2096795487911,425.6232483904792,428.6969909667969,720000.0
2024-07-22,NOC,428.36419050092695,429.6073756202113,425.9267231589165,428.8536376953125,790700.0
2024-07-23,NOC,430.1653119545971,434.27667994843745,427.77680748175396,432.9649353027344,681200.0
2024-07-24,NOC,435.0597993443056,436.53793934527766,427.7963902558589,432.78875732421875,1301000.0
2024-07-25,NOC,451.20175011416,462.85058650528276,449.2439614812492,460.6383056640625,2050800.0
2024-07-26,NOC,467.48077245291097,474.2253687058001,462.1457864209032,470.1629333496094,1164600.0
2024-07-29,NOC,470.8971141335536,472.3556870259737,465.20974036182355,467.21649169921875,877300.0
2024-07-30,NOC,466.5214137086908,478.7380248390009,464.99434105158724,476.45721435546875,745000.0
2024-07-31,NOC,476.27122998638475,479.05128614877356,472.6591077136918,474.09808349609375,1454400.0
2024-08-01,NOC,475.54685733892114,484.2100782028761,473.20731540586445,482.9472961425781,997800.0
2024-08-02,NOC,485.51205482935495,494.34167155495066,475.44902160135405,484.1122131347656,1045600.0
2024-08-05,NOC,486.98037060949554,496.13300885721543,476.0265404742242,482.23272705078125,967500.0
2024-08-06,NOC,482.8200478719532,485.04212718553384,475.70346716939446,476.2614440917969,741500.0
2024-08-07,NOC,473.1583638790464,484.6016413462427,470.5349341618385,479.41351318359375,739800.0
2024-08-08,NOC,477.3773897301974,484.86592504547536,474.6266693021712,480.9503479003906,544400.0
2024-08-09,NOC,482.0760886060648,485.39452482794735,476.72153546250144,483.9066162109375,519100.0
2024-08-12,NOC,485.0323522665634,492.0804035409644,481.6160205421515,491.0721435546875,922800.0
2024-08-13,NOC,490.9056862495214,491.9041775409272,485.972080553744,491.77691650390625,781000.0
2024-08-14,NOC,490.88611813950735,496.81821511486305,490.2596114580326,494.34161376953125,720100.0
2024-08-15,NOC,493.97945636489635,494.57656757397984,490.73931848418715,493.069091796875,611800.0
2024-08-16,NOC,493.77386960763397,497.01400730913457,491.52239482246495,495.9665832519531,580300.0
2024-08-19,NOC,496.0546815139166,497.73838088784737,492.89284220240313,494.21435546875,344300.0
2024-08-20,NOC,493.8521801380451,497.33704149700975,489.9561700239292,497.3174743652344,452900.0
2024-08-21,NOC,498.1690741256664,498.6683197504491,494.2143330087679,496.1623229980469,527300.0
2024-08-22,NOC,495.5260697539089,501.0666150154038,495.5260697539089,498.8739013671875,500800.0
2024-08-23,NOC,499.2361006882363,499.62765243956954,494.5765541889646,498.59002685546875,554900.0
2024-08-26,NOC,499.5884771935307,501.52672852221804,498.07120298829614,501.1938781738281,515000.0
2024-08-27,NOC,501.2428506451574,503.0635798356683,497.2783403926027,501.6246337890625,434000.0
2024-08-28,NOC,504.6787664745852,506.55822688916055,499.3731758500913,502.7209777832031,638700.0
2024-08-29,NOC,503.1517326886849,510.5130378579479,501.3897346792477,508.3887939453125,509500.0
2024-08-30,NOC,505.5989554929014,512.568678812097,505.27590361309535,512.1673583984375,712700.0
2024-09-03,NOC,513.6414971768003,517.5823294226789,511.538368358934,513.6807861328125,810700.0
2024-09-04,NOC,514.9780153392779,519.6461429079777,511.2336880466567,514.6536865234375,580100.0
2024-09-05,NOC,515.6954143901403,516.7371415129148,507.4303980649278,510.4376525878906,384300.0
2024-09-06,NOC,510.4376687088276,513.8773417677911,505.85795613119325,506.1233215332031,535700.0
2024-09-09,NOC,508.08881295410913,516.0491746183573,508.08881295410913,515.174560546875,642000.0
2024-09-10,NOC,516.4619544119018,517.9262626016953,510.3688079991788,511.007568359375,561500.0
2024-09-11,NOC,508.5507270559897,509.51387631599283,499.3717472552023,507.03729248046875,650200.0
2024-09-12,NOC,503.7548684102264,510.1034834856482,503.7548684102264,509.6022644042969,447500.0
2024-09-13,NOC,508.42297712716584,512.5407592527407,507.1945225548957,510.8209228515625,292800.0
2024-09-16,NOC,515.1253585924486,518.4078155135866,510.5849954144683,512.2852172851562,338500.0
2024-09-17,NOC,506.12327894338097,512.9141493614798,504.3739308572651,511.774169921875,423000.0
2024-09-18,NOC,511.7742012237687,517.6412717718649,508.02987389354536,512.6390380859375,532600.0
2024-09-19,NOC,513.7200488572688,514.1524672838794,508.52125048679085,513.2581787109375,468400.0
2024-09-20,NOC,512.1083913761407,517.7396084964832,509.29764145025524,516.0787353515625,1330400.0
2024-09-23,NOC,516.1867657925515,525.3952563206143,514.5258928380346,523.9506225585938,524000.0
2024-09-24,NOC,521.8770495974927,524.5698126062719,517.44477560113,520.7271728515625,528100.0
2024-09-25,NOC,523.007118177954,523.8129915167244,516.0393579413889,519.0072631835938,437300.0
2024-09-26,NOC,515.2925016168119,521.4543891555376,514.191811084278,515.2728271484375,426100.0
2024-09-27,NOC,514.4669746999814,519.8132117830205,512.9731546378691,517.7100830078125,528800.0
2024-09-30,NOC,517.6412506358837,519.8230171709957,512.9043825392793,518.968017578125,957200.0
2024-10-01,NOC,519.0761512972646,545.9940648586249,516.7175542825122,534.5055541992188,1200800.0
2024-10-02,NOC,535.1049751096467,537.7977379380961,529.0118284270146,529.5818481445312,690900.0
2024-10-03,NOC,530.5449808496601,534.230344873298,525.7786007056771,528.3141479492188,443700.0
2024-10-04,NOC,526.5844606038869,529.2772235838165,524.8547868693852,527.4885864257812,393900.0
2024-10-07,NOC,527.0168636158583,530.0044436260329,522.299609921796,524.7662963867188,436200.0
2024-10-08,NOC,526.7711878937445,527.3706593632808,522.4765152625798,523.4691162109375,422500.0
2024-10-09,NOC,522.3880023349328,525.3166787790137,519.6559505991713,523.0562744140625,428500.0
2024-10-10,NOC,523.0366891815634,523.0366891815634,516.8157781794314,518.0049438476562,372800.0
2024-10-11,NOC,519.8918125379098,521.8475026208636,517.4545778596316,519.587158203125,325100.0
2024-10-14,NOC,521.5035889162629,525.7785870796368,518.732188044334,524.8646240234375,334000.0
2024-10-15,NOC,526.0439936961268,526.8793189253678,516.8158273010522,517.8477172851562,710700.0
2024-10-16,NOC,516.029615673141,522.5059953083864,515.9509777764863,522.2701416015625,541200.0
2024-10-17,NOC,516.1180244589723,520.3046076529064,513.1206070026126,518.8697509765625,909200.0
2024-10-18,NOC,519.10562616903,521.7787145927105,516.5405673713042,521.64111328125,1245900.0
2024-10-21,NOC,524.5305071654591,527.6360743840663,516.7667090852257,520.5208740234375,579700.0
2024-10-22,NOC,520.668180333805,520.668180333805,508.8946907626122,511.2336730957031,677400.0
2024-10-23,NOC,513.1107181127607,513.8871397903188,506.55570132156555,507.4991760253906,919500.0
2024-10-24,NOC,507.01759339013984,521.8475239957049,506.85054035664336,514.6536865234375,1310300.0
2024-10-25,NOC,516.7666960401523,518.6535857054212,509.6318213889012,510.3983459472656,516100.0
2024-10-28,NOC,510.31972141718154,510.31972141718154,502.6345021496065,503.32244873046875,680700.0
2024-10-29,NOC,503.6663642456639,503.82358003509415,495.32271056014423,495.36199951171875,582000.0
2024-10-30,NOC,495.36204816275057,500.5903584259943,493.1999859427319,496.62982177734375,799200.0
2024-10-31,NOC,496.89517090112287,502.88022859937314,495.37189906790076,500.24639892578125,908100.0
2024-11-01,NOC,505.0422863200499,505.0422863200499,497.60272796721756,498.2120666503906,497900.0
2024-11-04,NOC,499.03757680148124,502.1824025783605,493.48496801517564,498.693603515625,455400.0
2024-11-05,NOC,500.1677435583911,504.3444891471168,496.7673896649733,504.05950927734375,695400.0
2024-11-06,NOC,520.2259714243825,520.2259714243825,506.55575394002165,514.123046875,965700.0
2024-11-07,NOC,516.8550718198917,516.8550718198917,508.5310920162493,511.6071472167969,671600.0
2024-11-08,NOC,514.3490044574079,522.1128612517823,513.2286395053449,519.8721313476562,495800.0
2024-11-11,NOC,523.744229350817,530.456521933962,523.3314854095051,524.5009765625,538400.0
2024-11-12,NOC,526.908799931674,526.908799931674,520.7763038462098,522.2308349609375,649900.0
2024-11-13,NOC,519.6362979019325,520.7665001317581,509.89713618631686,511.4498596191406,773400.0
2024-11-14,NOC,512.0199057757418,512.0199057757418,483.6475215537677,491.71600341796875,1187600.0
2024-11-15,NOC,488.9839069767047,495.5487613323739,482.4092153866773,485.4754333496094,1428600.0
2024-11-18,NOC,486.32059233387196,489.73078335789427,479.23487490049223,480.2569274902344,875900.0
2024-11-19,NOC,485.60318350584856,489.3573479517062,481.21022866795806,482.5566101074219,795200.0
2024-11-20,NOC,481.86870022649197,484.45337353278063,479.038335997424,483.5000915527344,533500.0
2024-11-21,NOC,485.3869827772351,488.3352738611117,480.7385296962598,487.8537292480469,609800.0
2024-11-22,NOC,489.39666941601973,491.3818412577367,485.78991350489827,488.3057861328125,507500.0
2024-11-25,NOC,484.9938872711692,485.47543188817923,470.1738238310879,476.9057312011719,1805800.0
2024-11-26,NOC,478.17349768821043,483.2642063946518,474.25228016994714,480.0112609863281,849300.0
2024-11-27,NOC,479.85401873772236,483.93251206673136,479.58868333693886,480.6500549316406,583400.0
2024-11-29,NOC,481.4558959854447,482.1634869981882,478.21278800545053,481.210205078125,336700.0
2024-12-02,NOC,480.6279701047979,482.77943921076104,475.6045725530089,478.40740966796875,479600.0
2024-12-03,NOC,479.3252102265792,479.93709314201095,476.8085872374253,478.8613586425781,683800.0
2024-12-04,NOC,476.42366154618753,481.45693749369116,474.7656504467178,480.2528991699219,804600.0
2024-12-05,NOC,479.4436624199816,480.2233343006689,471.88391422991396,473.2951965332031,932500.0
2024-12-06,NOC,473.33461522579745,473.7688605348245,464.3931615669456,467.4526062011719,915700.0
2024-12-09,NOC,465.28143054177684,475.7032581870427,464.44254615197366,472.9004211425781,930200.0
2024-12-10,NOC,471.45950323033236,474.39064414250197,467.0973525858345,473.8971862792969,789600.0
2024-12-11,NOC,474.01557811576583,474.56824847434734,467.79802152258605,469.3968200683594,1058100.0
2024-12-12,NOC,470.7587784856497,479.85814224308035,467.57103000259093,475.20977783203125,1317400.0
2024-12-13,NOC,473.7096646620271,477.686933790904,471.42004309187564,473.71954345703125,699600.0
2024-12-16,NOC,472.57474007388174,478.30871824421166,471.2423977709283,476.2855529785156,859200.0
2024-12-17,NOC,474.6571358229689,480.5194177110202,472.1306339453625,474.0057678222656,747300.0
2024-12-18,NOC,474.5880428289247,477.17375723223074,461.00807269569725,461.541015625,839200.0
2024-12-19,NOC,460.17909041372417,464.8077278486874,456.7544914395926,461.0179748535156,730200.0
2024-12-20,NOC,461.3732280090933,468.1928193623621,458.2743282580513,463.39642333984375,1283900.0
2024-12-23,NOC,463.2286263775906,464.10699582459523,458.0473188509449,461.0870361328125,581900.0
2024-12-24,NOC,460.58372408738563,465.61700054871403,459.80405219431424,464.9261474609375,235100.0
2024-12-26,NOC,464.92611014942617,467.81776590120785,463.52470673175714,466.05120849609375,294600.0
2024-12-27,NOC,463.4753641880231,468.4395491467964,462.89308751663646,465.1827392578125,376000.0
2024-12-30,NOC,461.6989326160726,462.9226985061632,459.09346058368556,460.4159240722656,440200.0
2024-12-31,NOC,460.41591288851237,464.36357578597523,459.2217532951476,463.1496887207031,439900.0
2025-01-02,NOC,465.81434945259537,469.86071000128504,460.1790690227999,461.8864440917969,598300.0
2025-01-03,NOC,461.4423058523849,463.4654710057259,460.35669255033093,461.69891357421875,624500.0
2025-01-06,NOC,459.18224493433075,460.1198268722167,448.0202310675729,449.184814453125,873300.0
2025-01-07,NOC,448.24723083749694,452.55016870452334,444.911451051958,446.4707946777344,1100000.0
2025-01-08,NOC,450.05331206094803,458.54079358342034,448.02026801371704,456.1623229980469,746600.0
2025-01-10,NOC,455.3234331799221,458.30393800240114,449.4710300465836,452.6883850097656,626400.0
2025-01-13,NOC,452.6883707488351,471.1437066269387,452.6883707488351,466.1992492675781,964500.0
2025-01-14,NOC,467.3144896645275,469.7521727886815,465.4097193639126,469.2784423828125,554000.0
2025-01-15,NOC,470.2949339995286,471.44963861242695,464.03789211984946,466.1202697753906,646400.0
2025-01-16,NOC,465.16297718647246,475.0321344741163,464.61030678782663,474.89398193359375,706600.0
2025-01-17,NOC,474.13407398909527,477.1046698918693,471.11408410997956,476.06842041015625,1091500.0
2025-01-21,NOC,483.58869589489734,501.02750967033285,483.1347231032973,497.8496398925781,1309900.0
2025-01-22,NOC,497.405526620924,498.6490500753252,490.66490545467076,495.8363342285156,1326500.0
2025-01-23,NOC,499.37936134316675,500.997917603503,486.7764582641021,493.2308654785156,780200.0
2025-01-24,NOC,491.4149426323894,493.4578654236299,490.1615704967934,490.516845703125,556400.0
2025-01-27,NOC,495.8165937900728,500.74129350327246,490.4971037016063,496.6455993652344,738100.0
2025-01-28,NOC,494.55331594065024,496.3297822858784,479.1278487251626,480.2726745605469,1036700.0
2025-01-29,NOC,480.27268666127077,486.31260612701567,473.96628067197486,475.2394104003906,873500.0
2025-01-30,NOC,465.8242138994542,478.6541180958375,463.583926086204,477.0454406738281,1468400.0
2025-01-31,NOC,477.66717532429504,481.7135355190857,472.23913924106444,480.8943786621094,794400.0
2025-02-03,NOC,482.0195015222923,486.87510990883214,475.3578205352534,481.3681335449219,763400.0
2025-02-04,NOC,480.2332150235416,481.4076471878536,475.120998613171,476.07830810546875,525900.0
2025-02-05,NOC,478.64423714026094,479.64103163809824,464.76820476611886,466.1597595214844,1080000.0
2025-02-06,NOC,464.68928187300327,466.56441575401743,456.19192169612666,460.4455261230469,789800.0
2025-02-07,NOC,462.23182143370536,467.9460717529914,459.7744109857924,462.4489440917969,820000.0
2025-02-10,NOC,463.6628747078287,470.8377411914927,462.39962378359246,468.1632080078125,804800.0
2025-02-11,NOC,469.39687611118904,469.60411999083175,462.291100601784,467.6401672363281,539000.0
2025-02-12,NOC,466.0610451195782,471.2226249024873,463.12005570652093,464.6990966796875,807100.0
2025-02-13,NOC,466.0808279228583,468.5283596346396,447.6847044311624,449.1058654785156,1245400.0
2025-02-14,NOC,447.8031442805377,448.05975201425406,428.4694682868914,433.1573181152344,2036200.0
2025-02-18,NOC,439.52292778107983,443.07583044406795,433.70013097916274,435.5851135253906,1074500.0
2025-02-19,NOC,437.6675100354316,445.17792411317413,424.3737542498956,427.77862548828125,1784300.0
2025-02-20,NOC,423.4657769116166,433.25599394482634,420.6629399271691,432.37762451171875,1218800.0
2025-02-21,NOC,432.10129387942885,444.20089017290155,432.10129387942885,442.0987548828125,1677700.0
2025-02-24,NOC,444.33910097124215,450.53693084397804,443.3324276033433,444.0528869628906,1507500.0
2025-02-25,NOC,445.9378757019953,456.5077346679149,444.94108118337823,454.97802734375,1241300.0
2025-02-26,NOC,452.27384228230716,452.90548278049647,446.806351046455,448.9183349609375,738900.0
2025-02-27,NOC,450.00396671775144,457.9288988267681,449.9151479162241,453.9516296386719,1130800.0
2025-02-28,NOC,454.7214188836755,458.84671937299646,449.96447787553996,455.6984558105469,901000.0
2025-03-03,NOC,462.32061562539224,469.7060996680999,459.148350527342,469.3095703125,1255700.0
2025-03-04,NOC,467.3467092890537,476.7148703655908,459.128534774599,459.8125305175781,1335800.0
2025-03-05,NOC,462.6973056679888,475.4855960744756,462.548610948826,470.09271240234375,1188400.0
2025-03-06,NOC,471.53016010895294,472.9378741161609,461.17069074620167,471.0840759277344,941500.0
2025-03-07,NOC,469.0220698066118,486.8463470618237,468.13979426666697,482.3059997558594,1027200.0
2025-03-10,NOC,482.2266915233567,505.7907962476392,479.52032658800584,491.1586608886719,1567100.0
2025-03-11,NOC,489.72119800412526,491.1586508687972,480.6107951594566,489.8302307128906,1554900.0
2025-03-12,NOC,484.80418533617086,487.73853880604526,470.3901151696513,470.98492431640625,1136400.0
2025-03-13,NOC,470.4991588893114,488.33335937695045,467.80274716700865,486.34075927734375,1330500.0
2025-03-14,NOC,483.06934141452683,493.0520970194881,478.8858917752847,480.7297668457031,1402900.0
2025-03-17,NOC,480.28367910281617,488.7199490203709,479.99618247185555,486.25152587890625,748300.0
2025-03-18,NOC,486.74720010985607,489.9194953890614,484.0012033751517,485.5675048828125,620000.0
2025-03-19,NOC,486.3308042302428,493.34949740875135,481.7904874337574,487.2626647949219,846800.0
2025-03-20,NOC,486.2515121399426,488.57124049407355,482.8016434256395,484.9925231933594,685600.0
2025-03-21,NOC,485.9640426884463,490.5043900076759,479.7979159439306,486.4696350097656,2084700.0
2025-03-24,NOC,486.74722219328487,491.20824561460824,484.85376195517745,490.7918701171875,626700.0
2025-03-25,NOC,493.6865700969416,505.0076690117994,491.7038931086004,502.2319030761719,991400.0
2025-03-26,NOC,504.40292430830925,506.4847411451661,500.397908420125,502.7474060058594,821100.0
2025-03-27,NOC,509.6074794359109,514.1973816444311,507.4761076590881,509.36956787109375,929000.0
2025-03-28,NOC,509.19111501691714,512.3732728362318,502.7374917850931,507.753662109375,730500.0
2025-03-31,NOC,507.56530276421864,514.3956394264923,504.0758021988845,507.5752258300781,981900.0
2025-04-01,NOC,510.08329158341996,512.8293185989831,504.96801153047784,508.65576171875,710600.0
2025-04-02,NOC,506.1873351961384,510.04365646923446,503.63961825250357,507.7437438964844,750800.0
2025-04-03,NOC,508.12044581145966,520.4526988482379,508.0609679232798,510.70782470703125,1055800.0
2025-04-04,NOC,509.0523293947479,512.3039487794748,480.6901488939446,481.3146667480469,1692400.0
2025-04-07,NOC,475.98128844997865,490.7125642407779,468.86345492973294,477.3988952636719,1967300.0
2025-04-08,NOC,495.6692481852565,498.6531867403717,483.3568107489047,487.70880126953125,1226000.0
2025-04-09,NOC,478.92552818261794,515.0003507168564,476.7346785686689,507.8627014160156,1608200.0
2025-04-10,NOC,507.03989436697634,517.0325729495404,498.93075284870173,511.6199035644531,1071800.0
2025-04-11,NOC,511.6198852483852,533.0922493671198,509.7363179982782,529.3648071289062,1178800.0
2025-04-14,NOC,525.2508310915428,534.0142297752865,521.1565981397897,531.1790161132812,714400.0
2025-04-15,NOC,529.979429156397,531.9026281512351,523.4266965862234,524.77490234375,926900.0
2025-04-16,NOC,532.4578105121305,539.288147341006,529.503641125909,532.8543701171875,1381400.0
2025-04-17,NOC,525.4887143909231,540.0415559049562,525.4887143909231,535.7094116210938,1102300.0
2025-04-21,NOC,535.3227931776361,535.3227931776361,521.890168524201,526.7279052734375,1342900.0
2025-04-22,NOC,480.5513441432427,489.9195051917397,446.2312096660958,460.06036376953125,4788400.0
2025-04-23,NOC,462.62793713725506,474.6726934979104,456.37256355814765,468.5561218261719,1929100.0
2025-04-24,NOC,465.4928895378802,467.16825397238597,458.4742264819369,459.0591125488281,1805100.0
2025-04-25,NOC,461.26981123210885,469.3888763067868,454.38002652103114,469.1014099121094,1329300.0
2025-04-28,NOC,471.43101334451694,482.78185131345367,471.43101334451694,479.1238098144531,1817300.0
2025-04-29,NOC,479.5996503353294,482.90079415283685,475.84246903598955,477.9242858886719,977200.0
2025-04-30,NOC,479.8970339985053,483.59473736494976,471.42110222216434,482.2861633300781,1312300.0
2025-05-01,NOC,480.9677346159127,483.9417502473686,477.9143949591305,482.4547424316406,1194000.0
2025-05-02,NOC,488.4523021548509,494.2119763632823,474.62311811374974,487.16357421875,1728600.0
2025-05-05,NOC,489.3048414598948,491.91206654444534,485.2403778295955,489.0570068359375,830400.0
2025-05-06,NOC,487.2230750955884,488.8191156187277,480.7793746045639,483.2577209472656,655000.0
2025-05-07,NOC,482.51419565826245,484.46713369988254,476.8338152013878,481.8301696777344,875400.0
2025-05-08,NOC,482.46461108331073,485.5972443552873,479.44104077738325,480.17462158203125,920800.0
2025-05-09,NOC,480.66037740882865,480.91813510352614,471.75817691458985,478.4397888183594,639600.0
2025-05-12,NOC,475.79293152135415,478.6083292685096,467.4656638077037,475.009765625,1292100.0
2025-05-13,NOC,474.5537389616241,475.82265099649356,466.5536302265121,466.5932922363281,883900.0
2025-05-14,NOC,457.3837643507621,460.97240489891743,449.0862659031016,452.3477478027344,1272400.0
2025-05-15,NOC,457.44323333172747,466.8113941243271,455.272199627452,464.9873046875,1116100.0
2025-05-16,NOC,465.5424320630061,469.4582310172452,462.3404282516686,469.0716247558594,1148300.0
2025-05-19,NOC,471.996059946501,471.996059946501,465.21530855054624,467.03936767578125,959000.0
2025-05-20,NOC,465.8200511234434,473.730912801784,465.8200511234434,472.471923828125,1001400.0
2025-05-21,NOC,476.94286086220353,476.94286086220353,468.24883293248956,469.7953186035156,902900.0
2025-05-22,NOC,467.445836160118,471.5301458912381,464.9179351163495,468.7841491699219,922300.0
2025-05-23,NOC,467.98116653456435,468.8733651216724,464.23390826611086,467.3764343261719,679200.0
2025-05-27,NOC,467.5350558342428,471.5400718220648,466.2264817610064,471.3517150878906,868700.0
2025-05-28,NOC,473.6020557282241,473.9490302615076,469.5970698824544,471.2030334472656,924300.0
2025-05-29,NOC,467.09885185074677,476.0902990116529,464.4420720186557,475.2377624511719,864000.0
2025-05-30,NOC,475.8424628908017,481.78057061125344,470.9452484566239,480.5711364746094,1304500.0
2025-06-02,NOC,479.2463880622729,481.9557405186104,477.04504869090556,481.4875793457031,765300.0
2025-06-03,NOC,481.10905930512655,486.7170227690048,479.86395304398496,486.3086242675781,578400.0
2025-06-04,NOC,488.0816495058481,493.95854492027775,486.1392715985739,489.3666076660156,766800.0
2025-06-05,NOC,491.02009174052193,491.02009174052193,482.6330430269372,486.208984375,634300.0
2025-06-06,NOC,486.6771605340034,489.50603825154,484.6551092247243,487.49395751953125,372400.0
2025-06-09,NOC,488.081648808848,490.1833735626299,481.8660881514095,489.4363098144531,617700.0
2025-06-10,NOC,489.6056449376186,489.6056449376186,484.73480523288043,486.8863220214844,535800.0
2025-06-11,NOC,481.6768286353827,486.79668970594037,470.1720286969226,486.54766845703125,895200.0
2025-06-12,NOC,486.90628232906823,495.37300492181186,486.039693233272,495.1837463378906,635100.0
2025-06-13,NOC,502.0268492335169,517.3964337706572,501.2299933781015,514.697021484375,1844000.0
2025-06-16,NOC,508.81018292048685,512.9837815556715,493.6397972333004,495.57220458984375,1168700.0
2025-06-17,NOC,500.0346596170094,503.8695928669992,496.11008236665333,501.9969482421875,764300.0
2025-06-18,NOC,502.44520986142027,504.61666786927384,491.64762169419396,492.71343994140625,792400.0
2025-06-20,NOC,494.6757370359624,497.90304276858916,486.0894890399772,495.75152587890625,916000.0
2025-06-23,NOC,498.849327247218,506.329935337043,494.49644065367994,497.71380615234375,978800.0
2025-06-24,NOC,492.8628387424656,493.18159323341933,479.39578067973713,482.1051330566406,930600.0
2025-06-25,NOC,486.08946077486644,486.5476513452762,481.94574369098075,485.0137023925781,724600.0
2025-06-26,NOC,487.274824267266,495.0940976078852,485.7707261877577,491.7273254394531,876400.0
2025-06-27,NOC,489.02793198103757,492.74330949322564,487.3445459368077,492.06597900390625,874400.0
2025-06-30,NOC,493.3708527408898,499.11825217561267,492.02613192810605,498.0225830078125,644100.0
2025-07-01,NOC,497.9927143319084,502.83367290325396,494.43668354050146,501.5586853027344,651300.0
2025-07-02,NOC,491.06991235295175,497.0663331994215,487.60352555773176,496.9468078613281,817400.0
2025-07-03,NOC,498.301496847365,503.2121886512917,496.657932262326,502.22607421875,381800.0
2025-07-07,NOC,504.2182206839619,507.6049034802486,501.2299657934558,505.9314880371094,653400.0
2025-07-08,NOC,499.03857141345924,504.9453480071003,498.87919417002615,502.8735046386719,669600.0
2025-07-09,NOC,503.82975010744815,506.41957718033115,500.3334820391511,505.951416015625,608900.0
2025-07-10,NOC,504.56683545098497,512.9140324634793,503.0030051318697,511.8581848144531,624000.0
2025-07-11,NOC,511.6888871078545,513.1830146383644,506.03110108976597,512.5853271484375,748900.0
2025-07-14,NOC,514.9759295824039,521.7094737082044,511.3203147647844,519.06982421875,790200.0
2025-07-15,NOC,517.3665470518376,521.4106495146708,514.1292709661938,514.796630859375,539500.0
2025-07-16,NOC,514.8166166620897,518.7411941350578,512.0474710803392,517.6654052734375,483500.0
2025-07-17,NOC,516.9681281445781,523.4626219644941,516.6095521265497,521.7792358398438,620900.0
2025-07-18,NOC,521.3010584723296,526.2018404271778,513.6212820607626,517.0079345703125,873900.0
2025-07-21,NOC,516.2807789589017,521.9285635035327,512.3761430462358,513.2725830078125,832500.0
2025-07-22,NOC,533.9115528324792,564.899743883074,533.4234808895274,561.582763671875,2395100.0
2025-07-23,NOC,560.1483452537391,566.4436094101286,549.6396612291312,566.2742919921875,1250900.0
2025-07-24,NOC,566.0253144307007,574.6015918893227,564.361869464902,566.25439453125,974800.0
2025-07-25,NOC,565.7762822696585,567.9277991279599,561.0946705916372,567.5094604492188,635700.0
2025-07-28,NOC,567.0114277126986,567.7684620561662,561.4333759127339,566.3938598632812,679600.0
2025-07-29,NOC,569.1630088293809,571.055533903234,565.9655540056102,570.975830078125,682800.0
2025-07-30,NOC,570.696939760769,571.5635288431687,566.4835196845364,570.5674438476562,661500.0
2025-07-31,NOC,569.7606019490688,575.1195439429852,566.6627922883013,574.3525390625,850700.0
2025-08-01,NOC,574.8805254384012,585.5784688705538,570.7069267552963,584.1441040039062,1006400.0
2025-08-04,NOC,583.3969985965944,589.8416390607939,581.84310850165,587.4411010742188,970300.0
2025-08-05,NOC,587.9092824784584,592.3518436385947,583.7158033742536,587.640380859375,905700.0
2025-08-06,NOC,587.6901523957664,591.1565087551121,584.4030840416071,586.98291015625,992400.0
2025-08-07,NOC,580.9267260786246,585.9270311905334,577.7292714997267,585.0803833007812,626600.0
2025-08-08,NOC,585.4091586557608,588.7559897871269,576.8826731756394,578.8349609375,749400.0
2025-08-11,NOC,577.5400135201402,581.4945023931448,573.1970977210132,577.9683227539062,744700.0
2025-08-12,NOC,576.9423820325237,579.3528905729465,575.3585802219723,578.526123046875,643800.0
2025-08-13,NOC,580.2095547576534,584.5923531730886,573.9640822147097,579.8111572265625,745600.0
2025-08-14,NOC,581.6040706018158,582.9985530889937,578.6556371893961,581.4346923828125,543300.0
2025-08-15,NOC,581.1259327289584,584.4528834344158,578.6456907652533,581.673828125,667300.0
2025-08-18,NOC,585.1700454038208,589.9114198903152,581.2554385180065,582.5304565429688,922300.0
2025-08-19,NOC,581.7136254486303,587.1721516573019,579.940565010805,583.9348754882812,470700.0
2025-08-20,NOC,587.5307730831869,592.9892991490593,585.4688699431613,590.2201538085938,610400.0
2025-08-21,NOC,590.6784084808419,596.4856010880004,588.9950223890736,594.8719482421875,610200.0
2025-08-22,NOC,597.4418059702016,598.63712014086,589.0547872130247,590.12060546875,616600.0
2025-08-25,NOC,589.6822876335618,593.0690007661536,583.7555700496264,584.44287109375,478100.0
2025-08-26,NOC,586.0864857027768,593.5172411209355,585.8175232897488,590.6983642578125,1002100.0
2025-08-27,NOC,592.2223329711085,592.2223329711085,582.7495547596696,584.3134155273438,679300.0
2025-08-28,NOC,584.3134001279866,585.6382101847557,578.6257937569682,585.598388671875,479100.0
2025-08-29,NOC,585.5984047413854,589.2540197241499,584.7816077333953,587.72998046875,528600.0
2025-09-02,NOC,591.8800048828125,596.1599731445312,585.260009765625,589.3200073242188,635600.0
2025-09-03,NOC,586.530029296875,588.0,577.6900024414062,581.010009765625,463200.0
2025-09-04,NOC,581.7100219726562,581.9400024414062,576.0,579.760009765625,505500.0
2025-09-05,NOC,579.3400268554688,581.1699829101562,574.8200073242188,580.7999877929688,633600.0
2025-09-08,NOC,574.989990234375,582.1300048828125,571.3699951171875,581.9000244140625,814100.0
2025-09-09,NOC,580.4600219726562,580.489990234375,571.4400024414062,571.6300048828125,482500.0
2025-09-10,NOC,571.239990234375,580.8400268554688,570.0,579.8699951171875,547300.0
2025-09-11,NOC,579.3099975585938,585.760009765625,578.0,582.9500122070312,901100.0
2025-09-12,NOC,582.3400268554688,583.1300048828125,575.1799926757812,575.9600219726562,717900.0
2025-09-15,NOC,574.0,576.469970703125,571.1199951171875,574.5399780273438,804600.0
2025-09-16,NOC,578.0,587.239990234375,575.9500122070312,579.3599853515625,1104500.0
2025-09-17,NOC,579.0999755859375,585.0,576.3900146484375,577.0800170898438,790200.0
2025-09-18,NOC,572.0,576.97998046875,568.3200073242188,573.75,798900.0
2025-09-19,NOC,571.9099731445312,576.1500244140625,565.5,573.030029296875,1478200.0
2025-09-22,NOC,573.6900024414062,577.6500244140625,570.260009765625,576.1500244140625,566700.0
2025-09-23,NOC,576.0,580.6699829101562,571.0800170898438,577.0800170898438,656300.0
2025-09-24,NOC,580.6400146484375,589.5999755859375,577.0,586.27001953125,784200.0
2025-09-25,NOC,590.0,593.75,582.489990234375,585.77001953125,1073900.0
2025-09-26,NOC,589.489990234375,594.9600219726562,586.8499755859375,594.52001953125,510900.0
2025-09-29,NOC,598.3099975585938,604.1300048828125,591.510009765625,593.989990234375,777100.0
2025-09-30,NOC,593.0999755859375,610.1199951171875,593.0999755859375,609.3200073242188,802800.0
2025-10-01,NOC,607.219970703125,610.8499755859375,603.010009765625,605.4199829101562,558300.0
2025-10-02,NOC,603.7999877929688,607.260009765625,601.9600219726562,605.010009765625,453900.0
2025-10-03,NOC,607.0,610.6400146484375,605.2999877929688,609.5399780273438,435900.0
2025-10-06,NOC,609.1199951171875,619.7100219726562,609.0,618.52001953125,540200.0
2025-10-07,NOC,622.8499755859375,627.8099975585938,618.4000244140625,621.6300048828125,838200.0
2025-10-08,NOC,630.0,638.5399780273438,625.5499877929688,637.9500122070312,938800.0
2025-10-09,NOC,638.0,640.9000244140625,631.3699951171875,635.010009765625,1007400.0
2025-10-10,NOC,633.3599853515625,635.25,619.4099731445312,623.489990234375,659700.0
2025-10-13,NOC,619.969970703125,624.0499877929688,616.9000244140625,618.8800048828125,452600.0
2025-10-14,NOC,619.47998046875,627.4099731445312,618.0700073242188,626.9299926757812,437500.0
2025-10-15,NOC,625.0499877929688,627.0499877929688,600.0800170898438,608.9299926757812,666700.0
2025-10-16,NOC,611.0,611.7999877929688,597.5999755859375,598.97998046875,781900.0
2025-10-17,NOC,597.0,601.6500244140625,591.6799926757812,594.5,825200.0
2025-10-20,NOC,599.6599731445312,602.9000244140625,596.2100219726562,602.0,1084100.0
2025-10-21,NOC,589.9600219726562,604.8900146484375,571.3599853515625,599.3499755859375,1750700.0
2025-10-22,NOC,597.0700073242188,605.9600219726562,595.6500244140625,596.47998046875,1122800.0
2025-10-23,NOC,599.72998046875,609.8200073242188,598.010009765625,605.739990234375,655500.0
2025-10-24,NOC,606.3499755859375,608.5,597.0800170898438,605.5800170898438,564700.0
