date,Ticker,Open,High,Low,Close,Volume
2008-01-02,NVDA,0.7821033384051775,0.7850832189813568,0.7463448261416629,0.7566598057746887,483964000.0
2008-01-03,NVDA,0.7610148004282968,0.7761434047132506,0.7479492025414615,0.7506998777389526,475308000.0
2008-01-04,NVDA,0.7282364097262644,0.7319039596163321,0.6830797870964318,0.6876642107963562,736092000.0
2008-01-07,NVDA,0.6922485575385169,0.697979113851673,0.6039983291498506,0.6166055202484131,1006800000.0
2008-01-08,NVDA,0.6200438453033345,0.6713894316521799,0.6056029059740514,0.6296711564064026,1106956000.0
2008-01-09,NVDA,0.6381524038183499,0.6624499163246574,0.6287543511197045,0.6622206568717957,741036000.0
2008-01-10,NVDA,0.6441120245275209,0.6587822216628724,0.6356308475496265,0.6484672427177429,554432000.0
2008-01-11,NVDA,0.6331094086809574,0.6464042128773667,0.6154593317994776,0.6200437545776367,572612000.0
2008-01-14,NVDA,0.6292128509411284,0.6622207518214813,0.6191271277390883,0.6613038778305054,539188000.0
2008-01-15,NVDA,0.6360894505654789,0.6436537555363961,0.6019354211447306,0.6127088665962219,725692000.0
2008-01-16,NVDA,0.5741992779438821,0.5813051137752422,0.5308764304201434,0.5434836149215698,1464472000.0
2008-01-17,NVDA,0.5519650323747122,0.566635174473919,0.5327104128032079,0.534085750579834,1133900000.0
2008-01-18,NVDA,0.5356902710499805,0.5723657067641528,0.5162065021852871,0.569385826587677,920428000.0
2008-01-22,NVDA,0.5150604030107933,0.5542572573508145,0.5118513178872115,0.5409623980522156,709092000.0
2008-01-23,NVDA,0.5189572809082003,0.5670937878540441,0.5139144472676618,0.5508190989494324,929880000.0
2008-01-24,NVDA,0.5615924086396133,0.5932249626440312,0.5563203163055437,0.5929957032203674,597092000.0
2008-01-25,NVDA,0.6156885497622784,0.6294418171712566,0.569156601579546,0.5719072222709656,688012000.0
2008-01-28,NVDA,0.5698442565298718,0.5755747571519998,0.5528818500849474,0.565030574798584,577608000.0
2008-01-29,NVDA,0.5751163600018588,0.5847436690196292,0.5602169596946698,0.5824514031410217,414484000.0
2008-01-30,NVDA,0.5730533345852122,0.5861189326883502,0.5609046100128757,0.5774085521697998,530476000.0
2008-01-31,NVDA,0.5648016340480806,0.5741997425297293,0.5462346765652678,0.5636555552482605,588708000.0
2008-02-01,NVDA,0.5625094019687356,0.6188978869189211,0.5576957728080052,0.6156888008117676,593104000.0
2008-02-04,NVDA,0.6289833592653361,0.6324217034767934,0.5932248527193157,0.5964339375495911,565128000.0
2008-02-05,NVDA,0.5845144084091708,0.5847436677869241,0.5588416208496553,0.5590708255767822,494928000.0
2008-02-06,NVDA,0.5650307773666313,0.5806178517621357,0.5469222861654927,0.5572372674942017,557380000.0
2008-02-07,NVDA,0.541191470355197,0.5785545098142492,0.52950115765993,0.5627382397651672,664128000.0
2008-02-08,NVDA,0.5574662568659767,0.577179283384469,0.5501312140885865,0.5728241205215454,393932000.0
2008-02-11,NVDA,0.5776378571074188,0.5870359627178803,0.570761222457406,0.5746579766273499,503732000.0
2008-02-12,NVDA,0.5833684993761873,0.6042276111635269,0.580159359012207,0.5959756374359131,609688000.0
2008-02-13,NVDA,0.6005600558253343,0.6211900172846412,0.5941418844562286,0.6193562150001526,742312000.0
2008-02-14,NVDA,0.6012478169133254,0.6017062812173077,0.5168943744780373,0.5182696580886841,2184296000.0
2008-02-15,NVDA,0.5162066095696757,0.5301890851136813,0.5022240793750299,0.5104760527610779,817364000.0
2008-02-19,NVDA,0.5198741643940248,0.520791092937114,0.49855658680415527,0.5029118061065674,558608000.0
2008-02-20,NVDA,0.488241239144679,0.5065789197940418,0.4861782336764459,0.499243825674057,759016000.0
2008-02-21,NVDA,0.5042869624231979,0.5068083783808478,0.4850323443719353,0.4880122244358063,644272000.0
2008-02-22,NVDA,0.49190921791521475,0.5125391836936346,0.4882417218796899,0.5116223096847534,723052000.0
2008-02-25,NVDA,0.5111636270606938,0.5171233875492641,0.4978687683322481,0.5113928318023682,671784000.0
2008-02-26,NVDA,0.5084129848709659,0.5235415918253415,0.5006194766370855,0.5157480835914612,565420000.0
2008-02-27,NVDA,0.5132267429130157,0.5278968878642502,0.5100176025934544,0.5237709283828735,537816000.0
2008-02-28,NVDA,0.5191864265645167,0.5201033002390408,0.504057765007019,0.504057765007019,503608000.0
2008-02-29,NVDA,0.4958055197532161,0.5024528904901931,0.48824122129681014,0.490304172039032,540576000.0
2008-03-03,NVDA,0.48961682259623246,0.4930551671579326,0.47815576514162,0.48457399010658264,449028000.0
2008-03-04,NVDA,0.4813648915128064,0.4822818199081882,0.4609641911017171,0.4797603487968445,778888000.0
2008-03-05,NVDA,0.4843447800876325,0.4967227671212255,0.47930194708379675,0.4852617084980011,644656000.0
2008-03-06,NVDA,0.47930199066952867,0.4825110764457247,0.45408760475490517,0.45477527379989624,1075284000.0
2008-03-07,NVDA,0.44652323620219103,0.4657778574134686,0.4355206150281165,0.448127806186676,767500000.0
2008-03-10,NVDA,0.44262648032300733,0.4481278045526437,0.4217673438539401,0.4224550127983093,776100000.0
2008-03-11,NVDA,0.4355205271450011,0.4407926182401174,0.4180997115242635,0.4364374279975891,857940000.0
2008-03-12,NVDA,0.4405635594063051,0.4444603141755415,0.42085049878909897,0.42451804876327515,743320000.0
2008-03-13,NVDA,0.4178705972348162,0.4579843582006907,0.415349180661622,0.4515661597251892,1220528000.0
2008-03-14,NVDA,0.4538582887994261,0.4543167256087009,0.41672441539250027,0.4199335277080536,1154972000.0
2008-03-17,NVDA,0.4015958702039045,0.42360114095877593,0.39678221466452773,0.4093894064426422,800952000.0
2008-03-18,NVDA,0.4190166259340507,0.43552056963776525,0.40709713228994626,0.434832900762558,1075256000.0
2008-03-19,NVDA,0.42474723820274723,0.43070697215526554,0.4048049747943878,0.4048049747943878,880476000.0
2008-03-20,NVDA,0.40961864407151016,0.42543492259415855,0.40228357144847904,0.42451804876327515,633460000.0
2008-03-24,NVDA,0.4339160807057776,0.46165185260192376,0.43231153801578226,0.4591304361820221,887440000.0
2008-03-25,NVDA,0.46119339159966316,0.47448819582638574,0.4568381735552926,0.46577781438827515,735388000.0
2008-03-26,NVDA,0.459588938726023,0.462798024373819,0.4458356403524559,0.4508785009384155,721652000.0
2008-03-27,NVDA,0.4440019847741622,0.4566091532908731,0.4371253200760829,0.4444604218006134,601308000.0
2008-03-28,NVDA,0.4524829016683511,0.46279787904062697,0.447898479425256,0.45110759139060974,561788000.0
2008-03-31,NVDA,0.45592131790526075,0.46440252276718486,0.4478985772280056,0.45362910628318787,569992000.0
2008-04-01,NVDA,0.46715313897390515,0.48251094941736006,0.46050570972279087,0.48136481642723083,676872000.0
2008-04-02,NVDA,0.48274028572644,0.48274028572644,0.463027251988695,0.46669480204582214,616536000.0
2008-04-03,NVDA,0.46279795352776654,0.4634856224399732,0.44446023427862585,0.4579842984676361,841984000.0
2008-04-04,NVDA,0.4488153683788132,0.45110760690450435,0.4293315731755983,0.43047767877578735,1535528000.0
2008-04-07,NVDA,0.441022001316627,0.44744020018146524,0.4373544513009132,0.4407927691936493,729496000.0
2008-04-08,NVDA,0.4355205762812758,0.4524829570521041,0.4355205762812758,0.4382712244987488,639476000.0
2008-04-09,NVDA,0.44331417834991005,0.4515661515730561,0.439188191738337,0.4469817280769348,675232000.0
2008-04-10,NVDA,0.451795242191557,0.4701329861930392,0.44216796074741943,0.45569202303886414,1092184000.0
2008-04-11,NVDA,0.4469817345638869,0.44973238323641535,0.4219965824269106,0.4247472584247589,1106280000.0
2008-04-14,NVDA,0.4231427095880623,0.4240596107418757,0.40801410014069284,0.4105355441570282,780004000.0
2008-04-15,NVDA,0.41259850942735765,0.41695372827287464,0.40365889427524015,0.41534918546676636,439916000.0
2008-04-16,NVDA,0.43116538459279774,0.43735434989973865,0.42360108151750764,0.4318530261516571,646836000.0
2008-04-17,NVDA,0.41191077700258766,0.4274978193824973,0.4116815449413613,0.42589327692985535,596968000.0
2008-04-18,NVDA,0.43895891893822675,0.442855700408921,0.4300193048796953,0.43597903847694397,573540000.0
2008-04-21,NVDA,0.43254078644672395,0.4584428134976354,0.43254078644672395,0.4554629325866699,679892000.0
2008-04-22,NVDA,0.4472109328565492,0.45202458845760435,0.4373544168748246,0.4469817280769348,587668000.0
2008-04-23,NVDA,0.4531707823182022,0.4735714872320861,0.4472110196859833,0.4685285985469818,1020496000.0
2008-04-24,NVDA,0.471279202439647,0.47357141427964894,0.45042006376550153,0.4572966992855072,655764000.0
2008-04-25,NVDA,0.4616519310789801,0.46302726923295423,0.44721098976354395,0.46188119053840637,552208000.0
2008-04-28,NVDA,0.45981809952303904,0.46669473438925774,0.4517953315204659,0.45362910628318787,535700000.0
2008-04-29,NVDA,0.44858621185957226,0.4687577053809289,0.44858621185957226,0.46302714943885803,573408000.0
2008-04-30,NVDA,0.46852837475515785,0.47609267684441287,0.4653192901477463,0.47104984521865845,1068320000.0
2008-05-01,NVDA,0.4767803049734704,0.4939719140692793,0.4744880940707371,0.49282583594322205,1014624000.0
2008-05-02,NVDA,0.5063499887746161,0.5162065029144287,0.49878568595451284,0.5162065029144287,1131016000.0
2008-05-05,NVDA,0.5127682169090262,0.5150604284893497,0.502224032709411,0.5033701658248901,943392000.0
2008-05-06,NVDA,0.5019947466900045,0.5175817610529218,0.49420118485791986,0.5164356827735901,729036000.0
2008-05-07,NVDA,0.5178111038815313,0.5246877386176617,0.5001610255398916,0.5045162439346313,715632000.0
2008-05-08,NVDA,0.5084128982115239,0.5100174405361428,0.4815940334776277,0.5031408071517944,1360000000.0
2008-05-09,NVDA,0.504516162625035,0.5370655836571944,0.5035992890714445,0.5164356827735901,2030352000.0
2008-05-12,NVDA,0.5230832383104634,0.5230832383104634,0.49672277569664147,0.5017656087875366,1006652000.0
2008-05-13,NVDA,0.5042868191326108,0.5042868191326108,0.4877828811069336,0.4914504289627075,854108000.0
2008-05-14,NVDA,0.49763947196110714,0.5189570392292858,0.49145050787042555,0.5058914422988892,751148000.0
2008-05-15,NVDA,0.5047454230605234,0.5473806218397878,0.5024532115982382,0.5450884103775024,1165464000.0
2008-05-16,NVDA,0.5542573311724804,0.5606755569251212,0.54165013909987,0.5595294237136841,1091556000.0
2008-05-19,NVDA,0.5597585723591088,0.5801592714812606,0.5439422963216675,0.5478391051292419,1158532000.0
2008-05-20,NVDA,0.53293948379772,0.5391284469540166,0.5274381892866356,0.5336271524429321,771404000.0
2008-05-21,NVDA,0.5350025745987068,0.555632473275672,0.5281258870557649,0.5292720198631287,1066660000.0
2008-05-22,NVDA,0.5368364438823127,0.546463753986369,0.5283552668468826,0.5421085357666016,693108000.0
2008-05-23,NVDA,0.5411917366157845,0.545546955435198,0.5219371137566089,0.5297306776046753,802672000.0
2008-05-27,NVDA,0.530647617973893,0.5361489160593256,0.5205618410581785,0.5354612469673157,832856000.0
2008-05-28,NVDA,0.5501314705746345,0.5515067541642854,0.5343151901124807,0.5405041575431824,751736000.0
2008-05-29,NVDA,0.5407333233125713,0.5416501971896683,0.5292722632222455,0.5391287803649902,693460000.0
2008-05-30,NVDA,0.5544865138935299,0.5680105792068334,0.5528819711818684,0.5661768317222595,830244000.0
2008-06-02,NVDA,0.5661770139415558,0.5728244463511714,0.5599880458759552,0.568469226360321,734660000.0
2008-06-03,NVDA,0.5703028539656795,0.5712197824600197,0.542567105952649,0.5492144823074341,840696000.0
2008-06-04,NVDA,0.5370655826278183,0.5567786099200488,0.5340857025963911,0.5556325316429138,831724000.0
2008-06-05,NVDA,0.574887097709533,0.5810761171792732,0.563196836901276,0.5696150064468384,827860000.0
2008-06-06,NVDA,0.5627386747224091,0.5634263439213336,0.5482977308463072,0.5515068173408508,784876000.0
2008-06-09,NVDA,0.5482974057735085,0.5558617078263227,0.5320227234495929,0.5430253148078918,637916000.0
2008-06-10,NVDA,0.5283553527494901,0.529043021772344,0.5074961865744211,0.5109345316886902,1225208000.0
2008-06-11,NVDA,0.5109343967487803,0.523312326589803,0.4864076871463112,0.48709535598754883,999428000.0
2008-06-12,NVDA,0.49809805780309196,0.5077253133423292,0.4859492767000216,0.4900752902030945,825992000.0
2008-06-13,NVDA,0.490763094315864,0.49649359733681764,0.4740299402396682,0.4884708821773529,705748000.0
2008-06-16,NVDA,0.4831987227871709,0.4877831464379457,0.47792663012371583,0.4818233847618103,630496000.0
2008-06-17,NVDA,0.48869977753292587,0.48892898220644154,0.4689867546946285,0.47013288736343384,687912000.0
2008-06-18,NVDA,0.4653192334854209,0.4813647092192308,0.4488152937275412,0.45637962222099304,1065272000.0
2008-06-19,NVDA,0.45890130037189814,0.4653194720963462,0.4442310998863399,0.45523372292518616,784928000.0
2008-06-20,NVDA,0.4451479387365916,0.4579843350384014,0.4449187066391127,0.4529414474964142,741008000.0
2008-06-23,NVDA,0.4563797063399156,0.4568381431231751,0.43964653148577826,0.44354328513145447,776616000.0
2008-06-24,NVDA,0.44102192176640675,0.4687577193536939,0.44102192176640675,0.4582135081291199,1078928000.0
2008-06-25,NVDA,0.465319386563441,0.46875773124854925,0.4533998918478962,0.4607349634170532,900976000.0
2008-06-26,NVDA,0.446981688830618,0.4504200061508145,0.43712514638900757,0.43712514638900757,845532000.0
2008-06-27,NVDA,0.43895896651910404,0.44446029119593744,0.4288732455995561,0.4419388473033905,584140000.0
2008-06-30,NVDA,0.436895896043357,0.4407926498012584,0.42612248103726336,0.42910236120224,653940000.0
2008-07-01,NVDA,0.4240595800690983,0.43024854627706755,0.4162660437893464,0.42979010939598083,881464000.0
2008-07-02,NVDA,0.42772708487801037,0.4304777332011666,0.41259845078735996,0.41328611969947815,763196000.0
2008-07-03,NVDA,0.29752932274911953,0.3009676398989373,0.2842344909714276,0.286297470331192,2987520000.0
2008-07-07,NVDA,0.29065274025026094,0.29248651518871305,0.269564369446043,0.27735790610313416,2202692000.0
2008-07-08,NVDA,0.2791917546650476,0.2860683920036364,0.27048131457910846,0.2757534086704254,1805288000.0
2008-07-09,NVDA,0.27644106606654617,0.2805670537586037,0.27093976736068726,0.27093976736068726,1413168000.0
2008-07-10,NVDA,0.27231505880671686,0.2755241722589758,0.2652091901073735,0.2702520787715912,1056992000.0
2008-07-11,NVDA,0.2647505900246342,0.27414866511750313,0.25947849978534937,0.26750126481056213,807760000.0
2008-07-14,NVDA,0.26956438205628097,0.2716273618802205,0.2535188710882058,0.255352646112442,882316000.0
2008-07-15,NVDA,0.25306036469360255,0.26337534295760845,0.24526685713671692,0.25810325145721436,1122484000.0
2008-07-16,NVDA,0.2590201619688717,0.2663552337722259,0.2519142949349645,0.2594785988330841,1034392000.0
2008-07-17,NVDA,0.2636045824239236,0.2636045824239236,0.25030974955297164,0.26039549708366394,862080000.0
2008-07-18,NVDA,0.2585616723615697,0.26658441148737133,0.25122657472915805,0.26497986912727356,899720000.0
2008-07-21,NVDA,0.26910592969866015,0.2730026843233618,0.26429227395176264,0.26658448576927185,571636000.0
2008-07-22,NVDA,0.26406300153115536,0.2652091072649591,0.2558110566429584,0.26085391640663147,555924000.0
2008-07-23,NVDA,0.26268773029552595,0.27139814063897183,0.2615416243904757,0.2686474919319153,594876000.0
2008-07-24,NVDA,0.2658967601345211,0.2684182035269517,0.25214349215831294,0.2528311610221863,705628000.0
2008-07-25,NVDA,0.25535256031606146,0.2658967426686687,0.25008046913975784,0.26497986912727356,1039600000.0
2008-07-28,NVDA,0.2615416212708969,0.27300268018469576,0.26039551537951705,0.26429226994514465,734808000.0
2008-07-29,NVDA,0.2647506638790837,0.2736903047765228,0.2617707835799373,0.267042875289917,764636000.0
2008-07-30,NVDA,0.2723148548900639,0.272773318843737,0.25718625487676083,0.2631460130214691,588492000.0
2008-07-31,NVDA,0.2624584685424329,0.2679597926605488,0.2594785880607847,0.2622292637825012,487236000.0
2008-08-01,NVDA,0.25535254228388904,0.25626944308584826,0.24526682473951286,0.24847590923309326,881060000.0
2008-08-04,NVDA,0.24847588930513922,0.24985122673511959,0.24182846149397894,0.24251613020896912,522052000.0
2008-08-05,NVDA,0.24710064532225937,0.2564987242221832,0.24434999674738275,0.2564987242221832,685844000.0
2008-08-06,NVDA,0.2571864367998256,0.2656676433877745,0.24893446235086267,0.2633754312992096,814864000.0
2008-08-07,NVDA,0.26108316391916514,0.27277345402523767,0.2562695086224723,0.25924938917160034,819232000.0
2008-08-08,NVDA,0.2613124096914086,0.2636046216542464,0.25122666065972904,0.2521435618400574,853764000.0
2008-08-11,NVDA,0.2539773343648166,0.26360461904850496,0.25306043319355187,0.25741565227508545,1196436000.0
2008-08-12,NVDA,0.25947852720211834,0.2601661959712601,0.25008045111623894,0.25374799966812134,1410868000.0
2008-08-13,NVDA,0.2739195408148575,0.2851513659604828,0.2672721112319782,0.28102537989616394,2095260000.0
2008-08-14,NVDA,0.27896245458091246,0.30921967336528194,0.27896245458091246,0.29798781871795654,1635304000.0
2008-08-15,NVDA,0.30325988659156417,0.3066982314664671,0.29500791354243494,0.2970709204673767,777652000.0
2008-08-18,NVDA,0.2991338880953481,0.3057813181536981,0.29592480277429484,0.30303066968917847,893968000.0
2008-08-19,NVDA,0.29684165586575206,0.3094488461591704,0.29684165586575206,0.3076150715351105,1014140000.0
2008-08-20,NVDA,0.3121994714335094,0.3236605278329264,0.309907260153626,0.32274365425109863,1143692000.0
2008-08-21,NVDA,0.3170132188144418,0.31953466289025323,0.3057813638612074,0.31219956278800964,1021560000.0
2008-08-22,NVDA,0.3144917973838962,0.31815934769910326,0.3053229489212024,0.3119703531265259,459264000.0
2008-08-25,NVDA,0.310136567741956,0.3174716401588932,0.30646901787082714,0.3073858916759491,471600000.0
2008-08-26,NVDA,0.3089903141607412,0.30921951883982773,0.29684156443400966,0.30005067586898804,613112000.0
2008-08-27,NVDA,0.29317416416232817,0.3060105605285629,0.2904234882800502,0.3023430109024048,454620000.0
2008-08-28,NVDA,0.302801355810508,0.30601046759008627,0.298216933832805,0.301196813583374,365192000.0
2008-08-29,NVDA,0.29707086466356203,0.29798773824109176,0.28881889316453935,0.2897357940673828,516004000.0
2008-09-02,NVDA,0.2945494227181561,0.2970708660561534,0.2785039437589723,0.2824006974697113,693928000.0
2008-09-03,NVDA,0.27850396737266225,0.2796500731097796,0.2647506712019386,0.26727211475372314,714856000.0
2008-09-04,NVDA,0.26429228018490597,0.26704292896572507,0.26200006831333655,0.26360461115837097,716128000.0
2008-09-05,NVDA,0.2613122738675321,0.2681889061817363,0.2610830691855766,0.26750126481056213,791100000.0
2008-09-08,NVDA,0.27002278964708143,0.27002278964708143,0.25214353292240516,0.2564987242221832,1314840000.0
2008-09-09,NVDA,0.255581769243237,0.27116880931408405,0.24687136208670687,0.2477882355451584,1098296000.0
2008-09-10,NVDA,0.25076833372202817,0.2558112241123972,0.24641314001252837,0.24801768362522125,644284000.0
2008-09-11,NVDA,0.23380585386194236,0.24114095447543596,0.22830454206448406,0.23609806597232819,1066976000.0
2008-09-12,NVDA,0.23403503263570793,0.23563957528202667,0.22028174944691553,0.23357659578323364,1209200000.0
2008-09-15,NVDA,0.22532465179372468,0.22876298348368115,0.2104252600127845,0.2131759226322174,863984000.0
2008-09-16,NVDA,0.2056116085495179,0.22142788718122397,0.20171484009075155,0.21982333064079285,1240840000.0
2008-09-17,NVDA,0.21478043585391138,0.23426424897465203,0.21271744259052383,0.2292213886976242,1392580000.0
2008-09-18,NVDA,0.23197187335177707,0.2617706317322913,0.23151343680060293,0.2496219128370285,1611060000.0
2008-09-19,NVDA,0.2615416347980499,0.26360461457910483,0.24985134317121543,0.2615416347980499,1107344000.0
2008-09-22,NVDA,0.25947856227977867,0.26704286511229863,0.2546649075703621,0.2560402452945709,700072000.0
2008-09-23,NVDA,0.25397734617771794,0.26337542649970147,0.24778835179111644,0.24870525300502777,821468000.0
2008-09-24,NVDA,0.2454960831988823,0.2629169016720836,0.244120772682777,0.2578740417957306,866036000.0
2008-09-25,NVDA,0.25787400383070286,0.2691058550145496,0.2535187861909331,0.2629168629646301,588328000.0
2008-09-26,NVDA,0.2564986607492533,0.26979351810941427,0.2516850337657248,0.26795974373817444,646852000.0
2008-09-29,NVDA,0.26085391402759367,0.26406299912285014,0.22922136327272702,0.23151357471942902,975240000.0
2008-09-30,NVDA,0.2351811276537004,0.24778829080833722,0.2326596840926465,0.24549607932567596,659044000.0
2008-10-01,NVDA,0.24182859233153525,0.2461838116659236,0.234264287024712,0.23861950635910034,557208000.0
2008-10-02,NVDA,0.24022396507194907,0.24022396507194907,0.2127174025171266,0.2138635218143463,787728000.0
2008-10-03,NVDA,0.2173018700030589,0.223490849518322,0.20561157991733717,0.2069869041442871,915828000.0
2008-10-06,NVDA,0.19713044329417936,0.19758888027566526,0.1675608754337862,0.17993883788585663,1677440000.0
2008-10-07,NVDA,0.18635702053864742,0.18681545747815603,0.1645809789961001,0.1659563034772873,1059984000.0
2008-10-08,NVDA,0.15999651928238803,0.17925111237723274,0.1583919630264885,0.1693945974111557,1219456000.0
2008-10-09,NVDA,0.1755835581931922,0.17810500171693752,0.15678741611589256,0.1586211770772934,909636000.0
2008-10-10,NVDA,0.14486794010343143,0.1680192917348288,0.14395105259065097,0.15609978139400482,1200252000.0
2008-10-13,NVDA,0.16939460256109878,0.18475242835508965,0.1673316094051706,0.18452320992946625,916536000.0
2008-10-14,NVDA,0.19139980126410425,0.19254590679494007,0.17535431016974723,0.1803971827030182,1209012000.0
2008-10-15,NVDA,0.17925109709565581,0.18016798435476614,0.1609133929014206,0.1609133929014206,854064000.0
2008-10-16,NVDA,0.16572707996976718,0.1774173718611505,0.15816277505918513,0.17650048434734344,1019820000.0
2008-10-17,NVDA,0.17145760705291133,0.18544010955495327,0.16824850789403842,0.17535436153411865,839416000.0
2008-10-20,NVDA,0.1813140536368567,0.1826893774182693,0.17443740740448496,0.17879261076450348,595764000.0
2008-10-21,NVDA,0.17535438947134785,0.17718816461504688,0.16412254745718033,0.16503943502902985,659116000.0
2008-10-22,NVDA,0.16274717072015654,0.16962381904891,0.15449521185337442,0.15885041654109955,600996000.0
2008-10-23,NVDA,0.15839195316978188,0.16228872069504985,0.14349256560719637,0.14991076290607452,832192000.0
2008-10-24,NVDA,0.13753283310574765,0.15930885704427333,0.1368451641582883,0.15151533484458923,798336000.0
2008-10-27,NVDA,0.15059839809825432,0.16916531696628276,0.1457847443694147,0.1597672551870346,698936000.0
2008-10-28,NVDA,0.16824847878680302,0.1840647397414932,0.16526859858423193,0.18383552134037018,849920000.0
2008-10-29,NVDA,0.18268947662379337,0.20171485619237703,0.1817725890507378,0.1897953450679779,977284000.0
2008-10-30,NVDA,0.20056868781096032,0.20171479350543892,0.18566930012008098,0.19781802594661713,657176000.0
2008-10-31,NVDA,0.1916289983771536,0.20469460724514596,0.19117054805077574,0.20079784095287323,608672000.0
2008-11-03,NVDA,0.20515317091716148,0.20882072114811578,0.19025377884489827,0.19346287846565247,723924000.0
2008-11-04,NVDA,0.20011028177951262,0.2058408111333847,0.19483818930888644,0.2058408111333847,619560000.0
2008-11-05,NVDA,0.19827650483766174,0.20400703413131574,0.1950674057006836,0.1950674057006836,787620000.0
2008-11-06,NVDA,0.1836063310616559,0.19048296612456286,0.17420825221222222,0.17466670274734497,797936000.0
2008-11-07,NVDA,0.1989641002622658,0.20790373966450834,0.1856692708379921,0.19988098740577698,1132068000.0
2008-11-10,NVDA,0.20744535091932628,0.20859147043636198,0.18268944533707693,0.1870446503162384,576396000.0
2008-11-11,NVDA,0.18429393321546264,0.18566925699687523,0.1769588502768382,0.17879261076450348,576484000.0
2008-11-12,NVDA,0.1732913799910819,0.17741736685547202,0.16618552586921942,0.1682485193014145,646092000.0
2008-11-13,NVDA,0.16045492557299293,0.1822309581153888,0.1572458273347862,0.1820017397403717,797228000.0
2008-11-14,NVDA,0.17466664997588283,0.17558352344379763,0.16366401807169767,0.164351686835289,741024000.0
2008-11-17,NVDA,0.1627471537569841,0.1671023579907653,0.1593088367823132,0.1609133929014206,388224000.0
2008-11-18,NVDA,0.16412252401879418,0.16503941145970275,0.15036923973048563,0.1556413322687149,564488000.0
2008-11-19,NVDA,0.1542659622473758,0.15816272964652664,0.14211723691863634,0.14280490577220917,500220000.0
2008-11-20,NVDA,0.14165879708553353,0.1487646635631567,0.13363605695126302,0.1352405995130539,847036000.0
2008-11-21,NVDA,0.13959581371147023,0.14624322950839996,0.13180227855112453,0.14624322950839996,599064000.0
2008-11-24,NVDA,0.15518287297260144,0.15770431670868523,0.14670168170042497,0.15587054193019867,600308000.0
2008-11-25,NVDA,0.1627471791243839,0.16320562965672633,0.1556413256683396,0.1602257490158081,528256000.0
2008-11-26,NVDA,0.15747505421168123,0.17489588391865754,0.15655818066211197,0.17443743348121643,600792000.0
2008-11-28,NVDA,0.17168678474307128,0.17420821431847763,0.16893612311863637,0.1712283343076706,175248000.0
2008-12-01,NVDA,0.16435167559640587,0.1659562177181884,0.15632892399953044,0.15655815601348877,547112000.0
2008-12-02,NVDA,0.15953808670332342,0.16733162311429728,0.15747509337837856,0.16526862978935242,479988000.0
2008-12-03,NVDA,0.1588504157942821,0.17397902291869227,0.15747507793740229,0.17374980449676514,584632000.0
2008-12-04,NVDA,0.1703113872108081,0.1787925738254831,0.15839188502163953,0.16228865087032318,466292000.0
2008-12-05,NVDA,0.15724586671410032,0.16939460758430303,0.15449521819973455,0.16870693862438202,438484000.0
2008-12-08,NVDA,0.1719160331301362,0.17535435051370082,0.15930885572774048,0.16320562362670898,707992000.0
2008-12-09,NVDA,0.16114265274024392,0.18544012353574538,0.15930887775044666,0.1790219247341156,829760000.0
2008-12-10,NVDA,0.18246019605696062,0.2005686818903665,0.17948031587421642,0.19598425924777985,961124000.0
2008-12-11,NVDA,0.19483816047934926,0.20171479468648368,0.18544008279947274,0.1877322942018509,582700000.0
2008-12-12,NVDA,0.18223100728843583,0.19827650280917128,0.17856345764789092,0.19713039696216583,679268000.0
2008-12-15,NVDA,0.19827644069609787,0.19942254618406854,0.1845231611777947,0.19071213901042938,476996000.0
2008-12-16,NVDA,0.19254597413847202,0.20400704711803047,0.1907122128453646,0.2035486102104187,521940000.0
2008-12-17,NVDA,0.1998809736662417,0.21661413214413258,0.19713032608743916,0.21363425254821777,674180000.0
2008-12-18,NVDA,0.21225900499680378,0.2129466739698247,0.19139985399598286,0.19392129778862,550808000.0
2008-12-19,NVDA,0.1964426911921672,0.20400699383055682,0.19460891671538888,0.19529658555984497,593120000.0
2008-12-22,NVDA,0.19827647188832226,0.19873490869056828,0.17672966892961292,0.18383552134037018,522464000.0
2008-12-23,NVDA,0.18498163134670795,0.18887839890781277,0.17856343398880448,0.18131409585475922,377452000.0
2008-12-24,NVDA,0.17764655893717496,0.18200177727393965,0.17329135426306885,0.17695890367031097,146616000.0
2008-12-26,NVDA,0.17695887197628563,0.1792510831139387,0.16733157700054896,0.17214521765708923,226156000.0
2008-12-29,NVDA,0.17443747812547056,0.17764657735824585,0.16320563764208695,0.17764657735824585,460168000.0
2008-12-30,NVDA,0.17993876753330704,0.18658618314181824,0.17581278166246359,0.18383552134037018,409860000.0
2008-12-31,NVDA,0.18154329758172233,0.18956605037332924,0.17833419919761084,0.18498161435127258,441580000.0
2009-01-02,NVDA,0.184981679164729,0.20102717670727105,0.1842940237674736,0.19965185225009918,497124000.0
2009-01-05,NVDA,0.19735960958754897,0.20790379399964054,0.19598428534417237,0.20331937074661255,705736000.0
2009-01-06,NVDA,0.20927913078092603,0.21615577973510694,0.20469470725324532,0.21019601821899414,657904000.0
2009-01-07,NVDA,0.2053823052809709,0.2053823052809709,0.19048290663893203,0.19758877158164978,870096000.0
2009-01-08,NVDA,0.195067378985605,0.195067378985605,0.1806264280156063,0.19254593551158905,1014496000.0
2009-01-09,NVDA,0.19254594744178666,0.19254594744178666,0.1813141081360001,0.18177254498004913,761352000.0
2009-01-12,NVDA,0.18177251751636594,0.1826894047285917,0.17191600389458797,0.17443743348121643,645532000.0
2009-01-13,NVDA,0.16847772633481656,0.18200179195530222,0.16526862717594368,0.17535436153411865,1824424000.0
2009-01-14,NVDA,0.16916534329422828,0.1712283361187101,0.16503937130792112,0.16756080090999603,974908000.0
2009-01-15,NVDA,0.1684777209849949,0.1762712433625946,0.16503940349452378,0.17352059483528137,998204000.0
2009-01-16,NVDA,0.17833419340139328,0.18475238996101204,0.1726036656383965,0.1831478476524353,831324000.0
2009-01-20,NVDA,0.1826894501665225,0.18337711916239074,0.16389329179761594,0.16526862978935242,705788000.0
2009-01-21,NVDA,0.16847775728372608,0.17443750615204576,0.16228877626985933,0.1732914000749588,648472000.0
2009-01-22,NVDA,0.1677900152378065,0.17466666237386413,0.163893248071952,0.170082226395607,547656000.0
2009-01-23,NVDA,0.16526863597184582,0.18200180164177437,0.16503941751886828,0.1767297089099884,633616000.0
2009-01-26,NVDA,0.17764656933192338,0.18796153556503498,0.17466670234249942,0.18268944323062897,581748000.0
2009-01-27,NVDA,0.185669354718867,0.19483821663359113,0.18498168563489767,0.19346287846565247,725300000.0
2009-01-28,NVDA,0.20033951300502773,0.20469471832441305,0.19392131425407455,0.20148561894893646,723752000.0
2009-01-29,NVDA,0.1948382198884528,0.19713043198976088,0.1888784574949223,0.1897953450679779,413128000.0
2009-01-30,NVDA,0.18841997342903605,0.19346283332598166,0.17993878257715315,0.18223099410533905,506760000.0
2009-02-02,NVDA,0.17948028296578242,0.19415044912741417,0.1785633958728486,0.19208745658397675,577992000.0
2009-02-03,NVDA,0.19254595721812734,0.19598428837370724,0.18727386493058532,0.19437973201274872,396948000.0
2009-02-04,NVDA,0.19483812861044858,0.20973751395153073,0.19483812861044858,0.19988098740577698,779232000.0
2009-02-05,NVDA,0.19460892036452232,0.21684339190874602,0.1925459274551275,0.21455118060112,919192000.0
2009-02-06,NVDA,0.21523884963266743,0.227616793436397,0.21157130060737192,0.22624146938323975,1157880000.0
2009-02-09,NVDA,0.2253246328513016,0.22853373213952916,0.2170726730120452,0.22326163947582245,716128000.0
2009-02-10,NVDA,0.2230323280448778,0.2260122076407926,0.2095082675173595,0.21363425254821777,1129664000.0
2009-02-11,NVDA,0.1966719569305272,0.2037778244916312,0.1801680236545355,0.18681544065475464,1983400000.0
2009-02-12,NVDA,0.18268938693197956,0.19185824449840005,0.18016795759097512,0.19071213901042938,1024020000.0
2009-02-13,NVDA,0.18635695730537852,0.19277515425669187,0.18498161962819942,0.19048292934894562,764304000.0
2009-02-17,NVDA,0.18337703598933466,0.18773223910826778,0.17879260086731008,0.17948026955127716,779576000.0
2009-02-18,NVDA,0.17948035929963402,0.19025376331394075,0.17925114084457652,0.18429401516914368,646252000.0
2009-02-19,NVDA,0.18796149255416936,0.18956604856222342,0.170082226395607,0.170082226395607,743988000.0
2009-02-20,NVDA,0.16779001827090034,0.17718809511789366,0.16618547589649763,0.17443743348121643,770056000.0
2009-02-23,NVDA,0.1774172803615836,0.17833416740252372,0.1652685578100984,0.16641466319561005,679548000.0
2009-02-24,NVDA,0.16733159544380222,0.18154331426125772,0.16710236337464612,0.18131409585475922,659524000.0
2009-02-25,NVDA,0.18085570246554533,0.18887845852660706,0.1746667352232731,0.18337714672088623,702360000.0
2009-02-26,NVDA,0.18979528681519234,0.19575503371686986,0.18704462494027052,0.1893368363380432,1117556000.0
2009-02-27,NVDA,0.18452325176990458,0.19415055079299562,0.1831479272416521,0.1897953450679779,755444000.0
2009-03-02,NVDA,0.18521087588236557,0.1891076300431024,0.1730621355683252,0.17374980449676514,700064000.0
2009-03-03,NVDA,0.17695893056825496,0.18750311622281562,0.1712283871640551,0.18062646687030792,1041372000.0
2009-03-04,NVDA,0.18544010632621932,0.19942260858480917,0.1838355499433903,0.19392129778862,1108668000.0
2009-03-05,NVDA,0.19117061092132445,0.19896413240628316,0.18841996270906025,0.1893368363380432,955252000.0
2009-03-06,NVDA,0.18933680141410497,0.1991933277341722,0.18681537207417437,0.1923166811466217,974756000.0
2009-03-09,NVDA,0.1909414035126288,0.20538235527814097,0.18979529774772483,0.19025373458862305,682768000.0
2009-03-10,NVDA,0.1971303579826675,0.21111285748143693,0.19529658352499576,0.20744530856609344,1254800000.0
2009-03-11,NVDA,0.2074453789240642,0.27162737008421844,0.2040070608967691,0.2131759226322174,864916000.0
2009-03-12,NVDA,0.21248823235610717,0.22807529165203658,0.20973758367384077,0.2257830798625946,1604604000.0
2009-03-13,NVDA,0.2225739638617141,0.2278460560454277,0.21890641434469998,0.2246369570493698,1195156000.0
2009-03-16,NVDA,0.22692914690933405,0.22715836531650638,0.21409275215579232,0.21592651307582855,699344000.0
2009-03-17,NVDA,0.2166141724109819,0.227158355302665,0.2138635243208558,0.22669991850852966,1005384000.0
2009-03-18,NVDA,0.2232615783028914,0.2404531896089933,0.22303235991567882,0.23380576074123383,1359560000.0
2009-03-19,NVDA,0.23541027063477718,0.23541027063477718,0.2294505387388901,0.23105508089065552,822648000.0
2009-03-20,NVDA,0.23449344667828786,0.23472267874488567,0.21248819298420657,0.2184479534626007,1093672000.0
2009-03-23,NVDA,0.225324668987825,0.23472276357237293,0.22028180762804547,0.2342642992734909,816048000.0
2009-03-24,NVDA,0.22853369756500216,0.23059670429103224,0.22303238728356295,0.2241784930229187,1114868000.0
2009-03-25,NVDA,0.23105510988836334,0.2383901801636437,0.21913558995005614,0.22784601151943207,1243852000.0
2009-03-26,NVDA,0.23151355787073477,0.24251617747923787,0.2289921281953944,0.24205774068832397,1333664000.0
2009-03-27,NVDA,0.23953636724500085,0.24549612924183112,0.23609804932190384,0.23976559937000275,731892000.0
2009-03-30,NVDA,0.23059669529575186,0.23357657556689873,0.22119860400685756,0.22440770268440247,780052000.0
2009-03-31,NVDA,0.22784606434941848,0.23151360033743928,0.2244077331362409,0.22601228952407837,805272000.0
2009-04-01,NVDA,0.22326165276721435,0.2338058387223527,0.21478046031037096,0.23174285888671875,887920000.0
2009-04-02,NVDA,0.24045315138930712,0.24687134718703452,0.2370148351396648,0.24251613020896912,1002860000.0
2009-04-03,NVDA,0.24274544834944212,0.2601662677920619,0.2386194619208934,0.2594785988330841,1003208000.0
2009-04-06,NVDA,0.255123456109369,0.26245852930641084,0.25168513798650655,0.26016631722450256,887288000.0
2009-04-07,NVDA,0.2551234458320028,0.25787409475442125,0.24962212066184367,0.25122666358947754,607804000.0
2009-04-08,NVDA,0.25397733005864653,0.2622293038335087,0.25191432295227034,0.2615416347980499,731652000.0
2009-04-09,NVDA,0.2681890223339475,0.2768994325027983,0.2661260426763363,0.2759825587272644,904412000.0
2009-04-13,NVDA,0.27254419907110616,0.27277343114231567,0.2610831420169397,0.267042875289917,767628000.0
2009-04-14,NVDA,0.26337539930362014,0.2750656904652607,0.2622292933985699,0.2686474919319153,711960000.0
2009-04-15,NVDA,0.2592494403654033,0.2622293215029664,0.250080564817008,0.2610832154750824,1045368000.0
2009-04-16,NVDA,0.26589684834673916,0.27093973680459643,0.25581112608167167,0.26773062348365784,1038772000.0
2009-04-17,NVDA,0.26773061510297846,0.27208583433249584,0.2613124159873315,0.2695643901824951,695764000.0
2009-04-20,NVDA,0.25924940132750096,0.26154161303810664,0.25191430199330755,0.2532896399497986,590660000.0
2009-04-21,NVDA,0.24985133246438432,0.263146166387354,0.24618378264931676,0.2526019811630249,932184000.0
2009-04-22,NVDA,0.25030979980723217,0.2707105037314101,0.24618381259473257,0.26016631722450256,916404000.0
2009-04-23,NVDA,0.26268767452782793,0.2649798858512997,0.2480175056624195,0.2560402452945709,753952000.0
2009-04-24,NVDA,0.2585617659111302,0.2638338589949162,0.2523727716288949,0.26200008392333984,759508000.0
2009-04-27,NVDA,0.25856174278117966,0.2658968150859946,0.2509974383659279,0.2526019811630249,787024000.0
2009-04-28,NVDA,0.24939288550683272,0.25856173234925545,0.24710064647090804,0.2532896399497986,634392000.0
2009-04-29,NVDA,0.2544357726215666,0.2555818785976642,0.2464130307888833,0.24939291179180145,859668000.0
2009-04-30,NVDA,0.2542063758044067,0.2704810810512841,0.2521433973140945,0.2631460130214691,1110276000.0
2009-05-01,NVDA,0.2624583792532328,0.2736902284282844,0.2622291745712773,0.26750126481056213,840548000.0
2009-05-04,NVDA,0.2720857060466086,0.28400519745555314,0.26841815761679033,0.281942218542099,927704000.0
2009-05-05,NVDA,0.2757532908651202,0.27758706550373097,0.2647506703587717,0.2704811990261078,837076000.0
2009-05-06,NVDA,0.2734610450237728,0.27598248825057836,0.25970777795096994,0.26497986912727356,935088000.0
2009-05-07,NVDA,0.270939645751566,0.270939645751566,0.24251618166941144,0.2459544986486435,1289196000.0
2009-05-08,NVDA,0.24068241069379456,0.24068241069379456,0.2088206564884272,0.21202975511550903,2930564000.0
2009-05-11,NVDA,0.208591434825895,0.22142782913362305,0.20675766030688894,0.2161557376384735,1038596000.0
2009-05-12,NVDA,0.22096941955773475,0.22096941955773475,0.20171482453353293,0.2058408111333847,1201384000.0
2009-05-13,NVDA,0.20446545667022947,0.20561156237199757,0.19094139299417678,0.19254593551158905,1305608000.0
2009-05-14,NVDA,0.19231670545074436,0.1994225713012678,0.19094138142448902,0.19529658555984497,1017864000.0
2009-05-15,NVDA,0.1966719464938963,0.20721613122012636,0.1943797347990914,0.20033949613571167,780308000.0
2009-05-18,NVDA,0.20538233696342043,0.21386352706500522,0.20492388650074553,0.21248818933963776,938320000.0
2009-05-19,NVDA,0.21386355320332098,0.21913563169850445,0.21042522213232812,0.21661420166492462,859768000.0
2009-05-20,NVDA,0.22051091104326612,0.23495184578906436,0.21959402391195815,0.22303234040737152,1309436000.0
2009-05-21,NVDA,0.22028175816396264,0.22463696308544867,0.2154681027092016,0.22165708243846893,965600000.0
2009-05-22,NVDA,0.22165705921498183,0.22830447511840074,0.21753107316109208,0.22509537637233734,718260000.0
2009-05-26,NVDA,0.2230323804485121,0.2390778739704204,0.22074016904004773,0.23724409937858582,865540000.0
2009-05-27,NVDA,0.2360980058999277,0.24480841516819585,0.23380579437276852,0.23770254850387573,814152000.0
2009-05-28,NVDA,0.24137012928091856,0.24297467209362564,0.23059673916666193,0.24091169238090515,995288000.0
2009-05-29,NVDA,0.24114096285058273,0.24159939982351727,0.23082598067026977,0.23907795548439026,834232000.0
2009-06-01,NVDA,0.2418286004842221,0.2521435824869618,0.2409117265541371,0.25076824426651,1022764000.0
2009-06-02,NVDA,0.2507682329170129,0.2562695582245117,0.24412082891144027,0.24870525300502777,907984000.0
2009-06-03,NVDA,0.24549611603167992,0.2464130171570271,0.2349519307047698,0.24091169238090515,735688000.0
2009-06-04,NVDA,0.24159917755293225,0.25008034938820267,0.24136994561469538,0.2496219128370285,673180000.0
2009-06-05,NVDA,0.2542064902006095,0.2542064902006095,0.24526687628590954,0.24824672937393188,559992000.0
2009-06-08,NVDA,0.24641285599092164,0.2503096080803489,0.24068230285019587,0.24687129259109497,473948000.0
2009-06-09,NVDA,0.25030974955297164,0.2631461455646462,0.24847597479054415,0.26039549708366394,725032000.0
2009-06-10,NVDA,0.26177082917629363,0.27025203473392156,0.2560402996510424,0.2686474919319153,833320000.0
2009-06-11,NVDA,0.2693351249844389,0.27965010512469046,0.26360459564280986,0.2652091383934021,835156000.0
2009-06-12,NVDA,0.2613122884930985,0.2647506048426421,0.25535252922376583,0.2638337314128876,595000000.0
2009-06-15,NVDA,0.2590201619688717,0.2624584794384425,0.25489417554032295,0.2594785988330841,445164000.0
2009-06-16,NVDA,0.2594785170875427,0.262687628776675,0.24870513120864135,0.2523726522922516,594912000.0
2009-06-17,NVDA,0.2562695186916361,0.2610831741774638,0.246413002945853,0.25856173038482666,799016000.0
2009-06-18,NVDA,0.2576448059475978,0.2624584609968946,0.2507681714916402,0.25351881980895996,566376000.0
2009-06-19,NVDA,0.256040282464948,0.2626877126632386,0.2528311970763376,0.25626951456069946,747564000.0
2009-06-22,NVDA,0.2571863540371647,0.2571863540371647,0.24091164251543273,0.24182851612567902,574864000.0
2009-06-23,NVDA,0.24412075253337415,0.24457918933423717,0.23128433083200858,0.24068240821361542,589764000.0
2009-06-24,NVDA,0.24366236464182311,0.2544357831220121,0.24366236464182311,0.24870525300502777,515096000.0
2009-06-25,NVDA,0.24641300184642106,0.2622292788540589,0.24389155806503396,0.2617708146572113,870444000.0
2009-06-26,NVDA,0.26062471492009887,0.26612603948325436,0.25833250318344725,0.2652091383934021,513956000.0
2009-06-29,NVDA,0.2658968073794615,0.2700227939704982,0.26245848977448405,0.2652091383934021,510056000.0
2009-06-30,NVDA,0.2642922646090534,0.2679598143175488,0.2539773117948945,0.2587909400463104,589844000.0
2009-07-01,NVDA,0.2603954524597577,0.2633753325223763,0.2555817979489651,0.25993698835372925,696420000.0
2009-07-02,NVDA,0.25145584390948617,0.2546649291035653,0.24641298403651177,0.2498513013124466,552312000.0
2009-07-06,NVDA,0.24962205111403132,0.24985128317925026,0.23770253022894128,0.24182851612567902,752456000.0
2009-07-07,NVDA,0.24274546636701702,0.24412080438705597,0.23059673827440724,0.23128437995910645,1072996000.0
2009-07-08,NVDA,0.2326597327413734,0.23334740179502536,0.22257399737622338,0.23174285888671875,1205860000.0
2009-07-09,NVDA,0.2356396335828545,0.24068249485838722,0.23495196447134453,0.23678573966026306,714564000.0
2009-07-10,NVDA,0.2367856748231388,0.2393071184331406,0.23174281492845203,0.23770254850387573,520008000.0
2009-07-13,NVDA,0.24251619280543563,0.24251619280543563,0.22807525536448933,0.24045321345329285,556012000.0
2009-07-14,NVDA,0.24228699418007674,0.24641298031393025,0.23953631854063023,0.24549607932567596,452568000.0
2009-07-15,NVDA,0.25443569056281706,0.26062465537265983,0.2521434793498891,0.255581796169281,1022808000.0
2009-07-16,NVDA,0.25833254477920986,0.26979363263320977,0.2569572339109629,0.26887673139572144,952076000.0
2009-07-17,NVDA,0.26887659451979956,0.27758700155248645,0.2661259468582431,0.2766701281070709,850356000.0
2009-07-20,NVDA,0.2789623463438541,0.2830883316067836,0.27529479781562555,0.2801084518432617,782756000.0
2009-07-21,NVDA,0.2794208314936942,0.28056693719168707,0.26795977451376524,0.2743779718875885,941296000.0
2009-07-22,NVDA,0.2688766038603564,0.2837760028057757,0.2670428295805116,0.2812545597553253,600908000.0
2009-07-23,NVDA,0.28171310338167665,0.2989047198684254,0.27873322246196497,0.29798781871795654,1046120000.0
2009-07-24,NVDA,0.2888189474182475,0.2979877942171382,0.28698517259340556,0.2970709204673767,650592000.0
2009-07-27,NVDA,0.29432028118836967,0.3028014592801432,0.29156960520157205,0.29844626784324646,677484000.0
2009-07-28,NVDA,0.2963832434349393,0.3021137725284562,0.2938617997036646,0.298904687166214,563180000.0
2009-07-29,NVDA,0.2954663216610019,0.2973000961377802,0.28996499823066685,0.29294487833976746,373972000.0
2009-07-30,NVDA,0.29798783249883376,0.30188461474922657,0.29271573944711615,0.2952371835708618,468444000.0
2009-07-31,NVDA,0.2952371854784218,0.30050927856420295,0.2883605494514001,0.2963832914829254,541560000.0
2009-08-03,NVDA,0.30348905410344756,0.30784427180123924,0.29775852607370573,0.30440592765808105,471900000.0
2009-08-04,NVDA,0.299133865179168,0.31174105538259145,0.2986754283577545,0.3064689636230469,695380000.0
2009-08-05,NVDA,0.3046352085447248,0.30944886379149855,0.30096765908762885,0.30715665221214294,610768000.0
2009-08-06,NVDA,0.3083028186342689,0.3138041165765095,0.29890473838050824,0.30073851346969604,957588000.0
2009-08-07,NVDA,0.317013157691338,0.3261820037259813,0.30990729108436277,0.3142625093460083,1401872000.0
2009-08-10,NVDA,0.3165546670113648,0.32113908924891454,0.30211370417270883,0.30394747853279114,693312000.0
2009-08-11,NVDA,0.3018845684781174,0.3064689917638377,0.2952371383186321,0.29684168100357056,481884000.0
2009-08-12,NVDA,0.2970709813490302,0.3110534865130373,0.2968417492019516,0.3078444004058838,634940000.0
2009-08-13,NVDA,0.31013648109756425,0.31815922028965005,0.30463515782780337,0.31701311469078064,564028000.0
2009-08-14,NVDA,0.316554712580409,0.317013149405095,0.3034890854623047,0.3076150715351105,427148000.0
2009-08-17,NVDA,0.29821699199478763,0.29913386563902417,0.29156956243546783,0.2947786748409271,465032000.0
2009-08-18,NVDA,0.2947786770095111,0.308990409876938,0.29454944493410773,0.30555206537246704,636200000.0
2009-08-19,NVDA,0.30096757655623896,0.3039474562573215,0.29798769685515636,0.30211368203163147,552996000.0
2009-08-20,NVDA,0.3007383523576062,0.3154085178866583,0.3000506836518945,0.314033180475235,819840000.0
2009-08-21,NVDA,0.316554830230785,0.3197639165215879,0.3101366303238531,0.3193054795265198,607324000.0
2009-08-24,NVDA,0.31747160328756524,0.32090992064542523,0.3085319617619388,0.3103657364845276,461456000.0
2009-08-25,NVDA,0.3119701792824945,0.3163253962705425,0.3066981162145389,0.31311631202697754,444088000.0
2009-08-26,NVDA,0.3124287437685149,0.31747160376929817,0.3112826379808225,0.31678393483161926,434308000.0
2009-08-27,NVDA,0.3181591876945852,0.3225143775939792,0.31472087125022874,0.32113906741142273,551072000.0
2009-08-28,NVDA,0.3298495514244896,0.3445197214019257,0.32939111459010767,0.3376430869102478,883992000.0
2009-08-31,NVDA,0.3337461997695063,0.3353507691694689,0.3284741095310911,0.3328293263912201,431796000.0
2009-09-01,NVDA,0.3326002583355963,0.34199833805959406,0.319763860760183,0.3215976357460022,736856000.0
2009-09-02,NVDA,0.3220560804082423,0.32939118052796634,0.3202223053783113,0.3261820673942566,404656000.0
2009-09-03,NVDA,0.3261819303345268,0.33443390083912594,0.32526505686748713,0.3339754641056061,534020000.0
2009-09-04,NVDA,0.33260023319249377,0.3486457426114517,0.33260023319249377,0.34635353088378906,513048000.0
2009-09-08,NVDA,0.348874917033344,0.355980783700943,0.34612426866454715,0.355980783700943,549712000.0
2009-09-09,NVDA,0.35529303479112107,0.3665248851459734,0.3502501760293944,0.3658372163772583,571684000.0
2009-09-10,NVDA,0.3669833524959991,0.37798599906262803,0.3628573668648415,0.37752753496170044,607952000.0
2009-09-11,NVDA,0.3766107444422321,0.3779860823976111,0.37133865204703775,0.3740893006324768,712732000.0
2009-09-14,NVDA,0.36858792116637673,0.37156780118749605,0.364691140271283,0.3679002523422241,490516000.0
2009-09-15,NVDA,0.37133860241435807,0.3800490112084581,0.3679002853107909,0.3754645884037018,546136000.0
2009-09-16,NVDA,0.37454773319054885,0.37523540216030943,0.35987758935381087,0.36537888646125793,707064000.0
2009-09-17,NVDA,0.36446201356321273,0.36446201356321273,0.34314441207781865,0.34933340549468994,923096000.0
2009-09-18,NVDA,0.3527716478613846,0.35529306378535663,0.34612421898841206,0.34887486696243286,604740000.0
2009-09-21,NVDA,0.34474895554006396,0.3532301606629224,0.3417691021999448,0.3472703993320465,588776000.0
2009-09-22,NVDA,0.34979183288427873,0.3518548124170959,0.3452074096332914,0.3479580581188202,361388000.0
2009-09-23,NVDA,0.35002097100421664,0.3530008510150237,0.34199823184259687,0.3424566686153412,478936000.0
2009-09-24,NVDA,0.3481871836478778,0.3481871836478778,0.3367261017027862,0.3378722071647644,552876000.0
2009-09-25,NVDA,0.33603857875419996,0.3376431489573758,0.32984961203943514,0.3323710560798645,377556000.0
2009-09-28,NVDA,0.3335171342350196,0.34841651046287336,0.3335171342350196,0.3399353325366974,467708000.0
2009-09-29,NVDA,0.34199834765854803,0.3461243346611161,0.3330587045987635,0.33374637365341187,470928000.0
2009-09-30,NVDA,0.3406229822955057,0.3486457508573936,0.333058677950249,0.3445197641849518,875956000.0
2009-10-01,NVDA,0.34337356498349175,0.34337356498349175,0.31976375725565886,0.3199929893016815,999960000.0
2009-10-02,NVDA,0.3167839544404698,0.324348258572532,0.3149501796015882,0.31747162342071533,612476000.0
2009-10-05,NVDA,0.32091004758047215,0.32205615381976455,0.31036585924885113,0.31586718559265137,754276000.0
2009-10-06,NVDA,0.3197637299035561,0.32664036279226893,0.31747151894065184,0.32113906741142273,761272000.0
2009-10-07,NVDA,0.3188469336123472,0.3222852508888074,0.3151793842539964,0.31861770153045654,459608000.0
2009-10-08,NVDA,0.32045138626858066,0.32136825968817123,0.30921953658939605,0.3206806182861328,1241524000.0
2009-10-09,NVDA,0.3188469001629736,0.32526509720411334,0.3183884633726023,0.32480666041374207,618540000.0
2009-10-12,NVDA,0.3193052931760373,0.3273280315462022,0.31907606114962284,0.32113906741142273,499008000.0
2009-10-13,NVDA,0.32297286927341345,0.3266403907325884,0.3170131093299496,0.3199929893016815,602124000.0
2009-10-14,NVDA,0.332370902100769,0.332370902100769,0.31792994091425014,0.3195345103740692,1101948000.0
2009-10-15,NVDA,0.3190761715434939,0.3220560522913096,0.3080735496498078,0.3101365566253662,1092196000.0
2009-10-16,NVDA,0.3062397550102317,0.3071566560486168,0.29752934543482146,0.30303066968917847,1018832000.0
2009-10-19,NVDA,0.3055519786469715,0.3165546232877417,0.30303056315977295,0.314033180475235,695588000.0
2009-10-20,NVDA,0.3193053691999988,0.3215975807086596,0.31174106575635474,0.3142625093460083,660180000.0
2009-10-21,NVDA,0.3131163702912589,0.3179299975523198,0.3050936035388633,0.30669817328453064,503956000.0
2009-10-22,NVDA,0.3050936596213906,0.31036575196479826,0.299821567277983,0.30876120924949646,379328000.0
2009-10-23,NVDA,0.3128871082741292,0.3128871082741292,0.29959227874580613,0.3014260530471802,429528000.0
2009-10-26,NVDA,0.3037183937192463,0.308302817766653,0.2959248564434612,0.297529399394989,481652000.0
2009-10-27,NVDA,0.29615407595722004,0.3005092676865583,0.2844637842043119,0.2874436378479004,591836000.0
2009-10-28,NVDA,0.2810253458667242,0.28744354259789273,0.27414871236732485,0.2755240499973297,773632000.0
2009-10-29,NVDA,0.2798793111741842,0.2890481854877487,0.27735789464760846,0.28767284750938416,637100000.0
2009-10-30,NVDA,0.28629742683691284,0.28744353237940257,0.2727733923656593,0.27414870262145996,604144000.0
2009-11-02,NVDA,0.2736902484215057,0.2826298874782014,0.26887659451979956,0.2766701281070709,593136000.0
2009-11-03,NVDA,0.26773065334012586,0.2766702978825287,0.2649800039906659,0.2752949595451355,876472000.0
2009-11-04,NVDA,0.27735791733545107,0.2803377983154485,0.27346113518643506,0.27460724115371704,916840000.0
2009-11-05,NVDA,0.27781624322760795,0.2840052075124371,0.2768993424250302,0.2812545597553253,955156000.0
2009-11-06,NVDA,0.2989046739352413,0.3078443153206066,0.29523712454760676,0.3016553223133087,1641112000.0
2009-11-09,NVDA,0.3057813212929318,0.3128871882807662,0.3055520891996527,0.3085319697856903,818124000.0
2009-11-10,NVDA,0.30967813445130127,0.30967813445130127,0.2970709680821401,0.3009677231311798,781472000.0
2009-11-11,NVDA,0.3060105211488869,0.3167839092170146,0.3055520570106266,0.30944883823394775,871512000.0
2009-11-12,NVDA,0.31219951932624707,0.3174716115438031,0.3076150960632102,0.3085319697856903,505864000.0
2009-11-13,NVDA,0.30830285785802225,0.31242884550229183,0.30692751953482367,0.31082427501678467,388524000.0
2009-11-16,NVDA,0.31357486488046893,0.31884695722656237,0.31197029483903094,0.31517940759658813,402820000.0
2009-11-17,NVDA,0.31540859754836975,0.31540859754836975,0.30876116814798193,0.31472092866897583,350124000.0
2009-11-18,NVDA,0.31174100205185173,0.31288710757197463,0.3046351368969653,0.3099072277545929,455516000.0
2009-11-19,NVDA,0.30325992945424746,0.30325992945424746,0.29202810146823005,0.297529399394989,833840000.0
2009-11-20,NVDA,0.29065271297793244,0.2970709109976264,0.2899650440248727,0.29569557309150696,426748000.0
2009-11-23,NVDA,0.30005082581252057,0.3055521234140489,0.29661250798023503,0.29798781871795654,390924000.0
2009-11-24,NVDA,0.2966123993568403,0.2986753783705929,0.29134030847964787,0.2961539626121521,418504000.0
2009-11-25,NVDA,0.2995922267436981,0.30371821137428884,0.29752922076574956,0.2995922267436981,441760000.0
2009-11-27,NVDA,0.28881895861471785,0.2966124950910936,0.28721441582777335,0.2931741774082184,279932000.0
2009-11-30,NVDA,0.29432030524799446,0.2995923982199049,0.29111119210950365,0.2993631660938263,509836000.0
2009-12-01,NVDA,0.3009675788711623,0.3087611125589622,0.29936303665833325,0.3053227961063385,461936000.0
2009-12-02,NVDA,0.3060105997554445,0.31517944767085726,0.3041768247072975,0.31449177861213684,602292000.0
2009-12-03,NVDA,0.31815922028965005,0.323889748283997,0.31655467791629543,0.31701311469078064,660036000.0
2009-12-04,NVDA,0.3229729714431279,0.3282450642416175,0.31793008343785556,0.3268697261810303,824564000.0
2009-12-07,NVDA,0.36331594235512193,0.3770692137920662,0.34612432573362023,0.3688172399997711,2732184000.0
2009-12-08,NVDA,0.3628573966999983,0.3644619665345512,0.34887489627953716,0.3509379029273987,1075512000.0
2009-12-09,NVDA,0.3546054280411911,0.3623989353149598,0.3511670838612186,0.35964828729629517,671588000.0
2009-12-10,NVDA,0.3621698513568372,0.36446206335764514,0.3520841021580891,0.35323020815849304,417012000.0
2009-12-11,NVDA,0.3562100814120658,0.3566685183371083,0.3477288753348319,0.34864577651023865,416744000.0
2009-12-14,NVDA,0.353688514997408,0.3603359437498406,0.3497917614944302,0.35918983817100525,405488000.0
2009-12-15,NVDA,0.35666847157249987,0.3646912123474673,0.35575159784263094,0.3587314784526825,446152000.0
2009-12-16,NVDA,0.3715678459973142,0.391739312428294,0.3695048392760648,0.38761332631111145,1683400000.0
2009-12-17,NVDA,0.38875937998907667,0.4006788999148657,0.38004897209150484,0.3857795000076294,1016132000.0
2009-12-18,NVDA,0.38898863711986337,0.39036394751323295,0.38096587019462663,0.385550320148468,812828000.0
2009-12-21,NVDA,0.3878426445859977,0.40090824742312203,0.38738420765449416,0.39930370450019836,427792000.0
2009-12-22,NVDA,0.39930361234556877,0.41397378204523444,0.3988451755198671,0.40984779596328735,793044000.0
2009-12-23,NVDA,0.41374456084727185,0.4167244412806492,0.4084724688998067,0.41557833552360535,442196000.0
2009-12-24,NVDA,0.41672441658331455,0.41741208546184927,0.41305689477332125,0.4146614372730255,136812000.0
2009-12-28,NVDA,0.41397400175380417,0.4176415529565303,0.40388824960897246,0.4080142378807068,465760000.0
2009-12-29,NVDA,0.4066386831374301,0.414202985884454,0.4057217822232161,0.413056880235672,475848000.0
2009-12-30,NVDA,0.41695369167879587,0.4304777566012104,0.4139738111145135,0.42795631289482117,704008000.0
2009-12-31,NVDA,0.42887313176941044,0.43437442766078743,0.4277270261815975,0.42818546295166016,700340000.0
2010-01-04,NVDA,0.42428867773023843,0.42681012092762605,0.4151198331220107,0.4238302409648895,800204000.0
2010-01-05,NVDA,0.4222257831844395,0.43460374227972015,0.4222257831844395,0.4300193190574646,728648000.0
2010-01-06,NVDA,0.42978998494540743,0.4336867382942745,0.42566399955971407,0.43276986479759216,649168000.0
2010-01-07,NVDA,0.4304777124783158,0.432311487047249,0.42107963489085504,0.42428871989250183,547792000.0
2010-01-08,NVDA,0.4208504591479579,0.42818555840539574,0.4183290426878675,0.42520567774772644,478168000.0
2010-01-11,NVDA,0.42749790176591873,0.4293316766331751,0.41328616703867127,0.4192459285259247,556612000.0
2010-01-12,NVDA,0.4130567703749094,0.4146613123913811,0.39632359956283925,0.40503400564193726,627432000.0
2010-01-13,NVDA,0.4077848953462304,0.41191088222508765,0.39196861686483125,0.4105355441570282,508868000.0
2010-01-14,NVDA,0.4054925941682066,0.4084724471173619,0.3972406222274136,0.40411725640296936,608524000.0
2010-01-15,NVDA,0.40113736881752465,0.4045756858426371,0.3869256365868081,0.39219772815704346,818192000.0
2010-01-19,NVDA,0.38921784639492757,0.40205424083461955,0.38807174072443057,0.39953282475471497,545328000.0
2010-01-20,NVDA,0.39448986196116115,0.3995327478002839,0.38921777142727515,0.3979281783103943,719728000.0
2010-01-21,NVDA,0.39769913548787045,0.4048050030986528,0.3871549501283846,0.39082249999046326,608632000.0
2010-01-22,NVDA,0.3862380294716907,0.39334389672319453,0.3750062029906109,0.37729841470718384,1067916000.0
2010-01-25,NVDA,0.3834873511679269,0.3910516547116714,0.38073670278619715,0.3837165832519531,643676000.0
2010-01-26,NVDA,0.38188285821602674,0.38440430216693766,0.3713386728353525,0.37156790494918823,714636000.0
2010-01-27,NVDA,0.3713385671534325,0.383028855125621,0.367212581555877,0.3816535174846649,812504000.0
2010-01-28,NVDA,0.3846335185474498,0.38600885662127277,0.36354514715054487,0.3688172399997711,687764000.0
2010-01-29,NVDA,0.3729432294083424,0.37706921633228563,0.3472704340261716,0.3527717590332031,774700000.0
2010-02-01,NVDA,0.3541469075594815,0.3805073599077122,0.3511670279613938,0.37981969118118286,949832000.0
2010-02-02,NVDA,0.37844449124720286,0.3885302384139679,0.3772983854777057,0.3837165832519531,849812000.0
2010-02-03,NVDA,0.3802783528786889,0.38853032723567443,0.3784445777632118,0.38692575693130493,562296000.0
2010-02-04,NVDA,0.3834873493596845,0.3834873493596845,0.3603360019948801,0.3644619882106781,783480000.0
2010-02-05,NVDA,0.3640036343702129,0.37271404562853067,0.3575854078374281,0.3717971444129944,604856000.0
2010-02-08,NVDA,0.37065087007535547,0.3800489461463372,0.36377423704545975,0.3711093068122864,445160000.0
2010-02-09,NVDA,0.3770691632390365,0.3789029379831756,0.3644619994453922,0.36812952160835266,930144000.0
2010-02-10,NVDA,0.37042172148493596,0.37867366597571606,0.3679002780618751,0.37523534893989563,535828000.0
2010-02-11,NVDA,0.38119517329720215,0.39655301382516667,0.3784445246725271,0.3924270272254944,695980000.0
2010-02-12,NVDA,0.38967646420988,0.40572194992509925,0.38532124454912525,0.3976992070674896,780212000.0
2010-02-16,NVDA,0.40297102695294607,0.40663857498371575,0.3981573735782241,0.40503400564193726,457024000.0
2010-02-17,NVDA,0.4100770332565249,0.4103062380096341,0.3972406380216545,0.4089309275150299,876560000.0
2010-02-18,NVDA,0.38646715676014953,0.388530163140751,0.37156778464326745,0.38211196660995483,1515508000.0
2010-02-19,NVDA,0.3805074867163079,0.38463347312520835,0.378215275080843,0.38004904985427856,510548000.0
2010-02-22,NVDA,0.38165367196289574,0.38738422956950613,0.3782153537941238,0.3807367980480194,458084000.0
2010-02-23,NVDA,0.38188285821602674,0.38348740103691525,0.36767112296590393,0.37156790494918823,489764000.0
2010-02-24,NVDA,0.3747770560002093,0.38302903098401236,0.3736309498816436,0.37936148047447205,445868000.0
2010-02-25,NVDA,0.37065100443454624,0.37683999826518116,0.3612529249568063,0.3759230971336365,576972000.0
2010-02-26,NVDA,0.3740892241011251,0.37683989944914875,0.36904636483860415,0.3713385760784149,393396000.0
2010-03-01,NVDA,0.37156792280988443,0.3880718433650799,0.3685880418133842,0.38623806834220886,555868000.0
2010-03-02,NVDA,0.3896763184238315,0.39448994594232345,0.38325812107386037,0.38600876927375793,538648000.0
2010-03-03,NVDA,0.38830105516331914,0.3903640348777309,0.37798610194061943,0.38119518756866455,399300000.0
2010-03-04,NVDA,0.38279966038391233,0.38577954067952186,0.3770691318636307,0.38188278675079346,557396000.0
2010-03-05,NVDA,0.379132138208826,0.3963237237552833,0.379132138208826,0.3935730755329132,632832000.0
2010-03-08,NVDA,0.3938023569096629,0.3949484627562582,0.38623802553175157,0.38784259557724,439312000.0
2010-03-09,NVDA,0.3917393061649535,0.40618024368154476,0.3915100740911522,0.4022834897041321,830832000.0
2010-03-10,NVDA,0.4011373788160274,0.40755557622127625,0.4009081467451803,0.4032003581523895,418520000.0
2010-03-11,NVDA,0.39999131568369595,0.4013666536045255,0.39242701176976985,0.3940315544605255,540660000.0
2010-03-12,NVDA,0.3983867825192359,0.399532888372227,0.3933438949058199,0.39540690183639526,520352000.0
2010-03-15,NVDA,0.39494846573132714,0.3988452201740408,0.3896763733322115,0.39334389567375183,358904000.0
2010-03-16,NVDA,0.3931147171240935,0.40938943228421704,0.3928854850076272,0.4070972204208374,664988000.0
2010-03-17,NVDA,0.4093893210844851,0.4203919405052021,0.4093893210844851,0.4148906171321869,651168000.0
2010-03-18,NVDA,0.41557823178238307,0.41557823178238307,0.39655287549971074,0.40022042393684387,740964000.0
2010-03-19,NVDA,0.40618029138944783,0.4073263972424389,0.3903640142229792,0.39540690183639526,584612000.0
2010-03-22,NVDA,0.3903639564206873,0.4034295830703768,0.3903639564206873,0.40182504057884216,435336000.0
2010-03-23,NVDA,0.40480488468490083,0.4121399549380789,0.40205420943031067,0.41007697582244873,493612000.0
2010-03-24,NVDA,0.4066386889928921,0.4077847946581776,0.3956360418157737,0.39632371068000793,436252000.0
2010-03-25,NVDA,0.40205421113306516,0.404575654352014,0.396552915251211,0.39746978878974915,495184000.0
2010-03-26,NVDA,0.40090810554723616,0.4050340911212831,0.394260704079553,0.39746978878974915,344676000.0
2010-03-29,NVDA,0.3999912856110935,0.40342960282934565,0.3944899616667003,0.40251272916793823,394456000.0
2010-03-30,NVDA,0.40709713667743985,0.40916011599998053,0.3972406222274136,0.40411725640296936,324104000.0
2010-03-31,NVDA,0.40251274521271996,0.40434651993394816,0.396782188961888,0.39884519577026367,389840000.0
2010-04-01,NVDA,0.4006789440645607,0.4052633669026051,0.3905931974256737,0.3947191834449768,339664000.0
2010-04-05,NVDA,0.397240674729216,0.4013666612449286,0.39678221052999996,0.40067899227142334,413636000.0
2010-04-06,NVDA,0.395636128443456,0.3965530295716359,0.38394583716773556,0.39082249999046326,809260000.0
2010-04-07,NVDA,0.3883010353758095,0.39999132602926946,0.38509192258597785,0.39334389567375183,817468000.0
2010-04-08,NVDA,0.3908225392986901,0.39380242044567504,0.38486277700472016,0.38692575693130493,1037600000.0
2010-04-09,NVDA,0.386008775869993,0.3908224307960573,0.3839457691908301,0.38944709300994873,817572000.0
2010-04-12,NVDA,0.3899054914631674,0.39815746271718616,0.3892178226377803,0.3965529203414917,546460000.0
2010-04-13,NVDA,0.3981575445498285,0.4061802854025143,0.3965530018443551,0.4048049747943878,648696000.0
2010-04-14,NVDA,0.41351534521953276,0.4155783245978483,0.40342959842751586,0.40984779596328735,900720000.0
2010-04-15,NVDA,0.4112231577303895,0.41534914405278495,0.40709717140799395,0.4128277003765106,957596000.0
2010-04-16,NVDA,0.3960945070465485,0.3976990495173592,0.3823412116994603,0.39105162024497986,1917736000.0
2010-04-19,NVDA,0.38807177756915323,0.39036398912777676,0.3761522829293742,0.38921788334846497,1094492000.0
2010-04-20,NVDA,0.3919685088086021,0.39609449455002493,0.38555031180253474,0.39059317111968994,678188000.0
2010-04-21,NVDA,0.39265622307560866,0.3931146599165069,0.3759230461176301,0.3805074691772461,895908000.0
2010-04-22,NVDA,0.374318432492091,0.3832580721574073,0.3690463415087473,0.38211196660995483,656932000.0
2010-04-23,NVDA,0.3809659246773791,0.38188282572940113,0.3701925354246778,0.3768399655818939,752916000.0
2010-04-26,NVDA,0.37729838396564164,0.3850918922368621,0.37661071504163585,0.3805074691772461,491092000.0
2010-04-27,NVDA,0.3777568189608354,0.3816535730774062,0.368587972886402,0.3697340786457062,606704000.0
2010-04-28,NVDA,0.36950480672637775,0.3756937990196212,0.36285737764390136,0.37042170763015747,672164000.0
2010-04-29,NVDA,0.3715677992020294,0.3821119815818588,0.3660664759635179,0.3816535174846649,987128000.0
2010-04-30,NVDA,0.3770690853417059,0.3777567541443598,0.35987750190191947,0.3601067066192627,1068048000.0
2010-05-03,NVDA,0.3619405521040308,0.3640035589173627,0.3507086989878483,0.35621002316474915,1078972000.0
2010-05-04,NVDA,0.35070885429655696,0.35139652353886325,0.33305879548712314,0.33810168504714966,1311376000.0
2010-05-05,NVDA,0.33122495012063685,0.3408522347130845,0.3282450691615808,0.3323710560798645,1330840000.0
2010-05-06,NVDA,0.3300787693233247,0.3369554035195651,0.2989046560449266,0.32549431920051575,1002888000.0
2010-05-07,NVDA,0.3284741651248321,0.3284741651248321,0.30853190618148657,0.3199929893016815,1153712000.0
2010-05-10,NVDA,0.33924769876527666,0.3433736857678447,0.3300788509041574,0.33374637365341187,979156000.0
2010-05-11,NVDA,0.33053730701265355,0.3367262742129796,0.32755742581980807,0.3300788700580597,829124000.0
2010-05-12,NVDA,0.33237105173843884,0.3383307862533836,0.33030804464358327,0.336497038602829,901236000.0
2010-05-13,NVDA,0.3351216810221641,0.3504795216410294,0.33260023716151826,0.3358093500137329,1252000000.0
2010-05-14,NVDA,0.31311642969075437,0.31403330344051594,0.2888189474182475,0.2970709204673767,2493068000.0
2010-05-17,NVDA,0.29752934716189405,0.3014261287783441,0.28836050067672764,0.2977585792541504,856060000.0
2010-05-18,NVDA,0.30027989545906164,0.3021136696093507,0.2862973983040798,0.28790196776390076,674112000.0
2010-05-19,NVDA,0.2865266984427306,0.2929448958320402,0.28446371911149176,0.2924864590167999,826520000.0
2010-05-20,NVDA,0.28400524177764375,0.2924864454295183,0.27529483339145433,0.28560981154441833,1129136000.0
2010-05-21,NVDA,0.2773579190904767,0.29982160165640986,0.2773579190904767,0.291798859834671,1069600000.0
2010-05-24,NVDA,0.29088177340282606,0.29432008881363725,0.2824005735292503,0.2833174467086792,664564000.0
2010-05-25,NVDA,0.27437795885218147,0.2922572123565092,0.271627283447428,0.2908819019794464,966652000.0
2010-05-26,NVDA,0.3025722596325271,0.30830278916006504,0.29134040536336053,0.29225727915763855,995028000.0
2010-05-27,NVDA,0.29959232379171014,0.30944883823394775,0.2989046549096349,0.30944883823394775,713560000.0
2010-05-28,NVDA,0.3089903473406553,0.3089903473406553,0.29661239160567104,0.301196813583374,545116000.0
2010-06-01,NVDA,0.2970709160918738,0.3005092335908155,0.28813127419943435,0.28836050629615784,527492000.0
2010-06-02,NVDA,0.28881882396043473,0.29202793536347865,0.2869850499194535,0.29156947135925293,649088000.0
2010-06-03,NVDA,0.2856097569106635,0.29179872075831537,0.28469285617285395,0.2911110520362854,586360000.0
2010-06-04,NVDA,0.28262999880418865,0.2876728593909414,0.27575333595366325,0.27735790610313416,671456000.0
2010-06-07,NVDA,0.2785040156488931,0.28033779061121283,0.2624585052225863,0.26360461115837097,577248000.0
2010-06-08,NVDA,0.2624584805674871,0.2624584805674871,0.24962208436240885,0.25626951456069946,967636000.0
2010-06-09,NVDA,0.2576448299462961,0.2645214923681067,0.2491636521256869,0.25008052587509155,697152000.0
2010-06-10,NVDA,0.255123456109369,0.2613124232654567,0.2544357870197318,0.26016631722450256,611768000.0
2010-06-11,NVDA,0.2574155978456918,0.26727211256941014,0.2567279289439782,0.26612600684165955,442104000.0
2010-06-14,NVDA,0.27002278042976086,0.27048121728903823,0.25970782813208887,0.26039549708366394,375080000.0
2010-06-15,NVDA,0.26337532086035387,0.27460714445445056,0.2629168567746258,0.2732318341732025,528632000.0
2010-06-16,NVDA,0.27139811267835584,0.27391955633982434,0.26612602059321455,0.2697935700416565,366480000.0
2010-06-17,NVDA,0.27919157837385983,0.2807961206079684,0.26956427031858754,0.2801084518432617,859068000.0
2010-06-18,NVDA,0.2817129865182442,0.2853805349480624,0.2796500076047901,0.281942218542099,932832000.0
2010-06-21,NVDA,0.28790215477036935,0.28858979661373935,0.27277354236035,0.2752949595451355,579836000.0
2010-06-22,NVDA,0.2787331362000764,0.2821714529682771,0.26360453148986823,0.26497986912727356,818164000.0
2010-06-23,NVDA,0.2675013069766925,0.27071039163237814,0.259936977448336,0.26795974373817444,614060000.0
2010-06-24,NVDA,0.26635518615547776,0.2677305238275621,0.2537480243541872,0.25466489791870117,725028000.0
2010-06-25,NVDA,0.25649877531825216,0.2567280074640392,0.24985137099432167,0.25397735834121704,507220000.0
2010-06-28,NVDA,0.25581105586605374,0.2581032673266997,0.249851295138248,0.2544357180595398,372008000.0
2010-06-29,NVDA,0.24893441348351356,0.2491636455774998,0.23861946110985993,0.24022400379180908,660808000.0
2010-06-30,NVDA,0.24068247858009598,0.24320392270998942,0.23403507471084595,0.23403507471084595,623072000.0
2010-07-01,NVDA,0.23472274676078472,0.23953637562635585,0.22761686487829375,0.23793183267116547,737008000.0
2010-07-02,NVDA,0.23884874047738247,0.23930717743077176,0.22692921573731956,0.2349519580602646,737096000.0
2010-07-06,NVDA,0.2340350004948086,0.2415993031604117,0.23036745152805746,0.23243045806884766,712020000.0
2010-07-07,NVDA,0.2333472892664631,0.24503757556509886,0.23288885256021064,0.24366223812103271,608412000.0
2010-07-08,NVDA,0.24526690294433004,0.2454961077239201,0.23334737999542432,0.23632726073265076,783272000.0
2010-07-09,NVDA,0.23747333144955843,0.23884866922476322,0.23426421908251907,0.23724409937858582,571516000.0
2010-07-12,NVDA,0.2372441763862201,0.2445792771344757,0.2370149715661648,0.24159939587116241,565396000.0
2010-07-13,NVDA,0.2454960804704143,0.25191427811685685,0.2441207699695943,0.2503097355365753,723316000.0
2010-07-14,NVDA,0.2613123374757851,0.2631461120043424,0.24916361196507164,0.2528311610221863,1355664000.0
2010-07-15,NVDA,0.2530602828675961,0.25328951485557155,0.24274533526420064,0.24572521448135376,953088000.0
2010-07-16,NVDA,0.24572532110917966,0.24641299004620132,0.229450608009376,0.2303674817085266,1288604000.0
2010-07-19,NVDA,0.23357663257349245,0.24068247321936653,0.23197206234912304,0.23976559937000275,798440000.0
2010-07-20,NVDA,0.23357649295007132,0.24710052443328984,0.23151348703420893,0.24572521448135376,1160988000.0
2010-07-21,NVDA,0.24801752770140875,0.24824673245893458,0.23541033697671657,0.23770254850387573,624940000.0
2010-07-22,NVDA,0.24022405764953342,0.2441208401690408,0.2388487467532287,0.24159939587116241,462612000.0
2010-07-23,NVDA,0.24137010803870673,0.24159934013119963,0.235181142119896,0.23747335374355316,817604000.0
2010-07-26,NVDA,0.236785656618695,0.24274541706124,0.2331181075270804,0.24182851612567902,683548000.0
2010-07-27,NVDA,0.242516248243416,0.2429746851680979,0.23678571837158763,0.23976559937000275,683472000.0
2010-07-28,NVDA,0.23586882800089323,0.23999481468467107,0.23151360920816996,0.23220127820968628,1320808000.0
2010-07-29,NVDA,0.21546806892496045,0.22005249156294138,0.20790376610722908,0.20927909016609192,2664476000.0
2010-07-30,NVDA,0.20767460129675852,0.21432201856967922,0.20446550188955606,0.21065448224544525,984288000.0
2010-08-02,NVDA,0.21432198073685682,0.2152388680717285,0.20950832564444502,0.2104252129793167,917020000.0
2010-08-03,NVDA,0.20882066565073992,0.20904988406359076,0.2033193554290298,0.20492389798164368,955444000.0
2010-08-04,NVDA,0.20675761993855699,0.21432192127424565,0.2058407328580713,0.21363425254821777,855496000.0
2010-08-05,NVDA,0.2143219397059494,0.21684336914713725,0.21042517269442665,0.21638493239879608,800504000.0
2010-08-06,NVDA,0.21546810001445763,0.2211986291387813,0.21363432522961037,0.21890641748905182,739904000.0
2010-08-09,NVDA,0.22119864209756498,0.22142787420609467,0.21569733108339156,0.22096942365169525,466456000.0
2010-08-10,NVDA,0.21730182508499593,0.21776026184499703,0.2108836284690447,0.21180051565170288,772560000.0
2010-08-11,NVDA,0.20744536491309987,0.20744536491309987,0.20286094118634065,0.2035486102104187,796148000.0
2010-08-12,NVDA,0.1998810667651428,0.20996681568548498,0.19827652387393344,0.20538239181041718,1343584000.0
2010-08-13,NVDA,0.21202974097483288,0.21821871941344798,0.21157129053716336,0.21523883938789368,1797392000.0
2010-08-16,NVDA,0.2122590142345789,0.21661421937371675,0.2069869216457289,0.20973758399486542,814008000.0
2010-08-17,NVDA,0.21180053413961122,0.2163849567904169,0.20973754121421723,0.21248818933963776,481224000.0
2010-08-18,NVDA,0.21180049204990092,0.21546802670918913,0.21042515459784517,0.21363425254821777,352920000.0
2010-08-19,NVDA,0.21592653911991197,0.22715839271532523,0.2147804332831546,0.2264707237482071,1615100000.0
2010-08-20,NVDA,0.22486614977227695,0.23403500885398798,0.2246369313693321,0.22853368520736694,1305308000.0
2010-08-23,NVDA,0.22922136242622712,0.23495189102181965,0.2244077074758031,0.22509537637233734,748620000.0
2010-08-24,NVDA,0.21776030184965509,0.22509538699579004,0.21730186500543475,0.22280317544937134,641332000.0
2010-08-25,NVDA,0.22028178263990406,0.22922141191148374,0.21913566301069867,0.22738763689994812,757532000.0
2010-08-26,NVDA,0.23036748609138072,0.23288892979999265,0.2246369570493698,0.2246369570493698,657596000.0
2010-08-27,NVDA,0.22601232005476854,0.23380584362125664,0.22028179002980097,0.23197206854820251,1060416000.0
2010-08-30,NVDA,0.22922139700428534,0.23105517189656313,0.22096942365169525,0.22096942365169525,602804000.0
2010-08-31,NVDA,0.2177602755067973,0.22463692297683138,0.21317585296854585,0.2138635218143463,931488000.0
2010-09-01,NVDA,0.21707265005863804,0.21982329849331472,0.21432198796130264,0.21546809375286102,851440000.0
2010-09-02,NVDA,0.21615573822635945,0.22005249201152396,0.2140927453025311,0.21936483681201935,596292000.0
2010-09-03,NVDA,0.2246369612141945,0.22761682817369225,0.22188629902543594,0.226929172873497,566484000.0
2010-09-07,NVDA,0.2262414872476495,0.2342642274643226,0.22578305041461716,0.22899214923381805,899820000.0
2010-09-08,NVDA,0.22945058686379619,0.2381609955042675,0.22692914343552573,0.23655642569065094,1224156000.0
2010-09-09,NVDA,0.23953636783465643,0.2397655999602226,0.2303675200171605,0.23334740102291107,697748000.0
2010-09-10,NVDA,0.234951917350056,0.23563958632364904,0.22876295123835622,0.23082593083381653,609292000.0
2010-09-13,NVDA,0.23495189599591154,0.246871417587341,0.23495189599591154,0.24389153718948364,1015792000.0
2010-09-14,NVDA,0.24182860069121773,0.244808481954531,0.23953638853871892,0.24159939587116241,698536000.0
2010-09-15,NVDA,0.23930709261752667,0.24228697274643787,0.23609798043050156,0.24205774068832397,555572000.0
2010-09-16,NVDA,0.23884867781690758,0.244349974464995,0.23884867781690758,0.24228699505329132,365280000.0
2010-09-17,NVDA,0.2445791916070473,0.24480839634695153,0.24114087458065164,0.24182851612567902,416884000.0
2010-09-20,NVDA,0.24182853002329147,0.24641298031393025,0.23953631854063023,0.24549607932567596,443168000.0
2010-09-21,NVDA,0.24412079586296773,0.26291692663703786,0.24412079586296773,0.2587909400463104,1779624000.0
2010-09-22,NVDA,0.2578741022018133,0.26337542753085047,0.2562695592278403,0.2610832154750824,999996000.0
2010-09-23,NVDA,0.2640630640970742,0.27460725027648697,0.26177085208636036,0.2663552761077881,1240872000.0
2010-09-24,NVDA,0.27231497094378315,0.28194228086896583,0.2702519915742816,0.28102537989616394,1086976000.0
2010-09-27,NVDA,0.2830883395942585,0.28331754430542083,0.2713980522403296,0.2750656008720398,999504000.0
2010-09-28,NVDA,0.2752948455158567,0.2782747257957013,0.26956431702589223,0.2743779718875885,723192000.0
2010-09-29,NVDA,0.27185664791859093,0.28033785567197167,0.2693352033445598,0.2723150849342346,974904000.0
2010-09-30,NVDA,0.275753365798019,0.2789624791189576,0.26543841139384033,0.26773062348365784,787632000.0
2010-10-01,NVDA,0.27162737763404404,0.27208584191068447,0.25810333728091445,0.26016631722450256,999120000.0
2010-10-04,NVDA,0.25764477252960205,0.26199999018200176,0.2523726813321249,0.25764477252960205,749500000.0
2010-10-05,NVDA,0.2631461483974204,0.26360458526163283,0.2587909298741063,0.2594785988330841,753588000.0
2010-10-06,NVDA,0.2594786267843635,0.2606247327310134,0.24457924947791482,0.24710066616535187,1057604000.0
2010-10-07,NVDA,0.24824672267176442,0.24847595474556955,0.23793177120621697,0.2452668696641922,761488000.0
2010-10-08,NVDA,0.24434986296270567,0.2509972896482017,0.240911547295302,0.2489342838525772,706932000.0
2010-10-11,NVDA,0.25008044651659733,0.2521434527860785,0.24664213005943889,0.2477882355451584,442680000.0
2010-10-12,NVDA,0.24572534575376334,0.2537480870645685,0.24366233873579282,0.2526019811630249,605208000.0
2010-10-13,NVDA,0.2567279035634097,0.26360453725007726,0.2539772555538053,0.25993698835372925,968732000.0
2010-10-14,NVDA,0.26016634737255234,0.26062478437699294,0.2546650213432853,0.2558111548423767,599172000.0
2010-10-15,NVDA,0.2599370459145503,0.26291692663703786,0.2558110866491422,0.2587909400463104,639940000.0
2010-10-18,NVDA,0.2590201591805138,0.2615416028945164,0.25443573593710406,0.26039549708366394,448156000.0
2010-10-19,NVDA,0.254664953455583,0.2606247149005581,0.25260197382287897,0.2587909400463104,866136000.0
2010-10-20,NVDA,0.25902017215008616,0.2658968073595254,0.25443574867712665,0.2587909400463104,763532000.0
2010-10-21,NVDA,0.25902013345332453,0.25947857026706767,0.25030972469094426,0.25420647859573364,1014428000.0
2010-10-22,NVDA,0.25581105656785386,0.2725442057415384,0.2530603809472797,0.2704811990261078,1322676000.0
2010-10-25,NVDA,0.27254427697055045,0.2750657211732802,0.27002283276782074,0.2730027139186859,673136000.0
2010-10-26,NVDA,0.2697936333585308,0.276211832736909,0.26750142124663306,0.27208584547042847,675248000.0
2010-10-27,NVDA,0.26956436032256803,0.2768994325027983,0.26887669132825776,0.2759825587272644,496796000.0
2010-10-28,NVDA,0.27965014610219163,0.28056702000107525,0.27369038378347793,0.27621182799339294,704448000.0
2010-10-29,NVDA,0.2757532547187888,0.2785039299787986,0.27277340206263245,0.2755240499973297,554664000.0
2010-11-01,NVDA,0.2773578967158849,0.2817130881376505,0.27369034696310995,0.2759825587272644,473920000.0
2010-11-02,NVDA,0.2771286452767619,0.2862974916937581,0.2755241026188511,0.28171306848526,581036000.0
2010-11-03,NVDA,0.2835469914491393,0.2856099993665277,0.27621191594642214,0.2837762236595154,671748000.0
2010-11-04,NVDA,0.2865268255989257,0.289506707208386,0.28377617616147294,0.2842346131801605,700016000.0
2010-11-05,NVDA,0.2862974893203813,0.29156958143151257,0.28492217876442366,0.2890481650829315,735116000.0
2010-11-08,NVDA,0.2888189647647533,0.29271571942325775,0.28652675292736013,0.2901943027973175,605156000.0
2010-11-09,NVDA,0.29019425604323373,0.2924864675113218,0.2869851435927208,0.2885896861553192,633964000.0
2010-11-10,NVDA,0.2906526721784494,0.29202800989151,0.28652668636458184,0.29202800989151,521016000.0
2010-11-11,NVDA,0.2851513835277578,0.2938617930167594,0.2812546292979017,0.2890481650829315,1089980000.0
2010-11-12,NVDA,0.3000507250959363,0.3135747870918951,0.2986753874945466,0.30394747853279114,2142560000.0
2010-11-15,NVDA,0.30532286201681713,0.30967805286684436,0.2995923333587202,0.30027997493743896,733548000.0
2010-11-16,NVDA,0.29523707479173844,0.2993630603261518,0.29088188453754854,0.29134032130241394,739356000.0
2010-11-17,NVDA,0.29111107644464823,0.2995922791852805,0.2883604286512077,0.2961539626121521,551764000.0
2010-11-18,NVDA,0.30005070541392004,0.3083026758303411,0.30005070541392004,0.3053227961063385,993120000.0
2010-11-19,NVDA,0.30463522290440115,0.31632551344029025,0.30417678603198406,0.31517940759658813,716484000.0
2010-11-22,NVDA,0.3131163761479939,0.31724233464170265,0.3103657007184359,0.3154085874557495,462668000.0
2010-11-23,NVDA,0.3117410700549562,0.31495015528120485,0.30578130912013224,0.3080735206604004,457832000.0
2010-11-24,NVDA,0.31128272405908763,0.31678402243114523,0.31105349190803316,0.3156379163265228,397784000.0
2010-11-26,NVDA,0.31540863341737047,0.31724238087053885,0.31174108386039734,0.31174108386039734,143104000.0
2010-11-29,NVDA,0.31036575212291173,0.31632551344029025,0.30899044150566046,0.31517940759658813,468192000.0
2010-11-30,NVDA,0.3103658101106192,0.31357492346775634,0.3062398228373422,0.3119703531265259,720936000.0
2010-12-01,NVDA,0.31815925541168744,0.32778653803989677,0.31770081858659477,0.3257235586643219,626536000.0
2010-12-02,NVDA,0.3257236067515776,0.3316833683335818,0.3254943746425313,0.329620361328125,529316000.0
2010-12-03,NVDA,0.3280157836025819,0.33901840448379517,0.32732811467400913,0.33901840448379517,606044000.0
2010-12-06,NVDA,0.3401644487274971,0.34085211753168465,0.3312248362489958,0.3326001465320587,438424000.0
2010-12-07,NVDA,0.34039377550892447,0.3513963974622337,0.3397061065133452,0.3433736562728882,1026812000.0
2010-12-08,NVDA,0.342915213292295,0.3500210532528578,0.3403937694617384,0.34635353088378906,613252000.0
2010-12-09,NVDA,0.33810157469177043,0.34291523049142164,0.33328791889211923,0.34062299132347107,942408000.0
2010-12-10,NVDA,0.34062284232337275,0.3458949327202929,0.3397059689175208,0.34268584847450256,451900000.0
2010-12-13,NVDA,0.344061208869595,0.3447488503072195,0.3330585633132559,0.3339754641056061,609108000.0
2010-12-14,NVDA,0.34039382463047674,0.34658279183316826,0.3339756252877389,0.33443406224250793,755160000.0
2010-12-15,NVDA,0.3351216158194885,0.3392476016408127,0.3266404121158111,0.32709887623786926,624176000.0
2010-12-16,NVDA,0.3305372056421225,0.3323709802234319,0.32664042440984686,0.3275573253631592,631872000.0
2010-12-17,NVDA,0.32778652226342675,0.33122486659942285,0.32388976844971734,0.32939109206199646,593156000.0
2010-12-20,NVDA,0.3305372480794619,0.33214179079712,0.3277865721916837,0.3280158042907715,344088000.0
2010-12-21,NVDA,0.3312249752662764,0.3408522605895996,0.33099574312689967,0.3408522605895996,466952000.0
2010-12-22,NVDA,0.3401645454041944,0.3449782010762631,0.3369554598396951,0.3445197641849518,477988000.0
2010-12-23,NVDA,0.3445197226811334,0.3445197226811334,0.34062294126112724,0.34199827909469604,273784000.0
2010-12-27,NVDA,0.3410814566432876,0.3463535493632648,0.3348924627881331,0.3438321053981781,255500000.0
2010-12-28,NVDA,0.3438320062588868,0.34612421744792105,0.3403936894753355,0.3424566686153412,194260000.0
2010-12-29,NVDA,0.34222746389162545,0.34497811185340393,0.3392475838808184,0.3424566686153412,177660000.0
2010-12-30,NVDA,0.3419982638124737,0.3456658129878948,0.34085215811081904,0.3436028063297272,174488000.0
2010-12-31,NVDA,0.3438321208819382,0.35345943294558185,0.34337368395636514,0.3530009686946869,391252000.0
2011-01-03,NVDA,0.355751557538618,0.36606650879496866,0.3552930934003058,0.36262819170951843,817448000.0
2011-01-04,NVDA,0.36331579845649653,0.3649203406902308,0.3534592856988283,0.36148202419281006,651384000.0
2011-01-05,NVDA,0.3681295151488746,0.38967634752044344,0.3644619930502673,0.38921788334846497,1428216000.0
2011-01-06,NVDA,0.3993036179705728,0.44331412768954737,0.39815751222751533,0.4430848956108093,3493312000.0
2011-01-07,NVDA,0.43804211135742654,0.45683827064567584,0.42818559480207363,0.4554629325866699,2579984000.0
2011-01-10,NVDA,0.4472109092415799,0.4738005750451439,0.4437725918010493,0.4728837013244629,1750348000.0
2011-01-11,NVDA,0.47930189852974275,0.4838863215146231,0.45546285528785885,0.465548574924469,2711088000.0
2011-01-12,NVDA,0.46577792556266845,0.5356904171014081,0.4641733826687363,0.5352320075035095,3431896000.0
2011-01-13,NVDA,0.529501415560556,0.5464638265339489,0.512997468805605,0.5361488461494446,2695192000.0
2011-01-14,NVDA,0.5269797744924293,0.5496726779506538,0.5237706902823248,0.5407330393791199,1595352000.0
2011-01-18,NVDA,0.5333980329819228,0.5370655818344638,0.5150603433698436,0.5281259417533875,1813348000.0
2011-01-19,NVDA,0.5283551829266118,0.5409623167752748,0.5125389097858921,0.5136849880218506,1197896000.0
2011-01-20,NVDA,0.5086422889604313,0.5171234668600594,0.49947338742904507,0.5141435861587524,1111408000.0
2011-01-21,NVDA,0.519644773727408,0.5269798715447732,0.5084129222728884,0.5093297958374023,739244000.0
2011-01-24,NVDA,0.5327105780561158,0.5741997103686737,0.5267508702596845,0.5668646097183228,2056900000.0
2011-01-25,NVDA,0.5643431939205512,0.570302956956821,0.5457762902927751,0.5494438409805298,1086856000.0
2011-01-26,NVDA,0.5551740223912717,0.5730533011257748,0.5512772691249208,0.5625091195106506,1074660000.0
2011-01-27,NVDA,0.5705321734957729,0.5719074570808239,0.5501314687346184,0.560904860496521,657396000.0
2011-01-28,NVDA,0.5622802545613599,0.5716783090207007,0.5317937694784827,0.5446301698684692,1094796000.0
2011-01-31,NVDA,0.5455467847313186,0.5558617072884141,0.5366071451047121,0.5482974052429199,750160000.0
2011-02-01,NVDA,0.553111350028419,0.5650308205529723,0.5494437996167684,0.560904860496521,654104000.0
2011-02-02,NVDA,0.5576956801338233,0.5998724207642713,0.5576956801338233,0.5863483548164368,1606616000.0
2011-02-03,NVDA,0.5872652179637425,0.5872652179637425,0.5627385030846119,0.5753456950187683,1030776000.0
2011-02-04,NVDA,0.5833683796388843,0.5929956348028887,0.581076168221174,0.5884112119674683,872900000.0
2011-02-07,NVDA,0.5803883776930703,0.5829097933289242,0.5618214308454341,0.563884437084198,934236000.0
2011-02-08,NVDA,0.5645720808101631,0.5682396290774456,0.544629797353805,0.5471512675285339,1076584000.0
2011-02-09,NVDA,0.5492143211047942,0.5547156718535333,0.5239999972253733,0.5338565111160278,1277520000.0
2011-02-10,NVDA,0.5219371363201212,0.5320229124064207,0.5180403815529501,0.5230832695960999,1042352000.0
2011-02-11,NVDA,0.5212493163377067,0.5549448707148239,0.512768140223943,0.5379824638366699,1359276000.0
2011-02-14,NVDA,0.544400822208767,0.5615924380507508,0.5276676705874835,0.5297306776046753,1287828000.0
2011-02-15,NVDA,0.5306476129231366,0.5324813607172779,0.5146020737964901,0.5168943405151367,886980000.0
2011-02-16,NVDA,0.523770763007861,0.5434837896793933,0.521936961311309,0.5359194874763489,1318364000.0
2011-02-17,NVDA,0.5207911411212242,0.5962049958009963,0.5182696693704091,0.5886406898498535,3470096000.0
2011-02-18,NVDA,0.5854315447135555,0.5948296532018319,0.5783257031278375,0.5874945521354675,1394412000.0
2011-02-22,NVDA,0.5682398729680791,0.5698444157767002,0.530189091182778,0.5320228934288025,1396648000.0
2011-02-23,NVDA,0.5320229045564739,0.5370657378745747,0.49924421473561054,0.5068085193634033,1491604000.0
2011-02-24,NVDA,0.5093297503675569,0.5281259026899079,0.5056622564369124,0.5191863179206848,1246120000.0
2011-02-25,NVDA,0.5331688229747427,0.5386701188737387,0.5258337253423311,0.5299597382545471,775652000.0
2011-02-28,NVDA,0.5386702440395861,0.5388995034661748,0.5074961538341382,0.5194156765937805,903696000.0
2011-03-01,NVDA,0.5203324344143916,0.5269798632916075,0.49626418948173523,0.49626418948173523,988448000.0
2011-03-02,NVDA,0.49557675676774277,0.5049748654236584,0.46417345382151726,0.47563451528549194,1718140000.0
2011-03-03,NVDA,0.48663694394582324,0.4893876196050912,0.4639440337087615,0.47838497161865234,1593704000.0
2011-03-04,NVDA,0.4788435464450118,0.483657175310583,0.47059157221071446,0.47586366534233093,959760000.0
2011-03-07,NVDA,0.4793018518242577,0.48090639424754816,0.4572965853856885,0.46921607851982117,1019140000.0
2011-03-08,NVDA,0.47425903489076765,0.47678045126222535,0.4382712634903057,0.448127806186676,1947184000.0
2011-03-09,NVDA,0.4467524132568598,0.4511076311670085,0.4348328925135597,0.4387296736240387,1318976000.0
2011-03-10,NVDA,0.42864404219866303,0.43185312798108183,0.4103063193730702,0.41076478362083435,1722736000.0
2011-03-11,NVDA,0.4142030031613328,0.4252056233136344,0.40480492551919045,0.4137445390224457,1486832000.0
2011-03-14,NVDA,0.41695363070055547,0.42749781351663196,0.41030620159465897,0.4171828627586365,1003360000.0
2011-03-15,NVDA,0.3967822066163835,0.4116816098109756,0.3899055715997958,0.4048049747943878,1256280000.0
2011-03-16,NVDA,0.4011373717038088,0.4206211956449517,0.3965529489706728,0.40182504057884216,1476520000.0
2011-03-17,NVDA,0.4125984919186807,0.4132861608993515,0.3942607981691601,0.4093894064426422,1238516000.0
2011-03-18,NVDA,0.4158075685006663,0.41718290634220767,0.403429609902744,0.4038880467414856,886960000.0
2011-03-21,NVDA,0.41259851796282015,0.4167245047819676,0.40297123360168996,0.4070972204208374,751832000.0
2011-03-22,NVDA,0.4059510647266806,0.40984781895168815,0.398157528951348,0.39999130368232727,718332000.0
2011-03-23,NVDA,0.3993035690282973,0.4093893147261918,0.3905931609836244,0.40824320912361145,782396000.0
2011-03-24,NVDA,0.4169537487421531,0.4458356572965861,0.4160368749008854,0.4407927691936493,1780592000.0
2011-03-25,NVDA,0.44468943389018967,0.44583553955174937,0.4263517159799203,0.42703938484191895,1196392000.0
2011-03-28,NVDA,0.4371250711388722,0.45019069656665345,0.4332283176451973,0.4428556263446808,1204284000.0
2011-03-29,NVDA,0.44285570938850444,0.444460252030863,0.4334576309720482,0.43941739201545715,715764000.0
2011-03-30,NVDA,0.44285569405470787,0.44468946872190246,0.41741210811969304,0.42291343212127686,1176320000.0
2011-03-31,NVDA,0.42360104627963774,0.4281854686923529,0.41534907500662527,0.42314258217811584,655112000.0
2011-04-01,NVDA,0.42864391915640926,0.4291023559472574,0.4114523072344362,0.4171828627586365,850072000.0
2011-04-04,NVDA,0.41718289136832604,0.4183289970867013,0.3993036093712933,0.4022834897041321,924328000.0
2011-04-05,NVDA,0.40824333070491736,0.4114524164177334,0.40205433674755325,0.4029712378978729,821076000.0
2011-04-06,NVDA,0.4059509512915458,0.40640938801486,0.3967820801987129,0.40022042393684387,856984000.0
2011-04-07,NVDA,0.401137349687619,0.41741206042714973,0.39953280728414875,0.4148906171321869,1021208000.0
2011-04-08,NVDA,0.4180997650128999,0.4180997650128999,0.4011373839857568,0.4022834897041321,746552000.0
2011-04-11,NVDA,0.40388800328394303,0.40595100982427973,0.3926561789793716,0.3970113694667816,546208000.0
2011-04-12,NVDA,0.3931146180158313,0.4009081254563697,0.385779520042014,0.3981574773788452,840756000.0
2011-04-13,NVDA,0.40228356457761194,0.4096186370753625,0.39724070394324096,0.4070972204208374,749588000.0
2011-04-14,NVDA,0.40342958540585244,0.42451795196061165,0.4011373740260147,0.42428871989250183,1254704000.0
2011-04-15,NVDA,0.4210797630929084,0.4341453937962009,0.4190167558277617,0.42887330055236816,969720000.0
2011-04-18,NVDA,0.41878742321891865,0.42153807140774235,0.40801400788094355,0.4146614372730255,743584000.0
2011-04-19,NVDA,0.4148906274134719,0.4164951971820179,0.4018250284824202,0.413056880235672,659860000.0
2011-04-20,NVDA,0.4281854807944329,0.4343744457614584,0.41878740365261774,0.4256640374660492,650516000.0
2011-04-21,NVDA,0.4302485785195997,0.43299925466289246,0.42360117493239174,0.42451804876327515,421300000.0
2011-04-25,NVDA,0.42635165375411255,0.4382711454296267,0.42612242172513115,0.43116530776023865,619612000.0
2011-04-26,NVDA,0.43483290398893754,0.4467524250467975,0.43047771328916834,0.44239720702171326,676000000.0
2011-04-27,NVDA,0.44468944573118374,0.44468944573118374,0.4332283614850918,0.44239720702171326,450004000.0
2011-04-28,NVDA,0.44239725260327795,0.4561505496505703,0.43735439250361763,0.4472109079360962,684000000.0
2011-04-29,NVDA,0.4501908043416982,0.46852849794930407,0.4495031353663492,0.4584427773952484,836000000.0
2011-05-02,NVDA,0.4680699416741952,0.4682991463772504,0.44996145851793673,0.45225366950035095,613824000.0
2011-05-03,NVDA,0.44698168825880324,0.4483569987899322,0.425205651266766,0.4307069480419159,808000000.0
2011-05-04,NVDA,0.432082377233299,0.43689603342306876,0.41947521107709734,0.4274979531764984,639356000.0
2011-05-05,NVDA,0.424059494667966,0.4327699029557065,0.41832896649515167,0.4277270436286926,544000000.0
2011-05-06,NVDA,0.436666634373495,0.4469816118837005,0.4332283176451973,0.4428556263446808,841080000.0
2011-05-09,NVDA,0.44423103287426874,0.4550044494836891,0.4430849270498894,0.4527122378349304,706328000.0
2011-05-10,NVDA,0.45637971716691017,0.4568381539610455,0.44881538709976376,0.4533998370170593,690976000.0
2011-05-11,NVDA,0.4556921647049446,0.46027656114254856,0.4492739659717854,0.4554629325866699,616000000.0
2011-05-12,NVDA,0.4538584314746391,0.47036238039924205,0.4527123254285041,0.4699039161205292,1224000000.0
2011-05-13,NVDA,0.44010498312588275,0.44125108878537794,0.41534909541572296,0.41855818033218384,2025192000.0
2011-05-16,NVDA,0.4174120415654339,0.4183289424154942,0.40549254911714716,0.4057217538356781,728188000.0
2011-05-17,NVDA,0.4043464884722806,0.4045756932162767,0.39242696737439847,0.40411725640296936,1420364000.0
2011-05-18,NVDA,0.4057218528029307,0.41695370651008523,0.4043465421803306,0.4135153889656067,658844000.0
2011-05-19,NVDA,0.4167243953833481,0.4169536274396363,0.401366585395506,0.40755555033683777,650884000.0
2011-05-20,NVDA,0.4066386974491892,0.41557831089419506,0.404804922881535,0.4146614372730255,575820000.0
2011-05-23,NVDA,0.4087017528278233,0.4171829583660975,0.4034296602115588,0.41420307755470276,588000000.0
2011-05-24,NVDA,0.4162661013388451,0.43254081780732656,0.4151199953150175,0.41580766439437866,720372000.0
2011-05-25,NVDA,0.4137445593603715,0.42360110162590675,0.40961857318477807,0.4208504259586334,545312000.0
2011-05-26,NVDA,0.4208503939707692,0.43506212608709205,0.419704288304957,0.4313945770263672,706436000.0
2011-05-27,NVDA,0.4332284302632516,0.44766936974109744,0.4327699933787033,0.4469817280769348,658824000.0
2011-05-31,NVDA,0.45569200530198317,0.45958878599761616,0.44468938665466085,0.4593595266342163,1200716000.0
2011-06-01,NVDA,0.45729659627583624,0.45798426513799806,0.43781277269938473,0.4387296736240387,762208000.0
2011-06-02,NVDA,0.4394173429127125,0.44262642783883005,0.4313945759467898,0.43666666746139526,607592000.0
2011-06-03,NVDA,0.4316237855018893,0.43552053908763455,0.42107960302251923,0.42314258217811584,549300000.0
2011-06-06,NVDA,0.4224550509823619,0.4263518055855765,0.4137446133334727,0.41420307755470276,435988000.0
2011-06-07,NVDA,0.41741212568727853,0.41970433728641476,0.41214003354420176,0.4139738082885742,433956000.0
2011-06-08,NVDA,0.41191081218183145,0.414432228444092,0.39953285365006613,0.402741938829422,569288000.0
2011-06-09,NVDA,0.4025126952164635,0.4034295688005337,0.38371654081519907,0.3981574773788452,741632000.0
2011-06-10,NVDA,0.3988452255666158,0.4013666694123375,0.389217914392274,0.3924270272254944,493548000.0
2011-06-13,NVDA,0.3924270107855192,0.39746987094038244,0.38692568644131714,0.38967636227607727,574760000.0
2011-06-14,NVDA,0.3931146190030673,0.40159579531561435,0.39128084450500783,0.39288538694381714,534576000.0
2011-06-15,NVDA,0.38761335722965956,0.3899055688859008,0.37638150371888646,0.3844042718410492,935916000.0
2011-06-16,NVDA,0.3846333681662677,0.39059312772230154,0.3656080113184941,0.3711093068122864,1024908000.0
2011-06-17,NVDA,0.3754645170104944,0.3756937490372707,0.35093783780845456,0.3623988926410675,1467884000.0
2011-06-20,NVDA,0.3591899554211893,0.3667542601757772,0.3552931733208746,0.3580438494682312,745960000.0
2011-06-21,NVDA,0.35941902007810134,0.3685878914521189,0.35598070355983624,0.3658372163772583,704276000.0
2011-06-22,NVDA,0.3633158085039997,0.3681294353383233,0.36010669662247263,0.3607943654060364,651720000.0
2011-06-23,NVDA,0.35621006378052783,0.37408932157477864,0.35300095081343025,0.37156790494918823,744024000.0
2011-06-24,NVDA,0.36973400494174247,0.37294308949795824,0.3585021543443647,0.3607943654060364,529052000.0
2011-06-27,NVDA,0.3607945132262235,0.3630867252270314,0.3406230148287272,0.35323020815849304,1142152000.0
2011-06-28,NVDA,0.3532301750393204,0.3594191413961542,0.3507087311447155,0.3552931547164917,692200000.0
2011-06-29,NVDA,0.3575852535245093,0.36446191403483547,0.34520732472160703,0.3607943654060364,960544000.0
2011-06-30,NVDA,0.3617113368394141,0.36927564085614284,0.356210039731967,0.36537888646125793,652300000.0
2011-07-01,NVDA,0.36537899015122516,0.37156798531011054,0.3580439161512543,0.37019264698028564,540804000.0
2011-07-05,NVDA,0.3697340071694498,0.3731723237826737,0.3607943675798809,0.3640034794807434,535296000.0
2011-07-06,NVDA,0.36377426048634676,0.36446192929871046,0.3548346205762434,0.35918983817100525,529580000.0
2011-07-07,NVDA,0.36102370936623535,0.3628574569238187,0.35414704672401887,0.3605652451515198,986136000.0
2011-07-08,NVDA,0.35552234254217957,0.35804378612271937,0.3507086874612642,0.3536885678768158,619516000.0
2011-07-11,NVDA,0.34704120687036194,0.34841651753952146,0.34039377633080503,0.34131065011024475,714388000.0
2011-07-12,NVDA,0.3397060991614638,0.34291521196294256,0.33099568916504873,0.33672621846199036,867604000.0
2011-07-13,NVDA,0.34131053117384047,0.34360274214899317,0.3328293560308374,0.3360384404659271,634368000.0
2011-07-14,NVDA,0.33741382283754073,0.33947680205931025,0.321139111820243,0.32274365425109863,1088996000.0
2011-07-15,NVDA,0.3245774411269312,0.3266404204274303,0.31655470134116714,0.32320210337638855,827736000.0
2011-07-18,NVDA,0.3206807643510339,0.3225145120254575,0.312199558392878,0.3163255453109741,818200000.0
2011-07-19,NVDA,0.31724230361551264,0.32664037998830747,0.31724230361551264,0.3259527385234833,602224000.0
2011-07-20,NVDA,0.3270988772957327,0.3289326244886391,0.3209098848810737,0.3218267858028412,662956000.0
2011-07-21,NVDA,0.3222853147147268,0.33924769969971247,0.31747165864425153,0.3369554877281189,1143420000.0
2011-07-22,NVDA,0.3399353507183065,0.3449782113231592,0.3355801318081859,0.3438321053981781,737192000.0
2011-07-25,NVDA,0.3385599479660083,0.33993528574323245,0.33351708832504545,0.3383307158946991,566920000.0
2011-07-26,NVDA,0.3287035318689545,0.33695550635293836,0.3252652137215152,0.3300788700580597,698276000.0
2011-07-27,NVDA,0.3254943414403131,0.3270989113893223,0.3167839320648628,0.3177008330821991,652212000.0
2011-07-28,NVDA,0.31655467791629543,0.323660516234098,0.31151179142101976,0.31701311469078064,648176000.0
2011-07-29,NVDA,0.31380400261875857,0.31999299471290366,0.312199460245404,0.31701311469078064,677656000.0
2011-08-01,NVDA,0.324348156075137,0.33489233757264575,0.32159750834870743,0.3339754641056061,1019620000.0
2011-08-02,NVDA,0.3316833654633787,0.3525425034945702,0.33053725957870483,0.33053725957870483,1356432000.0
2011-08-03,NVDA,0.33122482090995214,0.34062286971425015,0.32801570908079536,0.3394767642021179,765236000.0
2011-08-04,NVDA,0.3332878806119873,0.3332878806119873,0.30715665221214294,0.30715665221214294,979732000.0
2011-08-05,NVDA,0.3142625277447531,0.31815928207255173,0.28881894025356003,0.29684168100357056,1270588000.0
2011-08-08,NVDA,0.2824007761180694,0.29248652495361654,0.2716273582419793,0.27346113324165344,1084180000.0
2011-08-09,NVDA,0.27873323715331166,0.2968417284196624,0.27506571433409366,0.2963832914829254,1329832000.0
2011-08-10,NVDA,0.28767277111329265,0.29592474214139847,0.2812545744609116,0.28285911679267883,1140052000.0
2011-08-11,NVDA,0.2828592031477509,0.3115118784496389,0.2828592031477509,0.3073858916759491,1078792000.0
2011-08-12,NVDA,0.34016457691257435,0.34062301384634924,0.29042352745291916,0.2952371835708618,3195784000.0
2011-08-15,NVDA,0.298216991536341,0.307156632517825,0.2966124489987359,0.3064689636230469,864152000.0
2011-08-16,NVDA,0.3030306714481847,0.3071566578315732,0.29225725496785976,0.2977585792541504,716868000.0
2011-08-17,NVDA,0.2986753659568163,0.30371825191472385,0.289735754168362,0.29363250732421875,553328000.0
2011-08-18,NVDA,0.2803377733157677,0.2830884219268855,0.2704812300857337,0.2736903429031372,802564000.0
2011-08-19,NVDA,0.26910596353642446,0.2840053422237035,0.2670429562460685,0.26887673139572144,761332000.0
2011-08-22,NVDA,0.276440991514255,0.27965010433165843,0.27071046218887657,0.2736903429031372,611876000.0
2011-08-23,NVDA,0.2803378455498213,0.303489200919838,0.2798793812254041,0.3032599687576294,938312000.0
2011-08-24,NVDA,0.3025722367161921,0.30348911044102755,0.2911111512038401,0.298904687166214,687500000.0
2011-08-25,NVDA,0.2929449253699582,0.2982170175900996,0.28560985361056573,0.28606829047203064,690968000.0
2011-08-26,NVDA,0.2849221380166437,0.3011968488745162,0.27987925139004866,0.29821696877479553,732660000.0
2011-08-29,NVDA,0.30669815844796716,0.3073857999339156,0.29959229294045914,0.30623969435691833,601528000.0
2011-08-30,NVDA,0.30417682995821604,0.31609632698895107,0.3021138227464418,0.3135749101638794,684760000.0
2011-08-31,NVDA,0.3158670315011205,0.31907611647549844,0.30257220014597014,0.3050936162471771,705808000.0
2011-09-01,NVDA,0.30921958213318945,0.31586701104287784,0.3041767229320792,0.30440592765808105,762312000.0
2011-09-02,NVDA,0.2975292728462168,0.30165525819903305,0.2938617242380887,0.2961539626121521,471356000.0
2011-09-06,NVDA,0.28652664210123113,0.302801350781929,0.28377599442535106,0.30211368203163147,696248000.0
2011-09-07,NVDA,0.3266405165195465,0.3355801598773359,0.31770090048708005,0.3266405165195465,1606620000.0
2011-09-08,NVDA,0.32343144624274933,0.33122498395683675,0.3197638958684348,0.3250359892845154,880164000.0
2011-09-09,NVDA,0.3222852082538349,0.3309956163336344,0.3154085746106215,0.31815922260284424,869828000.0
2011-09-12,NVDA,0.31380403726001743,0.3284742069401937,0.31380403726001743,0.3257235586643219,916480000.0
2011-09-13,NVDA,0.3284742026184303,0.3346631953143577,0.32343134295812864,0.333058625459671,853836000.0
2011-09-14,NVDA,0.34176900905000474,0.35460540196007834,0.3415397770130954,0.3502501845359802,1547192000.0
2011-09-15,NVDA,0.3580438307198133,0.3598776056135878,0.35208406914637635,0.3552931547164917,752908000.0
2011-09-16,NVDA,0.35598061951662396,0.36904624106162653,0.35254230381010837,0.35437607765197754,1391588000.0
2011-09-19,NVDA,0.3484165002715601,0.35093794402803297,0.33810154780014684,0.34704118967056274,968204000.0
2011-09-20,NVDA,0.35139652353886325,0.3527718620234759,0.33649714169865463,0.33810168504714966,792436000.0
2011-09-21,NVDA,0.3399353408409875,0.345895075082528,0.3314541353823046,0.33168336749076843,715252000.0
2011-09-22,NVDA,0.31861775017902366,0.31907618708748536,0.3037183730394322,0.3096781075000763,1314632000.0
2011-09-23,NVDA,0.307844301479344,0.32503588722594534,0.3060105268679767,0.3160962462425232,1011440000.0
2011-09-26,NVDA,0.3199930474323485,0.32090992113237554,0.30257222852929644,0.31678393483161926,972124000.0
2011-09-27,NVDA,0.3248066847258227,0.32755733299925294,0.3147209379561574,0.3172423541545868,781388000.0
2011-09-28,NVDA,0.317930023054467,0.3259527904503935,0.3025722118129327,0.3076150715351105,1236532000.0
2011-09-29,NVDA,0.31311629896268056,0.3183883891359749,0.2922571429485898,0.30005067586898804,866416000.0
2011-09-30,NVDA,0.2952369731149612,0.2968415149020575,0.2862973363149052,0.2867558002471924,677784000.0
2011-10-03,NVDA,0.2830884594743183,0.2920281028028096,0.2707104980945587,0.2707104980945587,949896000.0
2011-10-04,NVDA,0.2640630198533043,0.29569557309150696,0.2629169140399775,0.29569557309150696,1361548000.0
2011-10-05,NVDA,0.2950078433071577,0.3089903696019617,0.28904811070195935,0.30623969435691833,856708000.0
2011-10-06,NVDA,0.30784436575083607,0.3193054253080675,0.3073859015082897,0.31838855147361755,773192000.0
2011-10-07,NVDA,0.3197638472844103,0.3291619266123459,0.3131164439819429,0.3243482708930969,806976000.0
2011-10-10,NVDA,0.32984955353085316,0.3387891948223114,0.3291618846122307,0.3387891948223114,534376000.0
2011-10-11,NVDA,0.33603847537517817,0.3415397986822341,0.3339754962133529,0.33512160181999207,816080000.0
2011-10-12,NVDA,0.34153985191051406,0.34176908399769246,0.33466321719896963,0.3348924219608307,612064000.0
2011-10-13,NVDA,0.33328771945843866,0.35506374625834153,0.33237084620015617,0.35437607765197754,854832000.0
2011-10-14,NVDA,0.3605651508051326,0.3642326996112787,0.35162553816245634,0.36033594608306885,702452000.0
2011-10-17,NVDA,0.3562099630748593,0.3562099630748593,0.34062289419905123,0.3424566686153412,611780000.0
2011-10-18,NVDA,0.3406229711483993,0.35575160666913813,0.33855999154235067,0.3548347055912018,590916000.0
2011-10-19,NVDA,0.3552930614226074,0.3614820534796377,0.34681188550689734,0.34772875905036926,557568000.0
2011-10-20,NVDA,0.33833076112893,0.33970609909003446,0.3172423914603638,0.3303080201148987,990308000.0
2011-10-21,NVDA,0.33443405110985597,0.33993537635992743,0.3264113090298259,0.3319126069545746,628428000.0
2011-10-24,NVDA,0.3332878163883812,0.34956252639584307,0.33260014758202283,0.34429043531417847,535256000.0
2011-10-25,NVDA,0.33947677245119423,0.34222744760740004,0.33053716016945994,0.33122482895851135,577996000.0
2011-10-26,NVDA,0.33764304508472354,0.33947679219509574,0.32549429286397247,0.33512160181999207,503116000.0
2011-10-27,NVDA,0.3474997540443463,0.3530010531175438,0.33970621514443333,0.34956273436546326,577732000.0
2011-10-28,NVDA,0.3465826039523975,0.3607943331233937,0.345665730539892,0.35758522152900696,490156000.0
2011-10-31,NVDA,0.3461242179194268,0.3481872243875556,0.33924758434295654,0.33924758434295654,519984000.0
2011-11-01,NVDA,0.32686971818888005,0.32778659198997273,0.3190761815783107,0.3222852945327759,790824000.0
2011-11-02,NVDA,0.3254943442831453,0.32709891424616866,0.31013653219313003,0.31678393483161926,961608000.0
2011-11-03,NVDA,0.32022227728923813,0.33649701900530177,0.3117410992607415,0.3358093500137329,749372000.0
2011-11-04,NVDA,0.33282942884077454,0.3408521690088679,0.3275573369795357,0.33970606327056885,654840000.0
2011-11-07,NVDA,0.33718453842251556,0.34291509305771617,0.33007870095343655,0.3378722071647644,613536000.0
2011-11-08,NVDA,0.34222752489821606,0.3477288218024521,0.3367262006686623,0.345665842294693,549728000.0
2011-11-09,NVDA,0.3376431534785387,0.34199834525179257,0.32686973545728204,0.3282450735569,532244000.0
2011-11-10,NVDA,0.3362677910574857,0.33970610873252366,0.32343139414054944,0.33168336749076843,990484000.0
2011-11-11,NVDA,0.3410814445045038,0.34612430492988555,0.3225144909251423,0.3433736562728882,1751560000.0
2011-11-14,NVDA,0.34337364884163407,0.34681196641979906,0.3358093447046073,0.33672621846199036,500292000.0
2011-11-15,NVDA,0.3335171070965903,0.34360282694617666,0.3326002060850626,0.3410814106464386,505660000.0
2011-11-16,NVDA,0.3346632273623369,0.3436028418287043,0.3330586573539936,0.334204763174057,512420000.0
2011-11-17,NVDA,0.33351714888542333,0.334434022686516,0.31632553284971227,0.3222852945327759,657504000.0
2011-11-18,NVDA,0.3241191362880502,0.3241191362880502,0.31586716107551976,0.3193054795265198,501352000.0
2011-11-21,NVDA,0.31426255957992066,0.33856001638572647,0.30944890371215805,0.3353509306907654,1330788000.0
2011-11-22,NVDA,0.33901841226631363,0.3474996170378776,0.33718463752312905,0.345665842294693,1287480000.0
2011-11-23,NVDA,0.34199836186166105,0.3445198060583126,0.3307665063701404,0.33099573850631714,825340000.0
2011-11-25,NVDA,0.32664041317219183,0.3342047159815306,0.3209098848810737,0.3218267858028412,406620000.0
2011-11-28,NVDA,0.33237102837133853,0.3449781928718302,0.33237102837133853,0.3399353325366974,690616000.0
2011-11-29,NVDA,0.33947683063506384,0.3461242603014671,0.33626774550322514,0.3417690694332123,623440000.0
2011-11-30,NVDA,0.3520839459272268,0.3591898109067616,0.34910406618337964,0.358272910118103,730324000.0
2011-12-01,NVDA,0.3552930934003058,0.36354506533551245,0.3536885508921587,0.36262819170951843,529760000.0
2011-12-02,NVDA,0.36652491078379185,0.36790024841742475,0.35689762932429914,0.36033594608306885,546464000.0
2011-12-05,NVDA,0.36629579145083313,0.36675422832714183,0.3518548249072168,0.3548347055912018,644696000.0
2011-12-06,NVDA,0.35689769162294527,0.3575853332344811,0.3461242753713185,0.34979182481765747,573832000.0
2011-12-07,NVDA,0.3474995543271577,0.3502502022828862,0.3403936887266555,0.34772875905036926,510016000.0
2011-12-08,NVDA,0.3442905225990171,0.3500210518959587,0.335580112602602,0.33672621846199036,491488000.0
2011-12-09,NVDA,0.3342047607169955,0.34429050825459445,0.32962033747044633,0.3415398597717285,555840000.0
2011-12-12,NVDA,0.3342047311699812,0.3355800689524796,0.32686966008905916,0.333058625459671,573208000.0
2011-12-13,NVDA,0.337413701017645,0.3415396852968519,0.3218266644769212,0.3238896429538727,516596000.0
2011-12-14,NVDA,0.321139180617542,0.32297295549935906,0.30784434688101764,0.3112826645374298,636020000.0
2011-12-15,NVDA,0.31655473782132293,0.3186177173595623,0.30784432815648927,0.3085319697856903,435148000.0
2011-12-16,NVDA,0.3110534455507823,0.31701320733674726,0.30830279677469113,0.3096781075000763,619116000.0
2011-12-19,NVDA,0.3110534005407991,0.31472094992843364,0.3005092165453375,0.3016553223133087,463276000.0
2011-12-20,NVDA,0.3085319544576501,0.31976380728927656,0.3085319544576501,0.31861770153045654,445208000.0
2011-12-21,NVDA,0.31678399059099005,0.3202223085592698,0.3083028117342977,0.31449177861213684,548424000.0
2011-12-22,NVDA,0.315408639997957,0.328932678036485,0.315408639997957,0.3280158042907715,576560000.0
2011-12-23,NVDA,0.32962028770061147,0.33007875181629664,0.32205598502088656,0.32480666041374207,248948000.0
2011-12-27,NVDA,0.3234314004468019,0.32732815508942636,0.3213683934063628,0.3222852945327759,195712000.0
2011-12-28,NVDA,0.3222852496263212,0.32297291854398275,0.31403327726501556,0.3142625093460083,233960000.0
2011-12-29,NVDA,0.31747155099501567,0.3209098677865309,0.31288712860632867,0.3202221989631653,211112000.0
2011-12-30,NVDA,0.3190761436202278,0.32251446095327524,0.3172423689108724,0.3177008330821991,186956000.0
2012-01-03,NVDA,0.32778651883041543,0.330078757472177,0.32113911694284414,0.3218267858028412,468044000.0
2012-01-04,NVDA,0.32205600210239554,0.32686965696988995,0.3190761218189616,0.32549431920051575,347372000.0
2012-01-05,NVDA,0.32388983367044155,0.33878923770895747,0.3225144956590954,0.3371846675872803,563548000.0
2012-01-06,NVDA,0.3369554142079344,0.3371846189598904,0.32939111088706396,0.3332878649234772,533252000.0
2012-01-09,NVDA,0.33351709700074933,0.3397060625086193,0.3309956534520204,0.3332878649234772,508244000.0
2012-01-10,NVDA,0.3383308060836632,0.3385600382160789,0.3296203949317088,0.3319126069545746,546328000.0
2012-01-11,NVDA,0.32893251077296637,0.3319123899192329,0.32388965308521794,0.32526499032974243,484272000.0
2012-01-12,NVDA,0.32595277887747387,0.326181983619021,0.31609623720744295,0.32320210337638855,652364000.0
2012-01-13,NVDA,0.32090989393289104,0.32159756281228496,0.3131163861672667,0.31472092866897583,504300000.0
2012-01-17,NVDA,0.3195345359838741,0.3195345359838741,0.30944879101160594,0.3099072277545929,627176000.0
2012-01-18,NVDA,0.3158670746841477,0.3229729418028513,0.31426253197759746,0.3204514980316162,632676000.0
2012-01-19,NVDA,0.3232022021735497,0.32939119661754224,0.3197638840714753,0.3289327323436737,608312000.0
2012-01-20,NVDA,0.3284741543202323,0.3323709350225643,0.3248066329816942,0.3259527385234833,546272000.0
2012-01-23,NVDA,0.326182012527811,0.33512165404800914,0.32205602623582086,0.3348924219608307,562792000.0
2012-01-24,NVDA,0.33260015503743146,0.3438320062588868,0.3323709503137157,0.3424566686153412,730920000.0
2012-01-25,NVDA,0.33328791412141984,0.34131065545578687,0.3236606026599232,0.3403937816619873,1274152000.0
2012-01-26,NVDA,0.34543664100471677,0.34933342292842406,0.33535092000591227,0.3371846675872803,799672000.0
2012-01-27,NVDA,0.335121639766809,0.34360281675122517,0.33237099146447346,0.3417690694332123,449996000.0
2012-01-30,NVDA,0.33580926755472135,0.3408521267124037,0.3307663810717262,0.33924758434295654,399076000.0
2012-01-31,NVDA,0.3401644679731935,0.34039370002932945,0.33260016534978487,0.33855992555618286,357900000.0
2012-02-01,NVDA,0.34245669349654845,0.34612424259559427,0.3376430660450299,0.3422274887561798,428020000.0
2012-02-02,NVDA,0.3440612942900256,0.3564392257946948,0.3406229496217094,0.35506391525268555,696236000.0
2012-02-03,NVDA,0.3603359803192183,0.3656080719819717,0.3596483114370652,0.36262819170951843,495232000.0
2012-02-06,NVDA,0.36079454973468505,0.36125298671617095,0.35666856225066157,0.35987767577171326,278868000.0
2012-02-07,NVDA,0.3603359286587643,0.3628573444314163,0.35437616896829355,0.3607943654060364,410296000.0
2012-02-08,NVDA,0.360794376259217,0.38096583967377434,0.35896060188965506,0.3738600015640259,847612000.0
2012-02-09,NVDA,0.37844453705416947,0.3805075167588408,0.37294321229951205,0.3736308813095093,561944000.0
2012-02-10,NVDA,0.3699632849481975,0.37133862279523583,0.36239898144012067,0.3644619882106781,440268000.0
2012-02-13,NVDA,0.37363096547952135,0.3750063038093462,0.3626283408169019,0.37019264698028564,610668000.0
2012-02-14,NVDA,0.3701925839179797,0.37546467685043866,0.36698347080350296,0.3722555637359619,453756000.0
2012-02-15,NVDA,0.3756937436006188,0.38738403029083834,0.3697339842437795,0.37065085768699646,1110856000.0
2012-02-16,NVDA,0.3452073620417565,0.3800489958061213,0.3438320243259421,0.3770691156387329,1888588000.0
2012-02-17,NVDA,0.3772984124172974,0.3798198288950333,0.3598775925469452,0.3633159101009369,1020360000.0
2012-02-21,NVDA,0.36308661065021797,0.37408923024713725,0.3623989418019142,0.3651496171951294,518176000.0
2012-02-22,NVDA,0.36331586059167154,0.37225547408371606,0.3621697548965215,0.36262819170951843,492432000.0
2012-02-23,NVDA,0.36331585764201424,0.36675417469954974,0.3575853018874734,0.3646911680698395,323968000.0
2012-02-24,NVDA,0.3658372568066991,0.3662957209200488,0.36033596069963947,0.36194050312042236,366668000.0
2012-02-27,NVDA,0.3573562345754793,0.35896077768766543,0.3495626965193495,0.3546055853366852,745268000.0
2012-02-28,NVDA,0.3546055246578995,0.35873151147272986,0.3477288617496351,0.3513964116573334,699884000.0
2012-02-29,NVDA,0.35254249169007995,0.35850225302095584,0.34704119455797827,0.3472703993320465,689196000.0
2012-03-01,NVDA,0.3486458602950398,0.3536887223330256,0.3472705218640762,0.34956273436546326,449944000.0
2012-03-02,NVDA,0.348416385463723,0.3575852290837233,0.348416385463723,0.35254237055778503,684076000.0
2012-03-05,NVDA,0.3500210708083823,0.3507087398262354,0.33810157469177043,0.34062299132347107,514848000.0
2012-03-06,NVDA,0.33672620828884303,0.33947685680320877,0.33145411602987296,0.33741387724876404,471400000.0
2012-03-07,NVDA,0.33924755949487795,0.340852101746801,0.33466313744634896,0.3394767642021179,441984000.0
2012-03-08,NVDA,0.34039378653440044,0.3440613364127367,0.3385600115952323,0.34062299132347107,430852000.0
2012-03-09,NVDA,0.34153983791691056,0.34406128147129494,0.33787228862422714,0.33970606327056885,367836000.0
2012-03-12,NVDA,0.3410814937252921,0.34337370582446114,0.3335171883329698,0.33443406224250793,299948000.0
2012-03-13,NVDA,0.33580931925087826,0.34085217918488353,0.33420474930910277,0.33901840448379517,553288000.0
2012-03-14,NVDA,0.3390183742268416,0.33970604309404084,0.3282449863917693,0.32939109206199646,735708000.0
2012-03-15,NVDA,0.330308008850905,0.33603853795122207,0.3291619030308416,0.334204763174057,382380000.0
2012-03-16,NVDA,0.33443400999743345,0.3360385527511263,0.3326002351395047,0.3346632421016693,428340000.0
2012-03-19,NVDA,0.3364969518595186,0.33810149430279013,0.33397550850201047,0.335580050945282,405400000.0
2012-03-20,NVDA,0.33374639302013415,0.33374639302013415,0.3270989888652142,0.3300788700580597,449616000.0
2012-03-21,NVDA,0.3300788470613216,0.33443403881452055,0.3264112970294434,0.33145415782928467,467840000.0
2012-03-22,NVDA,0.32893273125669586,0.3337463875138223,0.32801585736263517,0.33099573850631714,425372000.0
2012-03-23,NVDA,0.33007878710394845,0.3344339780660459,0.3277865482564084,0.3335171043872833,315456000.0
2012-03-26,NVDA,0.33672620828884303,0.3390184199383675,0.33351712290963603,0.33741387724876404,288600000.0
2012-03-27,NVDA,0.3387891896100561,0.34383204939350864,0.33810152070201344,0.33970606327056885,419968000.0
2012-03-28,NVDA,0.3440612916766477,0.35208403208270705,0.34153984804747367,0.3474996089935303,892448000.0
2012-03-29,NVDA,0.34704115685945114,0.35185478449581375,0.3426859387214288,0.3491041362285614,372700000.0
2012-03-30,NVDA,0.35208409484354075,0.35506397584774846,0.34704123401159337,0.3530009686946869,527240000.0
2012-04-02,NVDA,0.35208408068069186,0.3550639615650316,0.34635355102823884,0.3513964116573334,407776000.0
2012-04-03,NVDA,0.35391781497636476,0.3543762518308315,0.3438320675515084,0.345665842294693,430476000.0
2012-04-04,NVDA,0.34039377352376565,0.344748964928169,0.33374634303902645,0.3358093500137329,495896000.0
2012-04-05,NVDA,0.3362678045106625,0.34039379135084175,0.3342047974279124,0.3353509306907654,369424000.0
2012-04-09,NVDA,0.33007886461225644,0.33214184453655454,0.3245775392719229,0.33099573850631714,365504000.0
2012-04-10,NVDA,0.3296201591181762,0.33420457988416763,0.32297275993761,0.32457730174064636,470360000.0
2012-04-11,NVDA,0.3289325783749015,0.33580923868550433,0.32778647287735274,0.328703373670578,372960000.0
2012-04-12,NVDA,0.32916193869932603,0.3383307862533836,0.327786600636089,0.336497038602829,384868000.0
2012-04-13,NVDA,0.33351693862951143,0.33535071240096864,0.3243480697722255,0.32457730174064636,311324000.0
2012-04-16,NVDA,0.32686958218164197,0.3277864556012326,0.3154085278102143,0.3206806182861328,463468000.0
2012-04-17,NVDA,0.3215975091028592,0.32549426233488155,0.32022217157376404,0.3213682770729065,460696000.0
2012-04-18,NVDA,0.31930535069698596,0.3209098931950056,0.31403325906750834,0.3179300129413605,400764000.0
2012-04-19,NVDA,0.3138039534182353,0.32572347163789644,0.3115117425798864,0.31311631202697754,667188000.0
2012-04-20,NVDA,0.3149501530832877,0.31586705408818644,0.30623974382599195,0.3069274127483368,509592000.0
2012-04-23,NVDA,0.3016554255981481,0.3046353070802284,0.29592489479619605,0.3032599687576294,706244000.0
2012-04-24,NVDA,0.30417684801796724,0.30669829231806617,0.2922573229542171,0.29386186599731445,730440000.0
2012-04-25,NVDA,0.29821698331875823,0.30211373718136875,0.292715659637442,0.29982152581214905,727112000.0
2012-04-26,NVDA,0.29959223918550754,0.3025721186160919,0.2975292331218841,0.30005067586898804,539208000.0
2012-04-27,NVDA,0.2995924066115157,0.3014261816955429,0.2943203134919334,0.297529399394989,475356000.0
2012-04-30,NVDA,0.2959248389487137,0.2995923888999467,0.2938618318541497,0.29798781871795654,262268000.0
2012-05-01,NVDA,0.296383331795287,0.30646908240191834,0.296383331795287,0.3032599687576294,408680000.0
2012-05-02,NVDA,0.30211379952624035,0.30325990544736314,0.29294495215725797,0.29454949498176575,684008000.0
2012-05-03,NVDA,0.2952371738065111,0.2970709488062849,0.28767286901077005,0.2895066440105438,419536000.0
2012-05-04,NVDA,0.2876728094790432,0.2892773520248017,0.28102537989616394,0.28102537989616394,545092000.0
2012-05-07,NVDA,0.2860682532694825,0.29088190800215374,0.28354680987135666,0.2858390212059021,604440000.0
2012-05-08,NVDA,0.28331757292407095,0.2874435587201937,0.27827471354006045,0.28560981154441833,462312000.0
2012-05-09,NVDA,0.28056681041434484,0.2890480106074166,0.27781616344713644,0.2867558002471924,520608000.0
2012-05-10,NVDA,0.28950656798855434,0.2899650047867858,0.28010849066089555,0.2846929132938385,597092000.0
2012-05-11,NVDA,0.3083027240020044,0.3135748155181763,0.3016552947597654,0.3028014004230499,1435140000.0
2012-05-14,NVDA,0.30028005404597913,0.30555214726542024,0.2940910869298192,0.3009677231311798,437472000.0
2012-05-15,NVDA,0.30096769963766823,0.30761513050861294,0.29661250798023503,0.29798781871795654,599940000.0
2012-05-16,NVDA,0.2984462070102691,0.30188452396760634,0.2911111089743649,0.29202800989151,470484000.0
2012-05-17,NVDA,0.2931741460875588,0.29592479447493514,0.28996503353118896,0.28996503353118896,335364000.0
2012-05-18,NVDA,0.29065281866888343,0.29202815707512125,0.27552420550157913,0.276899516582489,567288000.0
2012-05-21,NVDA,0.2773578773673139,0.28308840637793653,0.2755241026188511,0.28171306848526,416260000.0
2012-05-22,NVDA,0.28148391760922786,0.2819423545527804,0.27414881721109496,0.278274804353714,410140000.0
2012-05-23,NVDA,0.2752949054114986,0.2856098862629702,0.27116891853597425,0.2851514220237732,496000000.0
2012-05-24,NVDA,0.28675599061782003,0.2872144275291499,0.2755241360009731,0.2775871157646179,520420000.0
2012-05-25,NVDA,0.2773579759238649,0.2865268255989257,0.2773579759238649,0.2842346131801605,391752000.0
2012-05-29,NVDA,0.28881882396043473,0.29340324540023416,0.2876727186004849,0.29156947135925293,310000000.0
2012-05-30,NVDA,0.2883604392711489,0.2904234183608783,0.28308834819979223,0.2881312072277069,379792000.0
2012-05-31,NVDA,0.2881312377539483,0.2892773434419589,0.2812546036258848,0.28492215275764465,358192000.0
2012-06-01,NVDA,0.2789624602245815,0.28171310908099384,0.2741488042318686,0.27460724115371704,440984000.0
2012-06-04,NVDA,0.27598259985363016,0.27758714286258007,0.26658451928998617,0.26887673139572144,432856000.0
2012-06-05,NVDA,0.2675012843516762,0.2773577968537875,0.2675012843516762,0.2766701281070709,365224000.0
2012-06-06,NVDA,0.27873301658166877,0.28469277401904225,0.2766700383362015,0.2840051054954529,368968000.0
2012-06-07,NVDA,0.2881312485973542,0.2897358184812067,0.2723149731123963,0.2725442051887512,526780000.0
2012-06-08,NVDA,0.2734610481369668,0.2787331393732901,0.2730026113610502,0.2778162658214569,370308000.0
2012-06-11,NVDA,0.2867559358315572,0.2917987955433621,0.2803377383232073,0.28102537989616394,839080000.0
2012-06-12,NVDA,0.2842343579208247,0.28950644721440083,0.2837759213138404,0.2867558002471924,496128000.0
2012-06-13,NVDA,0.2865267144286788,0.28721438335256333,0.2778163051518799,0.27919164299964905,494276000.0
2012-06-14,NVDA,0.2787332903155461,0.2810255027617424,0.27300275920005546,0.2757534086704254,589884000.0
2012-06-15,NVDA,0.27781631422310016,0.281942300575812,0.2752948705282991,0.28171306848526,385288000.0
2012-06-18,NVDA,0.2796501883426301,0.2865268255989257,0.2773579759238649,0.2842346131801605,304424000.0
2012-06-19,NVDA,0.2959248147372589,0.3078443374408951,0.2945494767867412,0.3034891188144684,960476000.0
2012-06-20,NVDA,0.3064689853830347,0.31403328911204503,0.30463521064186283,0.30830276012420654,972720000.0
2012-06-21,NVDA,0.308073618535977,0.308073618535977,0.2936326757793091,0.29432034492492676,516376000.0
2012-06-22,NVDA,0.29798781871795654,0.3014261638755632,0.2938618318541497,0.29798781871795654,865360000.0
2012-06-25,NVDA,0.2982169961815419,0.29913386983865065,0.2874435804212752,0.2885896861553192,494616000.0
2012-06-26,NVDA,0.2901943169353876,0.29386183965870366,0.2860683299620004,0.291798859834671,437152000.0
2012-06-27,NVDA,0.2920279696279681,0.30325979254321617,0.2920279696279681,0.301196813583374,506064000.0
2012-06-28,NVDA,0.2984462585381017,0.30532289364005233,0.2959248147372589,0.3034891188144684,545896000.0
2012-06-29,NVDA,0.31059496904314354,0.31747160376929817,0.3103657369554781,0.31678393483161926,616508000.0
2012-07-02,NVDA,0.3183885075379929,0.3186177123023159,0.3057813164394305,0.30830276012420654,581684000.0
2012-07-03,NVDA,0.3083028035967456,0.3170132143515437,0.3080735714747819,0.3163255453109741,219284000.0
2012-07-05,NVDA,0.31426241744615196,0.3156377275539761,0.3083026583363214,0.31311631202697754,280076000.0
2012-07-06,NVDA,0.31082417434392146,0.31174107537085416,0.30371833484310956,0.30715665221214294,382760000.0
2012-07-09,NVDA,0.30532288129716445,0.3066982191920831,0.30050922599026675,0.30303066968917847,306336000.0
2012-07-10,NVDA,0.29982162852918953,0.3087612723270021,0.291569653842797,0.29386186599731445,512028000.0
2012-07-11,NVDA,0.2947786940460487,0.29844624351257065,0.2876728272016564,0.2890481650829315,485216000.0
2012-07-12,NVDA,0.28583915640823065,0.28629759342691824,0.2817131685893878,0.2842346131801605,472160000.0
2012-07-13,NVDA,0.2844636514790995,0.28927727788263596,0.28262987732881045,0.28790196776390076,324260000.0
2012-07-16,NVDA,0.28606821821514883,0.29111107706814227,0.28331754309050594,0.2888188660144806,334460000.0
2012-07-17,NVDA,0.28973582820012433,0.29134037081248365,0.2787331800217023,0.2835468351840973,447476000.0
2012-07-18,NVDA,0.282859218125181,0.3034891530859876,0.28148390734467515,0.2993631660938263,616008000.0
2012-07-19,NVDA,0.30142613715852457,0.3062397653018736,0.2993631302468161,0.3023430109024048,403036000.0
2012-07-20,NVDA,0.3005091401846636,0.3025721464379831,0.29042339559415853,0.29363250732421875,451000000.0
2012-07-23,NVDA,0.28583910714397276,0.2995924066115157,0.28263002124091713,0.297529399394989,451584000.0
2012-07-24,NVDA,0.29798786815934475,0.2998216434392166,0.2908820265221642,0.29432034492492676,351164000.0
2012-07-25,NVDA,0.29340324831994474,0.3030305552995724,0.2920279382695033,0.30005067586898804,415044000.0
2012-07-26,NVDA,0.30555201106863294,0.30899035496202876,0.2991338146764793,0.3014260530471802,338440000.0
2012-07-27,NVDA,0.30257225037379337,0.3099073224795242,0.3002800113076007,0.3089904487133026,376516000.0
2012-07-30,NVDA,0.308990409876938,0.3128871638815839,0.30303064916960953,0.30555206537246704,363552000.0
2012-07-31,NVDA,0.30555208125339667,0.3147209548663407,0.30509364440407877,0.3103657364845276,387788000.0
2012-08-01,NVDA,0.31219950471922503,0.3151793851658416,0.30555207490364705,0.3069274127483368,335912000.0
2012-08-02,NVDA,0.305322872277142,0.3126579437409367,0.30027998502829845,0.3080735206604004,367912000.0
2012-08-03,NVDA,0.31288723569200405,0.31770089177772465,0.3055521354994161,0.31449177861213684,326548000.0
2012-08-06,NVDA,0.31747151894065184,0.32274360962039367,0.317013082213133,0.32113906741142273,360324000.0
2012-08-07,NVDA,0.32503593989946394,0.32778658859961185,0.3225144959845583,0.3243482708930969,407340000.0
2012-08-08,NVDA,0.32411908756391045,0.3296203853283815,0.32320218638628395,0.3261820673942566,517064000.0
2012-08-09,NVDA,0.3266404823678137,0.33787233659295335,0.32618204547247165,0.3371846675872803,822300000.0
2012-08-10,NVDA,0.3461242211087909,0.3488748690996623,0.3307663841195753,0.33512160181999207,1278744000.0
2012-08-13,NVDA,0.3355800109259304,0.3397059962346687,0.3342046733812474,0.3394767642021179,447244000.0
2012-08-14,NVDA,0.34062302944519945,0.3410814937252921,0.33305872405287706,0.33443406224250793,388828000.0
2012-08-15,NVDA,0.33558015712128886,0.3383308060836632,0.3303080640036331,0.3319126069545746,594404000.0
2012-08-16,NVDA,0.33489241339188985,0.3399353005782432,0.33374630763595803,0.3387891948223114,371008000.0
2012-08-17,NVDA,0.33878923076031814,0.33878923076031814,0.33282946926714774,0.3358093500137329,309864000.0
2012-08-20,NVDA,0.3346632441362247,0.3362677868996723,0.3307664622924413,0.3358093500137329,314392000.0
2012-08-21,NVDA,0.3369554287694844,0.3390184082528208,0.3314541046050585,0.3348924219608307,340248000.0
2012-08-22,NVDA,0.33282940285320023,0.3369553886539799,0.33168329720439,0.335580050945282,313556000.0
2012-08-23,NVDA,0.3348924393595794,0.33512167145866717,0.3266404663468824,0.3280158042907715,379040000.0
2012-08-24,NVDA,0.32801581165734256,0.3362677848553622,0.3273281426699544,0.3346632421016693,347724000.0
2012-08-27,NVDA,0.3344340577021867,0.3353509589246005,0.3287035275320627,0.3289327323436737,340944000.0
2012-08-28,NVDA,0.3264112196655052,0.33076641038646415,0.3257235507818498,0.3275573253631592,310764000.0
2012-08-29,NVDA,0.32732817238204737,0.33030805338100516,0.3266405033322384,0.3282450735569,250412000.0
2012-08-30,NVDA,0.32755731910311575,0.32870342477886616,0.3204514529833373,0.32205599546432495,307488000.0
2012-08-31,NVDA,0.32434828456207043,0.32664049646301413,0.31838855001480953,0.3215976357460022,485064000.0
2012-09-04,NVDA,0.3163254478201946,0.31747155342614297,0.3014260749428658,0.30440592765808105,694452000.0
2012-09-05,NVDA,0.305552000807994,0.3099072180431702,0.3021136843553702,0.3053227961063385,480256000.0
2012-09-06,NVDA,0.3076150624574304,0.3229729005710728,0.30738583038919404,0.31472092866897583,657296000.0
2012-09-07,NVDA,0.3066982153613353,0.309219631703436,0.2968416727797253,0.30715665221214294,781064000.0
2012-09-10,NVDA,0.30646893414397597,0.3108241245164546,0.3037182861547625,0.30440592765808105,371108000.0
2012-09-11,NVDA,0.3041767665070079,0.3128871758250903,0.30303066073687385,0.3080735206604004,382808000.0
2012-09-12,NVDA,0.3105948815478823,0.3131163245006366,0.3076150018742571,0.311511754989624,322608000.0
2012-09-13,NVDA,0.3142625792344708,0.3154086852436823,0.30761514798585055,0.3135749101638794,433836000.0
2012-09-14,NVDA,0.3133456001567843,0.3227436780267631,0.3133456001567843,0.3172423541545868,339468000.0
2012-09-17,NVDA,0.3179300484050432,0.3179300484050432,0.3050936523384127,0.3085319697856903,493348000.0
2012-09-18,NVDA,0.30509365164991337,0.31426252548061395,0.3048644468824696,0.31059497594833374,359952000.0
2012-09-19,NVDA,0.3112826289196859,0.3186177002823372,0.30761507957570194,0.3142625093460083,451936000.0
2012-09-20,NVDA,0.31357492346775634,0.315179466483663,0.3094489361944794,0.3119703531265259,320596000.0
2012-09-21,NVDA,0.3124287671291682,0.31517941576023567,0.3112826612557801,0.31334564089775085,340136000.0
2012-09-24,NVDA,0.3083026583363214,0.3135747487295856,0.30784422163371333,0.31311631202697754,357832000.0
2012-09-25,NVDA,0.3172424080449524,0.31861774607795584,0.3069274547733881,0.3073858916759491,481544000.0
2012-09-26,NVDA,0.3062396672081065,0.30646889923330906,0.29844616090556136,0.30211368203163147,436812000.0
2012-09-27,NVDA,0.302801385274816,0.30486439176071084,0.3002799420116043,0.30440592765808105,558888000.0
2012-09-28,NVDA,0.3030306269573138,0.31013649287016376,0.29913384591298803,0.3057812750339508,485508000.0
2012-10-01,NVDA,0.3071567126191919,0.30899048770837967,0.299592407454619,0.30073851346969604,504236000.0
2012-10-02,NVDA,0.3028014354837796,0.3028014354837796,0.2984462443891458,0.30188456177711487,295492000.0
2012-10-03,NVDA,0.3025722367161921,0.30348911044102755,0.2973001444850929,0.298904687166214,430872000.0
2012-10-04,NVDA,0.299592397059596,0.31403333781357057,0.29798782683390407,0.31219956278800964,502608000.0
2012-10-05,NVDA,0.31311634767092267,0.31632543227979737,0.30371827123372835,0.30486437678337097,483068000.0
2012-10-08,NVDA,0.3037183365157619,0.305093647075759,0.29959235018513547,0.30188456177711487,240596000.0
2012-10-09,NVDA,0.30142606368382274,0.30234293720420863,0.2945494029796805,0.2954663038253784,366360000.0
2012-10-10,NVDA,0.294091032211621,0.2954663701261288,0.2892773768361617,0.2904234826564789,326568000.0
2012-10-11,NVDA,0.2931741155439558,0.2940909891357867,0.28973579858661846,0.29202800989151,320516000.0
2012-10-12,NVDA,0.2899650809291569,0.2922572928475438,0.28767286901077005,0.2895066440105438,260696000.0
2012-10-15,NVDA,0.28996506450900955,0.2934033821918848,0.2865267468261343,0.2931741774082184,249580000.0
2012-10-16,NVDA,0.29569556138973185,0.3025722233228758,0.2929449130116644,0.3016553223133087,367696000.0
2012-10-17,NVDA,0.29798782798799855,0.3007385041996541,0.29500794697558635,0.2993631660938263,391752000.0
2012-10-18,NVDA,0.2986754288169059,0.2986754288169059,0.2936325691229736,0.2947786748409271,254772000.0
2012-10-19,NVDA,0.29042351323377985,0.29248652032274575,0.27598257291230294,0.2775871157646179,709412000.0
2012-10-22,NVDA,0.2787331626098354,0.28033773244727767,0.2720857604916027,0.2743779718875885,480840000.0
2012-10-23,NVDA,0.2718564644429128,0.2844636514791622,0.2711687957208906,0.2826298773288727,573948000.0
2012-10-24,NVDA,0.2844637882361377,0.28560989421539956,0.27621181425532365,0.27896246314048767,332916000.0
2012-10-25,NVDA,0.281254622445986,0.28423450289927465,0.278045537234947,0.27919164299964905,307356000.0
2012-10-26,NVDA,0.27965014610219163,0.2812546890878997,0.27621182799339294,0.27621182799339294,389376000.0
2012-10-31,NVDA,0.27735791733545107,0.279650129270015,0.2739195994336052,0.27460724115371704,347112000.0
2012-11-01,NVDA,0.2759825566692439,0.2879020796142181,0.27575332456441,0.28767284750938416,473220000.0
2012-11-02,NVDA,0.290652688449484,0.2911111252710632,0.2844637230448751,0.286297470331192,256700000.0
2012-11-05,NVDA,0.2856098709892565,0.2995923737293056,0.2856098709892565,0.29844626784324646,444840000.0
2012-11-06,NVDA,0.2991338423476418,0.2991338423476418,0.29317410947351413,0.29821696877479553,350804000.0
2012-11-07,NVDA,0.2959247998386721,0.2977585745719331,0.2876728272016564,0.2890481650829315,324620000.0
2012-11-08,NVDA,0.29225738471173135,0.2998216918851332,0.28996517207284167,0.2906528413295746,839024000.0
2012-11-09,NVDA,0.2922572795526164,0.29569559727378597,0.27850400866793806,0.2794208824634552,846280000.0
2012-11-12,NVDA,0.2798792355125149,0.281025341076211,0.2704811589600823,0.2732318341732025,643624000.0
2012-11-13,NVDA,0.27185643705866724,0.2780454276081375,0.27093956373853406,0.2711687684059143,492120000.0
2012-11-14,NVDA,0.2727733907903784,0.2755240386114062,0.2642921879646849,0.26452142000198364,619300000.0
2012-11-15,NVDA,0.2661260542286818,0.27300268981965503,0.263833842365024,0.2656676173210144,466688000.0
2012-11-16,NVDA,0.2656675714187335,0.26658444507565,0.2555818245660712,0.26085391640663147,624552000.0
2012-11-19,NVDA,0.2656676555909022,0.2691059738816846,0.26245854212431047,0.26818907260894775,404092000.0
2012-11-20,NVDA,0.26715093011101226,0.2683044304438971,0.26230621771224893,0.26507464051246643,336976000.0
2012-11-21,NVDA,0.2650746258958063,0.2733798113336451,0.26484391484130426,0.27268773317337036,422312000.0
2012-11-23,NVDA,0.27384128520612294,0.27776318136269346,0.2724570736206882,0.27453339099884033,276932000.0
2012-11-26,NVDA,0.2749947366543473,0.28007013239315764,0.274533342042022,0.2793780267238617,364600000.0
2012-11-27,NVDA,0.2782244068311446,0.2846840111315067,0.27591740725970126,0.2805314064025879,451404000.0
2012-11-28,NVDA,0.27937793428111507,0.2842226448615153,0.27591743458128837,0.2828384339809418,398332000.0
2012-11-29,NVDA,0.2832998548734721,0.28468403824721683,0.2768402499578426,0.2777630388736725,488688000.0
2012-11-30,NVDA,0.27753232378369563,0.2796086400659731,0.27453324610086116,0.27614814043045044,460504000.0
2012-12-03,NVDA,0.27960866725546574,0.27960866725546574,0.2703806673300632,0.27107274532318115,391380000.0
2012-12-04,NVDA,0.2715341910401278,0.27960869168018876,0.2699192689108264,0.27914729714393616,528068000.0
2012-12-05,NVDA,0.2768402271920744,0.27868580487196426,0.27199551702835206,0.2759174108505249,633024000.0
2012-12-06,NVDA,0.2752253402615041,0.27822444562285437,0.2743025513049077,0.2763788402080536,412896000.0
2012-12-07,NVDA,0.2766095162312859,0.27799372699280783,0.27268762240911304,0.2759174108505249,338288000.0
2012-12-10,NVDA,0.27591746146077895,0.28722177808242766,0.2752253559530683,0.28514546155929565,513644000.0
2012-12-11,NVDA,0.28606825550319187,0.29552696585865085,0.285376150050079,0.291835755109787,816724000.0
2012-12-12,NVDA,0.2927586100528697,0.2943735046547938,0.2876831877302354,0.28883668780326843,399404000.0
2012-12-13,NVDA,0.28837522260170034,0.2946041159692297,0.28629893397972533,0.2890673279762268,377556000.0
2012-12-14,NVDA,0.29022090272979967,0.29345069197636264,0.28814458606991367,0.2904515862464905,338660000.0
2012-12-17,NVDA,0.28975947954713743,0.29137437401075905,0.2849147686546639,0.28929805755615234,445232000.0
2012-12-18,NVDA,0.2892981839304222,0.29298939646108474,0.288375394548567,0.2897596061229706,416436000.0
2012-12-19,NVDA,0.291835755109787,0.29529625487374406,0.29068225518846796,0.291835755109787,458544000.0
2012-12-20,NVDA,0.2929892087156695,0.29321991966410577,0.2883752097597697,0.29160502552986145,334332000.0
2012-12-21,NVDA,0.2876830959689801,0.2876830959689801,0.2816848865017913,0.28491470217704773,462172000.0
2012-12-24,NVDA,0.2846840529241248,0.2856068693891374,0.28168494754064843,0.282607764005661,127376000.0
2012-12-26,NVDA,0.28191563997440594,0.2865296394909143,0.28122353454660837,0.2823770344257355,196740000.0
2012-12-27,NVDA,0.2828384059740312,0.28329982788960323,0.2773016180032089,0.2805314064025879,299804000.0
2012-12-28,NVDA,0.2779937970524989,0.2835305864907532,0.27753237501463474,0.27914729714393616,220600000.0
2012-12-31,NVDA,0.27822443438117284,0.283991933880884,0.2775323289408861,0.2828384339809418,326460000.0
2013-01-02,NVDA,0.28975941139985817,0.2936813048895969,0.2886059116968996,0.29345059394836426,478836000.0
2013-01-03,NVDA,0.29345055301459455,0.29691105164076115,0.29022076529747837,0.293681263923645,298888000.0
2013-01-04,NVDA,0.29414266047707854,0.3042934730253225,0.2932198718370557,0.3033706843852997,524968000.0
2013-01-07,NVDA,0.303140073947585,0.304062862893458,0.2925278635620066,0.2946041524410248,610732000.0
2013-01-08,NVDA,0.29529620845203636,0.29621902474498574,0.2860682105321612,0.2881444990634918,466424000.0
2013-01-09,NVDA,0.29045144767480885,0.2918356581210056,0.2798392684264943,0.28168484568595886,695020000.0
2013-01-10,NVDA,0.28422259328831323,0.28560680391771676,0.28053138327763855,0.28214630484580994,506368000.0
2013-01-11,NVDA,0.28329976704038784,0.28353045044702174,0.2789164522951637,0.28168484568595886,513172000.0
2013-01-14,NVDA,0.2835304339552838,0.2835304339552838,0.2782243308889604,0.2814541459083557,305684000.0
2013-01-15,NVDA,0.2800700510376552,0.2800700510376552,0.2747639457832059,0.2763788402080536,375888000.0
2013-01-16,NVDA,0.27591743254366513,0.2812235375445358,0.27591743254366513,0.27891653776168823,337376000.0
2013-01-17,NVDA,0.2798393696138398,0.2837612639607205,0.27914726414048247,0.282607764005661,580736000.0
2013-01-18,NVDA,0.28260774126240257,0.28260774126240257,0.2773016363958235,0.2807621359825134,397088000.0
2013-01-22,NVDA,0.28053152700548295,0.28306923862569616,0.2779938428868858,0.2793780267238617,308224000.0
2013-01-23,NVDA,0.28030082085419883,0.2805315043909573,0.27684032028829686,0.279839426279068,421808000.0
2013-01-24,NVDA,0.278916535771335,0.2823770354209121,0.27753232491086155,0.2812235355377197,396980000.0
2013-01-25,NVDA,0.28168499200183134,0.28652970357841423,0.2803008083382452,0.2862990200519562,393920000.0
2013-01-28,NVDA,0.2876831103602252,0.2927585313178668,0.2869910050022192,0.290912926197052,422492000.0
2013-01-29,NVDA,0.2897593929685798,0.2904514707450508,0.2835304729675365,0.2846839725971222,388872000.0
2013-01-30,NVDA,0.28491479780688994,0.28883669262028683,0.2832999031780338,0.28422269225120544,287592000.0
2013-01-31,NVDA,0.2842226448615153,0.2874524610823177,0.2809928561423198,0.2828384339809418,470544000.0
2013-02-01,NVDA,0.28514545034286726,0.2862989778114165,0.2828384504089858,0.2853761613368988,288816000.0
2013-02-04,NVDA,0.2837612223035711,0.2895287212321794,0.28030072294640607,0.2805314064025879,511744000.0
2013-02-05,NVDA,0.2819157239058893,0.2886060416976207,0.28099293472849896,0.2869911193847656,367296000.0
2013-02-06,NVDA,0.28006997407877926,0.28699097185629363,0.27845508009767933,0.2846839725971222,530688000.0
2013-02-07,NVDA,0.28376124428941274,0.28606824403960257,0.2807621391138447,0.2835305333137512,440000000.0
2013-02-08,NVDA,0.2853761613368988,0.28768316127078025,0.28353055588947196,0.2853761613368988,307232000.0
2013-02-11,NVDA,0.2876830526901578,0.29160497309878713,0.28491465931470045,0.28860586881637573,408308000.0
2013-02-12,NVDA,0.2860682248213133,0.2899901186328388,0.28560683040259344,0.2867603302001953,277804000.0
2013-02-13,NVDA,0.2869910557902941,0.29229716113854315,0.28445337236398965,0.2853761613368988,856396000.0
2013-02-14,NVDA,0.2814541632775366,0.2939119748326955,0.27799366465136993,0.293681263923645,882096000.0
2013-02-15,NVDA,0.292989158698092,0.295065474374751,0.28722166098781426,0.293681263923645,733860000.0
2013-02-19,NVDA,0.2939122133445607,0.29414289693921414,0.2879139998576393,0.2897596061229706,433552000.0
2013-02-20,NVDA,0.2906823765971027,0.29529637820949817,0.28468416350034104,0.2856069803237915,713012000.0
2013-02-21,NVDA,0.2851454276385628,0.2883752437897924,0.282838427888373,0.2835305333137512,580408000.0
2013-02-22,NVDA,0.2853761875841692,0.28906739881851945,0.2837612929822451,0.28883668780326843,370148000.0
2013-02-25,NVDA,0.28952873223922637,0.29183573189837514,0.28329983865984565,0.28376123309135437,644444000.0
2013-02-26,NVDA,0.28434166825118423,0.2887518501948093,0.2834131899622931,0.2871270477771759,487504000.0
2013-02-27,NVDA,0.28712693917784027,0.2945546519982398,0.2864305876421365,0.29246559739112854,476980000.0
2013-02-28,NVDA,0.2915372251654523,0.29826856058173135,0.2903766481853809,0.2938583791255951,591392000.0
2013-03-01,NVDA,0.29176927970814626,0.29594736173680314,0.28921602734143026,0.29501891136169434,389396000.0
2013-03-04,NVDA,0.2929299009393353,0.29664375834369894,0.2906087469791924,0.2938583791255951,353680000.0
2013-03-05,NVDA,0.2954830144224361,0.2975720407381771,0.2940903117650606,0.2971078157424927,366168000.0
2013-03-06,NVDA,0.29896486160677277,0.30175024035254505,0.2954831312569742,0.29687583446502686,342928000.0
2013-03-07,NVDA,0.29850062689250356,0.30151813196667393,0.2945546714895111,0.29617947340011597,314824000.0
2013-03-08,NVDA,0.2968757525790191,0.2989647791445575,0.2954830497551098,0.2975720763206482,246464000.0
2013-03-11,NVDA,0.2945545632016147,0.295947238182855,0.29223338289223666,0.294786661863327,299748000.0
2013-03-12,NVDA,0.29432265813500536,0.29664381251905514,0.29153727840821425,0.2957153618335724,310856000.0
2013-03-13,NVDA,0.2957153618335724,0.3008218959444133,0.2929299544364384,0.2957153618335724,485840000.0
2013-03-14,NVDA,0.2975720551025599,0.2985005328090704,0.29409032596137363,0.29594725370407104,383304000.0
2013-03-15,NVDA,0.2959472206856407,0.2959472206856407,0.2922333656145957,0.29339396953582764,355776000.0
2013-03-18,NVDA,0.2915371915924474,0.2940904440523729,0.28921603789960526,0.2913050651550293,298312000.0
2013-03-19,NVDA,0.29153710696407054,0.2929297821733045,0.2873590259957153,0.2894480526447296,355480000.0
2013-03-20,NVDA,0.29223347661784543,0.2938583061225603,0.28968022449819386,0.29292982816696167,340588000.0
2013-03-21,NVDA,0.291304965102344,0.29176919014740105,0.28782323575892854,0.2882874608039856,339032000.0
2013-03-22,NVDA,0.28921595785778226,0.29084075945903365,0.28805538133255604,0.2896801829338074,232476000.0
2013-03-25,NVDA,0.29130493314412775,0.29153705947635294,0.2859662765358475,0.28805533051490784,362076000.0
2013-03-26,NVDA,0.2887519480580409,0.2903767786966995,0.287591370556342,0.2901446521282196,232540000.0
2013-03-27,NVDA,0.28898379432100546,0.29525090121720565,0.2882874429613558,0.2936260998249054,254944000.0
2013-03-28,NVDA,0.292929832961112,0.29803639262465215,0.29084080594990486,0.2978042662143707,349276000.0
2013-04-01,NVDA,0.29710781474653625,0.29710781474653625,0.2859662765358475,0.28805533051490784,442828000.0
2013-04-02,NVDA,0.2882875085011699,0.2889838600191294,0.2831809768200163,0.28503790497779846,371524000.0
2013-04-03,NVDA,0.2845737567027005,0.28619858673147697,0.27946722314604,0.28155627846717834,353156000.0
2013-04-04,NVDA,0.2806277171350852,0.2852700240250753,0.2796992668252199,0.28434157371520996,294676000.0
2013-04-05,NVDA,0.2801635254459307,0.2892160415649414,0.27946717379518604,0.2892160415649414,551352000.0
2013-04-08,NVDA,0.2894480710940542,0.2894480710940542,0.28318096307722124,0.28851962089538574,326660000.0
2013-04-09,NVDA,0.2887517503667824,0.2952509854607239,0.28666272336209786,0.29316195845603943,380584000.0
2013-04-10,NVDA,0.2933940857816749,0.29826849136460215,0.292697734221162,0.2978042662143707,384688000.0
2013-04-11,NVDA,0.2936261656914545,0.2982684722367218,0.28550212923723667,0.29641154408454895,969220000.0
2013-04-12,NVDA,0.29780428574277723,0.3070889000375669,0.29525100574357677,0.3038392961025238,770548000.0
2013-04-15,NVDA,0.3029107335851997,0.30383921135791436,0.2957151761158699,0.2975720763206482,430420000.0
2013-04-16,NVDA,0.30035749648017895,0.30291074822027175,0.29873266721700636,0.3008217215538025,468844000.0
2013-04-17,NVDA,0.29850063642753294,0.30128601517330517,0.2950189060777343,0.29687583446502686,532948000.0
2013-04-18,NVDA,0.2975721401862094,0.2994290684598511,0.29107290506362915,0.29107290506362915,402548000.0
2013-04-19,NVDA,0.29084081579664345,0.292697744130769,0.2871269591283923,0.29176926612854004,303028000.0
2013-04-22,NVDA,0.29153711351462896,0.29478671674618373,0.28921596044342496,0.2922334372997284,245568000.0
2013-04-23,NVDA,0.29478675996519205,0.30291079690548006,0.29432253481695614,0.299893319606781,376948000.0
2013-04-24,NVDA,0.30082178263607834,0.31265967660397653,0.3005896562169696,0.31010639667510986,556556000.0
2013-04-25,NVDA,0.3117312007811705,0.31335600257109125,0.3089457946609289,0.3126596510410309,353224000.0
2013-04-26,NVDA,0.3121954665669561,0.3126596917573404,0.3096421865143422,0.3112669885158539,324332000.0
2013-04-29,NVDA,0.3117313193140135,0.316141501230775,0.3103386157243305,0.3149809241294861,269712000.0
2013-04-30,NVDA,0.31567718698230873,0.3196231424808502,0.31358813218637527,0.3196231424808502,276712000.0
2013-05-01,NVDA,0.3196231966265982,0.3217122517764279,0.3156772404595922,0.3168378174304962,341316000.0
2013-05-02,NVDA,0.31660559163093055,0.32148002444747437,0.31474866352604103,0.3205515742301941,323480000.0
2013-05-03,NVDA,0.32264055835902483,0.32426535985941884,0.32078363049986364,0.3219442069530487,293864000.0
2013-05-06,NVDA,0.3219442851282157,0.32380121343828,0.3191589064982853,0.3210158348083496,217116000.0
2013-05-07,NVDA,0.321015900059818,0.3217122517764279,0.31382031177207836,0.3168378174304962,448068000.0
2013-05-08,NVDA,0.3173019692577999,0.32449755588040563,0.31614139255546553,0.32264062762260437,334032000.0
2013-05-09,NVDA,0.3168378356546859,0.32426552316163676,0.31637361037369005,0.3228728473186493,566800000.0
2013-05-10,NVDA,0.3296040745884029,0.33888871550421956,0.3296040745884029,0.3374960124492645,861136000.0
2013-05-13,NVDA,0.335174827189693,0.3365675301118984,0.32913981808723985,0.3305325210094452,289812000.0
2013-05-14,NVDA,0.33447845148358746,0.3381923072267142,0.3312288484610957,0.33540692925453186,454140000.0
2013-05-15,NVDA,0.3337821461444394,0.34237043527705874,0.3337821461444394,0.34120985865592957,313172000.0
2013-05-16,NVDA,0.3407456424932936,0.3442273724481498,0.33842446151972605,0.3395850658416748,308368000.0
2013-05-17,NVDA,0.34120990938950796,0.3474770185413792,0.33865662937525176,0.34515586495399475,312116000.0
2013-05-20,NVDA,0.34376315229791515,0.34585220707142134,0.34260257553607815,0.34445950388908386,236380000.0
2013-05-21,NVDA,0.34644248379581116,0.3494753162609156,0.34247648494646693,0.3480755388736725,357784000.0
2013-05-22,NVDA,0.34947540770932856,0.34947540770932856,0.33454454697829905,0.3359443247318268,480404000.0
2013-05-23,NVDA,0.33197827903340454,0.3424765559938476,0.3310451124555777,0.3413100838661194,393884000.0
2013-05-24,NVDA,0.3394437263992458,0.3422432539724788,0.3354776988753687,0.3392104208469391,283304000.0
2013-05-28,NVDA,0.3417765635647306,0.34270972985972065,0.3357108992146525,0.33897700905799866,279300000.0
2013-05-29,NVDA,0.3368774950504303,0.3389771338928307,0.33547771728156933,0.3368774950504303,335052000.0
2013-05-30,NVDA,0.33641088980530526,0.34480950024930396,0.3354776954165891,0.3413100838661194,284504000.0
2013-05-31,NVDA,0.3394435240463158,0.34434268742620616,0.3375771641731262,0.3375771641731262,577508000.0
2013-06-03,NVDA,0.33804380480868684,0.3406100535481018,0.33011178094832644,0.33711063861846924,444468000.0
2013-06-04,NVDA,0.3392102186330897,0.3452758812682374,0.3354774988867107,0.3375771641731262,363676000.0
2013-06-05,NVDA,0.3371107074062616,0.33967692885843903,0.3294119596170792,0.33034515380859375,464520000.0
2013-06-06,NVDA,0.330345000724961,0.33501088608768753,0.3301116953324765,0.3324446380138397,341044000.0
2013-06-07,NVDA,0.33477766752116983,0.3392102764518977,0.33337791823584345,0.33711063861846924,274584000.0
2013-06-10,NVDA,0.3361776061659998,0.3389771338928307,0.3343112450778155,0.3368774950504303,224148000.0
2013-06-11,NVDA,0.332444868988288,0.33711078540364803,0.3305785357952118,0.3305785357952118,296336000.0
2013-06-12,NVDA,0.3322115758906737,0.3350111033617912,0.3259126043170486,0.32777896523475647,312588000.0
2013-06-13,NVDA,0.3266124141042865,0.33687738276233115,0.32637913642782657,0.3352443277835846,236256000.0
2013-06-14,NVDA,0.33641097527834857,0.3368775586858084,0.3324449467876994,0.3347778916358948,236012000.0
2013-06-17,NVDA,0.33734403934290097,0.34107676108743623,0.3354776784706333,0.3380439281463623,255336000.0
2013-06-18,NVDA,0.33967701905641606,0.34340974119189616,0.3331447692247714,0.3359443247318268,486772000.0
2013-06-19,NVDA,0.3389769734646332,0.36113996265773135,0.33781050181293737,0.3462091088294983,1159588000.0
2013-06-20,NVDA,0.3434097449536297,0.343876328272953,0.3345445506429227,0.3368774950504303,628696000.0
2013-06-21,NVDA,0.33874373424989335,0.3399102060339206,0.33081170943197985,0.336410790681839,714228000.0
2013-06-24,NVDA,0.3315116197226191,0.3357109239816387,0.324512788561214,0.32941195368766785,580772000.0
2013-06-25,NVDA,0.3329114109978242,0.3336112718945186,0.328245495550929,0.3317449390888214,457360000.0
2013-06-26,NVDA,0.33547777406222334,0.33594438527141307,0.3284789396551262,0.32987871766090393,579752000.0
2013-06-27,NVDA,0.33081176427484077,0.3312783475036269,0.32334634918160643,0.32684576511383057,808036000.0
2013-06-28,NVDA,0.32684581360496984,0.33081181335437937,0.3226465083011111,0.327545702457428,431536000.0
2013-07-01,NVDA,0.32987862247121225,0.3305785112721414,0.3268457895411112,0.32894542813301086,199524000.0
2013-07-02,NVDA,0.32707905248802227,0.3336113013167135,0.3256793027603012,0.32871213555336,256392000.0
2013-07-03,NVDA,0.3259125548013357,0.333611275035413,0.3259125548013357,0.3296452760696411,140388000.0
2013-07-05,NVDA,0.33057846912807176,0.3329114129598264,0.328478802992962,0.33221152424812317,184684000.0
2013-07-08,NVDA,0.3331447578411365,0.3347778132905231,0.32871217479124576,0.3305785357952118,262084000.0
2013-07-09,NVDA,0.3312783300288908,0.3343111625723487,0.3303451636205426,0.33221152424812317,157364000.0
2013-07-10,NVDA,0.3322115896399762,0.33757736707137753,0.3312783952370557,0.33664417266845703,208468000.0
2013-07-11,NVDA,0.33851052851086033,0.3417766671550328,0.33781063967204555,0.3413100838661194,239832000.0
2013-07-12,NVDA,0.3406101801064994,0.34480948514454357,0.33944370802986984,0.3415433466434479,216360000.0
2013-07-15,NVDA,0.3422431567921209,0.3422431567921209,0.33547760361609785,0.3408433794975281,201332000.0
2013-07-16,NVDA,0.3422432858092198,0.3445762303057481,0.34061023022382847,0.34270986914634705,162560000.0
2013-07-17,NVDA,0.34270973995335796,0.3438762117618914,0.339910213175054,0.3408433794975281,166100000.0
2013-07-18,NVDA,0.34037679032561824,0.3415432621135531,0.33501101453894155,0.3394436240196228,344488000.0
2013-07-19,NVDA,0.33734399511580665,0.33897705023585806,0.32871210850049115,0.33221152424812317,480532000.0
2013-07-22,NVDA,0.3347777888670614,0.33781062180088695,0.3305785116781052,0.3319782614707947,292384000.0
2013-07-23,NVDA,0.3361774134400063,0.3361774134400063,0.3298784727130121,0.331511527299881,246792000.0
2013-07-24,NVDA,0.3345443588531375,0.3354775249568125,0.3310449442480435,0.331511527299881,284252000.0
2013-07-25,NVDA,0.3312784210065702,0.33711080999856696,0.3289454765341282,0.3326781988143921,243320000.0
2013-07-26,NVDA,0.32871201393013155,0.3333779002512666,0.32871201393013155,0.3312782347202301,227360000.0
2013-07-29,NVDA,0.3305785357952118,0.3347778132905231,0.3296453413877839,0.3305785357952118,179540000.0
2013-07-30,NVDA,0.33174503391461385,0.34061022851923345,0.3315117283417718,0.33617761731147766,266076000.0
2013-07-31,NVDA,0.3345445506429227,0.34014360609658445,0.3343112450778155,0.3368774950504303,270160000.0
2013-08-01,NVDA,0.33804393041355907,0.34224323545160323,0.33407793091519605,0.3415433466434479,277648000.0
2013-08-02,NVDA,0.34084341203725255,0.3450427165110496,0.33851046819746355,0.34434282779693604,209628000.0
2013-08-05,NVDA,0.34340971550888083,0.3471424373651971,0.34154335458072266,0.34597596526145935,185188000.0
2013-08-06,NVDA,0.34620915537895836,0.3469090440262547,0.3401434908502317,0.3408433794975281,206608000.0
2013-08-07,NVDA,0.33897700420868576,0.3441095021903496,0.3387437265437158,0.3406100869178772,244380000.0
2013-08-08,NVDA,0.34247645935944776,0.3445760974725613,0.33851043299552885,0.3429430425167084,345696000.0
2013-08-09,NVDA,0.32941201258848546,0.3431763996869324,0.3291787348612569,0.3380439281463623,906224000.0
2013-08-12,NVDA,0.3242794704743966,0.3401434927198243,0.30584919911173725,0.3352443277835846,257568000.0
2013-08-13,NVDA,0.3357109020492465,0.337810540136143,0.33361123615146887,0.336410790681839,197468000.0
2013-08-14,NVDA,0.335710901741445,0.3527413953348036,0.33547759626050105,0.35064175724983215,828508000.0
2013-08-15,NVDA,0.346909106826526,0.355774299738405,0.34550932927853417,0.3529747724533081,723616000.0
2013-08-16,NVDA,0.3522747728627592,0.35927360277929343,0.3515748843089302,0.3543744385242462,660456000.0
2013-08-19,NVDA,0.35227480205859446,0.35344127380802504,0.3485420813360645,0.34877538681030273,393432000.0
2013-08-20,NVDA,0.3486581617894712,0.3528786387821103,0.34818922611275666,0.35053393244743347,234192000.0
2013-08-21,NVDA,0.34842378458724377,0.3528787447313613,0.3474859129522257,0.3488927483558655,261540000.0
2013-08-22,NVDA,0.34865822387696854,0.3540510549972773,0.34865822387696854,0.35076847672462463,129016000.0
2013-08-23,NVDA,0.35123741248484514,0.3540510549972773,0.35006505910873925,0.35076847672462463,245120000.0
2013-08-26,NVDA,0.3510029056085035,0.3524097407399902,0.3500650341549172,0.35147184133529663,300152000.0
2013-08-27,NVDA,0.3481893736512067,0.35053408097940747,0.3458446663230059,0.3470170199871063,277464000.0
2013-08-28,NVDA,0.34772043777578976,0.35029959906614094,0.3456101844097394,0.3470170199871063,318824000.0
2013-08-29,NVDA,0.3458446003811394,0.34959614257140403,0.34490670085801783,0.3463135361671448,276216000.0
2013-08-30,NVDA,0.3465479844083592,0.3474858558893634,0.3442032777547405,0.345844566822052,378120000.0
2013-09-03,NVDA,0.346782439280566,0.35100291685919793,0.3439687968785141,0.346079021692276,284680000.0
2013-09-04,NVDA,0.3460790812388446,0.3514719130754843,0.3456101454163353,0.34936168789863586,222080000.0
2013-09-05,NVDA,0.3479548006650294,0.3517063425886769,0.34772034676424446,0.35029950737953186,174904000.0
2013-09-06,NVDA,0.35053403769270347,0.35240980891385226,0.34631355943289677,0.3488927483558655,226756000.0
2013-09-09,NVDA,0.3517063533271919,0.3547544777393341,0.3507684817931988,0.3547544777393341,246408000.0
2013-09-10,NVDA,0.35733358446765723,0.36249193262431495,0.35569226773276785,0.3622574508190155,292132000.0
2013-09-11,NVDA,0.3617884531123965,0.36929153418195176,0.35920926550084953,0.36835363507270813,396164000.0
2013-09-12,NVDA,0.3664779824315682,0.3728087126098294,0.3664779824315682,0.3681192994117737,303808000.0
2013-09-13,NVDA,0.36929167356224063,0.37210531604971653,0.3667124849772408,0.370464026927948,159696000.0
2013-09-16,NVDA,0.3735121522441023,0.3760913128847263,0.36929167452631595,0.370698481798172,231412000.0
2013-09-17,NVDA,0.37210538705923557,0.3749190300836439,0.37046409762425697,0.37187090516090393,168608000.0
2013-09-18,NVDA,0.37210538684166133,0.3760913834531686,0.3702296155094478,0.375153511762619,268168000.0
2013-09-19,NVDA,0.3767946669509821,0.3774980844438356,0.3718707724521124,0.3735120892524719,227572000.0
2013-09-20,NVDA,0.37444992950386186,0.3767946356511991,0.36952603541401285,0.37022945284843445,356036000.0
2013-09-23,NVDA,0.3699949387130838,0.37304306202841503,0.3646021094553592,0.366712361574173,271244000.0
2013-09-24,NVDA,0.36694694611225975,0.3695261066005259,0.36483669340247016,0.3681192994117737,229732000.0
2013-09-25,NVDA,0.3674158856429017,0.37140188131226426,0.36577456864571617,0.36858823895454407,233156000.0
2013-09-26,NVDA,0.36952612989046146,0.37022954750472525,0.36530565215598787,0.3674159049987793,148816000.0
2013-09-27,NVDA,0.3646022445216336,0.36765036896613734,0.363195437205708,0.36530566215515137,151920000.0
2013-09-30,NVDA,0.36155414429137195,0.3674159112582521,0.35944389141262933,0.364836722612381,226640000.0
2013-10-01,NVDA,0.3653056854204735,0.36694700265358265,0.36249204265831914,0.364602267742157,226976000.0
2013-10-02,NVDA,0.36085075244058235,0.36577462027380625,0.36085075244058235,0.364367812871933,162036000.0
2013-10-03,NVDA,0.3646020821265915,0.36788468697055415,0.3589747994670806,0.3606160879135132,436768000.0
2013-10-04,NVDA,0.36014719808014806,0.3685881510923032,0.3592092988837413,0.3655400276184082,246228000.0
2013-10-07,NVDA,0.3641331927993487,0.3681192154696504,0.3622574223576363,0.3655400276184082,169952000.0
2013-10-08,NVDA,0.36460218992734983,0.3697605665000092,0.3596783231322283,0.3624919652938843,290712000.0
2013-10-09,NVDA,0.36483671035850396,0.36507119220974743,0.3549889477751269,0.35686469078063965,275860000.0
2013-10-10,NVDA,0.35944394573719907,0.36178865287831846,0.3568647567015221,0.3608507812023163,223484000.0
2013-10-11,NVDA,0.3552233518662655,0.3596783107574612,0.35405099867665163,0.35780254006385803,213704000.0
2013-10-14,NVDA,0.3568647767214267,0.3631955087184906,0.3568647767214267,0.3631955087184906,166628000.0
2013-10-15,NVDA,0.3631954321533591,0.3653056570734475,0.36108517928216116,0.3613196611404419,208820000.0
2013-10-16,NVDA,0.3634300133078922,0.3671815566472505,0.3629610773782523,0.3657747209072113,210072000.0
2013-10-17,NVDA,0.3629609951137185,0.3674159553133867,0.3629609951137185,0.3664780557155609,213324000.0
2013-10-18,NVDA,0.36577458646890304,0.3718708351669399,0.364367779197047,0.370698481798172,255068000.0
2013-10-21,NVDA,0.37515336062841875,0.3753878144810469,0.37046394816261774,0.371636301279068,195008000.0
2013-10-22,NVDA,0.3716363437009671,0.37187079758035796,0.36647796703888025,0.36976057291030884,179452000.0
2013-10-23,NVDA,0.36905709624523325,0.36905709624523325,0.36225743171232366,0.3634297847747803,252216000.0
2013-10-24,NVDA,0.3643678419139954,0.36671254905511486,0.3601473634697577,0.3608507812023163,236436000.0
2013-10-25,NVDA,0.36272649122951095,0.3629609451333479,0.3561613067532201,0.3573336601257324,330492000.0
2013-10-28,NVDA,0.3568647196318275,0.3585060368210087,0.35170637004741645,0.35663026571273804,394024000.0
2013-10-29,NVDA,0.35616142283922275,0.35780271250547435,0.35287881555560124,0.3570992946624756,387952000.0
2013-10-30,NVDA,0.35827152598588297,0.35991281509126105,0.3538165664700183,0.35686469078063965,204032000.0
2013-10-31,NVDA,0.3573335600047097,0.35991271993091845,0.3554577895440389,0.3561612069606781,293368000.0
2013-11-01,NVDA,0.35803699393111793,0.3594438289390965,0.3552233518662655,0.35780254006385803,206136000.0
2013-11-04,NVDA,0.3589749807546058,0.3589749807546058,0.34678248224978264,0.34748589992523193,410264000.0
2013-11-05,NVDA,0.345375730447589,0.34865830952662363,0.34162418754202134,0.3470170199871063,422368000.0
2013-11-06,NVDA,0.34701698083497623,0.349596169785447,0.34349992023948683,0.34936168789863586,198044000.0
2013-11-07,NVDA,0.34818923089024867,0.3491271022565462,0.3404516942894279,0.34115511178970337,553076000.0
2013-11-08,NVDA,0.35170635342612555,0.366009076005757,0.3502995181736305,0.364836722612381,734532000.0
2013-11-11,NVDA,0.3634298849061333,0.3688227160694744,0.36272649523574446,0.3678848445415497,297624000.0
2013-11-12,NVDA,0.3695261104234149,0.37163636315503584,0.36436776144240995,0.36858823895454407,316032000.0
2013-11-13,NVDA,0.3676502824438874,0.37867042422294617,0.3669468929270142,0.37867042422294617,332792000.0
2013-11-14,NVDA,0.3774982334048412,0.382656583802747,0.37726375149766184,0.38031187653541565,307980000.0
2013-11-15,NVDA,0.38171867187790526,0.38218760769176535,0.37538794056190045,0.3791394829750061,450332000.0
2013-11-18,NVDA,0.3709330167875314,0.37421559550985856,0.36905724553858166,0.3699951171875,316948000.0
2013-11-19,NVDA,0.36822708571287194,0.3715274420544717,0.3635122748805927,0.36398375034332275,206716000.0
2013-11-20,NVDA,0.3642194258288044,0.3651624047319759,0.35785443766796016,0.3585616648197174,204776000.0
2013-11-21,NVDA,0.3590332740914939,0.36209790749015036,0.3573830955237545,0.3613906800746918,213568000.0
2013-11-22,NVDA,0.361861978695994,0.361861978695994,0.3571471690351965,0.3578543961048126,158668000.0
2013-11-25,NVDA,0.3578544036054158,0.36610532068475005,0.3578544036054158,0.36563384532928467,248208000.0
2013-11-26,NVDA,0.3696413985785995,0.3727060302988841,0.3672839938864545,0.36869844794273376,753176000.0
2013-11-27,NVDA,0.3684627792343235,0.37129168798413636,0.36610537401113746,0.37011298537254333,181272000.0
2013-11-29,NVDA,0.3701129654635724,0.3710559162611292,0.36539812716833203,0.3677555322647095,116964000.0
2013-12-02,NVDA,0.3663411346950646,0.3738848259724557,0.36563390749038993,0.3712916970252991,373872000.0
2013-12-03,NVDA,0.3712916826127929,0.3762422166483738,0.3686985256638077,0.37105593085289,290560000.0
2013-12-04,NVDA,0.37011295439367387,0.376949417727699,0.36916997552183567,0.37624219059944153,493176000.0
2013-12-05,NVDA,0.37694944927878815,0.37694944927878815,0.36964148184591655,0.37011298537254333,271812000.0
2013-12-06,NVDA,0.37459202547708303,0.37459202547708303,0.3637479507472624,0.3646909296512604,281000000.0
2013-12-09,NVDA,0.36469092933163294,0.36586963188373317,0.35785443766796016,0.3585616648197174,385220000.0
2013-12-10,NVDA,0.35856163969547644,0.3684627348188565,0.3580901643281695,0.3668125569820404,524268000.0
2013-12-11,NVDA,0.3675198466640076,0.36799132211159546,0.3625692842081144,0.36327651143074036,414156000.0
2013-12-12,NVDA,0.3620977236781494,0.36398365312785086,0.3554969846554353,0.35620421171188354,258724000.0
2013-12-13,NVDA,0.35691140291575907,0.3595045310589413,0.3536110196846922,0.35408249497413635,184588000.0
2013-12-16,NVDA,0.3543183334700473,0.3576186894071475,0.35408258171633195,0.35455405712127686,237620000.0
2013-12-17,NVDA,0.3543182822621821,0.3571471623854934,0.3512536504192275,0.35620421171188354,274104000.0
2013-12-18,NVDA,0.3569114585220931,0.3618619919862615,0.3524323723183407,0.3611547648906708,426232000.0
2013-12-19,NVDA,0.3606832833915174,0.3630406882683914,0.35832587851464337,0.3625692129135132,258544000.0
2013-12-20,NVDA,0.3632764792118572,0.37011297095426365,0.36233350029782563,0.3698772192001343,382080000.0
2013-12-23,NVDA,0.3719988465309143,0.3750634786075885,0.3689342425567241,0.3719988465309143,168568000.0
2013-12-24,NVDA,0.3741204943889459,0.3741204943889459,0.3691699331616768,0.372941792011261,79600000.0
2013-12-26,NVDA,0.3743563387142289,0.3755350413835028,0.3684627972653712,0.3694057762622833,168920000.0
2013-12-27,NVDA,0.37129165015393195,0.37223460090613614,0.36916996880774644,0.37152737379074097,210976000.0
2013-12-30,NVDA,0.3717631759685083,0.3767137383454514,0.3712917005284394,0.376477986574173,248180000.0
2013-12-31,NVDA,0.3771851632453894,0.3795425682323463,0.37482775825843256,0.37765663862228394,235776000.0
2014-01-02,NVDA,0.37529931122649607,0.3767137657520949,0.37058450027781986,0.3738848567008972,260092000.0
2014-01-03,NVDA,0.3745920623865907,0.37529928960865266,0.36822707359300944,0.3694057762622833,259332000.0
2014-01-06,NVDA,0.3731774798645697,0.3771850900466434,0.36964137307037204,0.374356210231781,409492000.0
2014-01-07,NVDA,0.3781280111131558,0.38189986930698383,0.375534883194566,0.3804854154586792,333288000.0
2014-01-08,NVDA,0.38190002409884777,0.38755781368280723,0.3804855696772359,0.3856718838214874,308192000.0
2014-01-09,NVDA,0.3797783391739313,0.38048556637860587,0.37011299438500395,0.3712916970252991,292172000.0
2014-01-10,NVDA,0.3724704306005845,0.3750635597631097,0.36751986785918817,0.37082022428512573,218492000.0
2014-01-13,NVDA,0.3708201326602614,0.3731775375541582,0.3613905130846742,0.36209774017333984,243332000.0
2014-01-14,NVDA,0.3639836748451086,0.374120521652402,0.3623334689141084,0.3734132945537567,241828000.0
2014-01-15,NVDA,0.37506343793689173,0.3788352967149413,0.37341326025992533,0.3774208426475525,175044000.0
2014-01-16,NVDA,0.37742088162557014,0.37930681120936366,0.37577070377818217,0.3785995841026306,220652000.0
2014-01-17,NVDA,0.3785994577972808,0.3830785425773242,0.3745918763327495,0.376949280500412,340400000.0
2014-01-21,NVDA,0.3774208986491944,0.3807212825953184,0.3743562945525948,0.37836387753486633,246076000.0
2014-01-22,NVDA,0.37907104754262866,0.3795425228631647,0.3734132593887539,0.3778923451900482,337940000.0
2014-01-23,NVDA,0.3767137383454514,0.3807213217397688,0.37364910583127176,0.376477986574173,185028000.0
2014-01-24,NVDA,0.3734132964317883,0.3748277506361927,0.3668125569820404,0.3668125569820404,246696000.0
2014-01-27,NVDA,0.3668125384967472,0.3719988234807311,0.3623334524768432,0.36445513367652893,233812000.0
2014-01-28,NVDA,0.36374790455950423,0.36822699055415953,0.3623334504343537,0.36799123883247375,167996000.0
2014-01-29,NVDA,0.3665767867737325,0.3686984679734183,0.3642193819535142,0.36445513367652893,162944000.0
2014-01-30,NVDA,0.36657681730030484,0.3712916554358503,0.3653981147920396,0.3705844283103943,202896000.0
2014-01-31,NVDA,0.3653981468236842,0.37223463883241603,0.3651624231628578,0.37011298537254333,335348000.0
2014-02-03,NVDA,0.3727061538920108,0.37317762936628973,0.3637480074707518,0.3651624619960785,431728000.0
2014-02-04,NVDA,0.3649266544110945,0.3679912866790658,0.363040724699844,0.36728405952453613,280692000.0
2014-02-05,NVDA,0.3646909775886625,0.36586968029673234,0.3611548413619638,0.36398375034332275,214676000.0
2014-02-06,NVDA,0.36445511387637664,0.3696413985785995,0.36398363855844373,0.36869844794273376,168380000.0
2014-02-07,NVDA,0.3696414471018011,0.374592008846163,0.3663410913405493,0.3741205334663391,157248000.0
2014-02-10,NVDA,0.37364903752694556,0.38024977678873595,0.3734132857987634,0.37529921531677246,324372000.0
2014-02-11,NVDA,0.3774208758760529,0.38402161526753475,0.3755349744234724,0.3830786645412445,235384000.0
2014-02-12,NVDA,0.38425730320744805,0.3995804607343989,0.38425730320744805,0.3967515528202057,744528000.0
2014-02-13,NVDA,0.40665283869871477,0.41160340144727076,0.3995806222593434,0.40924596786499023,902836000.0
2014-02-14,NVDA,0.4054741172625906,0.4231546575457773,0.40523836548448594,0.4222117066383362,817536000.0
2014-02-18,NVDA,0.4224474738416753,0.42386190025448334,0.41843986208249484,0.4219759702682495,428988000.0
2014-02-19,NVDA,0.42197600178072564,0.43140565241608547,0.4200900716536537,0.42763379216194153,450340000.0
2014-02-20,NVDA,0.42857658245911895,0.44366398971546395,0.4278693835163451,0.44272103905677795,398088000.0
2014-02-21,NVDA,0.44201385680111716,0.447671645633985,0.4365918197080504,0.4394207000732422,451052000.0
2014-02-24,NVDA,0.4384777934401412,0.4490861169539195,0.4344702101776557,0.4457857608795166,403112000.0
2014-02-25,NVDA,0.4451936036039812,0.4470880483143803,0.4390366653525264,0.4437727630138397,242184000.0
2014-02-26,NVDA,0.44282566802899326,0.44945621209651226,0.4416416433108426,0.4430624842643738,360884000.0
2014-02-27,NVDA,0.44306240414556164,0.44756168596918033,0.4369054654327847,0.4380894899368286,388848000.0
2014-02-28,NVDA,0.43572162166328765,0.4399841172917761,0.4288542597536723,0.4352480173110962,321692000.0
2014-03-03,NVDA,0.42553877511192945,0.43311652541160583,0.4217498858474074,0.43311652541160583,375948000.0
2014-03-04,NVDA,0.435247941063234,0.440457644483456,0.4345375205447088,0.4376159906387329,260344000.0
2014-03-05,NVDA,0.437142265901509,0.44164157608321253,0.4352478492243409,0.4414047598838806,241472000.0
2014-03-06,NVDA,0.442115350991329,0.44448340098166894,0.4345375966681177,0.4352480173110962,290144000.0
2014-03-07,NVDA,0.4371422091535536,0.43785262942995373,0.4314589034010886,0.43477416038513184,268452000.0
2014-03-10,NVDA,0.4333535242863403,0.43524796971733376,0.4264861631276613,0.4283806085586548,300888000.0
2014-03-11,NVDA,0.43051173514441904,0.4364318862325282,0.4290909225959458,0.43264299631118774,297220000.0
2014-03-12,NVDA,0.43051175667532954,0.4364319080595195,0.4288541278378558,0.4338270425796509,239428000.0
2014-03-13,NVDA,0.43477430550769,0.43643196278238616,0.41796114234811194,0.4200924038887024,385172000.0
2014-03-14,NVDA,0.4158298770692195,0.4257756788059076,0.4158298770692195,0.42198678851127625,460048000.0
2014-03-17,NVDA,0.42317081319967664,0.4262492830353927,0.4215131842817912,0.42198678851127625,299656000.0
2014-03-18,NVDA,0.4236444843807143,0.4347743118230972,0.4217500390602415,0.431932657957077,293904000.0
2014-03-19,NVDA,0.43524779087048776,0.44779845493559806,0.43406373826194655,0.4395102560520172,366168000.0
2014-03-20,NVDA,0.4371423781754568,0.44353613490584776,0.43524796101173396,0.43974724411964417,191800000.0
2014-03-21,NVDA,0.4435360674064848,0.44708814139196257,0.4366687074302697,0.4390367567539215,566116000.0
2014-03-24,NVDA,0.43927358245004644,0.4428256565121172,0.430511777180105,0.43690553307533264,306096000.0
2014-03-25,NVDA,0.4416416318247603,0.442115236053828,0.43359024701310805,0.43690553307533264,304424000.0
2014-03-26,NVDA,0.4409312321408789,0.4492194053428734,0.42317083276437134,0.42695972323417664,557756000.0
2014-03-27,NVDA,0.426012489241713,0.4295645632586071,0.41654026363395363,0.42127639055252075,540728000.0
2014-03-28,NVDA,0.42056603404838544,0.42648615831000314,0.4193820091960619,0.42388129234313965,398820000.0
2014-03-31,NVDA,0.42459170588405953,0.42838059664063544,0.42175005193131704,0.4241181015968323,273404000.0
2014-04-01,NVDA,0.43761595047917773,0.44685133168435104,0.4324062193076696,0.441641628742218,656272000.0
2014-04-02,NVDA,0.4416416309003851,0.442588839356538,0.4369055321608703,0.43879997730255127,239948000.0
2014-04-03,NVDA,0.43974715316458535,0.454192264541182,0.43951033695341235,0.44353604316711426,599548000.0
2014-04-04,NVDA,0.44590420843937373,0.44850907452288413,0.427907018586383,0.42980146408081055,368032000.0
2014-04-07,NVDA,0.4300381459782616,0.43951034288300356,0.4276700967520762,0.43122217059135437,428576000.0
2014-04-08,NVDA,0.43122218495066555,0.44779855831531573,0.4305117645132788,0.446614533662796,470692000.0
2014-04-09,NVDA,0.448745780764078,0.45253467106225304,0.44258884108688745,0.44614091515541077,421968000.0
2014-04-10,NVDA,0.4442466129202645,0.45040352595751876,0.4338271760251392,0.4352480173110962,372748000.0
2014-04-11,NVDA,0.4319327203988753,0.4385632658643774,0.4234077293390324,0.42909106612205505,353112000.0
2014-04-14,NVDA,0.43193259752423496,0.43548467141712455,0.42909094405579806,0.4338270425796509,290184000.0
2014-04-15,NVDA,0.4343006674713973,0.43927358245004644,0.4300381729510373,0.43690553307533264,304636000.0
2014-04-16,NVDA,0.4390367350888565,0.439510339284341,0.4324061916639526,0.4378527104854584,235136000.0
2014-04-17,NVDA,0.4361949990820792,0.4435359615247007,0.43524779087048776,0.4395102560520172,153532000.0
2014-04-21,NVDA,0.4397471981159263,0.4442465089825245,0.43690554443823987,0.4430624842643738,117004000.0
2014-04-22,NVDA,0.4437728434305847,0.4496929948093947,0.4414047941708103,0.44685131311416626,255120000.0
2014-04-23,NVDA,0.44756174642996116,0.45324508175475225,0.44685132598569044,0.4520610570907593,261580000.0
2014-04-24,NVDA,0.45513951657852575,0.4608228235455201,0.45513951657852575,0.4560867249965668,391492000.0
2014-04-25,NVDA,0.4551395011565008,0.4594019953520025,0.44258880655179544,0.44353604316711426,313600000.0
2014-04-28,NVDA,0.44708814791191964,0.4494561972701051,0.4361951095725164,0.441641628742218,226788000.0
2014-04-29,NVDA,0.4432992564060079,0.44424649308425523,0.4376159492540238,0.44258883595466614,171300000.0
2014-04-30,NVDA,0.44187849258807843,0.4423520968648777,0.43643197283144175,0.4373791813850403,305740000.0
2014-05-01,NVDA,0.44400973919677844,0.44495694777863987,0.4361951695935954,0.43974724411964417,198104000.0
2014-05-02,NVDA,0.4418782525520056,0.4418782525520056,0.4338268713025584,0.43643173575401306,156376000.0
2014-05-05,NVDA,0.43595827923197567,0.44448326793721993,0.4354846750215452,0.44116801023483276,239260000.0
2014-05-06,NVDA,0.445430556009987,0.449219418360208,0.4309854424333173,0.43216946721076965,416188000.0
2014-05-07,NVDA,0.43216939212836336,0.43619507002642977,0.42790689802419846,0.43264299631118774,293900000.0
2014-05-08,NVDA,0.43098534291256485,0.4449568207685352,0.4288540818676632,0.4380894899368286,432728000.0
2014-05-09,NVDA,0.4248284745366943,0.42885415287108275,0.4193819552704627,0.4274333119392395,539532000.0
2014-05-12,NVDA,0.42838044808691805,0.4409311126077067,0.4281436319107381,0.43998390436172485,299856000.0
2014-05-13,NVDA,0.43406388996250206,0.44116806694974137,0.4314590523555795,0.43287986516952515,221104000.0
2014-05-14,NVDA,0.4331166692320316,0.43477429824967834,0.4283805701933971,0.42861735820770264,214320000.0
2014-05-15,NVDA,0.4276702261373811,0.4300382760799851,0.42198688933750234,0.4262493848800659,325896000.0
2014-05-16,NVDA,0.42293406844404247,0.42838058821345837,0.42293406844404247,0.425302118062973,283960000.0
2014-05-19,NVDA,0.4298013756834292,0.4414048060775734,0.4279069305786328,0.4390367567539215,360076000.0
2014-05-20,NVDA,0.4391557205209247,0.4403451986144936,0.43178097335643434,0.43392202258110046,256200000.0
2014-05-21,NVDA,0.435587286240218,0.4393936274833964,0.43130515943149095,0.43392202258110046,216712000.0
2014-05-22,NVDA,0.4329704867059585,0.43820418507195275,0.4329704867059585,0.4358252286911011,130364000.0
2014-05-23,NVDA,0.43820422928334957,0.44201057122050136,0.43558736565663275,0.4398694932460785,182656000.0
2014-05-27,NVDA,0.4424862930677706,0.4477199912071228,0.4410589079573128,0.4477199912071228,209680000.0
2014-05-28,NVDA,0.44938526480194624,0.45438105576423593,0.44510313800613027,0.45152631402015686,224676000.0
2014-05-29,NVDA,0.45128842338726805,0.45509476475669386,0.4498610666432801,0.4508126378059387,171884000.0
2014-05-30,NVDA,0.4508125705369012,0.45319152644796207,0.44843361462584036,0.45200204849243164,239128000.0
2014-06-02,NVDA,0.453429437511383,0.45628417895877066,0.446768355227884,0.45057469606399536,181500000.0
2014-06-03,NVDA,0.45152629115817544,0.4520020766981992,0.44272413105046604,0.4486715495586395,243212000.0
2014-06-04,NVDA,0.4474820503423008,0.45247784081510856,0.4472441434038563,0.4491473138332367,161236000.0
2014-06-05,NVDA,0.4498610121519743,0.4524778467120083,0.4472441492325481,0.4510504901409149,188696000.0
2014-06-06,NVDA,0.453191540033569,0.4567599740071334,0.45152627651778404,0.45271575450897217,161052000.0
2014-06-09,NVDA,0.452240036998233,0.4574737352746954,0.4491473880841518,0.4531916081905365,247456000.0
2014-06-10,NVDA,0.45152632880631405,0.4577116264205312,0.44962315812813985,0.4555705487728119,217608000.0
2014-06-11,NVDA,0.45390524794074266,0.4627074080624736,0.45390524794074266,0.46151793003082275,266228000.0
2014-06-12,NVDA,0.46151792312862816,0.4665137137712116,0.4574736751939841,0.4643726646900177,337148000.0
2014-06-13,NVDA,0.4691305552905597,0.46936846222620887,0.46032839570302087,0.46484842896461487,227852000.0
2014-06-16,NVDA,0.46270744215444276,0.4665137551205361,0.45937688640479135,0.463421106338501,198620000.0
2014-06-17,NVDA,0.4638968884676098,0.4684168936672519,0.4615179323921364,0.4665137231349945,157608000.0
2014-06-18,NVDA,0.46532417706325685,0.4681789466239502,0.461042051081606,0.4660378694534302,215536000.0
2014-06-19,NVDA,0.45747365602233614,0.4598526119503631,0.45200205171599583,0.45533260703086853,474592000.0
2014-06-20,NVDA,0.4565220506128456,0.4581873139651702,0.44676832069876093,0.450336754322052,353148000.0
2014-06-23,NVDA,0.44438941640373275,0.4453409874696993,0.4391556904627382,0.44510310888290405,414200000.0
2014-06-24,NVDA,0.444389466984351,0.4479579014269757,0.4363009985654307,0.43820416927337646,275780000.0
2014-06-25,NVDA,0.439393611302718,0.442962045452017,0.4353493916053911,0.4427241384983063,215420000.0
2014-06-26,NVDA,0.44272417781967816,0.44296208479451904,0.43534943027176104,0.4367767870426178,256908000.0
2014-06-27,NVDA,0.43630101136028254,0.4398694459075542,0.4336841480151912,0.43725261092185974,302820000.0
2014-06-30,NVDA,0.435587298871607,0.44224838206063344,0.435587298871607,0.4410589039325714,180512000.0
2014-07-01,NVDA,0.44058315117283653,0.44867162006181616,0.43915576596907613,0.44605475664138794,321180000.0
2014-07-02,NVDA,0.4443894624710083,0.4462926331596249,0.441772599229236,0.4443894624710083,179284000.0
2014-07-03,NVDA,0.4403451700910453,0.4496231156355388,0.4403451700910453,0.44843363761901855,136892000.0
2014-07-07,NVDA,0.44914735350004287,0.4493852604594983,0.4441515342266335,0.44486522674560547,127496000.0
2014-07-08,NVDA,0.4436757421921286,0.44557891276181416,0.43701465937792583,0.44129678606987,221940000.0
2014-07-09,NVDA,0.44510313594321566,0.45652213122600316,0.441772580291064,0.4546189606189728,387668000.0
2014-07-10,NVDA,0.44605466365108765,0.45414313085384117,0.44248622974500595,0.4522399604320526,266308000.0
2014-07-11,NVDA,0.45271582259438475,0.45461899333838834,0.45105055882815537,0.4531916081905365,191188000.0
2014-07-14,NVDA,0.4550946772666091,0.4600904958086305,0.45342941387239877,0.4589010179042816,272636000.0
2014-07-15,NVDA,0.45961465684136515,0.46199361237326503,0.456522008978018,0.46080413460731506,395440000.0
2014-07-16,NVDA,0.46270741439260366,0.4662758485363746,0.45771159524756677,0.46032842993736267,319728000.0
2014-07-17,NVDA,0.45509471034702387,0.4638968701665386,0.45509471034702387,0.4591389298439026,324832000.0
2014-07-18,NVDA,0.44962314331745673,0.45319157758671497,0.437966241022243,0.43867993354797363,567816000.0
2014-07-21,NVDA,0.43701465937792583,0.4443894347006849,0.43701465937792583,0.44129678606987,243364000.0
2014-07-22,NVDA,0.4446272471763289,0.44700620294481064,0.4384419791939102,0.439393550157547,298816000.0
2014-07-23,NVDA,0.4396314923604255,0.4398693709407306,0.4296398546434194,0.43011564016342163,297352000.0
2014-07-24,NVDA,0.43249454989703473,0.4336840277496027,0.42773663848676285,0.4308292865753174,254576000.0
2014-07-25,NVDA,0.4294019693444274,0.4303535687917819,0.42250300805822655,0.42321670055389404,266132000.0
2014-07-28,NVDA,0.4251198104290046,0.4251198104290046,0.41441450888556686,0.421551376581192,330352000.0
2014-07-29,NVDA,0.42178931058865193,0.4286883001528906,0.42155140363977045,0.42297878861427307,217972000.0
2014-07-30,NVDA,0.4255956351843128,0.4313051181431231,0.42440615720461133,0.43011564016342163,246184000.0
2014-07-31,NVDA,0.4248818327105092,0.4282123588475477,0.41560388985552826,0.41631758213043213,401880000.0
2014-08-01,NVDA,0.41631763779218744,0.4232166262261415,0.41489025305153804,0.4208376705646515,219884000.0
2014-08-04,NVDA,0.4203619275560249,0.423930361649373,0.41774509290320566,0.41988614201545715,241724000.0
2014-08-05,NVDA,0.41869666895702917,0.4263093511340989,0.4151282348213003,0.4201240539550781,298136000.0
2014-08-06,NVDA,0.41726930511001276,0.42488198767296304,0.41417668472313357,0.41964828968048096,223456000.0
2014-08-07,NVDA,0.4232167948784232,0.4270231084379935,0.41251146177624465,0.4153662323951721,407696000.0
2014-08-08,NVDA,0.4334461867142788,0.4543810044034925,0.4334461867142788,0.45200204849243164,894348000.0
2014-08-11,NVDA,0.4524779394035051,0.4543811102475589,0.44843371908451457,0.4496231973171234,344624000.0
2014-08-12,NVDA,0.4493853186862405,0.45200215378234115,0.44462737739640695,0.4496231973171234,296152000.0
2014-08-13,NVDA,0.450336790010264,0.4560463012756298,0.447482048557277,0.4522399604320526,256596000.0
2014-08-14,NVDA,0.45390525000733156,0.45390525000733156,0.44534099679669586,0.44724416732788086,255992000.0
2014-08-15,NVDA,0.44867159900234616,0.4555705609914411,0.4443894719514544,0.4529537260532379,369796000.0
2014-08-18,NVDA,0.45485680340510476,0.45961474372774075,0.45033679838378016,0.4591389298439026,284076000.0
2014-08-19,NVDA,0.4592584534736856,0.4652321527896733,0.45758579487733286,0.4628426730632782,248260000.0
2014-08-20,NVDA,0.4611700720340483,0.4633206211471606,0.45878059200937826,0.45997533202171326,221468000.0
2014-08-21,NVDA,0.4587805605685587,0.4611700404294746,0.45495740988200134,0.4556742310523987,272796000.0
2014-08-22,NVDA,0.45519630666945005,0.4597363351559153,0.45232893674817154,0.45591315627098083,251224000.0
2014-08-25,NVDA,0.4578247014544879,0.46093103043759565,0.45567415285779395,0.4566299617290497,153380000.0
2014-08-26,NVDA,0.45782471610337905,0.465710004240543,0.4561520861312153,0.46475422382354736,269636000.0
2014-08-27,NVDA,0.46188687194465367,0.46547109159526157,0.45878054255049106,0.4594973921775818,182972000.0
2014-08-28,NVDA,0.45854147597351647,0.4642762143235322,0.4571077771435939,0.46332043409347534,179704000.0
2014-08-29,NVDA,0.46499315468537483,0.465710004240543,0.45997523628404063,0.46475422382354736,207932000.0
2014-09-02,NVDA,0.4659489691257477,0.4659489691257477,0.4616479002284567,0.4659489691257477,192636000.0
2014-09-03,NVDA,0.46833851030430607,0.4719227301095108,0.46523218077615924,0.47025009989738464,259456000.0
2014-09-04,NVDA,0.4695331701488334,0.4814805959464327,0.4692942108086414,0.4786131978034973,491832000.0
2014-09-05,NVDA,0.4781352778689692,0.48028582647052986,0.474073168490255,0.47717949748039246,253792000.0
2014-09-08,NVDA,0.4767016048175936,0.47765738520122103,0.47096683706130354,0.47287842631340027,319288000.0
2014-09-09,NVDA,0.4707279081244813,0.47383423711118117,0.4664268394109615,0.46690472960472107,198588000.0
2014-09-10,NVDA,0.46953319387295045,0.47025004344490456,0.4642763160018492,0.46857738494873047,172376000.0
2014-09-11,NVDA,0.4652321924990433,0.4669048227533163,0.4587805738992298,0.46379849314689636,250720000.0
2014-09-12,NVDA,0.4666658857348711,0.4666658857348711,0.4563911158449151,0.4568690061569214,262536000.0
2014-09-15,NVDA,0.4583025935987582,0.45901944313404125,0.448744675754563,0.4506562650203705,294152000.0
2014-09-16,NVDA,0.44946153863913585,0.45973630632378115,0.448027839525988,0.4573468267917633,219936000.0
2014-09-17,NVDA,0.4561520813997229,0.46188682081189814,0.4540015327565253,0.45758575201034546,173584000.0
2014-09-18,NVDA,0.460453159265319,0.46499315901559096,0.4590194601416314,0.4645152688026428,219604000.0
2014-09-19,NVDA,0.4659489937227226,0.4664268839621282,0.45519630666945005,0.45591315627098083,601316000.0
2014-09-22,NVDA,0.46523214784826533,0.46523214784826533,0.4508952411573275,0.4513731598854065,221464000.0
2014-09-23,NVDA,0.4489836308146444,0.45447943956830616,0.44731100079870645,0.44946154952049255,196144000.0
2014-09-24,NVDA,0.44922253627197284,0.4535236047146795,0.4487446461083032,0.45208990573883057,159592000.0
2014-09-25,NVDA,0.451612034672376,0.45280677437449174,0.4413372675372122,0.44229304790496826,298440000.0
2014-09-26,NVDA,0.4437267581845732,0.44659412784533603,0.44181516891578393,0.4432488679885864,241188000.0
2014-09-29,NVDA,0.4396647221933702,0.4456384218526184,0.43536365274174216,0.44253209233283997,208540000.0
2014-09-30,NVDA,0.440620447835978,0.44396573631918423,0.43560252935359023,0.4408594071865082,277204000.0
2014-10-01,NVDA,0.44157622433114785,0.4446825247509049,0.4353635665219513,0.4365583062171936,350976000.0
2014-10-02,NVDA,0.43584140560512863,0.4379919254105018,0.42461083099864794,0.4346466660499573,288996000.0
2014-10-03,NVDA,0.43727517436840035,0.44324887309921684,0.4356025159358978,0.4356025159358978,239140000.0
2014-10-06,NVDA,0.4372751688417104,0.4408593880348996,0.43010670197049,0.43297410011291504,199032000.0
2014-10-07,NVDA,0.4310625127388341,0.43536358148651344,0.42795618372746336,0.4284340739250183,301896000.0
2014-10-08,NVDA,0.42795626094019434,0.43846998960752337,0.4246109719840612,0.4363194406032562,260172000.0
2014-10-09,NVDA,0.4344078432179565,0.43488576197803763,0.42437203349864894,0.4279562532901764,306956000.0
2014-10-10,NVDA,0.42461094292548196,0.4260446421635437,0.4023887756445966,0.40262770652770996,691376000.0
2014-10-13,NVDA,0.4052560856625173,0.41338033266782764,0.400716086221933,0.4011939764022827,397628000.0
2014-10-14,NVDA,0.4066897756689673,0.42174350116759496,0.4043002963353705,0.4105129539966583,376620000.0
2014-10-15,NVDA,0.4045392201406288,0.41887612437765104,0.40191081001029944,0.4167255759239197,404428000.0
2014-10-16,NVDA,0.4093183492652152,0.42174364019905547,0.4083625401257814,0.41696467995643616,351116000.0
2014-10-17,NVDA,0.4219824632129075,0.4267614219108826,0.41457506583710985,0.416247695684433,290716000.0
2014-10-20,NVDA,0.41624768287552494,0.4236550800233798,0.41338031344194365,0.41983190178871155,200336000.0
2014-10-21,NVDA,0.42293831390821685,0.4382310013763582,0.4217435740349954,0.4377531111240387,351092000.0
2014-10-22,NVDA,0.437036353656486,0.43847005320059934,0.4274784326553345,0.4274784326553345,239512000.0
2014-10-23,NVDA,0.43488569610377475,0.44014254530476504,0.4317793670580124,0.4370362162590027,214476000.0
2014-10-24,NVDA,0.43966462348581237,0.444204622813643,0.437036184831906,0.441576212644577,210156000.0
2014-10-27,NVDA,0.44133733701102046,0.4434878574194198,0.43655837745027004,0.44181522727012634,145092000.0
2014-10-28,NVDA,0.4406204822872818,0.45280684042028474,0.4401425920336993,0.45232895016670227,192580000.0
2014-10-29,NVDA,0.4504173299625017,0.4530457689052924,0.4453994114298445,0.44946154952049255,168340000.0
2014-10-30,NVDA,0.44826680736626084,0.4501783682402184,0.4408594092827233,0.44659414887428284,170260000.0
2014-10-31,NVDA,0.456868893111561,0.4671436889440218,0.4544794136579213,0.46690472960472107,256316000.0
2014-11-03,NVDA,0.47765740644154364,0.47933006491453367,0.47240055712814916,0.4747900366783142,308732000.0
2014-11-04,NVDA,0.4778963593376583,0.48267531837346,0.47001107123161684,0.48100268840789795,360196000.0
2014-11-05,NVDA,0.4838700866172532,0.48410901747813767,0.47741846913104663,0.48100268840789795,335652000.0
2014-11-06,NVDA,0.4819584557799298,0.4838700735243358,0.4745510580809349,0.48315322399139404,394088000.0
2014-11-07,NVDA,0.48864903052198744,0.4943837697934357,0.46809946742557945,0.47287842631340027,450800000.0
2014-11-10,NVDA,0.47240045708281264,0.4814805116322705,0.47120571756075297,0.478374183177948,293388000.0
2014-11-11,NVDA,0.4755068107984784,0.4781352207957419,0.46857730411149945,0.47263944149017334,212992000.0
2014-11-12,NVDA,0.47096678604552544,0.4721615256380648,0.46308149903779805,0.46953311562538147,204584000.0
2014-11-13,NVDA,0.4712058240237658,0.47192267359593215,0.4633205356996232,0.467143714427948,225328000.0
2014-11-14,NVDA,0.46762157723376574,0.47287842631340027,0.4630815491994309,0.47287842631340027,160248000.0
2014-11-17,NVDA,0.4707278907299042,0.47574580879105954,0.46762156185799086,0.4707278907299042,158732000.0
2014-11-18,NVDA,0.47096680304256755,0.48315318720504585,0.46977206340691047,0.48195841908454895,207772000.0
2014-11-19,NVDA,0.48231845583794875,0.4837582224984692,0.475119679746133,0.48015880584716797,240300000.0
2014-11-20,NVDA,0.4767993558650953,0.4885573731748303,0.4753595893029592,0.48807743191719055,220968000.0
2014-11-21,NVDA,0.4923967022943284,0.4931165855325464,0.4866376935993641,0.49071699380874634,198976000.0
2014-11-24,NVDA,0.4919168438760012,0.4959961447721051,0.4899971930581132,0.49383655190467834,136004000.0
2014-11-25,NVDA,0.4928766109236812,0.49719591056866685,0.4919167856283896,0.49359649419784546,190240000.0
2014-11-26,NVDA,0.4907172439585626,0.5024752665622295,0.490477244616294,0.501995325088501,219264000.0
2014-11-28,NVDA,0.5036748694858069,0.5060744616470085,0.4991156272162865,0.5031949281692505,124832000.0
2014-12-01,NVDA,0.5010353282879421,0.5039148045147741,0.49311666854527303,0.49383655190467834,190060000.0
2014-12-02,NVDA,0.4933565726227056,0.49671598990084037,0.4887973307676457,0.49455639719963074,245952000.0
2014-12-03,NVDA,0.4969559599822293,0.5075141524700252,0.4955161934587159,0.5072742104530334,284424000.0
2014-12-04,NVDA,0.5065542900088303,0.5084739404254198,0.4993555151304542,0.5027149319648743,185332000.0
2014-12-05,NVDA,0.5029549009805502,0.5082340257259059,0.5027149589682823,0.5055944919586182,165680000.0
2014-12-08,NVDA,0.5048745924716078,0.5099137178318306,0.4950362265449341,0.499115526676178,226944000.0
2014-12-09,NVDA,0.4959962497744105,0.498635841721294,0.48855752976683253,0.4974360167980194,239448000.0
2014-12-10,NVDA,0.495996232645913,0.49791594101469777,0.4859179782502904,0.4863978624343872,204364000.0
2014-12-11,NVDA,0.4892772500319758,0.4926366671589978,0.4851979496333374,0.48615777492523193,135652000.0
2014-12-12,NVDA,0.47967885167766805,0.48399812268028913,0.4705603970288882,0.4710403382778168,323964000.0
2014-12-15,NVDA,0.47655945365809776,0.48519802566580267,0.4681608809190619,0.469600647687912,254696000.0
2014-12-16,NVDA,0.46912061651138687,0.47655933332440986,0.4640814626982195,0.46432140469551086,185308000.0
2014-12-17,NVDA,0.47367987733580236,0.4839981280097393,0.4583224723357547,0.4832782447338104,345596000.0
2014-12-18,NVDA,0.48927723177451005,0.49503624052176104,0.48063869004824356,0.48519793152809143,226156000.0
2014-12-19,NVDA,0.4885572036373462,0.4919166196427021,0.4839979635096416,0.4899969696998596,325528000.0
2014-12-22,NVDA,0.4895173131372387,0.49863579869270325,0.4878376041582418,0.49863579869270325,148976000.0
2014-12-23,NVDA,0.5024751350902621,0.5048747274094372,0.4950363588532635,0.495516300201416,109280000.0
2014-12-24,NVDA,0.4967159693156299,0.49743585258979417,0.49311661015559083,0.49359649419784546,45644000.0
2014-12-26,NVDA,0.49359637045556937,0.49671584479131636,0.4923966034399264,0.49407631158828735,52636000.0
2014-12-29,NVDA,0.49263655338565154,0.4967158528421846,0.4902369621047045,0.4933564364910126,82944000.0
2014-12-30,NVDA,0.489997251034991,0.4923968434466673,0.48807754277917237,0.4887974262237549,112120000.0
2014-12-31,NVDA,0.489517161739471,0.4921567526422051,0.47967882438251974,0.4811186194419861,166300000.0
2015-01-02,NVDA,0.4830382764339447,0.48663769261777423,0.4753595600489612,0.4830382764339447,113680000.0
2015-01-05,NVDA,0.4830382510381686,0.4844780174360046,0.4727200014680458,0.4748796224594116,197952000.0
2015-01-06,NVDA,0.4755995548327005,0.4760794674798034,0.4600022078668131,0.460482120513916,197764000.0
2015-01-07,NVDA,0.463841551814028,0.46792088095245704,0.45784257202856404,0.4592823386192322,321808000.0
2015-01-08,NVDA,0.46456144083955353,0.4794389337753259,0.4643214702030182,0.4765594005584717,283780000.0
2015-01-09,NVDA,0.47823917510521713,0.4820785339568908,0.47176025346734335,0.4784791171550751,209540000.0
2015-01-12,NVDA,0.4796789246412495,0.47991889530221554,0.46816087641738907,0.4724801480770111,190732000.0
2015-01-13,NVDA,0.47607942441444123,0.48567779090981184,0.4684007369392225,0.4717601537704468,236720000.0
2015-01-14,NVDA,0.4667211242770246,0.4751196966835413,0.4655213282189508,0.47367992997169495,155260000.0
2015-01-15,NVDA,0.4770393563510369,0.47991886105014137,0.47008052233902514,0.4703204929828644,188932000.0
2015-01-16,NVDA,0.469600598152907,0.47943893662301285,0.4681608315359282,0.47895902395248413,181512000.0
2015-01-20,NVDA,0.4823183050778813,0.48495783832326206,0.47439964813097,0.48039865493774414,140308000.0
2015-01-21,NVDA,0.47775922125969783,0.48831744288992246,0.4743997754024205,0.48711761832237244,144780000.0
2015-01-22,NVDA,0.48807752396441745,0.49695606703507983,0.48303839725738773,0.495516300201416,159712000.0
2015-01-23,NVDA,0.4959961379870409,0.4979158459894571,0.49191683714674056,0.4969560205936432,120416000.0
2015-01-26,NVDA,0.4947965145111084,0.4971961073042236,0.49167703815897823,0.4947965145111084,133240000.0
2015-01-27,NVDA,0.4871175977713705,0.4875975390202991,0.4700804843853505,0.4710403382778168,357948000.0
2015-01-28,NVDA,0.47679928520216314,0.478718964132046,0.46312159070511477,0.46336156129837036,272728000.0
2015-01-29,NVDA,0.4636015802207121,0.47727924753822937,0.4614419304724366,0.4746397137641907,235340000.0
2015-01-30,NVDA,0.47128024970864396,0.47679931626459204,0.46000217459324777,0.46072202920913696,298200000.0
2015-02-02,NVDA,0.4636015651265388,0.47272001924313045,0.45448311100994704,0.47080034017562866,259604000.0
2015-02-03,NVDA,0.47415973945366513,0.4830382512349572,0.47176014785988635,0.48255831003189087,183468000.0
2015-02-04,NVDA,0.4811185882082972,0.4892771879707149,0.47967879324230084,0.4837581217288971,181516000.0
2015-02-05,NVDA,0.48423817994569046,0.49191689849135484,0.48375829579333357,0.4916769564151764,140448000.0
2015-02-06,NVDA,0.49119695045031125,0.4969560172075308,0.48735759168242754,0.4895172417163849,210524000.0
2015-02-09,NVDA,0.4866378022639994,0.49047710411075957,0.48351832660541255,0.4890373945236206,273944000.0
2015-02-10,NVDA,0.48951714941579605,0.5029548739642536,0.4873574997890501,0.5027149319648743,226204000.0
2015-02-11,NVDA,0.5039147089085471,0.5039147089085471,0.4959960506682613,0.4993555247783661,320832000.0
2015-02-12,NVDA,0.5279107441056518,0.5399087038603924,0.5247912688483407,0.5351095199584961,676904000.0
2015-02-13,NVDA,0.5339097810193352,0.5360694312848423,0.5257511785195893,0.5353495478630066,310084000.0
2015-02-17,NVDA,0.5343894946573962,0.5396686184310592,0.5310300782608695,0.5370290279388428,203340000.0
2015-02-18,NVDA,0.5363092768708431,0.5372691594011331,0.5298303844506964,0.5307902097702026,170948000.0
2015-02-19,NVDA,0.5375090246797845,0.5384688498622415,0.5298303087985771,0.5322299003601074,169432000.0
2015-02-20,NVDA,0.531750209269332,0.5363093948425642,0.5279108499359814,0.5360694527626038,157752000.0
2015-02-23,NVDA,0.5358294434759732,0.5358294434759732,0.5291105511826308,0.5317501425743103,125008000.0
2015-02-24,NVDA,0.5337976956400355,0.5374109148979187,0.5289800316754683,0.5374109148979187,149356000.0
2015-02-25,NVDA,0.5352429395677648,0.5376518289392024,0.530907065047561,0.533315896987915,123820000.0
2015-02-26,NVDA,0.5337974311665359,0.5378924377644113,0.5304250221173537,0.5347609519958496,152864000.0
2015-02-27,NVDA,0.5333156223867298,0.5345200664522872,0.5294614817804217,0.5313885807991028,157492000.0
2015-03-02,NVDA,0.5299435284366697,0.5472871408782385,0.5292208731323476,0.5443965196609497,301512000.0
2015-03-03,NVDA,0.5403013336701157,0.5429510306278328,0.5325930512444946,0.5342792272567749,160344000.0
2015-03-04,NVDA,0.532352292246138,0.5415058292121361,0.5301843266103459,0.5403014421463013,226840000.0
2015-03-05,NVDA,0.5403013782632132,0.5516228795263942,0.5388560680102396,0.5506593585014343,323056000.0
2015-03-06,NVDA,0.5475277824076422,0.5501774791500075,0.542710120640946,0.5431919097900391,257392000.0
2015-03-09,NVDA,0.5434331137642816,0.5487325679773046,0.5422286688576924,0.5446375012397766,222388000.0
2015-03-10,NVDA,0.5470462192308398,0.557645125440584,0.5460826979657037,0.5540318489074707,527212000.0
2015-03-11,NVDA,0.5540318257289217,0.5612583210617375,0.5496959515016643,0.5511412620544434,262120000.0
2015-03-12,NVDA,0.545841749930061,0.5499367577644431,0.5357246345897164,0.546082615852356,406972000.0
2015-03-13,NVDA,0.5434330284555987,0.5482506924634853,0.5359656090416148,0.5468053817749023,359288000.0
2015-03-16,NVDA,0.5511411749295403,0.5566814928853218,0.5475278991187825,0.5533090829849243,236956000.0
2015-03-17,NVDA,0.5521045587920679,0.5602945720196283,0.5482504180287876,0.5600537061691284,299900000.0
2015-03-18,NVDA,0.5600539353171596,0.5629444989990118,0.54584181056371,0.5509003400802612,413844000.0
2015-03-19,NVDA,0.5528273397709064,0.5612582207704702,0.5487323322238226,0.5593311786651611,310756000.0
2015-03-20,NVDA,0.5639080808165599,0.5687257444110501,0.5586086278901885,0.5653533339500427,462084000.0
2015-03-23,NVDA,0.5484912560128983,0.555717748040257,0.5468050802829533,0.5470459461212158,426012000.0
2015-03-24,NVDA,0.5453600400317367,0.5492141825047955,0.5371700231709127,0.5395788550376892,330480000.0
2015-03-25,NVDA,0.5393380329228006,0.5393380329228006,0.5051325372305144,0.5068187713623047,542552000.0
2015-03-26,NVDA,0.4964608061595956,0.5073005221276565,0.4928475292161828,0.5051325559616089,311920000.0
2015-03-27,NVDA,0.508023176723344,0.5169358499283984,0.499833158905844,0.515008807182312,318288000.0
2015-03-30,NVDA,0.5174174940306423,0.5198263255023529,0.5106727314512094,0.517176628112793,253252000.0
2015-03-31,NVDA,0.5157315369201374,0.5162132689605635,0.5036873744430335,0.5041691064834595,357276000.0
2015-04-01,NVDA,0.5060959458351135,0.5077821219688721,0.4974241418393076,0.5060959458351135,330768000.0
2015-04-02,NVDA,0.5089863139615423,0.5104316236458679,0.5029642668515789,0.5073001384735107,192204000.0
2015-04-06,NVDA,0.5051321265525048,0.5236801700426541,0.49983273478192497,0.5219939947128296,515864000.0
2015-04-07,NVDA,0.5219941797310044,0.5323521585934303,0.5191035596090026,0.5265709757804871,413964000.0
2015-04-08,NVDA,0.5270529566855954,0.5323524102709742,0.5219944265116568,0.5304253101348877,366432000.0
2015-04-09,NVDA,0.5263300986415386,0.5443963611263212,0.5260892327539347,0.5427101850509644,379432000.0
2015-04-10,NVDA,0.5431920272723476,0.5484914219032385,0.5412649276902385,0.5482505559921265,258728000.0
2015-04-13,NVDA,0.5470459932585492,0.5501774791500075,0.5407830214756326,0.5431919097900391,236724000.0
2015-04-14,NVDA,0.5410241778761335,0.5431921438345731,0.533315892755737,0.538615345954895,220276000.0
2015-04-15,NVDA,0.5400605186516896,0.549214054641968,0.5374107640133688,0.545119047164917,243560000.0
2015-04-16,NVDA,0.5419876014922098,0.5465643985471488,0.5378925937071333,0.5417467355728149,155284000.0
2015-04-17,NVDA,0.5304250221173537,0.5400604027036593,0.5301841562677893,0.5347609519958496,293636000.0
2015-04-20,NVDA,0.5371699953599491,0.5405423483126227,0.5311478872892501,0.5321114659309387,231624000.0
2015-04-21,NVDA,0.5386150728992851,0.5386150728992851,0.5287388268272981,0.5313885807991028,230456000.0
2015-04-22,NVDA,0.5345203509778291,0.5381335702357123,0.526330276293197,0.5374109148979187,207420000.0
2015-04-23,NVDA,0.5275346290083628,0.5403014420312969,0.5215125213872468,0.5352428555488586,259380000.0
2015-04-24,NVDA,0.5350019867158146,0.5352428526414069,0.5246440053113766,0.5306661128997803,240960000.0
2015-04-27,NVDA,0.5323521212070372,0.5441554093015347,0.5277753254789769,0.5347609519958496,248456000.0
2015-04-28,NVDA,0.5337976956400355,0.5393380149423964,0.5287391082754807,0.5374109148979187,234484000.0
2015-04-29,NVDA,0.5335567629526253,0.5388562161938376,0.5311479310122713,0.533315896987915,195156000.0
2015-04-30,NVDA,0.5306659453979742,0.5374106486342264,0.5294615012880399,0.5347609519958496,218844000.0
2015-05-01,NVDA,0.5390968484105005,0.5496957502973268,0.5366880175145963,0.5480095744132996,256968000.0
2015-05-04,NVDA,0.5475281230707154,0.551141400359389,0.542951324315427,0.5446375012397766,200720000.0
2015-05-05,NVDA,0.5427102706455135,0.5434329258533649,0.5282572813506337,0.5306661128997803,292928000.0
2015-05-06,NVDA,0.5335566557083862,0.5386152419681185,0.5253666402435824,0.5323522686958313,316484000.0
2015-05-07,NVDA,0.53018430997577,0.5434329118707245,0.5284981336778605,0.5417467355728149,534564000.0
2015-05-08,NVDA,0.5060959967048307,0.5260893038546601,0.4935700499595154,0.5017600655555725,1146552000.0
2015-05-11,NVDA,0.4947744056925035,0.5020009571507905,0.49092032148950965,0.4969423711299896,544144000.0
2015-05-12,NVDA,0.4933291840393587,0.505855073353601,0.49308826068812905,0.5017600655555725,388800000.0
2015-05-13,NVDA,0.5053733075515796,0.5092274491704484,0.4998329897427811,0.5046506524085999,308524000.0
2015-05-14,NVDA,0.5060959831956717,0.515490443003893,0.5048915387648925,0.5128406882286072,293052000.0
2015-05-15,NVDA,0.5150087121981117,0.5174175439019978,0.5099501828492744,0.5130816698074341,215824000.0
2015-05-18,NVDA,0.5118771146757446,0.515490390166654,0.5094682834921602,0.5123589038848877,324972000.0
2015-05-19,NVDA,0.5130366157890373,0.514730655017913,0.5081966520700402,0.5091646909713745,253808000.0
2015-05-20,NVDA,0.5094066718482487,0.5154566553454544,0.5086806715207074,0.5091646909713745,196824000.0
2015-05-21,NVDA,0.509406450916617,0.5115844509546339,0.5050504508405833,0.5055344700813293,239692000.0
2015-05-22,NVDA,0.5067446843329816,0.5086806466471478,0.5035987022997744,0.5048086643218994,212592000.0
2015-05-26,NVDA,0.5023885524607252,0.5057765144814829,0.4977905710343252,0.50166255235672,259732000.0
2015-05-27,NVDA,0.5050506432848727,0.5309444997450524,0.5033566618421279,0.5285245180130005,432332000.0
2015-05-28,NVDA,0.5285245962892001,0.5374785242542064,0.5275566149924013,0.5357845425605774,327656000.0
2015-05-29,NVDA,0.5357843497017212,0.5391723118694614,0.534816368753353,0.535542368888855,335168000.0
2015-06-01,NVDA,0.5389303378722986,0.5469162817669128,0.5355423756617118,0.5415922999382019,372660000.0
2015-06-02,NVDA,0.5382043509140415,0.5411083515639257,0.5304603876456206,0.5309444069862366,224304000.0
2015-06-03,NVDA,0.5323965356822856,0.5365104991303075,0.5241685510893226,0.5251365900039673,250788000.0
2015-06-04,NVDA,0.5219905222040377,0.5362684303399029,0.5219905222040377,0.5345744490623474,323712000.0
2015-06-05,NVDA,0.5328802425138011,0.5411082231705139,0.5273142810534771,0.5386882424354553,313320000.0
2015-06-08,NVDA,0.5369944702148232,0.540624413878535,0.5202965793497719,0.5263465046882629,342812000.0
2015-06-09,NVDA,0.5268303882644852,0.5328803120430691,0.5258624073835397,0.5290083885192871,256888000.0
2015-06-10,NVDA,0.5227165111073838,0.5261044735891561,0.5166665286497256,0.519570529460907,529460000.0
2015-06-11,NVDA,0.519570625880898,0.5287665339946668,0.519570625880898,0.5251365900039673,283052000.0
2015-06-12,NVDA,0.5217484832463185,0.5248944649583618,0.5096485757757327,0.5108585953712463,323728000.0
2015-06-15,NVDA,0.5081965769615872,0.5123105974419335,0.504324652716172,0.509890615940094,306548000.0
2015-06-16,NVDA,0.5089225382918438,0.5169084824073489,0.5038405948353971,0.5161824822425842,256892000.0
2015-06-17,NVDA,0.5159406276036821,0.5251365934751563,0.5147306654977575,0.5222325921058655,233544000.0
2015-06-18,NVDA,0.5265884637083158,0.5343323692798311,0.5251364633833737,0.5309444069862366,299404000.0
2015-06-19,NVDA,0.530944603569652,0.535300548460371,0.5244106573851101,0.5292506217956543,355656000.0
2015-06-22,NVDA,0.5302186509960652,0.5331226529832785,0.519086720307657,0.5270726680755615,514236000.0
2015-06-23,NVDA,0.5280406111071829,0.532154575158618,0.5094067535694147,0.5135207176208496,414064000.0
2015-06-24,NVDA,0.5127944704554247,0.5154564900349881,0.5060185465006821,0.5084385275840759,253368000.0
2015-06-25,NVDA,0.5084385828244848,0.5154565460378788,0.5084385828244848,0.5123105645179749,350460000.0
2015-06-26,NVDA,0.508196570179347,0.5086805895520194,0.4997266638844005,0.5019046068191528,421296000.0
2015-06-29,NVDA,0.4960968049743002,0.5011788079042834,0.4861748954154001,0.4869008958339691,391724000.0
2015-06-30,NVDA,0.4898046438806432,0.4919826442651109,0.483270700424143,0.48665866255760193,315916000.0
2015-07-01,NVDA,0.4987586336150971,0.5057765387963615,0.48932068950620583,0.49367663264274597,302892000.0
2015-07-02,NVDA,0.4934347115385298,0.4973066935156102,0.49101473001496837,0.4941607117652893,145764000.0
2015-07-06,NVDA,0.4900466212344599,0.4968225446558023,0.4844806594111163,0.48811060190200806,214776000.0
2015-07-07,NVDA,0.48520672931679026,0.4871426912311184,0.46366885011114417,0.478914737701416,594252000.0
2015-07-08,NVDA,0.4762528994301472,0.47915687190487666,0.4716549165674043,0.47552689909935,332492000.0
2015-07-09,NVDA,0.4830288011683956,0.4852068019205973,0.4668149013463446,0.469718873500824,357588000.0
2015-07-10,NVDA,0.4757687875035259,0.48230276036225245,0.4745587968035327,0.47794678807258606,216708000.0
2015-07-13,NVDA,0.4827867620780932,0.48375474312117317,0.4779467991657842,0.48109278082847595,212472000.0
2015-07-14,NVDA,0.481818795070358,0.4823027856059966,0.47504284102605154,0.48133477568626404,249216000.0
2015-07-15,NVDA,0.4801247597931923,0.48327074138286547,0.47359081578291967,0.47794678807258606,265732000.0
2015-07-16,NVDA,0.4808508061296188,0.48859477043151855,0.4791568247567495,0.48859477043151855,282848000.0
2015-07-17,NVDA,0.4869007025760992,0.4873846641984366,0.47939872046083887,0.4856906831264496,220372000.0
2015-07-20,NVDA,0.48569064841595055,0.4876266678576492,0.4755267338619539,0.47673672437667847,188412000.0
2015-07-21,NVDA,0.47576875631795484,0.48569069094692036,0.47576875631795484,0.478914737701416,149720000.0
2015-07-22,NVDA,0.47552684665823897,0.47552684665823897,0.4639109291918653,0.469718873500824,356472000.0
2015-07-23,NVDA,0.4706869353586477,0.4825448349839845,0.46971892530143156,0.47552689909935,169916000.0
2015-07-24,NVDA,0.4789147942390042,0.47939878477472303,0.4680248773672813,0.46996086835861206,188844000.0
2015-07-27,NVDA,0.4658468054799774,0.47262275848971436,0.4619748529375927,0.46729880571365356,192420000.0
2015-07-28,NVDA,0.46850881483995965,0.4806087211047788,0.46366885233403204,0.4774627685546875,198308000.0
2015-07-29,NVDA,0.476494839723666,0.4871427763553712,0.4745588486225872,0.4832707941532135,232680000.0
2015-07-30,NVDA,0.48206075815619653,0.48932073131716014,0.48206075815619653,0.48448076844215393,190180000.0
2015-07-31,NVDA,0.4864167469139618,0.4866587277567984,0.47988280258208854,0.48278677463531494,218340000.0
2015-08-03,NVDA,0.48665880636027736,0.49149877018020766,0.48036687070344386,0.4910148084163666,397132000.0
2015-08-04,NVDA,0.48932085287146315,0.494402797843575,0.4873848326223804,0.49295079708099365,260100000.0
2015-08-05,NVDA,0.5050505648372658,0.5055345841872616,0.4970646205922296,0.49803265929222107,234628000.0
2015-08-06,NVDA,0.49682238914734056,0.500452388198916,0.486658449499807,0.4948864281177521,655676000.0
2015-08-07,NVDA,0.5435281880801107,0.5655499948188859,0.529492265607308,0.5561121106147766,1405248000.0
2015-08-10,NVDA,0.5522402268714579,0.5795860189473825,0.5488522071892715,0.5754720568656921,662304000.0
2015-08-11,NVDA,0.5670020376436852,0.5781339610822059,0.5670020376436852,0.5725679993629456,435008000.0
2015-08-12,NVDA,0.5633721233916439,0.578133989991332,0.5633721233916439,0.5740200281143188,384048000.0
2015-08-13,NVDA,0.5747460334021186,0.5759560527458972,0.5677280712201372,0.5691800713539124,276884000.0
2015-08-14,NVDA,0.5686964390894444,0.5730524424551413,0.5653084749363051,0.569664478302002,214652000.0
2015-08-17,NVDA,0.5686962199785288,0.5686962199785288,0.5590162931579961,0.5660342574119568,273880000.0
2015-08-18,NVDA,0.5642842476518961,0.5681725190366841,0.5565077048823202,0.560882031917572,287084000.0
2015-08-19,NVDA,0.560153247214826,0.5664716840159864,0.5526196996720567,0.5586951375007629,249248000.0
2015-08-20,NVDA,0.5523766725943016,0.555049834974292,0.5358515265751798,0.5385247468948364,426932000.0
2015-08-21,NVDA,0.5346365220995059,0.5436281217708893,0.5212705931136086,0.521756649017334,382664000.0
2015-08-24,NVDA,0.49259460900808044,0.5305052298925717,0.4860331732210475,0.5032873749732971,682284000.0
2015-08-25,NVDA,0.5254015933574233,0.5273457580256095,0.49283742904663086,0.49283742904663086,622684000.0
2015-08-26,NVDA,0.5088768046300375,0.5305052796211663,0.5049885309999944,0.530019223690033,614976000.0
2015-08-27,NVDA,0.5356085640206933,0.5501895455311724,0.5324493455661226,0.5499465465545654,463764000.0
2015-08-28,NVDA,0.549946583383524,0.5557789647903659,0.5460583097990713,0.5523767471313477,320944000.0
2015-08-31,NVDA,0.5497034009433863,0.553591673230243,0.544114020394715,0.5463011264801025,219352000.0
2015-09-01,NVDA,0.5305051554493928,0.5394967535231975,0.5200554478631525,0.5239436626434326,353408000.0
2015-09-02,NVDA,0.5382817968585247,0.5399829057962043,0.5292901962137851,0.5397399067878723,344044000.0
2015-09-03,NVDA,0.5477592709553034,0.550432490914994,0.5402257827499447,0.5411978363990784,262556000.0
2015-09-04,NVDA,0.5319632729846925,0.5404688742354726,0.5283180566912642,0.5285610556602478,287972000.0
2015-09-08,NVDA,0.5414408745586657,0.5533486919574411,0.5392537681745543,0.551161527633667,238448000.0
2015-09-09,NVDA,0.5528626146045048,0.5574798835937261,0.539010633817878,0.5402257442474365,289392000.0
2015-09-10,NVDA,0.5370666840110065,0.5555359391980816,0.5346365203795406,0.5487314462661743,357076000.0
2015-09-11,NVDA,0.5426559579771391,0.554077718974097,0.5404687937629366,0.5504325032234192,301584000.0
2015-09-14,NVDA,0.5531058234797693,0.554806932375188,0.5484884947981036,0.5514047145843506,192460000.0
2015-09-15,NVDA,0.5516474792432519,0.5603960769458561,0.5499463710704748,0.5574798583984375,327976000.0
2015-09-16,NVDA,0.5565081369043943,0.5645276847550259,0.5523768634570517,0.561368465423584,173508000.0
2015-09-17,NVDA,0.5710889661718029,0.5761923502780871,0.5652565851328627,0.5664716958999634,268712000.0
2015-09-18,NVDA,0.5586951294956342,0.5708459470392774,0.5552929121713477,0.5659856200218201,326412000.0
2015-09-21,NVDA,0.566714668191434,0.573033104827619,0.5637984488394508,0.5718179941177368,281840000.0
2015-09-22,NVDA,0.5594241551142365,0.5633124281129872,0.5533487176900014,0.5562649369239807,228356000.0
2015-09-23,NVDA,0.556750862287742,0.5623402431314207,0.554563756086919,0.5589380264282227,161632000.0
2015-09-24,NVDA,0.5555358789837925,0.5754632417777634,0.5467872792708379,0.5696308612823486,382440000.0
2015-09-25,NVDA,0.5766784597438348,0.5849410639146921,0.568172914488119,0.5737622976303101,369692000.0
2015-09-28,NVDA,0.5737622965107142,0.5774075136304275,0.5625835302481456,0.5662287473678589,395584000.0
2015-09-29,NVDA,0.5723040462623927,0.5771643731909325,0.5642845010363354,0.576192319393158,380736000.0
2015-09-30,NVDA,0.5815386006952056,0.59976485428197,0.5781363836879774,0.5990357995033264,556380000.0
2015-10-01,NVDA,0.5990359337131635,0.6007370425978993,0.5703599657940733,0.5873711705207825,489296000.0
2015-10-02,NVDA,0.5842118470088489,0.6026811003684998,0.5781364095614773,0.6026811003684998,386144000.0
2015-10-05,NVDA,0.6065695535948575,0.6252818114711526,0.6034103344539617,0.6177483201026917,482024000.0
2015-10-06,NVDA,0.6111867850822579,0.628440930144417,0.6087566213577422,0.6257677674293518,453216000.0
2015-10-07,NVDA,0.6272260762950317,0.6386478436308555,0.6170193622372124,0.6323294043540955,310152000.0
2015-10-08,NVDA,0.6296560886552155,0.6376756353473392,0.618963321105932,0.6359745264053345,460068000.0
2015-10-09,NVDA,0.6325721544564737,0.638647592274424,0.6216364474996998,0.6335442662239075,423248000.0
2015-10-12,NVDA,0.6342733533936584,0.6439940668735178,0.629656082569846,0.6403487920761108,227588000.0
2015-10-13,NVDA,0.6352453957624494,0.6454520481985657,0.6330582311234226,0.6415638327598572,298444000.0
2015-10-14,NVDA,0.642292976988794,0.6753432793141925,0.6415639798816176,0.6648935675621033,612148000.0
2015-10-15,NVDA,0.6661084494238885,0.6802034327864594,0.6593040146555227,0.6665945053100586,526048000.0
2015-10-16,NVDA,0.6687816094727063,0.6833625894645784,0.6670804429946234,0.677044153213501,448396000.0
2015-10-19,NVDA,0.6792313878984105,0.682390606350946,0.6680526238263115,0.6758291125297546,294712000.0
2015-10-20,NVDA,0.6729129722304583,0.6780162985349978,0.6678095879862468,0.6748570799827576,264824000.0
2015-10-21,NVDA,0.6789883016623308,0.6831196317216095,0.6648933766624614,0.6661084294319153,386280000.0
2015-10-22,NVDA,0.6738849798239394,0.692354233960995,0.6729129260145508,0.6901670694351196,306884000.0
2015-10-23,NVDA,0.6962423930830568,0.6994016109007926,0.6857926859796981,0.6947842836380005,381776000.0
2015-10-26,NVDA,0.6952705119822143,0.6969716207770679,0.6853068002613502,0.6916252374649048,247436000.0
2015-10-27,NVDA,0.6882230016547644,0.6955134925566978,0.6877369457521003,0.6911392211914062,208268000.0
2015-10-28,NVDA,0.6955135953933759,0.6967287063598633,0.6853068834456649,0.6967287063598633,217036000.0
2015-10-29,NVDA,0.685549696652021,0.6925971291690495,0.6714547157386458,0.6726697683334351,327168000.0
2015-10-30,NVDA,0.6799605651109458,0.6942985502153762,0.6748571801095584,0.6894381642341614,301160000.0
2015-11-02,NVDA,0.6916251712267318,0.6981866067898158,0.6874938991292222,0.6974575519561768,190088000.0
2015-11-03,NVDA,0.6933262055581219,0.6972144782742862,0.6848206633099447,0.6925971508026123,376768000.0
2015-11-04,NVDA,0.6906530649246726,0.6957563904325214,0.6780161926884799,0.6811754107475281,442264000.0
2015-11-05,NVDA,0.6845775542227404,0.6865217194023824,0.6714546855036976,0.6733987927436829,478800000.0
2015-11-06,NVDA,0.7399852283705753,0.776194668121804,0.7246751983533348,0.7667170166969299,1172272000.0
2015-11-09,NVDA,0.759183750210183,0.7655021863253707,0.75262225720926,0.7633150219917297,492568000.0
2015-11-10,NVDA,0.7533512667413522,0.7574825962144368,0.7326949090742263,0.7487339973449707,552260000.0
2015-11-11,NVDA,0.7492201226199033,0.754566505599241,0.7387704135736997,0.7414436340332031,619896000.0
2015-11-12,NVDA,0.7397425388490765,0.7465470322017466,0.7356112662140901,0.7387704849243164,291080000.0
2015-11-13,NVDA,0.739499314415249,0.7426585321623828,0.7205440079324468,0.724189281463623,292940000.0
2015-11-16,NVDA,0.73366715836457,0.7392565408565338,0.72783471893666,0.7387704849243164,344280000.0
2015-11-17,NVDA,0.7407146507135114,0.745088922344769,0.7356112662140901,0.7387704849243164,257048000.0
2015-11-18,NVDA,0.7418194558000236,0.7579195055889625,0.7337694599853877,0.7569437026977539,350216000.0
2015-11-19,NVDA,0.7596272009202037,0.7667013950311063,0.7535286935449548,0.7591392993927002,254072000.0
2015-11-20,NVDA,0.7647500463789062,0.7701167315331868,0.7601151845711042,0.7657257914543152,239744000.0
2015-11-23,NVDA,0.772067919960473,0.772067919960473,0.7515770487459503,0.7542603611946106,242552000.0
2015-11-24,NVDA,0.7542604230167687,0.7669452795586175,0.7508452872277077,0.7603589296340942,195428000.0
2015-11-25,NVDA,0.7588954773765141,0.7679212206231285,0.7567000074539264,0.7593833208084106,138300000.0
2015-11-27,NVDA,0.7608470079175828,0.7681651832226815,0.7569439694562593,0.7657257914543152,86996000.0
2015-11-30,NVDA,0.766457463291332,0.777190831478175,0.7657256400895165,0.7737756371498108,327244000.0
2015-12-01,NVDA,0.7806059165792908,0.7996332022623682,0.7798740934253515,0.798901379108429,409496000.0
2015-12-02,NVDA,0.8001211639450985,0.8084150833703435,0.7910954212576634,0.7928029894828796,294240000.0
2015-12-03,NVDA,0.7991453732787367,0.8074392922296504,0.7871923382261391,0.7910953760147095,246656000.0
2015-12-04,NVDA,0.7910953089136051,0.8247589415550212,0.7910953089136051,0.8232952952384949,458756000.0
2015-12-07,NVDA,0.8230515821593029,0.8230515821593029,0.8052440165011409,0.8076834082603455,333588000.0
2015-12-08,NVDA,0.7976816044510086,0.8220755141872569,0.7925589008542969,0.8186603784561157,314488000.0
2015-12-09,NVDA,0.8184165238536699,0.8232953062006033,0.7896316731109588,0.797925591468811,372676000.0
2015-12-10,NVDA,0.8003649471663524,0.8089028449748829,0.797681634442378,0.8045119643211365,236596000.0
2015-12-11,NVDA,0.7964621852824211,0.8020727920793738,0.7908515784854683,0.7925591468811035,227320000.0
2015-12-14,NVDA,0.7932908767045891,0.7989014828401734,0.7849968992695865,0.794510543346405,275892000.0
2015-12-15,NVDA,0.8035362389085251,0.8098786679223915,0.7991453578310586,0.8042680621147156,307296000.0
2015-12-16,NVDA,0.8059757851960565,0.8118303719714002,0.7989015897753288,0.8091470003128052,236356000.0
2015-12-17,NVDA,0.8103666654667941,0.8186605852401313,0.7964621392209801,0.7969499826431274,254160000.0
2015-12-18,NVDA,0.7913391930111384,0.799389189210189,0.7830452751574711,0.7840210199356079,395896000.0
2015-12-21,NVDA,0.7925590800505543,0.8032923911293532,0.7854848271796653,0.802560567855835,284216000.0
2015-12-22,NVDA,0.804999782747426,0.8113422109531371,0.7984134328906242,0.8032922148704529,130012000.0
2015-12-23,NVDA,0.8045121092650245,0.8096348139772659,0.8030484627301895,0.8064635992050171,122524000.0
2015-12-24,NVDA,0.804024295044067,0.8110985486244822,0.8028045700793079,0.8091470003128052,52448000.0
2015-12-28,NVDA,0.8006090376823595,0.8084150552749634,0.7893878255983328,0.8084150552749634,142024000.0
2015-12-29,NVDA,0.8089028839599786,0.8240271325578774,0.8067074144474593,0.8215877413749695,203660000.0
2015-12-30,NVDA,0.8208559333295209,0.8279301853382088,0.8142695828302742,0.8145135045051575,180344000.0
2015-12-31,NVDA,0.8132939422632981,0.8169530004944635,0.8040242195129395,0.8040242195129395,148528000.0
2016-01-04,NVDA,0.7876802940133887,0.7947544886977712,0.7815817861437553,0.7896317839622498,358076000.0
2016-01-05,NVDA,0.8045120159878286,0.8157332272409726,0.7928029032264144,0.8023165464401245,490272000.0
2016-01-06,NVDA,0.78914381336159,0.7928029293952101,0.7601150394136839,0.7691408395767212,449344000.0
2016-01-07,NVDA,0.7498695680057386,0.7549923304208797,0.7288907913028684,0.7386484146118164,645304000.0
2016-01-08,NVDA,0.7481617995518961,0.7488936225580662,0.7213285025777477,0.7227921485900879,398472000.0
2016-01-11,NVDA,0.7235241143181781,0.7291347196991197,0.7110831789188559,0.7240119576454163,409372000.0
2016-01-12,NVDA,0.7369406195356638,0.7469421622341115,0.7310860934192935,0.7362087965011597,469356000.0
2016-01-13,NVDA,0.7418197304291213,0.7466985722123597,0.7130349303140522,0.7137667536735535,481672000.0
2016-01-14,NVDA,0.6991302190644388,0.7074241962624483,0.6786393431580674,0.6993741989135742,600236000.0
2016-01-15,NVDA,0.671321098139391,0.6793710946381094,0.6498544214229179,0.6613195538520813,841452000.0
2016-01-19,NVDA,0.6749802153580734,0.6940075026393412,0.6640029252866224,0.6666862964630127,457140000.0
2016-01-20,NVDA,0.6540013914615183,0.6788832045253158,0.6452195716649032,0.6703453063964844,481180000.0
2016-01-21,NVDA,0.6776637640151734,0.6886409988018944,0.6637591774404654,0.6781516075134277,481456000.0
2016-01-22,NVDA,0.6910799855767498,0.6986421369627571,0.6896163396207704,0.6940072774887085,257996000.0
2016-01-25,NVDA,0.6937633530300292,0.7018133475951582,0.691811805710195,0.6932754516601562,270728000.0
2016-01-26,NVDA,0.6947393981502417,0.7030333179083785,0.6876651451049212,0.7001060247421265,227944000.0
2016-01-27,NVDA,0.6991302727086223,0.7013257425612309,0.6786393952299883,0.6918120980262756,231700000.0
2016-01-28,NVDA,0.6974224568402486,0.6998618475350232,0.6708330808193065,0.684249758720398,276776000.0
2016-01-29,NVDA,0.6901046017447474,0.7159621666185615,0.6874212881958555,0.7144985198974609,310504000.0
2016-02-01,NVDA,0.7137667961623154,0.7184016001688043,0.7076682871900047,0.7147425413131714,289884000.0
2016-02-02,NVDA,0.7074242257405534,0.711083283873598,0.6796151163948849,0.684493899345398,341908000.0
2016-02-03,NVDA,0.6898607941619797,0.6940077551181673,0.6720532251479221,0.6879092454910278,326772000.0
2016-02-04,NVDA,0.6888847936006881,0.7037651225893929,0.6813226973340883,0.6881530284881592,348140000.0
2016-02-05,NVDA,0.6835184131938072,0.6910805121825022,0.6427805077883605,0.6447319984436035,600428000.0
2016-02-08,NVDA,0.6349741758089175,0.638145390479726,0.6061893220768646,0.6152151226997375,608852000.0
2016-02-09,NVDA,0.607897086290997,0.6476591813818948,0.6049697926510518,0.6218016147613525,425372000.0
2016-02-10,NVDA,0.6257043480809122,0.6437558282883278,0.6169225296082154,0.6203376650810242,335800000.0
2016-02-11,NVDA,0.6044816040221747,0.623508887329504,0.6044816040221747,0.6171664595603943,340144000.0
2016-02-12,NVDA,0.6269240406785245,0.6288755882874196,0.6037497981306847,0.6276558637619019,340816000.0
2016-02-16,NVDA,0.6366817101500759,0.6593681131891137,0.634730220376235,0.6583923101425171,485352000.0
2016-02-17,NVDA,0.6666862645433989,0.6810786901578909,0.664002893495483,0.6747362613677979,771468000.0
2016-02-18,NVDA,0.7301106138649631,0.7557242548940007,0.729378790564732,0.732793927192688,1068660000.0
2016-02-19,NVDA,0.7288906081343797,0.7491376147067379,0.7232800037675122,0.7425512075424194,525628000.0
2016-02-22,NVDA,0.7532848430897445,0.7774348368710355,0.7518211965285119,0.7688969373703003,449668000.0
2016-02-23,NVDA,0.7627984554567782,0.7781666273832052,0.7591393392077814,0.7708484530448914,369380000.0
2016-02-24,NVDA,0.7676771175986609,0.7774346818482816,0.7464543630120323,0.7762149572372437,336852000.0
2016-02-25,NVDA,0.7791422356897554,0.7818255483619878,0.7640179881124088,0.777922511100769,349616000.0
2016-02-26,NVDA,0.7815817898503675,0.7835332798084835,0.7649938925676553,0.7727999687194824,361964000.0
2016-02-29,NVDA,0.7739018060774798,0.7839397334110211,0.7672914579923106,0.7677810788154602,323344000.0
2016-03-01,NVDA,0.7697396184986832,0.8018121123313904,0.7685154498864618,0.8018121123313904,348700000.0
2016-03-02,NVDA,0.7974050934267651,0.8094016760844568,0.79593611459169,0.8064637184143066,233812000.0
2016-03-03,NVDA,0.8054843995099168,0.8089119777959424,0.7885912600510642,0.7993637323379517,302004000.0
2016-03-04,NVDA,0.8054844777053743,0.8062189671767639,0.7907948050207246,0.7969155311584473,175304000.0
2016-03-07,NVDA,0.7925085239062435,0.797894760093945,0.7814912411859883,0.7917740345001221,239968000.0
2016-03-08,NVDA,0.7836947426755944,0.7883464896546614,0.7748809277995186,0.7773292064666748,274940000.0
2016-03-09,NVDA,0.7841843900139956,0.7854085001122381,0.7668015713207432,0.776839554309845,222788000.0
2016-03-10,NVDA,0.7814913111233416,0.7858982479544561,0.7599464811875725,0.7756154537200928,286084000.0
2016-03-11,NVDA,0.7871222728298205,0.7890809306662838,0.7778188378142036,0.7888360619544983,277400000.0
2016-03-14,NVDA,0.7851635653259678,0.7939773784483565,0.7814911188701575,0.7907946109771729,190312000.0
2016-03-15,NVDA,0.7866326429898082,0.7917740103039752,0.7729222717804658,0.786877453327179,226216000.0
2016-03-16,NVDA,0.7810015364666921,0.8130740230541726,0.7773290898312115,0.8103808760643005,363644000.0
2016-03-17,NVDA,0.807443002947942,0.8113602016556405,0.7925084639814888,0.8035257458686829,353680000.0
2016-03-18,NVDA,0.8130742413197789,0.8385363307985617,0.8079328146499165,0.8277639150619507,545512000.0
2016-03-21,NVDA,0.8204191780354576,0.8304571054694132,0.8116053610432026,0.8302122950553894,337780000.0
2016-03-22,NVDA,0.8275191685929812,0.8346191372566437,0.8184604832178907,0.8287432789802551,242012000.0
2016-03-23,NVDA,0.8324154694098326,0.8490637391053676,0.8287430226407815,0.8429430723190308,429008000.0
2016-03-24,NVDA,0.835353418115285,0.845636211308379,0.8326603292389174,0.8441672325134277,244956000.0
2016-03-28,NVDA,0.8426983107392231,0.8564086831338655,0.8417190109335133,0.8527362942695618,265388000.0
2016-03-29,NVDA,0.8490638540950061,0.8684052734977951,0.8471052544672977,0.8664466738700867,261812000.0
2016-03-30,NVDA,0.869629470729887,0.8875019118156608,0.8691397916210226,0.8755053281784058,376700000.0
2016-03-31,NVDA,0.879422585387164,0.8813811850782607,0.8654674020662803,0.8723225593566895,379884000.0
2016-04-01,NVDA,0.8669363831687357,0.885543373390943,0.8603260357853593,0.8850536942481995,348292000.0
2016-04-04,NVDA,0.8923983525929312,0.8970500992176788,0.8730569350841465,0.8764845132827759,393940000.0
2016-04-05,NVDA,0.8686500074063963,0.8833396774489265,0.865222371032558,0.8752603530883789,339568000.0
2016-04-06,NVDA,0.8642431208794116,0.8769741923275358,0.8478396608960596,0.8764845132827759,453376000.0
2016-04-07,NVDA,0.8708534370554638,0.8786879512733896,0.8637534705652525,0.8674258589744568,378104000.0
2016-04-08,NVDA,0.8745258672647928,0.8801569133075562,0.864487885168618,0.8730568885803223,255936000.0
2016-04-11,NVDA,0.8781982532156427,0.8928879816488302,0.8755051645491457,0.8784431219100952,387524000.0
2016-04-12,NVDA,0.8813811359696608,0.8826053044870665,0.8603259277914519,0.8774639368057251,292764000.0
2016-04-13,NVDA,0.8813812119152826,0.8997433326575953,0.8813812119152826,0.8994985222816467,350716000.0
2016-04-14,NVDA,0.897050047572422,0.9058638612697253,0.8933776008770623,0.9019466042518616,416564000.0
2016-04-15,NVDA,0.90170205123638,0.9171262150151644,0.8987640930417253,0.9090468883514404,436972000.0
2016-04-18,NVDA,0.9073330203428192,0.9073330203428192,0.8963157364378559,0.9051295518875122,307320000.0
2016-04-19,NVDA,0.9085570205332963,0.9102708096671178,0.8833397458374647,0.8889707922935486,309152000.0
2016-04-20,NVDA,0.8875018004036829,0.8977845934264248,0.8865225006804607,0.8923983573913574,200172000.0
2016-04-21,NVDA,0.8926433421920152,0.896805468979413,0.8875019738615709,0.8914192318916321,178280000.0
2016-04-22,NVDA,0.8943572639269913,0.9004779326779393,0.8850537680402019,0.887991726398468,223540000.0
2016-04-25,NVDA,0.8882362897889904,0.897294914379032,0.8857880112951532,0.8923983573913574,191972000.0
2016-04-26,NVDA,0.8977847320060048,0.9080675266159708,0.8892157267691045,0.8931329846382141,214536000.0
2016-04-27,NVDA,0.8909295093610032,0.9139433772775154,0.8892157200009819,0.9134536981582642,352396000.0
2016-04-28,NVDA,0.9078226235122592,0.9132088601748898,0.8840743251922234,0.8862777352333069,381224000.0
2016-04-29,NVDA,0.8826054324200384,0.8845640322859039,0.860326052495045,0.8698743581771851,321904000.0
2016-05-02,NVDA,0.8781984452850682,0.8867674505475781,0.8740363770278169,0.8813812136650085,256076000.0
2016-05-03,NVDA,0.8713433416455624,0.8750157310054275,0.8632640150079673,0.8708536624908447,224024000.0
2016-05-04,NVDA,0.8603257968649243,0.8610602861892778,0.8422085491883629,0.8510223627090454,525764000.0
2016-05-05,NVDA,0.8581226368016914,0.8662019633474529,0.8497984414955662,0.8561639785766602,246884000.0
2016-05-06,NVDA,0.8546950998466938,0.8671813650860501,0.8529813101808179,0.8649778962135315,183240000.0
2016-05-09,NVDA,0.8671811954711851,0.8708535845021721,0.8566535907459467,0.863753616809845,333336000.0
2016-05-10,NVDA,0.8691395206791772,0.8818705898252143,0.8608153870244081,0.880401611328125,269676000.0
2016-05-11,NVDA,0.8830949792560793,0.8926432251360069,0.8781983635819351,0.8828501105308533,328176000.0
2016-05-12,NVDA,0.8892157844048997,0.8931330425279119,0.8551846883703723,0.8708536624908447,670540000.0
2016-05-13,NVDA,0.9594816329122461,1.003795532896797,0.9548299427040462,1.0033059120178223,2110256000.0
2016-05-16,NVDA,0.9957158020427193,1.0478642570911927,0.9925330341300396,1.0329296588897705,973032000.0
2016-05-17,NVDA,1.0282779689790489,1.0424780202000776,1.0150572759172114,1.0351332426071167,628392000.0
2016-05-18,NVDA,1.028277573704972,1.0735708573375602,1.028277573704972,1.0615742206573486,541072000.0
2016-05-19,NVDA,1.0574124900821193,1.0738160677831678,1.0559436279752616,1.0662263631820679,398880000.0
2016-05-20,NVDA,1.0728368320436417,1.0897300323744508,1.071123042646968,1.0853230953216553,391084000.0
2016-05-23,NVDA,1.0899746864729003,1.0941366958067245,1.0804263825991198,1.0870367288589478,413636000.0
2016-05-24,NVDA,1.0903507260602903,1.1168608981389916,1.0874051383797325,1.113424301147461,415788000.0
2016-05-25,NVDA,1.116860422634156,1.1215241312554194,1.0999233592050857,1.108760118484497,458076000.0
2016-05-26,NVDA,1.1107235086260947,1.1286423514053088,1.107532477019677,1.120542049407959,309964000.0
2016-05-27,NVDA,1.121770265485534,1.128397779796396,1.1180882220545765,1.126679539680481,277416000.0
2016-05-31,NVDA,1.1315887185660594,1.1492621275885713,1.1308522631233648,1.1468074321746826,412524000.0
2016-06-01,NVDA,1.1414069669769429,1.160062155638605,1.137970487935223,1.1490163803100586,387132000.0
2016-06-02,NVDA,1.155153086972153,1.1669354366756763,1.1438617465371492,1.1571168899536133,329208000.0
2016-06-03,NVDA,1.1458257387216604,1.1472984156314652,1.1207883585137164,1.140916347503662,461076000.0
2016-06-06,NVDA,1.1438619093215285,1.1526986728567419,1.1291340871424995,1.1350252628326416,322512000.0
2016-06-07,NVDA,1.1418976790316366,1.1482797439730124,1.1367429612819724,1.137233853340149,193400000.0
2016-06-08,NVDA,1.137479684739471,1.1416526197865438,1.1242246583078321,1.1335523128509521,234616000.0
2016-06-09,NVDA,1.1296244986669814,1.1647257369467285,1.1271698044130405,1.1630074977874756,472168000.0
2016-06-10,NVDA,1.1492619254745284,1.1595713634886327,1.1325703039159751,1.1340430974960327,400024000.0
2016-06-13,NVDA,1.1352705690423328,1.1708628308493751,1.1352705690423328,1.148525595664978,475588000.0
2016-06-14,NVDA,1.1458251529292145,1.1561345883052188,1.133061023199151,1.1507344245910645,298344000.0
2016-06-15,NVDA,1.1603079386950597,1.1725810637353087,1.1475438043798567,1.1625170707702637,301036000.0
2016-06-16,NVDA,1.1539258692873597,1.1691445817624122,1.142634528726414,1.1671808958053589,246456000.0
2016-06-17,NVDA,1.1686537765822775,1.1688992227144026,1.14214360452535,1.1468074321746826,471000000.0
2016-06-20,NVDA,1.1652173346343557,1.182399734906568,1.1644808791676475,1.1674264669418335,293768000.0
2016-06-21,NVDA,1.1723352012424963,1.1755262336879375,1.1585891703058768,1.16030752658844,212508000.0
2016-06-22,NVDA,1.162762675879882,1.1703720916959073,1.1573625094874624,1.159326195716858,202620000.0
2016-06-23,NVDA,1.1703716759540048,1.1914815587755452,1.1696352207256324,1.1902542114257812,297880000.0
2016-06-24,NVDA,1.1414071346331718,1.162517021166108,1.1119514953378618,1.1225063800811768,1017684000.0
2016-06-27,NVDA,1.1131787831395275,1.1217700994941513,1.0940325814984508,1.1104787588119507,449088000.0
2016-06-28,NVDA,1.131588813875428,1.1328160446394178,1.1112152615909165,1.126679539680481,381920000.0
2016-06-29,NVDA,1.1364980682546069,1.1539260323090135,1.1335524803797314,1.1450892686843872,318932000.0
2016-06-30,NVDA,1.1470528191144984,1.161044301340483,1.1377252813434888,1.153925895690918,430940000.0
2016-07-01,NVDA,1.1475442089305066,1.1625174805995306,1.141407585723846,1.1453349590301514,218488000.0
2016-07-05,NVDA,1.1389523655869582,1.1642351853834436,1.129870275102444,1.162271499633789,371084000.0
2016-07-06,NVDA,1.1541709043676762,1.1765081314207944,1.1482797315482214,1.1696350574493408,273104000.0
2016-07-07,NVDA,1.1774899719788223,1.2042455799292735,1.172089807999602,1.2000726461410522,395400000.0
2016-07-08,NVDA,1.2128370344374997,1.2540750208284928,1.2081732075810006,1.2481838464736938,481932000.0
2016-07-11,NVDA,1.2661025869074702,1.2862305691005078,1.264629793448676,1.2769030332565308,448776000.0
2016-07-12,NVDA,1.2911399647143798,1.3078314679305882,1.2749392365916847,1.2960492372512817,436760000.0
2016-07-13,NVDA,1.2985040400481178,1.305868008652909,1.2935947666603602,1.2955584526062012,324604000.0
2016-07-14,NVDA,1.3024315027866147,1.3205958022512965,1.291631054732284,1.308813452720642,316892000.0
2016-07-15,NVDA,1.292121805240331,1.2994857728893838,1.2724847142379168,1.2935945987701416,428616000.0
2016-07-18,NVDA,1.3095495719824053,1.3115132573847483,1.295312647984431,1.3002219200134277,252992000.0
2016-07-19,NVDA,1.2994855674247372,1.3188772092805086,1.2970308729144053,1.3137224912643433,382652000.0
2016-07-20,NVDA,1.3181404751629482,1.3380231219409702,1.3127403122477919,1.3309046030044556,296460000.0
2016-07-21,NVDA,1.3279595923038,1.3321325270774824,1.301940433369656,1.306358814239502,361308000.0
2016-07-22,NVDA,1.311022465549693,1.3419508934020996,1.3014493668041518,1.3419508934020996,315768000.0
2016-07-25,NVDA,1.350051580285318,1.3699341215856136,1.3441604049164955,1.3667430877685547,312528000.0
2016-07-26,NVDA,1.3787706351426525,1.3971803792693973,1.3768069493904915,1.3900619745254517,514508000.0
2016-07-27,NVDA,1.402089414687934,1.4045441092470845,1.3677245101837767,1.376070261001587,446676000.0
2016-07-28,NVDA,1.3792618455284047,1.3893258397456036,1.3748434637819542,1.379016399383545,221916000.0
2016-07-29,NVDA,1.3841710861937289,1.405280975744955,1.3593792704657244,1.4015990495681763,409588000.0
2016-08-01,NVDA,1.4074897545206504,1.412644472854023,1.383434285251961,1.3925163745880127,301120000.0
2016-08-02,NVDA,1.3991438160729395,1.3998802712528995,1.362324334370713,1.3755793571472168,282748000.0
2016-08-03,NVDA,1.373861447477093,1.3819617541228328,1.3662520330382748,1.3792616128921509,299828000.0
2016-08-04,NVDA,1.3858888166881842,1.4111716324451244,1.3831887931061657,1.4047895669937134,272712000.0
2016-08-05,NVDA,1.4209901832471357,1.429335934173078,1.4141172256665104,1.4285995960235596,371588000.0
2016-08-08,NVDA,1.4482370207282091,1.4516735003161911,1.4266361246804544,1.4418549537658691,305064000.0
2016-08-09,NVDA,1.4489729729272975,1.4595279720316738,1.4418545695414289,1.445536494255066,372344000.0
2016-08-10,NVDA,1.458300868672581,1.4605100004609752,1.4315452558979147,1.4362090826034546,375740000.0
2016-08-11,NVDA,1.4438186327611067,1.4715560324854184,1.440873045400837,1.4654194116592407,681064000.0
2016-08-12,NVDA,1.5194213280087903,1.5557499217254873,1.4882474529489678,1.547404170036316,1425744000.0
2016-08-15,NVDA,1.5491229694960127,1.558696072052959,1.525067490023147,1.5459319353103638,573304000.0
2016-08-16,NVDA,1.543722452058481,1.546177030157084,1.5319402196833107,1.5366040468215942,287652000.0
2016-08-17,NVDA,1.5366038639083708,1.54004034306513,1.4889838137731812,1.5010114908218384,595212000.0
2016-08-18,NVDA,1.4988019998423605,1.526784835587523,1.4929108272449516,1.5243302583694458,331684000.0
2016-08-19,NVDA,1.5235942583924604,1.53979487082844,1.516966745763769,1.5282580852508545,291560000.0
2016-08-22,NVDA,1.5329217151079748,1.5368492031901342,1.5147574192360567,1.5346399545669556,244748000.0
2016-08-23,NVDA,1.5502557342084746,1.5571413579395288,1.5426322980708163,1.5470588207244873,339764000.0
2016-08-24,NVDA,1.5524691796313494,1.553206874835587,1.5160735191964374,1.523205041885376,298448000.0
2016-08-25,NVDA,1.5236965309014503,1.524434225899901,1.4941866202481113,1.5131220817565918,406032000.0
2016-08-26,NVDA,1.5170572685941153,1.534025431342473,1.5050073085229074,1.5254184007644653,300024000.0
2016-08-29,NVDA,1.5315659665187393,1.537713777037121,1.5219752273242648,1.5244343280792236,274652000.0
2016-08-30,NVDA,1.522467111834706,1.5305823441394826,1.5114008646441968,1.515581488609314,285544000.0
2016-08-31,NVDA,1.518533046248709,1.5227135544460462,1.5040239822596781,1.5084503889083862,388544000.0
2016-09-01,NVDA,1.509679359046374,1.558616648003706,1.5084497500482679,1.5529606342315674,428492000.0
2016-09-02,NVDA,1.5561579112252284,1.5578793173203938,1.520254164369499,1.5377141237258911,323148000.0
2016-09-06,NVDA,1.5431242596498236,1.5522230863571167,1.5352549248881187,1.5522230863571167,306812000.0
2016-09-07,NVDA,1.5473047757576017,1.5549282121743775,1.5204999749965984,1.5293529033660889,397988000.0
2016-09-08,NVDA,1.5278771096316317,1.5428780812653724,1.5104171545529612,1.5404188632965088,315808000.0
2016-09-09,NVDA,1.5234507813399276,1.53205781013884,1.450905489286316,1.4636931419372559,697760000.0
2016-09-12,NVDA,1.4442660721331084,1.4968920840835598,1.409591816673458,1.493941068649292,598260000.0
2016-09-13,NVDA,1.4902522831216412,1.507466460782083,1.463939278468302,1.472300410270691,471768000.0
2016-09-14,NVDA,1.4757432971994364,1.49025235870659,1.4634475559000506,1.485334038734436,319048000.0
2016-09-15,NVDA,1.4877932439469328,1.5433702708577384,1.4843503144616468,1.5416488647460938,515212000.0
2016-09-16,NVDA,1.547058725200559,1.5554198559665746,1.5276313471146488,1.5453373193740845,902444000.0
2016-09-19,NVDA,1.5615678290062358,1.604849108801021,1.5544363071292342,1.5657484531402588,417128000.0
2016-09-20,NVDA,1.583700454070677,1.583700454070677,1.5428783891885218,1.5514854192733765,331112000.0
2016-09-21,NVDA,1.556157670158801,1.5979634413000507,1.5559117717921547,1.5950124263763428,336212000.0
2016-09-22,NVDA,1.6043576401847364,1.609275960444926,1.5898485778278761,1.5989474058151245,308732000.0
2016-09-23,NVDA,1.6009141349636502,1.6055864375162763,1.5900937881687303,1.597225308418274,276132000.0
2016-09-26,NVDA,1.5790284083227428,1.5886191515246801,1.5623061409633734,1.5822253227233887,230040000.0
2016-09-27,NVDA,1.5760769882312917,1.6387856506419927,1.5753392930643133,1.6363264322280884,402752000.0
2016-09-28,NVDA,1.6387857910980872,1.6434582126753758,1.621325714101271,1.642228603363037,319788000.0
2016-09-29,NVDA,1.6395233606372972,1.6626395683415118,1.6242766050239543,1.657475233078003,336684000.0
2016-09-30,NVDA,1.6665740392140889,1.701494187640952,1.6567374008074756,1.6850178241729736,429932000.0
2016-10-03,NVDA,1.6850180846272846,1.70936378603608,1.6803456630726272,1.68329656124115,242596000.0
2016-10-04,NVDA,1.6857554385920512,1.7140357433418518,1.6670657561569338,1.6796075105667114,281624000.0
2016-10-05,NVDA,1.6938710556466994,1.711085234576796,1.672722267553038,1.6778864860534668,305440000.0
2016-10-06,NVDA,1.6577210663030135,1.6680495011694338,1.6294406437094708,1.6559996604919434,360212000.0
2016-10-07,NVDA,1.6670657147245926,1.67149223686426,1.6392772073836281,1.6439496278762817,286260000.0
2016-10-10,NVDA,1.6525569482107199,1.6614099940525835,1.6346050753925976,1.6500978469848633,287876000.0
2016-10-11,NVDA,1.6446877358698095,1.6471468371037272,1.613702192583705,1.6262439489364624,388540000.0
2016-10-12,NVDA,1.6196043087099008,1.6422286041144947,1.6060789580539798,1.6336215734481812,419920000.0
2016-10-13,NVDA,1.614439757668758,1.618128467585437,1.5664860597040318,1.6070622205734253,390116000.0
2016-10-14,NVDA,1.6267360326458455,1.6378022833052615,1.6132106803187884,1.622801423072815,330636000.0
2016-10-17,NVDA,1.622555552896329,1.637802311834929,1.6112434035992982,1.6134566068649292,195328000.0
2016-10-18,NVDA,1.6358342544938247,1.6473922969187436,1.6291945304893385,1.638047456741333,269372000.0
2016-10-19,NVDA,1.6269816122157128,1.6422283668016395,1.6186203639058374,1.6346049308776855,199060000.0
2016-10-20,NVDA,1.6537864622829694,1.6710006389212952,1.630424474302799,1.6655904054641724,312084000.0
2016-10-21,NVDA,1.6596883882642948,1.6638688950237042,1.6451793292658028,1.6609179973602295,279508000.0
2016-10-24,NVDA,1.6722299845093203,1.7408405473416828,1.6719839689038778,1.7388732433319092,339836000.0
2016-10-25,NVDA,1.7359224487606904,1.777974119637364,1.7275613177126818,1.7673996686935425,397460000.0
2016-10-26,NVDA,1.7526450022095608,1.7939589848301591,1.7509235960388692,1.774531602859497,333792000.0
2016-10-27,NVDA,1.7880563339990714,1.791499145147041,1.731003817203361,1.7381353378295898,388664000.0
2016-10-28,NVDA,1.7464974149460935,1.7730563234352563,1.7319883512035281,1.7351852655410767,290856000.0
2016-10-31,NVDA,1.7408408554181312,1.7614978443313347,1.7398571446081739,1.7499397993087769,252388000.0
2016-11-01,NVDA,1.7563334672958677,1.7659242070915835,1.6793616505654259,1.6980513334274292,473224000.0
2016-11-02,NVDA,1.7110850685760794,1.7342011590089186,1.6879688608812515,1.6909198760986328,295848000.0
2016-11-03,NVDA,1.69878901957271,1.7002645270151995,1.638785480205381,1.6712464094161987,309664000.0
2016-11-04,NVDA,1.6601801570061216,1.690181985226398,1.6373099676124403,1.6616556644439697,328780000.0
2016-11-07,NVDA,1.7103473227755293,1.7637111453725876,1.7091177135100502,1.7526448965072632,487580000.0
2016-11-08,NVDA,1.7592845243244277,1.764940656273204,1.7337093331473998,1.7499397993087769,429884000.0
2016-11-09,NVDA,1.702477787863541,1.7435458647725968,1.6899361500657508,1.7204296588897705,456532000.0
2016-11-10,NVDA,1.7580547513747684,1.7583006497224556,1.6417363900570427,1.6665738821029663,869280000.0
2016-11-11,NVDA,1.9552802244224177,2.182998591677086,1.9304426063210784,2.163325309753418,2175344000.0
2016-11-14,NVDA,2.1662751670309057,2.168734384587248,2.0563507689300096,2.056842565536499,1348796000.0
2016-11-15,NVDA,2.0728274531792437,2.1505369621700132,2.0639744088005125,2.119551658630371,626092000.0
2016-11-16,NVDA,2.147831975058058,2.2762000639128854,2.1234862787727686,2.2533299922943115,987984000.0
2016-11-17,NVDA,2.2700524415844194,2.3310396951683643,2.229230262102111,2.272019863128662,832988000.0
2016-11-18,NVDA,2.272020213574996,2.319727789510866,2.257511151704664,2.2958741188049316,576060000.0
2016-11-21,NVDA,2.313825537961938,2.3202193645545264,2.2722655478481384,2.2865288257598877,436436000.0
2016-11-22,NVDA,2.294397951271223,2.3052181825651314,2.2717736607301817,2.3030049800872803,330368000.0
2016-11-23,NVDA,2.308177142131471,2.345858622152893,2.2847802951754157,2.3143343925476074,443236000.0
2016-11-25,NVDA,2.325417711730461,2.3421650137119476,2.300542790465531,2.319014310836792,195564000.0
2016-11-28,NVDA,2.3118717732894862,2.3332984906159417,2.305221989007082,2.3177826404571533,278736000.0
2016-11-29,NVDA,2.315072332630111,2.3259089959389194,2.278868698263217,2.2966010570526123,444568000.0
2016-11-30,NVDA,2.305220874640669,2.319012969656363,2.2682783250138163,2.2707412242889404,440500000.0
2016-12-01,NVDA,2.268279407189497,2.2700033905295802,2.0877529849704084,2.1584365367889404,1035524000.0
2016-12-02,NVDA,2.124203562019288,2.187006130298792,2.0963734374699636,2.1783862113952637,478292000.0
2016-12-05,NVDA,2.2163132295844283,2.2808397634485624,2.1919310794721283,2.2628610134124756,602284000.0
2016-12-06,NVDA,2.270987510985072,2.308422830636715,2.2552252834935915,2.300049066543579,498796000.0
2016-12-07,NVDA,2.286503645773717,2.347089422932343,2.2682785184089136,2.3414249420166016,480804000.0
2016-12-08,NVDA,2.344380622595603,2.3795991964358048,2.2916758363600778,2.3022658824920654,381544000.0
2016-12-09,NVDA,2.319999448060293,2.32172343162761,2.2340461839716776,2.2613837718963623,382312000.0
2016-12-12,NVDA,2.212865067525105,2.215327967692655,2.1559733889551813,2.2064616680145264,601332000.0
2016-12-13,NVDA,2.218775778847248,2.272958404369637,2.2177907127991356,2.2453744411468506,387796000.0
2016-12-14,NVDA,2.2791153361871914,2.391667466135565,2.255225723830536,2.375412702560425,983980000.0
2016-12-15,NVDA,2.3864962433510404,2.46136692742102,2.379107775534982,2.4310739040374756,746548000.0
2016-12-16,NVDA,2.4586570034490447,2.480083718959158,2.4069372724289138,2.4729416370391846,1089528000.0
2016-12-19,NVDA,2.4554552556938165,2.523183364073816,2.438215189931117,2.50298810005188,744656000.0
2016-12-20,NVDA,2.575642460216109,2.6138164788212808,2.564313258735632,2.5901732444763184,848056000.0
2016-12-21,NVDA,2.6017484910872226,2.609383341478102,2.5542156402949323,2.6064279079437256,576136000.0
2016-12-22,NVDA,2.6308100105772274,2.681298293985237,2.623667693426183,2.6379523277282715,718612000.0
2016-12-23,NVDA,2.619973576243985,2.705188151921194,2.6172645265100734,2.7037103176116943,647692000.0
2016-12-27,NVDA,2.7598639028231653,2.8903946085799643,2.7391758622762157,2.8894095420837402,1194272000.0
2016-12-28,NVDA,2.9455614573143927,2.9536888407013904,2.6768652724404935,2.690657138824463,2295764000.0
2016-12-29,NVDA,2.5835234057477128,2.745824929722262,2.53180367022833,2.744347095489502,2175368000.0
2016-12-30,NVDA,2.742376952840879,2.756415203624446,2.6180032980085564,2.6288397312164307,1212932000.0
2017-01-03,NVDA,2.5712090371196497,2.619727188017954,2.4475743038059843,2.5123472213745117,1501996000.0
2017-01-04,NVDA,2.5465809918664166,2.5983007305070838,2.500525736751242,2.570963144302368,1199220000.0
2017-01-05,NVDA,2.5744101725678274,2.606180780404284,2.4887030942734873,2.5056967735290527,984296000.0
2017-01-06,NVDA,2.5330349489459816,2.567514848582558,2.4923980334234566,2.5391921997070312,822856000.0
2017-01-09,NVDA,2.549043396036783,2.6598713187177117,2.549043396036783,2.642138719558716,916248000.0
2017-01-10,NVDA,2.6551920639372337,2.6891791954137143,2.6015019650159346,2.622189998626709,880920000.0
2017-01-11,NVDA,2.6106149944313786,2.615540560787785,2.5650522725401848,2.5899269580841064,525664000.0
2017-01-12,NVDA,2.567022281949162,2.5785976313785404,2.502741900144425,2.5475656986236572,625616000.0
2017-01-13,NVDA,2.5515058218080493,2.5859857159085187,2.538206491124669,2.547319173812866,457820000.0
2017-01-17,NVDA,2.536728984175688,2.5416545492973515,2.476881876490777,2.4901812076568604,580612000.0
2017-01-18,NVDA,2.4687550864557566,2.5423940759915933,2.4409249674501563,2.5354981422424316,654424000.0
2017-01-19,NVDA,2.538453603540251,2.6219439614637046,2.5362370869361115,2.5899269580841064,644872000.0
2017-01-20,NVDA,2.612585081913785,2.6303176841909814,2.5396850099967576,2.5616042613983154,492024000.0
2017-01-23,NVDA,2.556432098740034,2.6081518321058046,2.5539691983714006,2.588202714920044,369904000.0
2017-01-24,NVDA,2.5983006753711515,2.649527879775839,2.5835235068409053,2.6433706283569336,428052000.0
2017-01-25,NVDA,2.685731503676371,2.6918887550311594,2.6187423000371615,2.6546998023986816,522760000.0
2017-01-26,NVDA,2.657409010380886,2.707897300122298,2.62785490674263,2.7005088329315186,458800000.0
2017-01-27,NVDA,2.707404029117148,2.755675789033451,2.6808053665791025,2.752720355987549,471996000.0
2017-01-30,NVDA,2.7317868267147194,2.7340033433086877,2.6576553035712633,2.7096211910247803,496004000.0
2017-01-31,NVDA,2.683269126959846,2.7103603312128857,2.664797605781482,2.6889336109161377,362756000.0
2017-02-01,NVDA,2.7234129712995765,2.8105976769515433,2.7056806042411856,2.806411027908325,590004000.0
2017-02-02,NVDA,2.790401970156991,2.850495465194987,2.759862807022983,2.8418753147125244,483240000.0
2017-02-03,NVDA,2.843353382855813,2.8544361995135525,2.805179367076433,2.8170008659362793,372744000.0
2017-02-06,NVDA,2.8076423159819495,2.8896550735786195,2.8076423159819495,2.889162540435791,506768000.0
2017-02-07,NVDA,2.923396140474683,2.9780713137099264,2.9036934049687564,2.9339864253997803,746224000.0
2017-02-08,NVDA,2.9160073447144437,2.9384191274919758,2.8662577435254115,2.9211792945861816,449580000.0
2017-02-09,NVDA,2.927336233056561,2.9322620336848386,2.8470477027415044,2.866257667541504,842568000.0
2017-02-10,NVDA,2.9536891840054236,2.972653002487525,2.773162745211095,2.798283815383911,1651092000.0
2017-02-13,NVDA,2.7926183141561576,2.8071490952484583,2.6647967173336333,2.6692299842834473,1180724000.0
2017-02-14,NVDA,2.6596250949365934,2.7128226607424604,2.6177567295327075,2.679081678390503,850632000.0
2017-02-15,NVDA,2.6820368370208874,2.70420223272141,2.653960340308454,2.684499502182007,373020000.0
2017-02-16,NVDA,2.694105137875109,2.695336588084957,2.602241019121467,2.6414003372192383,647176000.0
2017-02-17,NVDA,2.6278545767806665,2.6453407936741575,2.580814259959829,2.6409075260162354,563740000.0
2017-02-21,NVDA,2.6655361537558653,2.7394215236089225,2.6652897697592226,2.735481023788452,551952000.0
2017-02-22,NVDA,2.7475641918641918,2.756934837251335,2.7123009241869833,2.7312889099121094,433772000.0
2017-02-23,NVDA,2.6015797617386776,2.623526675445684,2.4580613903308977,2.4780354499816895,1592888000.0
2017-02-24,NVDA,2.393700157032575,2.5152716288946304,2.3599165853960784,2.501955509185791,1029904000.0
2017-02-27,NVDA,2.5202033553074137,2.5897431096455534,2.5044212283607377,2.5747008323669434,715400000.0
2017-02-28,NVDA,2.5843171430316176,2.59418117511651,2.485186019327433,2.5024476051330566,625360000.0
2017-03-01,NVDA,2.559411268668429,2.5737139281452066,2.4933238478251765,2.5347518920898438,504804000.0
2017-03-02,NVDA,2.521929065406887,2.5359850307398712,2.4385798178479376,2.4412922859191895,754332000.0
2017-03-03,NVDA,2.430689113373893,2.4356208953696377,2.372739087516119,2.427236795425415,864692000.0
2017-03-06,NVDA,2.390987378777671,2.4190993140651575,2.3468468569872387,2.4084956645965576,883568000.0
2017-03-07,NVDA,2.408495669247816,2.4543623502143976,2.3956727059520806,2.4348812103271484,603400000.0
2017-03-08,NVDA,2.483213888729775,2.498009705992648,2.428223257843468,2.4304425716400146,638712000.0
2017-03-09,NVDA,2.4144138527048895,2.452389350448135,2.4018373499286123,2.4299492835998535,478060000.0
2017-03-10,NVDA,2.456334884558232,2.468171301710419,2.426003639357394,2.444251537322998,499740000.0
2017-03-13,NVDA,2.454609112672801,2.521436399511996,2.4538692629930523,2.5115725994110107,774136000.0
2017-03-14,NVDA,2.52439509213384,2.533765500585914,2.477541874015964,2.5098459720611572,522016000.0
2017-03-15,NVDA,2.52143655122856,2.5396844531690217,2.4738434718267652,2.528834342956543,615036000.0
2017-03-16,NVDA,2.5394376009873247,2.560398203620792,2.5253816342559614,2.5599048137664795,523100000.0
2017-03-17,NVDA,2.5774124995344025,2.616867922219113,2.559904218920394,2.6156349182128906,1119688000.0
2017-03-20,NVDA,2.63314365249524,2.7029300921050536,2.6171148328241878,2.698984384536743,748568000.0
2017-03-21,NVDA,2.681722944386495,2.711561036685145,2.603798860753733,2.611689805984497,913484000.0
2017-03-22,NVDA,2.600592686489366,2.669639507138238,2.5966472143535286,2.66495418548584,616764000.0
2017-03-23,NVDA,2.657064078468144,2.6770383772767277,2.631171686652932,2.6407887935638428,533940000.0
2017-03-24,NVDA,2.687149033112683,2.6950399810359635,2.6242672040502093,2.6501595973968506,439500000.0
2017-03-27,NVDA,2.603551861020597,2.673338296326445,2.554232871173468,2.6693928241729736,506644000.0
2017-03-28,NVDA,2.6706266140181225,2.685175737941263,2.6452273796879426,2.6555843353271484,432444000.0
2017-03-29,NVDA,2.6629816915309212,2.6753114993959017,2.6447337922485525,2.6469531059265137,349992000.0
2017-03-30,NVDA,2.6541043927118655,2.712547578020195,2.648432760644002,2.697751760482788,525532000.0
2017-03-31,NVDA,2.6881348491383914,2.7098353046995607,2.6730925707416526,2.686161994934082,440808000.0
2017-04-03,NVDA,2.6866550443234654,2.7039166345298775,2.648925770459905,2.6725990772247314,445232000.0
2017-04-04,NVDA,2.5497942988132642,2.5749470664821166,2.4743362309782064,2.4851863384246826,1271280000.0
2017-04-05,NVDA,2.4664450375056135,2.5243950572629372,2.453622076426431,2.466691732406616,747048000.0
2017-04-06,NVDA,2.4718705642982486,2.4967766405071927,2.426743499129757,2.4846935272216797,635120000.0
2017-04-07,NVDA,2.4911052314995543,2.5086135184099367,2.4590478213236113,2.474090099334717,429068000.0
2017-04-10,NVDA,2.4748302376386175,2.4814881802372115,2.4067699362140376,2.4109621047973633,756332000.0
2017-04-11,NVDA,2.3808765625760984,2.4388265844146733,2.375944780922404,2.4195921421051025,618148000.0
2017-04-12,NVDA,2.4195922027534498,2.433894628596318,2.394439433691774,2.399617910385132,414092000.0
2017-04-13,NVDA,2.375452142986563,2.3971523632574967,2.3547379970550537,2.3547379970550537,506892000.0
2017-04-17,NVDA,2.367560946334962,2.447211200543574,2.36238246867789,2.446964740753174,497292000.0
2017-04-18,NVDA,2.4326615268359117,2.454608672138221,2.4067691444071238,2.448443651199341,370116000.0
2017-04-19,NVDA,2.465951924407154,2.4901181479095116,2.451402804290408,2.4580609798431396,380828000.0
2017-04-20,NVDA,2.472610422448364,2.5017086664769743,2.4514031240129386,2.497023344039917,404016000.0
2017-04-21,NVDA,2.4866663402557467,2.5100929541901906,2.474829920982199,2.507380485534668,341896000.0
2017-04-24,NVDA,2.5389444177682456,2.5517673812504866,2.5179840486004146,2.5386979579925537,371820000.0
2017-04-25,NVDA,2.5532483131967543,2.5973888570237222,2.5317945437774356,2.5828397274017334,388440000.0
2017-04-26,NVDA,2.5964008186099647,2.5988665917734424,2.5631104116022847,2.5650832653045654,327004000.0
2017-04-27,NVDA,2.572480698941547,2.6134153498452717,2.5544792638974743,2.6050312519073486,319700000.0
2017-04-28,NVDA,2.598127425606541,2.605032061998376,2.566316477009321,2.571988344192505,348248000.0
2017-05-01,NVDA,2.582838139076504,2.6348698357973883,2.5756868086105813,2.6296911239624023,307732000.0
2017-05-02,NVDA,2.602812985944052,2.6040459904368745,2.5290808223712373,2.551767587661743,629972000.0
2017-05-03,NVDA,2.544862622632527,2.580372347865678,2.5300670409687736,2.5707552433013916,336904000.0
2017-05-04,NVDA,2.5769197355959155,2.588016538162589,2.552999971626486,2.5608911514282227,209788000.0
2017-05-05,NVDA,2.549301258992917,2.5682890066722766,2.533765593901932,2.5611376762390137,228428000.0
2017-05-08,NVDA,2.5729739431770984,2.574453406921893,2.5229151079870262,2.5342586040496826,365240000.0
2017-05-09,NVDA,2.5399308940637004,2.5875237335332,2.531546558484866,2.5384511947631836,847672000.0
2017-05-10,NVDA,2.818336833070023,3.0040231035043052,2.8116788917364692,2.9909534454345703,2129096000.0
2017-05-11,NVDA,2.9603751073039293,3.216340925570542,2.9569227899011628,3.119428873062134,1939792000.0
2017-05-12,NVDA,3.12263544841375,3.1958742153680086,3.1016748442918654,3.1537063121795654,962620000.0
2017-05-15,NVDA,3.194887944745189,3.314486549027969,3.190449081887905,3.3120205402374268,1087540000.0
2017-05-16,NVDA,3.3630652607934084,3.389204574290333,3.288593733436165,3.373668909072876,1120700000.0
2017-05-17,NVDA,3.3068418324672133,3.325583121695016,3.14532203068571,3.1495141983032227,1271368000.0
2017-05-18,NVDA,3.1934082938784187,3.2903203713082796,3.132992488622277,3.281442880630493,1156032000.0
2017-05-19,NVDA,3.3826530671757196,3.4120286752951388,3.3379723858469745,3.357227087020874,1018372000.0
2017-05-22,NVDA,3.4009200665676307,3.4431321377468818,3.3900582965205137,3.428814649581909,836608000.0
2017-05-23,NVDA,3.448562581624314,3.45078423212547,3.3500674475801593,3.3826522827148438,681248000.0
2017-05-24,NVDA,3.4796670121661792,3.4823825727056126,3.408572766192753,3.420668840408325,815996000.0
2017-05-25,NVDA,3.4559695072540224,3.4567101361824673,3.3680891529673262,3.4130167961120605,608228000.0
2017-05-26,NVDA,3.4048697632006286,3.5863080338335247,3.384627715584584,3.501389980316162,779140000.0
2017-05-30,NVDA,3.54730520318012,3.6112405847022693,3.5312597368242074,3.5761873722076416,989652000.0
2017-05-31,NVDA,3.6211152678699716,3.628767805404841,3.506574630459101,3.5633513927459717,887316000.0
2017-06-01,NVDA,3.579149950591028,3.5801375342787787,3.518176839754312,3.563598155975342,503340000.0
2017-06-02,NVDA,3.5606354532691866,3.586802062633987,3.539899729575302,3.5458242893218994,487456000.0
2017-06-05,NVDA,3.5295320115635738,3.6665363430455993,3.517929846345013,3.6536998748779297,817376000.0
2017-06-06,NVDA,3.6490101411388993,3.6951720892948785,3.6238311107076835,3.6371612548828125,758728000.0
2017-06-07,NVDA,3.6615984748227084,3.69986091524873,3.646046685206437,3.6810998916625977,612612000.0
2017-06-08,NVDA,3.7882358993814216,3.9496791023750926,3.7470111689508716,3.948198080062866,1161744000.0
2017-06-09,NVDA,4.066688357231543,4.15950567555298,3.5238540408041343,3.6929497718811035,3692928000.0
2017-06-12,NVDA,3.60112051532691,3.74479005881575,3.5080562238150996,3.7020840644836426,1697532000.0
2017-06-13,NVDA,3.8114408648900393,3.8205746613036684,3.5954427530108166,3.737384557723999,1672504000.0
2017-06-14,NVDA,3.7403461504568227,3.8030472335506276,3.6657959473941157,3.7452831268310547,1184640000.0
2017-06-15,NVDA,3.6277800891797294,3.7916916540713896,3.616424643706455,3.76132869720459,963824000.0
2017-06-16,NVDA,3.7709558430182066,3.818845758774487,3.7087484376513116,3.742814302444458,924960000.0
2017-06-19,NVDA,3.78700110182692,3.8887054873988456,3.783298428820315,3.883521556854248,778176000.0
2017-06-20,NVDA,3.925734254395069,3.9926319234949608,3.8736479859350177,3.8778443336486816,1095444000.0
2017-06-21,NVDA,3.9054920910068547,3.940298587238016,3.8435314002847796,3.9365956783294678,682652000.0
2017-06-22,NVDA,3.944741158051501,3.9580715334825047,3.8854960390168936,3.9094409942626953,469132000.0
2017-06-23,NVDA,3.917093790485874,3.932892537029539,3.782310888529078,3.7973692417144775,1088588000.0
2017-06-26,NVDA,3.830201248202406,3.8657483732100397,3.661599418031923,3.7558979988098145,1063960000.0
2017-06-27,NVDA,3.7383716256731625,3.7470115118331533,3.612722491048065,3.6184000968933105,999492000.0
2017-06-28,NVDA,3.6860378986920725,3.7507139118476926,3.59791060098671,3.746023654937744,994948000.0
2017-06-29,NVDA,3.717635143781089,3.7205971880749567,3.5566856328545775,3.620867967605591,1064424000.0
2017-06-30,NVDA,3.638147351582556,3.6517244458796747,3.5423677690555087,3.5685343742370605,731060000.0
2017-07-03,NVDA,3.5806306608102503,3.5954418242497903,3.4209154495516443,3.439429521560669,709072000.0
2017-07-05,NVDA,3.502871279886619,3.560141709083626,3.483863533541544,3.531259775161743,820188000.0
2017-07-06,NVDA,3.5021309385011543,3.5887769769726288,3.450044439352088,3.541874408721924,746284000.0
2017-07-07,NVDA,3.5986511115280218,3.6411101416533906,3.5756935018151457,3.622842788696289,654972000.0
2017-07-10,NVDA,3.6964062978331826,3.801566426043466,3.6702396843191027,3.794160842895508,958492000.0
2017-07-11,NVDA,3.7978627381387575,3.855626836275835,3.755897385806459,3.8479743003845215,757956000.0
2017-07-12,NVDA,3.90771238599856,4.023733999836709,3.8647596934108557,4.011638164520264,1145208000.0
2017-07-13,NVDA,4.023734233935025,4.105196323037028,3.9188211014442795,3.9652297496795654,1369132000.0
2017-07-14,NVDA,3.9815244509565364,4.073354452170115,3.974612540695223,4.071873664855957,941948000.0
2017-07-17,NVDA,4.105937521544521,4.134819688774106,3.9928779290330803,4.054591655731201,930792000.0
2017-07-18,NVDA,3.9936194320090985,4.111369542128295,3.9817703110216796,4.096805095672607,776640000.0
2017-07-19,NVDA,4.105937350677234,4.132350911239097,4.063478560845201,4.0755743980407715,687044000.0
2017-07-20,NVDA,4.096062918264009,4.135065750027798,4.0461983178949,4.134819030761719,699596000.0
2017-07-21,NVDA,4.114330856906233,4.179253820619241,4.100013132350442,4.149631023406982,648332000.0
2017-07-24,NVDA,4.156790525688948,4.166417759155565,4.090880207460141,4.101494789123535,652524000.0
2017-07-25,NVDA,4.078537343318045,4.096064304746589,4.0380532405776695,4.081746578216553,496556000.0
2017-07-26,NVDA,4.139264100083815,4.194806563169188,4.094089500662578,4.128896236419678,640404000.0
2017-07-27,NVDA,4.153826180240924,4.165428575827951,3.889444630364269,3.9926300048828125,782856000.0
2017-07-28,NVDA,3.9568377582377785,4.082487117680446,3.931905685579194,4.058048248291016,513348000.0
2017-07-31,NVDA,4.0716239025890015,4.107664689281593,3.964982799728257,4.011638164520264,559672000.0
2017-08-01,NVDA,4.002257642316019,4.062243380216489,3.974363299557072,4.060515403747559,431384000.0
2017-08-02,NVDA,4.091620912638265,4.095570305499041,3.9810299082830216,4.058048248291016,478444000.0
2017-08-03,NVDA,4.057555046166059,4.113344225703896,4.040521993655187,4.1096415519714355,442420000.0
2017-08-04,NVDA,4.1323517267408185,4.1982620460858815,4.109641305315025,4.12766170501709,589096000.0
2017-08-07,NVDA,4.156791140122205,4.2550391273812584,4.14716343439404,4.25454568862915,717412000.0
2017-08-08,NVDA,4.29256114295022,4.309100286898325,4.164690352601766,4.203940391540527,755336000.0
2017-08-09,NVDA,4.157777417396372,4.251088638904287,4.139016391202113,4.24862003326416,530784000.0
2017-08-10,NVDA,4.2498540782430725,4.262197106378586,4.056566918940891,4.066688060760498,1328088000.0
2017-08-11,NVDA,3.879078488945535,3.9249934760518443,3.774659001232857,3.849949598312378,1497196000.0
2017-08-14,NVDA,3.941531953908552,4.160738977083646,3.9299297912542235,4.157036304473877,1279020000.0
2017-08-15,NVDA,4.1622209072966045,4.188387280755274,4.087670708614158,4.121983528137207,764532000.0
2017-08-16,NVDA,4.137040906056771,4.160491948908091,4.044470330978721,4.076807975769043,596632000.0
2017-08-17,NVDA,4.06841685875619,4.085449440595689,3.98374550492678,3.985966920852661,525444000.0
2017-08-18,NVDA,4.040274970141902,4.057308021370515,3.9407922234447343,3.9867072105407715,601204000.0
2017-08-21,NVDA,4.0111460896434155,4.022501300211685,3.884756338575766,3.928696393966675,623672000.0
2017-08-22,NVDA,3.965262330700381,4.022088832853007,3.9459906789971932,4.0161590576171875,450456000.0
2017-08-23,NVDA,3.9828049474232676,4.107576228517163,3.974156984968434,4.0964579582214355,579520000.0
2017-08-24,NVDA,4.128577365504947,4.1330250508642745,4.054950218070611,4.081386566162109,469700000.0
2017-08-25,NVDA,4.105598419072923,4.1157284685898805,4.0408652537469365,4.0472893714904785,357200000.0
2017-08-28,NVDA,4.066315866082937,4.079163636700569,4.010724505597703,4.07595157623291,389496000.0
2017-08-29,NVDA,4.017147789388182,4.0910223372313865,4.008994171631435,4.069279670715332,324096000.0
2017-08-30,NVDA,4.08904625263831,4.1046122104593845,4.058656560470116,4.093493938446045,384400000.0
2017-08-31,NVDA,4.11375431615533,4.190346608662475,4.106342447648464,4.186393737792969,612684000.0
2017-09-01,NVDA,4.198993742299738,4.247172763063716,4.190345778666186,4.211594104766846,445432000.0
2017-09-05,NVDA,4.160203684442509,4.165145244088622,4.041115207241406,4.09917688369751,695364000.0
2017-09-06,NVDA,4.13203619639535,4.145872180927872,4.061867585192235,4.096704483032227,397672000.0
2017-09-07,NVDA,4.113504536528976,4.14809448899605,4.075455588815194,4.115728378295898,352868000.0
2017-09-08,NVDA,4.104117460696362,4.118941664832284,4.020112851837886,4.044325828552246,498856000.0
2017-09-11,NVDA,4.09003513862574,4.186146249968211,4.084599235016312,4.1755218505859375,567444000.0
2017-09-12,NVDA,4.200228952676591,4.200228952676591,4.125366172813205,4.190593242645264,411488000.0
2017-09-13,NVDA,4.165389984676646,4.238276301644992,4.133023869940262,4.20936918258667,580960000.0
2017-09-14,NVDA,4.170332213824653,4.263478646920825,4.145872303659956,4.185403823852539,513712000.0
2017-09-15,NVDA,4.270891380395075,4.450018882751465,4.265702884987326,4.450018882751465,1364792000.0
2017-09-18,NVDA,4.574296802398478,4.7240228469856875,4.567378807772597,4.633841037750244,1684460000.0
2017-09-19,NVDA,4.5834368519968995,4.690666198118022,4.561447251227351,4.6288981437683105,874280000.0
2017-09-20,NVDA,4.632605448906374,4.680043189212289,4.551318548425487,4.5915913581848145,724920000.0
2017-09-21,NVDA,4.487819520131313,4.514009396863633,4.3882494495057,4.4660773277282715,1075600000.0
2017-09-22,NVDA,4.454713252997409,4.504374832663632,4.412710947726388,4.422593593597412,491232000.0
2017-09-25,NVDA,4.391709110379478,4.392944735520105,4.204181553281641,4.224935531616211,874580000.0
2017-09-26,NVDA,4.359590134337096,4.414687142674751,4.2088759051596085,4.248654365539551,1125620000.0
2017-09-27,NVDA,4.339084880240102,4.35514471568743,4.268174950383155,4.341802597045898,713720000.0
2017-09-28,NVDA,4.3489652873473,4.352918627823951,4.293127003912108,4.340565204620361,435244000.0
2017-09-29,NVDA,4.424570399404559,4.440629757487296,4.379356034968614,4.4169111251831055,619092000.0
2017-10-02,NVDA,4.467066678149431,4.496221213911046,4.373179421736363,4.422593593597412,503480000.0
2017-10-03,NVDA,4.428769438862462,4.461630372736711,4.387508422581414,4.431734561920166,390332000.0
2017-10-04,NVDA,4.437911271457932,4.491031837442169,4.40134440502949,4.468795299530029,427848000.0
2017-10-05,NVDA,4.493255966935384,4.49671496322046,4.436428993498266,4.466324806213379,437364000.0
2017-10-06,NVDA,4.438654449335767,4.492763255714379,4.422594615923382,4.479421138763428,318800000.0
2017-10-09,NVDA,4.516235506472426,4.613582265218433,4.497457954315804,4.580474376678467,563492000.0
2017-10-10,NVDA,4.729705842208007,4.767260944435662,4.626676718960657,4.667937755584717,974876000.0
2017-10-11,NVDA,4.684490084469451,4.719080523249205,4.638534909219996,4.717597961425781,529508000.0
2017-10-12,NVDA,4.721057083982099,4.770718665113462,4.692643828291817,4.719821929931641,528292000.0
2017-10-13,NVDA,4.7820832986068655,4.81790888805464,4.735139910281769,4.807778835296631,628728000.0
2017-10-16,NVDA,4.837673581393189,4.893264919773208,4.77442297100291,4.8902997970581055,576640000.0
2017-10-17,NVDA,4.869547952762945,4.914267979500607,4.851264749283967,4.885854721069336,478596000.0
2017-10-18,NVDA,4.8947465723254115,4.895487381613826,4.77639898973211,4.881651401519775,567316000.0
2017-10-19,NVDA,4.804072867518001,4.892030339297282,4.7549056370220475,4.887089252471924,570772000.0
2017-10-20,NVDA,4.904137973111175,4.931315603777359,4.85595848209457,4.864853382110596,451620000.0
2017-10-23,NVDA,4.886594662100638,4.913031478109982,4.8376743705960825,4.857934474945068,428696000.0
2017-10-24,NVDA,4.867075757702086,4.9105606176236405,4.841133286407785,4.9088311195373535,407244000.0
2017-10-25,NVDA,4.869299953418468,4.92217358839577,4.723280351533793,4.784801006317139,828160000.0
2017-10-26,NVDA,4.812474119752696,4.846569744429253,4.78850807797648,4.834957599639893,322744000.0
2017-10-27,NVDA,4.887090101050405,4.987648422014031,4.8611471522612755,4.987401485443115,572192000.0
2017-10-30,NVDA,4.987401338988907,5.09191252703023,4.971588445107657,5.036321640014648,504056000.0
2017-10-31,NVDA,5.06819272649439,5.136384431355318,5.062509888067281,5.109700679779053,411908000.0
2017-11-01,NVDA,5.1724586193322635,5.187777170239251,5.055099179160498,5.119338035583496,502576000.0
2017-11-02,NVDA,5.089687422070302,5.134407430018648,5.031625304180192,5.088204860687256,342308000.0
2017-11-03,NVDA,5.119337483435389,5.156151294708252,5.0733823069239685,5.156151294708252,353640000.0
2017-11-06,NVDA,5.119337552807354,5.18802361757204,5.106984127113426,5.179376125335693,389944000.0
2017-11-07,NVDA,5.2021072811404645,5.260169421651657,5.190000791385477,5.238673686981201,427700000.0
2017-11-08,NVDA,5.234224479571469,5.2379308830619955,5.120324556107199,5.167762279510498,522988000.0
2017-11-09,NVDA,5.0716517900137195,5.097841197671568,4.950586453404714,5.072886943817139,978564000.0
2017-11-10,NVDA,5.264617332578672,5.402730768436928,5.228791731726962,5.340221405029297,1253256000.0
2017-11-13,NVDA,5.340220407310167,5.365668539563284,5.2381795279764605,5.253498077392578,582376000.0
2017-11-14,NVDA,5.262638338731419,5.307111415770465,5.218906542476741,5.291792869567871,529292000.0
2017-11-15,NVDA,5.2366959684451215,5.237931593527172,5.134161235520881,5.188022613525391,501948000.0
2017-11-16,NVDA,5.2621449582917945,5.292287709244727,5.219401375330818,5.228295803070068,441768000.0
2017-11-17,NVDA,5.285369959592509,5.3207012068953015,5.207048190816059,5.222119331359863,515664000.0
2017-11-20,NVDA,5.237685789672486,5.301430774095068,5.200871973752066,5.2893242835998535,396100000.0
2017-11-21,NVDA,5.329101578169999,5.349608620766741,5.297229328607871,5.337996006011963,399176000.0
2017-11-22,NVDA,5.365192189854625,5.365192189854625,5.281376344035926,5.31401252746582,356640000.0
2017-11-24,NVDA,5.330331253741873,5.365192828565903,5.305853877465359,5.364203453063965,180752000.0
2017-11-27,NVDA,5.372858901133767,5.374094913480658,5.291267938825596,5.294482231140137,422896000.0
2017-11-28,NVDA,5.2996736141094845,5.30906891004697,5.148607554750246,5.209676742553711,512752000.0
2017-11-29,NVDA,5.1923695116865956,5.1950891156248735,4.728045358317427,4.856365203857422,1396788000.0
2017-11-30,NVDA,4.925099256874031,5.011140041542623,4.862052260268358,4.962432861328125,823768000.0
2017-12-01,NVDA,4.927818716138382,4.948092899516803,4.758703863982493,4.887517929077148,811548000.0
2017-12-04,NVDA,4.94611337176194,4.95229484572604,4.561649553155785,4.615054130554199,1240844000.0
2017-12-05,NVDA,4.5097300607944755,4.764391525569233,4.464731853388399,4.641758441925049,981488000.0
2017-12-06,NVDA,4.591318931518559,4.7010952783156945,4.570055847712387,4.679337978363037,467032000.0
2017-12-07,NVDA,4.746093435986274,4.786641795563025,4.700600557078459,4.746835231781006,542600000.0
2017-12-08,NVDA,4.7967788993921,4.815817069169766,4.726067314207636,4.734473705291748,466876000.0
2017-12-11,NVDA,4.748566993822628,4.815817659154044,4.7327435852625275,4.812850475311279,372748000.0
2017-12-12,NVDA,4.76933590878044,4.792576805575623,4.694915334461821,4.718403339385986,455016000.0
2017-12-13,NVDA,4.7594462124715475,4.760682224771607,4.595770549330678,4.6031880378723145,554280000.0
2017-12-14,NVDA,4.5967578424347355,4.681315484484455,4.564121658818408,4.610356330871582,438164000.0
2017-12-15,NVDA,4.654367508917875,4.756479285832513,4.589342229880667,4.736205101013184,670036000.0
2017-12-18,NVDA,4.776751805391361,4.895923445297067,4.747082803135675,4.892956733703613,477704000.0
2017-12-19,NVDA,4.883562100906826,4.8887542005836515,4.820267529206182,4.848700523376465,373100000.0
2017-12-20,NVDA,4.888012316478996,4.897160031984308,4.810130351151754,4.865760326385498,288820000.0
2017-12-21,NVDA,4.869222219295086,4.894193815759463,4.834855326693384,4.84326171875,300904000.0
2017-12-22,NVDA,4.806422636860949,4.837328131362097,4.72854065867554,4.827932834625244,466276000.0
2017-12-26,NVDA,4.77254819639549,4.889247330729417,4.742631617082902,4.881582736968994,355080000.0
2017-12-27,NVDA,4.8682346554994425,4.944138369870513,4.853647255237009,4.8749098777771,329488000.0
2017-12-28,NVDA,4.898644003102996,4.929549494895069,4.874414203172018,4.8805952072143555,240248000.0
2017-12-29,NVDA,4.906801744817595,4.906801744817595,4.784168720245361,4.784168720245361,279964000.0
2018-01-02,NVDA,4.840541095162915,4.932516237964295,4.808894281840682,4.928807258605957,355616000.0
2018-01-03,NVDA,5.046248337768554,5.283602744699066,5.037594838349351,5.2531914710998535,914704000.0
2018-01-04,NVDA,5.334535005055593,5.391153886797061,5.2586308443014715,5.280882835388184,583268000.0
2018-01-05,NVDA,5.295718840624153,5.362969043187978,5.218825760888084,5.3256354331970215,580124000.0
2018-01-08,NVDA,5.449256790859537,5.562988779549512,5.404258117328671,5.488815784454346,881216000.0
2018-01-09,NVDA,5.494254667107702,5.533813658357433,5.4057413888179005,5.487331867218018,497000000.0
2018-01-10,NVDA,5.3948605012677255,5.533811606944154,5.340467026358388,5.530350208282471,582664000.0
2018-01-11,NVDA,5.562988402694326,5.5943885816284995,5.518731528133774,5.5402421951293945,406032000.0
2018-01-12,NVDA,5.528373546429302,5.562740432142748,5.4724964686355095,5.513044357299805,359916000.0
2018-01-16,NVDA,5.539499123872683,5.6250451980306915,5.3575276189262615,5.442084789276123,702348000.0
2018-01-17,NVDA,5.456673395069473,5.565955071248375,5.362720910276728,5.556065559387207,538408000.0
2018-01-18,NVDA,5.536779882274066,5.603535850964295,5.505627285517425,5.549142360687256,408632000.0
2018-01-19,NVDA,5.639385963909379,5.7135589432390725,5.612436564409398,5.689329147338867,609380000.0
2018-01-22,NVDA,5.697240958136311,5.779573221407469,5.639633178970838,5.7778425216674805,550944000.0
2018-01-23,NVDA,5.831247175696332,5.929650425557398,5.8127041660791585,5.906904220581055,475228000.0
2018-01-24,NVDA,5.910117763962626,5.945968241091196,5.774380921550895,5.830010890960693,579972000.0
2018-01-25,NVDA,5.884404329221869,5.927672292448381,5.828774831842524,5.84360933303833,409884000.0
2018-01-26,NVDA,5.887371713449403,6.016432868578666,5.874515019552599,6.016185760498047,516356000.0
2018-01-29,NVDA,6.001599091386767,6.1343692416548095,5.948936297458724,6.103216171264648,455116000.0
2018-01-30,NVDA,5.961298256702426,6.092584814081034,5.894542284154586,6.001104354858398,570832000.0
2018-01-31,NVDA,6.0765144067212935,6.163049882548617,6.043878213239483,6.077256202697754,478576000.0
2018-02-01,NVDA,5.897262767238775,6.10445351544911,5.885889662010215,5.946217060089111,519224000.0
2018-02-02,NVDA,5.8596814105670205,5.883664102289417,5.715538152114375,5.773640155792236,718464000.0
2018-02-05,NVDA,5.612436598818274,5.766469345279941,5.068499841798066,5.283602237701416,1165204000.0
2018-02-06,NVDA,5.053665169399304,5.580294439867286,5.043775187586055,5.577327728271484,1114800000.0
2018-02-07,NVDA,5.6762262164384225,5.809490585917517,5.6050199378609165,5.656940937042236,802932000.0
2018-02-08,NVDA,5.782540304337546,5.8156707069049585,5.3778017939679295,5.378049373626709,1144000000.0
2018-02-09,NVDA,5.890586266347382,5.90640967265506,5.378049659025071,5.738036632537842,1674604000.0
2018-02-12,NVDA,5.819132473052566,5.822099656502495,5.563729752540247,5.637902736663818,1093172000.0
2018-02-13,NVDA,5.601559330906888,5.79787119470342,5.569170243072175,5.751636505126953,625524000.0
2018-02-14,NVDA,5.711335010417466,5.997890830054303,5.700209014444962,5.968963146209717,744988000.0
2018-02-15,NVDA,6.052284410700762,6.140797691895677,5.971435725575326,6.094563007354736,698900000.0
2018-02-16,NVDA,6.067366283110178,6.181098264824366,6.019648008328298,6.028796195983887,637656000.0
2018-02-20,NVDA,6.051295139421481,6.2273327870524104,6.047586159883645,6.158351898193359,686240000.0
2018-02-21,NVDA,6.2228822831187145,6.229805082592955,5.96747908371449,5.971187591552734,892292000.0
2018-02-22,NVDA,6.005081869701464,6.076826925310267,5.925172459586742,5.990732669830322,534364000.0
2018-02-23,NVDA,6.050602078329901,6.084248065948486,5.999885599314181,6.084248065948486,415300000.0
2018-02-26,NVDA,6.130511358703777,6.134964427706314,6.037984540616104,6.1003289222717285,469312000.0
2018-02-27,NVDA,6.073610134071277,6.157973078877785,6.0644567335614035,6.087464809417725,455436000.0
2018-02-28,NVDA,6.098350070784362,6.137933644654183,5.975393541365475,5.987021446228027,523116000.0
2018-03-01,NVDA,5.9847961286221585,6.038728914473202,5.6436348648678045,5.744820594787598,1040120000.0
2018-03-02,NVDA,5.63720050077664,5.858374163554195,5.488514612110588,5.8519415855407715,913428000.0
2018-03-05,NVDA,5.801719754133855,5.8695067215105645,5.67826824597128,5.829923152923584,620776000.0
2018-03-06,NVDA,5.915276543559208,6.01027741392644,5.872229414261493,5.99098014831543,636808000.0
2018-03-07,NVDA,5.888060478407856,6.035262297085695,5.886823698496989,5.98306131362915,581208000.0
2018-03-08,NVDA,6.010524749815253,6.010524749815253,5.922450980920371,5.966735363006592,411912000.0
2018-03-09,NVDA,6.014234579737767,6.082268814682797,5.998154078011048,6.069404602050781,505524000.0
2018-03-12,NVDA,6.110720779126332,6.259158958478823,6.102556424450275,6.179002285003662,605060000.0
2018-03-13,NVDA,6.221800788848863,6.296267595779285,6.0869691103734835,6.128284454345703,619772000.0
2018-03-14,NVDA,6.171331168068698,6.198545046740744,6.091421779045988,6.15376615524292,505496000.0
2018-03-15,NVDA,6.16737569964395,6.249758683459202,6.126554864393388,6.168612480163574,401952000.0
2018-03-16,NVDA,6.184937942637298,6.2158626323504835,6.1473334142464395,6.196813106536865,399456000.0
2018-03-19,NVDA,6.139913757318412,6.168858947737223,5.863323236382214,5.962282180786133,713772000.0
2018-03-20,NVDA,5.965248732636152,6.2133885031810285,5.965248732636152,6.17454719543457,554696000.0
2018-03-21,NVDA,6.168116678678528,6.234419619578957,6.118884704207213,6.149314880371094,438688000.0
2018-03-22,NVDA,6.085979957788481,6.132490630258299,5.945952945193866,5.983309745788574,551196000.0
2018-03-23,NVDA,5.996918448495961,5.999392481401776,5.7524898486333065,5.763622760772705,735620000.0
2018-03-26,NVDA,5.888061344152613,6.049611909792422,5.836108086537988,6.048375129699707,611424000.0
2018-03-27,NVDA,6.129275149725253,6.184939701412658,5.439036124421795,5.579310417175293,1409000000.0
2018-03-28,NVDA,5.544921761733006,5.675052653252918,5.368527456682515,5.476145267486572,945904000.0
2018-03-29,NVDA,5.544426155988933,5.826211942033872,5.460063692075023,5.729479789733887,916628000.0
2018-04-02,NVDA,5.658972281964921,5.805184151041122,5.380897271002968,5.468723297119141,922092000.0
2018-04-03,NVDA,5.635716849251113,5.6988030223661,5.476145302366815,5.575104236602783,667432000.0
2018-04-04,NVDA,5.319294930796115,5.607513321692377,5.294307818154366,5.597122669219971,789168000.0
2018-04-05,NVDA,5.6555073073045135,5.668619250940115,5.405388500532667,5.47688627243042,701240000.0
2018-04-06,NVDA,5.374217322637903,5.482330128984007,5.271299842626596,5.300492763519287,662988000.0
2018-04-09,NVDA,5.363578975501228,5.491483558307645,5.309151212339888,5.329190731048584,499524000.0
2018-04-10,NVDA,5.5595183379345405,5.665404375504422,5.502369275361285,5.6384382247924805,761676000.0
2018-04-11,NVDA,5.623594295607323,5.664909643830483,5.56446619805715,5.597122669219971,460244000.0
2018-04-12,NVDA,5.690143844662138,5.821759243840106,5.645859470297879,5.803946495056152,593920000.0
2018-04-13,NVDA,5.867528691346398,5.875940307962306,5.679011933836491,5.727254390716553,503036000.0
2018-04-16,NVDA,5.733934969451704,5.760406603090931,5.632749239085853,5.727007865905762,350792000.0
2018-04-17,NVDA,5.779208322680489,5.89795906227361,5.723543766035747,5.876682758331299,447224000.0
2018-04-18,NVDA,5.826211845534034,5.918985922513068,5.758672611942271,5.847735404968262,391364000.0
2018-04-19,NVDA,5.733437992967083,5.766836718611596,5.61097647081058,5.666393280029297,471996000.0
2018-04-20,NVDA,5.657733402286089,5.742095853174302,5.627056447700652,5.658228397369385,386200000.0
2018-04-23,NVDA,5.676042055989757,5.72725305699322,5.5127597144781655,5.538736343383789,427508000.0
2018-04-24,NVDA,5.564467323387274,5.66045724733632,5.407122518861542,5.472435474395752,414596000.0
2018-04-25,NVDA,5.442746705232682,5.481835756528574,5.202771224921857,5.360116004943848,588492000.0
2018-04-26,NVDA,5.52191374336937,5.58005232391341,5.45585854242903,5.571887969970703,375824000.0
2018-04-27,NVDA,5.677774866805812,5.697566655087498,5.557044627976112,5.599349498748779,400848000.0
2018-04-30,NVDA,5.615677041839718,5.665404004024835,5.54467425198951,5.563971042633057,327844000.0
2018-05-01,NVDA,5.55580788380502,5.622110351386427,5.4971743036481415,5.619389057159424,253788000.0
2018-05-02,NVDA,5.61592503452897,5.660456200809058,5.572630176602654,5.5988545417785645,268248000.0
2018-05-03,NVDA,5.6307686324193025,5.790340174991743,5.585494738378764,5.764115810394287,443144000.0
2018-05-04,NVDA,5.735417343024,5.917501948628422,5.718099590622497,5.914285659790039,400660000.0
2018-05-07,NVDA,6.018935535463976,6.20943177564846,6.009039406266824,6.15228271484375,687616000.0
2018-05-08,NVDA,6.152530795167413,6.197557434008243,6.10354608161979,6.194836139678955,506616000.0
2018-05-09,NVDA,6.214874344668311,6.330161512598483,6.187660461332376,6.327934741973877,596760000.0
2018-05-10,NVDA,6.380878517899796,6.444706951889222,6.363065767063172,6.435553550720215,994080000.0
2018-05-11,NVDA,6.253716507306892,6.427142277887249,6.198299686464402,6.297010898590088,1214456000.0
2018-05-14,NVDA,6.3351104272001155,6.394980789822957,6.29379507331839,6.317544937133789,523140000.0
2018-05-15,NVDA,6.253962547316076,6.256684312985167,5.974650782993276,6.075094223022461,963528000.0
2018-05-16,NVDA,6.036499980947029,6.1483235878172104,5.999637705355659,6.086226940155029,553828000.0
2018-05-17,NVDA,6.087958628810937,6.222048050489886,6.071877656550564,6.128284454345703,519784000.0
2018-05-18,NVDA,6.180238656660252,6.243572088369101,6.079547479993925,6.084495544433594,483716000.0
2018-05-21,NVDA,6.181971499596819,6.185682312630695,5.949664883082498,6.042438983917236,640624000.0
2018-05-22,NVDA,6.055798920541154,6.081033299605123,5.94372754909493,6.004340171813965,518264000.0
2018-05-23,NVDA,5.948145535373018,6.129105239192557,5.947402819389906,6.127867221832275,442956000.0
2018-05-24,NVDA,6.124152708475605,6.173910418436382,6.070929306165925,6.1315789222717285,437372000.0
2018-05-25,NVDA,6.144204987083967,6.187278732787186,6.108557928357771,6.170940399169922,292112000.0
2018-05-29,NVDA,6.152870438306831,6.221937366032337,6.107073706620509,6.153860569000244,352684000.0
2018-05-30,NVDA,6.187527451969053,6.27144680692283,6.1627722975471295,6.262782573699951,390996000.0
2018-05-31,NVDA,6.230846266725154,6.3174890384225195,6.220201776258369,6.242976188659668,493868000.0
2018-06-01,NVDA,6.287782941802231,6.383585247283017,6.279118711612124,6.377396106719971,421968000.0
2018-06-04,NVDA,6.4115596064779865,6.578408636159728,6.379378240442334,6.556376934051514,642024000.0
2018-06-05,NVDA,6.559595220157617,6.599451162866667,6.514788624579813,6.56182336807251,391712000.0
2018-06-06,NVDA,6.471714918506621,6.567021951300534,6.455376583518102,6.563803672790527,371356000.0
2018-06-07,NVDA,6.560090675597517,6.571973187092142,6.417748896600514,6.508105278015137,369448000.0
2018-06-08,NVDA,6.435322658389176,6.53533289090204,6.41650876812466,6.4927544593811035,360456000.0
2018-06-11,NVDA,6.480130797195161,6.5217191085308945,6.438789900427321,6.451662540435791,265372000.0
2018-06-12,NVDA,6.478150926631645,6.512312553502011,6.427897908574673,6.500182628631592,319160000.0
2018-06-13,NVDA,6.501667363057547,6.576675051975256,6.4865665761523905,6.495726108551025,338208000.0
2018-06-14,NVDA,6.540780459164316,6.66406042547751,6.525927087095604,6.6073713302612305,430016000.0
2018-06-15,NVDA,6.550189029866399,6.621483633249216,6.519245203068847,6.566527366638184,432260000.0
2018-06-18,NVDA,6.522461436543148,6.57989324794771,6.495231198572889,6.562317371368408,356268000.0
2018-06-19,NVDA,6.4590886785880235,6.526422741311477,6.31303428933516,6.44052267074585,594932000.0
2018-06-20,NVDA,6.481616292496833,6.546474322311019,6.443245786663021,6.493498802185059,369780000.0
2018-06-21,NVDA,6.525432179905383,6.543750771972708,6.357097742462427,6.364771842956543,359516000.0
2018-06-22,NVDA,6.385567790873052,6.398935734897283,6.196934447651503,6.212282180786133,434160000.0
2018-06-25,NVDA,6.105834942804354,6.1095480502049915,5.830806248608939,5.919429302215576,665816000.0
2018-06-26,NVDA,6.03280715402038,6.081079436066158,5.938985094509165,5.990475654602051,478884000.0
2018-06-27,NVDA,6.03404479325877,6.100388255286765,5.829815396005465,5.835261821746826,453892000.0
2018-06-28,NVDA,5.8253597332704805,5.9743854664884175,5.8176856318390495,5.962502956390381,338012000.0
2018-06-29,NVDA,6.027609272504962,6.040234027171733,5.863235325589192,5.864473342895508,392300000.0
2018-07-02,NVDA,5.7949120837276356,6.000379062490616,5.774365338634808,5.996665954589844,357572000.0
2018-07-03,NVDA,6.031323447718856,6.037264704211184,5.8545721294441115,5.8629889488220215,222732000.0
2018-07-05,NVDA,5.918191471759935,6.013745914018412,5.879326133622211,6.008795261383057,306216000.0
2018-07-06,NVDA,5.984287492361402,6.131085083979674,5.962998033564039,6.122668266296387,296352000.0
2018-07-09,NVDA,6.19693337027771,6.206587732524908,6.0914766849534665,6.170197486877441,303880000.0
2018-07-10,NVDA,6.182576120161061,6.291250625907164,6.142225347285624,6.269218921661377,360016000.0
2018-07-11,NVDA,6.176386852998671,6.211043781383894,6.116974301245094,6.12761926651001,367508000.0
2018-07-12,NVDA,6.172921454685342,6.267237881743086,6.16301920486554,6.219213008880615,345508000.0
2018-07-13,NVDA,6.237778946600178,6.237778946600178,6.129846699380959,6.171930313110352,246988000.0
2018-07-16,NVDA,6.144205570220947,6.197181570254733,6.131828229583095,6.144205570220947,197036000.0
2018-07-17,NVDA,6.094943193528777,6.295211626106862,6.069445323921442,6.280110836029053,362136000.0
2018-07-18,NVDA,6.2726835564990715,6.286546326853731,6.179852100303943,6.230847358703613,277640000.0
2018-07-19,NVDA,6.212033232222398,6.272683322426003,6.196932917434646,6.239016056060791,235752000.0
2018-07-20,NVDA,6.236541637862043,6.27540697493704,6.199903976370731,6.210796356201172,222352000.0
2018-07-23,NVDA,6.184308714485967,6.186041561001983,6.022410328206835,6.174159049987793,301584000.0
2018-07-24,NVDA,6.222183646325806,6.308826440435921,6.1392539596804,6.156830310821533,354620000.0
2018-07-25,NVDA,6.166237370670052,6.2476816269391895,6.108310249045602,6.235056400299072,319112000.0
2018-07-26,NVDA,6.21500525420146,6.345464047026728,6.198171617880639,6.308578968048096,325124000.0
2018-07-27,NVDA,6.345215869469275,6.352147254846701,6.1848029309991555,6.238769054412842,295420000.0
2018-07-30,NVDA,6.252881203949962,6.2588224602861855,6.008548394598087,6.043453216552734,340340000.0
2018-07-31,NVDA,6.033054703235489,6.136283240293311,5.994189367730245,6.061522960662842,283988000.0
2018-08-01,NVDA,6.092963048203446,6.14816672546917,6.037511484159484,6.10137939453125,283556000.0
2018-08-02,NVDA,6.030084687282021,6.208073528988515,5.97116790322593,6.204113006591797,269668000.0
2018-08-03,NVDA,6.228619910545578,6.264514857624781,6.21178674700975,6.240749835968018,214288000.0
2018-08-06,NVDA,6.228125746576024,6.29199365889366,6.181586300998419,6.288527965545654,207508000.0
2018-08-07,NVDA,6.337295051668954,6.379378669880959,6.310559637673302,6.360812187194824,258132000.0
2018-08-08,NVDA,6.362050254739831,6.442256497359795,6.327145436993916,6.397202014923096,262100000.0
2018-08-09,NVDA,6.415024429294455,6.417747405845029,6.341006872502176,6.3486809730529785,204280000.0
2018-08-10,NVDA,6.2667433879520935,6.339770831703213,6.255603592391235,6.307341575622559,256396000.0
2018-08-13,NVDA,6.316004473177335,6.461069199406025,6.3142716269490355,6.340264320373535,375208000.0
2018-08-14,NVDA,6.44572179995376,6.48582515491678,6.3625446984803915,6.471714496612549,466220000.0
2018-08-15,NVDA,6.492508582940349,6.526423267684959,6.3348190861028755,6.413540363311768,591136000.0
2018-08-16,NVDA,6.48334978958143,6.485825352028727,6.312787172635112,6.372941970825195,801260000.0
2018-08-17,NVDA,6.261544174406769,6.262286890319612,6.033549747938451,6.060533046722412,1143188000.0
2018-08-20,NVDA,6.019935483093313,6.267980903915233,5.90952765860184,6.135293960571289,854388000.0
2018-08-21,NVDA,6.151632276241956,6.275407571650586,6.1318282478631865,6.270951747894287,673988000.0
2018-08-22,NVDA,6.238274592054001,6.511075144373563,6.234808899161518,6.506124019622803,749856000.0
2018-08-23,NVDA,6.467504231497427,6.6709908672900005,6.453641463924956,6.605637550354004,720684000.0
2018-08-24,NVDA,6.614055625577372,6.7534265157329365,6.60959980260381,6.738821029663086,531512000.0
2018-08-27,NVDA,6.768527005772358,6.904184792315083,6.737088357416364,6.829919815063477,505776000.0
2018-08-28,NVDA,6.8239786535974325,6.846753542823091,6.672229946779874,6.79229211807251,475384000.0
2018-08-29,NVDA,6.784614446452978,6.922823363805858,6.763808914736602,6.8978071212768555,420108000.0
2018-08-30,NVDA,6.86659835242483,6.977809683034335,6.844059026394995,6.880964279174805,346608000.0
2018-08-31,NVDA,6.860901761818458,6.964929891206251,6.850994095960806,6.95205020904541,306592000.0
2018-09-04,NVDA,6.938923711429197,7.064500516233104,6.910439875769518,7.026852607727051,391720000.0
2018-09-05,NVDA,7.009265054856305,7.044684060845709,6.815079160469039,6.8960723876953125,393156000.0
2018-09-06,NVDA,6.879725534232668,6.882202450717836,6.721949780757953,6.754891872406006,322796000.0
2018-09-07,NVDA,6.66275212089794,6.859167374988806,6.617921023338989,6.733590602874756,295420000.0
2018-09-10,NVDA,6.756130767815111,6.834399535865086,6.71229033681303,6.8046770095825195,220140000.0
2018-09-11,NVDA,6.758359379569885,6.846040237909605,6.737553848253378,6.756873607635498,243112000.0
2018-09-12,NVDA,6.716996676869585,6.736563988529842,6.487391737673576,6.642938613891602,419092000.0
2018-09-13,NVDA,6.70882317363889,6.8113650690765395,6.691485229050827,6.720712184906006,305536000.0
2018-09-14,NVDA,6.811116130221441,6.912914882643333,6.774210881799551,6.846782684326172,386936000.0
2018-09-17,NVDA,6.821272194642572,6.870314007910076,6.765542754015063,6.784862041473389,205528000.0
2018-09-18,NVDA,6.788826080126065,6.891615530641245,6.706099041861277,6.7127861976623535,299520000.0
2018-09-19,NVDA,6.6942085468819785,6.754396242722005,6.6441760661074705,6.736562728881836,224860000.0
2018-09-20,NVDA,6.61445299410932,6.6568071725942195,6.541385623074699,6.595381259918213,430584000.0
2018-09-21,NVDA,6.607271047597377,6.652845269611771,6.492097034372639,6.525286674499512,435128000.0
2018-09-24,NVDA,6.494326351362914,6.58448412919698,6.407141062344836,6.581016540527344,293912000.0
2018-09-25,NVDA,6.647148327870699,6.67315524125078,6.561448816248533,6.648138999938965,280388000.0
2018-09-26,NVDA,6.653092794746679,6.693465633945016,6.595382013393871,6.611233711242676,268548000.0
2018-09-27,NVDA,6.646405617474192,6.667706721743791,6.5916673210292585,6.6231231689453125,214428000.0
2018-09-28,NVDA,6.755139370663643,6.98276245063564,6.727150641733874,6.960470676422119,709396000.0
2018-10-01,NVDA,7.038246359359098,7.2339180785157,6.99960730444405,7.167043209075928,622060000.0
2018-10-02,NVDA,7.1395483216912465,7.251254275391931,7.073416118129481,7.095707893371582,383964000.0
2018-10-03,NVDA,7.166050489067622,7.173481238449082,6.9978719714851225,7.101900100708008,320552000.0
2018-10-04,NVDA,7.065739176744236,7.090012300807084,6.840592486988998,6.917623043060303,391220000.0
2018-10-05,NVDA,6.892853281867718,6.955022327035854,6.62659066334426,6.684053897857666,426636000.0
2018-10-08,NVDA,6.600829951506411,6.716251496823271,6.441815535037553,6.582748889923096,408612000.0
2018-10-09,NVDA,6.562192048362027,6.65680808260747,6.509187548645453,6.577053546905518,273500000.0
2018-10-10,NVDA,6.471044139404181,6.516866388412351,6.083167876806254,6.085397243499756,684940000.0
2018-10-11,NVDA,5.998210212043619,6.131713297356919,5.802291014000633,5.8238396644592285,725436000.0
2018-10-12,NVDA,6.080938263373666,6.180755676857309,5.935794178537706,6.106449604034424,608236000.0
2018-10-15,NVDA,6.093075413362717,6.093075413362717,5.829042153324059,5.830032825469971,449760000.0
2018-10-16,NVDA,5.942729099055491,6.100009736461533,5.893439741629045,6.088863849639893,408712000.0
2018-10-17,NVDA,6.151032275524479,6.189176214754611,5.971212332484595,6.020254135131836,329668000.0
2018-10-18,NVDA,6.0896077860576945,6.127998811692099,5.8723869751484985,5.932822227478027,524020000.0
2018-10-19,NVDA,5.988055293633663,6.007622127176373,5.639808836074752,5.676218509674072,613608000.0
2018-10-22,NVDA,5.728480758675624,5.828545716930651,5.624205090107078,5.726994514465332,368844000.0
2018-10-23,NVDA,5.4597428948735285,5.5528731771032565,5.367603757363954,5.475347518920898,626436000.0
2018-10-24,NVDA,5.436955900148321,5.4835208040696015,4.9252365845166866,4.9391069412231445,884288000.0
2018-10-25,NVDA,4.84151792274725,5.195213366690619,4.797181922032398,5.147905349731445,951720000.0
2018-10-26,NVDA,4.911859655116326,5.073598541525698,4.783310876969282,4.911364555358887,664784000.0
2018-10-29,NVDA,5.052547203881018,5.0560147930711405,4.359521631242968,4.597548007965088,758016000.0
2018-10-30,NVDA,4.62058207667608,5.037932816154512,4.597547178743343,5.028025150299072,807192000.0
2018-10-31,NVDA,5.1927374016206125,5.2655572458178606,5.053042219227336,5.221964359283447,745772000.0
2018-11-01,NVDA,5.258372569855793,5.411690515801922,5.131805129621694,5.402278423309326,566528000.0
2018-11-02,NVDA,5.392866291181291,5.498628201682908,5.20660625909174,5.323266506195068,452960000.0
2018-11-05,NVDA,5.310138478450993,5.333421394408255,5.084496768829141,5.245244979858398,379332000.0
2018-11-06,NVDA,5.2373207775683905,5.321534058484692,5.190507853496107,5.2276611328125,299012000.0
2018-11-07,NVDA,5.29428740032455,5.384940269026942,5.230632116099306,5.295278072357178,483812000.0
2018-11-08,NVDA,5.236082393895384,5.236825516216669,5.048584081368131,5.102084636688232,511352000.0
2018-11-09,NVDA,5.013163051158923,5.1845615709378,4.979477844821136,5.094156265258789,413240000.0
2018-11-12,NVDA,5.002761896885904,5.024806125091272,4.67284395818471,4.694640636444092,617116000.0
2018-11-13,NVDA,4.7924758805063306,5.057994882472456,4.786283353554726,4.936628818511963,644712000.0
2018-11-14,NVDA,5.10976174981873,5.124127677031071,4.776129164522823,4.884119987487793,526580000.0
2018-11-15,NVDA,4.878174310536549,5.084992307525175,4.842259737343401,5.01291561126709,840708000.0
2018-11-16,NVDA,4.045207816999074,4.227009150577226,4.00285315695543,4.0727009773254395,1963520000.0
2018-11-19,NVDA,4.007310757029411,4.008053406624063,3.5822815755142834,3.584015369415283,1697820000.0
2018-11-20,NVDA,3.3204779871727554,3.820803499534335,3.301901587563927,3.69250226020813,1692032000.0
2018-11-21,NVDA,3.829720145486411,3.846562750460198,3.557017955180987,3.584263324737549,1025496000.0
2018-11-23,NVDA,3.5495880252218392,3.7051346559119653,3.5367083423264782,3.591446876525879,411968000.0
2018-11-26,NVDA,3.712564951667009,3.801236476641536,3.6300854812375754,3.7908337116241455,814832000.0
2018-11-27,NVDA,3.7648275038395145,3.8889183015651603,3.7289131533205135,3.8076772689819336,738060000.0
2018-11-28,NVDA,3.925327822899213,3.9699113807667668,3.792815843917082,3.964709997177124,804524000.0
2018-11-29,NVDA,3.9669401793605874,4.004130148962869,3.8712378269800616,3.9014856815338135,549172000.0
2018-11-30,NVDA,3.9111553402088313,4.062642897062935,3.860824765133097,4.0519819259643555,729564000.0
2018-12-03,NVDA,4.279337267668514,4.330907541332571,4.148923852142171,4.2158660888671875,890804000.0
2018-12-04,NVDA,4.171237793797083,4.176196582923808,3.880163587183828,3.8952877521514893,812112000.0
2018-12-06,NVDA,3.7547093450786555,3.9295026488612685,3.739089584338821,3.924544095993042,692308000.0
2018-12-07,NVDA,3.928758623398059,3.9389239992142437,3.6104117867072314,3.659750461578369,681676000.0
2018-12-10,NVDA,3.6148747825982497,3.7899161266160215,3.6111556904794924,3.765122652053833,629472000.0
2018-12-11,NVDA,3.856858500412795,3.865040314702178,3.5950404431525422,3.674131393432617,671912000.0
2018-12-12,NVDA,3.679833883806468,3.7879330008554852,3.5905777906843377,3.691734790802002,654136000.0
2018-12-13,NVDA,3.738593913379882,3.8028087245183233,3.655536080346519,3.691486358642578,471384000.0
2018-12-14,NVDA,3.649832810656026,3.7336344953005796,3.607436254977926,3.6309900283813477,471820000.0
2018-12-17,NVDA,3.60099062907905,3.6731392207550333,3.5018169651098257,3.559833526611328,662868000.0
2018-12-18,NVDA,3.6037177892901417,3.7271888591419606,3.576445156077546,3.643139362335205,564372000.0
2018-12-19,NVDA,3.609420042926333,3.662973880016673,3.382560632989532,3.434130907058716,745364000.0
2018-12-20,NVDA,3.4257014896294447,3.5157014402859024,3.2898336808839765,3.349585771560669,749588000.0
2018-12-21,NVDA,3.376113928327053,3.4090892112030566,3.184957021437881,3.212477684020996,863740000.0
2018-12-24,NVDA,3.1361149086002666,3.222643805493138,3.0867759898649516,3.150743007659912,463840000.0
2018-12-26,NVDA,3.1968584465269196,3.3009906619667357,3.085784114917529,3.2999989986419678,695100000.0
2018-12-27,NVDA,3.2476847149274546,3.282147496661996,3.103635101360143,3.2521474361419678,637044000.0
2018-12-28,NVDA,3.272725573219503,3.406361996126451,3.230824849264753,3.3136346340179443,628728000.0
2018-12-31,NVDA,3.357023574871529,3.389502794196484,3.2791723310839056,3.3099162578582764,465140000.0
2019-01-02,NVDA,3.239006953051816,3.4333868996248627,3.224378856162952,3.3773539066314697,508752000.0
2019-01-03,NVDA,3.3171061385596943,3.35107308894559,3.165866610229452,3.173304557800293,705552000.0
2019-01-04,NVDA,3.246444901887799,3.414791914986275,3.215701213226548,3.376610279083252,585620000.0
2019-01-07,NVDA,3.4338835300080484,3.5923132271669935,3.382561047251001,3.555371046066284,709160000.0
2019-01-08,NVDA,3.6369409470710212,3.6391725442839733,3.394213726416275,3.466858386993408,786016000.0
2019-01-09,NVDA,3.5181806826565007,3.5823957328041938,3.4676023042586586,3.5350403785705566,617260000.0
2019-01-10,NVDA,3.5157014179979367,3.6094202238187583,3.455205461973821,3.6007425785064697,523156000.0
2019-01-11,NVDA,3.5784286963612915,3.7128090166786722,3.550660229825054,3.6899991035461426,874764000.0
2019-01-14,NVDA,3.6376840866559377,3.75520468247685,3.614130313399662,3.7299153804779053,730168000.0
2019-01-15,NVDA,3.762643599431925,3.802065175551689,3.6974371195344427,3.7157843112945557,617012000.0
2019-01-16,NVDA,3.7430565544351118,3.776031605595157,3.684792197403687,3.69024658203125,470104000.0
2019-01-17,NVDA,3.6572717374787245,3.801569160276129,3.629998867007829,3.7616517543792725,493436000.0
2019-01-18,NVDA,3.811486293880787,3.9168582048030602,3.7599160187519485,3.890825033187866,651336000.0
2019-01-22,NVDA,3.8605772521624764,3.8722301238220407,3.658263273690258,3.6885111331939697,661552000.0
2019-01-23,NVDA,3.7438004161672387,3.832560666001168,3.6701640957404,3.7014036178588867,591020000.0
2019-01-24,NVDA,3.785949567881503,3.9309906264719285,3.7812388120318072,3.9133875370025635,708972000.0
2019-01-25,NVDA,3.853881592298143,3.9887574521886746,3.7512371437955725,3.970658302307129,1154572000.0
2019-01-28,NVDA,3.3855369640135033,3.5117352616554456,3.2479338255107035,3.4217352867126465,2511528000.0
2019-01-29,NVDA,3.375619154173903,3.423966413462467,3.24818117632725,3.2628092765808105,1153932000.0
2019-01-30,NVDA,3.338923995494144,3.4207421185467286,3.2593372328069816,3.4063620567321777,974228000.0
2019-01-31,NVDA,3.403139443918474,3.599751010651744,3.381321194805929,3.5640485286712646,842852000.0
2019-02-01,NVDA,3.5826435853708083,3.639420451798494,3.5350404327895575,3.588346004486084,625048000.0
2019-02-04,NVDA,3.604213444766,3.7358663217906254,3.582147399796821,3.698676347732544,528592000.0
2019-02-05,NVDA,3.7105773265095787,3.754461622517804,3.676858407574305,3.7177674770355225,542424000.0
2019-02-06,NVDA,3.7509906115321305,3.8578502616084736,3.7455362265006746,3.7933874130249023,702464000.0
2019-02-07,NVDA,3.747023538367698,3.749254899084934,3.6121476310741185,3.6550400257110596,637120000.0
2019-02-08,NVDA,3.587849982332469,3.6842962162740016,3.5734699182729486,3.673635244369507,461604000.0
2019-02-11,NVDA,3.629502297193732,3.68379975658052,3.5826427844008446,3.6309900283813477,495180000.0
2019-02-12,NVDA,3.6694200572156017,3.7636349236820656,3.6550397577399782,3.7480149269104004,591060000.0
2019-02-13,NVDA,3.7775203306786085,3.863553410923917,3.7638838926264464,3.7904129028320312,605372000.0
2019-02-14,NVDA,3.789420270490346,3.859585533497492,3.7462796061148245,3.8313210010528564,827264000.0
2019-02-15,NVDA,4.04008131671056,4.062890991905326,3.8781805745021547,3.9009904861450195,1516748000.0
2019-02-19,NVDA,3.8903293628173086,3.9642137205513395,3.8712385429033134,3.8836350440979004,551892000.0
2019-02-20,NVDA,3.912891300692235,3.9981804975761754,3.901734496736235,3.93099045753479,540988000.0
2019-02-21,NVDA,3.943635178401896,3.968180383235593,3.847436739975377,3.862064838409424,448548000.0
2019-02-22,NVDA,3.9138835881369767,3.9657016689406897,3.9002471515262602,3.9468586444854736,401740000.0
2019-02-25,NVDA,4.030412483833082,4.097850326946329,3.9257841877669573,3.934462070465088,656020000.0
2019-02-26,NVDA,3.929751093160025,3.985784094174763,3.861569151631238,3.895040273666382,488464000.0
2019-02-27,NVDA,3.88065982817824,3.9071885945544893,3.796114266805622,3.8531391620635986,500256000.0
2019-02-28,NVDA,3.846934318137376,3.869271393984341,3.806231380983356,3.82856822013855,324944000.0
2019-03-01,NVDA,3.878454376883171,3.925113899783818,3.8201299732573615,3.8829219341278076,357188000.0
2019-03-04,NVDA,3.921391120404415,3.9442245386727643,3.834524767780042,3.8911120891571045,409992000.0
2019-03-05,NVDA,3.875476122753563,3.9228802784474985,3.8211226964898493,3.8846592903137207,362924000.0
2019-03-06,NVDA,3.875724223752015,3.8841625218794813,3.7709883542643197,3.7737183570861816,403524000.0
2019-03-07,NVDA,3.7501410556860124,3.75982056736387,3.658311023061156,3.7044742107391357,450104000.0
2019-03-08,NVDA,3.6151256744887768,3.749396189101285,3.5937812828889903,3.7387239933013916,422416000.0
2019-03-11,NVDA,3.7623012059427463,4.022155115381618,3.7151451125522477,3.999321937561035,859728000.0
2019-03-12,NVDA,4.027118081451215,4.079982220358988,3.9509239541858148,4.033571243286133,579576000.0
2019-03-13,NVDA,4.071049656945547,4.214254820812788,4.063603806431297,4.1849684715271,768900000.0
2019-03-14,NVDA,4.1941502023353925,4.20606336972168,4.101327285949279,4.109021186828613,519384000.0
2019-03-15,NVDA,4.152207428619799,4.257191599823181,4.148732793105118,4.214503288269043,661484000.0
2019-03-18,NVDA,4.24602278826156,4.299880108664505,4.166105703171812,4.1931586265563965,486992000.0
2019-03-19,NVDA,4.287718859214613,4.405360838823117,4.270842260344442,4.360934734344482,854972000.0
2019-03-20,NVDA,4.389972339367104,4.443333077578124,4.293674768264406,4.328421592712402,719148000.0
2019-03-21,NVDA,4.3515022200470685,4.591500982553161,4.346538321589047,4.565192699432373,824312000.0
2019-03-22,NVDA,4.5378929197622835,4.586537806842821,4.391461205859767,4.405359745025635,747644000.0
2019-03-25,NVDA,4.364656998961132,4.428937745346452,4.246766990583778,4.313033580780029,525212000.0
2019-03-26,NVDA,4.454750119798993,4.510840866511275,4.333385458354853,4.3897247314453125,703508000.0
2019-03-27,NVDA,4.415288150691982,4.46169914748176,4.311048619229574,4.3805413246154785,474372000.0
2019-03-28,NVDA,4.406600037810369,4.464924664530089,4.346041988026695,4.3991546630859375,480264000.0
2019-03-29,NVDA,4.465917921422844,4.480809619545336,4.415535715587227,4.456486701965332,456896000.0
2019-04-01,NVDA,4.548317848493185,4.554274434246291,4.476591239836674,4.523995399475098,483824000.0
2019-04-02,NVDA,4.548068074421535,4.586289051272183,4.50513125200009,4.541862964630127,440920000.0
2019-04-03,NVDA,4.591502011806915,4.740415685244924,4.586538112236161,4.681346416473389,783504000.0
2019-04-04,NVDA,4.665960659038738,4.714854097157429,4.6096218416807515,4.6724138259887695,457376000.0
2019-04-05,NVDA,4.715596079182291,4.75654753551504,4.679112415942302,4.739173889160156,481744000.0
2019-04-08,NVDA,4.708648690110463,4.785091155090903,4.684574291270691,4.760024070739746,424192000.0
2019-04-09,NVDA,4.726517640524543,4.737686179037519,4.655039088718205,4.697231292724609,439972000.0
2019-04-10,NVDA,4.696487325922731,4.793529077520977,4.692020004561179,4.767717361450195,444772000.0
2019-04-11,NVDA,4.770199961783818,4.801720215401193,4.704429924138947,4.753819465637207,374600000.0
2019-04-12,NVDA,4.7925351267018685,4.796506340965666,4.707158043790051,4.715844631195068,471708000.0
2019-04-15,NVDA,4.708151521943394,4.71311542226327,4.544346598456222,4.584056854248047,440092000.0
2019-04-16,NVDA,4.623269980015366,4.690032673010929,4.590509002574264,4.671170234680176,394964000.0
2019-04-17,NVDA,4.706165903909824,4.7270137160976615,4.626000764151662,4.6483378410339355,351004000.0
2019-04-18,NVDA,4.655038610928449,4.689040328956429,4.595969342028883,4.6237664222717285,380988000.0
2019-04-22,NVDA,4.600189557207102,4.693260563311995,4.568669782475209,4.677624702453613,279936000.0
2019-04-23,NVDA,4.690778321562646,4.763498088085355,4.681099047354128,4.7322258949279785,346856000.0
2019-04-24,NVDA,4.742650691123519,4.785339484261987,4.6818445579354195,4.744636535644531,318204000.0
2019-04-25,NVDA,4.704428926409337,4.726766004906826,4.559238389559255,4.638906955718994,499296000.0
2019-04-26,NVDA,4.485028797343107,4.4894965911925295,4.301120712248882,4.420003414154053,868988000.0
2019-04-29,NVDA,4.427946255243696,4.478577001876419,4.355723060888487,4.450779914855957,391920000.0
2019-04-30,NVDA,4.418514156009542,4.517789785221679,4.399403662476442,4.492226600646973,362920000.0
2019-05-01,NVDA,4.544594531643189,4.586786732087681,4.478824044448714,4.479072570800781,354280000.0
2019-05-02,NVDA,4.4887527217962235,4.5882764207529725,4.445567827647048,4.546580791473389,394684000.0
2019-05-03,NVDA,4.555018204923479,4.564945530378216,4.480561133787182,4.542112350463867,336824000.0
2019-05-06,NVDA,4.35572234153958,4.475846259268589,4.31849403851635,4.463685035705566,422176000.0
2019-05-07,NVDA,4.415289486750725,4.415289486750725,4.248257943532925,4.2964067459106445,555220000.0
2019-05-08,NVDA,4.268856088354296,4.396673424545145,4.2569429188090275,4.3165082931518555,419168000.0
2019-05-09,NVDA,4.247511984459782,4.257191257846926,4.105051466418007,4.223933696746826,660248000.0
2019-05-10,NVDA,4.193158451681177,4.258680413523153,4.070304536535706,4.189931869506836,569500000.0
2019-05-13,NVDA,4.057895360022364,4.080977068369672,3.9166755804089837,3.9325597286224365,656912000.0
2019-05-14,NVDA,3.972270792761968,4.056903745711097,3.9335534523421307,4.021660804748535,524880000.0
2019-05-15,NVDA,3.9660649116407813,3.997088574228804,3.9067478259358115,3.9606049060821533,502320000.0
2019-05-16,NVDA,3.9551454379489344,4.018433750418558,3.9127051766210523,3.9757449626922607,781088000.0
2019-05-17,NVDA,3.933800664761079,4.063107272765102,3.8454452835079294,3.8849072456359863,1022068000.0
2019-05-20,NVDA,3.78612838826672,3.8412264517254946,3.741454231583,3.766273260116577,572064000.0
2019-05-21,NVDA,3.827079326373172,3.8643076296287346,3.78836175843999,3.848423480987549,361848000.0
2019-05-22,NVDA,3.8097063819468513,3.835766148475726,3.7665212540404682,3.7774417400360107,325868000.0
2019-05-23,NVDA,3.7151453642340067,3.7151453642340067,3.59651096392142,3.656324625015259,591844000.0
2019-05-24,NVDA,3.675187788172274,3.710430725007725,3.595767272130994,3.602468490600586,357584000.0
2019-05-28,NVDA,3.620089428745966,3.6528504104833317,3.5553118608985224,3.557297468185425,428356000.0
2019-05-29,NVDA,3.509644837254459,3.544639477399922,3.4483421445856233,3.483088731765747,559800000.0
2019-05-30,NVDA,3.4863193619456454,3.522099432460653,3.418237822426676,3.456502676010132,394300000.0
2019-05-31,NVDA,3.407553371648301,3.4748894274087694,3.364070616731768,3.365809917449951,389720000.0
2019-06-03,NVDA,3.376990899598896,3.4157526580768924,3.294746627086541,3.324066400527954,478644000.0
2019-06-04,NVDA,3.3881718925332422,3.5583757076298954,3.3660578963113705,3.5531578063964844,641836000.0
2019-06-05,NVDA,3.6269549019543383,3.632421377374354,3.474144295945968,3.5104212760925293,511616000.0
2019-06-06,NVDA,3.5146454939697906,3.5971383528324163,3.5121607107785024,3.5725395679473877,408140000.0
2019-06-07,NVDA,3.578502687044135,3.6495656801261256,3.5593701422465647,3.615276575088501,348856000.0
2019-06-10,NVDA,3.6714311195372797,3.756657323153524,3.6714311195372797,3.6880788803100586,402780000.0
2019-06-11,NVDA,3.747960888005973,3.7857288321925013,3.706217670067543,3.745724678039551,383872000.0
2019-06-12,NVDA,3.7022417117535804,3.708453669042387,3.6175126522069574,3.632669448852539,358892000.0
2019-06-13,NVDA,3.654782907015529,3.7022411636510677,3.6371413300661923,3.683854341506958,308080000.0
2019-06-14,NVDA,3.59067780474872,3.615028014807577,3.549182923629349,3.5939078330993652,394428000.0
2019-06-17,NVDA,3.592168734328627,3.6406210580078437,3.56930925061679,3.6035985946655273,276040000.0
2019-06-18,NVDA,3.6649710195419645,3.8540585972699657,3.654038306151122,3.798649311065674,581920000.0
2019-06-19,NVDA,3.8339326521074457,3.8453622752424192,3.7785231263264563,3.804612874984741,331644000.0
2019-06-20,NVDA,3.8953050376710774,3.909219442880647,3.8145514884859004,3.828962802886963,350168000.0
2019-06-21,NVDA,3.814055040025494,3.863252610355401,3.7643603234820975,3.7708206176757812,434428000.0
2019-06-24,NVDA,3.7921880780463684,3.8227502377072717,3.744978160858993,3.793181896209717,282948000.0
2019-06-25,NVDA,3.79815218806245,3.8731909238839837,3.7611297293284847,3.7638628482818604,311868000.0
2019-06-26,NVDA,3.8913296866554123,4.0182993502821525,3.8784090992993048,3.957174777984619,584072000.0
2019-06-27,NVDA,4.042897494829749,4.074950386948419,4.006868855487333,4.0558180809021,445440000.0
2019-06-28,NVDA,4.099797895145651,4.108991544364578,4.033952807879254,4.080665588378906,397668000.0
2019-07-01,NVDA,4.287892843808627,4.3221821934748315,4.091350871523533,4.128870487213135,709756000.0
2019-07-02,NVDA,4.11222248330746,4.133342906617704,4.0178030775927365,4.030972003936768,400228000.0
2019-07-03,NVDA,4.054327233500396,4.060042281438798,3.9840097272590325,4.043891429901123,246636000.0
2019-07-05,NVDA,3.985500595489945,3.9899730149353436,3.9179157359106274,3.981276512145996,396552000.0
2019-07-08,NVDA,3.9216434501117856,3.940527422747279,3.87617305628239,3.906238079071045,329788000.0
2019-07-09,NVDA,3.8639974931763446,3.936800023336797,3.85132547908479,3.9087226390838623,342860000.0
2019-07-10,NVDA,3.9522062807546385,4.034450578195484,3.9382918720461455,3.977053642272949,452076000.0
2019-07-11,NVDA,4.0501025563907564,4.172351200525705,4.012831767010238,4.131601810455322,682560000.0
2019-07-12,NVDA,4.1594315842922205,4.235712955080335,4.1594315842922205,4.164649486541748,506392000.0
2019-07-15,NVDA,4.185770910050978,4.201921292932884,4.12787682523172,4.15620231628418,289840000.0
2019-07-16,NVDA,4.141294633099978,4.178565445004397,4.09582398665758,4.151482105255127,341444000.0
2019-07-17,NVDA,4.153217357922269,4.223783637705824,4.123897598992738,4.216826438903809,348204000.0
2019-07-18,NVDA,4.22726441063651,4.2913701965373505,4.170612499328312,4.228506565093994,442192000.0
2019-07-19,NVDA,4.266772937635901,4.273232995824128,4.179310261483211,4.18527364730835,344896000.0
2019-07-22,NVDA,4.206641688782123,4.269753664571462,4.199187339292449,4.256833076477051,315940000.0
2019-07-23,NVDA,4.296091122374806,4.366656959528526,4.280436944204497,4.364669322967529,428176000.0
2019-07-24,NVDA,4.407903483339598,4.444925939221409,4.331870935021893,4.439210891723633,366236000.0
2019-07-25,NVDA,4.397717813836916,4.410390068376548,4.284662763435493,4.308019161224365,392700000.0
2019-07-26,NVDA,4.335100744102642,4.396721736115267,4.335100744102642,4.350008964538574,274160000.0
2019-07-29,NVDA,4.342804818899132,4.359949491159782,4.255590966821345,4.343798637390137,248160000.0
2019-07-30,NVDA,4.297333150956023,4.371626396891745,4.282921601501057,4.3594512939453125,197772000.0
2019-07-31,NVDA,4.327897150042526,4.328891442694162,4.1499908018548615,4.192231178283691,359416000.0
2019-08-01,NVDA,4.202664962671635,4.293109058279627,4.045630305131023,4.097809791564941,421212000.0
2019-08-02,NVDA,4.005129814147949,4.0744539784447715,3.957671787073034,4.005129814147949,428348000.0
2019-08-05,NVDA,3.8215090556117692,3.82275144718998,3.699757524490677,3.7467188835144043,589156000.0
2019-08-06,NVDA,3.8215081822414723,3.8669785661947262,3.737772952095079,3.7854795455932617,361272000.0
2019-08-07,NVDA,3.724604166117267,3.8356715419119998,3.7072111601832995,3.823744773864746,372560000.0
2019-08-08,NVDA,3.881390879070509,3.933570138883611,3.8239937169722924,3.9323277473449707,309300000.0
2019-08-09,NVDA,3.8913298306897843,3.8948084322634977,3.7805110156372868,3.830950975418091,341816000.0
2019-08-12,NVDA,3.778771975219626,3.8309512393826006,3.741252600687972,3.763118267059326,279200000.0
2019-08-13,NVDA,3.761627267404017,3.9233829611122943,3.7226171654408264,3.877415418624878,351956000.0
2019-08-14,NVDA,3.7892077662147514,3.800389053990048,3.685097811398918,3.7288289070129395,419880000.0
2019-08-15,NVDA,3.747712443711656,3.7675902336691864,3.662237899501885,3.6965270042419434,477200000.0
2019-08-16,NVDA,3.9594115091553235,4.013826744670855,3.898038596326437,3.9646294116973877,1007960000.0
2019-08-19,NVDA,4.077933883499078,4.259318830441109,4.061783026218913,4.2434163093566895,815112000.0
2019-08-20,NVDA,4.237948581702561,4.238445727843558,4.149989259036466,4.171109676361084,463188000.0
2019-08-21,NVDA,4.237204176544138,4.309758148292772,4.215587081507359,4.254597187042236,427244000.0
2019-08-22,NVDA,4.2642880236706135,4.3067767316921515,4.221550505551129,4.260809421539307,303488000.0
2019-08-23,NVDA,4.184279915150365,4.238695397246054,4.016312237772304,4.036190032958984,568056000.0
2019-08-26,NVDA,4.114955304774386,4.139057179481086,4.072714940004575,4.1109795570373535,318208000.0
2019-08-27,NVDA,4.149243117739372,4.15197623627106,3.990966313656427,4.0202860832214355,290968000.0
2019-08-28,NVDA,3.9939241306477293,4.062570244971661,3.954626349548749,4.0098419189453125,255612000.0
2019-08-29,NVDA,4.101369070695014,4.185933420556191,4.097887025973425,4.153600215911865,357976000.0
2019-08-30,NVDA,4.199861624484044,4.249605527425925,4.148128117230253,4.166284561157227,290616000.0
2019-09-03,NVDA,4.09340992723894,4.126489350058698,4.060330504419183,4.083212375640869,296140000.0
2019-09-04,NVDA,4.143900285493805,4.204836549248497,4.143900285493805,4.1973748207092285,227728000.0
2019-09-05,NVDA,4.299598767984981,4.4766863914804675,4.297857745307812,4.470468521118164,695676000.0
2019-09-06,NVDA,4.447087617386065,4.504044190055208,4.405303081723671,4.443356990814209,376976000.0
2019-09-09,NVDA,4.474447838796963,4.575925269285243,4.472955398068076,4.489370822906494,417524000.0
2019-09-10,NVDA,4.456540061502598,4.582640394549681,4.446840145358927,4.556027889251709,352812000.0
2019-09-11,NVDA,4.570700881105714,4.632880517063203,4.541600667262145,4.584629058837891,361512000.0
2019-09-12,NVDA,4.631140397873783,4.685858317404362,4.575178619721449,4.583137512207031,327840000.0
2019-09-13,NVDA,4.51647999736956,4.553539101008627,4.4814104978045615,4.5251851081848145,324592000.0
2019-09-16,NVDA,4.450072134224202,4.516728615164704,4.439626001162905,4.482156753540039,231832000.0
2019-09-17,NVDA,4.488873267617155,4.507775933891545,4.4423628222305735,4.503547668457031,223048000.0
2019-09-18,NVDA,4.496583616905268,4.512252820148234,4.389883126641637,4.476437091827393,258152000.0
2019-09-19,NVDA,4.4824054396218065,4.500810938256271,4.3901307877096345,4.4008259773254395,245476000.0
2019-09-20,NVDA,4.399832078165615,4.423460173907958,4.284924113847228,4.295121192932129,350244000.0
2019-09-23,NVDA,4.295370141032199,4.39411126135759,4.291639039614132,4.34859561920166,249712000.0
2019-09-24,NVDA,4.379934125904165,4.409531506404624,4.255574842142143,4.291141510009766,317268000.0
2019-09-25,NVDA,4.29064377648413,4.452559803237135,4.245874359420754,4.432910919189453,308432000.0
2019-09-26,NVDA,4.423211876654245,4.431916990087712,4.359788365189732,4.410775661468506,234564000.0
2019-09-27,NVDA,4.368989901893488,4.4197286020751365,4.211302152824442,4.271989822387695,362056000.0
2019-09-30,NVDA,4.297856947271272,4.339641483764673,4.26651807050821,4.32944393157959,186184000.0
2019-10-01,NVDA,4.352574950855627,4.501806186906424,4.32297757022471,4.32770299911499,366008000.0
2019-10-02,NVDA,4.305815459371947,4.317754032858804,4.231448668584901,4.303825855255127,293372000.0
2019-10-03,NVDA,4.30830338040873,4.5157345856427185,4.277959778078787,4.509516716003418,450588000.0
2019-10-04,NVDA,4.511754599978452,4.5552806333222104,4.446590552521761,4.5259318351745605,265524000.0
2019-10-07,NVDA,4.590846927555045,4.684364963409932,4.582141816472435,4.584629058837891,480984000.0
2019-10-08,NVDA,4.492852512401792,4.492852512401792,4.389883123735421,4.408039569854736,444436000.0
2019-10-09,NVDA,4.484893704933097,4.544088948217395,4.45604254080698,4.494593620300293,292412000.0
2019-10-10,NVDA,4.492355175881418,4.603283452888025,4.48713210833787,4.552296161651611,309124000.0
2019-10-11,NVDA,4.636363092350418,4.70923745186966,4.617460427723012,4.625916957855225,446404000.0
2019-10-14,NVDA,4.617211425481787,4.660239822488352,4.5861216035790475,4.639347553253174,200040000.0
2019-10-15,NVDA,4.729631847270834,4.956711896279779,4.715703195640915,4.884085655212402,664124000.0
2019-10-16,NVDA,4.850011679699381,4.954971126937373,4.81892186123977,4.830362796783447,428944000.0
2019-10-17,NVDA,4.874884833262927,4.919902840787935,4.777884253126136,4.8323540687561035,263436000.0
2019-10-18,NVDA,4.832850179165665,4.865432438889939,4.663472904014173,4.737839698791504,307440000.0
2019-10-21,NVDA,4.799274261182588,4.888564532097051,4.780371593374397,4.875133514404297,261868000.0
2019-10-22,NVDA,4.9320888972435,5.03729692887387,4.857473520945944,4.8651838302612305,328720000.0
2019-10-23,NVDA,4.783108256892539,4.866428771269418,4.751272207339384,4.852252006530762,279916000.0
2019-10-24,NVDA,4.893537314212813,4.9298501999847515,4.859463088958182,4.896273612976074,232020000.0
2019-10-25,NVDA,4.976859169524239,5.108182558026213,4.969148858881655,5.087290287017822,423092000.0
2019-10-28,NVDA,5.131063312412015,5.1957301902552,5.1017145168675295,5.143250942230225,330792000.0
2019-10-29,NVDA,5.129324213488696,5.135791140894325,5.027598667393385,5.046998500823975,211236000.0
2019-10-30,NVDA,5.073858864295298,5.079579569924972,4.980837980085249,5.048986911773682,205960000.0
2019-10-31,NVDA,5.028095077286321,5.048987348429831,4.919902620012374,4.999741077423096,209732000.0
2019-11-01,NVDA,4.964422474776134,5.0711229548075165,4.939301940723574,5.038789749145508,283640000.0
2019-11-04,NVDA,5.119870970981655,5.247961342989594,5.0967405184472465,5.235525131225586,376716000.0
2019-11-05,NVDA,5.23527646486896,5.261391797562708,5.165386521379289,5.2133893966674805,300868000.0
2019-11-06,NVDA,5.189265053344421,5.214882754657109,5.076595271028035,5.164144515991211,269012000.0
2019-11-07,NVDA,5.2506983850035285,5.26537278621327,5.137033802523521,5.181803226470947,280340000.0
2019-11-08,NVDA,5.1648904063343775,5.19946227503282,5.127333656497417,5.167874813079834,189100000.0
2019-11-11,NVDA,5.167127400785944,5.20095304139649,5.0808220399316255,5.177822589874268,243436000.0
2019-11-12,NVDA,5.216125220893545,5.269351162720486,5.181055720995538,5.2133893966674805,283504000.0
2019-11-13,NVDA,5.1820502887487505,5.2096580604604865,5.1211145152183954,5.1875224113464355,300188000.0
2019-11-14,NVDA,5.196476990525216,5.220105558263123,5.136536008767511,5.217866897583008,518080000.0
2019-11-15,NVDA,5.2156277879370725,5.2673612915338035,4.990288748983495,5.07858419418335,1053628000.0
2019-11-18,NVDA,5.0711225153879465,5.306410051838152,5.068138109102546,5.279797554016113,574588000.0
2019-11-19,NVDA,5.248708270125907,5.272336364070725,5.114897649636158,5.173097610473633,414564000.0
2019-11-20,NVDA,5.150215859442783,5.336257157628974,5.13753106375064,5.252439022064209,472588000.0
2019-11-21,NVDA,5.247962780975112,5.30367550688611,5.20592918016326,5.227567672729492,288388000.0
2019-11-22,NVDA,5.25019943976297,5.296709874744304,5.221596864781539,5.245225429534912,224100000.0
2019-11-25,NVDA,5.373315984496282,5.50687801916714,5.360382607529951,5.501903533935547,506476000.0
2019-11-26,NVDA,5.484243102660461,5.48896900495652,5.3907250770203605,5.397192001342773,385244000.0
2019-11-27,NVDA,5.442743776893898,5.4770919223951084,5.405657312596112,5.432040691375732,215784000.0
2019-11-29,NVDA,5.401174607664803,5.429549046025443,5.370808147764858,5.394702911376953,141556000.0
2019-12-02,NVDA,5.387734360424529,5.401175285328456,5.193093037870997,5.20827579498291,372036000.0
2019-12-03,NVDA,5.024586275333187,5.1726828396090925,4.987251058891021,5.168700695037842,465232000.0
2019-12-04,NVDA,5.252331542967603,5.274732768272059,5.1838835655342335,5.212507247924805,273424000.0
2019-12-05,NVDA,5.234410189449158,5.250090949957693,5.164966211098966,5.195581436157227,184884000.0
2019-12-06,NVDA,5.264777020887432,5.313810857082181,5.254820709586892,5.2809553146362305,232236000.0
2019-12-09,NVDA,5.258056558233872,5.335714077303096,5.249345023217426,5.2809553146362305,211880000.0
2019-12-10,NVDA,5.311072898219936,5.377779049060028,5.2583056790915785,5.32600736618042,256388000.0
2019-12-11,NVDA,5.336461501745193,5.41511456662944,5.333972423615191,5.409638404846191,233796000.0
2019-12-12,NVDA,5.380765279472877,5.595318755142743,5.371804979121072,5.577148914337158,404348000.0
2019-12-13,NVDA,5.580135797823065,5.6993599150203575,5.521145652599463,5.575157642364502,454704000.0
2019-12-16,NVDA,5.622699413311111,5.6764621771175054,5.594573254844499,5.604031562805176,320976000.0
2019-12-17,NVDA,5.622698445386399,5.704836118935157,5.613240139053931,5.682186126708984,321196000.0
2019-12-18,NVDA,5.717032221002479,5.773035287670211,5.70856945097392,5.712552070617676,343548000.0
2019-12-19,NVDA,5.747149899642801,5.874090035843171,5.742171743381663,5.860649108886719,445360000.0
2019-12-20,NVDA,5.927105668248703,5.983357501349498,5.907940290008705,5.957969665527344,603044000.0
2019-12-23,NVDA,5.986594005218313,6.018702307629257,5.933578015167045,5.944280624389648,355060000.0
2019-12-24,NVDA,5.928847172685462,5.956475317373441,5.894498565831648,5.939301013946533,138864000.0
2019-12-26,NVDA,5.942786221174375,5.981614981768694,5.923869608981522,5.953489303588867,182852000.0
2019-12-27,NVDA,5.968672459359743,5.982113385929475,5.869360476100034,5.895744323730469,254644000.0
2019-12-30,NVDA,5.873841289385316,5.879068211053426,5.751132538137095,5.782494068145752,258056000.0
2019-12-31,NVDA,5.74714857252697,5.866123916081923,5.727983197564625,5.85666561126709,231004000.0
2020-01-02,NVDA,5.942538298227734,5.971410751342773,5.8920113865906325,5.971410751342773,237536000.0
2020-01-03,NVDA,5.851687121635845,5.919637558269956,5.826796822243751,5.87583065032959,205384000.0
2020-01-06,NVDA,5.782494698284105,5.905700993740391,5.75636008709558,5.9004740715026855,262636000.0
2020-01-07,NVDA,5.928847945646861,6.017706082693678,5.88379672631697,5.971908092498779,314856000.0
2020-01-08,NVDA,5.967676998031507,6.024426839104934,5.927603932688203,5.983108997344971,277108000.0
2020-01-09,NVDA,6.06947655032181,6.121248222332132,5.995054890492719,6.0488176345825195,255112000.0
2020-01-10,NVDA,6.156095483057426,6.186461474165216,6.066988582177594,6.081175804138184,316296000.0
2020-01-13,NVDA,6.1643088762984775,6.296973440866973,6.141658411841688,6.271834373474121,319840000.0
2020-01-14,NVDA,6.229023390430331,6.254411699514828,6.141658799771101,6.154850959777832,359088000.0
2020-01-15,NVDA,6.16754428868986,6.1899455131991035,6.086402159866249,6.112287998199463,263104000.0
2020-01-16,NVDA,6.16580228926058,6.201893205518962,6.142405527455289,6.195919513702393,284192000.0
2020-01-17,NVDA,6.2150846934070065,6.222551926626451,6.157090558824123,6.2046308517456055,253792000.0
2020-01-21,NVDA,6.168042151475357,6.204879835864673,6.137178158466554,6.17127799987793,217916000.0
2020-01-22,NVDA,6.216578763004167,6.311908122294993,6.197662150369321,6.225290298461914,239240000.0
2020-01-23,NVDA,6.265364395269904,6.302201612851046,6.1765062509303945,6.293738842010498,244516000.0
2020-01-24,NVDA,6.4092286330962756,6.459009239561232,6.180238697894959,6.234499454498291,373512000.0
2020-01-27,NVDA,5.92984403404607,6.029654028501746,5.7802538998042525,5.978629112243652,470536000.0
2020-01-28,NVDA,6.044587545294466,6.204382745108837,5.991322320441981,6.172025680541992,310976000.0
2020-01-29,NVDA,6.157587538027256,6.193678447124999,6.07171603191587,6.111540794372559,258848000.0
2020-01-30,NVDA,6.013722922529771,6.131702738993476,5.9587158710105355,6.118261814117432,290504000.0
2020-01-31,NVDA,6.0724649332346985,6.084412318689391,5.842977430369718,5.884792804718018,370420000.0
2020-02-03,NVDA,5.8666224677137775,6.001278596035723,5.8604000101128895,5.9818644523620605,255564000.0
2020-02-04,NVDA,6.123739366569737,6.170284134023084,6.07370998442975,6.151118278503418,271544000.0
2020-02-05,NVDA,6.272082704047129,6.282287779401079,6.158085517859378,6.2414679527282715,208220000.0
2020-02-06,NVDA,6.275817783033483,6.328335762023926,6.194675644500358,6.328335762023926,218284000.0
2020-02-07,NVDA,6.288262003363611,6.310414462729095,6.2367390915720655,6.26212739944458,189752000.0
2020-02-10,NVDA,6.284777510513011,6.546124504221286,6.279799354982195,6.5453782081604,529608000.0
2020-02-11,NVDA,6.653650398908643,6.782581587232491,6.591673645110323,6.667837619781494,638556000.0
2020-02-12,NVDA,6.7206037320341085,6.790047707657029,6.681774980267098,6.783576011657715,374644000.0
2020-02-13,NVDA,6.725583666979016,6.8069745706768785,6.698204283875325,6.739770889282227,528016000.0
2020-02-14,NVDA,7.1499621936544155,7.341865703677368,7.118600663539786,7.212934494018555,1041924000.0
2020-02-18,NVDA,7.109638988755365,7.400108152666693,7.090224846302637,7.381689071655273,620164000.0
2020-02-19,NVDA,7.504150146633085,7.850621951154439,7.504150146633085,7.832949638366699,694332000.0
2020-02-20,NVDA,7.784911590647671,7.873271727913991,7.376214266688297,7.683608531951904,810052000.0
2020-02-21,NVDA,7.571351425928048,7.596490490574002,7.23458680115923,7.319462299346924,768180000.0
2020-02-24,NVDA,6.7250859513807235,7.015803911128321,6.670576422942381,6.80199670791626,856916000.0
2020-02-25,NVDA,6.877164837983016,6.939141597824138,6.420678476149267,6.52247953414917,1055496000.0
2020-02-26,NVDA,6.522728942479253,6.856009063093413,6.521235875339859,6.661865234375,747732000.0
2020-02-27,NVDA,6.348309154901602,6.649661074979793,6.19862956404981,6.291027545928955,906416000.0
2020-02-28,NVDA,6.038489443963422,6.785642298672568,6.0218031708162405,6.726119041442871,1133252000.0
2020-03-02,NVDA,6.896222333433682,6.91340691326313,6.500231204832834,6.884516716003418,890744000.0
2020-03-03,NVDA,6.940304039577152,7.000076219802187,6.536592315093682,6.622016906738281,652792000.0
2020-03-04,NVDA,6.729358180346112,7.095214067663513,6.654642594815356,7.085750102996826,597408000.0
2020-03-05,NVDA,6.886259139101553,7.053123305909204,6.761733655663814,6.806313991546631,540328000.0
2020-03-06,NVDA,6.6267471500481925,6.684278139559817,6.425513856360072,6.62575101852417,515412000.0
2020-03-09,NVDA,5.974733154517468,6.460382771892419,5.931896639128573,6.112707614898682,614160000.0
2020-03-10,NVDA,6.389153282196328,6.502222537994385,6.126404913419726,6.502222537994385,580648000.0
2020-03-11,NVDA,6.36225543839977,6.390647326448551,6.04122887468643,6.1383585929870605,499964000.0
2020-03-12,NVDA,5.615103210164313,5.880591547871109,5.374520065165271,5.387221813201904,816540000.0
2020-03-13,NVDA,5.740625318821386,6.002626980343142,5.4694090819834775,5.998144149780273,634836000.0
2020-03-16,NVDA,5.290090278151961,5.631041325733119,4.831587643617145,4.891359806060791,726972000.0
2020-03-17,NVDA,5.003683548446786,5.5005405030795576,4.756874200949433,5.411130905151367,833632000.0
2020-03-18,NVDA,4.983509240244786,5.2285751727903245,4.499852467616629,5.05125093460083,874268000.0
2020-03-19,NVDA,5.029832983972858,5.397681548940483,4.816396698508904,5.3040385246276855,765512000.0
2020-03-20,NVDA,5.454216454735922,5.736142161030795,5.108782956531308,5.1242241859436035,804636000.0
2020-03-23,NVDA,5.123228140385184,5.391456470964269,4.944160497471347,5.297065734863281,643876000.0
2020-03-24,NVDA,5.703267250018492,6.2925221398950475,5.679607578330529,6.205852031707764,1101644000.0
2020-03-25,NVDA,6.320913296588007,6.520652182357888,6.068375632723533,6.117189884185791,793432000.0
2020-03-26,NVDA,6.3243998510831805,6.530614300481662,6.2262739971016074,6.40658712387085,696108000.0
2020-03-27,NVDA,6.226273705917233,6.553028618407655,6.193398988350422,6.294264793395996,638828000.0
2020-03-30,NVDA,6.359765541677423,6.623759917980906,6.315683507570858,6.614544868469238,602252000.0
2020-03-31,NVDA,6.654641872626003,6.858864070892026,6.419288777551146,6.56498384475708,949960000.0
2020-04-01,NVDA,6.36698780602018,6.513429604344959,6.009101514807017,6.053681373596191,656912000.0
2020-04-02,NVDA,6.082821375160415,6.375705489949085,6.034754811122155,6.362505912780762,675764000.0
2020-04-03,NVDA,6.324898131854011,6.366489596403704,5.93712598630891,6.074602127075195,663212000.0
2020-04-06,NVDA,6.356776811021011,6.721387595066812,6.299245814449324,6.68452787399292,727884000.0
2020-04-07,NVDA,6.9061831354181376,6.929843281076082,6.408081206141208,6.451167106628418,784520000.0
2020-04-08,NVDA,6.560251028830771,6.673320278862776,6.490267677106113,6.6484150886535645,542444000.0
2020-04-09,NVDA,6.77418701355761,6.797099468670892,6.485785735971131,6.548795700073242,525564000.0
2020-04-13,NVDA,6.4890227180026585,6.729356927930683,6.400609742855064,6.720640182495117,398408000.0
2020-04-14,NVDA,6.848900491954207,7.105920945991905,6.8212558238585475,7.07180118560791,530948000.0
2020-04-15,NVDA,6.903691995250456,7.077280628589877,6.858364921063001,6.994346618652344,366148000.0
2020-04-16,NVDA,7.149755740902385,7.446624375158432,7.136556164071444,7.339532375335693,745620000.0
2020-04-17,NVDA,7.421718368800451,7.443136861424763,7.146268259680306,7.280257701873779,539120000.0
2020-04-20,NVDA,7.153739539148925,7.309645293108187,7.104676377829495,7.149007320404053,449388000.0
2020-04-21,NVDA,7.0309579095729084,7.09222404320279,6.652400334557342,6.712172508239746,735160000.0
2020-04-22,NVDA,6.904440070768403,7.169430577878194,6.858864076780593,7.126593589782715,483356000.0
2020-04-23,NVDA,7.168683884756797,7.300680607092796,7.048142915270509,7.073297023773193,424160000.0
2020-04-24,NVDA,7.063085634739961,7.214259185341389,6.9883700590037385,7.21226692199707,352328000.0
2020-04-27,NVDA,7.34675453477503,7.558696863652003,7.32209825748916,7.398806095123291,479388000.0
2020-04-28,NVDA,7.54624282215466,7.576129142105783,7.250868695520186,7.25634765625,442904000.0
2020-04-29,NVDA,7.391085793246775,7.485974343887676,7.315872387428984,7.433175563812256,379160000.0
2020-04-30,NVDA,7.379131758551654,7.433176063147179,7.265315747997266,7.279262542724609,375916000.0
2020-05-01,NVDA,7.081763995944933,7.195082165045608,6.9943471497831,7.042663097381592,342096000.0
2020-05-04,NVDA,6.99534315443708,7.268303171986932,6.99534315443708,7.254605293273926,317556000.0
2020-05-05,NVDA,7.358708704883354,7.478253047929909,7.254605114249709,7.315622806549072,368896000.0
2020-05-06,NVDA,7.395071104382327,7.521339946333403,7.357215248209346,7.416489124298096,323464000.0
2020-05-07,NVDA,7.555707244194391,7.656074742478284,7.504402906431928,7.59281587600708,373732000.0
2020-05-08,NVDA,7.664543333034148,7.789068815211882,7.630672481686343,7.782842636108398,339216000.0
2020-05-11,NVDA,7.777862498603452,8.081705018034938,7.749221691038973,8.034883499145508,469060000.0
2020-05-12,NVDA,8.092662595289598,8.141476375645489,7.763168152806162,7.772881031036377,493060000.0
2020-05-13,NVDA,7.887444674634261,8.047833283961996,7.565919763396782,7.750466823577881,625852000.0
2020-05-14,NVDA,7.811980588801043,8.005493265911744,7.658316022095838,8.000014305114746,602312000.0
2020-05-15,NVDA,7.859800101450532,8.468231385191919,7.84410995767559,8.458518981933594,987660000.0
2020-05-18,NVDA,8.7272426582343,8.882650575625197,8.64754643650367,8.717031478881836,774460000.0
2020-05-19,NVDA,8.75687952652123,9.053000875442939,8.729483772364022,8.772071838378906,717320000.0
2020-05-20,NVDA,8.956869516435537,9.00867216528188,8.855007567982353,8.935949325561523,587536000.0
2020-05-21,NVDA,9.0171417681228,9.018137424995713,8.7043335502057,8.74194049835205,761068000.0
2020-05-22,NVDA,8.791749057156085,9.058483416398547,8.680174695165345,8.991986274719238,1038764000.0
2020-05-26,NVDA,9.121991787731082,9.146897460724162,8.63908204653848,8.68465805053711,770780000.0
2020-05-27,NVDA,8.59225840000188,8.599978539188397,7.966393195519462,8.492887496948242,1175892000.0
2020-05-28,NVDA,8.380313461237536,8.72724175919815,8.347438749408889,8.454780578613281,734896000.0
2020-05-29,NVDA,8.522025817439461,8.84180736541748,8.452789677381746,8.84180736541748,745256000.0
2020-06-01,NVDA,8.799718404433667,8.807189629886395,8.656513899580409,8.772820472717285,389876000.0
2020-06-02,NVDA,8.762856901843334,8.80370066720874,8.62513139441244,8.791746139526367,391320000.0
2020-06-03,NVDA,8.788758291453608,8.832590926608708,8.666971836593147,8.736207962036133,365440000.0
2020-06-04,NVDA,8.698833377413132,8.913364092849449,8.648502216635398,8.737205505371094,424280000.0
2020-06-05,NVDA,8.765114510848656,8.966937271416668,8.678903373646111,8.8901948928833,481748000.0
2020-06-08,NVDA,8.847584567804057,8.860042606393876,8.656724793262761,8.7755765914917,387736000.0
2020-06-09,NVDA,8.77059454872251,9.079309108158784,8.722007525331632,9.015771865844727,468488000.0
2020-06-10,NVDA,9.137118536945948,9.46825804650475,9.12291539708982,9.335453033447266,632180000.0
2020-06-11,NVDA,9.119427324165988,9.230305535789274,8.756644164646495,8.766860008239746,583652000.0
2020-06-12,NVDA,9.131883732185477,9.156550786318963,8.67416787516225,8.9026517868042,570908000.0
2020-06-15,NVDA,8.785794364194377,9.151567666376659,8.714532504819088,9.143095970153809,400004000.0
2020-06-16,NVDA,9.194175392191577,9.235785840524901,8.809215537679608,9.03819751739502,535716000.0
2020-06-17,NVDA,9.083296156036427,9.267926459696755,9.03994061738912,9.205137252807617,408304000.0
2020-06-18,NVDA,9.196168390697451,9.25148296891854,9.08404411721043,9.187198638916016,254408000.0
2020-06-19,NVDA,9.211616224722999,9.413438956839919,9.196416977731053,9.230302810668945,524160000.0
2020-06-22,NVDA,9.268922363643142,9.499399405011511,9.242261191476917,9.494914054870605,398468000.0
2020-06-23,NVDA,9.51908600474059,9.610280548689325,9.376066118055864,9.418423652648926,375108000.0
2020-06-24,NVDA,9.44458236047122,9.524564921960387,9.113941072370004,9.20463752746582,449372000.0
2020-06-25,NVDA,9.324486171227582,9.473237456066611,9.151565891686401,9.458287239074707,376072000.0
2020-06-26,NVDA,9.468257176021824,9.468257176021824,9.09451018223149,9.124409675598145,592084000.0
2020-06-29,NVDA,9.139108650164536,9.17374251463662,8.870259451487689,9.169257164001465,342248000.0
2020-06-30,NVDA,9.282879620441916,9.494420194381577,9.235538672534776,9.466015815734863,367892000.0
2020-07-01,NVDA,9.48893967240852,9.543756212625178,9.381549743503006,9.49815845489502,326648000.0
2020-07-02,NVDA,9.606790803004376,9.704961911915024,9.546243794157816,9.580130577087402,364056000.0
2020-07-06,NVDA,9.70919763785932,9.875639423686373,9.680045232466764,9.806371688842773,315892000.0
2020-07-07,NVDA,9.913016299211247,10.036352543994091,9.817835403438949,9.838765144348145,357800000.0
2020-07-08,NVDA,9.96035642783184,10.19083448771981,9.932201081128547,10.181863784790039,365480000.0
2020-07-09,NVDA,10.345564003615122,10.53467966591517,10.199303925315359,10.473883628845215,494548000.0
2020-07-10,NVDA,10.55336697172099,10.619644469216341,10.344068660721797,10.444232940673828,497676000.0
2020-07-13,NVDA,10.559598321190247,10.756188648040855,9.9915022627415,10.018661499023438,457076000.0
2020-07-14,NVDA,10.041333369102032,10.367988370836883,9.752800521431915,10.342324256896973,542676000.0
2020-07-15,NVDA,10.379452525224961,10.398139114174556,10.0221499268024,10.193077087402344,403984000.0
2020-07-16,NVDA,9.981533624770403,10.17264243579052,9.862432793369079,10.100883483886719,344964000.0
2020-07-17,NVDA,10.191330819984168,10.214253728012824,10.054041449060465,10.167410850524902,266284000.0
2020-07-20,NVDA,10.23991651795974,10.496057669362653,10.12280886413966,10.475625991821289,284852000.0
2020-07-21,NVDA,10.477870511785147,10.524714344075875,10.252376826762578,10.293987274169922,277036000.0
2020-07-22,NVDA,10.332856798592301,10.567071192485503,10.257110543380008,10.403868675231934,367292000.0
2020-07-23,NVDA,10.415081910293424,10.511757913653256,9.997731322444672,10.095902442932129,411660000.0
2020-07-24,NVDA,9.842004220321078,10.330117705469418,9.744332097927803,10.160436630249023,473292000.0
2020-07-27,NVDA,10.198058237994003,10.40685753635307,10.183606075119817,10.386675834655762,292132000.0
2020-07-28,NVDA,10.339586054308894,10.347309717554095,10.175137420741521,10.181365966796875,271636000.0
2020-07-29,NVDA,10.356030370319775,10.481110751976058,10.312426746284986,10.430530548095703,284508000.0
2020-07-30,NVDA,10.340329617831248,10.587501014856866,10.26084605945576,10.578531265258789,308880000.0
2020-07-31,NVDA,10.527950722424327,10.730522410600685,10.398135997400104,10.579278945922852,386080000.0
2020-08-03,NVDA,10.696639191873953,11.061665465735489,10.679446769081574,10.973461151123047,412720000.0
2020-08-04,NVDA,11.013075655293777,11.190231323242188,10.869556790574324,11.190231323242188,310336000.0
2020-08-05,NVDA,11.20642832489523,11.333750889975512,11.128937923168527,11.249034881591797,249924000.0
2020-08-06,NVDA,11.31182391232998,11.320046580338172,11.141395787272014,11.297621726989746,244316000.0
2020-08-07,NVDA,11.274699276886748,11.466307124366327,11.000618569687862,11.162076950073242,342516000.0
2020-08-10,NVDA,11.296375225746614,11.370127349717377,10.820220928763009,11.127690315246582,427796000.0
2020-08-11,NVDA,11.036745063035063,11.09953521649184,10.75967416048644,10.813743591308594,354512000.0
2020-08-12,NVDA,10.95402429958267,11.428682587806655,10.921632633441215,11.402022361755371,464412000.0
2020-08-13,NVDA,11.507418736974273,11.682582200872133,11.317805009675435,11.404763221740723,374460000.0
2020-08-14,NVDA,11.491472368961071,11.665638770775589,11.402271956870376,11.525359153747559,366436000.0
2020-08-17,NVDA,11.811650197220596,12.368284326904558,11.777764359136203,12.295777320861816,621300000.0
2020-08-18,NVDA,12.408400478429256,12.454247257133918,12.045866374837397,12.219782829284668,503448000.0
2020-08-19,NVDA,12.255411527658788,12.273849086504912,12.057574183040343,12.097939491271973,622624000.0
2020-08-20,NVDA,11.934986705835776,12.33364975196691,11.839057786602936,12.100431442260742,921388000.0
2020-08-21,NVDA,12.160976425454727,12.765948423584227,12.15449790253474,12.641117095947266,999868000.0
2020-08-24,NVDA,12.840699321764225,12.869353672769613,12.465706283017331,12.677745819091797,490564000.0
2020-08-25,NVDA,12.588544678672513,12.718608459711986,12.531734981663996,12.707396507263184,289076000.0
2020-08-26,NVDA,12.75648215082287,12.825500864865182,12.635388116526201,12.73031997680664,321244000.0
2020-08-27,NVDA,12.738789586790235,12.80706120631376,12.524507872251876,12.586051940917969,317604000.0
2020-08-28,NVDA,12.632649716823698,13.10406887492163,12.600258041644214,13.103819847106934,537160000.0
2020-08-31,NVDA,13.138699399567772,13.529638751359306,12.99418441341534,13.329809188842773,500840000.0
2020-09-01,NVDA,13.438977372581991,13.951164010930437,13.395609804492928,13.778940200805664,511316000.0
2020-09-02,NVDA,14.659000334746768,14.681931051636386,13.857696425651804,14.302838325500488,874012000.0
2020-09-03,NVDA,13.786664795289532,13.84224502552326,12.839556108597575,12.975890159606934,945128000.0
2020-09-04,NVDA,12.744844850038128,13.134904769082933,11.669129045305858,12.584086418151855,1463684000.0
2020-09-08,NVDA,11.698789218234774,12.51180772758371,11.668631678891437,11.87674617767334,795728000.0
2020-09-09,NVDA,12.362261988655698,12.770266753273628,12.194523949860486,12.67630386352539,736200000.0
2020-09-10,NVDA,12.949722425469647,13.025491361845585,12.129974260135079,12.274284362792969,698684000.0
2020-09-11,NVDA,12.447501761831631,12.613993328779701,11.859546327495021,12.12747859954834,636928000.0
2020-09-14,NVDA,13.041189988553288,13.274477094290067,12.59280879798839,12.833074569702148,1201744000.0
2020-09-15,NVDA,13.239584697898275,13.258277826160894,12.78871150231095,12.951464653015137,727556000.0
2020-09-16,NVDA,12.917818237905777,13.052905839699783,12.475668327283115,12.476415634155273,556384000.0
2020-09-17,NVDA,12.09532930240558,12.551437507331224,11.998126163853456,12.42557144165039,792512000.0
2020-09-18,NVDA,12.555424916313646,12.59405668873215,11.952266498292616,12.152155876159668,698460000.0
2020-09-21,NVDA,11.888709009343742,12.484390494072683,11.868271214150367,12.479156494140625,721044000.0
2020-09-22,NVDA,12.536731943624329,12.609509746557116,12.11850915444311,12.59929084777832,646452000.0
2020-09-23,NVDA,12.537228000249492,12.688267633843767,12.042489056909767,12.08685302734375,647012000.0
2020-09-24,NVDA,12.035509104369488,12.531245354511263,11.977435959248508,12.310419082641602,731240000.0
2020-09-25,NVDA,12.409617669119307,12.844290623103921,12.208481870197122,12.834569931030273,588016000.0
2020-09-28,NVDA,13.000562902438823,13.01202826062995,12.711196429256022,12.995328903198242,573808000.0
2020-09-29,NVDA,12.898127404420933,13.401839758111288,12.893890764359542,13.185500144958496,621460000.0
2020-09-30,NVDA,13.117457679149188,13.581042683791333,13.110229910612453,13.489322662353516,689184000.0
2020-10-01,NVDA,13.716131285227705,13.720866130003346,13.419785147051085,13.573067665100098,525004000.0
2020-10-02,NVDA,13.184752115791957,13.478355249202743,13.011280920376732,13.022497177124023,552496000.0
2020-10-05,NVDA,13.195719875702725,13.60272733275789,13.182509848608964,13.600982666015625,479820000.0
2020-10-06,NVDA,13.787912981247416,14.098963788249867,13.623415141154222,13.694697380065918,784420000.0
2020-10-07,NVDA,13.95714274462038,14.076279213328517,13.82130691885235,13.921501159667969,418084000.0
2020-10-08,NVDA,14.032165622756523,14.041637213589913,13.716130905848528,13.796634674072266,378900000.0
2020-10-09,NVDA,13.725102840358888,13.782178633228172,13.619176383039175,13.720865249633789,346892000.0
2020-10-12,NVDA,13.946927707736558,14.303339852792972,13.8701623660095,14.182707786560059,434744000.0
2020-10-13,NVDA,14.252991702466591,14.30483349663295,13.976086963138583,14.204888343811035,344604000.0
2020-10-14,NVDA,14.247007276979561,14.299098165483393,13.917513486832869,14.052351951599121,276100000.0
2020-10-15,NVDA,13.768719851769514,13.96312610542931,13.725850492780184,13.927485466003418,267224000.0
2020-10-16,NVDA,13.994032098702894,14.078524355779496,13.750525122871887,13.7694673538208,242392000.0
2020-10-19,NVDA,13.860689953001863,13.940944623689804,13.36595000014682,13.456673622131348,298068000.0
2020-10-20,NVDA,13.54216179692203,13.757754110452392,13.465894667102834,13.603973388671875,229212000.0
2020-10-21,NVDA,13.583534319654134,13.749527692706033,13.436483176144433,13.483589172363281,219596000.0
2020-10-22,NVDA,13.481346730049394,13.570324725736768,13.191481073617357,13.320338249206543,290480000.0
2020-10-23,NVDA,13.40906862611122,13.551883150157146,13.25080215414743,13.5488920211792,233484000.0
2020-10-26,NVDA,13.386138098565883,13.651079281884025,12.998820194853183,13.10125732421875,336896000.0
2020-10-27,NVDA,13.265505408101772,13.401092148583462,13.151353822024564,13.355979919433594,250520000.0
2020-10-28,NVDA,13.15783489461272,13.219646485778258,12.570627630856183,12.58857250213623,376520000.0
2020-10-29,NVDA,12.799427013024179,13.152598834137944,12.711196333303896,12.984362602233887,320080000.0
2020-10-30,NVDA,12.810893624788754,12.897129593543116,12.262567264637163,12.495855331420898,416820000.0
2020-11-02,NVDA,12.619228632831366,12.797683780905018,12.357278590415659,12.542463302612305,299652000.0
2020-11-03,NVDA,12.669822207249883,13.065115113693386,12.564393968562177,12.979875564575195,272900000.0
2020-11-04,NVDA,13.348501614578474,13.785418406031889,13.29641072094344,13.75226879119873,410228000.0
2020-11-05,NVDA,14.119399090161183,14.295361309495657,13.948420817451831,14.11690616607666,319028000.0
2020-11-06,NVDA,14.066809828518743,14.544352187106675,13.852714035338233,14.517683982849121,383348000.0
2020-11-09,NVDA,14.508211652284979,14.646788567995294,13.569328138122051,13.589266777038574,582976000.0
2020-11-10,NVDA,13.565090756109772,13.565090756109772,12.589818331459508,12.7311372756958,644068000.0
2020-11-11,NVDA,13.014020407147175,13.394110437228981,12.908841280204683,13.377161979675293,404744000.0
2020-11-12,NVDA,13.437979695502902,13.72410597697715,13.27547564395454,13.415797233581543,365812000.0
2020-11-13,NVDA,13.585777393792211,13.627151186548398,13.019506169381641,13.256532669067383,346312000.0
2020-11-16,NVDA,13.132411731318832,13.607960310940665,13.115962425029508,13.474119186401367,413776000.0
2020-11-17,NVDA,13.51125464161276,13.55487130447838,13.263261943515142,13.381401062011719,312028000.0
2020-11-18,NVDA,13.42427208541798,13.564344579254746,13.14487535535619,13.387883186340332,510924000.0
2020-11-19,NVDA,13.172538762935169,13.446452345652338,13.060131852933283,13.399346351623535,565936000.0
2020-11-20,NVDA,13.413054668904675,13.453431099655287,13.02523765866418,13.047919273376465,341088000.0
2020-11-23,NVDA,13.131164811610757,13.34177124445545,12.975888549093485,13.10000991821289,361356000.0
2020-11-24,NVDA,13.102505175209538,13.12194561298306,12.845789093517691,12.918317794799805,346500000.0
2020-11-25,NVDA,12.992838294487676,13.229116542601327,12.980376526049833,13.194472312927246,259916000.0
2020-11-27,NVDA,13.33429431298339,13.36669566818434,13.130416493764512,13.220890045166016,167276000.0
2020-11-30,NVDA,13.22462902875061,13.371680158470495,12.932769640128472,13.360713005065918,286952000.0
2020-12-01,NVDA,13.451188755774265,13.487577650555359,13.187991311158573,13.349249839782715,296948000.0
2020-12-02,NVDA,13.309870792632042,13.631887767453023,13.193974535937858,13.503280639648438,283360000.0
2020-12-03,NVDA,13.550150913752486,13.62245185728228,13.292362319011328,13.359177589416504,199520000.0
2020-12-04,NVDA,13.411532721541958,13.522726970662992,13.351947356745299,13.520981788635254,202244000.0
2020-12-07,NVDA,13.563864566313981,13.693507355428642,13.462893171861975,13.56934928894043,223244000.0
2020-12-08,NVDA,13.54765666743571,13.561368946586121,13.244990773853777,13.313302993774414,271920000.0
2020-12-09,NVDA,13.263939141754832,13.377126792285601,12.832877299434081,12.8952054977417,401300000.0
2020-12-10,NVDA,12.833627308736657,13.032828201028439,12.81418017813656,12.936593055725098,207764000.0
2020-12-11,NVDA,12.931606849028675,12.984212441190055,12.787753432046163,12.9774808883667,209264000.0
2020-12-14,NVDA,13.052022269843059,13.35194530778793,13.041551179283497,13.272165298461914,270156000.0
2020-12-15,NVDA,13.402806834534603,13.426990207111126,13.150502967637742,13.323775291442871,193016000.0
2020-12-16,NVDA,13.385603115420373,13.400313049100214,13.176180337490917,13.206098556518555,223116000.0
2020-12-17,NVDA,13.330008989411864,13.342724567769654,13.14227683725348,13.304579734802246,231384000.0
2020-12-18,NVDA,13.342225657316472,13.368154215503681,13.034574274666387,13.235520362854004,342064000.0
2020-12-21,NVDA,13.038808096716188,13.333246407999729,12.931852708699227,13.295599937438965,302332000.0
2020-12-22,NVDA,13.282637425656816,13.300587596287624,13.018116353896726,13.24174976348877,185580000.0
2020-12-23,NVDA,13.219561371315317,13.238509197227785,12.969251869856985,12.973489761352539,179144000.0
2020-12-24,NVDA,13.001412025804129,13.096400326484508,12.903183488228189,12.95803165435791,97884000.0
2020-12-28,NVDA,13.026595731900704,13.026595731900704,12.728168616030118,12.864542007446289,212564000.0
2020-12-29,NVDA,12.88947258005551,13.036567177285413,12.806949719669266,12.907671928405762,170372000.0
2020-12-30,NVDA,12.954541407319397,13.177427290787712,12.86129923874275,13.109614372253418,225396000.0
2020-12-31,NVDA,13.100391478599667,13.114851287037245,12.879499929815664,13.019115447998047,192424000.0
2021-01-04,NVDA,13.068227445369613,13.61497054888344,12.926866769728559,13.077451705932617,560640000.0
2021-01-05,NVDA,13.063738974592605,13.406544022138833,13.051024350900295,13.367900848388672,322760000.0
2021-01-06,NVDA,13.186152937941964,13.20859112644938,12.551403186013745,12.579824447631836,580424000.0
2021-01-07,NVDA,12.93185258806022,13.340975488936348,12.85107587775355,13.307317733764648,461480000.0
2021-01-08,NVDA,13.325769270287896,13.384107803205216,13.006149889792127,13.240254402160645,292528000.0
2021-01-11,NVDA,13.381864913182376,13.922625030648138,13.325769911241851,13.584057807922363,518344000.0
2021-01-12,NVDA,13.714697138465636,13.716692447420863,13.308317946514132,13.447683334350586,291476000.0
2021-01-13,NVDA,13.45291837429401,13.587547513691526,13.348207455464507,13.494553565979004,210028000.0
2021-01-14,NVDA,13.537684279966546,13.562366002658122,13.144268918770294,13.16396427154541,283120000.0
2021-01-15,NVDA,13.191638823831939,13.288621489742575,12.813182548933598,12.824151992797852,277780000.0
2021-01-19,NVDA,12.980471556161469,13.058008048162339,12.808695229598227,12.989447593688965,226188000.0
2021-01-20,NVDA,13.075707553077883,13.3935817408933,13.020859385968903,13.329010009765625,258572000.0
2021-01-21,NVDA,13.38161577620076,13.960769900780255,13.21657100711801,13.829381942749023,337780000.0
2021-01-22,NVDA,13.702230199220164,13.803700873779242,13.58979008186386,13.674805641174316,246820000.0
2021-01-25,NVDA,13.74386752287208,13.790489088581495,13.200116324560353,13.615720748901367,251112000.0
2021-01-26,NVDA,13.543169347286403,13.607242728216683,13.350700028651303,13.398319244384766,163980000.0
2021-01-27,NVDA,13.193634056363793,13.196376893038126,12.75858344917115,12.882243156433105,371272000.0
2021-01-28,NVDA,12.960526280295204,13.303082210264922,12.924874161260108,13.015125274658203,228316000.0
2021-01-29,NVDA,13.039058952317665,13.298095310812332,12.876008552222784,12.9540433883667,271552000.0
2021-02-01,NVDA,13.017370804876167,13.234272695684933,12.867284187944932,13.200615882873535,217204000.0
2021-02-02,NVDA,13.361919791975675,13.534692808775095,13.2489803634068,13.519485473632812,220440000.0
2021-02-03,NVDA,13.598515418591797,13.893453042028312,13.479344705708954,13.493306159973145,245408000.0
2021-02-04,NVDA,13.493806898674553,13.63591512674711,13.30108838994131,13.626690864562988,201340000.0
2021-02-05,NVDA,13.68727376259905,13.699490037131103,13.50851576115915,13.553641319274902,169152000.0
2021-02-08,NVDA,13.68951770498705,14.433965799239166,13.68951770498705,14.399062156677246,434624000.0
2021-02-09,NVDA,14.301329248326892,14.543162957851855,14.183404405717019,14.224042892456055,287560000.0
2021-02-10,NVDA,14.423492061708066,14.864027306919034,14.302076862608281,14.723664283752441,485352000.0
2021-02-11,NVDA,14.93907417108014,15.230271368597624,14.883975869271497,15.208829879760742,450828000.0
2021-02-12,NVDA,15.008630938614067,15.24921783167627,14.734386284539758,14.920125007629395,374756000.0
2021-02-16,NVDA,15.022843043593907,15.330246186065928,14.908906898789846,15.288111686706543,321960000.0
2021-02-17,NVDA,15.12929646180481,15.181652869069381,14.739371474363644,14.865025520324707,274756000.0
2021-02-18,NVDA,14.688513024909678,14.832366426903295,14.534936058505934,14.788238525390625,233868000.0
2021-02-19,NVDA,14.983202501942431,15.135283481944793,14.80594144322892,14.885472297668457,271724000.0
2021-02-22,NVDA,14.734136872236576,15.091651905517747,14.285623199863032,14.316288948059082,325884000.0
2021-02-23,NVDA,14.036560433142531,14.199611797390215,13.352695375792258,14.103127479553223,391780000.0
2021-02-24,NVDA,14.083931374873432,14.466875707135772,13.718188737712403,14.459146499633789,448320000.0
2021-02-25,NVDA,14.006894097549477,14.335239450066046,13.179924004748196,13.270922660827637,824436000.0
2021-02-26,NVDA,13.714698294311097,13.81641816432624,13.324274883727146,13.676803588867188,500932000.0
2021-03-01,NVDA,13.836858901331096,13.886721646141039,13.515993674429316,13.80370044708252,353184000.0
2021-03-02,NVDA,13.861792465404875,13.882236299326422,13.359178107453289,13.369400024414062,264116000.0
2021-03-03,NVDA,13.389345841845765,13.414525920021216,12.763570112957732,12.769554138183594,377592000.0
2021-03-04,NVDA,12.765563165461836,12.939334789321144,12.05053404254079,12.336246490478516,573344000.0
2021-03-05,NVDA,12.51550188802097,12.51550188802097,11.647145039370162,12.427245140075684,542840000.0
2021-03-08,NVDA,12.415776761591959,12.436968120506013,11.53470526212684,11.561382293701172,543112000.0
2021-03-09,NVDA,12.10108216233075,12.586412134756065,12.030252786567042,12.490144729614258,521824000.0
2021-03-10,NVDA,12.809623139684142,12.948787357967568,12.427544694009546,12.438268661499023,384376000.0
2021-03-11,NVDA,12.918859181164075,13.01487826331978,12.703877511856263,12.962254524230957,299916000.0
2021-03-12,NVDA,12.617836764895445,12.857758928939543,12.559727352850821,12.825087547302246,243964000.0
2021-03-15,NVDA,12.833814860693973,13.174992482607134,12.73654946497794,13.159529685974121,221988000.0
2021-03-16,NVDA,13.324383242411827,13.48000826893051,13.085209825652294,13.25929069519043,272128000.0
2021-03-17,NVDA,13.00839537496323,13.420900926313383,12.958266150296865,13.309170722961426,243864000.0
2021-03-18,NVDA,13.104910936986556,13.152296370953078,12.68641936105696,12.691905975341797,293896000.0
2021-03-19,NVDA,12.71934168018771,12.890429501227384,12.58217249940309,12.814861297607422,299208000.0
2021-03-22,NVDA,12.881702007358415,13.362293192788187,12.875715916588083,13.15454387664795,297804000.0
2021-03-23,NVDA,13.222379048396682,13.312412052854992,12.989939506760008,13.039320945739746,222048000.0
2021-03-24,NVDA,13.119626522291313,13.127607658513135,12.606364018705296,12.612598419189453,245840000.0
2021-03-25,NVDA,12.469444406077091,12.684176838550286,12.24249148281004,12.505107879638672,295144000.0
2021-03-26,NVDA,12.524311038193582,12.82533563189145,12.343746514897376,12.80837631225586,363968000.0
2021-03-29,NVDA,12.7894208455432,13.031088751095217,12.669460260549382,12.917113304138184,273520000.0
2021-03-30,NVDA,12.811120044436988,12.944049866495922,12.674449391875307,12.840798377990723,200204000.0
2021-03-31,NVDA,12.984204258714895,13.438110133704859,12.95128361492745,13.316154479980469,314776000.0
2021-04-01,NVDA,13.539618308033694,13.83665194170515,13.47876414967334,13.778542518615723,308276000.0
2021-04-05,NVDA,13.834154669761228,13.980302032176994,13.699977584620715,13.953866004943848,255672000.0
2021-04-06,NVDA,13.966086787615374,14.020455365723707,13.74038112554351,13.828168869018555,191744000.0
2021-04-07,NVDA,13.847373459830573,14.20925128125654,13.678530885485294,14.109492301940918,251284000.0
2021-04-08,NVDA,14.218477253852367,14.436701232572581,14.214735472199942,14.282572746276855,244416000.0
2021-04-09,NVDA,14.179820052085296,14.373353793516326,14.140914274880636,14.365372657775879,195172000.0
2021-04-12,NVDA,14.255389020431952,15.315583398824293,14.105250615328751,15.172428131103516,869324000.0
2021-04-13,NVDA,15.194873435364462,15.662246999655242,15.089377642067435,15.641796112060547,676212000.0
2021-04-14,NVDA,15.587430581288732,15.682700949390519,15.190886309245496,15.240267753601074,385500000.0
2021-04-15,NVDA,15.62483699906746,16.175260396689723,15.593911407308882,16.098445892333984,598480000.0
2021-04-16,NVDA,16.014398330283544,16.12687821542396,15.827099932377852,15.874237060546875,335208000.0
2021-04-19,NVDA,15.499139178358167,15.769487410233705,15.196368833216749,15.324809074401855,404420000.0
2021-04-20,NVDA,15.286402450953117,15.459734563352981,14.927019212976631,15.13476848602295,334132000.0
2021-04-21,NVDA,15.08239794119368,15.325562437011335,15.065938093459835,15.323567390441895,216776000.0
2021-04-22,NVDA,15.338026814301097,15.401374515423738,14.747948948259221,14.814538955688477,277788000.0
2021-04-23,NVDA,14.89834074512175,15.29812730885152,14.864423053111361,15.228545188903809,227500000.0
2021-04-26,NVDA,15.14848593040417,15.44177863839205,15.088629790314261,15.440780639648438,197796000.0
2021-04-27,NVDA,15.541040346437713,15.632819134469093,15.317578990856143,15.34476375579834,164572000.0
2021-04-28,NVDA,15.327556377766147,15.494903383584008,15.17891447818189,15.24001693725586,209416000.0
2021-04-29,NVDA,15.36297157225275,15.39938378813891,15.035261629277306,15.28790283203125,173196000.0
2021-04-30,NVDA,15.138012864264331,15.328054107946565,14.960938945985912,14.973408699035645,201912000.0
2021-05-03,NVDA,15.088630880297941,15.210088002136116,14.751942803190856,14.801074028015137,203912000.0
2021-05-04,NVDA,14.60205255874538,14.602301820585291,13.976560415682533,14.316740036010742,405324000.0
2021-05-05,NVDA,14.673628186683594,14.77787765916483,14.352901488430707,14.423730850219727,292024000.0
2021-05-06,NVDA,14.460392925408186,14.536210380815493,14.183810292475817,14.488076210021973,193380000.0
2021-05-07,NVDA,14.772643170075382,14.934751859009099,14.636471034155644,14.776633262634277,229328000.0
2021-05-10,NVDA,14.751692881602263,14.770397986562724,14.215735160013324,14.231447219848633,268904000.0
2021-05-11,NVDA,13.791757008652652,14.32023307283679,13.716937539621856,14.271849632263184,285584000.0
2021-05-12,NVDA,13.975812076746404,14.225959659555215,13.676284960940245,13.72541618347168,303408000.0
2021-05-13,NVDA,14.000002694996578,14.046890557220067,13.426634846640779,13.632389068603516,285404000.0
2021-05-14,NVDA,13.856600805253224,14.293547327705214,13.71544058063384,14.208751678466797,258616000.0
2021-05-17,NVDA,14.122958594909173,14.135179086084914,13.820189147439331,14.131438255310059,216980000.0
2021-05-18,NVDA,14.232693181267955,14.36961309097996,13.970325114807855,13.982047080993652,186256000.0
2021-05-19,NVDA,13.53387813226448,14.045645075732622,13.510684411423444,14.031928062438965,344000000.0
2021-05-20,NVDA,14.26810895417662,14.648442606942425,14.23618631019407,14.577363967895508,321592000.0
2021-05-21,NVDA,15.127285288521914,15.185395640437756,14.833743338437287,14.95569896697998,672992000.0
2021-05-24,NVDA,15.175920747126446,15.707140602698978,15.139508535207892,15.574460983276367,554816000.0
2021-05-25,NVDA,15.728091107960966,15.780464645578764,15.445273053443612,15.610125541687012,435408000.0
2021-05-26,NVDA,15.69641555915,15.75577222693224,15.548771675251006,15.662247657775879,370440000.0
2021-05-27,NVDA,15.661998843698058,15.712128067476398,15.422825430003508,15.45075798034668,581476000.0
2021-05-28,NVDA,15.463722126202361,16.238354474080936,15.463722126202361,16.205432891845703,644536000.0
2021-06-01,NVDA,16.230873230660432,16.348838748292945,15.865004501093965,16.225385665893555,472804000.0
2021-06-02,NVDA,16.2131712272355,16.878068682105397,16.196461168659535,16.737905502319336,594168000.0
2021-06-03,NVDA,16.660589498084,17.217497481858928,16.543122488003693,16.92894172668457,580008000.0
2021-06-04,NVDA,17.071354146455292,17.61853540043628,17.054396725929376,17.535985946655273,617120000.0
2021-06-07,NVDA,17.529001604400246,17.769670615907238,17.151411706464682,17.576635360717773,575756000.0
2021-06-08,NVDA,17.485104439825335,17.579127533223744,17.209517870586684,17.415023803710938,323848000.0
2021-06-09,NVDA,17.47763694033858,17.53675789164765,17.218202467067403,17.320478439331055,381656000.0
2021-06-10,NVDA,17.31224549372214,17.453936689122045,17.13862434378659,17.387081146240234,287772000.0
2021-06-11,NVDA,17.441462460375565,17.900213119387068,17.405790819740933,17.786460876464844,416308000.0
2021-06-14,NVDA,17.86703801249019,18.000246673784147,17.62431741298164,17.979541778564453,321376000.0
2021-06-15,NVDA,17.876019837230267,17.977049223816707,17.689426454672287,17.749794006347656,243032000.0
2021-06-16,NVDA,17.752041326978315,17.91568405366824,17.546238944523466,17.77149772644043,307124000.0
2021-06-17,NVDA,17.735819194105908,18.79401053704882,17.717609396802498,18.616647720336914,809656000.0
2021-06-18,NVDA,18.743128393374096,19.332842043852928,18.54356281099688,18.598194122314453,968856000.0
2021-06-21,NVDA,18.3951394558826,18.49617076329271,17.783972843404893,18.387157440185547,672384000.0
2021-06-22,NVDA,18.4313082043333,18.922487557643105,18.345993528433798,18.845653533935547,580144000.0
2021-06-23,NVDA,18.966395306633274,19.111080293841777,18.86661249120676,19.01578712463379,332356000.0
2021-06-24,NVDA,19.185914262097178,19.377745256411643,19.046716223591257,19.163711547851562,320924000.0
2021-06-25,NVDA,19.23854706646569,19.30340616281131,18.853387301714815,18.98958969116211,278364000.0
2021-06-28,NVDA,19.31911966222412,20.03505906064387,19.276961918357816,19.941513061523438,495436000.0
2021-06-29,NVDA,19.839238276802046,20.055017215462307,19.614228825317294,19.98317527770996,367632000.0
2021-06-30,NVDA,19.955727974416092,20.118622678753123,19.820522895659145,19.95897102355957,326568000.0
2021-07-01,NVDA,20.08120965981684,20.411488806867112,19.975439408764807,20.168020248413086,480136000.0
2021-07-02,NVDA,20.3957754709089,20.46063457353225,20.2436071358302,20.44242286682129,342764000.0
2021-07-06,NVDA,20.6923742430402,20.7966466673471,20.305967907582982,20.653459548950195,446708000.0
2021-07-07,NVDA,20.80812144075167,20.829574289576,20.287756632895576,20.32741928100586,418428000.0
2021-07-08,NVDA,19.81329110301645,20.089188211447464,19.657879754896147,19.859439849853516,503300000.0
2021-07-09,NVDA,19.919065663934592,20.036559633632663,19.71126872389176,20.006624221801758,296624000.0
2021-07-12,NVDA,20.195956968157407,20.488069342209744,20.143820756965503,20.467864990234375,321984000.0
2021-07-13,NVDA,20.35611021391854,20.416728988148265,20.070234579260333,20.2059383392334,290708000.0
2021-07-14,NVDA,20.31344988634673,20.37331878876877,19.709766870329428,19.798322677612305,380100000.0
2021-07-15,NVDA,19.76864334794979,19.80381636054377,18.817466577851096,18.92498207092285,550564000.0
2021-07-16,NVDA,18.98909201886158,19.115315945813244,18.033674982685085,18.121482849121094,688224000.0
2021-07-19,NVDA,17.876274273539213,19.000571951676836,17.826631230925713,18.738893508911133,749060000.0
2021-07-20,NVDA,18.6892402079638,18.797004985567302,18.124471925472463,18.571496963500977,434687000.0
2021-07-21,NVDA,18.840914429138287,19.484511423689785,18.701219665619544,19.367765426635742,371017000.0
2021-07-22,NVDA,19.59926270153558,19.84372855934598,19.234057925706562,19.551366806030273,323826000.0
2021-07-23,NVDA,19.613232051717457,19.657136939511876,19.208115301064705,19.515445709228516,195672000.0
2021-07-26,NVDA,19.26897927272138,19.399692825674848,18.872841897721102,19.252016067504883,203943000.0
2021-07-27,NVDA,19.223075805371774,19.57929926897515,18.700215942009585,19.166200637817383,248863000.0
2021-07-28,NVDA,19.276960231537203,19.603248312954715,18.953665880664538,19.460559844970703,202191000.0
2021-07-29,NVDA,19.476526528289924,19.809801295260304,19.285942151974933,19.619216918945312,190781000.0
2021-07-30,NVDA,19.375746552479082,19.5872851431943,19.221085043730636,19.456571578979492,183497000.0
2021-08-02,NVDA,19.657133182845243,19.917564922094176,19.318870152980445,19.70702362060547,217444000.0
2021-08-03,NVDA,19.69704354976623,20.177995019562996,19.178174665205486,19.771881103515625,301811000.0
2021-08-04,NVDA,19.94650267323402,20.273789984080235,19.784854521282057,20.22988510131836,231309000.0
2021-08-05,NVDA,20.455393391942923,20.687886201830914,20.297736245228386,20.59209442138672,211435000.0
2021-08-06,NVDA,20.47934295014833,20.525242388893872,20.166025087132084,20.321685791015625,178497000.0
2021-08-09,NVDA,20.40151357973223,20.46337895673751,20.09917333714066,20.250843048095703,146443000.0
2021-08-10,NVDA,20.277781775220678,20.385546579623433,19.791840024636087,19.892621994018555,179238000.0
2021-08-11,NVDA,19.999381076634492,20.00536853691991,19.38771614141208,19.656129837036133,185925000.0
2021-08-12,NVDA,19.82676492402208,19.98541744234433,19.577308908840717,19.8616886138916,151652000.0
2021-08-13,NVDA,19.86169021361081,20.170017888434185,19.807806857358848,20.144073486328125,183063000.0
2021-08-16,NVDA,20.09118641466759,20.24285608857849,19.41066933701926,19.90658950805664,210876000.0
2021-08-17,NVDA,19.64216427592462,19.726980302862234,19.225074588155476,19.415658950805664,204585000.0
2021-08-18,NVDA,19.45756955911799,19.591278762336874,18.958657519140605,18.998571395874023,285913000.0
2021-08-19,NVDA,19.45158159437132,20.450404827675342,18.721174036528456,19.754920959472656,766555000.0
2021-08-20,NVDA,19.947498712068025,20.819597432017076,19.889626260196447,20.77070426940918,675741000.0
2021-08-23,NVDA,20.925369230517806,21.949135797020332,20.90441501641272,21.910221099853516,575807000.0
2021-08-24,NVDA,21.705668697425946,21.91121984527033,21.488142624605064,21.745580673217773,297299000.0
2021-08-25,NVDA,21.68970113640181,22.42110597550805,21.674734384503616,22.16466522216797,347701000.0
2021-08-26,NVDA,22.151694125179088,22.29138887971176,21.742586427020587,22.019981384277344,237940000.0
2021-08-27,NVDA,22.135726314905988,22.67255570156208,22.118763109982105,22.586742401123047,304722000.0
2021-08-30,NVDA,22.78032687258667,22.992862776803378,22.50193458505787,22.638635635375977,262580000.0
2021-08-31,NVDA,22.649606551136554,22.649606551136554,22.07575777292062,22.340227127075195,259850000.0
2021-09-01,NVDA,22.440034610950008,22.65161054208327,22.312290329288253,22.396121978759766,201767000.0
2021-09-02,NVDA,22.472967308795205,22.54781808239597,22.25041369895066,22.351211547851562,187834000.0
2021-09-03,NVDA,22.280350056785053,22.940027335421902,22.155600060730343,22.797313690185547,280532000.0
2021-09-07,NVDA,22.78733385604332,22.853201839870717,22.476955038166476,22.616676330566406,198107000.0
2021-09-08,NVDA,22.467974756413398,22.56478087939906,21.93304554697287,22.294322967529297,254434000.0
2021-09-09,NVDA,22.26737487326851,22.49292269156831,22.08673712828477,22.132644653320312,196856000.0
2021-09-10,NVDA,22.303301472488585,22.580745324525353,22.225458363061673,22.433042526245117,248376000.0
2021-09-13,NVDA,22.638630171449694,22.91807083396317,21.814282025392032,22.107694625854492,297500000.0
2021-09-14,NVDA,22.230446616492696,22.36517682671795,22.041825464297553,22.197513580322266,199755000.0
2021-09-15,NVDA,22.26438056010112,22.32226511976402,21.92206617131034,22.296316146850586,166538000.0
2021-09-16,NVDA,22.13863157304754,22.232443423321364,21.883143089796683,22.197513580322266,156033000.0
2021-09-17,NVDA,22.255400819525846,22.276358729644986,21.78634147147786,21.856201171875,294503000.0
2021-09-20,NVDA,21.103710938413382,21.390137634350292,20.620679615251635,21.070777893066406,349440000.0
2021-09-21,NVDA,21.374163983004916,21.382147403645494,20.908098967153816,21.203506469726562,204688000.0
2021-09-22,NVDA,21.32326872039302,21.916080624957903,21.1536086323404,21.897119522094727,268726000.0
2021-09-23,NVDA,22.095721430739474,22.48993192398101,21.846221407705706,22.43703842163086,248555000.0
2021-09-24,NVDA,22.025862757110538,22.104705240146348,21.817281093595433,22.036840438842773,217655000.0
2021-09-27,NVDA,21.666579384536945,21.755402086260048,21.282351054358035,21.616680145263672,245215000.0
2021-09-28,NVDA,21.17157167227337,21.376161586195817,20.6096960701366,20.65760040283203,343069000.0
2021-09-29,NVDA,20.89812176717991,20.974967436696247,20.426066262159164,20.475967407226562,218394000.0
2021-09-30,NVDA,20.72646422339066,21.023868566643813,20.646624297322308,20.67456817626953,221009000.0
2021-10-01,NVDA,20.708501076159504,20.81728233562724,20.16259416455059,20.700517654418945,240978000.0
2021-10-04,NVDA,20.462990723640694,20.500914828409346,19.515889363226243,19.692535400390625,345635000.0
2021-10-05,NVDA,19.910099697137067,20.606703614215917,19.814291032214488,20.410097122192383,279282000.0
2021-10-06,NVDA,20.079759955095664,20.678558405952703,20.03983904315381,20.658599853515625,297202000.0
2021-10-07,NVDA,21.049812650649514,21.2793540711074,20.930053730312434,21.032848358154297,256919000.0
2021-10-08,NVDA,21.058797612232954,21.16358715428881,20.733449402440005,20.789337158203125,151258000.0
2021-10-11,NVDA,20.53385318866345,21.020876210710632,20.469980099905914,20.65361213684082,163388000.0
2021-10-12,NVDA,20.786343335849473,21.01488542962795,20.48694409410736,20.629657745361328,162134000.0
2021-10-13,NVDA,20.876165425996223,20.94802193595349,20.671575480999074,20.897123336791992,180652000.0
2021-10-14,NVDA,21.245424730235115,21.711489799763136,21.079756359893576,21.7025089263916,243589000.0
2021-10-15,NVDA,21.766375600496733,21.887133868382755,21.61867281453939,21.81827163696289,226994000.0
2021-10-18,NVDA,21.70550339945593,22.246419237930105,21.60071194866047,22.17755699157715,189494000.0
2021-10-19,NVDA,22.23144661359932,22.334241251071425,21.9929262022478,22.245420455932617,161473000.0
2021-10-20,NVDA,22.260391605716656,22.388135872064105,21.93803763255943,22.058795928955078,146276000.0
2021-10-21,NVDA,22.052806653024465,22.665578987578353,22.038834713601,22.646615982055664,187590000.0
2021-10-22,NVDA,22.777353835554827,23.083739042087227,22.515878704929623,22.6805477142334,249384000.0
2021-10-25,NVDA,22.927052272285216,23.308288220189993,22.724459167024005,23.119667053222656,230235000.0
2021-10-26,NVDA,23.941025377927865,25.208485996676536,23.876154836652052,24.66756820678711,485898000.0
2021-10-27,NVDA,24.425054326417126,25.039821584949518,24.23343697536575,24.402099609375,245990000.0
2021-10-28,NVDA,24.828247177362808,24.900103688342274,24.47395759256533,24.89112091064453,234204000.0
2021-10-29,NVDA,24.951001073852872,25.657585359165097,24.95000362192585,25.515869140625,292503000.0
2021-11-01,NVDA,25.597703250995217,25.84221219536564,25.176546349928994,25.775346755981445,265740000.0
2021-11-02,NVDA,25.77035548395975,26.624642445128146,25.74839822088108,26.348196029663086,294112000.0
2021-11-03,NVDA,26.616658209529835,26.730430521344747,26.182528772964595,26.544801712036133,239910000.0
2021-11-04,NVDA,27.174543161407875,31.302271004149627,27.063765096132737,29.74139976501465,1153631000.0
2021-11-05,NVDA,30.126626726954036,31.337200090334967,29.351180288906395,29.69249725341797,851260000.0
2021-11-08,NVDA,30.08870279475301,31.03780102773412,29.847186211043937,30.742393493652344,503101000.0
2021-11-09,NVDA,32.217439890459154,32.24538377071297,29.904074926394905,30.595687866210938,646746000.0
2021-11-10,NVDA,29.297288898468018,30.788300380706787,28.72044387817383,29.400081634521484,636206000.0
2021-11-11,NVDA,30.407066751750182,30.528822502241727,29.717448713895042,30.329221725463867,332172000.0
2021-11-12,NVDA,29.949982533826823,30.618642661438358,29.570741438655702,30.329221725463867,413054000.0
2021-11-15,NVDA,30.490897004453114,30.582712063187355,29.188506658934788,29.964950561523438,384909000.0
2021-11-16,NVDA,29.699481160435496,30.329217740393364,29.64658576231302,30.14259147644043,264484000.0
2021-11-17,NVDA,30.357160060926805,30.447979558927965,28.742396201116993,29.20247459411621,428508000.0
2021-11-18,NVDA,32.3022717318788,32.69448354066444,31.258362133885633,31.61165428161621,781711000.0
2021-11-19,NVDA,32.178512688057836,33.021823871138935,31.841189356945705,32.919029235839844,533867000.0
2021-11-22,NVDA,33.449964882586336,34.577705968394476,31.83620017907103,31.892087936401367,754335000.0
2021-11-23,NVDA,31.471931920487798,32.295282736128016,30.81824119216291,31.682510375976562,532163000.0
2021-11-24,NVDA,31.398080594044345,32.789291790947665,30.86614561342591,32.6086540222168,435162000.0
2021-11-26,NVDA,32.534801023331475,32.64458164105371,31.287302829236772,31.43999671936035,283069000.0
2021-11-29,NVDA,32.30127517888127,33.34518099885783,31.971933289782967,33.30925369262695,454964000.0
2021-11-30,NVDA,33.10266317583272,33.28629710821385,31.800274678211608,32.61064910888672,622066000.0
2021-12-01,NVDA,33.15662717713092,33.22649543505956,31.32107762284537,31.375974655151367,484368000.0
2021-12-02,NVDA,31.15539502696333,32.417021749810964,30.966748801531466,32.06568145751953,472890000.0
2021-12-03,NVDA,31.939911404270404,32.068670786513344,30.07342199392584,30.635366439819336,544325000.0
2021-12-06,NVDA,29.823887970339566,30.184210114917633,27.985347978050683,29.980594635009766,658938000.0
2021-12-07,NVDA,30.89886355698586,32.3880621631981,30.593436564190252,32.3661003112793,593053000.0
2021-12-08,NVDA,31.93891273407669,32.22936665896323,31.361997083719526,31.766237258911133,475551000.0
2021-12-09,NVDA,31.6744104366792,32.14452858589128,30.37086303414785,30.43274688720703,488507000.0
2021-12-10,NVDA,31.091508456571738,31.246218094408984,29.80492928696764,30.14129638671875,488825000.0
2021-12-13,NVDA,30.192196372667084,30.237111943944775,28.063200578624652,28.108116149902344,598344000.0
2021-12-14,NVDA,27.6469862299254,28.624147955321842,27.198829956001816,28.283788681030273,667035000.0
2021-12-15,NVDA,28.346668550259697,30.442725436475314,27.78572363036975,30.40180206298828,698297000.0
2021-12-16,NVDA,31.0935036779133,31.101488076890632,28.040247806036877,28.333694458007812,707366000.0
2021-12-17,NVDA,27.932452886899153,28.867693746505232,27.707874990959684,27.748798370361328,713758000.0
2021-12-20,NVDA,27.25372618139717,28.09114947961292,27.09402678635236,27.666948318481445,461847000.0
2021-12-21,NVDA,28.320719052629702,29.065318482209555,27.349544702087133,29.020402908325195,524385000.0
2021-12-22,NVDA,28.83675022926519,29.49950295143825,28.39557886127162,29.34479331970215,395184000.0
2021-12-23,NVDA,29.699124872385887,30.002554870487856,29.37573387738273,29.584341049194336,343022000.0
2021-12-27,NVDA,29.604301740217505,31.02862204216632,29.584338841039344,30.88688850402832,403686000.0
2021-12-28,NVDA,31.253205067033612,31.27117091775834,29.95564496237045,30.265064239501953,420591000.0
2021-12-29,NVDA,30.21615258320105,30.490635793883296,29.310854299985547,29.94466209411621,343139000.0
2021-12-30,NVDA,29.77099178250589,30.39980986119026,29.48453194787081,29.530445098876953,308864000.0
2021-12-31,NVDA,29.618276726205597,29.973609113306747,29.275920414532827,29.355770111083984,266530000.0
2022-01-03,NVDA,29.75901272897904,30.653330092823726,29.72906837882745,30.064437866210938,391547000.0
2022-01-04,NVDA,30.220144778217474,30.410786093739684,28.295765774578836,29.23499870300293,527154000.0
2022-01-05,NVDA,28.89463969212421,29.360763730610284,27.481300160033374,27.552165985107422,498064000.0
2022-01-06,NVDA,27.588095999920164,28.38459782174444,27.0141768979601,28.125085830688477,454186000.0
2022-01-07,NVDA,28.088155388661864,28.368627842086806,27.006189469893535,27.195833206176758,409939000.0
2022-01-10,NVDA,26.531084683751956,27.417417654983364,25.595843939583116,27.348546981811523,594681000.0
2022-01-11,NVDA,27.271694808280543,28.012302113287383,26.788604374623805,27.764766693115234,404089000.0
2022-01-12,NVDA,28.01429568316571,28.541304091564665,27.55615795137803,27.94642448425293,383413000.0
2022-01-13,NVDA,28.325704127077852,28.426514282181486,26.44823611542538,26.52509307861328,540171000.0
2022-01-14,NVDA,26.25061424198298,27.14593115848473,26.160783087768532,26.891408920288086,395832000.0
2022-01-18,NVDA,26.210690574821797,26.587981045117512,25.72161089962872,25.854360580444336,424270000.0
2022-01-19,NVDA,26.03002865451013,26.49315614018337,25.00495675510724,25.019927978515625,488315000.0
2022-01-20,NVDA,25.25648873482642,25.53097199964414,24.03278900051695,24.10465431213379,435181000.0
2022-01-21,NVDA,23.462862151649652,24.776391154654792,23.219320815029523,23.33011245727539,718958000.0
2022-01-24,NVDA,22.288072150275717,23.336099863365643,20.848780275344495,23.328115463256836,913982000.0
2022-01-25,NVDA,22.503664876174312,22.899920692891655,21.958690573174344,22.282081604003906,664616000.0
2022-01-26,NVDA,23.19635817285273,24.011823393066905,22.258122833549013,22.729236602783203,755959000.0
2022-01-27,NVDA,23.52374694006863,23.949945203903958,21.63429989022851,21.902795791625977,573353000.0
2022-01-28,NVDA,21.970665297939476,22.815077360782375,21.256010188975853,22.79711151123047,543774000.0
2022-01-31,NVDA,23.138469245849574,24.462979042497025,23.008714190792233,24.440021514892578,564680000.0
2022-02-01,NVDA,25.056862343622143,25.09778572349941,23.845141169237973,24.591737747192383,518925000.0
2022-02-02,NVDA,25.74556650609357,25.768522130396807,24.506895639622556,25.194602966308594,543419000.0
2022-02-03,NVDA,24.412074893833932,25.029912066996005,23.735348490953484,23.903032302856445,410178000.0
2022-02-04,NVDA,23.926984090983428,24.588739177218162,23.58762241066988,24.273332595825195,354829000.0
2022-02-07,NVDA,24.326233838969966,25.134712282580423,24.156552989938934,24.68156623840332,376868000.0
2022-02-08,NVDA,24.313257973169797,25.182622700517584,23.93496994796994,25.06085205078125,410359000.0
2022-02-09,NVDA,25.573883613303288,26.674812904559502,25.305389673007348,26.654850006103516,524282000.0
2022-02-10,NVDA,25.946189220246694,26.874441331249937,25.551930467088578,25.775508880615234,513200000.0
2022-02-11,NVDA,25.867337326872903,26.10289424544427,23.728361635023283,23.904029846191406,605472000.0
2022-02-14,NVDA,23.88905685535075,24.828289834461444,23.71039212787544,24.221431732177734,440424000.0
2022-02-15,NVDA,24.902149348458707,26.495152996985595,24.73746018087607,26.445247650146484,699869000.0
2022-02-16,NVDA,26.209690287916487,26.53208369636032,25.504017197511143,26.46121597290039,732676000.0
2022-02-17,NVDA,25.58187182193536,25.736581452365122,24.11962451189877,24.460981369018555,810595000.0
2022-02-18,NVDA,24.621681158346668,24.939084854514725,23.056626440628,23.59760856628418,761255000.0
2022-02-22,NVDA,22.991747808409354,24.01881501983619,22.956813679025263,23.346080780029297,633422000.0
2022-02-23,NVDA,23.75730501487608,24.10964279655183,22.2591241179569,22.344961166381836,566511000.0
2022-02-24,NVDA,20.975537584713315,23.755307780737613,20.85077230875615,23.703405380249023,735801000.0
2022-02-25,NVDA,23.676460671744685,24.171527737456387,23.33709892420911,24.11164093017578,528866000.0
2022-02-28,NVDA,23.946950705548517,24.6186873458524,23.66248600347598,24.33921241760254,477319000.0
2022-03-01,NVDA,24.24538730545337,24.331226258379807,23.088563252009074,23.43291473388672,412056000.0
2022-03-02,NVDA,23.715437653802923,24.367322548346838,23.375020300092352,24.17864418029785,389642000.0
2022-03-03,NVDA,24.22056647728967,24.284458264860728,23.428921428845516,23.673503875732422,365095000.0
2022-03-04,NVDA,23.34406833240123,23.63956238620593,22.4436082353797,22.896833419799805,431415000.0
2022-03-07,NVDA,22.778030796160177,22.993663402666858,21.29357089740512,21.315532684326172,450821000.0
2022-03-08,NVDA,21.27261263240515,22.334794916725333,20.614737548911382,21.477262496948242,557467000.0
2022-03-09,NVDA,22.348768938523044,23.180346610441433,22.209008625290192,22.974699020385742,492742000.0
2022-03-10,NVDA,22.49252453891631,22.749085636286633,21.84463265164642,22.619308471679688,428066000.0
2022-03-11,NVDA,22.982682144764425,23.1054731808181,22.00834913546275,22.062257766723633,367209000.0
2022-03-14,NVDA,21.831654410079558,22.223982944755804,21.122867770937503,21.293575286865234,385354000.0
2022-03-15,NVDA,21.481250391813667,22.998654935053242,21.285585981092236,22.933765411376953,491996000.0
2022-03-16,NVDA,23.45986707580395,24.55499375860864,23.132428112457045,24.454166412353516,671422000.0
2022-03-17,NVDA,24.07880676643032,24.79957189466833,23.86517155209598,24.723703384399414,471941000.0
2022-03-18,NVDA,24.756652455248965,26.52363042032635,24.581952050830978,26.407827377319336,730719000.0
2022-03-21,NVDA,26.461729542464372,27.105628425316382,25.92265087660935,26.68834114074707,591727000.0
2022-03-22,NVDA,26.681356900710014,27.191485837108747,26.02747667962691,26.47870445251465,547007000.0
2022-03-23,NVDA,26.081381754918112,26.566551830371044,25.531324056699113,25.59022331237793,502120000.0
2022-03-24,NVDA,26.121317474462384,28.271638483214783,25.862758984102292,28.1019287109375,877379000.0
2022-03-25,NVDA,27.838377575117967,28.309571642559767,27.224428065194378,27.64470863342285,579016000.0
2022-03-28,NVDA,27.7086001365783,28.20175598887805,27.159538258056838,28.170808792114258,425494000.0
2022-03-29,NVDA,28.6459943401127,28.89656513363498,27.932215265638384,28.6070613861084,488984000.0
2022-03-30,NVDA,28.255665321691023,28.447336874317333,27.456032617686752,27.64271354675293,463487000.0
2022-03-31,NVDA,27.734554095087923,28.19975787440117,27.223429345785988,27.23940086364746,523440000.0
2022-04-01,NVDA,27.328253597824915,27.449047263880143,26.222145851142127,26.666385650634766,517235000.0
2022-04-04,NVDA,26.682359352370252,27.510941950984133,26.56755595724749,27.31328010559082,397120000.0
2022-04-05,NVDA,27.207457482051094,27.27234701333075,25.775906338753042,25.886716842651367,436615000.0
2022-04-06,NVDA,24.891420684040277,25.256794895732096,23.96201077926556,24.365320205688477,703833000.0
2022-04-07,NVDA,24.399258366527572,24.679778597123818,23.437903683306743,24.166656494140625,557992000.0
2022-04-08,NVDA,23.876156866031682,23.882147137772087,23.022617402591134,23.079519271850586,524781000.0
2022-04-11,NVDA,22.176069474387717,22.281887470108128,21.623014596837645,21.879575729370117,575207000.0
2022-04-12,NVDA,22.49851442665196,22.686193106585748,21.245656512359055,21.46727752685547,662258000.0
2022-04-13,NVDA,21.690897481443102,22.4615785593491,21.41836294565122,22.165084838867188,516943000.0
2022-04-14,NVDA,22.46656303783411,22.73809975534644,21.12685597421614,21.22169303894043,569097000.0
2022-04-18,NVDA,21.163799193343092,22.05028140912136,21.043005526079824,21.745803833007812,525701000.0
2022-04-19,NVDA,21.682907063141688,22.334791782893344,21.27760027107761,22.160091400146484,512781000.0
2022-04-20,NVDA,22.47854473175635,22.63128331015036,21.163794522576847,21.4453125,468974000.0
2022-04-21,NVDA,21.671927949841855,22.353762178727116,19.965846713738475,20.148534774780273,656209000.0
2022-04-22,NVDA,20.26832667198084,20.451014713943,19.466698512825126,19.481672286987305,624713000.0
2022-04-25,NVDA,19.16920986462342,19.91094113029404,19.063391878151013,19.86801528930664,641566000.0
2022-04-26,NVDA,19.684328776556665,19.754208935720314,18.638118068842683,18.755916595458984,653143000.0
2022-04-27,NVDA,18.566240617386796,19.134269205770206,18.258767915415245,18.383554458618164,499460000.0
2022-04-28,NVDA,18.93460792239906,20.00278221585731,18.45842324109603,19.74821662902832,570327000.0
2022-04-29,NVDA,19.368864884757247,20.093624824231693,18.48537609603833,18.51532554626465,500435000.0
2022-05-02,NVDA,18.509335031481665,19.54056985790843,18.359591590505797,19.49964141845703,572049000.0
2022-05-03,NVDA,19.366870601082905,19.791145978966046,19.100326353976588,19.568525314331055,475751000.0
2022-05-04,NVDA,19.888977026520188,20.365161718492175,18.718977614571205,20.299274444580078,648855000.0
2022-05-05,NVDA,19.833068745403253,19.89096834385009,18.468402933575906,18.81181526184082,626331000.0
2022-05-06,NVDA,18.704003108603505,19.47867694269655,17.95927682251405,18.64310646057129,633297000.0
2022-05-09,NVDA,18.003201272373538,18.223822606653048,16.798261899873843,16.921052932739258,644455000.0
2022-05-10,NVDA,17.658792192210925,18.166923764745487,16.995926527237735,17.564952850341797,761474000.0
2022-05-11,NVDA,17.31737521925075,17.722681996660068,16.539706252039686,16.601598739624023,670167000.0
2022-05-12,NVDA,16.191302499421468,16.75933105562915,15.540416452473458,16.147377014160156,708728000.0
2022-05-13,NVDA,16.75933241910468,17.897385111929168,16.56466571155224,17.675764083862305,670437000.0
2022-05-16,NVDA,17.479102434662938,17.757625344440065,17.076790718721913,17.234519958496094,521446000.0
2022-05-17,NVDA,18.043133207106575,18.339626883509194,17.60388599597196,18.145957946777344,585830000.0
2022-05-18,NVDA,17.674771160234716,18.087066128238206,16.83520744389892,16.909080505371094,545161000.0
2022-05-19,NVDA,16.908076154672674,17.65679534404285,16.70542180682351,17.094757080078125,621310000.0
2022-05-20,NVDA,17.302406009045,17.380271939051724,15.728098149838685,16.665494918823242,739105000.0
2022-05-23,NVDA,16.24620764301638,16.88611369799627,16.151370568247856,16.869142532348633,639889000.0
2022-05-24,NVDA,16.481804357923348,16.568655672206447,15.753050560952556,16.12641143798828,588550000.0
2022-05-25,NVDA,15.992641608362012,17.081778009823868,15.972675307246048,16.94601058959961,781132000.0
2022-05-26,NVDA,16.00861372306428,18.06110233287457,15.994637692580088,17.820514678955078,996575000.0
2022-05-27,NVDA,18.154946415427407,18.848759329019614,18.069092827247598,18.778879165649414,738379000.0
2022-05-31,NVDA,18.947588442805205,19.16721397954568,18.31866509689285,18.64011573791504,664100000.0
2022-06-01,NVDA,18.692026701724934,19.020463449679433,18.091053524944282,18.288715362548828,544514000.0
2022-06-02,NVDA,18.260761212282123,19.58549466085243,18.16692188014769,19.55854034423828,648656000.0
2022-06-03,NVDA,19.049411509993853,19.298984547133866,18.490366535854587,18.68802833557129,598779000.0
2022-06-06,NVDA,19.10631744480604,19.303979286674377,18.5322985753373,18.75391960144043,422406000.0
2022-06-07,NVDA,18.4404572598816,18.967555523082233,18.15694182338026,18.8936824798584,388914000.0
2022-06-08,NVDA,18.77086355538955,19.151293835413707,18.50725874187541,18.62009048461914,363252000.0
2022-06-09,NVDA,18.45334292378822,18.90466614225992,18.01400087811486,18.0209903717041,395574000.0
2022-06-10,NVDA,17.573659508927918,17.670514456691603,16.843752654177802,16.948596954345703,465248000.0
2022-06-13,NVDA,15.976053248755155,16.28758656135301,15.582642884178728,15.623581886291504,604153000.0
2022-06-14,NVDA,15.707455432559659,16.04195407771658,15.38893263459224,15.812298774719238,469680000.0
2022-06-15,NVDA,16.070913211563653,16.84275713625999,15.902166446957503,16.502267837524414,563936000.0
2022-06-16,NVDA,15.836262253901836,15.918140257165103,15.377949597377393,15.57765007019043,545749000.0
2022-06-17,NVDA,15.62457858553492,15.971059334411734,15.305057850955519,15.856231689453125,630334000.0
2022-06-21,NVDA,16.45034484868398,16.982546231843454,16.382445821281802,16.541208267211914,483089000.0
2022-06-22,NVDA,16.201715745427563,16.637064043706904,16.155785062066073,16.33551597595215,437135000.0
2022-06-23,NVDA,16.49427470172325,16.56017590264097,15.82927210712029,16.200716018676758,463680000.0
2022-06-24,NVDA,16.47530225117486,17.114343668449127,16.28558611623644,17.100364685058594,472153000.0
2022-06-27,NVDA,17.286091625722822,17.304064337006075,16.601117451137988,16.843753814697266,427968000.0
2022-06-28,NVDA,16.87470761825765,17.176255700400137,15.921136916970289,15.95808219909668,461149000.0
2022-06-29,NVDA,15.790330027066888,15.79632061215339,15.147293901018825,15.518736839294434,482352000.0
2022-06-30,NVDA,15.338008857282157,15.543700859358433,14.83975612716513,15.136311531066895,686070000.0
2022-07-01,NVDA,14.876700295756732,15.040454389186225,14.370459171454637,14.501262664794922,577610000.0
2022-07-05,NVDA,14.153784970740077,14.948593153459884,14.033964684753286,14.941603660583496,651397000.0
2022-07-06,NVDA,14.987534835476383,15.296072371934425,14.766864934705913,15.107355117797852,529066000.0
2022-07-07,NVDA,15.432866034375019,15.92113347471678,15.365965930384968,15.834263801574707,492903000.0
2022-07-08,NVDA,15.406907353749817,16.012999251730946,15.365968349784286,15.81429672241211,467972000.0
2022-07-11,NVDA,15.502761873163315,15.503760780191186,15.015492358677458,15.129322052001953,437321000.0
2022-07-12,NVDA,15.245147788988149,15.407903930924364,14.854733210647337,15.059426307678223,458483000.0
2022-07-13,NVDA,14.568163700340016,15.351988660054843,14.443350784404611,15.141304016113281,521918000.0
2022-07-14,NVDA,15.08538660224111,15.449840052687335,14.705955260534548,15.348991394042969,456235000.0
2022-07-15,NVDA,15.63556256771924,15.7583776582345,15.42188217437437,15.738408088684082,385935000.0
2022-07-18,NVDA,16.277599846502987,16.871708588039752,15.978049636625952,16.076900482177734,670517000.0
2022-07-19,NVDA,16.461326675528067,17.084393329050897,16.147797439008336,16.966569900512695,702366000.0
2022-07-20,NVDA,16.921636264091354,17.90616059839603,16.775854870810626,17.78034782409668,760538000.0
2022-07-21,NVDA,17.858235278993707,18.116846557351806,17.518743937528516,18.022987365722656,557049000.0
2022-07-22,NVDA,17.866219692118694,17.94010834416642,17.111350658354734,17.293079376220703,536671000.0
2022-07-25,NVDA,16.99352822136467,17.098372524272847,16.624083035192836,16.99852180480957,480748000.0
2022-07-26,NVDA,16.863726997863147,16.893682791052008,16.45334272499636,16.50826072692871,397865000.0
2022-07-27,NVDA,17.00650751415031,17.90915571659671,16.887686141429516,17.76337432861328,569776000.0
2022-07-28,NVDA,17.948097346099534,18.1128494016185,17.413898228562946,17.957082748413086,474646000.0
2022-07-29,NVDA,17.78633814776451,18.21669280545941,17.66551896482929,18.135814666748047,435460000.0
2022-08-01,NVDA,18.154785619332486,18.817793251673763,17.96307355568242,18.41339874267578,476469000.0
2022-08-02,NVDA,18.09487726327631,18.90965597324655,18.064921477467074,18.498271942138672,489527000.0
2022-08-03,NVDA,18.15678654069037,18.939613632599258,18.10985599539617,18.86472511291504,418146000.0
2022-08-04,NVDA,18.820787846440595,19.24515094690345,18.731920360313563,19.18623924255371,409652000.0
2022-08-05,NVDA,18.781847869240536,19.200221406229684,18.63806428278374,18.960580825805664,386068000.0
2022-08-08,NVDA,17.475804062122087,18.211700443423968,17.21619299789547,17.766366958618164,981859000.0
2022-08-09,NVDA,17.226178614679633,17.4208864407512,16.69896902858045,17.060426712036133,668263000.0
2022-08-10,NVDA,17.67151089037589,18.09088234146553,17.291080625113878,18.069913864135742,597422000.0
2022-08-11,NVDA,18.10386022700858,18.67899822600355,17.84924086995161,17.915142059326172,509327000.0
2022-08-12,NVDA,18.13281789948401,18.689983246965728,17.926127006444133,18.68099594116211,478094000.0
2022-08-15,NVDA,18.673011261133464,19.135317654548857,18.585143621952405,19.003515243530273,457666000.0
2022-08-16,NVDA,18.891683249998234,19.11335111314313,18.473309726284572,18.850744247436523,451240000.0
2022-08-17,NVDA,18.495276393362314,18.660028439075308,18.117841906309852,18.30755615234375,446799000.0
2022-08-18,NVDA,18.27360615618604,18.83676109198037,18.155782757793588,18.74489974975586,415447000.0
2022-08-19,NVDA,18.378456093978553,18.49228581625249,17.743408169417698,17.822290420532227,441588000.0
2022-08-22,NVDA,17.463823686257303,17.531722707583775,16.94060775357587,17.008506774902344,409593000.0
2022-08-23,NVDA,16.96357469855967,17.43886215261442,16.944602128257042,17.15528678894043,369986000.0
2022-08-24,NVDA,16.98653564207085,17.379946910113844,16.86971209270248,17.19622230529785,522661000.0
2022-08-25,NVDA,16.818790101485074,17.920139924082378,16.807806884713354,17.88619041442871,770691000.0
2022-08-26,NVDA,17.83027430691893,17.897173466271262,16.212698075005477,16.23566436767578,769127000.0
2022-08-29,NVDA,15.996023465490442,16.313546405492897,15.743401869330192,15.777350425720215,496132000.0
2022-08-30,NVDA,15.936114218575517,16.01499550682962,15.159278699334202,15.44485092163086,530181000.0
2022-08-31,NVDA,15.360973210992581,15.516739848912291,14.936609156194693,15.071407318115234,573710000.0
2022-09-01,NVDA,14.18773475449995,14.358479319557945,13.250140864183996,13.916142463684082,1178865000.0
2022-09-02,NVDA,14.078898539427627,14.149791428714654,13.57065952390529,13.62657642364502,743157000.0
2022-09-06,NVDA,13.710449751958874,13.758378249021042,13.331018356208773,13.44484806060791,535751000.0
2022-09-07,NVDA,13.54672431921064,13.821394894652745,13.329984708493885,13.697543144226074,512657000.0
2022-09-08,NVDA,13.442849287095138,13.991191244731048,13.352958084191979,13.973212242126465,624873000.0
2022-09-09,NVDA,14.140011221915126,14.456631211295393,14.109049237207573,14.369735717773438,486612000.0
2022-09-12,NVDA,14.3517581199462,14.529544023025807,14.18096283409226,14.487594604492188,484159000.0
2022-09-13,NVDA,13.785439270824538,13.90529517065022,13.083282719468324,13.115243911743164,714956000.0
2022-09-14,NVDA,13.238093800483416,13.274050848936493,12.897503425292644,13.112245559692383,588507000.0
2022-09-15,NVDA,12.999383731864688,13.217121614092488,12.774653326840804,12.91348648071289,523625000.0
2022-09-16,NVDA,12.726708238855368,13.196144469129576,12.6018582485453,13.182161331176758,670751000.0
2022-09-19,NVDA,12.99638517640073,13.44684417218002,12.994387721263264,13.365941047668457,569685000.0
2022-09-20,NVDA,13.19914238617269,13.466820440382488,13.041331990997975,13.160188674926758,524818000.0
2022-09-21,NVDA,13.197144886473634,14.014163138166957,13.09426784489799,13.245086669921875,807679000.0
2022-09-22,NVDA,13.054317080071293,13.133222760896917,12.413088166449539,12.545928001403809,759162000.0
2022-09-23,NVDA,12.405095860810974,12.595866642258116,12.242291356954421,12.500980377197266,663309000.0
2022-09-26,NVDA,12.476010375556603,12.643808988477637,12.19934236212235,12.213325500488281,547343000.0
2022-09-27,NVDA,12.49199173171832,12.720717026131021,12.243290932361806,12.398104667663574,553854000.0
2022-09-28,NVDA,12.39510747291623,12.807611967130406,12.339174918454615,12.72071647644043,542414000.0
2022-09-29,NVDA,12.433063635450415,12.485001286523794,11.93166612856818,12.205337524414062,532763000.0
2022-09-30,NVDA,12.072494920524539,12.617840174725137,12.06050923727058,12.124432563781738,565638000.0
2022-10-03,NVDA,12.332184417959828,12.66278756428956,12.090474225179374,12.496986389160156,547478000.0
2022-10-04,NVDA,12.863544835805731,13.204136190107327,12.863544835805731,13.151199340820312,584182000.0
2022-10-05,NVDA,12.895507767366093,13.305015637695266,12.605855789387167,13.19314956665039,507131000.0
2022-10-06,NVDA,13.204137576052528,13.639614289691051,13.087277385326294,13.114245414733887,644157000.0
2022-10-07,NVDA,12.489993249996681,12.654795200491199,12.007573081506354,12.061508178710938,672478000.0
2022-10-10,NVDA,12.022554573324271,12.109450061368408,11.394309701013055,11.65599536895752,698699000.0
2022-10-11,NVDA,11.547127205645026,11.831785066433634,11.269460914699508,11.572097778320312,667482000.0
2022-10-12,NVDA,11.565106967607235,11.720918969690699,11.331387535687021,11.486201286315918,492590000.0
2022-10-13,NVDA,10.957832910845143,12.063504699205184,10.800022541611726,11.945646286010742,850103000.0
2022-10-14,NVDA,12.04253056747167,12.09646566306745,11.190554564271359,11.213526725769043,713432000.0
2022-10-17,NVDA,11.504179495701797,11.933663854503429,11.503181244233529,11.873735427856445,580774000.0
2022-10-18,NVDA,12.32918900154751,12.477011188564495,11.604060255169404,11.952641487121582,659362000.0
2022-10-19,NVDA,11.864746477327648,12.335182010035938,11.81980039518953,12.036540031433105,523131000.0
2022-10-20,NVDA,12.098463940273094,12.753676857079665,12.090473167129646,12.179367065429688,652398000.0
2022-10-21,NVDA,12.08348184147233,12.483002408632712,11.872735554326965,12.451040267944336,609494000.0
2022-10-24,NVDA,12.49298907940194,12.694746316754093,12.049521695686348,12.583879470825195,517457000.0
2022-10-25,NVDA,12.678767625696967,13.284040381036611,12.648802939445655,13.245086669921875,505482000.0
2022-10-26,NVDA,12.853557561264791,13.37193385912893,12.692750510711289,12.880524635314941,532953000.0
2022-10-27,NVDA,13.613644355412672,13.821394941977852,13.106253573034632,13.160188674926758,583113000.0
2022-10-28,NVDA,13.08827366541225,13.833378662412715,13.045325049761063,13.817397117614746,521040000.0
2022-10-31,NVDA,13.761465456417449,13.821393871952449,13.281042738443825,13.480802536010742,486341000.0
2022-11-01,NVDA,13.794426707412695,13.908290227767797,13.502777289517077,13.526748657226562,432817000.0
2022-11-02,NVDA,13.833380731930072,14.192948398140635,13.195147576701615,13.203137397766113,672628000.0
2022-11-03,NVDA,13.027349108120536,13.76446345186093,12.94045361155459,13.404894828796387,500065000.0
2022-11-04,NVDA,13.969217209960792,14.211925646505437,13.680563492193205,14.139013290405273,612576000.0
2022-11-07,NVDA,14.210925918682676,14.39470513173906,13.937255506819714,14.283838272094727,410061000.0
2022-11-08,NVDA,14.78323899130467,14.87313114705052,14.198940931486579,14.584478378295898,595292000.0
2022-11-09,NVDA,14.145005518105632,14.193947458013763,13.742489233902935,13.759469032287598,454414000.0
2022-11-10,NVDA,14.782242060235669,15.75407415642431,14.52954536918523,15.731101989746094,700819000.0
2022-11-11,NVDA,15.78803371742249,16.369335168505195,15.463423867683403,16.307409286499023,655487000.0
2022-11-14,NVDA,16.198540572389145,16.520154710286672,15.90289526017533,16.275447845458984,527852000.0
2022-11-15,NVDA,16.701930546617298,16.977598364539208,16.36233845877445,16.645998001098633,545876000.0
2022-11-16,NVDA,16.142605686473132,16.342364536397717,15.853951986089296,15.890907287597656,649547000.0
2022-11-17,NVDA,15.696143329414706,16.246482765061785,15.516359011123614,15.658188819885254,710894000.0
2022-11-18,NVDA,15.946838436938963,15.982796436501873,15.101854023104247,15.390507698059082,492072000.0
2022-11-21,NVDA,15.128824145184344,15.458428074052856,15.061904155522589,15.298620223999023,404739000.0
2022-11-22,NVDA,15.309605078065967,16.03872950715778,15.103851969083491,16.018753051757812,472866000.0
2022-11-23,NVDA,16.07868170486478,16.507167751178848,16.028742467722342,16.499176025390625,427241000.0
2022-11-25,NVDA,16.298419573569657,16.467215497315987,16.152594861603074,16.250476837158203,167934000.0
2022-11-28,NVDA,16.00676687994452,16.33737093968926,15.70612940922701,15.808006286621094,303741000.0
2022-11-29,NVDA,15.808008631345784,15.912883135727961,15.501377797341771,15.620234489440918,298384000.0
2022-11-30,NVDA,15.682175681304692,16.91401202037875,15.582270690561987,16.907018661499023,565298000.0
2022-12-01,NVDA,16.982943254427457,17.24869083164511,16.619286769530035,17.11881446838379,470977000.0
2022-12-02,NVDA,16.643265644067263,16.917007013380566,16.429467070023797,16.86005973815918,371389000.0
2022-12-05,NVDA,16.663249657372322,16.97895122027802,16.456444410841286,16.594314575195312,352255000.0
2022-12-06,NVDA,16.514387318092638,16.557345970825978,15.804058449180554,15.97189998626709,352694000.0
2022-12-07,NVDA,15.757102657258699,16.170712118663413,15.652201340982169,16.104774475097656,372388000.0
2022-12-08,NVDA,16.257634334812423,17.16277894802757,15.943929758566341,17.152788162231445,515456000.0
2022-12-09,NVDA,17.14379362368255,17.56639446997388,16.958968874684317,16.984943389892578,465338000.0
2022-12-12,NVDA,17.020911352868033,17.52143767261398,16.781138231333195,17.51844024658203,457328000.0
2022-12-13,NVDA,18.513497752855358,18.772253906847382,17.694272541319727,18.054931640625,656589000.0
2022-12-14,NVDA,17.970012708973496,18.23476374050765,17.40354874404559,17.65730857849121,496888000.0
2022-12-15,NVDA,17.129804471678664,17.303639904704802,16.684226599412334,16.93598747253418,478542000.0
2022-12-16,NVDA,16.848073812047673,17.02490669744335,16.39450210101548,16.555349349975586,478232000.0
2022-12-19,NVDA,16.556351785197375,16.593315596553243,16.129754949850987,16.238651275634766,354039000.0
2022-12-20,NVDA,16.04882697825247,16.29459492471564,15.837028268444671,16.069807052612305,403260000.0
2022-12-21,NVDA,16.098782752226374,16.611298778563597,16.086793048040942,16.485416412353516,325025000.0
2022-12-22,NVDA,16.07879851851709,16.122757584002017,14.867943401496623,15.324511528015137,565045000.0
2022-12-23,NVDA,15.181650068510809,15.324514678776321,14.868945918032756,15.191640853881836,349326000.0
2022-12-27,NVDA,15.059764142824474,15.085739610722163,14.042724962145323,14.107664108276367,464902000.0
2022-12-28,NVDA,13.913845023720008,14.248528630986229,13.87088541917304,14.02274227142334,351066000.0
2022-12-29,NVDA,14.388399166814343,14.669132974621009,14.213564246396047,14.589208602905273,354923000.0
2022-12-30,NVDA,14.320462493891805,14.615183969836613,14.21955804675958,14.600198745727539,310490000.0
2023-01-03,NVDA,14.836973349478153,14.981836857108386,14.082686318071687,14.30147933959961,401277000.0
2023-01-04,NVDA,14.55324290716645,14.838972099538859,14.227550577248294,14.73507022857666,431324000.0
2023-01-05,NVDA,14.477314173223293,14.550245182755335,14.134637707433926,14.251527786254883,389168000.0
2023-01-06,NVDA,14.460330266141224,14.995824302039097,14.020746235509238,14.844966888427734,405044000.0
2023-01-09,NVDA,15.26956434067943,16.040834530369764,15.126698804998767,15.613239288330078,504231000.0
2023-01-10,NVDA,15.49235542656155,15.94692565619881,15.45738863240079,15.893976211547852,384101000.0
2023-01-11,NVDA,15.825038394779204,16.012860543963704,15.548299609784715,15.985885620117188,353285000.0
2023-01-12,NVDA,16.084794083982377,16.621285642542368,15.477367579612611,16.495405197143555,551409000.0
2023-01-13,NVDA,16.26262754145093,16.906020377978866,16.149735291057727,16.883041381835938,447287000.0
2023-01-17,NVDA,16.88304243708615,17.711260084721463,16.88304243708615,17.685283660888672,511102000.0
2023-01-18,NVDA,17.650313175213793,17.856117981324587,17.26567658254257,17.36058807373047,439624000.0
2023-01-19,NVDA,17.019910464206095,17.180759619770345,16.7152001075131,16.74916648864746,452932000.0
2023-01-20,NVDA,16.994935873343884,17.839139143537217,16.809112598985287,17.822154998779297,564967000.0
2023-01-23,NVDA,18.046939851336912,19.226826197242588,17.801173785335894,19.174875259399414,655163000.0
2023-01-24,NVDA,18.809222848182134,19.476593283518444,18.802229488205878,19.246809005737305,496204000.0
2023-01-25,NVDA,18.89513781742045,19.351706937761307,18.562452134690616,19.304750442504883,449537000.0
2023-01-26,NVDA,19.682395944917253,20.146956983364078,19.25979506162847,19.783300399780273,489535000.0
2023-01-27,NVDA,19.443619026904443,20.608518165238692,19.38667365320494,20.345766067504883,542142000.0
2023-01-30,NVDA,19.9311576524384,20.120976822256097,19.131912122534917,19.143901824951172,488611000.0
2023-01-31,NVDA,19.15189874180035,19.668410761057327,18.932107163508118,19.518552780151367,498017000.0
2023-02-01,NVDA,19.67240320696615,21.171985068230896,19.592478837615094,20.923221588134766,660477000.0
2023-02-02,NVDA,20.980163802319638,21.928266800569993,20.680447938791012,21.688493728637695,564276000.0
2023-02-03,NVDA,20.980166467238757,21.724463687493483,20.769365304933352,21.0800724029541,429366000.0
2023-02-06,NVDA,20.78634860687831,21.54962695222601,20.766367039433767,21.069082260131836,452197000.0
2023-02-07,NVDA,21.36180439165593,22.237976861670433,21.13002316806091,22.152057647705078,664150000.0
2023-02-08,NVDA,22.365855944634315,22.85639335249941,21.987214177175577,22.18402862548828,559651000.0
2023-02-09,NVDA,22.584649646952737,22.99825818396335,22.099108610512882,22.315902709960938,523876000.0
2023-02-10,NVDA,21.669512802115033,22.05714489108248,20.791343369117982,21.24491310119629,550737000.0
2023-02-13,NVDA,21.51765784303239,22.027176385632682,20.94220165152023,21.76742172241211,474919000.0
2023-02-14,NVDA,21.557622296450752,23.02723385323085,21.34582260177609,22.949308395385742,675474000.0
2023-02-15,NVDA,22.52770321112583,22.8334139631762,22.08512271870245,22.74250030517578,420575000.0
2023-02-16,NVDA,22.11209513056643,22.52870109732028,21.906290319529802,21.981220245361328,412026000.0
2023-02-17,NVDA,21.6105702785936,21.719466582327403,20.95518972612229,21.367799758911133,465888000.0
2023-02-21,NVDA,20.98016579111472,21.47369869665402,20.59852661530796,20.6354923248291,410015000.0
2023-02-22,NVDA,20.687445203336978,21.084069639386776,20.401714095187934,20.734399795532227,513184000.0
2023-02-23,NVDA,23.417863675966604,23.865440536709627,23.003254689456554,23.641651153564453,1117995000.0
2023-02-24,NVDA,23.203066260241904,23.451831648820107,22.925328930554357,23.264007568359375,589716000.0
2023-02-27,NVDA,23.64764464547648,23.857445393658914,23.431849045761055,23.478803634643555,452994000.0
2023-02-28,NVDA,23.349925522833068,23.80249869803318,23.184081939450895,23.194072723388672,455963000.0
2023-03-01,NVDA,23.170096195793,23.23403683456975,22.48674217124683,22.676563262939453,460026000.0
2023-03-02,NVDA,22.466760694671414,23.35791648305723,22.410811925677443,23.29197883605957,389415000.0
2023-03-03,NVDA,23.297974121151398,23.877426239059123,23.108153041245387,23.867435455322266,412393000.0
2023-03-06,NVDA,23.868438998083167,24.225100305977033,23.464819285474714,23.531757354736328,437429000.0
2023-03-07,NVDA,23.58171705881991,24.106309951195037,23.222994023470914,23.26995849609375,515154000.0
2023-03-08,NVDA,23.468803202924352,24.181252063835192,23.405852285965068,24.16226577758789,513573000.0
2023-03-09,NVDA,24.156272645113965,24.435057759360745,23.364886332164037,23.4178466796875,501257000.0
2023-03-10,NVDA,23.390862722726986,23.608694224451664,22.70839135809084,22.947206497192383,474866000.0
2023-03-13,NVDA,22.734372955848883,23.279949451928704,22.279725558137223,22.948205947875977,421890000.0
2023-03-14,NVDA,23.477795275750477,24.20023465879967,23.44182196451992,24.044355392456055,474910000.0
2023-03-15,NVDA,23.742589391877125,24.267182234844768,23.341901021216625,24.209228515625,524486000.0
2023-03-16,NVDA,24.00838291285319,25.568172276922425,23.875484642486136,25.521209716796875,583253000.0
2023-03-17,NVDA,25.961871359937923,26.37854811527238,25.648113542090044,25.70507049560547,848547000.0
2023-03-20,NVDA,25.595155259242034,26.003838794237083,25.11053038968524,25.879934310913086,432747000.0
2023-03-21,NVDA,26.159717020816753,26.371552664422822,25.361336269568945,26.178701400756836,547408000.0
2023-03-22,NVDA,26.40452283828027,27.567622333062975,26.21666879155561,26.447490692138672,797295000.0
2023-03-23,NVDA,27.093991987859635,27.477695255263573,26.66932202581043,27.169933319091797,564889000.0
2023-03-24,NVDA,27.010056750841535,27.145951059024593,26.334579915197427,26.758251190185547,454920000.0
2023-03-27,NVDA,26.81620731669709,26.979081135465893,26.34457288746432,26.51044464111328,361026000.0
2023-03-28,NVDA,26.4265078898829,26.49245673414833,25.82997035686321,26.389535903930664,356104000.0
2023-03-29,NVDA,26.80421939827036,27.057021752152824,26.576395389808596,26.96309471130371,393694000.0
2023-03-30,NVDA,27.207902069655145,27.47769332122134,27.0809996657957,27.36178207397461,364516000.0
2023-03-31,NVDA,27.11897043676594,27.81243294698016,27.083997708372205,27.755477905273438,433933000.0
2023-04-03,NVDA,27.487686609279088,27.97830540140123,27.314820315472883,27.94333267211914,398716000.0
2023-04-04,NVDA,27.944335261376853,27.978309319114103,27.28584537062366,27.431732177734375,368592000.0
2023-04-05,NVDA,26.808212517227776,26.977080289952106,26.374548778869844,26.860172271728516,515015000.0
2023-04-06,NVDA,26.563402211324938,27.05901819761364,26.406524267417176,27.01605224609375,397654000.0
2023-04-10,NVDA,26.802219526744395,27.599601632257215,26.648339505139486,27.557634353637695,395279000.0
2023-04-11,NVDA,27.702519492015778,27.768468337867095,27.10498136250291,27.14794921875,314378000.0
2023-04-12,NVDA,27.348798021164146,27.446721676232695,26.427511385932426,26.474475860595703,446259000.0
2023-04-13,NVDA,26.71328720589751,26.866168547855672,26.308602197594585,26.44249725341797,353615000.0
2023-04-14,NVDA,26.48346363683986,26.86216968687569,26.199683291915306,26.737266540527344,395660000.0
2023-04-17,NVDA,26.544419300210514,26.985077620218803,26.412521597702874,26.981081008911133,321471000.0
2023-04-18,NVDA,27.511669976648836,28.08822261514071,27.335805736591062,27.645565032958984,604812000.0
2023-04-19,NVDA,27.339800915924755,27.97830576142074,27.210901154073433,27.909358978271484,358660000.0
2023-04-20,NVDA,27.649560313033174,28.00828332218978,26.979080669784498,27.08300018310547,427713000.0
2023-04-21,NVDA,26.93111770046531,27.16193962505463,26.701296358072568,27.09798812866211,345103000.0
2023-04-24,NVDA,26.992072637622144,27.344797891534892,26.650336635594115,27.02104949951172,339282000.0
2023-04-25,NVDA,27.05701824520363,27.22588792391112,26.20468044143942,26.220666885375977,378527000.0
2023-04-26,NVDA,26.981081609948404,27.30882661492914,26.684310819759823,26.935115814208984,406337000.0
2023-04-27,NVDA,27.341801359540217,27.473699061924297,26.60437225664509,27.204906463623047,377161000.0
2023-04-28,NVDA,27.203906737499796,27.736492814146462,27.050024820075873,27.727500915527344,292216000.0
2023-05-01,NVDA,27.818431138842723,29.035487906164658,27.75847815742974,28.887601852416992,570329000.0
2023-05-02,NVDA,28.657779853563685,28.81365912640652,28.06124227027244,28.188142776489258,402730000.0
2023-05-03,NVDA,27.818431023773723,28.345023155759826,27.450716102452205,27.780460357666016,383387000.0
2023-05-04,NVDA,27.62957543882547,27.83741446612487,27.2188945775801,27.540645599365234,321850000.0
2023-05-05,NVDA,27.804439411333636,28.732718529451365,27.709513707603133,28.657777786254883,361494000.0
2023-05-08,NVDA,28.499901765349517,29.19736093983139,28.328036044950306,29.128414154052734,344979000.0
2023-05-09,NVDA,28.87661127506704,28.950553350491152,28.42795972300857,28.548864364624023,314869000.0
2023-05-10,NVDA,28.98252535370124,29.090443380229463,28.43894813940752,28.862619400024414,369350000.0
2023-05-11,NVDA,28.873613037762063,28.92757205566267,28.22411699956995,28.555858612060547,322149000.0
2023-05-12,NVDA,28.506895497489484,28.757702383519174,28.02426991669217,28.318042755126953,274222000.0
2023-05-15,NVDA,28.48590811557723,28.946551321467897,28.130184991969287,28.93056297302246,293926000.0
2023-05-16,NVDA,28.81865520899866,29.8468592323244,28.809663309971146,29.190366744995117,449405000.0
2023-05-17,NVDA,29.561079553170053,30.17560285577452,29.407199534895835,30.154619216918945,432535000.0
2023-05-18,NVDA,30.386436686249557,31.803337218364412,30.29650627019934,31.653453826904297,748725000.0
2023-05-19,NVDA,31.51156522552532,31.555531759478416,30.892046668425955,31.239776611328125,473908000.0
2023-05-22,NVDA,30.877061253928588,31.495583125914308,30.656233689131668,31.1518497467041,372000000.0
2023-05-23,NVDA,30.97598510816161,31.26376210879847,30.607271481238808,30.664226531982422,356253000.0
2023-05-24,NVDA,30.18658878418791,30.583282406869213,29.782902522303672,30.51433563232422,721419000.0
2023-05-25,NVDA,38.49315152397772,39.44941078052054,36.606613842123146,37.9505729675293,1543911000.0
2023-05-26,NVDA,37.860647004196835,39.139654202122564,37.52091024078005,38.915828704833984,714397000.0
2023-05-30,NVDA,40.56354787392991,41.90550581208473,39.91804849161949,40.07992172241211,923401000.0
2023-05-31,NVDA,39.45740538202882,40.26377936076244,37.792695760283166,37.8046875,1002580000.0
2023-06-01,NVDA,38.45917954356359,40.01897100169826,38.31029671760196,39.73918914794922,635873000.0
2023-06-02,NVDA,40.06593169963198,40.46861932052468,39.02773528594731,39.29652786254883,482731000.0
2023-06-05,NVDA,38.87885745313366,39.534347478908344,38.677014278698906,39.140655517578125,396094000.0
2023-06-06,NVDA,38.79992010783334,39.12966247370084,38.11844543645541,38.624053955078125,388729000.0
2023-06-07,NVDA,38.88886835389723,39.47247581484644,37.33091334669172,37.449832916259766,511998000.0
2023-06-08,NVDA,37.6986782072465,38.83791241516049,37.479827246068986,38.48414993286133,417772000.0
2023-06-09,NVDA,39.010787982924306,39.68433522296949,38.541106149128304,38.74396896362305,427717000.0
2023-06-12,NVDA,39.173681765722975,39.50345822042976,38.59207179032555,39.45549011230469,388701000.0
2023-06-13,NVDA,40.15902373494629,41.07341040519784,39.71332399118058,40.99446105957031,613208000.0
2023-06-14,NVDA,40.79659070865138,42.97112835789962,40.524770166876394,42.96813201904297,740465000.0
2023-06-15,NVDA,42.57340611825495,43.259945268512396,42.1187096909307,42.62437057495117,568622000.0
2023-06-16,NVDA,43.420828202870155,43.69164616054712,42.63235647777839,42.66333770751953,655709000.0
2023-06-20,NVDA,42.969137333828364,43.96047200197597,42.645353517675446,43.77859115600586,451153000.0
2023-06-21,NVDA,43.471793147749,43.58571883513906,42.0517495771643,43.01609802246094,551603000.0
2023-06-22,NVDA,42.22463174963578,43.39684459011098,42.205647311041446,42.996116638183594,417737000.0
2023-06-23,NVDA,42.43549010660813,42.78025587920079,41.986790256637725,42.180660247802734,358140000.0
2023-06-26,NVDA,42.43248772308976,42.73528567393262,40.07307297637483,40.60471725463867,594322000.0
2023-06-27,NVDA,40.77160853354225,41.91184134069005,40.42084625845822,41.84788513183594,462175000.0
2023-06-28,NVDA,40.63271104171227,41.81691710579642,40.49080805231464,41.08940505981445,582639000.0
2023-06-29,NVDA,41.53009589413119,41.57206751161818,40.57273892901067,40.79458999633789,380514000.0
2023-06-30,NVDA,41.65201747661018,42.521432314666136,41.47313679846607,42.273597717285156,501148000.0
2023-07-03,NVDA,42.48845557277733,42.86920031645341,42.17366841247964,42.384525299072266,198209000.0
2023-07-05,NVDA,42.10671625069973,43.14801665110432,42.0567505743849,42.288597106933594,323618000.0
2023-07-06,NVDA,41.815908748676975,42.15068292310203,41.31824199558715,42.07473373413086,303582000.0
2023-07-07,NVDA,42.293589971356404,43.184993321008285,42.151686996637515,42.47446823120117,355881000.0
2023-07-10,NVDA,42.628364774631706,42.782260719612495,41.62103823775749,42.15168380737305,353908000.0
2023-07-11,NVDA,42.45247888360537,42.72929334341537,42.03875917556284,42.376529693603516,298244000.0
2023-07-12,NVDA,43.00410823370412,43.90550305041173,42.748279595768494,43.87252426147461,481277000.0
2023-07-13,NVDA,44.48811997217406,46.12401840203169,44.462136448110414,45.94614028930664,478204000.0
2023-07-14,NVDA,46.55172319456043,48.05571376740953,45.029746964144934,45.438472747802734,772075000.0
2023-07-17,NVDA,46.25792035935908,46.46477828741377,45.231609519436155,46.42980194091797,510488000.0
2023-07-18,NVDA,46.66964182092465,47.863839107459256,45.70329207931694,47.46210861206055,569164000.0
2023-07-19,NVDA,47.432128432897464,47.78589081195273,46.710613136837885,47.045387268066406,427502000.0
2023-07-20,NVDA,46.47577391693099,47.05538631913264,45.03174443382623,45.489437103271484,537865000.0
2023-07-21,NVDA,45.757254315991084,45.83520487140858,44.07038798081477,44.27924728393555,963769000.0
2023-07-24,NVDA,44.70096991726032,45.07871832138468,44.01043572473537,44.58205032348633,382516000.0
2023-07-25,NVDA,44.91082348626947,46.151986236123314,44.89283401812762,45.6483268737793,348081000.0
2023-07-26,NVDA,45.990100289718285,46.022080298497244,44.60003539984157,45.42148208618164,364237000.0
2023-07-27,NVDA,46.487766448987706,47.36317772161204,45.719281777299805,45.86918258666992,455976000.0
2023-07-28,NVDA,46.63666318467305,46.9954232864367,46.34985714646045,46.71860885620117,331194000.0
2023-07-31,NVDA,46.722612762047206,47.09835978102498,46.474778161903316,46.697628021240234,251055000.0
2023-08-01,NVDA,46.42880353138704,46.86851053327996,45.996095610984916,46.475772857666016,237858000.0
2023-08-02,NVDA,45.80023626472473,45.8092290948943,43.357876606802805,44.23928451538086,530142000.0
2023-08-03,NVDA,43.77059114765512,45.08770701221157,43.77059114765512,44.485111236572266,324176000.0
2023-08-04,NVDA,44.95480089030669,45.61135750960015,44.363199262281455,44.65000534057617,362666000.0
2023-08-07,NVDA,45.08071083089327,45.50942363800022,44.53307844333369,45.386505126953125,322154000.0
2023-08-08,NVDA,44.822886411936246,45.21162517699858,44.0264206319756,44.63401412963867,353843000.0
2023-08-09,NVDA,44.24427131811032,44.282247816533705,42.10570879075274,42.525428771972656,586449000.0
2023-08-10,NVDA,42.13169148232309,43.54474351477006,41.80690894140178,42.35953903198242,492705000.0
2023-08-11,NVDA,41.72296245833929,41.98978526448828,40.61170968615269,40.82756423950195,533085000.0
2023-08-14,NVDA,40.45882016103964,43.770594514507756,40.28393840809102,43.72362518310547,690286000.0
2023-08-15,NVDA,44.53008994992027,45.23761487960179,43.680658235104225,43.91050338745117,676512000.0
2023-08-16,NVDA,44.490108508672876,44.645003217539106,43.376854252532475,43.45680236816406,527451000.0
2023-08-17,NVDA,43.9404785824408,44.032415865763284,42.97212742620197,43.31489944458008,452395000.0
2023-08-18,NVDA,42.60637984983034,43.548747659996984,41.63203583723946,43.269935607910156,583768000.0
2023-08-21,NVDA,44.464127494140655,47.03340054502666,44.192310747529035,46.93546676635742,692573000.0
2023-08-22,NVDA,48.1026834062312,48.15465044840223,45.30256635922711,45.6373405456543,755293000.0
2023-08-23,NVDA,45.8352088507009,47.168312899804924,45.17764965557936,47.08436965942383,779046000.0
2023-08-24,NVDA,50.182279917918194,50.23224558084789,47.12733346452531,47.13132858276367,1156044000.0
2023-08-25,NVDA,46.980438460258725,47.77290532972233,44.993770374089465,45.98710632324219,925341000.0
2023-08-28,NVDA,46.450787109194195,46.9484538143124,44.857859477973676,46.803550720214844,685192000.0
2023-08-29,NVDA,46.63466937521741,49.04804888819601,46.35985248205318,48.75124740600586,701397000.0
2023-08-30,NVDA,49.01106919330039,49.89347574273386,48.392485325821596,49.23092269897461,735206000.0
2023-08-31,NVDA,49.34685363953064,49.710607710552146,48.92513603204003,49.321868896484375,528570000.0
2023-09-01,NVDA,49.728593775552426,49.76656646527334,48.109678602925236,48.47643280029297,463830000.0
2023-09-05,NVDA,48.190621199909984,48.81820170710798,47.82786596593289,48.515403747558594,382653000.0
2023-09-06,NVDA,48.4124675938394,48.52040187168578,46.55256375973415,47.03327941894531,468670000.0
2023-09-07,NVDA,45.49819008210968,46.31670798515735,45.12540865832907,46.213768005371094,433330000.0
2023-09-08,NVDA,45.914939369305465,46.57854589398362,45.24433318600193,45.5451545715332,473069000.0
2023-09-11,NVDA,46.12081612132712,46.13580667584193,44.28589904966943,45.151390075683594,473966000.0
2023-09-12,NVDA,44.711644683644934,45.64609526594391,44.50476589129932,44.84356689453125,349256000.0
2023-09-13,NVDA,44.57373286105348,45.90295143393173,44.476789863820855,45.458213806152344,398355000.0
2023-09-14,NVDA,45.92293942337167,45.959916382473324,45.10442151314497,45.55415725708008,370097000.0
2023-09-15,NVDA,45.314286993054964,45.572134413088484,43.78218921317514,43.87413787841797,506831000.0
2023-09-18,NVDA,42.722820575587484,44.21594002292978,41.97526008372968,43.940101623535156,500271000.0
2023-09-19,NVDA,43.80718104995943,43.94010212892765,42.97666925633851,43.49436569213867,373064000.0
2023-09-20,NVDA,43.57431736743093,43.877140298495235,42.1981295407641,42.21411895751953,367108000.0
2023-09-21,NVDA,41.5585083375795,42.07520212333516,40.95586285623428,40.99283981323242,450736000.0
2023-09-22,NVDA,41.54751155048687,42.09019478907558,41.206712805320656,41.58549118041992,479236000.0
2023-09-25,NVDA,41.566499482257406,42.51094250359211,41.15274189436024,42.19712829589844,419091000.0
2023-09-26,NVDA,41.97626153603217,42.794779402172175,41.63046465348833,41.886314392089844,402282000.0
2023-09-27,NVDA,42.3050663366097,42.84674687562001,41.60447906383656,42.4429817199707,444935000.0
2023-09-28,NVDA,42.43498662299495,43.42040584820638,42.09019244907844,43.06361770629883,424663000.0
2023-09-29,NVDA,43.8011831331208,44.11799774453881,43.28148898443914,43.4733772277832,397830000.0
2023-10-02,NVDA,44.00406311143919,45.148389111960235,43.83516394109358,44.75562286376953,433298000.0
2023-10-03,NVDA,44.78160339586175,45.103416123255286,43.22052325615126,43.491363525390625,470850000.0
2023-10-04,NVDA,43.71623674789107,44.117001536770516,43.266501033277635,44.01506042480469,361821000.0
2023-10-05,NVDA,44.02405737101078,44.87355907762935,43.862154026315785,44.66168212890625,393483000.0
2023-10-06,NVDA,44.166970312257135,45.762030910222144,44.00006886129196,45.73504638671875,434436000.0
2023-10-09,NVDA,44.81558061204782,45.57813158236599,44.341860842790076,45.2463264465332,409675000.0
2023-10-10,NVDA,45.283311292435734,46.23174977831537,45.061441940637515,45.77102279663086,368582000.0
2023-10-11,NVDA,46.16878585483191,46.83139730559126,46.02287195248952,46.77842712402344,378137000.0
2023-10-12,NVDA,46.7494428449331,47.58095342346612,46.30270758757265,46.91734313964844,481325000.0
2023-10-13,NVDA,46.9323290301139,47.08823915432442,45.253318624867276,45.43421173095703,474115000.0
2023-10-16,NVDA,45.036458356873474,46.197772707429415,44.88554631741198,46.06785202026367,375099000.0
2023-10-17,NVDA,43.97408457640043,44.72764209675683,42.45497937899436,43.9121208190918,812333000.0
2023-10-18,NVDA,42.565910351376075,43.19354257835518,41.80036274107,42.171142578125,627294000.0
2023-10-19,NVDA,42.78578325627493,43.27149704183871,41.85732962426039,42.076202392578125,501233000.0
2023-10-20,NVDA,41.86532335952727,42.444983530451566,41.05380140770334,41.36262130737305,477266000.0
2023-10-23,NVDA,41.20471789682862,43.222529794895785,40.92088476471772,42.94968795776367,478530000.0
2023-10-24,NVDA,43.05162614435632,43.671259880071666,42.66585573528576,43.63727951049805,401463000.0
2023-10-25,NVDA,43.37243657677688,43.62429085852798,41.53052363272983,41.754390716552734,398379000.0
2023-10-26,NVDA,41.82834703800738,42.231109527965074,39.85650966502812,40.30224609375,541001000.0
2023-10-27,NVDA,41.105772840082615,41.181728284669475,39.99142796964453,40.47614288330078,416784000.0
2023-10-30,NVDA,41.062806789213255,41.741403986227084,40.45716084007077,41.13676071166992,388028000.0
2023-10-31,NVDA,40.42617399708402,40.85492215187982,39.20689140883778,40.755977630615234,517969000.0
2023-11-01,NVDA,40.85991856143589,42.35603848881298,40.844928006293706,42.300071716308594,437593000.0
2023-11-02,NVDA,43.30247683018647,43.858149075327375,42.868734368129815,43.48037338256836,409172000.0
2023-11-03,NVDA,43.99406856905828,45.28230687928524,43.69724264528921,44.97848892211914,424610000.0
2023-11-06,NVDA,45.25832729646328,45.90794597594991,44.87255306180776,45.72405242919922,400733000.0
2023-11-07,NVDA,45.69207169045335,46.190774498668894,45.13140131544397,45.92793273925781,343165000.0
2023-11-08,NVDA,46.07284239178855,46.83939268029924,45.94092017940282,46.546566009521484,346719000.0
2023-11-09,NVDA,47.43903795369881,48.201588985861626,46.722461258073324,46.92234420776367,540496000.0
2023-11-10,NVDA,47.47201897601796,48.443446517904555,47.25514775060462,48.30652618408203,421245000.0
2023-11-13,NVDA,48.29153187815876,49.0870643467763,48.07066140972394,48.59135437011719,384136000.0
2023-11-14,NVDA,49.65073506752464,49.804643679009864,49.01111268540679,49.626747131347656,416954000.0
2023-11-15,NVDA,49.90558359837123,49.93056658286776,48.171605113904064,48.85919952392578,475497000.0
2023-11-16,NVDA,48.65033211773849,49.495834550251864,48.30153863182137,49.45085906982422,339756000.0
2023-11-17,NVDA,49.49482766776376,49.68771478002095,48.97813389873992,49.26896286010742,325205000.0
2023-11-20,NVDA,49.28294913133964,50.51822102854622,49.1520257887824,50.379302978515625,414120000.0
2023-11-21,NVDA,50.09647330080843,50.48724182772053,49.19300646271815,49.914581298828125,565747000.0
2023-11-22,NVDA,49.82263011511019,50.305343443741435,47.66190132877574,48.68729782104492,899420000.0
2023-11-24,NVDA,48.44144754881704,48.89218207826851,47.71687235875977,47.74785614013672,294645000.0
2023-11-27,NVDA,47.771840126632874,48.50140962414012,47.62392850332251,48.21358108520508,395662000.0
2023-11-28,NVDA,48.20758404305151,48.2945345904846,47.44503304136884,47.79282760620117,401491000.0
2023-11-29,NVDA,48.350510033061155,48.73328389544531,47.831814678443656,48.11164855957031,382005000.0
2023-11-30,NVDA,47.99570985279465,48.08166154319405,46.3946561295748,46.74245071411133,526247000.0
2023-12-01,NVDA,46.49759696256461,47.172198605670886,46.15979480379712,46.73745346069336,369317000.0
2023-12-04,NVDA,46.04985595451796,46.04985595451796,44.9834831764298,45.48318862915039,437543000.0
2023-12-05,NVDA,45.44321259326519,46.57664311757359,45.24831062993343,46.54266357421875,371718000.0
2023-12-06,NVDA,47.19133790635441,47.36325259148531,45.389240093841764,45.480194091796875,380590000.0
2023-12-07,NVDA,45.67709999626113,46.6056353183363,45.581147431853395,46.57265090942383,350823000.0
2023-12-08,NVDA,46.57164649877913,47.71707199991906,46.526667071393376,47.4821891784668,359224000.0
2023-12-11,NVDA,47.46719926720655,47.50717632201845,45.80703244000096,46.60363006591797,509728000.0
2023-12-12,NVDA,46.02292129903264,47.642108221332236,46.02292129903264,47.633113861083984,372387000.0
2023-12-13,NVDA,47.60513418472511,48.5696507647958,47.584144799570055,48.06390380859375,447792000.0
2023-12-14,NVDA,48.36574838586443,48.64560684171551,47.39823500078961,48.325767517089844,391232000.0
2023-12-15,NVDA,48.169843491403206,49.379236076134234,48.0958792715529,48.86549377441406,479948000.0
2023-12-18,NVDA,49.37524392106738,50.40772334929845,49.12536921258584,50.051902770996094,412587000.0
2023-12-19,NVDA,49.39922581544832,49.675088445454506,48.870491649793216,49.57913589477539,464444000.0
2023-12-20,NVDA,49.63011224279049,49.97394160292545,48.07389338703891,48.08688735961914,397894000.0
2023-12-21,NVDA,48.78653533808319,49.07039338559571,48.39472971516772,48.96544647216797,300425000.0
2023-12-22,NVDA,49.17034549223245,49.35825100102085,48.44270969078598,48.8055305480957,252507000.0
2023-12-26,NVDA,48.94345801373731,49.57514125413187,48.935462602509865,49.254302978515625,244200000.0
2023-12-27,NVDA,49.486185641923775,49.655099654508746,49.06039666080748,49.39223098754883,233648000.0
2023-12-28,NVDA,49.61812249458572,49.85899903094536,49.38723545621996,49.4971809387207,246587000.0
2023-12-29,NVDA,49.78803546733378,49.97194517562977,48.726567424201626,49.4971809387207,389293000.0
2024-01-02,NVDA,49.21931693922932,49.27029006493009,47.57114520519551,48.143856048583984,411254000.0
2024-01-03,NVDA,47.46120466150454,48.15985187353123,47.29628643215799,47.545162200927734,320896000.0
2024-01-04,NVDA,47.74305858328899,48.47569292887805,47.48418951664503,47.97394561767578,306535000.0
2024-01-05,NVDA,48.43771146509866,49.522166721608514,48.281787612444646,49.072391510009766,415039000.0
2024-01-08,NVDA,49.48719047480535,52.248806418013224,49.45420606560053,52.22681427001953,642510000.0
2024-01-09,NVDA,52.37474091414494,54.29777651370217,51.66409487363166,53.11336898803711,773100000.0
2024-01-10,NVDA,53.58913578901618,54.57264008297959,53.462196710132666,54.3227653503418,533796000.0
2024-01-11,NVDA,54.971438397001265,55.3182646237258,53.53316035979794,54.794525146484375,596759000.0
2024-01-12,NVDA,54.59262018659447,54.942447033748536,54.30276844931097,54.68257522583008,352994000.0
2024-01-16,NVDA,54.990429652443055,56.80651660434578,54.87248875685251,56.35374450683594,449580000.0
2024-01-17,NVDA,56.31876518619403,56.44270360003648,54.71257199394214,56.0249137878418,474394000.0
2024-01-18,NVDA,57.23130379027645,57.57113355960741,56.07888171171816,57.0783805847168,491650000.0
2024-01-19,NVDA,57.9599392307051,59.470183631396026,57.19632214390486,59.46118927001953,543501000.0
2024-01-22,NVDA,60.018906048230285,60.30076621768796,59.04039658553907,59.62410354614258,452955000.0
2024-01-23,NVDA,59.54014514062131,59.879974896146315,58.555638180668645,59.842994689941406,294654000.0
2024-01-24,NVDA,60.27378077359489,62.81750357026873,59.90796305820768,61.33124923706055,560271000.0
2024-01-25,NVDA,62.3187472904737,62.687565633845296,60.81949912329837,61.586116790771484,482777000.0
2024-01-26,NVDA,60.92944842366768,61.75203783033358,60.54264514796327,61.00041198730469,390309000.0
2024-01-29,NVDA,61.20130919891072,62.45767916479008,60.8764751379027,62.433692932128906,348733000.0
2024-01-30,NVDA,62.868470925041464,63.461172170559415,62.22878854239817,62.742530822753906,410735000.0
2024-01-31,NVDA,61.40920802958089,62.23779495619412,60.66958101504,61.49616622924805,453795000.0
2024-02-01,NVDA,62.06887734355602,63.159334010145514,61.61910590922887,62.99541473388672,369146000.0
2024-02-02,NVDA,63.941944610064006,66.56662829382361,63.65808651280487,66.1268539428711,476578000.0
2024-02-05,NVDA,68.19080896214494,69.46217469854224,67.17132346877767,69.29725646972656,680078000.0
2024-02-06,NVDA,69.59510487406826,69.71904328530657,66.26677937017486,68.18881225585938,683111000.0
2024-02-07,NVDA,68.28475157553528,70.1847995704641,67.56611024482635,70.06385803222656,495575000.0
2024-02-08,NVDA,70.03887599609345,70.75851634793179,69.42019057387394,69.60609436035156,414422000.0
2024-02-09,NVDA,70.49765087243433,72.14882343134643,70.17681258949254,72.09685516357422,436637000.0
2024-02-12,NVDA,72.5636052877806,74.57359879264203,71.21428354571269,72.21178436279297,613710000.0
2024-02-13,NVDA,70.36473436037795,73.41320187519852,69.58512632462431,72.09186553955078,602580000.0
2024-02-14,NVDA,73.1653126243465,74.19879093889182,71.90194623686718,73.86296081542969,504917000.0
2024-02-15,NVDA,73.8319812576461,73.93792331267274,72.36371572931519,72.62158203125,420122000.0
2024-02-16,NVDA,74.06285322156347,74.36470378549747,72.46465575310286,72.57659912109375,495327000.0
2024-02-20,NVDA,71.91094295214619,71.91994112607156,67.70005682448759,69.41719818115234,704833000.0
2024-02-21,NVDA,67.97191561607241,68.85347738557593,66.21480102707116,67.43818664550781,673755000.0
2024-02-22,NVDA,74.98740934032327,78.53562599449027,74.18281239029882,78.49864959716797,865100000.0
2024-02-23,NVDA,80.7495226358578,82.35271526115802,77.53113473497731,78.77751159667969,829388000.0
2024-02-26,NVDA,79.66006525277888,80.60559805458351,78.46566428274411,79.05237579345703,503973000.0
2024-02-27,NVDA,79.34121192660028,79.44016895851776,77.12332991849851,78.66155242919922,391705000.0
2024-02-28,NVDA,77.58110675234951,78.89344471041017,77.08635205553938,77.62408447265625,393110000.0
2024-02-29,NVDA,79.05436082688792,79.94990785839042,78.31073041631178,79.07234954833984,507289000.0
2024-03-01,NVDA,79.95989790136245,82.25874801625466,79.39517868225165,82.23775482177734,479135000.0
2024-03-04,NVDA,84.08782752325428,87.65104302544864,83.67703804923654,85.19427490234375,615616000.0
2024-03-05,NVDA,85.23127220389335,86.05790010828508,83.3791168960246,85.92495727539062,520639000.0
2024-03-06,NVDA,87.98202031125847,89.68324305114874,86.99046652196165,88.65970611572266,582520000.0
2024-03-07,NVDA,90.1170314433978,92.72484713388091,89.56128432084023,92.62689208984375,608119000.0
2024-03-08,NVDA,95.09477882297772,97.35575222228928,86.46669660091352,87.48823547363281,1142269000.0
2024-03-11,NVDA,86.38973999977979,88.75666054013853,84.12776749206648,85.73503875732422,678364000.0
2024-03-12,NVDA,88.00900332244493,91.91822205763889,86.11086395561675,91.87124633789062,668075000.0
2024-03-13,NVDA,91.01363415420467,91.4624276728691,88.39482167096672,90.84671020507812,635713000.0
2024-03-14,NVDA,89.53630642599725,90.60482099682989,86.56065394827854,87.90404510498047,602318000.0
2024-03-15,NVDA,86.89051059382359,89.5053195385714,86.2178197951128,87.7970962524414,642086000.0
2024-03-18,NVDA,90.34693832973477,92.36302032319799,87.04543743889901,88.4148178100586,668976000.0
2024-03-19,NVDA,86.66061131736247,90.50286685393166,84.97138422754449,89.35739135742188,672171000.0
2024-03-20,NVDA,89.75619692788968,90.36892499415599,88.18291459146306,90.33094024658203,479063000.0
2024-03-21,NVDA,92.25806799689252,92.60590946151324,90.3639246898217,91.3934555053711,480372000.0
2024-03-22,NVDA,91.0995974210595,94.73494632617268,90.79273767099636,94.24617004394531,586719000.0
2024-03-25,NVDA,93.8983168748369,96.7220301978138,93.46751295712747,94.95883178710938,552136000.0
2024-03-26,NVDA,95.80746575771931,96.33122984951973,92.45998773237483,92.51895904541016,513648000.0
2024-03-27,NVDA,93.06969894575073,93.1976391484463,89.08251272541551,90.20899963378906,586067000.0
2024-03-28,NVDA,89.95910797996004,91.25852036781959,89.15247543816959,90.31494903564453,435212000.0
2024-04-01,NVDA,90.25797890351257,92.18309875741171,89.16347516442184,90.32194519042969,452441000.0
2024-04-02,NVDA,88.40781996760923,90.0530759828404,87.580200789575,89.41136932373047,433064000.0
2024-04-03,NVDA,88.44380630032965,90.33294713635686,88.3598448243253,88.923583984375,370067000.0
2024-04-04,NVDA,90.36492116364104,90.59282202260623,85.84097663074387,85.865966796875,434965000.0
2024-04-05,NVDA,86.82653804838375,88.44080991811138,85.88697023320091,87.96802520751953,399678000.0
2024-04-08,NVDA,88.65970382216,88.78964964856534,86.69260311937641,87.09342193603516,283220000.0
2024-04-09,NVDA,87.40226463843116,87.59517772557601,82.98427507127602,85.3152084350586,501700000.0
2024-04-10,NVDA,83.88788099023252,87.36030202720293,83.67097669028665,86.99946594238281,431929000.0
2024-04-11,NVDA,87.3802819466206,90.69777431894295,86.88651070979101,90.5748291015625,431637000.0
2024-04-12,NVDA,89.65824820701377,90.13403751700548,87.49023484155897,88.14593505859375,426805000.0
2024-04-15,NVDA,89.05751457655467,90.5718255697764,85.88995581094821,85.96192169189453,443077000.0
2024-04-16,NVDA,86.39373376393459,88.07796585968008,86.02490572525448,87.37528991699219,370453000.0
2024-04-17,NVDA,88.29985504936586,88.73466257299502,83.91185045527357,83.99681854248047,495400000.0
2024-04-18,NVDA,84.93139797129201,86.15084492565727,82.36456386223763,84.63253021240234,447260000.0
2024-04-19,NVDA,83.11222985815499,84.28569253115833,75.57165807203599,76.1653823852539,875198000.0
2024-04-22,NVDA,78.0685134774025,80.03662072603697,76.36529285459991,79.48187255859375,596341000.0
2024-04-23,NVDA,80.73231101825336,82.7314025960764,80.22754314018754,82.38555908203125,438559000.0
2024-04-24,NVDA,83.91186206206669,84.04380588258387,79.14702921409854,79.64080810546875,512208000.0
2024-04-25,NVDA,78.83216216037167,83.28513983980214,78.18745857464893,82.5944595336914,424641000.0
2024-04-26,NVDA,83.77993152652552,88.29088225677599,83.34912752628662,87.69515228271484,551011000.0
2024-04-29,NVDA,87.55521122388173,87.95202643323648,85.22726679197825,87.7171401977539,388971000.0
2024-04-30,NVDA,87.20037932563423,88.77866462934834,86.26081139602988,86.36276245117188,363709000.0
2024-05-01,NVDA,85.0383433055248,85.96092040406639,81.21807385271738,83.00326538085938,559863000.0
2024-05-02,NVDA,84.41063276835533,86.19782250273573,83.16219963332766,85.77801513671875,377898000.0
2024-05-03,NVDA,87.74911915331617,89.24043810826264,87.00045887297132,88.74866485595703,398341000.0
2024-05-06,NVDA,89.34938632493116,92.17810238522513,89.01453944248995,92.09813690185547,376203000.0
2024-05-07,NVDA,91.05661474475471,91.73930312313776,88.97056485934608,90.51286315917969,437342000.0
2024-05-08,NVDA,89.44235467047578,91.15257599630715,89.37937974936176,90.37093353271484,325721000.0
2024-05-09,NVDA,90.48786834493905,91.0306209060013,88.19091589664993,88.70668029785156,378013000.0
2024-05-10,NVDA,90.26397379416818,91.35947654092773,89.1864606125446,89.83716583251953,335325000.0
2024-05-13,NVDA,90.43689954348851,90.95666761749975,88.4887873274781,90.35794067382812,289680000.0
2024-05-14,NVDA,89.55830082348145,91.60937070385219,88.89360196869727,91.31450653076172,296507000.0
2024-05-15,NVDA,92.43000380086178,94.81891776809128,91.55739917721064,94.58702087402344,417735000.0
2024-05-16,NVDA,94.86689143447046,95.7754751109485,94.06025117593339,94.3161392211914,323952000.0
2024-05-17,NVDA,94.32613733717375,94.69696338532674,91.7642980099601,92.4369888305664,359691000.0
2024-05-20,NVDA,93.70741519120496,95.15675349579068,93.39755844526998,94.73694610595703,318764000.0
2024-05-21,NVDA,93.55647591838027,95.35666020460762,93.13766755607001,95.34266662597656,328946000.0
2024-05-22,NVDA,95.41563946312446,95.97638165173369,93.20664422258311,94.90686798095703,548648000.0
2024-05-23,NVDA,101.98165468043742,106.27170489938443,101.4738822009577,103.7518539428711,835065000.0
2024-05-24,NVDA,104.40155233715765,106.4266330182304,102.95321303565972,106.42063903808594,429494000.0
2024-05-28,NVDA,110.19392203047549,114.88678889703833,109.83308596330244,113.84925842285156,652728000.0
2024-05-29,NVDA,112.99864721739439,115.4395315931238,110.85062138095752,114.77283477783203,557442000.0
2024-05-30,NVDA,114.5979068006944,115.76637434873233,109.61317328431451,110.44979095458984,484553000.0
2024-05-31,NVDA,112.46888043622216,112.66579716472957,106.89142114521177,109.58319854736328,613263000.0
2024-06-03,NVDA,113.56938260132851,114.94775390625,111.95211383768398,114.94775390625,438392000.0
2024-06-04,NVDA,115.66344393803814,116.547037473925,113.99319767795535,116.38410949707031,403324000.0
2024-06-05,NVDA,118.31722487581986,122.39336749547275,117.41463524122511,122.3843765258789,528402000.0
2024-06-06,NVDA,123.99164111050369,125.52994340194898,118.26624653202215,120.94303131103516,664696000.0
2024-06-07,NVDA,119.71558814229236,121.63671972354634,117.96838874257641,120.83308410644531,412386000.0
2024-06-10,NVDA,120.31531947295237,123.04407498199869,116.95684528802722,121.73467254638672,313434100.0
2024-06-11,NVDA,121.7246784169854,122.8242751394822,118.6958072896019,120.86500549316406,222551200.0
2024-06-12,NVDA,123.01419374000322,126.83277160339148,122.52437825697241,125.15339660644531,299595000.0
2024-06-13,NVDA,129.34184822861945,129.75169931207168,127.11268237111577,129.561767578125,260704500.0
2024-06-14,NVDA,129.9116488754234,132.7905668615139,128.27225972601377,131.8309326171875,309320400.0
2024-06-17,NVDA,132.94052101290185,133.68023590303568,129.53178618492996,130.93125915527344,288504400.0
2024-06-18,NVDA,131.09119107562512,136.2792618770274,130.64136160940566,135.529541015625,294335100.0
2024-06-20,NVDA,139.74798663394793,140.70762089792785,129.47181280958608,130.73133850097656,517768400.0
2024-06-21,NVDA,127.07269417738873,130.5813900425734,124.25374396453276,126.52289581298828,649445800.0
2024-06-24,NVDA,123.19411994547033,124.41366700261213,117.99605877326907,118.06603240966797,476060900.0
2024-06-25,NVDA,121.15488117789624,126.45291134412159,119.27558373905313,126.04306030273438,414192600.0
2024-06-26,NVDA,126.08306250851786,128.07231986611026,122.5543772913855,126.35296630859375,362975900.0
2024-06-27,NVDA,124.0538073233716,126.3629527063705,122.8742462250665,123.94384765625,252571700.0
2024-06-28,NVDA,124.53363237537093,127.6624646242392,122.7043116824408,123.4940185546875,315516700.0
2024-07-01,NVDA,123.42405307864779,124.79353836567705,118.78578041896601,124.25374603271484,284885500.0
2024-07-02,NVDA,121.0849161012404,123.36407395616142,120.98495484371743,122.62434387207031,218374000.0
2024-07-03,NVDA,121.61472281837746,128.2322540283203,121.31483142526585,128.2322540283203,215749000.0
2024-07-05,NVDA,127.33259117942191,128.80205294716893,125.63322690650442,125.78317260742188,214176700.0
2024-07-08,NVDA,127.44254788203128,130.72133351853034,126.99271841631584,128.15228271484375,237677300.0
2024-07-09,NVDA,130.30150022676182,133.77021018974597,128.60212062869667,131.33111572265625,285366600.0
2024-07-10,NVDA,133.98010966299657,135.0497187053357,132.3707083327198,134.8597869873047,248978600.0
2024-07-11,NVDA,135.6994755480004,136.09932057175976,127.00271662980028,127.35258483886719,374782700.0
2024-07-12,NVDA,128.21224836439907,131.87088955135133,127.17264222679036,129.19189453125,252680500.0
2024-07-15,NVDA,130.51138719274533,131.34107999581735,127.1326483868314,128.39218139648438,208326200.0
2024-07-16,NVDA,128.3922007361648,128.9919682814133,124.53363670793642,126.31297302246094,214769500.0
2024-07-17,NVDA,121.30484096444897,121.80465490136599,116.67656665415736,117.94609069824219,390086200.0
2024-07-18,NVDA,121.80465646307916,122.35445485135926,116.51662402751018,121.04493713378906,320979500.0
2024-07-19,NVDA,120.30520587770535,121.55474064508192,117.3263192631504,117.8861083984375,217223800.0
2024-07-22,NVDA,120.3052034521371,124.02382006512462,119.81538796863644,123.4940185546875,258068900.0
2024-07-23,NVDA,122.73430428762777,124.64359711208203,122.05455705517221,122.54437255859375,173911000.0
2024-07-24,NVDA,119.12564855531016,119.90535705479644,113.39778526966548,114.20748138427734,327776900.0
2024-07-25,NVDA,112.99793187881421,116.58659216144551,106.26044237682176,112.23821258544922,460067000.0
2024-07-26,NVDA,116.14675363558489,116.15674442221705,111.53846898200278,113.01791381835938,293399100.0
2024-07-29,NVDA,113.64767861053163,116.23671076015049,111.25856895549296,111.54845428466797,248152100.0
2024-07-30,NVDA,111.4784845370564,111.94831080491622,102.50183151527264,103.69139099121094,486833300.0
2024-07-31,NVDA,112.85797882293917,118.29594880516444,110.83872641972829,116.9764404296875,473174200.0
2024-08-01,NVDA,117.4862607613273,120.11528690507727,106.77024891874801,109.16935729980469,523462300.0
2024-08-02,NVDA,103.72138389300983,108.67953692460011,101.3322740328123,107.23007202148438,482027500.0
2024-08-05,NVDA,92.02573599453234,103.37151801623692,90.65625074239716,100.41261291503906,552842400.0
2024-08-06,NVDA,103.80136104436407,107.66992389594095,100.51259185165185,104.21121215820312,409012100.0
2024-08-07,NVDA,107.76987337493198,108.75951041282163,98.65327249174283,98.8731918334961,411440400.0
2024-08-08,NVDA,101.9620427269347,105.46074027148637,97.48370651422417,104.93093872070312,391910000.0
2024-08-09,NVDA,105.60068963485523,106.5603314935722,103.39151291428456,104.71102142333984,290844200.0
2024-08-12,NVDA,106.28043141146973,111.02866364109283,106.22045618169847,108.97942352294922,325559900.0
2024-08-13,NVDA,112.3981514576694,116.18674170739067,111.53847094577725,116.09677124023438,312646700.0
2024-08-14,NVDA,118.48588599342114,118.55585963676825,114.02754676709954,118.03605651855469,339246400.0
2024-08-15,NVDA,118.71580500966671,123.1941334844724,117.42628417440801,122.81427764892578,318086700.0
2024-08-16,NVDA,121.89462111591769,124.95347986245288,121.13490182291852,124.53363800048828,302589900.0
2024-08-19,NVDA,124.23374212691918,129.9516143798828,123.37406160628171,129.9516143798828,318333600.0
2024-08-20,NVDA,128.35221027833737,129.8316704836438,125.84314985736411,127.20264434814453,300087400.0
2024-08-21,NVDA,127.27261778490315,129.30186873034427,126.61286736853016,128.45217895507812,257883600.0
2024-08-22,NVDA,129.97162409913395,130.70134819678017,123.05419322056757,123.69395446777344,376189100.0
2024-08-23,NVDA,125.81315043381734,129.5517637458536,125.1733892777955,129.32183837890625,323230300.0
2024-08-26,NVDA,129.5217841101186,131.2111423152786,124.32371486411647,126.41293334960938,331964700.0
2024-08-27,NVDA,125.00346773520825,129.15191727923408,123.83389733541988,128.25225830078125,303134600.0
2024-08-28,NVDA,128.0723157316594,128.28224429229948,122.59435936439931,125.5632553100586,448101100.0
2024-08-29,NVDA,121.31483536128766,124.38369252727087,116.66656437657561,117.54623413085938,453023300.0
2024-08-30,NVDA,119.48551326917712,121.70468827145996,117.17637542296369,119.32557678222656,333751600.0
2024-09-03,NVDA,115.96682960430755,116.16675212470322,107.25007348768284,107.95980834960938,477155100.0
2024-09-04,NVDA,105.37077350121302,113.2278412494732,104.08125268189775,106.17047119140625,372470300.0
2024-09-05,NVDA,104.95092237696757,109.60919166518133,104.72101224991617,107.17009735107422,306850700.0
2024-09-06,NVDA,107.99979292793853,108.10975260064535,100.9124275647732,102.79173278808594,413638100.0
2024-09-09,NVDA,104.840969477339,106.51035383580418,103.6514174842849,106.43038177490234,273912000.0
2024-09-10,NVDA,107.7698680771714,109.3592802066297,104.910932028029,108.05976104736328,268283700.0
2024-09-11,NVDA,109.34928767526075,117.14638779715078,107.38001963060195,116.86649322509766,441422400.0
2024-09-12,NVDA,116.80650641923144,120.75537880467239,115.34692581517743,119.10585021972656,366052700.0
2024-09-13,NVDA,119.04587365093487,119.9256186982367,117.56629446111889,119.06586456298828,238358300.0
2024-09-16,NVDA,116.75652026497235,118.14612117800917,114.32721657757573,116.74652099609375,248772300.0
2024-09-17,NVDA,118.13612413784692,118.76594842655497,114.7970852268969,115.5568618774414,231925900.0
2024-09-18,NVDA,115.85677572945441,117.66625439302568,113.18754300284537,113.3375015258789,310318900.0
2024-09-19,NVDA,117.31635695887289,119.62569992209964,117.21638715198857,117.83621215820312,293506400.0
2024-09-20,NVDA,117.02644483175867,118.58600287786223,115.35692533181683,115.96675109863281,382462400.0
2024-09-23,NVDA,116.51659472951452,116.9564634197924,114.82707671663402,116.22667694091797,206228500.0
2024-09-24,NVDA,116.48659840876869,121.76509140434464,115.34692577819862,120.83535766601562,354966800.0
2024-09-25,NVDA,121.98501577990396,124.90418446690079,121.57513728542474,123.47459411621094,284692900.0
2024-09-26,NVDA,126.76365118817954,127.63339688941237,121.76508462125145,124.00444030761719,302582900.0
2024-09-27,NVDA,123.93446689659378,123.99444725769884,119.22581786965418,121.36520385742188,271009200.0
2024-09-30,NVDA,118.27608190267567,121.46516987339125,118.11613173565692,121.40518951416016,226553700.0
2024-10-01,NVDA,121.73508253340503,122.40489622649267,115.7568014008595,116.9664535522461,302094500.0
2024-10-02,NVDA,116.40662795721522,119.34578009653441,115.10699751736388,118.81593322753906,221845900.0
2024-10-03,NVDA,120.88533415502995,124.3243504544059,120.30549859251518,122.81478118896484,277118000.0
2024-10-04,NVDA,124.90418432860164,125.00415413490973,121.79507530101387,124.88418579101562,243678100.0
2024-10-07,NVDA,124.95417447518639,130.6025566538886,124.91418502432315,127.68339538574219,346250200.0
2024-10-08,NVDA,130.2226473652744,133.44172537204778,129.38289186465897,132.85189819335938,285722500.0
2024-10-09,NVDA,134.0715571884807,134.48144332062452,131.34234403030248,132.61196899414062,246191600.0
2024-10-10,NVDA,131.87219951867377,134.96131029321415,130.9624566548967,134.7713623046875,242311300.0
2024-10-11,NVDA,133.97158567859756,135.74108264717918,133.62169514533127,134.76136779785156,170209500.0
2024-10-14,NVDA,136.43089368651033,139.56000161928338,136.26094423310064,138.0304412841797,232347700.0
2024-10-15,NVDA,137.8304782609884,138.53028982768672,128.70310551155586,131.56228637695312,377831000.0
2024-10-16,NVDA,133.9415846620271,136.58082718354044,131.54227882589296,135.68109130859375,264879700.0
2024-10-17,NVDA,139.30005999950754,140.84961880375567,136.83076670766295,136.8907470703125,306435900.0
2024-10-18,NVDA,138.63024003343975,138.86016981880368,137.24063917112105,137.96043395996094,176090200.0
2024-10-21,NVDA,138.090405825162,143.66880798339844,137.96043821210023,143.66880798339844,264554500.0
2024-10-22,NVDA,142.86904559419827,144.37860733596548,141.73936457126644,143.54884338378906,226311600.0
2024-10-23,NVDA,141.9892821435429,142.3891613712536,137.42060018656866,139.51998901367188,285930000.0
2024-10-24,NVDA,140.77963709898057,141.30948393843238,138.42031305269128,140.3697509765625,172354900.0
2024-10-25,NVDA,140.88959441527413,144.0886893234089,140.7596420534019,141.49942016601562,205122100.0
2024-10-28,NVDA,142.95902137870084,143.09898064959424,140.00986979275078,140.479736328125,173586700.0
2024-10-29,NVDA,140.2497716969522,142.2192081120129,138.86017082456863,141.20950317382812,157593600.0
2024-10-30,NVDA,139.49998843906093,140.28977049571748,136.77077537646986,139.300048828125,179418100.0
2024-10-31,NVDA,137.56056330274592,137.57055494467397,132.07213151004177,132.72193908691406,270039600.0
2024-11-01,NVDA,134.6613944536623,137.2706470867555,134.53144208222884,135.36119079589844,207127800.0
2024-11-04,NVDA,137.17067271068436,138.9201710380497,135.53114345978716,136.01100158691406,187528200.0
2024-11-05,NVDA,137.41058693125512,140.32974787080795,137.29062621937655,139.86988830566406,160537400.0
2024-11-06,NVDA,142.91903343153805,146.44802048986534,141.91932003814412,145.56826782226562,242043900.0
2024-11-07,NVDA,146.34803435651398,148.8872995129736,146.12809620267714,148.8373260498047,207323300.0
2024-11-08,NVDA,148.72733415894703,149.72704733961325,146.21804431265082,147.58766174316406,175665800.0
2024-11-11,NVDA,148.6373710400852,148.80733573059373,143.52885055228916,145.21835327148438,182325600.0
2024-11-12,NVDA,146.73790556674717,149.60707763368606,145.96812211424654,148.24746704101562,198634700.0
2024-11-13,NVDA,149.02728904721945,149.2872090486766,145.85818403502842,146.22808837890625,191903300.0
2024-11-14,NVDA,147.59767865642831,148.95728942511607,145.50828141212895,146.71792602539062,194463300.0
2024-11-15,NVDA,144.8284560077565,145.19836028928967,140.03983617411208,141.9392852783203,250132900.0
2024-11-18,NVDA,139.45999475223928,141.50940991238423,137.1106625740026,140.10980224609375,221205300.0
2024-11-19,NVDA,141.2794937524248,147.08782570288798,140.94958652618317,146.9678497314453,227834900.0
2024-11-20,NVDA,147.36774356025674,147.5176944558783,142.68907730947365,145.84817504882812,309871700.0
2024-11-21,NVDA,149.30720000657334,152.84617867409492,140.65967008206871,146.62796020507812,400946600.0
2024-11-22,NVDA,145.88815647311117,147.11781483152527,141.05955459424152,141.9093017578125,236406200.0
2024-11-25,NVDA,141.9492922301626,142.0092725854583,135.78106320516017,135.9810028076172,344941900.0
2024-11-26,NVDA,137.66052777043362,139.26007526155422,135.63111085304342,136.88075256347656,190287700.0
2024-11-27,NVDA,134.97128602051475,137.18065910710888,131.76221489663718,135.3011932373047,226370900.0
2024-11-29,NVDA,136.74079305563075,139.31006372977,136.0110065692894,138.2103729248047,141863200.0
2024-12-02,NVDA,138.79021062156448,140.40974141861778,137.7805055975671,138.59027099609375,171682800.0
2024-12-03,NVDA,138.22037595856943,140.4997214017946,137.91046723010535,140.2198028564453,164414000.0
2024-12-04,NVDA,141.95928950014692,145.7481962192296,140.24977303436475,145.098388671875,231224300.0
2024-12-05,NVDA,145.0784040292141,146.50808533514203,143.91865294893697,145.02841186523438,172621200.0
2024-12-06,NVDA,144.56853006182772,145.66828146425675,141.27923767487087,142.40899658203125,188505600.0
2024-12-09,NVDA,138.93972344033872,139.91950565348523,137.1001279875636,138.77975463867188,189308600.0
2024-12-10,NVDA,138.97971741196267,141.78911819403848,133.76085313448985,135.04058837890625,210020900.0
2024-12-11,NVDA,137.33007570041752,140.1394610798945,135.18055019628483,139.27964782714844,184905200.0
2024-12-12,NVDA,137.05015122102654,138.4098556769623,135.77043117490655,137.31008911132812,159211400.0
2024-12-13,NVDA,138.90974525213795,139.56960518418134,132.51112983721956,134.22076416015625,231514900.0
2024-12-16,NVDA,134.1507548377073,134.37070812011547,130.39157963416955,131.9712371826172,237951100.0
2024-12-17,NVDA,129.06188284882555,131.5613383936032,126.8323727744144,130.36160278320312,259410300.0
2024-12-18,NVDA,133.83084634553458,136.67022414162827,128.2520598203989,128.88192749023438,277444500.0
2024-12-19,NVDA,131.7312862928068,134.0007959707685,129.52177635647746,130.65151977539062,209719200.0
2024-12-20,NVDA,129.7817201303188,135.25052978203578,128.19207015255643,134.670654296875,306528600.0
2024-12-23,NVDA,136.25031123897003,139.75954112073697,135.09056027465786,139.6395721435547,176053500.0
2024-12-24,NVDA,139.9695150682445,141.8690952419841,138.61980292789985,140.18946838378906,105157000.0
2024-12-26,NVDA,139.6695752314167,140.81933395538283,137.70000300728188,139.89952087402344,116205600.0
2024-12-27,NVDA,138.5198213856297,138.98972022149263,134.68066155069724,136.9801483154297,170582600.0
2024-12-30,NVDA,134.80062832550155,140.23944563051566,133.99080722961983,137.46005249023438,167734700.0
2024-12-31,NVDA,137.99994871496077,138.0399485497518,133.80086613446198,134.26075744628906,155659200.0
2025-01-02,NVDA,135.97038221662075,138.84975989825128,134.60068545398187,138.27987670898438,198247200.0
2025-01-03,NVDA,139.97950221326124,144.86843662681642,139.69956441393234,144.43853759765625,229322500.0
2025-01-06,NVDA,148.55763229845726,152.12686204773377,147.78781099429082,149.39744567871094,265377400.0
2025-01-07,NVDA,152.99665754898407,153.09664186378797,139.97948999458222,140.10946655273438,351782200.0
2025-01-08,NVDA,142.54894625810496,143.91864297451565,137.5300354006173,140.07948303222656,227349900.0
2025-01-10,NVDA,137.42007490895548,139.88953842521914,134.19078233209814,135.8804168701172,207602500.0
2025-01-13,NVDA,129.96170394882952,133.46094192558937,129.4817974709377,133.20098876953125,204808900.0
2025-01-14,NVDA,136.02036676060487,136.35029670610186,130.021673763493,131.73129272460938,195590500.0
2025-01-15,NVDA,133.6208947252083,136.42028814155947,131.26140794998662,136.21034240722656,185217300.0
2025-01-16,NVDA,138.6097963703303,138.7197730168145,133.46092441099125,133.54090881347656,209235600.0
2025-01-17,NVDA,136.66022586007293,138.46982912838536,135.4304980750839,137.6800079345703,201188800.0
2025-01-21,NVDA,139.1296971907641,141.79911388356058,137.0601406758009,140.79933166503906,197749000.0
2025-01-22,NVDA,144.6285153116103,147.7578236263026,143.63872531436203,147.03799438476562,237651400.0
2025-01-23,NVDA,145.0184168760411,147.19793483530896,143.68870466698334,147.1879425048828,155915500.0
2025-01-24,NVDA,148.3376757009225,148.93755110518853,141.8490991802554,142.58892822265625,234657600.0
2025-01-27,NVDA,124.77282637681094,128.3720332810038,116.67458414531102,118.39421081542969,818830900.0
2025-01-28,NVDA,121.78346978934897,128.97190639273322,116.22468308647471,128.9619140625,579666400.0
2025-01-29,NVDA,126.47245082309266,126.86236527865272,120.02385855553806,123.67305755615234,467120600.0
2025-01-30,NVDA,123.07319063695674,124.97277839409357,118.07427950119299,124.62285614013672,392925500.0
2025-01-31,NVDA,123.75304497053646,127.8221583994493,119.16404813082586,120.04385375976562,388161100.0
2025-02-03,NVDA,114.72501007137596,118.54417785753162,112.98539113939225,116.63459777832031,371235700.0
2025-02-04,NVDA,116.93452639047727,121.17360082598954,116.67458088005824,118.62416076660156,256550000.0
2025-02-05,NVDA,121.73347969845142,124.97277180794829,120.73369752398783,124.80281066894531,262230800.0
2025-02-06,NVDA,127.39224223836113,128.74195426970414,125.18272455855072,128.65196228027344,251483600.0
2025-02-07,NVDA,129.19186169746956,130.34160516615898,124.97277944303538,129.8117218017578,228186300.0
2025-02-10,NVDA,130.06165595495793,134.97058996230598,129.93169464945112,133.54090881347656,216989100.0
2025-02-11,NVDA,132.55113432807275,134.45071452657314,130.991476437857,132.77108764648438,178902400.0
2025-02-12,NVDA,129.9916837727306,132.21120144058102,129.05188607934784,131.11143493652344,160278600.0
2025-02-13,NVDA,131.53134519031366,136.4702717517269,131.1414307383845,135.26052856445312,197430000.0
2025-02-14,NVDA,136.45026901957874,139.21966995740726,135.47048674490975,138.81976318359375,195479600.0
2025-02-18,NVDA,141.239247408195,143.408773131914,137.89996298841217,139.36964416503906,219176600.0
2025-02-19,NVDA,139.47961431944915,141.32921755912488,137.1901197103136,139.19967651367188,167536000.0
2025-02-20,NVDA,139.9994986264957,140.62936628696042,136.7601988439899,140.07948303222656,143903600.0
2025-02-21,NVDA,140.00948969645043,141.42919381606555,134.00080428998024,134.4007110595703,228217600.0
2025-02-24,NVDA,136.53026411475935,138.55982089892026,130.05167928786804,130.2516326904297,251381100.0
2025-02-25,NVDA,129.9516858300846,130.17163913409132,124.4128991653319,126.6024169921875,271428700.0
2025-02-26,NVDA,129.96170661334043,133.7008826502409,128.46203316398234,131.2514190673828,322553800.0
2025-02-27,NVDA,134.9705968281912,134.98058915821082,119.98386380503352,120.12383270263672,443175800.0
2025-02-28,NVDA,117.99429297871988,125.06275289296238,116.37465068149442,124.89279174804688,389091100.0
2025-03-03,NVDA,123.48310269608358,123.67305612882248,112.25554513947324,114.03515625,411381400.0
2025-03-04,NVDA,110.62590357369604,119.28401358591904,110.0860202624711,115.96473693847656,398163300.0
2025-03-05,NVDA,117.55438999810913,118.25423446970035,114.48505902516025,117.27445220947266,284337900.0
2025-03-06,NVDA,113.50527582346177,115.32487918451908,110.1959990692751,110.5459213256836,321181900.0
2025-03-07,NVDA,111.22576986878714,113.45528753337068,107.53657110597264,112.66545867919922,341755500.0
2025-03-10,NVDA,109.87606538139453,111.82563762164718,105.43702996945572,106.95670318603516,366487400.0
2025-03-11,NVDA,106.96669412251354,112.2155506077548,104.74717644545998,108.73631286621094,354865700.0
2025-03-12,NVDA,114.10564961231475,116.74531696319002,112.8658000774832,115.7254409790039,323857500.0
2025-03-13,NVDA,117.01527472285696,117.74518623487266,113.77568449740161,115.56546020507812,299033100.0
2025-03-14,NVDA,118.59508095437823,121.86466627272753,118.13513973204245,121.65469360351562,277593500.0
2025-03-17,NVDA,122.72455649146468,122.87453914631989,118.01514995099303,119.51496124267578,255501500.0
2025-03-18,NVDA,117.98515020944649,119.00501849033903,114.52558655092061,115.41547393798828,299686900.0
2025-03-19,NVDA,117.2552423301898,120.43484254394583,115.6654460375291,117.50521087646484,273426200.0
2025-03-20,NVDA,116.53533674228605,120.18487133427746,116.4553449784264,118.51508331298828,248829700.0
2025-03-21,NVDA,116.92528940681295,117.97515272195331,115.40547637665556,117.68518829345703,266498500.0
2025-03-24,NVDA,119.86491568880827,122.20462527069279,119.32498270837338,121.39472961425781,228452500.0
2025-03-25,NVDA,120.53483816820751,121.27474294212928,118.90503833586045,120.67481994628906,167447200.0
2025-03-26,NVDA,118.7150653108018,118.82504445296345,112.69581844673802,113.74568939208984,293463300.0
2025-03-27,NVDA,111.33599333866172,114.43560190798578,110.64608531130148,111.41598510742188,236902100.0
2025-03-28,NVDA,111.47597500465491,112.85580631482036,109.05628121542107,109.65620422363281,229872500.0
2025-03-31,NVDA,105.11677236112796,110.94604080353734,103.63696281055644,108.36636352539062,299212700.0
2025-04-01,NVDA,108.5063391727533,110.18612804634962,106.45660174663486,110.13613891601562,222614000.0
2025-04-02,NVDA,107.27650160670082,111.96591394846298,106.77656451707789,110.4061050415039,220601200.0
2025-04-03,NVDA,103.49697720927654,105.61670556208404,101.58721388778805,101.78719329833984,338769400.0
2025-04-04,NVDA,98.89756129670621,100.11740141914926,92.09841365005991,94.29813385009766,532273800.0
2025-04-07,NVDA,87.44898959160196,101.73719167720878,86.60909899272106,97.6277084350586,611041300.0
2025-04-08,NVDA,103.79693724960859,105.83668151314755,94.448115096381,96.28788757324219,476243400.0
2025-04-09,NVDA,98.8775535578917,115.08551252786717,97.51772411084168,114.31561279296875,612918300.0
2025-04-10,NVDA,109.3562417228181,110.84605211383005,99.13752639108027,107.55646514892578,437812400.0
2025-04-11,NVDA,108.4863440509602,111.53596322542542,107.46647578597839,110.9160385131836,313417300.0
2025-04-14,NVDA,114.09564149423704,114.27561914894163,109.0562747909433,110.6960678100586,264705000.0
2025-04-15,NVDA,110.95604157012,113.6057097347757,110.48609947397975,112.18588256835938,228966900.0
2025-04-16,NVDA,104.53685005598037,106.776566115048,100.43735975697352,104.47685241699219,397016900.0
2025-04-17,NVDA,104.43685285244638,104.45685460754896,100.03741265575106,101.47722625732422,292517500.0
2025-04-21,NVDA,98.75757087400713,99.42749238220217,95.02804439894429,96.89781188964844,288501100.0
2025-04-22,NVDA,98.7675690784311,99.79743825075411,97.26775782667495,98.87755584716797,241004800.0
2025-04-23,NVDA,104.50684469329865,104.78681586825162,102.0071592730487,102.69707489013672,247526000.0
2025-04-24,NVDA,103.4669774804407,106.52658985205171,103.09702130913817,106.4166030883789,220815000.0
2025-04-25,NVDA,106.83655988818872,111.90592192622726,105.71670563343305,110.99604034423828,251064700.0
2025-04-28,NVDA,109.67619446115806,110.35610916663857,106.0066506499314,108.71631622314453,207708500.0
2025-04-29,NVDA,107.65645038374015,110.18613082106049,107.42648359585715,109.00627899169922,170444300.0
2025-04-30,NVDA,104.45685864823317,108.90629577636719,104.06690832142748,108.90629577636719,235044600.0
2025-05-01,NVDA,113.06577112138011,114.92553765737502,111.28599634849851,111.59595489501953,236121500.0
2025-05-02,NVDA,114.1656362648126,115.38548400726445,113.35574060530446,114.485595703125,190194800.0
2025-05-05,NVDA,112.89579778060671,114.65557085202862,112.64582923459892,113.80567932128906,133163200.0
2025-05-06,NVDA,111.46598025800552,114.72556468927546,110.8060596179303,113.52571868896484,158525600.0
2025-05-07,NVDA,113.03578272910664,117.66519758488604,112.2658753138673,117.04527282714844,206758800.0
2025-05-08,NVDA,118.23512643493164,118.66507265437788,115.83542678286972,117.35523986816406,198428100.0
2025-05-09,NVDA,117.33523143311392,118.21512557823269,115.19550133583151,116.63532257080078,132972200.0
2025-05-12,NVDA,121.95465837416761,122.98452758789062,120.26486852149502,122.98452758789062,225023300.0
2025-05-13,NVDA,124.96428378706925,131.20349680462547,124.45434579721417,129.9136505126953,330430100.0
2025-05-14,NVDA,133.18323739959362,135.4229610498005,131.66342437777934,135.32296752929688,281180800.0
2025-05-15,NVDA,134.27309347043854,136.28285028501523,132.64330897356982,134.8130340576172,226632600.0
2025-05-16,NVDA,136.20286928250525,136.3328578150344,133.44322189103337,135.38296508789062,226542500.0
2025-05-19,NVDA,132.3733402168265,135.85289804232983,132.3733402168265,135.55294799804688,193154600.0
2025-05-20,NVDA,134.2730826239034,134.5630546490785,132.6032947519003,134.3630828857422,161514200.0
2025-05-21,NVDA,133.04325269152105,137.3827028648009,130.57356230685332,131.78341674804688,270608700.0
2025-05-22,NVDA,132.21336282687446,134.23311300774128,131.53345568577518,132.81329345703125,187344000.0
2025-05-23,NVDA,129.98365220977007,132.66330787048915,129.14376150329426,131.2734832763672,198821300.0
2025-05-27,NVDA,134.13310453484723,135.64292419162265,133.2932139517279,135.48294067382812,192953600.0
2025-05-28,NVDA,136.01289284806998,137.23274065219468,134.773043287045,134.7930450439453,304021100.0
2025-05-29,NVDA,142.2321134030903,143.47196297724966,137.89266277883826,139.17250061035156,369241900.0
2025-05-30,NVDA,138.7025513364048,139.6024320207408,132.9032778793795,135.11300659179688,333170900.0
2025-06-02,NVDA,135.4729551269194,138.10261378714853,135.38295485750098,137.3627166748047,197663100.0
2025-06-03,NVDA,138.76252943263086,141.9821253260672,137.93263208053457,141.2022247314453,225578800.0
2025-06-04,NVDA,142.17211569309742,142.37208748278405,139.52243989492337,141.9021453857422,167120800.0
2025-06-05,NVDA,142.15211531599257,143.98188696027037,138.81253909953503,139.97239685058594,231397900.0
2025-06-06,NVDA,142.4920575502711,143.2519716576077,141.49218341482276,141.70216369628906,153986200.0
2025-06-09,NVDA,143.17198765195985,144.98175749406252,141.9221449149421,142.612060546875,185114500.0
2025-06-10,NVDA,142.6720500430919,144.27183958658884,141.51219232566982,143.94189453125,155881900.0
2025-06-11,NVDA,144.6018435649776,144.9818270127783,141.8619926278542,142.8219451904297,167694000.0
2025-06-12,NVDA,141.9619934165529,144.9918212890625,141.84200506767834,144.9918212890625,162365000.0
2025-06-13,NVDA,142.47195608609783,143.57190012016565,140.84205843661482,141.9619903564453,180820600.0
2025-06-16,NVDA,143.3419182543515,146.17174515794912,143.19191756263837,144.6818389892578,183133700.0
2025-06-17,NVDA,144.48185167828373,145.2118062109318,143.77188503129375,144.1118621826172,139108000.0
2025-06-18,NVDA,144.00186822839106,145.64177507521472,143.1119190601379,145.47178649902344,161494100.0
2025-06-20,NVDA,145.4417889825313,146.1917466588846,142.6419439392267,143.84188842773438,242956200.0
2025-06-23,NVDA,142.49196127355907,144.77183143330174,142.02198656661903,144.161865234375,154308900.0
2025-06-24,NVDA,145.55178305584516,147.9516567694991,145.4917888831412,147.8916473388672,187566100.0
2025-06-25,NVDA,149.2615908362584,154.44129154756814,149.2515816348226,154.30130004882812,269146500.0
2025-06-26,NVDA,155.9711982969104,156.71116205301092,153.99131424314706,155.01126098632812,198145700.0
2025-06-27,NVDA,156.03119384319848,158.7010567029259,155.25123904977087,157.74110412597656,263234500.0
2025-06-30,NVDA,158.39105963903748,158.65105473929458,155.95121007936535,157.98109436035156,194580300.0
2025-07-01,NVDA,156.28118836420296,157.19114075936278,151.4814709885328,153.29136657714844,213143600.0
2025-07-02,NVDA,152.97137110311218,157.5911210146133,152.9613771597412,157.2411346435547,171224100.0
2025-07-03,NVDA,158.36106240246136,160.97091579811564,157.76110539966962,159.3310089111328,143716100.0
2025-07-07,NVDA,158.19107281354107,159.3010108082469,157.33112071622008,158.2310791015625,140139000.0
2025-07-08,NVDA,159.32102164925746,160.21097087662494,158.3810721884118,159.99098205566406,138133000.0
2025-07-09,NVDA,161.2109090473586,164.41072552837133,161.15091487239096,162.87081909179688,183656400.0
2025-07-10,NVDA,164.31074810125853,164.4907306346819,161.6008940928153,164.09075927734375,167704100.0
2025-07-11,NVDA,163.71077623333997,167.88053943905462,163.4607903198708,164.91070556640625,193633300.0
2025-07-14,NVDA,165.36067502496692,165.48067863727533,162.0108729824689,164.06076049804688,136975800.0
2025-07-15,NVDA,171.18034650685541,172.39026971263084,169.19045325951484,170.69036865234375,230627400.0
2025-07-16,NVDA,171.05035621730414,171.74031976856003,168.89047429804987,171.36033630371094,158831500.0
2025-07-17,NVDA,172.01030913929756,174.15018791751396,170.82037376702192,172.99024963378906,160841100.0
2025-07-18,NVDA,173.63021019833226,174.24017641906912,171.2503394915346,172.40028381347656,146456400.0
2025-07-21,NVDA,172.7402639749064,173.37023335124513,170.99036260323587,171.37034606933594,123126100.0
2025-07-22,NVDA,171.33033873133073,171.38033896465845,164.5707252526767,167.0205841064453,193114300.0
2025-07-23,NVDA,169.52044095634585,171.25033914956657,167.96053134785282,170.77037048339844,154082200.0
2025-07-24,NVDA,172.43027959809626,173.82020061413024,171.29034448608226,173.73020935058594,128984600.0
2025-07-25,NVDA,173.60021352539138,174.71015156060187,172.9502562716434,173.49021911621094,122316800.0
2025-07-28,NVDA,174.0101941822023,176.9900219174052,173.96019394928393,176.7400360107422,140023500.0
2025-07-29,NVDA,177.94996552058157,179.36988356772682,175.01012896550742,175.50009155273438,154077500.0
2025-07-30,NVDA,176.50004870661488,179.87986313645385,176.03007396904806,179.25990295410156,174312200.0
2025-07-31,NVDA,182.88968537366165,183.28967198380855,175.92007699286586,177.85997009277344,221685400.0
2025-08-01,NVDA,174.08017933113513,176.53003812303805,170.88036283204175,173.710205078125,204529000.0
2025-08-04,NVDA,175.150129411279,180.18983857913796,174.5101661001552,179.98985290527344,148174600.0
2025-08-05,NVDA,179.6098628583566,180.24982614601393,175.8900714807458,178.24993896484375,156407600.0
2025-08-06,NVDA,176.32005948301483,179.88985025482887,176.2400621628547,179.40988159179688,137192300.0
2025-08-07,NVDA,181.5597693442696,183.86963665167795,178.78992126086553,180.7598114013672,151878400.0
2025-08-08,NVDA,181.5397681998595,183.2896695438941,180.3898238761652,182.689697265625,123396700.0
2025-08-11,NVDA,182.0397344504628,183.82962677132744,180.23983292857787,182.0497283935547,138323200.0
2025-08-12,NVDA,182.94968779347354,184.46959107996432,179.4498851930147,183.14967346191406,145485700.0
2025-08-13,NVDA,182.60969839497247,183.95962838065756,179.33989375414814,181.5797576904297,179871700.0
2025-08-14,NVDA,179.73985890356857,183.0096786896392,179.44988197821397,182.00973510742188,129554000.0
2025-08-15,NVDA,181.86974661621798,181.88973450248375,178.02995160113952,180.4398193359375,156602200.0
2025-08-18,NVDA,180.58981649127065,182.92968080449612,180.5798072904055,181.99972534179688,132008000.0
2025-08-19,NVDA,182.41970688751834,182.4897102645763,175.48011099603517,175.63009643554688,185229200.0
2025-08-20,NVDA,175.1601234390134,175.99007848098316,168.79048741289236,175.39010620117188,215142700.0
2025-08-21,NVDA,174.8401410010552,176.89001313294924,173.80019113380274,174.97012329101562,140040900.0
2025-08-22,NVDA,172.60026380920357,178.57992220965232,171.19033968434712,177.97996520996094,172789400.0
2025-08-25,NVDA,178.3399565343825,181.89975349617023,176.56005805348863,179.79986572265625,163012800.0
2025-08-26,NVDA,180.04984011627135,182.379710508586,178.79991063056144,181.75975036621094,168688200.0
2025-08-27,NVDA,181.96973565618129,182.47971666734583,179.0899084065932,181.5897674560547,235518900.0
2025-08-28,NVDA,180.80980830742462,184.45959632874283,176.40005338826177,180.1598358154297,281787800.0
2025-08-29,NVDA,178.099952232122,178.13994326196564,173.14022534545884,174.170166015625,243257900.0
2025-09-02,NVDA,169.99041567915194,172.37028638119727,167.2105736316213,170.77037048339844,231164900.0
2025-09-03,NVDA,171.0503597309562,172.40028977270214,168.8704898798795,170.61038208007812,164424900.0
2025-09-04,NVDA,170.56039467979372,171.85031526705663,169.40045639085815,171.65032958984375,141670100.0
2025-09-05,NVDA,168.02052717453523,169.02047080600087,164.06075893837155,167.01058959960938,224441400.0
2025-09-08,NVDA,167.5405549408978,170.95036631358883,167.34056927044318,168.30050659179688,163769100.0
2025-09-09,NVDA,169.08046220477644,170.97035502688004,166.7306038641957,170.7503662109375,157548400.0
2025-09-10,NVDA,176.63004377208136,179.2798883121013,175.46011154547278,177.32000732421875,226852000.0
2025-09-11,NVDA,179.67999267578125,180.27999877929688,176.47999572753906,177.1699981689453,151159300.0
2025-09-12,NVDA,177.77000427246094,178.60000610351562,176.4499969482422,177.82000732421875,124911000.0
2025-09-15,NVDA,175.6699981689453,178.85000610351562,174.50999450683594,177.75,147061600.0
2025-09-16,NVDA,177.0,177.5,174.3800048828125,174.8800048828125,140737800.0
2025-09-17,NVDA,172.63999938964844,173.1999969482422,168.41000366210938,170.2899932861328,211843800.0
2025-09-18,NVDA,173.97999572753906,177.10000610351562,172.9600067138672,176.24000549316406,191763300.0
2025-09-19,NVDA,175.77000427246094,178.0800018310547,175.17999267578125,176.6699981689453,237182100.0
2025-09-22,NVDA,175.3000030517578,184.5500030517578,174.7100067138672,183.61000061035156,269637000.0
2025-09-23,NVDA,181.97000122070312,182.4199981689453,176.2100067138672,178.42999267578125,192559600.0
2025-09-24,NVDA,179.77000427246094,179.77999877929688,175.39999389648438,176.97000122070312,143564100.0
2025-09-25,NVDA,174.47999572753906,180.25999450683594,173.1300048828125,177.69000244140625,191586700.0
2025-09-26,NVDA,178.1699981689453,179.77000427246094,174.92999267578125,178.19000244140625,148573700.0
2025-09-29,NVDA,180.42999267578125,184.0,180.32000732421875,181.85000610351562,193063500.0
2025-09-30,NVDA,182.0800018310547,187.35000610351562,181.47999572753906,186.5800018310547,236981000.0
2025-10-01,NVDA,185.24000549316406,188.13999938964844,183.89999389648438,187.24000549316406,173844900.0
2025-10-02,NVDA,189.60000610351562,191.0500030517578,188.05999755859375,188.88999938964844,136805800.0
2025-10-03,NVDA,189.19000244140625,190.36000061035156,185.3800048828125,187.6199951171875,137596900.0
2025-10-06,NVDA,185.5,187.22999572753906,183.3300018310547,185.5399932861328,157678100.0
2025-10-07,NVDA,186.22999572753906,189.05999755859375,184.0,185.0399932861328,140088000.0
2025-10-08,NVDA,186.57000732421875,189.60000610351562,186.5399932861328,189.11000061035156,130168900.0
2025-10-09,NVDA,192.22999572753906,195.3000030517578,191.05999755859375,192.57000732421875,182997200.0
2025-10-10,NVDA,193.50999450683594,195.6199951171875,182.0500030517578,183.16000366210938,268774400.0
2025-10-13,NVDA,187.97000122070312,190.11000061035156,185.9600067138672,188.32000732421875,153482800.0
2025-10-14,NVDA,184.77000427246094,184.8000030517578,179.6999969482422,180.02999877929688,205641400.0
2025-10-15,NVDA,184.8000030517578,184.8699951171875,177.2899932861328,179.8300018310547,214450500.0
2025-10-16,NVDA,182.22999572753906,183.27999877929688,179.77000427246094,181.80999755859375,179723300.0
2025-10-17,NVDA,180.17999267578125,184.10000610351562,179.75,183.22000122070312,173135200.0
2025-10-20,NVDA,183.1300048828125,185.1999969482422,181.72999572753906,182.63999938964844,128544700.0
2025-10-21,NVDA,182.7899932861328,182.7899932861328,179.8000030517578,181.16000366210938,124240200.0
2025-10-22,NVDA,181.13999938964844,183.44000244140625,176.75999450683594,180.27999877929688,162249600.0
2025-10-23,NVDA,180.4199981689453,183.02999877929688,179.7899932861328,182.16000366210938,111363700.0
2025-10-24,NVDA,183.83999633789062,187.47000122070312,183.5,186.25999450683594,130942300.0
