date,Ticker,Open,High,Low,Close,Volume
2008-01-02,RTX,31.607851241261393,31.81406338784322,30.86962185611383,31.018091201782227,6773748.0
2008-01-03,RTX,31.05931878430187,31.628456818762285,30.939715900303128,31.459365844726562,6921366.0
2008-01-04,RTX,31.216047800471113,31.42225740842395,30.890235269957294,30.939725875854492,8803537.0
2008-01-07,RTX,31.06757287926576,31.220169523847808,30.560297344374458,30.79537582397461,9297080.0
2008-01-08,RTX,31.009830988765007,31.009830988765007,29.463258038443918,29.60760498046875,13110680.0
2008-01-09,RTX,29.553982465706753,30.135494935689998,29.100320042323812,29.67770767211914,14670125.0
2008-01-10,RTX,29.512751813431414,30.011777652582506,28.88174854175267,29.855058670043945,11332112.0
2008-01-11,RTX,29.640600681176622,29.88805116972972,29.397272534169876,29.562238693237305,9059842.0
2008-01-14,RTX,29.739575928403365,29.900419727274887,29.533366378550785,29.77256965637207,6819829.0
2008-01-15,RTX,29.66947641677506,29.813823401702315,29.356035892413438,29.430273056030273,7249813.0
2008-01-16,RTX,29.39726953060666,29.797316612810814,29.12507252106668,29.298288345336914,11274908.0
2008-01-17,RTX,29.273547802060037,29.368404157652176,27.904312908449757,28.081653594970703,14624362.0
2008-01-18,RTX,28.283742962405668,28.869378006282286,27.924936720798915,28.06515884399414,14376636.0
2008-01-22,RTX,27.005236676259383,28.061031082043904,26.889761116176608,27.731096267700195,17923920.0
2008-01-23,RTX,27.34343473195009,29.442652560130757,27.252703175493718,29.273561477661133,19565039.0
2008-01-24,RTX,29.450888487676977,30.053022904598276,29.343660098322843,29.925172805786133,13367304.0
2008-01-25,RTX,30.325222006589197,30.609791116625157,29.90042826270566,30.0035343170166,12722011.0
2008-01-28,RTX,29.87980990106055,30.498438744796903,29.69009465573984,30.40770721435547,9247821.0
2008-01-29,RTX,30.63041358630684,30.651032797756383,29.987038191222656,30.180875778198242,7792774.0
2008-01-30,RTX,30.08601866048449,30.688150617943567,29.834443287835683,30.0035343170166,10426065.0
2008-01-31,RTX,29.54986398749534,30.519051646129938,29.54986398749534,30.21798324584961,11154303.0
2008-02-01,RTX,30.312846700586622,30.62628467195032,30.20974065743042,30.568544387817383,7323701.0
2008-02-04,RTX,30.56855319608725,30.6469152114121,30.354096364381203,30.539684295654297,5313775.0
2008-02-05,RTX,30.065397147469156,30.41182889240944,29.776703193384133,29.838565826416016,9990996.0
2008-02-06,RTX,29.982903182696504,30.081884363748678,29.570484094882666,29.640596389770508,7464804.0
2008-02-07,RTX,29.5003795804017,29.657098575115477,29.211688142715595,29.475635528564453,11642921.0
2008-02-08,RTX,29.37252820305051,29.731334438427705,29.211686873289533,29.426143646240234,7946907.0
2008-02-11,RTX,29.475629587273186,29.55398906883545,29.042588768174124,29.516870498657227,5769341.0
2008-02-12,RTX,29.64472688937784,30.31284879540505,29.57873941718235,30.03240203857422,8007766.0
2008-02-13,RTX,30.388652522692738,30.454931259155273,30.007552298971802,30.454931259155273,7452410.0
2008-02-14,RTX,30.525361079485016,30.529501618399845,30.024129886253416,30.09454917907715,6361562.0
2008-02-15,RTX,30.032399499531284,30.032399499531284,29.394470556425457,29.630586624145508,8376731.0
2008-02-19,RTX,30.028263128585632,30.094539349908775,29.73829493041026,29.8045711517334,6248901.0
2008-02-20,RTX,29.60158519858018,29.866700045062114,29.369612218846196,29.84598731994629,5868336.0
2008-02-21,RTX,29.895694215639608,29.899834751616496,29.34061381192178,29.365467071533203,7279527.0
2008-02-22,RTX,29.28262056450028,30.00754082879004,29.28262056450028,29.920549392700195,5890105.0
2008-02-25,RTX,29.99925436392084,30.475631966534944,29.9081223927143,30.409353256225586,10162926.0
2008-02-26,RTX,30.206371894563617,30.550192051704396,30.111096883115714,30.359642028808594,8225300.0
2008-02-27,RTX,30.260244111663265,30.430084035332733,30.03241153753445,30.210535049438477,8025880.0
2008-02-28,RTX,30.0531265000667,30.18154095925547,29.738304926935253,29.895715713500977,6703832.0
2008-02-29,RTX,29.510448276721313,29.76313393919619,29.14591793487745,29.208053588867188,7430959.0
2008-03-03,RTX,28.971938438542317,28.971938438542317,28.25116125365705,28.748249053955078,13089070.0
2008-03-04,RTX,28.541137695312504,28.61570251927846,28.25116951773852,28.5411376953125,12877574.0
2008-03-05,RTX,28.288448488051475,29.112786923023652,28.288448488051475,28.88495445251465,8495430.0
2008-03-06,RTX,28.80211614736232,29.075514705602863,28.508004854287815,28.512147903442383,7798335.0
2008-03-07,RTX,28.371299382528175,28.698547450112557,27.903207768174138,27.957059860229492,10738780.0
2008-03-10,RTX,28.00262940312112,28.00262940312112,27.397839724396512,27.43511962890625,11240745.0
2008-03-11,RTX,27.998475349803673,28.321582794189453,27.559380167008566,28.321582794189453,9518428.0
2008-03-12,RTX,28.375448820182005,28.590852215031536,28.189039235515107,28.251174926757812,6884025.0
2008-03-13,RTX,27.915625405248033,28.578409933897568,27.787211044062417,28.379573822021484,8218149.0
2008-03-14,RTX,28.64469901877149,28.64469901877149,27.733369020008432,28.048192977905273,9569753.0
2008-03-17,RTX,27.45997301715272,28.247026634080314,27.45997301715272,27.98605728149414,12340492.0
2008-03-18,RTX,28.532838310416814,28.938794036419146,28.31329203017101,28.92636489868164,11212937.0
2008-03-19,RTX,28.83939938627337,29.19978692135356,28.483152389526367,28.483152389526367,9691947.0
2008-03-20,RTX,28.52042803623446,28.864245803493116,28.22631680467816,28.58670425415039,10182471.0
2008-03-24,RTX,28.756545522929855,29.28677286860935,28.665411010854402,29.137645721435547,6862732.0
2008-03-25,RTX,29.170775761662863,29.24533805594318,28.810385898943036,29.063074111938477,7347536.0
2008-03-26,RTX,28.95538108832703,28.95952413708549,28.66955592088883,28.83525276184082,6729892.0
2008-03-27,RTX,29.00094851135141,29.23706461761786,28.694410622596003,28.752403259277344,6822213.0
2008-03-28,RTX,28.889101825963714,29.096221599911242,28.309165454535286,28.396154403686523,7694256.0
2008-03-31,RTX,28.4417130784255,28.719254558639868,28.234593357813175,28.507991790771484,8245003.0
2008-04-01,RTX,28.68197647440631,29.659585117789103,28.68197647440631,29.51045799255371,11692021.0
2008-04-02,RTX,29.713433899322588,29.758999891965317,29.34476039947391,29.4856014251709,8462537.0
2008-04-03,RTX,29.460738246588896,29.469021828400955,29.067209103492086,29.31161117553711,5796990.0
2008-04-04,RTX,29.299185318617265,29.99096611109078,29.286758690103465,29.713424682617188,7213583.0
2008-04-07,RTX,29.866699438117916,30.061392521812152,29.609870691276612,29.738285064697266,6222206.0
2008-04-08,RTX,29.55602082254135,29.742427825927734,29.411036760705993,29.742427825927734,4912552.0
2008-04-09,RTX,29.701000302437418,29.83355771245177,29.121064144562077,29.332326889038086,6896578.0
2008-04-10,RTX,29.27847851627543,29.89983768789357,29.24119862319727,29.763139724731445,7082173.0
2008-04-11,RTX,29.28262701524289,29.406898370514984,28.727546453672826,28.802108764648438,12390069.0
2008-04-14,RTX,28.735826029519984,29.1666351757088,28.735826029519984,28.99265480041504,8105489.0
2008-04-15,RTX,29.203914172118413,29.597440866610786,29.01750718698059,29.344755172729492,6997797.0
2008-04-16,RTX,29.473180259373226,30.334798764440045,29.473180259373226,30.08625602722168,10216952.0
2008-04-17,RTX,29.547750552887596,29.585030463800578,29.03409278932277,29.324058532714844,10589732.0
2008-04-18,RTX,29.879137870893384,30.07797408025493,29.489751549696354,30.036548614501953,11178297.0
2008-04-21,RTX,29.817003802907387,29.966130968029358,29.65959305074803,29.86256980895996,5756788.0
2008-04-22,RTX,29.680298351155248,29.783859493048407,29.377903533016,29.59330940246582,6505684.0
2008-04-23,RTX,29.763152788262616,29.96613206484273,29.42761853766112,29.767295837402344,7204049.0
2008-04-24,RTX,29.825279570198013,30.29337116590009,29.725861486182648,30.11524772644043,7180850.0
2008-04-25,RTX,30.239522877103266,30.2850913878752,29.862565733167425,30.10696792602539,5399740.0
2008-04-28,RTX,30.044835546588917,30.488071470262565,30.044835546588917,30.25609588623047,6452770.0
2008-04-29,RTX,30.276807210124666,30.388651948055596,29.966128777504636,30.285093307495117,5372091.0
2008-04-30,RTX,30.285080958219964,30.587475681101363,29.96197351129701,30.01996612548828,8001727.0
2008-05-01,RTX,30.032396544841028,30.94372638640461,30.032396544841028,30.860877990722656,8210681.0
2008-05-02,RTX,31.026576184931763,31.23369594479439,30.898161783160642,31.109424591064453,8735051.0
2008-05-05,RTX,30.939589349223965,31.068003759742354,30.827744621060795,30.910593032836914,5380672.0
2008-05-06,RTX,30.852601179607678,31.034867704954184,30.587488744587773,30.935449600219727,4074673.0
2008-05-07,RTX,31.01001244406734,31.068007594939036,30.251955032348636,30.251955032348633,6911356.0
2008-05-08,RTX,30.384483574611753,30.79458227917652,30.33477456463613,30.6785945892334,6079355.0
2008-05-09,RTX,30.50050247603134,30.50050247603134,29.98684469158847,30.29338264465332,6337250.0
2008-05-12,RTX,30.309935389223526,30.88987159729004,30.29336571153769,30.88987159729004,5296455.0
2008-05-13,RTX,30.906434819362005,31.15912046808774,30.724168402888917,31.034849166870117,5397515.0
2008-05-14,RTX,31.234552192939507,31.559045720663523,31.059822969004188,31.267833709716797,7117131.0
2008-05-15,RTX,31.138869674358318,31.209591008980254,30.810215313820734,30.905899047851562,7830592.0
2008-05-16,RTX,30.893427819155274,31.018232286259764,30.57309500867513,30.76862335205078,9072713.0
2008-05-19,RTX,30.697882052779374,31.20126297856602,30.685402117494064,30.93501091003418,5764415.0
2008-05-20,RTX,30.826858483651524,30.889260704490084,30.37339965573461,30.535646438598633,7982500.0
2008-05-21,RTX,30.64797489097659,30.79358093227167,29.899145622680283,29.9615478515625,9556405.0
2008-05-22,RTX,29.96154048110012,30.102985666551966,29.766012200456778,29.886655807495117,6230151.0
2008-05-23,RTX,29.645378078828823,29.716101961054243,29.075436286156226,29.12535858154297,11169876.0
2008-05-27,RTX,29.067108471891686,29.470645049315866,29.050467710295546,29.454004287719727,7340227.0
2008-05-28,RTX,29.54968392550887,29.62872690166665,29.008863031437905,29.21687126159668,7882076.0
2008-05-29,RTX,29.104546766876755,29.578807145532675,28.91317929599905,29.21687126159668,9118000.0
2008-05-30,RTX,29.245986006678844,29.63288168992641,29.02133706296792,29.5538387298584,8430598.0
2008-06-02,RTX,29.300065145821293,29.54967392888574,29.1253384933345,29.424869537353516,6938369.0
2008-06-03,RTX,29.524730133990015,29.578813243230087,28.813340680207215,29.02134895324707,11020033.0
2008-06-04,RTX,28.875739548526553,29.000543993480044,28.684372060475344,28.813337326049805,11367229.0
2008-06-05,RTX,28.888199702173708,29.16277080603402,28.734274661720807,29.10869026184082,8650834.0
2008-06-06,RTX,28.88404817520827,28.88404817520827,27.844007308900853,27.877288818359375,18800730.0
2008-06-09,RTX,28.022889585782337,28.18097546548719,27.65263475312283,28.101932525634766,9889936.0
2008-06-10,RTX,27.956326750458356,28.126895086217306,27.881444628483756,27.906404495239258,8282345.0
2008-06-11,RTX,27.893933280469398,27.95633548857086,27.70256583650254,27.72752571105957,9693695.0
2008-06-12,RTX,28.00625816834387,28.70516744836179,27.935534319884756,28.25586700439453,12765549.0
2008-06-13,RTX,28.480512558559816,28.763405396846466,28.318268347560604,28.52211570739746,8032713.0
2008-06-16,RTX,28.434766151916673,28.80086040562917,28.251717764205562,28.655254364013672,7836471.0
2008-06-17,RTX,28.859111787134225,28.859111787134225,28.368210384020227,28.459735870361328,8296010.0
2008-06-18,RTX,28.226736705993662,28.576192487959595,28.226736705993662,28.318262100219727,7978687.0
2008-06-19,RTX,28.359867269317473,28.705162288388237,27.86896628148797,28.630277633666992,8359729.0
2008-06-20,RTX,28.468039661647936,28.68020871239705,28.197629214175603,28.621967315673828,14018953.0
2008-06-23,RTX,28.800845994568967,28.800845994568967,28.468030910715587,28.630277633666992,7338638.0
2008-06-24,RTX,28.58035609501615,28.705163015476703,28.2683450981361,28.3557071685791,9182354.0
2008-06-25,RTX,28.247555946569918,28.40564192407008,27.38224136951983,27.465442657470703,17425133.0
2008-06-26,RTX,27.211655564190334,27.323980005124863,26.063451288729848,26.121692657470703,23160152.0
2008-06-27,RTX,26.09673628255971,26.105057920987512,25.397829609803228,25.439430236816406,21492814.0
2008-06-30,RTX,25.43943362488583,25.855450037257853,25.173184028782956,25.668243408203125,15592539.0
2008-07-01,RTX,25.335429535616864,25.518475335893882,24.77380463267842,25.24390411376953,23232928.0
2008-07-02,RTX,25.38534824354846,25.464393725176524,24.83620834350586,24.83620834350586,14352484.0
2008-07-03,RTX,24.99430202877307,25.414479353561806,24.956859686022547,25.397838592529297,8582825.0
2008-07-07,RTX,25.45606679354988,25.818002527876555,25.052530439071127,25.20229721069336,11544880.0
2008-07-08,RTX,25.169027634775233,25.98441984553586,25.169027634775233,25.697368621826172,11048794.0
2008-07-09,RTX,25.776401859642153,25.86792726749305,25.38534540151057,25.42694854736328,13388755.0
2008-07-10,RTX,25.426955328253317,25.95945707653373,25.426955328253317,25.863773345947266,10794872.0
2008-07-11,RTX,25.50600991227392,25.709857404651103,24.86118338140601,25.248079299926758,13709256.0
2008-07-14,RTX,25.50184145770035,25.61000766526642,25.023422730152586,25.397838592529297,7109504.0
2008-07-15,RTX,25.243900092231165,25.31046310780386,24.490910391554817,24.994291305541992,10714309.0
2008-07-16,RTX,25.02758323927304,25.481042080481746,24.528362936221985,25.42279815673828,13637910.0
2008-07-17,RTX,26.83309472975586,27.170068217143744,26.034340798321818,26.916296005249023,22954058.0
2008-07-18,RTX,27.041097938825043,27.041097938825043,26.375470206560117,26.662521362304688,12681015.0
2008-07-21,RTX,26.82476724003485,26.82476724003485,26.338027023816398,26.6458797454834,7452728.0
2008-07-22,RTX,26.662529733148425,27.17839082022661,26.504443759052126,27.153430938720703,10415895.0
2008-07-23,RTX,27.23663720985305,27.440484666285727,26.932942653237887,27.365602493286133,10170077.0
2008-07-24,RTX,27.43215353913375,27.44879429645893,26.641723870459973,26.708284378051758,10345661.0
2008-07-25,RTX,26.7873283304255,27.161741566206782,26.779006691385664,27.136781692504883,8075139.0
2008-07-28,RTX,27.240789587635557,27.240789587635557,26.6292448295676,26.654207229614258,7385990.0
2008-07-29,RTX,26.64172050113185,27.303187369017184,26.625079745911194,27.257423400878906,9057141.0
2008-07-30,RTX,27.307352589754878,27.71504993516988,27.199188914252257,27.561124801635742,9053963.0
2008-07-31,RTX,27.37390697173061,27.477912315768208,26.604276504002843,26.616756439208984,10875593.0
2008-08-01,RTX,26.654200862372818,26.762364512178465,26.18410141117056,26.442031860351562,9684002.0
2008-08-04,RTX,26.40459381716797,26.72076822273936,26.06346205687824,26.525239944458008,8024132.0
2008-08-05,RTX,26.69164662218695,27.290708853243057,26.48779671086227,27.265748977661133,8964185.0
2008-08-06,RTX,27.20334511002831,27.764967493502834,27.007816850279987,27.685924530029297,11359761.0
2008-08-07,RTX,27.38638480320569,27.43630706190386,26.891325556584178,26.932926177978516,11078826.0
2008-08-08,RTX,26.9953407557925,27.852333538955808,26.83309398617118,27.81489372253418,9391149.0
2008-08-11,RTX,27.744159212564785,28.12273570354255,27.602714076410503,27.96464729309082,7531383.0
2008-08-12,RTX,27.856479926709028,27.972965179213535,27.581908806659488,27.669273376464844,6973803.0
2008-08-13,RTX,27.648372125260156,27.82394346437477,27.25960357835751,27.631650924682617,6922320.0
2008-08-14,RTX,27.46861978629702,28.007876652943043,27.301410299399333,27.640012741088867,7264749.0
2008-08-15,RTX,27.73617795199388,28.133306138987585,27.602408244046433,27.92428970336914,7064535.0
2008-08-18,RTX,28.053875650371705,28.053875650371705,27.288883446529166,27.518796920776367,7054524.0
2008-08-19,RTX,27.293068999241353,27.364134795109553,27.008810883571144,27.15093994140625,6255099.0
2008-08-20,RTX,27.163468085334877,27.234533849458824,26.74962137422528,27.06732177734375,7182916.0
2008-08-21,RTX,26.79561770831398,27.03807406942033,26.55316134720763,26.84160041809082,6474698.0
2008-08-22,RTX,27.121673397214852,27.614947871461546,26.33577898751351,27.58150291442871,6511881.0
2008-08-25,RTX,27.46445240853929,27.502073227892495,26.954456807380833,27.15511131286621,7293987.0
2008-08-26,RTX,27.025525321910717,27.226179847767014,26.90429591239737,27.125852584838867,4963559.0
2008-08-27,RTX,27.11330485544673,27.29723558634124,26.962814002433067,27.192729949951172,5844342.0
2008-08-28,RTX,27.33485727323009,27.999521999638738,27.176007093866975,27.890832901000977,5689415.0
2008-08-29,RTX,27.731982171104438,27.96189810009721,27.351577935123473,27.4184627532959,6335025.0
2008-09-02,RTX,27.76962301570986,28.405026654890772,27.46446274090558,27.656755447387695,8795115.0
2008-09-03,RTX,28.342309155024623,28.342309155024623,27.715265156805835,28.183456420898438,9247186.0
2008-09-04,RTX,27.890842292074627,28.003709829509713,26.854132308552185,27.121671676635742,13626628.0
2008-09-05,RTX,26.954463931695212,27.20110119306773,26.6200422013959,26.787254333496094,10812192.0
2008-09-08,RTX,27.284710868049544,27.623313579913397,26.879223294498793,27.497905731201172,11699489.0
2008-09-09,RTX,27.405923004598755,27.589856275077288,26.79978370666504,26.79978370666504,11823431.0
2008-09-10,RTX,26.941911807362143,26.941911807362143,26.29396824778811,26.469539642333984,9884375.0
2008-09-11,RTX,26.331609261462262,26.724554061889645,26.05152950891904,26.72455406188965,11406319.0
2008-09-12,RTX,26.507166607062032,27.130029709818146,26.482083527903235,26.946096420288086,9292313.0
2008-09-15,RTX,26.264706083500105,26.803963057839486,26.135117374977458,26.38593292236328,12926833.0
2008-09-16,RTX,25.984627813949178,26.666013801168567,25.875941240289038,26.381755828857422,15255195.0
2008-09-17,RTX,26.030610516994773,26.160199232035843,25.328324921868997,25.378488540649414,14335005.0
2008-09-18,RTX,25.637674593248654,26.243814089711766,24.93120529158156,26.122587203979492,16979260.0
2008-09-19,RTX,26.966999694712996,28.003709672419905,25.503902652365788,26.879215240478516,17582603.0
2008-09-22,RTX,26.557332366837137,27.004621553147132,25.616768767711935,25.75889778137207,11848061.0
2008-09-23,RTX,25.792335598045934,26.114216922744006,25.064966916150286,25.144392013549805,10439730.0
2008-09-24,RTX,24.927017211914062,25.382668204749557,24.718003390212484,24.927017211914062,9338553.0
2008-09-25,RTX,25.127676948686425,25.273986907846222,24.609321954394645,24.734729766845703,12753791.0
2008-09-26,RTX,24.295799254577027,25.46627889727367,24.157851171265236,25.441198348999023,9715146.0
2008-09-29,RTX,25.035700109929728,25.16528879924873,23.472273969681314,23.685468673706055,15591268.0
2008-09-30,RTX,23.965555966283844,25.232181798820044,23.815065090979452,25.10677146911621,14407781.0
2008-10-01,RTX,24.86431355720206,25.0649680442316,24.50480886822422,24.713825225830078,13133085.0
2008-10-02,RTX,24.433741701279,24.617674951422387,22.945562097272717,22.983182907104492,16624754.0
2008-10-03,RTX,23.56006747047835,23.869408543965275,22.903761972949262,22.93302345275879,15463830.0
2008-10-06,RTX,22.523355902067212,22.77417146237396,21.03099520976198,22.00918197631836,20281996.0
2008-10-07,RTX,21.96320450172587,22.569346542661936,20.91395413899052,20.951576232910156,17357918.0
2008-10-08,RTX,20.399773870356995,21.73328443729798,20.3412496454196,20.76763916015625,22235830.0
2008-10-09,RTX,21.21074966178551,21.29853410309851,19.367244720458984,19.367244720458984,18716513.0
2008-10-10,RTX,18.815452162310446,21.16477107237905,18.09226290249134,19.910686492919922,33350885.0
2008-10-13,RTX,20.60878617987589,22.652944098745763,20.458296593746507,22.62786102294922,21823008.0
2008-10-14,RTX,24.090961139443845,24.090961139443845,21.574430956698674,21.95901870727539,24989409.0
2008-10-15,RTX,21.482467645396994,22.69474890141244,20.408135723131597,20.587886810302734,23119473.0
2008-10-16,RTX,20.77599860781015,22.351964152586103,19.91068056879337,22.105329513549805,25580834.0
2008-10-17,RTX,22.042622345511926,22.36868203690472,21.043533530246243,21.198204040527344,18146698.0
2008-10-20,RTX,21.465744613211648,21.858691704360826,20.5878850608614,21.833608627319336,17478523.0
2008-10-21,RTX,21.40304257789798,21.858693600322624,21.072800616808166,21.298534393310547,11553778.0
2008-10-22,RTX,20.83033913876261,21.177302220975985,19.860513108623614,20.316164016723633,15576490.0
2008-10-23,RTX,20.466659717776153,20.884688675638913,19.25855806934263,20.353792190551758,19101369.0
2008-10-24,RTX,18.886515847741318,20.445760475872184,18.827991611584984,19.776914596557617,14549043.0
2008-10-27,RTX,19.513548328229536,19.973378863833187,18.81126162292852,18.886507034301758,13174558.0
2008-10-28,RTX,19.33380165558766,21.51172814891091,19.09134541539928,21.440662384033203,17620103.0
2008-10-29,RTX,21.65385988915625,22.573523878200746,21.277636476074978,21.77090835571289,18340715.0
2008-10-30,RTX,22.556801367721388,22.92466542178219,21.62877809439717,22.393770217895508,12818304.0
2008-10-31,RTX,22.573516632564328,23.25072159942232,21.946472744229414,22.974822998046875,11790380.0
2008-11-03,RTX,22.974836652505935,23.28417784601162,22.61115087976911,22.678035736083984,6552242.0
2008-11-04,RTX,23.409581515681634,24.09514863691648,23.15458494681896,23.932117462158203,12765867.0
2008-11-05,RTX,23.6018682429904,23.802522725757207,22.36450653429544,22.435569763183594,12882023.0
2008-11-06,RTX,22.230735636669575,22.65712512176861,20.9975523981949,21.156402587890625,13927903.0
2008-11-07,RTX,21.285990362472496,21.72073916444187,20.964109062301905,21.658035278320312,9638397.0
2008-11-10,RTX,22.16384548668265,22.673840879039552,21.4908215427413,21.81688117980957,10918655.0
2008-11-11,RTX,21.49082389335246,22.155488575970573,20.901403360764824,21.653852462768555,10706682.0
2008-11-12,RTX,21.39485273537376,21.41591140253276,20.607286920541362,20.640979766845703,11009545.0
2008-11-13,RTX,20.973694382333232,22.089765431226386,19.61335275441849,22.01816749572754,18792150.0
2008-11-14,RTX,21.601217215206955,22.55724843668607,20.948422854769845,21.1547908782959,11484656.0
2008-11-17,RTX,20.89366785551998,21.285345148262245,20.21981370749451,20.278776168823242,12756174.0
2008-11-18,RTX,20.068199157893705,20.847342852212662,19.87867758074182,20.771533966064453,14399677.0
2008-11-19,RTX,20.695728282314224,20.86840346704133,19.31432935737234,19.36907958984375,15801493.0
2008-11-20,RTX,19.078467617171192,19.537530410436332,18.00872560537919,18.20245933532715,26195142.0
2008-11-21,RTX,18.43832271496296,19.8070877186124,17.587582086246915,19.65546989440918,25126221.0
2008-11-24,RTX,19.866050066203755,21.003178633986458,19.428044298021142,20.68309783935547,15885869.0
2008-11-25,RTX,21.057922241807283,21.057922241807283,19.621772001079265,19.849197387695312,20570082.0
2008-11-26,RTX,19.45330730244106,20.11873698190862,19.246939320848412,20.101890563964844,13691301.0
2008-11-28,RTX,20.03029238157333,20.510412703078945,20.03029238157333,20.43881607055664,6317546.0
2008-12-01,RTX,20.186123509146476,20.186123509146476,19.141650658117708,19.213247299194336,14704765.0
2008-12-02,RTX,19.55439025098371,19.62598690995961,18.973191214866734,19.398561477661133,15021294.0
2008-12-03,RTX,19.29748320444157,20.00924006579729,19.03636366366648,19.92922019958496,12681809.0
2008-12-04,RTX,19.684941755256073,20.299833398627825,19.55017170100911,19.861827850341797,15443968.0
2008-12-05,RTX,19.651256874187272,20.805231754360566,19.297484540866872,20.640979766845703,14979026.0
2008-12-08,RTX,21.104248737841388,21.268500685563808,20.438819013853543,20.489356994628906,15867277.0
2008-12-09,RTX,20.39670112278094,20.544106638110392,19.861829280276673,20.20296859741211,15506574.0
2008-12-10,RTX,20.405115274574136,20.624117329059594,19.882879115248592,20.219804763793945,11419031.0
2008-12-11,RTX,19.87025631076024,20.485148116664668,19.647043149969086,19.828140258789062,10705252.0
2008-12-12,RTX,19.293265958496892,20.615703359297612,19.17113006898742,20.56095314025879,15846779.0
2008-12-15,RTX,20.84312381016401,21.100030980088746,20.58200567504551,20.90208625793457,12694521.0
2008-12-16,RTX,21.33167848846194,21.824434432565788,20.670459595578482,21.761260986328125,14329125.0
2008-12-17,RTX,21.436963675505112,21.677023219162546,21.150574567341963,21.31061553955078,10250798.0
2008-12-18,RTX,21.386423213642157,21.782312740843203,21.281132468073018,21.399057388305664,12619520.0
2008-12-19,RTX,21.9844673826336,22.05606529446462,21.184266389217598,21.634904861450195,19258998.0
2008-12-22,RTX,21.331676013646476,21.86233698507779,21.03686620659419,21.790739059448242,12550717.0
2008-12-23,RTX,21.900232058752273,22.05184979222543,21.222167052923027,21.319034576416016,9329178.0
2008-12-24,RTX,21.390633208303093,21.647540420352993,21.24743994524628,21.54224967956543,2240808.0
2008-12-26,RTX,21.571729990821183,21.69807682087907,21.31482153606333,21.533824920654297,3149398.0
2008-12-29,RTX,21.445383397626642,21.618057250976562,21.217958052788145,21.618057250976562,6214261.0
2008-12-30,RTX,21.80759066189238,22.38036654440634,21.66018508512132,22.33824920654297,7672963.0
2008-12-31,RTX,22.384566881994676,22.77624413025652,22.33823732441346,22.574087142944336,7357865.0
2009-01-02,RTX,22.515126086924155,23.26478775629709,22.334027756359458,23.142650604248047,7452887.0
2009-01-05,RTX,22.877324139286227,23.155288769833593,22.65832325029404,22.8689022064209,8679595.0
2009-01-06,RTX,22.995251403619516,23.378506827569293,22.784672426118167,23.113176345825195,8198922.0
2009-01-07,RTX,22.595147229104526,22.704647661050732,22.254009206104516,22.540395736694336,9223033.0
2009-01-08,RTX,22.39299483088848,22.641478889681395,22.224530629524686,22.53618812561035,9489985.0
2009-01-09,RTX,22.679375414417493,22.742548827869726,22.131868243041907,22.19504165649414,7029736.0
2009-01-12,RTX,22.182414195346656,22.371934493039976,21.90023731740091,22.051855087280273,7191337.0
2009-01-13,RTX,21.933930735272,22.140297457298903,21.184268904797236,21.394847869873047,11097894.0
2009-01-14,RTX,21.015806414938044,21.268501433449707,20.742052733628647,21.070556640625,9412283.0
2009-01-15,RTX,21.070549965306377,21.272706937220615,20.291407770249442,20.927356719970703,10112873.0
2009-01-16,RTX,21.289553725995045,21.689652882186785,20.897875224240686,21.521188735961914,13003899.0
2009-01-20,RTX,21.436956363594426,21.584361833710823,20.699927736575674,20.788372039794922,12569626.0
2009-01-21,RTX,20.88524664086034,21.011593507905364,19.874466598751063,20.74205207824707,19011591.0
2009-01-22,RTX,20.493571484027726,20.784170330198585,20.106105079362504,20.615707397460938,12492400.0
2009-01-23,RTX,19.98396754381765,20.278778609506585,19.769177609210203,19.967121124267578,9889459.0
2009-01-26,RTX,20.17348694315346,20.817859230141696,20.00081179966402,20.497779846191406,10202016.0
2009-01-27,RTX,20.74626004559808,20.994742761913574,20.43881487447591,20.737836837768555,8035414.0
2009-01-28,RTX,20.82206347439729,21.508550265566708,20.82206347439729,21.33587646484375,8048603.0
2009-01-29,RTX,21.057920516571098,21.137940364352378,20.426182390499086,20.501991271972656,9786174.0
2009-01-30,RTX,20.52726566923917,20.99475068920029,19.94185441870059,20.211397171020508,10778187.0
2009-02-02,RTX,19.90395042839019,20.28720461124246,19.76918032987963,20.021875381469727,9959534.0
2009-02-03,RTX,20.316677116580987,20.485141268145373,19.857615494660468,20.346158981323242,8626840.0
2009-02-04,RTX,20.32931762246363,20.57780166960543,19.941851253932093,20.01766014099121,8887118.0
2009-02-05,RTX,19.891307249798768,20.438813159915018,19.592284035153416,20.236656188964844,10534434.0
2009-02-06,RTX,20.287203929495732,20.87682612220433,20.211396310072438,20.64940071105957,11399168.0
2009-02-09,RTX,20.674661757248703,21.003165559786858,20.468293820213592,20.89787483215332,11096305.0
2009-02-10,RTX,20.742051162615628,20.965265568028865,19.689156395594893,19.81971549987793,12868358.0
2009-02-11,RTX,19.903947108841123,20.22824003750604,19.794445384958365,20.055564880371094,7171475.0
2009-02-12,RTX,19.62598498693327,19.798660166205835,19.12480714677167,19.75654411315918,10144494.0
2009-02-13,RTX,19.853412890216656,20.198763292132234,19.70179635664554,19.832355499267578,7066442.0
2009-02-17,RTX,19.36065366357518,19.672309869379518,19.027938795317137,19.23851776123047,17277197.0
2009-02-18,RTX,19.431776607732584,19.49548701728031,18.909347902494932,19.04951286315918,10109695.0
2009-02-19,RTX,19.198167266185646,19.5082270363438,18.94757242431737,18.994293212890625,8789871.0
2009-02-20,RTX,18.701224230754956,18.98579829436478,18.382669656629638,18.684234619140625,13555600.0
2009-02-23,RTX,18.74795114087016,18.892362886747144,17.932453378956,17.987668991088867,11951346.0
2009-02-24,RTX,17.996163650927013,18.41240666360675,17.73707265352471,18.263748168945312,14991262.0
2009-02-25,RTX,18.11933255367096,18.11933255367096,17.439750689832067,17.635129928588867,16282483.0
2009-02-26,RTX,17.73282447153414,17.872988157230147,17.41851915607422,17.456745147705078,12507178.0
2009-02-27,RTX,17.248613439974473,17.562919868530305,17.031996603780453,17.342056274414062,20708643.0
2009-03-02,RTX,17.08721349287933,17.129687508596092,16.59876424306619,16.636991500854492,21078403.0
2009-03-03,RTX,16.768665675637376,16.789902046652905,16.314195492866066,16.373659133911133,18272706.0
2009-03-04,RTX,16.636991880761112,16.92156586163205,16.51381787601303,16.63274383544922,15476542.0
2009-03-05,RTX,16.178270922055933,16.509566906240536,15.97439696536011,16.10606575012207,17156910.0
2009-03-06,RTX,16.241984987366894,16.47134338356355,16.02961619735417,16.36940574645996,19368639.0
2009-03-09,RTX,16.152795850179828,16.458608892861836,15.885211368763535,15.953169822692871,12328892.0
2009-03-10,RTX,16.263227597054673,17.3250732421875,16.1103223699652,17.3250732421875,19292208.0
2009-03-11,RTX,17.350552062395643,17.707332526857382,17.13818325935581,17.439746856689453,16024747.0
2009-03-12,RTX,17.337815905660822,17.834758853729507,16.989530136234503,17.754058837890625,12222906.0
2009-03-13,RTX,17.6096485634073,17.805027821735393,17.116951083491166,17.231630325317383,14433205.0
2009-03-16,RTX,17.367543242367788,17.932444515575135,17.32931597900407,17.465232849121094,13330439.0
2009-03-17,RTX,17.499210473448407,17.724322125441308,17.07447158028934,17.7158260345459,11532326.0
2009-03-18,RTX,17.622388283968302,18.0428792223959,17.189154493734957,17.788036346435547,13798240.0
2009-03-19,RTX,17.95368550224858,17.95368550224858,17.367546465658968,17.435504913330078,11264262.0
2009-03-20,RTX,17.673353973989045,17.805022791277008,17.15517350876824,17.214635848999023,16500017.0
2009-03-23,RTX,17.56716917294475,18.497344389660796,17.516200350506104,18.467613220214844,12843410.0
2009-03-24,RTX,18.246747585000186,18.637507226371618,18.19153201046347,18.35293197631836,10045181.0
2009-03-25,RTX,18.471867415334092,18.990048041398687,18.14481800611557,18.556814193725586,16773484.0
2009-03-26,RTX,18.603535330494918,19.363817261561554,18.50159765684792,19.312847137451172,14585749.0
2009-03-27,RTX,19.12171148293564,19.244885499634314,18.80740501624618,18.892353057861328,8761587.0
2009-03-30,RTX,18.51858300184719,18.650251822990402,17.89846487129683,18.09384536743164,10377600.0
2009-03-31,RTX,18.106584888649188,18.629013355874758,18.093843327459354,18.2552433013916,10235067.0
2009-04-01,RTX,18.030133730477274,18.76493107536146,17.864486979552098,18.637510299682617,11456213.0
2009-04-02,RTX,19.083480827706943,19.85650529439533,18.981544483178645,19.512466430664062,16207641.0
2009-04-03,RTX,19.648385923153192,19.67387033454406,19.09197949266898,19.380800247192383,10334062.0
2009-04-06,RTX,19.24064048906407,19.69086389335917,18.95606643569249,19.669626235961914,8864078.0
2009-04-07,RTX,19.359575757850216,19.571944695769396,19.070753538856696,19.181184768676758,9309315.0
2009-04-08,RTX,19.232151568272005,19.27462560877606,18.64176562348359,18.951824188232422,10696354.0
2009-04-09,RTX,19.457250309477118,20.175057895087697,19.427519144677763,20.08586311340332,12400715.0
2009-04-13,RTX,19.894732356325697,19.894732356325697,19.342572728216012,19.70359992980957,8072120.0
2009-04-14,RTX,19.537957749675485,19.648390223204046,19.185425245879905,19.346826553344727,9611702.0
2009-04-15,RTX,19.28310809844262,20.047636477258088,19.244882130052073,19.86075210571289,9623461.0
2009-04-16,RTX,20.03065050789095,20.33646217238561,19.52521287524675,20.17506217956543,8924777.0
2009-04-17,RTX,20.27700338284646,20.49786834518512,20.08162412652608,20.098613739013672,10621829.0
2009-04-20,RTX,19.805542036287758,19.865004384246177,19.325587482739227,19.457256317138672,9341572.0
2009-04-21,RTX,20.068889228909903,20.748470092350885,19.95845671104817,20.383195877075195,17114801.0
2009-04-22,RTX,20.230276294523645,20.57431390936908,19.894733483277594,19.915969848632812,13075404.0
2009-04-23,RTX,19.87350437411191,20.451147367919052,19.648392640178876,20.40442657470703,12720898.0
2009-04-24,RTX,20.497869374644445,21.100998073670844,20.319478434565475,20.969327926635742,12237525.0
2009-04-27,RTX,20.75695805506505,20.95658535863524,20.455394363608832,20.582815170288086,7598598.0
2009-04-28,RTX,20.255765637520376,20.625287753141144,20.107107181976602,20.374692916870117,5691480.0
2009-04-29,RTX,20.587058539321003,21.092496178991823,20.451141669973143,20.773942947387695,8793208.0
2009-04-30,RTX,21.01604428577766,21.355835193619715,20.608296226196547,20.744213104248047,10399528.0
2009-05-01,RTX,20.92684644813303,21.147708754827907,20.667755596442944,21.033029556274414,7143032.0
2009-05-04,RTX,21.07550354862199,21.831538451399688,21.07550354862199,21.738094329833984,11030202.0
2009-05-05,RTX,21.619178378521088,22.04391613103489,21.619178378521088,22.014184951782227,7834247.0
2009-05-06,RTX,22.230805021919515,22.447422000841456,21.878273677923136,22.209569931030273,7927839.0
2009-05-07,RTX,22.20531645873042,22.40919181840144,21.746599474044547,21.967464447021484,10028338.0
2009-05-08,RTX,22.26477915813126,22.770219518059964,21.674393304949263,22.744733810424805,11645304.0
2009-05-11,RTX,22.383701788528175,22.56633945265325,22.133105684303214,22.29875373840332,8484942.0
2009-05-12,RTX,22.464399905256627,22.540854431232717,21.975951876290296,22.443164825439453,10363935.0
2009-05-13,RTX,22.00889165552222,22.00889165552222,21.337158372460152,21.653770446777344,12822118.0
2009-05-14,RTX,21.735064836156976,22.26988501626181,21.713672599516165,22.038843154907227,10606893.0
2009-05-15,RTX,21.983223702774275,22.222824044265167,21.786410433284736,21.940439224243164,11273478.0
2009-05-18,RTX,21.88910158799678,22.706306851392313,21.88910158799678,22.66779899597168,9532093.0
2009-05-19,RTX,22.607904245385395,22.74909541811857,22.338354396065036,22.376859664916992,8855815.0
2009-05-20,RTX,22.543711202933146,22.629280139090753,22.07306908671828,22.13724708557129,9742000.0
2009-05-21,RTX,21.837749060714355,21.89764783754956,21.34999391225639,21.71794891357422,9817795.0
2009-05-22,RTX,21.726515372551415,22.145814745370068,21.615272337771785,21.837757110595703,6824755.0
2009-05-26,RTX,21.837751220299335,22.689184822694056,21.666609432766545,22.565105438232422,8468417.0
2009-05-27,RTX,22.607896077464694,22.761922284167646,22.00461855522188,22.00889778137207,7903845.0
2009-05-28,RTX,22.18858652134773,22.49236216201657,21.799236771011007,22.411069869995117,7960413.0
2009-05-29,RTX,22.47525662886484,22.547990492520444,22.132970470003485,22.509485244750977,7592878.0
2009-06-01,RTX,22.885992721703282,23.780210589345465,22.7661925907273,23.64757537841797,9493957.0
2009-06-02,RTX,23.621916492700926,23.925692299395504,23.390871975954717,23.780221939086914,8705813.0
2009-06-03,RTX,23.58339791286529,23.690360372813654,23.189771495749117,23.3994197845459,7899078.0
2009-06-04,RTX,23.472159194081602,23.70748029255923,23.390866875357155,23.587682723999023,8101834.0
2009-06-05,RTX,23.91285388273668,24.383493523298586,23.900018798446954,24.126781463623047,13427209.0
2009-06-08,RTX,24.066885734658985,24.37494076413199,23.65186560440737,24.16956901550293,8339072.0
2009-06-09,RTX,24.203790010500974,24.238018624482578,23.570565838780805,23.754541397094727,9338712.0
2009-06-10,RTX,23.981308025088154,24.054041888979246,23.339522771880198,23.745986938476562,9547665.0
2009-06-11,RTX,23.835838903530288,24.096830168540727,23.668975040514095,23.76738166809082,8120585.0
2009-06-12,RTX,23.677534727439223,23.947084487207334,23.43365773184784,23.891462326049805,5738991.0
2009-06-15,RTX,23.66469545906139,23.703203301784527,23.0913700110826,23.412260055541992,9155977.0
2009-06-16,RTX,23.42509746009195,23.651862719915414,23.25395695057664,23.35236358642578,9611543.0
2009-06-17,RTX,23.301019916686116,23.630468434384287,23.253956213224974,23.3951473236084,8891408.0
2009-06-18,RTX,23.39085953611206,23.66040916773724,23.34379584987751,23.502103805541992,8596967.0
2009-06-19,RTX,23.626186424054463,23.639021506491122,23.117039010661422,23.189775466918945,13356340.0
2009-06-22,RTX,23.040023539902332,23.040023539902332,22.38540328169137,22.496644973754883,9021706.0
2009-06-23,RTX,22.599326120563667,22.659227475761284,22.0987347199383,22.18002700805664,8713599.0
2009-06-24,RTX,22.364013945360256,22.47097902609564,21.581038839000204,21.73934555053711,10298309.0
2009-06-25,RTX,21.66232896577915,22.398240295749012,21.623822422393285,22.26132583618164,9709267.0
2009-06-26,RTX,22.137253938831684,22.282724287497913,21.901932807873436,22.05596160888672,19555029.0
2009-06-29,RTX,22.162920937330906,22.522321421596946,22.12013646212949,22.4495849609375,8116453.0
2009-06-30,RTX,22.419639802060804,22.509490588459787,21.884819496977084,22.231382369995117,11115214.0
2009-07-01,RTX,22.312663997115266,22.54370839506647,22.26560031004958,22.3682861328125,7422219.0
2009-07-02,RTX,22.120133930253218,22.145806687211586,21.349994013752887,21.495464324951172,8766195.0
2009-07-06,RTX,21.337163372323545,21.81208354018798,21.10612018223142,21.777854919433594,9982734.0
2009-07-07,RTX,21.773576465201412,21.816360945925688,21.127514467401536,21.148906707763672,9983528.0
2009-07-08,RTX,21.281540987647936,21.414176243285237,20.96920677170691,21.255870819091797,11124748.0
2009-07-09,RTX,21.474076252860403,21.662332367594033,21.174577122258878,21.24303436279297,6894512.0
2009-07-10,RTX,21.05477360946309,21.38849999007298,20.964922852689636,21.238750457763672,7632603.0
2009-07-13,RTX,21.328602334339,22.047399392822687,21.22591778126132,22.000335693359375,8988655.0
2009-07-14,RTX,22.07734888571111,22.137247661273083,21.765012146081745,22.068790435791016,5742328.0
2009-07-15,RTX,22.346898931703606,23.07425575214034,22.25705075644961,22.99724006652832,10547305.0
2009-07-16,RTX,23.018631268841354,23.21544450152095,22.676347724198976,23.091367721557617,6611035.0
2009-07-17,RTX,23.031462246272508,23.09991946169534,22.779026912768135,23.018627166748047,7047533.0
2009-07-20,RTX,23.12132595362226,23.5449019697064,23.082818099988888,23.51923179626465,6992712.0
2009-07-21,RTX,23.296736810955142,23.378029120389336,22.911666202313874,23.091367721557617,11732064.0
2009-07-22,RTX,23.02290768191025,23.22400013777473,22.637839670394165,22.72768783569336,12760941.0
2009-07-23,RTX,22.783307989583935,22.992956283760655,22.52231677966546,22.838930130004883,17759935.0
2009-07-24,RTX,22.838930861137978,22.903108859502304,22.184310609576606,22.346895217895508,12181115.0
2009-07-27,RTX,22.31694673887896,22.445305334298272,22.128691960944767,22.29555320739746,9666364.0
2009-07-28,RTX,22.180039545306457,22.513767334362736,22.094470578317626,22.43675422668457,8350195.0
2009-07-29,RTX,22.30839186251765,22.821818486343922,22.22709955147989,22.761917114257812,7678843.0
2009-07-30,RTX,22.975849277353635,23.527781196039562,22.86032574817375,23.202611923217773,12049546.0
2009-07-31,RTX,23.215439481973256,23.45931635754577,23.108474438573325,23.30529022216797,9165988.0
2009-08-03,RTX,23.15554086195735,23.694637526081472,23.15554086195735,23.609066009521484,9882468.0
2009-08-04,RTX,23.532058096866,23.68608686041933,23.32668641212823,23.44220733642578,9733737.0
2009-08-05,RTX,23.467877678295658,23.506385513587972,22.963006968681235,23.198328018188477,7049122.0
2009-08-06,RTX,23.330970861527657,23.64330509023517,23.057144480698586,23.5577335357666,9628069.0
2009-08-07,RTX,23.7759416694138,23.95991987335325,23.57912837996009,23.784500122070312,8903644.0
2009-08-10,RTX,23.72886748882115,24.143887422753778,23.68180380039075,23.912845611572266,7832658.0
2009-08-11,RTX,23.93853007108959,23.96847947312035,23.7203258028821,23.86151695251465,8836270.0
2009-08-12,RTX,23.835828393324086,25.153621814053885,23.831549169628495,24.888351440429688,13772340.0
2009-08-13,RTX,24.849852914975646,24.866967222694694,24.36209903518755,24.55891227722168,9433575.0
2009-08-14,RTX,24.477622985839844,24.678715477997336,24.118225072839753,24.477622985839844,6967765.0
2009-08-17,RTX,24.285084378070163,24.387770228715784,23.857229260516725,24.01553726196289,8595696.0
2009-08-18,RTX,24.088266040152394,24.44338721693068,24.058316655073735,24.306472778320312,6105574.0
2009-08-19,RTX,24.071702676752135,24.390476369963366,23.92954821674515,24.123395919799805,10483269.0
2009-08-20,RTX,24.106162061149174,24.666168212890625,24.05446882405786,24.666168212890625,8050986.0
2009-08-21,RTX,24.847101072882555,25.346799858671524,24.6489449279489,25.29079818725586,10842383.0
2009-08-24,RTX,25.385570649833006,25.72588127099795,25.31664370750328,25.54495620727539,9147555.0
2009-08-25,RTX,25.592339162718336,26.11788584387122,25.43295361691857,25.72157096862793,10802817.0
2009-08-26,RTX,25.71727323732946,25.83358242142711,25.48896068249602,25.747426986694336,5913305.0
2009-08-27,RTX,25.68280927521645,26.036045227442827,25.644038679494592,25.85080909729004,6487728.0
2009-08-28,RTX,25.97142274382579,26.005884910073142,25.583727290291815,25.69141960144043,6112247.0
2009-08-31,RTX,25.53633861667156,25.57080078125,25.34249089929209,25.57080078125,5974640.0
2009-09-01,RTX,25.56649053767166,26.018804410990914,25.243408453539267,25.441564559936523,9823834.0
2009-09-02,RTX,25.411416035369843,25.540647851059816,25.2735673726788,25.35110855102539,5917277.0
2009-09-03,RTX,25.355422587783515,25.738812346877058,25.35111677405208,25.695735931396484,7522167.0
2009-09-04,RTX,25.70865306690045,26.143735997716586,25.61818921932672,26.07050323486328,5440895.0
2009-09-08,RTX,26.165270697728207,26.225578177583294,25.773264245173454,26.010190963745117,7867934.0
2009-09-09,RTX,26.05757696245728,26.43666077376444,26.05757696245728,26.380659103393555,7825825.0
2009-09-10,RTX,26.384963680094632,26.70804316276335,26.165268065180726,26.686506271362305,7267609.0
2009-09-11,RTX,26.725272945735007,26.725272945735007,26.453886715695404,26.703733444213867,7572538.0
2009-09-14,RTX,26.496971310292277,26.604663628906152,26.337585738723988,26.518510818481445,7688059.0
2009-09-15,RTX,26.565894688381555,26.591740008342605,26.354815871480024,26.40220069885254,8599827.0
2009-09-16,RTX,26.578811369695863,26.858814458397188,26.42804007406203,26.686506271362305,11542814.0
2009-09-17,RTX,26.673582584979012,27.156050237386587,26.673582584979012,26.932048797607422,10620558.0
2009-09-18,RTX,27.018202902424676,27.259435411444088,26.923430656769433,27.061279296875,10863993.0
2009-09-21,RTX,26.910527657724888,27.147454528190373,26.837294861380823,26.99668312072754,5864999.0
2009-09-22,RTX,27.22927219740715,27.268042766734563,27.052655647115056,27.237886428833008,7284294.0
2009-09-23,RTX,27.34559292846526,27.44897941654808,26.99666548955987,27.026819229125977,7465917.0
2009-09-24,RTX,27.108658747515594,27.13881247877793,26.71234659683392,26.854503631591797,7468141.0
2009-09-25,RTX,26.789892718319813,26.789892718319813,26.281579731439283,26.509889602661133,7417293.0
2009-09-28,RTX,26.66497545064151,26.772667776206177,26.518512530067163,26.552974700927734,8526415.0
2009-09-29,RTX,26.56158369287997,26.67789284377501,26.384967060471073,26.410812377929688,6433702.0
2009-09-30,RTX,26.350500657051093,26.505577759184682,25.833570890553624,26.247114181518555,10320714.0
2009-10-01,RTX,26.204036039215023,26.268651935755706,25.807723814477356,25.842185974121094,9733578.0
2009-10-02,RTX,25.579412892835137,25.82064800022789,25.549259157202343,25.687105178833008,7409189.0
2009-10-05,RTX,25.846495282863433,26.053265636648458,25.575106419157358,26.031728744506836,5661130.0
2009-10-06,RTX,26.225570328482373,26.67357570362802,26.143723368389935,26.48834228515625,5921885.0
2009-10-07,RTX,26.216967129206658,26.475430772763932,26.216967129206658,26.30742835998535,3774511.0
2009-10-08,RTX,26.535731263149085,26.828656967941246,26.402191066018702,26.613269805908203,7093773.0
2009-10-09,RTX,26.63911774011377,26.802811686041235,26.613272427036886,26.781274795532227,4468109.0
2009-10-12,RTX,26.845904526228043,26.919137302966636,26.294512321793967,26.479745864868164,5741534.0
2009-10-13,RTX,26.47974023868549,26.77266606106847,26.367739496146818,26.695127487182617,5852605.0
2009-10-14,RTX,27.02682566757268,27.51360187321709,26.815746829160283,27.466217041015625,8319527.0
2009-10-15,RTX,27.336977985483742,27.75913820229779,27.336977985483742,27.741907119750977,9007564.0
2009-10-16,RTX,27.638529926065626,28.039150733882586,27.621298839347702,27.95299530029297,9862605.0
2009-10-19,RTX,28.013298052803833,28.37084238884158,27.909911550009838,28.18991470336914,9502220.0
2009-10-20,RTX,27.74621508265652,28.379454091784442,27.48344303655332,28.172683715820312,10435599.0
2009-10-21,RTX,28.06068037554217,28.543148067679365,27.896986399647247,28.172683715820312,9264029.0
2009-10-22,RTX,28.112383186950723,28.457004949417104,27.957306005007407,28.388080596923828,7630219.0
2009-10-23,RTX,28.431156936843426,28.586236729545266,28.233000729529905,28.34930992126465,8839289.0
2009-10-26,RTX,28.349301415235974,28.543149139575576,27.750524548143495,27.927141189575195,8670696.0
2009-10-27,RTX,28.0089905808363,28.185609848569214,27.530831253123125,27.608369827270508,8908887.0
2009-10-28,RTX,27.474824020052477,27.70744230661995,26.957894204217492,26.9708194732666,7954057.0
2009-10-29,RTX,27.013890865597446,27.45758785262092,26.854505355172652,27.3886661529541,7930699.0
2009-10-30,RTX,27.319753634082332,27.474830789224477,26.45820198798036,26.47112464904785,12995795.0
2009-11-02,RTX,26.58313360373285,27.112986319527238,26.46251598232573,26.992368698120117,7289220.0
2009-11-03,RTX,26.781284130298967,27.28959722436305,26.781284130298967,27.2249813079834,7042607.0
2009-11-04,RTX,27.375740886299404,27.84528579546729,27.306816575467607,27.3886661529541,7065489.0
2009-11-05,RTX,27.58252943771005,28.215768638099735,27.526527750656392,28.194229125976562,5806206.0
2009-11-06,RTX,28.155453116191946,28.31053024803191,27.866833136167248,28.030527114868164,6189473.0
2009-11-09,RTX,28.27176036912014,28.75422803707729,28.047756310956036,28.7456111907959,6093338.0
2009-11-10,RTX,28.749919613936594,28.94807574442207,28.55607190659181,28.7456111907959,5645081.0
2009-11-11,RTX,28.801621817041678,29.055779693916865,28.702543720980117,28.84900665283203,5416901.0
2009-11-12,RTX,28.92654237430838,29.10747007293132,28.650847624651774,28.732694625854492,7415545.0
2009-11-13,RTX,28.801618737513184,29.400395674340942,28.715463312939754,29.288394927978516,7867457.0
2009-11-16,RTX,29.42194925202663,29.895800397013716,29.297023173867487,29.86995506286621,8537697.0
2009-11-17,RTX,29.887159711562763,30.137009035644542,29.757927932836157,30.124086380004883,7645156.0
2009-11-18,RTX,30.208577207212947,30.21723913584972,29.62814134300655,29.80573844909668,9468533.0
2009-11-19,RTX,29.662787282140826,29.662787282140826,29.147327820115905,29.45920181274414,6687942.0
2009-11-20,RTX,29.337910882735027,29.502513712768398,29.233954655373665,29.441869735717773,5340788.0
2009-11-23,RTX,29.68010963761947,29.944336433268333,29.580483054813456,29.771074295043945,5181252.0
2009-11-24,RTX,29.67144851654812,29.771075102054734,29.415883639353144,29.571819305419922,6175649.0
2009-11-25,RTX,29.65843818481881,29.65843818481881,29.42019989295912,29.58913230895996,4328277.0
2009-11-27,RTX,28.99136725056767,29.27292034553121,28.740134813802996,29.108320236206055,4129811.0
2009-11-30,RTX,29.095341176006908,29.220956146911767,28.813787934607287,29.125661849975586,6850656.0
2009-12-01,RTX,29.45486831665039,29.75375071983282,29.411553434276207,29.45486831665039,6127502.0
2009-12-02,RTX,29.337910934626233,29.73641987176495,29.24694890732148,29.519840240478516,4223562.0
2009-12-03,RTX,29.476520327390336,29.667111542603646,29.099670171896584,29.134323120117188,6018496.0
2009-12-04,RTX,29.36391097652552,29.810064576324383,29.238293333974617,29.59348487854004,6974757.0
2009-12-07,RTX,29.593463678871093,29.974643358833767,29.541484273564322,29.827369689941406,5539890.0
2009-12-08,RTX,29.68011248001184,29.68011248001184,29.190641444487852,29.554494857788086,6527135.0
2009-12-09,RTX,29.34222688154617,29.411532745089914,28.91340013289417,29.19928550720215,7684086.0
2009-12-10,RTX,29.359581172583912,29.888037570132497,29.27294876104952,29.4245548248291,7605749.0
2009-12-11,RTX,29.810054352950264,30.169578050834296,29.73641880381781,30.06128692626953,9224463.0
2009-12-14,RTX,30.277852327733324,30.312505261267248,30.091593466393494,30.282184600830078,7944206.0
2009-12-15,RTX,30.225896753717794,30.45113835405435,30.043967412248087,30.429479598999023,8688493.0
2009-12-16,RTX,30.494453238543105,30.646059272686593,30.360176308941398,30.429479598999023,8319210.0
2009-12-17,RTX,30.34717634566655,30.373167374172446,30.087281814337377,30.13926124572754,5909173.0
2009-12-18,RTX,30.27785928933169,30.321176779018845,29.93999704812347,30.087270736694336,15200056.0
2009-12-21,RTX,30.126249195572576,30.33416681607039,30.009296190447632,30.043949127197266,6506161.0
2009-12-22,RTX,30.052628906051854,30.26054663193057,29.97899072173107,30.039634704589844,6367123.0
2009-12-23,RTX,30.043947454642,30.225876675259688,29.94432092343811,30.10892105102539,4571712.0
2009-12-24,RTX,30.182569400223834,30.537760789432568,30.182569400223834,30.47711944580078,1992447.0
2009-12-28,RTX,30.451121825795735,30.65903945998079,30.31684234345634,30.520427703857422,3212799.0
2009-12-29,RTX,30.576749422301717,30.70669667350933,30.451131820678707,30.45113182067871,3600674.0
2009-12-30,RTX,30.451137612422276,30.555096483409667,30.321190336498958,30.533437728881836,3481658.0
2009-12-31,RTX,30.61140434956434,30.650389581036656,30.02663900558823,30.065624237060547,4200680.0
2010-01-04,RTX,30.41214086803593,31.126855866329638,30.260537520590304,31.02722930908203,9699415.0
2010-01-05,RTX,31.031571150657587,31.031571150657587,30.44247612448721,30.563758850097656,7952786.0
2010-01-06,RTX,30.563756103977518,30.680711794231033,30.33418225041685,30.403488159179688,7511044.0
2010-01-07,RTX,30.325522612528893,30.589749440405463,30.134931349052014,30.533437728881836,6776132.0
2010-01-08,RTX,30.43380560323094,30.62439683207194,30.429473327988305,30.59407615661621,7396477.0
2010-01-11,RTX,30.637391023096217,31.300126735789934,30.637391023096217,31.25680923461914,8787170.0
2010-01-12,RTX,31.100851818050856,31.165825404203012,30.780316159865468,31.07486343383789,7423808.0
2010-01-13,RTX,31.109532427748295,31.473385748337275,31.096538228931784,31.430070877075195,7749712.0
2010-01-14,RTX,31.291454628843674,31.555681344817163,31.239475215363864,31.538354873657227,5643016.0
2010-01-15,RTX,31.54702243299245,31.59033730221603,31.04888699600587,31.18316650390625,8490504.0
2010-01-19,RTX,31.183166215895923,31.594669285013683,31.031560236582163,31.3131160736084,5848632.0
2010-01-20,RTX,31.191841606258137,31.291468202237922,30.59408203037944,30.940608978271484,5836715.0
2010-01-21,RTX,30.94926321500173,31.122527958708528,30.21289199267966,30.37749481201172,8121856.0
2010-01-22,RTX,30.264864877245177,30.446791506022528,29.88801742312509,29.922670364379883,9238446.0
2010-01-25,RTX,30.108932608348727,30.108932608348727,29.697432131425934,29.710426330566406,7944047.0
2010-01-26,RTX,29.454844801057433,29.827362469434657,29.368215105470817,29.658430099487305,7939280.0
2010-01-27,RTX,29.134325816529635,29.38989067690408,28.805125403587247,29.285934448242188,12220522.0
2010-01-28,RTX,29.320577836257012,29.381221799716833,28.82677733368577,29.181968688964844,8864554.0
2010-01-29,RTX,29.190629042371782,29.66710567332939,28.865760999101273,29.2296142578125,11491807.0
2010-02-01,RTX,29.350901921205928,29.441863930414037,29.108331312075908,29.259937286376953,7812636.0
2010-02-02,RTX,29.407215294211607,29.641121388756506,29.32058292111697,29.467859268188477,9739458.0
2010-02-03,RTX,29.37689026606539,29.64111699562688,29.32491084991251,29.55881690979004,6595939.0
2010-02-04,RTX,29.398560302480956,29.43321325989067,28.73582446123655,28.753150939941406,9507305.0
2010-02-05,RTX,28.753144857717675,29.021703908023078,28.17704415748343,28.805124282836914,12434402.0
2010-02-08,RTX,28.709825471532124,28.73148421833373,28.28966048705805,28.328645706176758,8358776.0
2010-02-09,RTX,28.675179462959637,29.069356147113467,28.462929469330064,28.813791275024414,8385948.0
2010-02-10,RTX,28.813792815012057,28.99138723949565,28.63619576490679,28.865772247314453,7838696.0
2010-02-11,RTX,28.744494934433668,28.956742373072295,28.52791521882096,28.896100997924805,8746015.0
2010-02-12,RTX,28.545239813554232,28.701175518085865,28.159727577668296,28.454275131225586,12644309.0
2010-02-16,RTX,28.61453422999576,28.774802146759132,28.397951990186172,28.731487274169922,9996399.0
2010-02-17,RTX,28.90368966026249,29.43991391931254,28.694433797571484,29.361440658569336,9515727.0
2010-02-18,RTX,29.439919160710417,29.77124254378175,29.391962096138887,29.692771911621094,6554307.0
2010-02-19,RTX,29.749430679925286,30.037159724613375,29.69275849884669,29.871498107910156,8415503.0
2010-02-22,RTX,30.01101511035356,30.045891531563086,29.7014875327574,29.819194793701172,5261656.0
2010-02-23,RTX,29.810464100880754,29.971765497211496,29.52273507177393,29.553251266479492,6598005.0
2010-02-24,RTX,29.727633599647064,29.949970049968677,29.553254194388106,29.915096282958984,7694574.0
2010-02-25,RTX,29.457350526549106,29.949975273060463,29.230653824859537,29.93689727783203,9407833.0
2010-02-26,RTX,29.936900385468267,30.07204584948156,29.70584608975307,29.92818260192871,6313415.0
2010-03-01,RTX,30.011017757604396,30.429532206482055,30.011017757604396,30.359779357910156,5884385.0
2010-03-02,RTX,30.468751780693804,30.516706176592123,30.359762355200314,30.407716751098633,9464561.0
2010-03-03,RTX,30.44696399810857,30.68237849111873,30.268221700696994,30.342334747314453,7683768.0
2010-03-04,RTX,30.368488005616445,30.861112683102107,30.359767581650654,30.67801284790039,8980551.0
2010-03-05,RTX,30.765203647952163,31.087809123806114,30.765203647952163,31.06165313720703,6447209.0
2010-03-08,RTX,31.035497785324267,31.135766815463395,30.848037719726562,30.848037719726562,6385397.0
2010-03-09,RTX,31.174996417830524,31.4976018550626,31.02241280079579,31.29270362854004,8835635.0
2010-03-10,RTX,31.375543981093447,31.484533444665395,31.118331066808324,31.297073364257812,7788960.0
2010-03-11,RTX,31.36682073162615,31.406057357788086,31.06601364452583,31.406057357788086,7919099.0
2010-03-12,RTX,31.29706738232375,31.58479644579719,31.01369588821989,31.183717727661133,9225098.0
2010-03-15,RTX,31.174997807102123,31.43656822364541,31.09216699902658,31.31886100769043,8680866.0
2010-03-16,RTX,31.37553587864679,31.606590099283594,31.20987426224484,31.56299591064453,8190501.0
2010-03-17,RTX,31.663278762528826,31.737391822417102,31.414786229312178,31.471458435058594,7128731.0
2010-03-18,RTX,31.42350751632598,31.62840586468713,31.414789730837015,31.60660743713379,5044439.0
2010-03-19,RTX,31.9292049407959,32.14718123319648,31.702510865124868,31.9292049407959,14617370.0
2010-03-22,RTX,31.67634632775959,31.83765039246228,31.637112346523356,31.654550552368164,8226094.0
2010-03-23,RTX,31.702502454114185,31.898680272460666,31.641467417201167,31.86380386352539,7887955.0
2010-03-24,RTX,31.81586022581851,32.05999517096116,31.719951390074925,31.842016220092773,6643450.0
2010-03-25,RTX,32.00333015076136,32.18206987997953,31.903061071007752,31.94229507446289,6254781.0
2010-03-26,RTX,32.025113703677015,32.29104438795809,32.025113703677015,32.09486389160156,7617189.0
2010-03-29,RTX,32.16897731273691,32.400031584495004,32.09922448143943,32.260528564453125,4821026.0
2010-03-30,RTX,32.3564363339984,32.63108743766247,32.238729095649944,32.31719970703125,4570123.0
2010-03-31,RTX,32.230018193441715,32.40440031753764,32.00768164585785,32.09051513671875,5977182.0
2010-04-01,RTX,32.20385268113536,32.469783359894286,32.05998945317747,32.31719970703125,5492061.0
2010-04-05,RTX,32.400027556552274,32.67467863500346,32.356433363687486,32.63108444213867,7158445.0
2010-04-06,RTX,32.49594392434346,32.6834040028679,32.44362929946083,32.552616119384766,5862774.0
2010-04-07,RTX,32.50031096226136,32.53954495724776,32.05563787865236,32.25617599487305,8303161.0
2010-04-08,RTX,32.12538409852641,32.22129292322181,31.94664180221306,32.12974166870117,5328394.0
2010-04-09,RTX,32.134108511178894,32.260536208500554,32.00332324278344,32.25617599487305,4478279.0
2010-04-12,RTX,32.41746182901509,32.41746182901509,32.08177839277094,32.15589141845703,6029619.0
2010-04-13,RTX,32.077430593352,32.13410279020511,31.79405903887343,32.025115966796875,7019090.0
2010-04-14,RTX,31.968439244033192,32.28232434231877,31.88124820491134,32.260528564453125,5377017.0
2010-04-15,RTX,32.212578560102145,32.57442079100152,32.15590635418617,32.526466369628906,5340311.0
2010-04-16,RTX,32.548264958082164,32.60058224006696,31.91613435609475,32.12539291381836,12028094.0
2010-04-19,RTX,32.025106213178,32.177689833521015,31.824565551183728,32.15589141845703,8139335.0
2010-04-20,RTX,32.31719345959898,32.55696810239618,31.94227339732181,32.34770965576172,7909883.0
2010-04-21,RTX,32.09921937480354,33.607617505259164,32.09921937480354,33.537864685058594,17012311.0
2010-04-22,RTX,33.40706862145221,33.45938321961651,33.106261663921366,33.31987762451172,13681926.0
2010-04-23,RTX,33.35913973513061,33.47248679652539,33.036534121111174,33.33734130859375,7485620.0
2010-04-26,RTX,33.380941795937915,33.60327838927048,33.245796282594036,33.30683135986328,5493650.0
2010-04-27,RTX,33.22397756950055,33.28500996210225,32.29103762119481,32.4000244140625,9910752.0
2010-04-28,RTX,32.53954195121148,32.65288899717951,32.06871291444055,32.54825973510742,9728811.0
2010-04-29,RTX,32.831627703961466,33.285018480535925,32.76623508299482,33.14115524291992,7904163.0
2010-04-30,RTX,33.141146276396874,33.346041866798586,32.65287657251738,32.67467498779297,8053847.0
2010-05-03,RTX,32.80981330686962,33.298080262550656,32.75749870705895,33.254486083984375,6539688.0
2010-05-04,RTX,32.9624056074275,32.9624056074275,32.02074784706522,32.33027267456055,8622867.0
2010-05-05,RTX,32.081783294677734,32.39567100637052,31.750460019332635,32.081783294677734,9818908.0
2010-05-06,RTX,31.846372969096546,32.260529759630614,28.411061755743816,31.05729866027832,14730030.0
2010-05-07,RTX,30.887273977065995,31.153204650120756,30.019726487815795,30.281299591064453,16350810.0
2010-05-10,RTX,31.624039911777864,31.977161689801225,31.388625393095623,31.842016220092773,12222906.0
2010-05-11,RTX,31.536839622895954,32.369507908533265,31.5324794113082,31.881240844726562,9488555.0
2010-05-12,RTX,32.03254027018032,32.19917035312425,31.826444188328242,32.07638931274414,8051781.0
2010-05-13,RTX,32.058833837821204,32.49733464947417,31.892201190353504,31.949207305908203,8387854.0
2010-05-14,RTX,31.725579497510356,31.83959175843535,30.997667534528674,31.3879337310791,10564784.0
2010-05-17,RTX,31.444933783514603,31.572097804889456,30.660015841788105,31.146751403808594,9502856.0
2010-05-18,RTX,31.3791674094439,31.545797455344164,30.90558350183204,30.993284225463867,9596924.0
2010-05-19,RTX,30.76526590367287,31.023979723468482,30.107511786157286,30.410079956054688,13508566.0
2010-05-20,RTX,29.730394109673462,30.063654115503535,29.098951720416718,29.12964630126953,17311837.0
2010-05-21,RTX,28.3184206370929,29.42782989912576,28.3184206370929,29.134033203125,16885985.0
2010-05-24,RTX,29.230507097237425,29.28751322841964,28.857781039354276,28.99810218811035,8493364.0
2010-05-25,RTX,28.213180900458696,29.077028223489226,27.972004617754752,29.011253356933594,12486998.0
2010-05-26,RTX,29.30066315045256,29.708469432599237,28.941091591247993,29.006866455078125,10424635.0
2010-05-27,RTX,29.528689148919874,29.866334915161133,29.375210900991803,29.866334915161133,8064811.0
2010-05-28,RTX,29.927727057007278,29.99788763742054,29.397139661132318,29.546232223510742,7642137.0
2010-06-01,RTX,29.199805152519104,29.585685556361803,28.910394185137186,28.963014602661133,8146644.0
2010-06-02,RTX,29.14719123858269,29.612003701424296,28.92355507870607,29.58130645751953,6833336.0
2010-06-03,RTX,29.712856011271935,29.927720750006372,29.502374314389286,29.7523193359375,6216486.0
2010-06-04,RTX,29.21296851425138,29.296283536276075,28.449976214130174,28.56398582458496,10265417.0
2010-06-07,RTX,28.61659917625923,28.699914177665466,27.691362761695377,27.722057342529297,13205702.0
2010-06-08,RTX,27.735216738955053,28.18248906473937,27.57297240670007,28.156177520751953,11799120.0
2010-06-09,RTX,28.26141832188738,28.41927961148277,27.743985423880353,27.809762954711914,12709458.0
2010-06-10,RTX,28.296505471351598,28.774472498383364,28.002708664515378,28.717466354370117,9332833.0
2010-06-11,RTX,28.47189395575503,29.068256042093005,28.305261301131473,29.04194450378418,7283340.0
2010-06-14,RTX,29.155952053471445,29.743545358161924,29.134028874072136,29.335739135742188,10580992.0
2010-06-15,RTX,29.38836424404731,30.107504713979324,29.362052703366945,30.081195831298828,7857605.0
2010-06-16,RTX,29.897026379593175,30.12943126138675,29.840020255115537,30.076810836791992,6447685.0
2010-06-17,RTX,30.103125655211194,30.125048841012358,29.690933613346342,30.06365966796875,6910561.0
2010-06-18,RTX,30.1031206442872,30.366220094107742,30.041728823462567,30.335525512695312,9832414.0
2010-06-21,RTX,30.844190689005334,30.96697168761897,30.27414003958504,30.41884422302246,7181327.0
2010-06-22,RTX,30.388155251477187,30.550399607545124,29.752326956128577,29.813718795776367,6670781.0
2010-06-23,RTX,29.89703382429782,30.120670020013545,29.581311198110704,29.813718795776367,8057660.0
2010-06-24,RTX,29.76986596423157,30.04173688627935,29.44976030730443,29.5330753326416,8748716.0
2010-06-25,RTX,29.568142793502076,29.769853047112292,29.29627198941886,29.756698608398438,12584086.0
2010-06-28,RTX,29.77864920192775,29.800572398677296,29.300682047963473,29.42784881591797,5268806.0
2010-06-29,RTX,28.980552583540454,29.278732269303298,28.204403476364796,28.489431381225586,11168128.0
2010-06-30,RTX,28.498205511253584,28.875317217749917,28.252646192651238,28.463125228881836,10425906.0
2010-07-01,RTX,28.436823489226676,28.463132378614148,27.897467334778575,28.2351131439209,9020594.0
2010-07-02,RTX,28.261419961378913,28.471901693049826,27.993934754214052,28.191259384155273,6338203.0
2010-07-06,RTX,28.419279428476656,28.59906390252465,28.024627536029634,28.32280731201172,9184420.0
2010-07-07,RTX,28.327196994584643,29.199815917735975,28.309656848943398,29.182275772094727,8351307.0
2010-07-08,RTX,29.41028910802219,29.484835376544396,29.06826032362624,29.480449676513672,5780623.0
2010-07-09,RTX,29.502376274762465,29.68654644277256,29.32697484903852,29.60323143005371,4639244.0
2010-07-12,RTX,29.45853504636412,29.638322236051074,29.059499983694934,29.23928451538086,6017861.0
2010-07-13,RTX,29.458522910915637,29.95841561674716,29.458522910915637,29.71285629272461,8002045.0
2010-07-14,RTX,29.655853030715907,29.967189909189845,29.546229128802675,29.82248306274414,5468226.0
2010-07-15,RTX,29.80055721917413,29.975958651835604,29.454142712167958,29.883874893188477,6896578.0
2010-07-16,RTX,29.796188305118488,29.826882905888453,28.888488783197737,28.95426368713379,7148434.0
2010-07-19,RTX,29.12526076396671,29.33574244755806,28.99371104072199,29.112106323242188,7518671.0
2010-07-20,RTX,28.83146277122375,29.704081389048334,28.83146277122375,29.61638069152832,8352420.0
2010-07-21,RTX,29.673390142616796,30.138202562685244,29.17349743959979,29.39274787902832,10485334.0
2010-07-22,RTX,29.822483252134525,30.655636075566903,29.822483252134525,30.48900604248047,8263595.0
2010-07-23,RTX,30.467078471661114,31.194990393564925,30.326757332595303,31.089752197265625,7406329.0
2010-07-26,RTX,30.966976014863516,31.48002326583373,30.848580699870425,31.392322540283203,7206751.0
2010-07-27,RTX,31.554561865808676,31.55894756588815,31.02397455419376,31.173067092895508,7337208.0
2010-07-28,RTX,31.164300751441417,31.339702203091726,31.0371366924953,31.181840896606445,5819077.0
2010-07-29,RTX,31.344070490213692,31.572089592679177,30.9099528030599,31.199363708496094,8201624.0
2010-07-30,RTX,30.94065127102103,31.35284317629523,30.60300561516853,31.177444458007812,7509137.0
2010-08-02,RTX,31.589655624928326,31.94484166486841,31.471260278281633,31.839603424072266,6033274.0
2010-08-03,RTX,31.681734428194634,31.914139363437407,31.563339110127487,31.585262298583984,5653344.0
2010-08-04,RTX,31.66418593316094,31.984291511823304,31.59841106913441,31.865896224975586,4461594.0
2010-08-05,RTX,31.738736919337665,32.164083442554556,31.620341604957726,32.09830856323242,4872033.0
2010-08-06,RTX,31.747492524364727,32.102678290776076,31.43177007111077,31.892196655273438,5106410.0
2010-08-09,RTX,32.15969090263169,32.27370048258821,31.962363664938078,32.1640739440918,4236910.0
2010-08-10,RTX,31.931676494302927,32.365794391564,31.54141028581585,32.18162155151367,6505207.0
2010-08-11,RTX,31.64225931212045,31.716805573778633,31.032742751973423,31.25199317932129,7689012.0
2010-08-12,RTX,30.848579115691777,31.10729292027941,30.822267570377573,30.949434280395508,4547718.0
2010-08-13,RTX,30.813496436011135,31.124833307066076,30.752107265042614,31.002052307128906,3929279.0
2010-08-16,RTX,30.782815949523577,31.037146808309334,30.475864638092354,30.848590850830078,4123296.0
2010-08-17,RTX,31.067819631095897,31.278301294142217,30.655627703296588,30.918729782104492,10305142.0
2010-08-18,RTX,31.03122791137497,31.145928856655324,30.568009161362188,30.850353240966797,7856969.0
2010-08-19,RTX,30.713591562363543,30.94299343848225,30.007734081907316,30.223901748657227,9650474.0
2010-08-20,RTX,29.800403818847585,30.307737725988147,29.738642360280654,30.051864624023438,6073794.0
2010-08-23,RTX,30.237142751287482,30.426839351023904,29.650398423455197,29.654808044433594,6284495.0
2010-08-24,RTX,29.262184517845537,29.36806090506587,28.847492864659856,28.96660614013672,8400249.0
2010-08-25,RTX,28.737202526778386,29.006309811640424,28.48574175276561,28.790142059326172,10498364.0
2010-08-26,RTX,28.900426085689503,29.041595462535646,28.6533749965018,28.697492599487305,8889819.0
2010-08-27,RTX,29.11219367528942,29.41659403202419,28.671033505460525,29.368066787719727,8063539.0
2010-08-30,RTX,29.323935614990273,29.323935614990273,28.847482681274414,28.847482681274414,5356678.0
2010-08-31,RTX,28.728379023407907,28.997486293422728,28.52985511877696,28.768081665039062,8261847.0
2010-09-01,RTX,29.129828770493194,29.813627567922612,28.975422504166605,29.720985412597656,8312059.0
2010-09-02,RTX,29.606293204834753,29.751874923706055,29.518060644555575,29.751874923706055,6097470.0
2010-09-03,RTX,30.012150201735917,30.24596440215202,29.769511411203926,30.113616943359375,6858124.0
2010-09-07,RTX,30.00332744306463,30.17979251497197,29.85333346900258,29.990093231201172,5973528.0
2010-09-08,RTX,30.025384093650835,30.413604549904687,30.01214988273588,30.20625877380371,4882838.0
2010-09-09,RTX,30.594473241600625,30.638588156865758,30.109195803097013,30.27242660522461,4269325.0
2010-09-10,RTX,30.395963500468625,30.506254850834488,30.210676492043156,30.39155387878418,4808950.0
2010-09-13,RTX,30.585663445606,30.793009263273213,30.12244457777645,30.347436904907227,7113635.0
2010-09-14,RTX,30.316547393798825,30.576832664405963,30.157728854664615,30.316547393798828,5509222.0
2010-09-15,RTX,30.30772792601693,30.30772792601693,30.020974187490268,30.11802864074707,5867700.0
2010-09-16,RTX,30.069496217656212,30.298900773304016,29.99891020053381,30.23272705078125,4454444.0
2010-09-17,RTX,30.413601980914535,30.71800217683721,30.245961525836943,30.673887252807617,8264866.0
2010-09-20,RTX,30.74887446744574,31.154743958273055,30.550353352520304,31.044452667236328,4700262.0
2010-09-21,RTX,31.115044809979754,31.419444982622714,31.004756171281375,31.145925521850586,7102194.0
2010-09-22,RTX,31.070932218768718,31.415037717682548,31.070932218768718,31.13710594177246,4858209.0
2010-09-23,RTX,30.86359292940271,31.13270017245339,30.71359894754811,30.793006896972656,5423257.0
2010-09-24,RTX,31.075339660361816,31.62237858456166,31.075339660361816,31.542970657348633,4752858.0
2010-09-27,RTX,31.47239507368901,31.525334600746223,31.256227343794393,31.282695770263672,5921726.0
2010-09-28,RTX,31.38856949200305,31.675323209259453,30.89888229256156,31.587093353271484,5552443.0
2010-09-29,RTX,31.454744443677487,31.66650252416319,31.39739530246801,31.538564682006836,4657836.0
2010-09-30,RTX,31.6841554447608,32.17825505846409,31.3224033210933,31.423870086669922,7969312.0
2010-10-01,RTX,31.6223969591356,31.776803283076745,31.313586985372627,31.3797607421875,7940551.0
2010-10-04,RTX,31.737086681376745,31.77678931354022,30.98270190673473,31.115049362182617,7035139.0
2010-10-05,RTX,31.459153892266695,32.12530611753587,31.42827317685305,31.98854637145996,8804967.0
2010-10-06,RTX,31.931198998594176,32.18266239989082,31.931198998594176,32.147369384765625,6279410.0
2010-10-07,RTX,32.12530870746076,32.22677545149611,31.94443402108592,32.107662200927734,4792265.0
2010-10-08,RTX,32.20030537086808,32.29294751980793,31.895905154434598,32.16501235961914,5569763.0
2010-10-11,RTX,32.2532501945268,32.2532501945268,32.0326701749869,32.1738395690918,3900359.0
2010-10-12,RTX,32.02825566630879,32.32383132108046,31.675325520136052,32.19589614868164,6256846.0
2010-10-13,RTX,32.42971384519982,32.91057921537652,32.36354010422045,32.72529220581055,7930540.0
2010-10-14,RTX,32.72970553075336,32.7341151526036,32.381187631577035,32.712059020996094,7709987.0
2010-10-15,RTX,32.79585854484432,33.02967264575435,32.38116716471801,32.689979553222656,7423490.0
2010-10-18,RTX,32.76500150485529,33.04293071594608,32.637063629048605,32.89293670654297,6089048.0
2010-10-19,RTX,32.557647601677104,32.72528808091021,32.13854372947598,32.47382736206055,9228594.0
2010-10-20,RTX,31.7679706835967,32.76940396704735,31.728265373208266,32.61058807373047,13922500.0
2010-10-21,RTX,32.787050348509766,33.34291399533746,32.75616962904565,33.07380676269531,14042946.0
2010-10-22,RTX,33.197337187683296,33.197337187683296,32.86205614450379,33.060577392578125,5029344.0
2010-10-25,RTX,33.28996324413401,33.33849045465455,32.99879730689326,33.0914421081543,6465482.0
2010-10-26,RTX,32.853230914985225,33.00763989265353,32.659121967061935,32.941463470458984,5599795.0
2010-10-27,RTX,32.74293686872453,32.8841089343835,32.33706985407352,32.84881591796875,5272938.0
2010-10-28,RTX,33.09145643235627,33.2546846360467,32.637059491270215,32.95469665527344,4991049.0
2010-10-29,RTX,32.78704515463215,33.034096219445914,32.68999071622861,32.98556900024414,4210850.0
2010-11-01,RTX,33.20615832865533,33.426738361625915,32.69441222430457,32.928226470947266,5405142.0
2010-11-02,RTX,33.179683966985046,33.360561341166445,33.1223348220014,33.197330474853516,4459211.0
2010-11-03,RTX,33.19291676060971,33.32085192129213,32.782637508846385,33.10909652709961,5699425.0
2010-11-04,RTX,33.532616036688836,33.92524885356483,33.28997720818958,33.63408279418945,8743631.0
2010-11-05,RTX,33.74437380094108,33.92083890188383,33.589967506145875,33.85907745361328,7476881.0
2010-11-08,RTX,33.75760223349196,33.92965232116749,33.67378200006916,33.806129455566406,5004238.0
2010-11-09,RTX,33.83258819580078,33.87229349073552,33.67818198386472,33.83258819580078,6054408.0
2010-11-10,RTX,33.76201609826988,33.80172140955735,33.439969334822905,33.59437561035156,6392865.0
2010-11-11,RTX,33.470849656348506,33.50614267171279,33.10468796459212,33.25909423828125,5571670.0
2010-11-12,RTX,33.06057945469579,33.18410504245792,32.831177465828176,33.03411102294922,7581278.0
2010-11-15,RTX,33.095862812125375,33.40908764963903,33.02968907796978,33.22380065917969,7497061.0
2010-11-16,RTX,32.9988129686029,33.060574416011455,32.54441868266579,32.716468811035156,9517792.0
2010-11-17,RTX,32.714242937442094,32.86510143700193,32.58112996533043,32.67430877685547,6192810.0
2010-11-18,RTX,32.989348133011504,33.499606151203416,32.93610346726121,33.29106521606445,5803981.0
2010-11-19,RTX,33.31768840227494,33.45967148598278,33.11802023627341,33.41530227661133,6390958.0
2010-11-22,RTX,33.23338594262409,33.49517156809153,32.94941705482701,33.32656478881836,5470450.0
2010-11-23,RTX,32.99821709881909,33.04702403108612,32.7009350883341,32.91391372680664,6530313.0
2010-11-24,RTX,33.17125684704789,33.81462770867743,33.08251576031989,33.761383056640625,6224749.0
2010-11-26,RTX,33.54840595096722,33.57946466033016,33.36648873217611,33.40198516845703,3120637.0
2010-11-29,RTX,33.153521800718714,33.313255820287225,32.78081177792461,33.18901824951172,6926133.0
2010-11-30,RTX,32.88286804361099,33.58391897206336,32.851809318910256,33.39756393432617,8809098.0
2010-12-01,RTX,33.96104586374843,34.826268030660366,33.96104586374843,34.72421646118164,12631597.0
2010-12-02,RTX,34.78189703290373,35.21228926414644,34.653224480945504,34.9194450378418,7696639.0
2010-12-03,RTX,34.795211775941766,34.96825622151282,34.737529397574306,34.93719482421875,5125320.0
2010-12-06,RTX,34.8662032078441,34.96381975085975,34.71090966345167,34.790775299072266,4288870.0
2010-12-07,RTX,35.23448156619803,35.23448156619803,34.773030545305375,34.84846115112305,7114906.0
2010-12-08,RTX,34.901701956430706,35.061435927788544,34.320451144793076,34.471309661865234,8552475.0
2010-12-09,RTX,34.67098367779007,34.702042393993544,34.35151568090049,34.44469451904297,6138625.0
2010-12-10,RTX,34.82627678922136,34.97713531819092,34.63992181937287,34.78634262084961,6074588.0
2010-12-13,RTX,34.98157250933212,34.98157250933212,34.65766681889516,34.6754150390625,5962723.0
2010-12-14,RTX,34.52899061629782,35.056996748951676,34.52899061629782,34.98600387573242,5639679.0
2010-12-15,RTX,34.92389092556734,35.234483440881704,34.86620853631233,35.03038024902344,6309125.0
2010-12-16,RTX,34.97713233195593,35.16348728589403,34.870643018410846,35.06143569946289,4845814.0
2010-12-17,RTX,34.97713953507872,35.08806659858184,34.77747404821166,34.963829040527344,8559149.0
2010-12-20,RTX,35.22117261462388,35.27441727584821,34.95938703598721,35.00819396972656,4453173.0
2010-12-21,RTX,35.06587596715787,35.26110638946862,34.85733505207251,35.20785903930664,4504338.0
2010-12-22,RTX,35.221181050890635,35.36316684816431,35.08363298216487,35.28329849243164,3374400.0
2010-12-23,RTX,35.26996870698457,35.318775625721514,35.141293476195365,35.27440643310547,2959036.0
2010-12-27,RTX,35.216732484477276,35.2300429764923,35.04368801968712,35.17236328125,2206803.0
2010-12-28,RTX,35.30547763041929,35.30547763041929,35.070315716228755,35.18124008178711,3283351.0
2010-12-29,RTX,35.25666159268447,35.349837712955654,35.09248991627662,35.096927642822266,2477410.0
2010-12-30,RTX,35.017065274914465,35.105803676907044,34.879517255435026,34.98600387573242,2390492.0
2010-12-31,RTX,34.96381827260538,34.97269103639635,34.719780959681195,34.928321838378906,2831916.0
2011-01-03,RTX,35.13687114224504,35.23892274273341,35.034819541756676,35.04813003540039,4862022.0
2011-01-04,RTX,34.870642562835,35.26553841159012,34.786339196429445,35.105804443359375,5814151.0
2011-01-05,RTX,34.87064200037659,35.30103427957415,34.87064200037659,35.15461349487305,4481933.0
2011-01-06,RTX,35.234483641147555,35.385342172135225,35.07031461703518,35.11912155151367,5539890.0
2011-01-07,RTX,35.114679454616635,35.35871678617522,34.888390341526524,35.08805847167969,4404549.0
2011-01-10,RTX,34.72866202054911,34.915016985562694,34.524556146024786,34.812965393066406,5246242.0
2011-01-11,RTX,34.8750660053949,35.13241372626035,34.817383645888164,35.017051696777344,5521139.0
2011-01-12,RTX,35.3054710902406,35.451891871141505,35.15904761980826,35.243350982666016,5151856.0
2011-01-13,RTX,35.26996870698457,35.38976848553198,35.11911022465283,35.27440643310547,4281561.0
2011-01-14,RTX,35.14130043755358,35.190110055490514,34.915014013994984,35.08805847167969,7347536.0
2011-01-18,RTX,35.1767980669953,35.38533896868655,35.13686659123619,35.30547332763672,6029778.0
2011-01-19,RTX,35.34984003878856,35.49626350817895,35.12798866081558,35.456329345703125,6529042.0
2011-01-20,RTX,35.32765523453824,35.4563277909358,35.043683761884935,35.29659652709961,6262249.0
2011-01-21,RTX,35.45190132839594,35.71812466859534,35.38978389378216,35.58501434326172,7330375.0
2011-01-24,RTX,35.61162869312418,36.179569023464595,35.61162869312418,36.17069625854492,7533767.0
2011-01-25,RTX,36.14408184428736,36.26388168334961,35.88673394224503,36.26388168334961,7143667.0
2011-01-26,RTX,36.24169084463827,36.36149335708001,35.83348443909864,36.121891021728516,8444264.0
2011-01-27,RTX,36.35705545488663,36.82294425052984,36.29493533508168,36.64546203613281,7071050.0
2011-01-28,RTX,36.76969336710128,36.86286949675123,35.811294950521756,36.130760192871094,7251560.0
2011-01-31,RTX,36.29493721966183,36.3792432930269,35.78911691666402,36.07308578491211,6821100.0
2011-02-01,RTX,36.21949677684462,36.410289428920535,36.13075569570104,36.30823516845703,5600748.0
2011-02-02,RTX,36.31268417844319,36.62327671419147,36.2416912914685,36.45466995239258,4367684.0
2011-02-03,RTX,36.45466904788844,36.52122420539286,36.19732118375643,36.481292724609375,3618471.0
2011-02-04,RTX,36.530091780978736,36.64989157655132,36.38810604117972,36.61439514160156,4503862.0
2011-02-07,RTX,36.76081697260666,37.19120924156388,36.70757231865543,37.120216369628906,5678292.0
2011-02-08,RTX,36.876173030413824,37.24444782112986,36.8717379937898,37.21782684326172,4094059.0
2011-02-09,RTX,37.14685254967053,37.27109011739072,36.925001094936356,37.26221466064453,4909057.0
2011-02-10,RTX,37.43524839872434,37.78133732158094,37.42193790696791,37.60385513305664,7033709.0
2011-02-11,RTX,37.555045158847626,37.918882271058834,37.47517952525253,37.80352020263672,4726481.0
2011-02-14,RTX,37.745827851693875,37.90999680224895,37.67039727523142,37.807945251464844,4423458.0
2011-02-15,RTX,37.76358526696772,37.76358526696772,37.48848924746317,37.683719635009766,4477961.0
2011-02-16,RTX,37.84202217948373,37.96242447309843,37.64135259114507,37.931209564208984,4760326.0
2011-02-17,RTX,37.757295335062125,37.90445519755365,37.57000317621095,37.69932556152344,5271825.0
2011-02-18,RTX,37.78851797686689,37.91783767633351,37.717168058654416,37.90892028808594,6052183.0
2011-02-22,RTX,37.69934232049582,37.766232213888266,37.09287052986321,37.262325286865234,6632645.0
2011-02-23,RTX,37.35149831769045,37.570005398766924,36.678136893168976,36.918941497802734,8321752.0
2011-02-24,RTX,36.84313078387822,37.18204286337816,36.481923884336055,36.887725830078125,5612030.0
2011-02-25,RTX,37.159755748336664,37.25786055256223,36.9680034833078,37.17759323120117,4142841.0
2011-02-28,RTX,37.271233673004474,37.5477132738593,37.15083135337602,37.25339889526367,5097989.0
2011-03-01,RTX,37.3381427075518,37.47192252096933,36.53099837299821,36.60234832763672,6376816.0
2011-03-02,RTX,36.6915159394323,36.807458201524234,36.30801149206142,36.588951110839844,6143074.0
2011-03-03,RTX,36.762865678058844,37.5700068694031,36.72273067469626,37.391632080078125,6330099.0
2011-03-04,RTX,37.315824125288266,37.373793903443286,36.65584012016444,36.950157165527344,6333595.0
2011-03-07,RTX,37.02597663953228,37.329211150585145,36.52206976690578,36.691524505615234,6120987.0
2011-03-08,RTX,36.82529905327639,37.48082308842519,36.63354681202886,37.128536224365234,5492537.0
2011-03-09,RTX,37.07057165971825,37.101786581766895,36.58004489152542,36.96354675292969,6046781.0
2011-03-10,RTX,36.64246793430253,36.682602942663344,35.92897139120512,36.08504867553711,10488989.0
2011-03-11,RTX,35.96018290907559,36.39719980451692,35.7907282056569,36.245582580566406,6648058.0
2011-03-14,RTX,36.00478744506836,36.22329459882777,35.81303516603105,36.00478744506836,5922839.0
2011-03-15,RTX,34.9969690875869,35.679250740871645,34.359282490444286,35.45628356933594,9102110.0
2011-03-16,RTX,35.37154313719242,35.49640547351623,34.867636450035896,34.93006896972656,9778229.0
2011-03-17,RTX,35.39829716830461,35.63018163811796,35.22884250888933,35.447349548339844,7219780.0
2011-03-18,RTX,35.897764427629504,36.0805966226673,35.59452718083512,35.74614715576172,9623937.0
2011-03-21,RTX,36.254512941118826,36.57558768643081,36.08505817706696,36.325862884521484,5181252.0
2011-03-22,RTX,36.352610849242986,36.35706819223245,35.92897134811076,36.06721115112305,7172269.0
2011-03-23,RTX,36.05829614454937,36.682605322378215,36.03599861589594,36.50423049926758,6245088.0
2011-03-24,RTX,36.56220904920664,36.96800846018251,36.46410152871473,36.90557861328125,5176485.0
2011-03-25,RTX,37.01704533770779,37.27568741401594,36.9189405614364,37.24447250366211,6383808.0
2011-03-28,RTX,37.347041772182614,37.50311904559413,37.1686669731243,37.2221794128418,5648577.0
2011-03-29,RTX,37.26678098645988,37.570015494872216,37.12854116875985,37.51204299926758,5458692.0
2011-03-30,RTX,37.645823555706905,37.71271343788856,37.44515120610358,37.56109619140625,3879544.0
2011-03-31,RTX,37.44961681831702,37.95352373577771,37.440699427461354,37.74839401245117,5667804.0
2011-04-01,RTX,37.94459626058337,38.328100757008414,37.85986890017201,38.04716110229492,5244018.0
2011-04-04,RTX,38.20323512130792,38.221072599820815,37.868783074955495,38.007022857666016,3298605.0
2011-04-05,RTX,37.90446404077547,38.17202355782595,37.71717183822849,38.08283615112305,3829172.0
2011-04-06,RTX,38.265662294446315,38.345929590666465,37.98918274817315,38.19877243041992,3196909.0
2011-04-07,RTX,38.105129816725025,38.35039448453664,37.75284297477454,38.06499481201172,4106771.0
2011-04-08,RTX,38.18540734631755,38.337024600676656,37.53880061320517,37.819740295410156,4107247.0
2011-04-11,RTX,37.9044660521454,38.154188101106605,37.810818594373465,37.895545959472656,3843314.0
2011-04-12,RTX,37.6859666578004,37.801908964938704,37.23557216488517,37.44961929321289,5190151.0
2011-04-13,RTX,37.67258741585984,37.8019098678429,37.16868045306205,37.55218505859375,5954301.0
2011-04-14,RTX,37.33813703332655,37.46745677916178,36.8788224459074,37.44961929321289,4841047.0
2011-04-15,RTX,37.494197569957876,37.54771000769988,37.08393825032711,37.213260650634766,7090913.0
2011-04-18,RTX,36.84312821685079,36.84758826177158,36.20544180630751,36.43286895751953,8723292.0
2011-04-19,RTX,36.44179603782018,36.776248137750045,36.44179603782018,36.727195739746094,5418172.0
2011-04-20,RTX,37.82419698706199,38.729445857207665,37.45853264551451,38.305809020996094,12631120.0
2011-04-21,RTX,38.41281626086477,38.91672292476502,38.19876925438874,38.84091567993164,9296127.0
2011-04-25,RTX,38.79632762457239,38.83646262810096,38.47971304797567,38.5911979675293,5565949.0
2011-04-26,RTX,38.69823829485382,39.44741000922421,38.6313483976338,39.179847717285156,9534000.0
2011-04-27,RTX,39.228900128375905,39.29579002559593,38.94796039760464,39.179847717285156,5525589.0
2011-04-28,RTX,39.20212330198118,39.88440203407409,39.08617835552742,39.692649841308594,6566701.0
2011-04-29,RTX,39.75955490037586,40.04495462775558,39.683747625084486,39.94684982299805,5788091.0
2011-05-02,RTX,40.147513634460026,40.43291332029209,39.906709001068265,40.13413619995117,6009598.0
2011-05-03,RTX,40.004801525644304,40.34817089008672,39.9022367207604,40.06723403930664,5684965.0
2011-05-04,RTX,40.11182894841155,40.28574366403442,39.549952507746646,39.85764694213867,7102036.0
2011-05-05,RTX,39.72833300699387,39.929005330846074,39.19767136087337,39.47861099243164,7848389.0
2011-05-06,RTX,39.973601156561166,40.38386052528577,39.665906630017716,39.7818489074707,7969947.0
2011-05-09,RTX,39.6347002902631,40.214414506035695,39.6347002902631,39.92009735107422,4106612.0
2011-05-10,RTX,40.049407958984375,40.187647752989974,39.99143547331627,40.049407958984375,5452336.0
2011-05-11,RTX,40.08509476532625,40.214414506035695,39.82644987778968,39.92009735107422,6639319.0
2011-05-12,RTX,39.7506381726315,40.00036293824893,39.57672338662685,39.94239044189453,6038200.0
2011-05-13,RTX,40.093998692707714,40.14305108488619,39.39833970493834,39.67927932739258,5418808.0
2011-05-16,RTX,39.44738954598964,39.799676335471126,39.2823922091211,39.634681701660156,5344443.0
2011-05-17,RTX,39.51429216978877,39.64361189161175,38.840930579072584,39.16200256347656,8123286.0
2011-05-18,RTX,39.031963884210924,39.22028537939142,38.85260878503268,39.07680130004883,9116093.0
2011-05-19,RTX,39.29650107822438,39.75385237742521,39.26063006833656,39.50275802612305,5991960.0
2011-05-20,RTX,39.502770605386026,39.51173700175696,39.00954542132219,39.23373794555664,6249537.0
2011-05-23,RTX,38.74500958046181,38.79433428880897,38.46252859563455,38.60152816772461,6546362.0
2011-05-24,RTX,38.60599717973834,38.700159288667216,38.35938730952152,38.39077377319336,5412293.0
2011-05-25,RTX,38.278678908347274,38.88400174746584,38.20693686169874,38.67774200439453,6423850.0
2011-05-26,RTX,38.5880657376669,38.82571195462281,38.30110025938132,38.73603439331055,5598365.0
2011-05-27,RTX,38.81674623117083,38.897457402360885,38.592553667258045,38.70913314819336,4619859.0
2011-05-31,RTX,39.00954464318614,39.36377029208396,38.82122314401879,39.354801177978516,7540441.0
2011-06-01,RTX,39.13061647985785,39.24719596113764,37.77649197650815,37.798912048339844,11067067.0
2011-06-02,RTX,37.807869287635995,37.91099778800018,37.52987024875632,37.79441833496094,6977617.0
2011-06-03,RTX,37.26532493801436,37.49400202217483,36.960423971076025,37.32361602783203,8061950.0
2011-06-06,RTX,37.18462919981716,37.68682095790753,37.10840529100222,37.53437042236328,8688811.0
2011-06-07,RTX,37.64196835921333,37.731645908085,37.32361374019724,37.32809829711914,5298044.0
2011-06-08,RTX,37.4984882421502,37.4984882421502,37.07700507688688,37.23394012451172,4980721.0
2011-06-09,RTX,37.36397423369392,37.89755232230656,37.20255462448241,37.70474624633789,6176761.0
2011-06-10,RTX,37.48953334321252,37.60162828708744,37.036663573112996,37.08150100708008,6804416.0
2011-06-13,RTX,37.180126739584196,37.31912896784444,37.000774373851534,37.11286926269531,5379560.0
2011-06-14,RTX,37.37742811747778,37.85271786733525,37.36846171966462,37.673362731933594,6390164.0
2011-06-15,RTX,37.30568128198025,37.64197143827878,37.1397798414321,37.33707046508789,5629350.0
2011-06-16,RTX,37.36845649752239,37.95135652924827,37.256358874083226,37.82132339477539,7820899.0
2011-06-17,RTX,38.108296813564976,38.22936085021806,37.88410425375978,37.91997528076172,9852436.0
2011-06-20,RTX,37.82580419610575,38.50735082979982,37.749580320216154,38.35490036010742,5690368.0
2011-06-21,RTX,38.46700486727032,38.60600441923689,38.175554807514516,38.36387634277344,6971738.0
2011-06-22,RTX,38.23383091400471,38.65531396254052,38.18899078829381,38.310054779052734,5391795.0
2011-06-23,RTX,37.807885118033596,38.19798193433897,37.52540412192784,38.166595458984375,7947066.0
2011-06-24,RTX,38.157611572601716,38.233838170028854,37.5926470811453,37.812355041503906,7006696.0
2011-06-27,RTX,37.66887303926853,38.46251736680052,37.54780901885362,38.2607421875,5064938.0
2011-06-28,RTX,38.502885042940136,38.82572436687324,38.32353258089183,38.80778884887695,6871154.0
2011-06-29,RTX,39.121648958103435,39.121648958103435,38.55668164598795,38.771907806396484,6700336.0
2011-06-30,RTX,38.8795297695256,40.197783508428756,38.84365873459527,39.686622619628906,7308606.0
2011-07-01,RTX,39.78077985786367,40.592357166683904,39.619360220592306,40.413002014160156,7124599.0
2011-07-05,RTX,40.29193338266231,40.61028806270203,40.00496788917945,40.1349983215332,6430524.0
2011-07-06,RTX,40.188804085528474,40.62822279179196,40.06325821337927,40.54302978515625,6882754.0
2011-07-07,RTX,40.807572687776066,41.175249295428536,40.69547506725833,40.97795867919922,10032469.0
2011-07-08,RTX,40.578896127364295,40.78963769973965,40.33228353339681,40.51163864135742,7185458.0
2011-07-11,RTX,40.06325390788887,40.318832900329625,39.82560770847331,39.96460723876953,7798335.0
2011-07-12,RTX,40.103608156030916,40.11257727076716,39.60590110766206,39.66419219970703,7982818.0
2011-07-13,RTX,39.77180795069507,40.05877617459796,39.45345597469521,39.53416442871094,5932532.0
2011-07-14,RTX,39.417579548944474,39.978059528154446,39.28306185345361,39.37722396850586,5000106.0
2011-07-15,RTX,39.51175139964118,39.72697760593204,39.287558793712066,39.6014289855957,6596098.0
2011-07-18,RTX,39.46241479888849,39.51622133054343,38.92435220025248,39.28754425048828,5859755.0
2011-07-19,RTX,39.44896051325078,40.15740904332901,39.43102500421412,39.82560348510742,7955487.0
2011-07-20,RTX,39.30099578775025,39.30099578775025,38.41319479703871,39.108192443847656,9929820.0
2011-07-21,RTX,39.673157526137544,39.9063191701131,39.37273839510895,39.552093505859375,7863484.0
2011-07-22,RTX,39.82112471426542,39.8659648523288,39.30996670932063,39.32341766357422,5792223.0
2011-07-25,RTX,38.85260369383461,39.39963531568922,38.695668682096546,39.15302276611328,5273891.0
2011-07-26,RTX,39.02300385676713,39.1171659852396,38.38181262529576,38.641876220703125,7337684.0
2011-07-27,RTX,38.341450045335094,38.38180290339019,37.444677285692165,37.54780578613281,9693218.0
2011-07-28,RTX,37.70922232016563,37.83028632035931,37.1352887788932,37.18012619018555,7410302.0
2011-07-29,RTX,36.85281418202025,37.54333005308477,36.54342863038102,37.144264221191406,7736682.0
2011-08-01,RTX,37.35499705574923,37.58367410662812,36.42684061842748,36.92006301879883,7068984.0
2011-08-02,RTX,36.61965360674783,36.83039518938265,35.391075134277344,35.391075134277344,10685231.0
2011-08-03,RTX,35.39556584049925,35.64666304748814,34.817147527121094,35.56147003173828,11792605.0
2011-08-04,RTX,35.02787681825652,35.16687632944008,33.28365881148055,33.346431732177734,15607317.0
2011-08-05,RTX,33.75894770802323,34.09972238917813,32.57969407143675,33.24330520629883,16543079.0
2011-08-08,RTX,32.2523834216159,32.88460829736675,31.256966399555246,31.27042007446289,19292526.0
2011-08-09,RTX,30.472274303365968,32.13578632013377,30.09563140647002,32.090946197509766,18652635.0
2011-08-10,RTX,31.30180250036326,31.485639469947742,30.135999592650542,30.23912811279297,16535929.0
2011-08-11,RTX,30.288454009395753,31.67844965005581,30.136003488336225,31.27042007446289,14054387.0
2011-08-12,RTX,31.33767485399659,32.534864280662696,31.306288384434588,32.48554229736328,15019228.0
2011-08-15,RTX,32.82630885325999,33.04601682138181,32.37343924552677,32.97427749633789,11414105.0
2011-08-16,RTX,32.58417532808537,33.12672239811747,32.279271696880876,32.53036880493164,9551956.0
2011-08-17,RTX,32.83730370726372,32.92306409522185,32.26857375594516,32.52134323120117,7509296.0
2011-08-18,RTX,31.5328550041987,31.605072152186146,30.440533362667647,30.747465133666992,15294920.0
2011-08-19,RTX,30.318656884947007,31.167234879017855,30.314142459102122,30.44504165649414,13802531.0
2011-08-22,RTX,31.153703757525296,31.216894794398268,30.318666052480914,30.548866271972656,9456457.0
2011-08-23,RTX,30.79258786393573,31.56443405151367,30.6120382481237,31.564434051513672,10469921.0
2011-08-24,RTX,31.451602662484735,32.313724008963234,31.37035667029912,32.23247528076172,8128688.0
2011-08-25,RTX,32.29115720081774,32.78315309161669,31.781106339640406,31.934572219848633,11891917.0
2011-08-26,RTX,31.71338600447359,32.51682770530439,31.085979498230486,32.3001708984375,8397388.0
2011-08-29,RTX,32.80572161176219,33.41055899924787,32.78766664186637,33.34285354614258,6457537.0
2011-08-30,RTX,33.30672290805003,33.55046348216409,33.094577827614756,33.293182373046875,8765719.0
2011-08-31,RTX,33.622684461552524,34.01989082992532,33.31575288963137,33.51435470581055,8094366.0
2011-09-01,RTX,33.545951210469106,33.979270246482116,32.93659973609397,32.97270965576172,8019206.0
2011-09-02,RTX,32.336289623688046,32.444619433780524,31.89394700316747,32.065467834472656,7688694.0
2011-09-06,RTX,30.950572880300186,31.89393998078469,30.914462951553347,31.821720123291016,7537104.0
2011-09-07,RTX,32.534888081933275,32.93660899920635,32.264066344273594,32.93209457397461,7331646.0
2011-09-08,RTX,32.69286346405461,33.1487492080574,32.62967246429774,32.783138275146484,8495589.0
2011-09-09,RTX,32.309214700193984,32.46719501936672,31.65021233382376,31.83527374267578,8423607.0
2011-09-12,RTX,31.478680107678578,32.14670835081371,31.252991673736503,32.10608673095703,7969947.0
2011-09-13,RTX,32.31372006552181,32.82828251326198,31.90748468213733,32.701900482177734,6728303.0
2011-09-14,RTX,32.864385320928726,33.74004691337527,32.1783022060345,33.257080078125,7777837.0
2011-09-15,RTX,33.600129135115886,34.17337091238261,33.541452544885686,34.12823486328125,8567570.0
2011-09-16,RTX,34.36745948338183,34.41259826634665,33.72651229501426,34.078582763671875,14227429.0
2011-09-19,RTX,33.5008324697765,34.250109585587175,33.33833774740273,34.101158142089844,8447442.0
2011-09-20,RTX,34.399047844754286,34.73306051546864,33.83483237187279,34.308773040771484,9189664.0
2011-09-21,RTX,34.28170134849672,35.017437840985544,33.767138887943766,33.794219970703125,11071993.0
2011-09-22,RTX,31.618599465372967,31.81720131007488,30.38635310486094,30.833209991455078,20851811.0
2011-09-23,RTX,31.144666680377078,31.478682192069474,30.851275527246692,31.108556747436523,13923295.0
2011-09-26,RTX,31.53736358443292,32.367889432544736,31.203348021867768,32.29566955566406,12660993.0
2011-09-27,RTX,33.171329007636565,33.789706869704666,32.66127821686875,33.017860412597656,10872097.0
2011-09-28,RTX,33.12166868476175,33.52338954880473,32.340793607813715,32.431068420410156,10133689.0
2011-09-29,RTX,32.99980717745348,33.085567588300734,32.01130113576739,32.688358306884766,7496584.0
2011-09-30,RTX,31.916524435583558,32.49428088175963,31.614107033675428,31.758546829223633,10962193.0
2011-10-03,RTX,31.541870150502145,32.01129649722946,31.171744741731978,31.30715560913086,9643323.0
2011-10-04,RTX,30.88738400457291,31.451599678146394,30.18324575507384,31.388408660888672,13665400.0
2011-10-05,RTX,31.392906732463803,31.568941902478567,31.054379663985,31.41999053955078,15532157.0
2011-10-06,RTX,31.487700875134365,32.0609425052419,31.221390866559805,32.03837585449219,9206189.0
2011-10-07,RTX,32.31371471654895,32.67029683039229,31.997754219108955,32.255035400390625,8279167.0
2011-10-10,RTX,32.81473647042554,33.28867721557617,32.701894999303065,33.28867721557617,5421509.0
2011-10-11,RTX,33.229995726451584,33.40603092702463,32.927578524248595,33.28416061401367,5773790.0
2011-10-12,RTX,33.53241130316435,33.85288616221933,33.324780629189995,33.50984191894531,8097862.0
2011-10-13,RTX,33.77616127175208,33.81678562741836,32.67481386760088,33.19389343261719,7555059.0
2011-10-14,RTX,33.60463496864872,33.78518459092159,33.397004271042356,33.69039535522461,5022511.0
2011-10-17,RTX,33.618177738770875,33.658802090483704,32.47620609008702,32.552940368652344,6371731.0
2011-10-18,RTX,32.70640401873777,33.8167800917234,32.36336247242499,33.45568084716797,7953104.0
2011-10-19,RTX,33.17583466148471,33.753590745054794,32.72446058368385,33.0675048828125,10210437.0
2011-10-20,RTX,33.211937557715586,33.69490429871384,32.756051887645604,33.51435470581055,7980594.0
2011-10-21,RTX,33.85290787513237,34.23205954592049,33.64076264104348,34.105674743652344,9614880.0
2011-10-24,RTX,34.326826952944856,34.71500449419076,34.20947107935957,34.59764862060547,6672211.0
2011-10-25,RTX,33.9251174803086,34.462249307136936,33.83484264890563,33.97928237915039,6660929.0
2011-10-26,RTX,34.4803074822491,34.68793824579088,33.8664413075963,34.331356048583984,7892404.0
2011-10-27,RTX,35.14833117564916,36.09621269040702,35.121247361390694,35.793792724609375,9747244.0
2011-10-28,RTX,35.662891912532416,36.0736416444694,35.64032526037114,35.888580322265625,6552242.0
2011-10-31,RTX,35.73060014432294,35.7351145695154,35.17992782333137,35.19798278808594,5896461.0
2011-11-01,RTX,34.36295002814468,34.42162661939241,33.56401978346999,33.93865966796875,9308839.0
2011-11-02,RTX,34.54799763956455,34.93166348693684,34.38099131184395,34.715003967285156,7526616.0
2011-11-03,RTX,35.121240371129524,35.50039454317785,34.8233348896703,35.40560531616211,7003676.0
2011-11-04,RTX,35.27922931504824,35.27922931504824,34.53898122052588,35.116737365722656,6565430.0
2011-11-07,RTX,35.243122610711545,35.36499295186796,34.69696192033813,35.36048126220703,5476171.0
2011-11-08,RTX,35.491378753826915,35.658387884588066,35.166392079936564,35.599708557128906,5969873.0
2011-11-09,RTX,34.94973717515282,35.049038140197545,34.286220460684135,34.50288009643555,7440651.0
2011-11-10,RTX,34.88654270890274,35.261179872089635,34.69245248835387,34.96778869628906,5822573.0
2011-11-11,RTX,35.50491435394331,36.27224624985115,35.50491435394331,36.03302001953125,7267609.0
2011-11-14,RTX,35.739629485056184,35.98788456983381,35.513943790535244,35.68095016479492,5004556.0
2011-11-15,RTX,35.57261930132592,36.019476217259516,35.27019935392757,35.80733108520508,5999270.0
2011-11-16,RTX,35.38046451384531,35.83004173670753,35.1216143526377,35.17156982421875,9135956.0
2011-11-17,RTX,35.08528756312026,35.15794431208513,34.027188387723186,34.372318267822266,7822965.0
2011-11-18,RTX,34.626620115512615,34.703818757210996,34.18158212668801,34.56304168701172,5469815.0
2011-11-21,RTX,33.89548984699276,33.98631421732297,33.078076019362264,33.63664245605469,7456065.0
2011-11-22,RTX,33.532186883012564,33.58213958625838,32.937290844291425,33.173431396484375,6066961.0
2011-11-23,RTX,32.592172822299666,32.89189192779186,32.228878021240234,32.228878021240234,7489910.0
2011-11-25,RTX,31.97457731967707,32.70116984685309,31.97457731967707,32.26067352294922,3007341.0
2011-11-28,RTX,32.97362718642479,33.414123298048516,32.91913256669778,33.21430969238281,6397473.0
2011-11-29,RTX,33.47771150201954,33.554910177676426,33.128039625795815,33.14166259765625,5942701.0
2011-11-30,RTX,34.21792170193379,34.93543022494544,34.213379794449416,34.78557205200195,8453957.0
2011-12-01,RTX,34.60392429505312,35.035336701951564,34.60392429505312,34.7764892578125,4347981.0
2011-12-02,RTX,35.244226831771705,35.56665268256711,34.71744819684088,34.75831985473633,7512315.0
2011-12-05,RTX,35.348687887031076,35.471297393380766,34.53127099177343,34.803741455078125,7177195.0
2011-12-06,RTX,34.953596367710325,34.96721933798546,34.572136683978655,34.65387725830078,5641109.0
2011-12-07,RTX,34.467680343416966,34.79918999379613,33.91819770267872,34.626625061035156,8233880.0
2011-12-08,RTX,34.36323488336376,34.572132329513586,33.64572642474701,33.77288055419922,6823325.0
2011-12-09,RTX,33.91820383138771,34.77648949611963,33.872790260242176,34.65387725830078,6275438.0
2011-12-12,RTX,34.345070760028925,34.40410729530691,33.672975852116025,33.82283401489258,7698228.0
2011-12-13,RTX,34.063518126001,34.49493047596603,33.49132592716526,33.6956787109375,8574562.0
2011-12-14,RTX,33.49587854479651,33.695689485441825,33.03721735873153,33.22794723510742,8224664.0
2011-12-15,RTX,33.423206298883294,33.61847800940822,33.1144034358345,33.39141845703125,6046304.0
2011-12-16,RTX,33.45498755747157,33.74562548903172,32.633031974450894,32.873714447021484,18548238.0
2011-12-19,RTX,32.973650671159724,33.277909073831765,32.514989359622554,32.583106994628906,6826185.0
2011-12-20,RTX,33.25065065512759,33.90458080709721,33.09624780414857,33.7865104675293,7592242.0
2011-12-21,RTX,33.909115034484664,34.0181042860167,33.087159246354595,33.432289123535156,9805401.0
2011-12-22,RTX,33.47770194398058,33.53219656853548,33.12348826070915,33.3823356628418,9199039.0
2011-12-23,RTX,33.48678988174193,33.713849487679695,33.264272183617486,33.68660354614258,3615293.0
2011-12-27,RTX,33.591220557609624,33.87277465941953,33.50493811537789,33.61846923828125,4030499.0
2011-12-28,RTX,33.59577944069541,33.6366511060222,33.12803725404909,33.20977783203125,4047024.0
2011-12-29,RTX,32.86463386525743,33.54581239823833,32.82376221737069,33.52310562133789,3972659.0
2011-12-30,RTX,33.54128408736586,33.59123681465759,33.18707033589727,33.191612243652344,3857774.0
2012-01-03,RTX,34.018110341320074,34.349617309235875,33.8001317994553,33.904579162597656,7746693.0
2012-01-04,RTX,33.73201333704622,34.17250956471297,33.645730854582766,34.081687927246094,9805242.0
2012-01-05,RTX,33.813736213082095,33.93180647251413,33.454980777188645,33.75469970703125,7320682.0
2012-01-06,RTX,33.704774928277295,33.84101016759313,33.432301696973674,33.55945587158203,5544180.0
2012-01-09,RTX,33.8319096416718,33.8319096416718,33.49586089270613,33.65026092529297,6873378.0
2012-01-10,RTX,34.16796151810351,34.6720333113556,33.98631278509799,34.52671432495117,7503576.0
2012-01-11,RTX,34.32236464811929,34.953590611180445,34.286034898254556,34.83097839355469,7306381.0
2012-01-12,RTX,35.03988026465769,35.198822264742816,34.744703050977144,35.076210021972656,5901069.0
2012-01-13,RTX,34.76739787194668,34.84913842143788,34.42680720250413,34.54941940307617,5519550.0
2012-01-17,RTX,35.062579671594584,35.521240696658985,34.96267423634104,34.98537826538086,8173975.0
2012-01-18,RTX,34.876395127641786,35.35776301876523,34.771947767209994,35.23969268798828,5980202.0
2012-01-19,RTX,35.26239200739322,35.35321638533912,34.999005440356534,35.053497314453125,7142555.0
2012-01-20,RTX,34.844603780001705,35.316887808351595,34.372319751651816,34.826438903808594,10356308.0
2012-01-23,RTX,34.726537685507736,35.21244474194449,34.726537685507736,34.90364456176758,6873696.0
2012-01-24,RTX,34.799182174442194,35.330502573822166,34.74014565695436,35.32141876220703,8908729.0
2012-01-25,RTX,34.944509987415834,35.721055020825666,34.34507181259671,35.262393951416016,11590802.0
2012-01-26,RTX,35.81187224881986,35.81187224881986,34.97629359793657,35.15340042114258,7823442.0
2012-01-27,RTX,35.03986937478197,35.36229518257925,34.92633823028866,35.24876403808594,6472633.0
2012-01-30,RTX,34.94905875440122,35.25331980884543,34.70383424863175,35.24423599243164,7584774.0
2012-01-31,RTX,35.25785716366599,35.76192908205547,35.25785716366599,35.58028030395508,9542898.0
2012-02-01,RTX,35.86182743692331,36.50213718851185,35.86182743692331,36.42947769165039,10773102.0
2012-02-02,RTX,36.54757509938019,36.6156927400324,36.23877476140044,36.338680267333984,7990922.0
2012-02-03,RTX,36.765521020603835,37.010745409706594,36.69286153454815,36.806392669677734,8557401.0
2012-02-06,RTX,36.55663302515509,36.6974101168315,36.384068090713846,36.58842086791992,6123370.0
2012-02-07,RTX,36.48397200897842,36.5520895985483,36.17971105658497,36.45672607421875,4448723.0
2012-02-08,RTX,36.57025416123595,37.17423415419676,36.2251243096416,37.1197395324707,10986028.0
2012-02-09,RTX,37.57385484205389,38.286824006637126,37.46486560958214,38.046138763427734,14154018.0
2012-02-10,RTX,37.655614194647406,37.91900634765625,37.533001935053804,37.91900634765625,7165437.0
2012-02-13,RTX,38.236874313129526,38.69099618361344,38.18237968867145,38.545677185058594,8842308.0
2012-02-14,RTX,38.35494691012315,38.44122937629982,38.132426508119934,38.43668746948242,5649213.0
2012-02-15,RTX,38.65590701633163,38.67417549235503,37.6694148478087,37.724220275878906,10283055.0
2012-02-16,RTX,37.7014002844378,38.057634336684025,37.66943112967141,38.00739669799805,6626925.0
2012-02-17,RTX,38.28597410549023,38.450390396796756,38.12155781418371,38.26313781738281,6065849.0
2012-02-21,RTX,38.500632861108464,38.655913549365366,38.025655172596906,38.34535217285156,5721512.0
2012-02-22,RTX,38.317942063428525,38.500626825900184,38.10785597077132,38.34077835083008,5045870.0
2012-02-23,RTX,38.45495351503787,38.65590674991029,37.911469817550405,38.13069152832031,7473862.0
2012-02-24,RTX,38.231159420342344,38.610229530332866,38.16722115116386,38.34990310668945,5226221.0
2012-02-27,RTX,38.05305727471147,38.4184240959283,37.82927047736715,38.194637298583984,4852965.0
2012-02-28,RTX,38.23573781921316,38.26770696265567,37.95714284602848,38.121559143066406,4089133.0
2012-02-29,RTX,38.27227203926186,38.50975946075353,38.148960517387614,38.30424118041992,6637889.0
2012-03-01,RTX,38.29967907687247,38.56457063623946,38.21290449435319,38.43669128417969,6413681.0
2012-03-02,RTX,38.327077128056295,38.65590692735022,38.31794150588045,38.61023712158203,5722307.0
2012-03-05,RTX,38.418416011258635,38.454952962528665,37.84296318131108,38.03934860229492,5015837.0
2012-03-06,RTX,37.72878469880168,37.76075660759517,36.998051206610796,37.171600341796875,7690919.0
2012-03-07,RTX,37.404531929414624,37.84754049855742,37.317757340445525,37.71052551269531,6778833.0
2012-03-08,RTX,38.14438848820483,38.35904236705856,37.91146613522803,38.148956298828125,4353224.0
2012-03-09,RTX,38.13069498133411,38.32708042292371,38.011951261432465,38.15809631347656,3990138.0
2012-03-12,RTX,38.290540842006294,38.4686577938295,38.22203474797743,38.359046936035156,5708324.0
2012-03-13,RTX,38.59654515556164,39.61043888011156,38.391024062358625,39.5373649597168,12067978.0
2012-03-14,RTX,39.43688653617261,39.688077425263664,39.208531937463675,39.64697265625,11116485.0
2012-03-15,RTX,39.68349838256836,39.96209052657616,39.23135712486291,39.68349838256836,11445885.0
2012-03-16,RTX,39.73374355344223,39.89815984588103,38.925368293599824,39.039546966552734,12724076.0
2012-03-19,RTX,39.14915709604886,39.14915709604886,38.619374005672384,38.64677810668945,7327356.0
2012-03-20,RTX,38.304246059504145,38.404721306904996,37.93887649009973,38.02565383911133,7242821.0
2012-03-21,RTX,38.13527148485666,38.1444043415289,37.637457434382,37.77903747558594,5371456.0
2012-03-22,RTX,37.54152807359018,37.63743824579285,37.240099663142985,37.482154846191406,8194155.0
2012-03-23,RTX,37.46846707329014,37.5826457571727,37.230979618738,37.358856201171875,6069186.0
2012-03-26,RTX,37.70595748326756,38.14439820554491,37.68312119270361,38.1352653503418,5657476.0
2012-03-27,RTX,38.10328586269075,38.135257770473764,37.83839435726012,37.95713806152344,5772996.0
2012-03-28,RTX,38.02564680391332,38.02564680391332,37.04828753913571,37.23097229003906,7743515.0
2012-03-29,RTX,37.05285648925827,37.62374150873626,36.99348325129658,37.59634017944336,5963358.0
2012-03-30,RTX,37.88863801231458,38.03022079354528,37.57807665369222,37.8795051574707,5557210.0
2012-04-02,RTX,37.67855678315552,38.16723794247388,37.40909738895617,37.783599853515625,5302016.0
2012-04-03,RTX,37.73792751258068,37.95714649466647,37.34515659386464,37.541542053222656,5188244.0
2012-04-04,RTX,37.331447573550726,37.49129603873283,37.18073196174207,37.41365432739258,4719966.0
2012-04-05,RTX,37.244672128672846,37.523264291347324,37.167030419167425,37.26750564575195,3945646.0
2012-04-09,RTX,36.911274494719,36.911274494719,36.518503673670835,36.641815185546875,5087184.0
2012-04-10,RTX,36.44999981665305,36.56874352503859,35.78320183486425,35.84257507324219,7984884.0
2012-04-11,RTX,36.281011848875075,36.55047114576153,36.139431868792194,36.3677864074707,5895826.0
2012-04-12,RTX,36.35408943618403,37.20356940295149,36.34952162517037,37.07112503051758,4358468.0
2012-04-13,RTX,36.79252901516224,36.96151310242503,36.41802942707004,36.445430755615234,5167746.0
2012-04-16,RTX,36.59614382014618,36.97521398977656,36.3586564100876,36.48196792602539,5058264.0
2012-04-17,RTX,36.705761108426856,37.26751336083305,36.587017382574736,37.10309982299805,4801322.0
2012-04-18,RTX,36.97522036730462,37.19900715160695,36.924982743756814,37.08483123779297,4137756.0
2012-04-19,RTX,37.03459530754383,37.25838210207816,36.53678132425955,36.71946334838867,4227693.0
2012-04-20,RTX,36.81536374922721,37.240103702364195,36.81536374922721,36.99348068237305,5753610.0
2012-04-23,RTX,36.58245211278097,36.6509582197008,36.2581872895476,36.422603607177734,7739860.0
2012-04-24,RTX,36.641810823192316,36.87930096552431,36.19880244165808,36.46826171875,5931260.0
2012-04-25,RTX,36.829068184754846,37.03002142355303,36.235346859043084,36.45000076293945,6558439.0
2012-04-26,RTX,36.47740117028199,37.157899817263704,36.32212051023346,37.107662200927734,4907150.0
2012-04-27,RTX,37.281225368192665,37.495879347447115,37.20358362476144,37.4502067565918,4399782.0
2012-04-30,RTX,37.44105765042815,37.66027657893238,37.139629201410926,37.28577423095703,3941197.0
2012-05-01,RTX,37.22184188549569,37.559807337852604,36.842771666331544,37.18987274169922,3852213.0
2012-05-02,RTX,37.07568679070779,37.29947629012088,36.92040614532345,37.24467086791992,3531394.0
2012-05-03,RTX,37.19899650849003,37.29490668481887,36.783392203928265,36.95237350463867,3667412.0
2012-05-04,RTX,36.838200693747815,36.86560202162841,36.21250751119251,36.29928207397461,4012225.0
2012-05-07,RTX,36.02982388135023,36.2718818708623,35.99785474170814,36.03895950317383,4488448.0
2012-05-08,RTX,35.86085535495638,36.08007713648879,35.481785049816054,35.997867584228516,4814670.0
2012-05-09,RTX,35.40870910328528,35.58225827268002,35.05704018420117,35.17121887207031,7940869.0
2012-05-10,RTX,35.37672646172323,35.586812526066886,35.20317734494977,35.29908752441406,4538820.0
2012-05-11,RTX,35.10270397811988,35.632486977511185,35.03876293230841,35.24885177612305,3754489.0
2012-05-14,RTX,34.86521257251023,34.983959038370536,34.55008347049572,34.687095642089844,6974757.0
2012-05-15,RTX,34.63686295787312,35.189482301854376,34.53181990892475,34.78757858276367,6322631.0
2012-05-16,RTX,34.98981318624188,35.03117584681383,34.29121130520988,34.332576751708984,7005901.0
2012-05-17,RTX,34.31418551176398,34.32337907029405,33.67993026655477,33.702911376953125,6704786.0
2012-05-18,RTX,33.80860582250501,33.826990145611106,33.15596653112691,33.26626968383789,9157089.0
2012-05-21,RTX,33.36280126618696,33.895944061109475,33.26168884209271,33.872962951660156,6217916.0
2012-05-22,RTX,34.07519038913306,34.37853044559201,33.822406544429484,33.98326873779297,7897966.0
2012-05-23,RTX,33.71209290976803,34.1211420759273,33.29385297352452,34.038414001464844,6715432.0
2012-05-24,RTX,34.088978056982135,34.10736238731305,33.367397966865376,33.781044006347656,5460757.0
2012-05-25,RTX,33.68452596878242,33.937309817301255,33.45012645080908,33.56043243408203,4017945.0
2012-05-29,RTX,33.9005335388933,34.530191843222866,33.75805570566163,34.511810302734375,9154388.0
2012-05-30,RTX,34.162517989103264,34.26822720010296,33.84079357668847,33.89134979248047,5622835.0
2012-05-31,RTX,34.12574894928736,34.36474525921838,33.89594619808637,34.061405181884766,6382060.0
2012-06-01,RTX,33.41793846427531,33.67991295885444,32.990505074523654,33.10081100463867,7727625.0
2012-06-04,RTX,33.05487097157905,33.12381431357322,32.54011240514252,32.8388557434082,6656003.0
2012-06-05,RTX,32.60905329706368,32.8020901991519,32.49874729184964,32.576881408691406,7063264.0
2012-06-06,RTX,32.8756054826238,33.854565829786246,32.85722115919596,33.845375061035156,6691438.0
2012-06-07,RTX,34.43829203203472,34.97143500681447,34.327986012578016,34.65430450439453,9128328.0
2012-06-08,RTX,34.54399852155457,34.81056998772838,34.42449895035679,34.70026397705078,4701215.0
2012-06-11,RTX,35.01280197145941,35.10472366562069,34.245259307622725,34.29581832885742,3777689.0
2012-06-12,RTX,33.840796780143116,34.28661477749576,33.840796780143116,34.171714782714844,10484858.0
2012-06-13,RTX,34.17171533128944,34.21767477275418,33.532860429217195,33.799434661865234,13081919.0
2012-06-14,RTX,33.82240007207806,34.346351991488284,33.79482497491623,34.0751838684082,12445048.0
2012-06-15,RTX,34.11656051131409,34.24065406117374,33.83619873976468,34.23605728149414,10612613.0
2012-06-18,RTX,34.14872697517839,34.585351327237426,34.01543988712249,34.47045135498047,5103074.0
2012-06-19,RTX,34.74162997261661,35.38967292014197,34.74162997261661,35.11391067504883,6767710.0
2012-06-20,RTX,35.095515353490185,35.26097153438135,34.677272550515816,34.88869094848633,5462982.0
2012-06-21,RTX,35.18745177055436,35.41265781380123,34.350968599444585,34.38773727416992,6584180.0
2012-06-22,RTX,34.53940062975131,34.691069300106456,34.38313517928402,34.562381744384766,8042882.0
2012-06-25,RTX,34.33256595636812,34.33256595636812,33.808614013860854,33.895938873291016,4436488.0
2012-06-26,RTX,33.923513023405384,34.01083787322312,33.46850166285408,33.840782165527344,5494126.0
2012-06-27,RTX,34.00165301041315,34.13953409422617,33.90054058707383,34.084381103515625,4292366.0
2012-06-28,RTX,33.77185364265701,33.822409859367404,33.027292372717795,33.367401123046875,7661840.0
2012-06-29,RTX,33.983269011933764,34.73242699399054,33.969481460603205,34.71404266357422,8155701.0
2012-07-02,RTX,34.65428672477524,34.98980139163319,34.24983431353539,34.48883056640625,5589149.0
2012-07-03,RTX,34.401512791063475,34.90707771271047,34.369340908420085,34.81515884399414,2426085.0
2012-07-05,RTX,34.741617995414465,34.89328662074231,34.53939037571749,34.649696350097656,3691883.0
2012-07-06,RTX,34.341756593547494,34.36933447774387,33.72128902320751,34.05220413208008,5752180.0
2012-07-09,RTX,34.010845104430054,34.291204039028365,33.900539127757305,34.162513732910156,5122777.0
2012-07-10,RTX,34.80597288882398,34.91627889849173,33.831608708613594,34.079795837402344,6653302.0
2012-07-11,RTX,34.04762526024046,34.04762526024046,33.2111421669053,33.32604217529297,7932606.0
2012-07-12,RTX,32.93535741179421,33.270869247131394,32.60903634581688,33.01808547973633,6016907.0
2012-07-13,RTX,33.06407293224838,33.85459392380283,33.06407293224838,33.82242202758789,4909216.0
2012-07-16,RTX,33.753463865055124,33.813213631124356,33.23410865731546,33.64775466918945,4122819.0
2012-07-17,RTX,33.80401474537021,34.14872016525331,33.24789375300593,33.826995849609375,4889512.0
2012-07-18,RTX,33.85457525355759,34.55317695235278,33.61098498977712,34.40150833129883,4981038.0
2012-07-19,RTX,34.43368970209386,34.930063923725974,34.24984636596078,34.84733581542969,5703716.0
2012-07-20,RTX,34.63131657042067,34.681872785504666,34.06140508051585,34.11655807495117,7151930.0
2012-07-23,RTX,33.90052826448736,33.90052826448736,33.11460191494876,33.67991638183594,4599202.0
2012-07-24,RTX,33.59719141334467,33.70290058703696,32.81586176921004,33.064048767089844,5848156.0
2012-07-25,RTX,33.29386372563551,33.66154758034244,33.04567663617111,33.37199783325195,6489635.0
2012-07-26,RTX,33.54205460044299,34.61293718677003,33.247908040667326,33.519073486328125,10272091.0
2012-07-27,RTX,33.75805885559459,34.46125453119711,33.38577830040625,34.139530181884766,7899555.0
2012-07-30,RTX,34.13493308957077,34.73701629874732,34.13493308957077,34.45665740966797,7051982.0
2012-07-31,RTX,34.30499538787359,34.507223034164234,34.14413318389684,34.21307373046875,5572146.0
2012-08-01,RTX,34.42449955482386,34.640514799712015,34.19929353518157,34.37394332885742,6575759.0
2012-08-02,RTX,34.13034563176783,34.3739359344455,33.59720280474664,34.21307373046875,7139695.0
2012-08-03,RTX,34.433682929480156,35.50456527645548,34.433682929480156,35.302337646484375,6747530.0
2012-08-06,RTX,35.49078682278632,35.70220527898564,35.21502180213893,35.22880935668945,5336815.0
2012-08-07,RTX,35.48157839538874,36.08366162244842,35.43561897083524,35.904415130615234,7780221.0
2012-08-08,RTX,35.87683513671527,36.06067838169134,35.49995787747725,35.61026382446289,5091315.0
2012-08-09,RTX,35.60568634947721,35.63326424413711,35.08173699613977,35.40346145629883,4074196.0
2012-08-10,RTX,35.26097409235937,35.8125012358354,35.15526488570553,35.79871368408203,4344644.0
2012-08-13,RTX,35.72058514709738,35.794119690814355,35.31612983405538,35.605682373046875,3529010.0
2012-08-14,RTX,35.706792059998094,35.96876947317224,35.582698522257054,35.7481575012207,4895391.0
2012-08-15,RTX,35.75047313353758,36.17623854381735,35.6625434425112,36.09293746948242,5150426.0
2012-08-16,RTX,35.82914674640017,36.611262367916446,35.82914674640017,36.453914642333984,5817329.0
2012-08-17,RTX,36.76859359274804,37.208241864753,36.56033959104375,37.194358825683594,7746852.0
2012-08-20,RTX,37.15272370931812,37.57386048619375,36.925955163103126,37.06016540527344,9750899.0
2012-08-21,RTX,37.0740332021712,37.27303277271936,36.65289379327506,36.6852912902832,5919184.0
2012-08-22,RTX,36.583487815503865,36.99999874665079,36.56497615622573,36.86579132080078,5793971.0
2012-08-23,RTX,36.745458979209815,36.83801726261884,36.45852970325256,36.65290069580078,3961854.0
2012-08-24,RTX,36.58349084074887,37.115700387700244,36.5603533686543,37.06016540527344,5248944.0
2012-08-27,RTX,37.161982265129716,37.536841334234076,36.93984231074679,37.28230667114258,7524710.0
2012-08-28,RTX,37.189735269557396,37.458155689256124,37.004621511269875,37.31931686401367,6008962.0
2012-08-29,RTX,37.37947765040574,37.42112957538275,37.04627066625337,37.101802825927734,3907192.0
2012-08-30,RTX,36.80563465770526,36.96761100558515,36.26879924277005,36.5881233215332,5888040.0
2012-08-31,RTX,36.925955013758546,37.24527905750461,36.63439705850252,36.9537239074707,5109112.0
2012-09-04,RTX,36.88430456941652,37.055535321201084,36.06053709865481,36.25953674316406,7514063.0
2012-09-05,RTX,36.24564998379306,36.24564998379306,35.86153658312419,36.11144256591797,8840402.0
2012-09-06,RTX,36.44001956488828,36.888925154210156,36.39837043953498,36.745460510253906,7280480.0
2012-09-07,RTX,37.06943480018829,37.18050480988743,36.58350561167199,36.7501106262207,7346106.0
2012-09-10,RTX,36.65290337379573,36.83339133832508,36.3752313085024,36.379859924316406,6066643.0
2012-09-11,RTX,36.38448757614641,36.731580480549425,36.34283844737778,36.44927978515625,5211920.0
2012-09-12,RTX,36.48629517998453,36.731572504172725,36.32894751550949,36.481666564941406,5486340.0
2012-09-13,RTX,36.52795751242973,37.43502612792055,36.42151615926386,37.2684211730957,7406170.0
2012-09-14,RTX,37.485929220327236,38.18011226360085,37.33783594009115,38.15697479248047,11829628.0
2012-09-17,RTX,38.12458023760988,38.20788411680851,37.86079116566607,38.01813888549805,5900275.0
2012-09-18,RTX,37.754346594759404,37.94871762094782,37.52758086507658,37.70806884765625,6512675.0
2012-09-19,RTX,37.65251264521466,37.84688356184619,37.16195533735764,37.819114685058594,6481054.0
2012-09-20,RTX,37.66640957541655,37.71731592888171,37.1064340768569,37.44889831542969,9000414.0
2012-09-21,RTX,37.57385707360014,37.6479037101107,37.12495144367127,37.37023162841797,20199686.0
2012-09-24,RTX,37.222138227603736,37.222138227603736,36.75934675100162,37.03702163696289,5783642.0
2012-09-25,RTX,37.06479388252341,37.134214719466755,36.41226270121244,36.453914642333984,8666565.0
2012-09-26,RTX,36.51406902816601,36.58811566372445,36.241025566071585,36.342838287353516,7429370.0
2012-09-27,RTX,36.49093109150045,36.56035192070118,36.0790487587306,36.25953674316406,7638482.0
2012-09-28,RTX,35.8569218861565,36.287316001951226,35.602387188707894,36.231781005859375,9653016.0
2012-10-01,RTX,36.35672365986747,36.731582672485736,36.18086429175846,36.25953674316406,5593280.0
2012-10-02,RTX,36.36597150774536,36.55571669049789,36.08829946206858,36.27804183959961,4805454.0
2012-10-03,RTX,36.3613676624725,36.44929738373439,36.065180975928705,36.35673904418945,5837192.0
2012-10-04,RTX,36.52795207102776,36.66679091531074,36.301186353546434,36.342838287353516,4660696.0
2012-10-05,RTX,36.6066339633333,36.68530922919188,36.18086853685708,36.333587646484375,4325258.0
2012-10-08,RTX,36.185491138092424,36.3428416558493,35.995748720803725,36.268795013427734,3116188.0
2012-10-09,RTX,36.194740671492944,36.32432226816549,35.7874870300293,35.7874870300293,6543979.0
2012-10-10,RTX,35.72732984345303,35.81525952706684,35.1025648255538,35.18124008178711,7931335.0
2012-10-11,RTX,35.41262922195189,35.7041843172871,35.190489334818785,35.19511795043945,7004153.0
2012-10-12,RTX,35.17198456127474,35.324706464874254,35.02851989072836,35.153472900390625,6818717.0
2012-10-15,RTX,35.23215105846833,35.42652211112847,35.11645246712029,35.24140548706055,4535642.0
2012-10-16,RTX,35.48668821346454,35.96336289037214,35.357109362474,35.91245651245117,4601585.0
2012-10-17,RTX,35.97261883705487,36.45392215185461,35.87543469471441,36.34748077392578,5737720.0
2012-10-18,RTX,36.2502828678047,36.726954615488204,36.12070124530072,36.66679382324219,5270713.0
2012-10-19,RTX,36.477050939983606,36.62514423233213,35.93096113228178,36.09293746948242,6526659.0
2012-10-22,RTX,35.9355826964508,36.49092967189793,35.78286361068325,36.01888656616211,5811132.0
2012-10-23,RTX,35.408012007861785,36.328963746624495,35.333965354974076,35.66717529296875,10463565.0
2012-10-24,RTX,35.91244873392194,36.24103001827316,35.53758969927241,36.05128479003906,9084472.0
2012-10-25,RTX,36.20863807672409,36.37524305282416,35.644036532218884,35.76898956298828,7197058.0
2012-10-26,RTX,35.843034336270485,36.296565872885886,35.76898768411553,36.19012451171875,6870200.0
2012-10-31,RTX,36.64364618345642,36.64364618345642,36.02813570415736,36.171600341796875,6506637.0
2012-11-01,RTX,36.31045118529479,37.203634004521255,36.1531006491891,36.5881233215332,9566733.0
2012-11-02,RTX,36.69456054934171,36.976861270789904,36.111447445765656,36.12995910644531,7777361.0
2012-11-05,RTX,36.09756254033738,36.25028444624395,35.96335510081674,36.05128479003906,5585335.0
2012-11-06,RTX,36.12533371512071,37.143469532953475,36.05128706579144,37.00926208496094,7306381.0
2012-11-07,RTX,36.634404118118645,36.634404118118645,35.59312791030744,35.94947814941406,8230226.0
2012-11-08,RTX,35.83840308329211,35.95872748158282,35.241404098118885,35.24603271484375,5402282.0
2012-11-09,RTX,35.1766099758019,35.449656247682704,35.005376426905045,35.09793472290039,6125754.0
2012-11-12,RTX,35.25064879024277,35.722691787236705,35.06090362425257,35.61162185668945,4857891.0
2012-11-13,RTX,35.34784391349309,36.00037785530655,35.29230893087776,35.63477325439453,5929036.0
2012-11-14,RTX,35.78623952421388,35.79089770151953,34.69107350867214,34.7889404296875,6792022.0
2012-11-15,RTX,34.89146736496975,35.1058395772089,34.74234071179248,34.87748718261719,5759966.0
2012-11-16,RTX,34.93806466784954,35.27360310064818,34.705048493169286,35.06855010986328,6808071.0
2012-11-19,RTX,35.455352595083475,35.75826965615312,35.23165843160783,35.6883659362793,6061876.0
2012-11-20,RTX,35.52059467985222,35.800212379207345,35.38078724259927,35.739627838134766,4478438.0
2012-11-21,RTX,35.79554464995535,36.275554237414475,35.632435062201544,36.037879943847656,4626374.0
2012-11-23,RTX,36.2662443913284,36.657706403195824,36.16837747593673,36.63440704345703,2266391.0
2012-11-26,RTX,36.24294411194834,36.70431270183413,36.24294411194834,36.667030334472656,4672296.0
2012-11-27,RTX,36.555168640949454,36.81614510830784,36.30351417413533,36.73691940307617,8359570.0
2012-11-28,RTX,36.58314212659882,37.28218219530598,36.522557580534745,37.1889762878418,6783123.0
2012-11-29,RTX,37.2169315825725,37.375383016121674,36.8674130082118,37.17033004760742,6687465.0
2012-11-30,RTX,37.263535159886786,37.44994412068172,37.10508655451394,37.333438873291016,12447749.0
2012-12-03,RTX,37.62238163891313,37.91131853962736,37.16101592802727,37.1889762878418,5264993.0
2012-12-04,RTX,37.26820826686481,37.61772694742283,37.07247724078233,37.34743118286133,6216327.0
2012-12-05,RTX,37.44062105001637,37.63169381664217,36.97459445922208,37.38935852050781,6608333.0
2012-12-06,RTX,37.421979793207164,37.70159744199383,37.24955102842525,37.68761444091797,5015996.0
2012-12-07,RTX,37.76684771383932,37.91597715640217,37.41266811260182,37.74354553222656,5997998.0
2012-12-10,RTX,37.743542835727666,37.90199144470607,37.65965894270358,37.752864837646484,4514667.0
2012-12-11,RTX,37.957920112594614,38.05578702172599,37.72490675616454,37.836753845214844,5950646.0
2012-12-12,RTX,38.11170485005676,38.172286562235556,37.58509367006594,37.74820327758789,5838463.0
2012-12-13,RTX,37.85072417315296,37.92528887977841,37.37071740531252,37.4546012878418,6458649.0
2012-12-14,RTX,37.272865295410156,37.63170879449124,37.2029615614534,37.272865295410156,7424761.0
2012-12-17,RTX,37.34275812405696,37.403342660723396,37.04916309214793,37.27751541137695,9194272.0
2012-12-18,RTX,37.328773435724294,38.428597190605906,37.23556755398032,38.3214111328125,9590886.0
2012-12-19,RTX,38.316766364949956,38.94590275580485,38.16763690197704,38.69424819946289,11861408.0
2012-12-20,RTX,38.73152396809084,38.978520323295875,38.526473801323654,38.75948715209961,6572422.0
2012-12-21,RTX,38.386658463094186,38.61967176595996,37.934612034067854,38.46588134765625,11390270.0
2012-12-24,RTX,38.48918228209313,38.587049165565844,38.27481016337538,38.326072692871094,1928093.0
2012-12-26,RTX,38.372673728879896,38.419278082257975,38.02781337824649,38.26548767089844,3463702.0
2012-12-27,RTX,38.28879241594264,38.42394165998628,37.80878562298172,38.246849060058594,4692953.0
2012-12-28,RTX,37.990536724248145,38.13034414526123,37.59907199062305,37.6596565246582,3515663.0
2012-12-31,RTX,37.5198511752873,38.33073821672444,37.41266510327918,38.21889114379883,5845613.0
2013-01-02,RTX,38.88065229682837,39.14628982543945,38.73152285267469,39.14628982543945,7126983.0
2013-01-03,RTX,39.02978729060342,39.36066758565475,38.871338646085064,39.29076385498047,6016907.0
2013-01-04,RTX,39.36532149991479,39.60765401264027,39.178909701780434,39.60299301147461,6127025.0
2013-01-07,RTX,39.39794227639272,39.60765342755914,39.31871655714363,39.411922454833984,5368437.0
2013-01-08,RTX,39.32804549731796,39.477172135081254,38.79677319918417,38.936580657958984,7675823.0
2013-01-09,RTX,39.11832726063909,39.756785584878166,39.0670647196132,39.40260314941406,5990530.0
2013-01-10,RTX,39.61231926095726,39.62163843943856,39.314060351963576,39.59833908081055,5627444.0
2013-01-11,RTX,39.551732878335955,39.84066977058983,39.44920779555212,39.69620132446289,4740940.0
2013-01-14,RTX,39.72882619966553,40.0643674863965,39.72882619966553,39.98514175415039,4966261.0
2013-01-15,RTX,39.69619842273651,40.13892573165287,39.570371166754335,40.05970001220703,4383733.0
2013-01-16,RTX,39.86397620939024,39.98980348800515,39.68222538196318,39.87795639038086,3888760.0
2013-01-17,RTX,40.115622003404276,40.357954503803306,39.88726685609287,40.26475143432617,5451382.0
2013-01-18,RTX,40.40921769112446,40.712134712756985,40.19018455744973,40.52106475830078,6705580.0
2013-01-22,RTX,40.37193530680591,40.77737739397179,40.23678606118469,40.763397216796875,6543025.0
2013-01-23,RTX,40.679511992816465,41.18748195389532,40.455817865969294,41.04301071166992,6292281.0
2013-01-24,RTX,41.0150542041231,41.457781498809425,40.791360056300654,41.43914031982422,8504646.0
2013-01-25,RTX,41.41118009499402,41.85390742128374,41.41118009499402,41.84458541870117,7227567.0
2013-01-28,RTX,41.90982770158785,41.94244905839033,41.63953202046168,41.8492431640625,7067236.0
2013-01-29,RTX,41.85389910080285,41.87719845292887,41.527679922551464,41.830596923828125,6943294.0
2013-01-30,RTX,41.765357010128696,41.81195854234476,41.48573934228564,41.52302169799805,7117290.0
2013-01-31,RTX,41.28535774485719,41.52303211594301,40.81000900268555,40.81000900268555,9124038.0
2013-02-01,RTX,41.0057471933148,41.993724322961775,41.0057471933148,41.867897033691406,10763092.0
2013-02-04,RTX,42.14284104614477,42.29196765229512,41.56030632494012,41.72807693481445,9365566.0
2013-02-05,RTX,42.06362193504896,42.22207056794281,41.49972830416989,41.59759521484375,8114070.0
2013-02-06,RTX,41.31797685102225,41.72342184275879,41.31797685102225,41.64885711669922,5314728.0
2013-02-07,RTX,41.72808511854567,41.91915512084961,41.294679743340765,41.91915512084961,6007532.0
2013-02-08,RTX,41.98904744467095,42.357209993447725,41.82593784803994,41.9843864440918,6116538.0
2013-02-11,RTX,41.97507621467553,42.09158148004547,41.644195950307974,41.760704040527344,4892531.0
2013-02-12,RTX,41.84924446186173,41.979732717967295,41.73273638412662,41.933128356933594,5267694.0
2013-02-13,RTX,42.10893429939062,42.10893429939062,41.724508645873634,41.95891571044922,5680198.0
2013-02-14,RTX,41.832342102963025,42.19332909330063,41.630751485726464,42.047996520996094,5767117.0
2013-02-15,RTX,42.216761012607556,42.558998107910156,42.12300046123903,42.558998107910156,7023221.0
2013-02-19,RTX,42.676209114223816,42.901241304607424,42.48868513065024,42.6715202331543,7026717.0
2013-02-20,RTX,42.671511766883874,42.75590024240763,42.24489187610805,42.268333435058594,4798462.0
2013-02-21,RTX,42.090192982834274,42.104259627067634,41.49948770266139,41.91673278808594,6014683.0
2013-02-22,RTX,42.14175115829596,42.423038482666016,42.038610009847616,42.423038482666016,5798579.0
2013-02-25,RTX,42.61524359897178,42.638682309041414,41.429141998291016,41.429141998291016,6357589.0
2013-02-26,RTX,41.72919428204199,41.97297910455841,41.56979793434631,41.81827163696289,4142682.0
2013-02-27,RTX,41.77139097202226,42.54962291928423,41.447909377537826,42.460548400878906,5342377.0
2013-02-28,RTX,42.540233946934876,42.81214629269892,42.301138069466624,42.45115661621094,6096357.0
2013-03-01,RTX,42.31521938568368,42.544937600618525,41.85578011406808,42.2542724609375,4302694.0
2013-03-04,RTX,41.97766180534839,42.05735854659173,41.48540619442325,41.78544616699219,4998041.0
2013-03-05,RTX,42.04799851202204,42.79810012980855,41.96361001975514,42.6715202331543,5343489.0
2013-03-06,RTX,42.93873874638815,43.065318619685215,42.61525716371181,42.69495391845703,4075308.0
2013-03-07,RTX,42.75589538524398,43.07937692668205,42.74651762603089,42.994991302490234,4014450.0
2013-03-08,RTX,43.145004649808506,43.557563486833835,43.07937171024509,43.16375732421875,4958951.0
2013-03-11,RTX,43.20596319631296,43.64664974284857,43.088761080971004,43.55757522583008,4081029.0
2013-03-12,RTX,43.53412890215829,43.71227791670055,43.24815270293279,43.66539764404297,4810539.0
2013-03-13,RTX,43.68885151923094,43.801364773681094,43.463819326838376,43.63727951049805,6079037.0
2013-03-14,RTX,43.77790588190631,43.81072235107422,43.58569026236026,43.81072235107422,5194282.0
2013-03-15,RTX,43.74040345432909,43.83416398914214,43.59975696861951,43.73102569580078,8863124.0
2013-03-18,RTX,43.58570294225274,43.87167917354726,43.42161770693289,43.491939544677734,4735538.0
2013-03-19,RTX,43.59975705201302,43.909174774373916,43.3559751142408,43.651329040527344,5881048.0
2013-03-20,RTX,43.98418245481595,44.06856806721128,43.76383924505307,43.81072235107422,4786068.0
2013-03-21,RTX,43.60443565352224,43.74507926460549,43.26220154040564,43.332523345947266,3531553.0
2013-03-22,RTX,43.50132249769461,43.89981485364381,43.41224796980269,43.876373291015625,5097194.0
2013-03-25,RTX,43.96544742617337,44.06858575402249,43.28566769174223,43.50600814819336,3740029.0
2013-03-26,RTX,43.73103437373561,43.82479776889996,43.384111232500295,43.4356803894043,4773674.0
2013-03-27,RTX,43.29035126927337,43.48725299385554,42.798095536945056,43.41693115234375,3881450.0
2013-03-28,RTX,43.646645993608864,43.94199995936257,43.60445175800251,43.801353454589844,6430206.0
2013-04-01,RTX,43.67477289766457,43.79197784282763,43.459118526640076,43.562259674072266,4041463.0
2013-04-02,RTX,43.670088227222685,43.85292328694062,43.52944172027325,43.59507751464844,4109790.0
2013-04-03,RTX,43.670080879858276,44.05450645450466,43.60444509652612,43.693519592285156,7003359.0
2013-04-04,RTX,43.77323791028583,43.97482854227457,43.58102504067832,43.67478561401367,4813876.0
2013-04-05,RTX,43.130953065650246,43.48256509995429,43.08407278722436,43.43099594116211,4075467.0
2013-04-08,RTX,43.52475475972153,43.937313697073556,43.32785305140357,43.93262481689453,3791354.0
2013-04-09,RTX,44.04044510666809,44.340487923161504,43.777910483981465,44.279541015625,5055086.0
2013-04-10,RTX,44.40612981328295,44.865569047712434,44.368624453666435,44.62178421020508,6006738.0
2013-04-11,RTX,44.781186500262606,44.93120795860334,44.61710124063894,44.92183303833008,6211242.0
2013-04-12,RTX,44.832758017858765,44.86088562011719,44.61710075297803,44.86088562011719,4035424.0
2013-04-15,RTX,44.710861981613775,44.762431144401766,43.83417768898024,43.84355545043945,6286402.0
2013-04-16,RTX,44.256105252560886,44.453006955783394,43.937312560056924,44.307674407958984,4518163.0
2013-04-17,RTX,43.97012449682658,44.017004767326355,43.32316141850556,43.52943801879883,5611871.0
2013-04-18,RTX,43.55758272404235,43.65134613750418,42.77934781318224,42.91999435424805,6972214.0
2013-04-19,RTX,42.999675088545416,43.735712588032186,42.999675088545416,43.70289611816406,6013094.0
2013-04-22,RTX,43.702909686497826,44.096713130668256,43.38411412170852,43.89512252807617,4978655.0
2013-04-23,RTX,43.740402885741,44.185775366421026,42.49804313555017,43.548187255859375,10335809.0
2013-04-24,RTX,43.473177494409924,43.63257665680136,43.046557679584694,43.130943298339844,6718451.0
2013-04-25,RTX,43.318471803782714,43.688836448902805,43.130945041475684,43.18251419067383,5707847.0
2013-04-26,RTX,43.145000720895474,43.22938916892934,42.723069847704615,42.732444763183594,4651639.0
2013-04-29,RTX,42.78873072664594,43.03251278924897,42.484001727518915,42.952816009521484,4756830.0
2013-04-30,RTX,43.177842044101055,43.23878613014892,42.68089738498296,42.798099517822266,6634393.0
2013-05-01,RTX,42.680884698272145,42.96686088648059,42.624626668203156,42.68557357788086,6327239.0
2013-05-02,RTX,42.79809474080678,43.22002862377442,42.79809474080678,43.01375198364258,4329707.0
2013-05-03,RTX,43.47317720385379,43.82478915618277,43.332533559620195,43.651329040527344,4906991.0
2013-05-06,RTX,43.57632330704668,43.98887936997957,43.50599863516752,43.82948303222656,3278584.0
2013-05-07,RTX,43.87637587332115,44.02170845502654,43.72635441046497,44.00764465332031,4015562.0
2013-05-08,RTX,43.9513806148314,44.246734619140625,43.87636989362615,44.246734619140625,4141252.0
2013-05-09,RTX,44.30767983082846,44.81400221189993,44.2186053075579,44.42488479614258,5773314.0
2013-05-10,RTX,44.49520188734396,44.654598236083984,44.335805538603935,44.654598236083984,4018581.0
2013-05-13,RTX,44.551451883990914,44.687406649287894,44.4295609148031,44.513946533203125,3120478.0
2013-05-14,RTX,44.52334238011069,44.99215661367655,44.52334238011069,44.97340393066406,5665580.0
2013-05-15,RTX,45.00875800456569,45.202048834176395,44.68817453736159,45.16904830932617,4834691.0
2013-05-16,RTX,45.027617999176144,45.17847795677094,44.81075127337228,44.86732482910156,4669912.0
2013-05-17,RTX,44.919164016237175,45.923342058145856,44.725873260005855,45.89505386352539,6684287.0
2013-05-20,RTX,45.74892308509648,46.06950369061801,45.70177988699617,45.838497161865234,4171602.0
2013-05-21,RTX,45.994064541262254,46.27221706167037,45.83377141777397,45.989349365234375,4435852.0
2013-05-22,RTX,46.012927967583344,46.28636534512277,45.310475246177475,45.3764762878418,6865275.0
2013-05-23,RTX,44.96632247666695,45.244475035917326,44.75417381797656,45.01818084716797,5197142.0
2013-05-24,RTX,44.7871762382728,44.91446601042035,44.40530692183013,44.806034088134766,4155871.0
2013-05-28,RTX,45.23033364558238,45.5509142310479,45.022897300015735,45.244476318359375,5452018.0
2013-05-29,RTX,44.97104359827507,45.08419070760717,44.697606179564104,44.843753814697266,5039514.0
2013-05-30,RTX,44.99460837029218,45.49905223472453,44.88146128172342,45.2397575378418,5881525.0
2013-05-31,RTX,45.084180997835425,45.54619397491302,44.74002456665039,44.74002456665039,6724648.0
2013-06-03,RTX,44.86261028454149,45.14076001431222,44.3204477834439,44.89561080932617,6942023.0
2013-06-04,RTX,44.74946042982209,44.985182123682506,44.14601209338821,44.44773483276367,5456149.0
2013-06-05,RTX,44.287438009065845,44.32986887931752,43.782994172955426,43.848995208740234,6028348.0
2013-06-06,RTX,43.801856566872736,43.91028848416507,43.29740982071535,43.72642517089844,7386308.0
2013-06-07,RTX,44.18372222578231,44.60802236434156,43.26912091146502,44.551448822021484,7643090.0
2013-06-10,RTX,44.59387777086475,44.702309681498626,44.292155063178264,44.38172912597656,5528926.0
2013-06-11,RTX,43.99514676254662,44.61273773637402,43.787713284191554,44.16486740112305,4175256.0
2013-06-12,RTX,44.59859525238056,44.71174234524214,43.594419804178926,43.693424224853516,4045435.0
2013-06-13,RTX,43.75943490368528,44.532604017492964,43.46242443393577,44.452457427978516,6502506.0
2013-06-14,RTX,44.47601612591915,44.716452959296745,44.150720410395216,44.32515335083008,3552051.0
2013-06-17,RTX,44.77304341706453,45.18319816970827,44.63632326106089,44.77775573730469,4776852.0
2013-06-18,RTX,44.763604990563806,45.45662742843027,44.763604990563806,45.338768005371094,4900635.0
2013-06-19,RTX,45.282174281723705,45.447179686648184,44.40057373046875,44.40057373046875,5412770.0
2013-06-20,RTX,43.95743830103206,44.065870234662235,43.467137011006535,43.5378532409668,5969873.0
2013-06-21,RTX,43.80656756629423,43.8678534264172,43.07111438335804,43.457698822021484,9104017.0
2013-06-24,RTX,43.0286799757904,43.594412487465206,42.571379362155135,43.13239669799805,6127661.0
2013-06-25,RTX,43.43412853633184,43.58027614688711,43.05697156865197,43.26912307739258,5059376.0
2013-06-26,RTX,43.6698524731918,44.02343643427696,43.43884596179013,43.83485794067383,4046706.0
2013-06-27,RTX,44.01872718815483,44.12244394476886,43.70757406062947,44.0847282409668,7018613.0
2013-06-28,RTX,43.94800301684741,44.24029823965602,43.570846046976456,43.81599807739258,7280162.0
2013-07-01,RTX,43.990432030780404,44.89560592132513,43.990432030780404,44.66459655761719,6180416.0
2013-07-02,RTX,44.6504556844139,44.83903418122622,44.075295555660716,44.22144317626953,5872944.0
2013-07-03,RTX,44.103580277606795,44.83903354709078,43.900859110821266,44.65988540649414,2760093.0
2013-07-05,RTX,45.02289027804017,45.555622302804984,44.98517458472855,45.50847625732422,4220225.0
2013-07-08,RTX,45.7536273476209,46.09306572294568,45.63576509396168,45.72062683105469,4596977.0
2013-07-09,RTX,46.093079027018874,46.451378209721916,45.99407744874494,46.210941314697266,5369867.0
2013-07-10,RTX,46.20620618226845,46.24863704473737,45.90919586035003,46.10248947143555,4993909.0
2013-07-11,RTX,46.639946116116185,47.040673255315134,46.58808774692427,46.99824523925781,5937299.0
2013-07-12,RTX,46.9605227785073,47.474396935212965,46.68237026634001,47.064239501953125,7513269.0
2013-07-15,RTX,47.182105495317884,47.3801114638204,47.01238486902319,47.25753402709961,4597454.0
2013-07-16,RTX,47.196256321649194,47.45555105331666,47.07368172143084,47.13968276977539,3660897.0
2013-07-17,RTX,47.53097354329229,47.61583242634958,47.33767989621383,47.54983139038086,3997765.0
2013-07-18,RTX,47.58755217389165,47.84213172326028,47.493265780385734,47.77613067626953,4295067.0
2013-07-19,RTX,47.813836614802504,48.32299846726942,47.71011988851158,48.313568115234375,5198414.0
2013-07-22,RTX,48.80858369966825,48.80858369966825,48.09670639743257,48.139137268066406,4806884.0
2013-07-23,RTX,48.70015115490597,49.812761267799395,48.57286426003645,49.55818176269531,8563598.0
2013-07-24,RTX,49.72319860823877,49.73734414077568,48.91702899170142,49.496910095214844,6645357.0
2013-07-25,RTX,49.5393203947738,49.54403557087103,48.97830588504317,49.40260314941406,5306466.0
2013-07-26,RTX,49.20930952251159,49.52989577430926,49.02073677074998,49.487464904785156,4201475.0
2013-07-29,RTX,49.22817570604817,49.60061750565566,49.18574483180147,49.534610748291016,3684573.0
2013-07-30,RTX,49.73733562955075,49.97776963396769,49.48747127172295,49.77033615112305,4704235.0
2013-07-31,RTX,49.86462253913451,50.23234916850092,49.657189056289866,49.77033615112305,5016632.0
2013-08-01,RTX,50.17105028308384,50.8452175004366,50.17105028308384,50.52934646606445,4789246.0
2013-08-02,RTX,50.472788088185816,50.84993934961875,50.25120907873737,50.80751419067383,5219547.0
2013-08-05,RTX,50.60478352656065,50.623644230606445,50.25120247935059,50.27477264404297,4773992.0
2013-08-06,RTX,50.185191671282276,50.185191671282276,49.393162278285565,49.59588623046875,5281042.0
2013-08-07,RTX,49.45446866125054,50.07205962235841,49.360176561856164,49.98719787597656,3764341.0
2013-08-08,RTX,50.24177060682994,50.51992597553342,49.78918230780613,50.09562301635742,3337536.0
2013-08-09,RTX,50.001323383728355,50.20404160013159,49.492164540047995,49.79388427734375,3030541.0
2013-08-12,RTX,49.56290709835439,49.841056825910876,49.45919034766156,49.756195068359375,3569847.0
2013-08-13,RTX,49.888195294066655,50.62836368308736,49.66661629500141,50.3502082824707,4171920.0
2013-08-14,RTX,50.357322181944085,50.53263334680305,49.71766619582464,49.779266357421875,3411424.0
2013-08-15,RTX,49.25806783630862,49.35756783987238,48.65157849464621,48.7984619140625,4365460.0
2013-08-16,RTX,48.784254721339956,49.14435492401354,48.67053796089445,48.84111022949219,5273097.0
2013-08-19,RTX,48.72263352110393,49.006928171569825,48.58048906794027,48.627872467041016,3532188.0
2013-08-20,RTX,48.62787581479112,48.77475919239079,48.28198674257878,48.518898010253906,4706300.0
2013-08-21,RTX,48.42414044125157,48.556807084466534,47.95505678672858,48.18722915649414,4886175.0
2013-08-22,RTX,48.37202586727336,49.27701517217111,48.16354516700924,48.78424835205078,4295703.0
2013-08-23,RTX,48.803199959164445,49.15856695550593,48.63736662285082,48.708438873291016,4142364.0
2013-08-26,RTX,48.75580458756097,49.03062143423824,48.47151565551758,48.47151565551758,2633291.0
2013-08-27,RTX,47.95506864996948,48.24409658285919,47.239604319921085,47.35332107543945,4898410.0
2013-08-28,RTX,47.28223221751165,47.56178509197488,47.24432664564987,47.372257232666016,3809151.0
2013-08-29,RTX,47.25381845094199,47.80344653343217,47.1448406176243,47.59970474243164,3692042.0
2013-08-30,RTX,47.72763630877096,47.75606406060146,47.25381938308044,47.42913055419922,3960583.0
2013-09-03,RTX,47.902946237207196,48.864793939551554,47.89821019340518,48.64210510253906,7362632.0
2013-09-04,RTX,48.537847483325,48.99745327054519,48.35779744895038,48.973758697509766,4080393.0
2013-09-05,RTX,48.91217237143311,49.33861157094894,48.72738339194222,49.125389099121094,2657920.0
2013-09-06,RTX,49.33387837254526,49.46654504226548,48.41467228395942,48.91217803955078,3883675.0
2013-09-09,RTX,49.05903989077082,49.6560511303472,49.05903989077082,49.50442886352539,3486902.0
2013-09-10,RTX,49.86929869210091,50.41892687785546,49.75084300472431,50.34785461425781,4578068.0
2013-09-11,RTX,50.5894987681959,51.09174346923828,50.42365967716024,51.09174346923828,4959746.0
2013-09-12,RTX,51.077526720586924,51.70770492706889,51.00645446561189,51.09174346923828,5583746.0
2013-09-13,RTX,51.17703607342704,51.357086181640625,50.888002372833924,51.357086181640625,3526150.0
2013-09-16,RTX,51.89722930652615,52.11992388865854,51.669795808500666,51.977779388427734,4480186.0
2013-09-17,RTX,51.930401066717565,52.81644056625247,51.87827873092214,52.304718017578125,5341265.0
2013-09-18,RTX,52.167304020461096,52.636381990530886,51.60345922677431,52.59847640991211,5909014.0
2013-09-19,RTX,52.84010579636795,53.28549480532655,52.75482257245183,53.06753921508789,4917478.0
2013-09-20,RTX,53.06755317588483,53.15758108186425,51.920913696289055,51.92091369628906,9150098.0
2013-09-23,RTX,51.968298791773904,52.5179268440234,51.69348189357907,51.8451042175293,4919385.0
2013-09-24,RTX,51.90669829452626,52.4042039605698,51.693475836368094,52.11991500854492,4004280.0
2013-09-25,RTX,52.053593313135735,52.541621258021536,51.75508754917485,51.7692985534668,3905762.0
2013-09-26,RTX,51.963547813466676,52.2999590486202,51.69820880814879,51.95880889892578,4095330.0
2013-09-27,RTX,51.64137733874715,51.91618855681419,51.314443780628686,51.816688537597656,2934565.0
2013-09-30,RTX,51.57977438673634,51.650846637882125,50.93537946632197,51.08700180053711,5296137.0
2013-10-01,RTX,51.210201045226185,51.39972898024948,50.390494880303365,50.8785285949707,7937532.0
2013-10-02,RTX,50.575276762992864,50.58475459444202,49.53761505523786,49.74135971069336,8905551.0
2013-10-03,RTX,49.67027130798713,49.74134353245922,48.67525442123954,49.1301155090332,6776767.0
2013-10-04,RTX,49.16803786302463,49.57078252056559,48.94534328521984,49.40494918823242,3355174.0
2013-10-07,RTX,49.011675393959145,49.63237562525458,48.80319184905856,49.29122543334961,3438755.0
2013-10-08,RTX,49.2817523698396,49.50444693752233,48.675268825264155,48.68947982788086,3496595.0
2013-10-09,RTX,48.803189996093096,48.98797895834142,48.42887315664914,48.727378845214844,5638725.0
2013-10-10,RTX,49.45232571118164,50.18674850463867,49.2675424640699,50.18674850463867,5433586.0
2013-10-11,RTX,50.07302140251345,50.71267149397244,49.92613802303396,50.70319366455078,5087342.0
2013-10-14,RTX,50.238873792991704,50.73164643641802,50.07304043577304,50.65109634399414,3869692.0
2013-10-15,RTX,50.61318905071001,50.65583355374118,50.11567750753439,50.1298942565918,4306508.0
2013-10-16,RTX,50.46629226487974,50.76479796295995,50.210431058545204,50.42838668823242,5158212.0
2013-10-17,RTX,50.21518267718399,51.24810559402981,50.21518267718399,51.181766510009766,3288436.0
2013-10-18,RTX,51.21019148985653,51.38076372747967,50.726896781760935,51.04909133911133,4303330.0
2013-10-21,RTX,51.12490375200735,51.14385367036769,50.674775697302294,50.99223709106445,4700262.0
2013-10-22,RTX,50.992244271709524,51.43762772936747,49.78400442964514,50.2862548828125,9267366.0
2013-10-23,RTX,50.319413110186915,50.660563328737,50.063551882309355,50.4094352722168,5401011.0
2013-10-24,RTX,50.86431142044384,50.93064476111202,50.32416111825023,50.726905822753906,4218318.0
2013-10-25,RTX,50.6558230372627,50.94958983699949,50.47577297395368,50.94485092163086,4341943.0
2013-10-28,RTX,50.74109261192064,50.812170579162085,50.18199265527938,50.21989822387695,5218594.0
2013-10-29,RTX,50.23412094700357,50.43786557982275,50.110932128412074,50.423648834228516,3569689.0
2013-10-30,RTX,50.50419905773697,50.80744367821808,50.07302670307767,50.20095443725586,3227895.0
2013-10-31,RTX,50.17727198334478,50.81218905214622,50.09672190277334,50.34310531616211,4709478.0
2013-11-01,RTX,50.437860891872184,51.044344330482744,50.41890523284171,50.94010543823242,3989979.0
2013-11-04,RTX,51.31917252431397,51.38076694150358,50.92589995386852,51.162811279296875,3644689.0
2013-11-05,RTX,50.97801590761597,51.29547152961008,50.56105455443443,51.020660400390625,3638174.0
2013-11-06,RTX,51.28126445855305,51.63662568534571,51.219664300206254,51.489742279052734,5005827.0
2013-11-07,RTX,51.54187178447756,51.77403847105054,50.74111556756874,50.8264045715332,4029704.0
2013-11-08,RTX,50.70320791381237,51.45184176573294,50.59896899329674,51.432891845703125,4688980.0
2013-11-11,RTX,51.42814162986595,51.45656937573486,51.06803578701534,51.21018600463867,3829013.0
2013-11-12,RTX,51.120144610295924,51.158050176159136,50.76952243416461,50.91166687011719,4773992.0
2013-11-13,RTX,50.763989136791075,51.23566277939862,50.51148031018028,51.197547912597656,4445386.0
2013-11-14,RTX,51.69304434568293,51.91696850488535,51.20708115388499,51.7835693359375,4069429.0
2013-11-15,RTX,51.84549565942975,51.93125555499759,51.54534180079736,51.73591613769531,4726322.0
2013-11-18,RTX,51.74066674677173,52.36479391564122,51.74066674677173,51.9931755065918,3837753.0
2013-11-19,RTX,51.89313916283622,52.16470253106326,51.8359639755193,51.9788932800293,2983665.0
2013-11-20,RTX,52.07417432268641,52.250453382688406,51.74067074458762,51.850250244140625,3559201.0
2013-11-21,RTX,51.98843451499893,52.336233465687386,51.92650001007944,52.298118591308594,3120955.0
2013-11-22,RTX,52.2838164092363,52.564915736423096,52.04083772722566,52.50297546386719,3920540.0
2013-11-25,RTX,52.860312217909325,52.87936676741344,52.45057875708108,52.55539321899414,3424454.0
2013-11-26,RTX,52.60302098801926,53.122328045766345,52.52679126331516,52.85552978515625,4490355.0
2013-11-27,RTX,52.99369513562313,53.31290350478177,52.922230489156945,53.12709426879883,2813325.0
2013-11-29,RTX,53.02703451909075,53.17472886293517,52.74117598928949,52.817405700683594,2067289.0
2013-12-02,RTX,52.96512667982238,53.0747062230755,52.46010314390506,52.55539321899414,3323076.0
2013-12-03,RTX,52.36958549746902,52.66020926108476,52.055136326437996,52.260005950927734,5234484.0
2013-12-04,RTX,52.093236549849365,52.19805676128049,51.4500546959627,51.90266799926758,3989979.0
2013-12-05,RTX,51.49768456606863,52.20757163680271,51.49768456606863,51.95506286621094,3216136.0
2013-12-06,RTX,52.52203403637836,52.979406677132836,52.44103921978851,52.94129180908203,3903379.0
2013-12-09,RTX,52.907950314281926,53.1461697209016,52.74596643156811,52.96989059448242,4453967.0
2013-12-10,RTX,52.72690124085496,53.174749525355004,52.45057276156672,52.874595642089844,4464454.0
2013-12-11,RTX,52.922226790282686,52.979396193118156,51.76449151225158,51.769256591796875,5491425.0
2013-12-12,RTX,51.69303533693057,51.89790491166097,51.14990281762485,51.49769592285156,5803187.0
2013-12-13,RTX,50.57818363779186,51.40241552760401,50.454314643384514,51.1451416015625,7181644.0
2013-12-16,RTX,51.36429500744963,51.98842231907873,51.21660062586134,51.70732879638672,5206676.0
2013-12-17,RTX,51.926477450252186,51.993177007472944,51.15942099050629,51.273765563964844,5484751.0
2013-12-18,RTX,51.45482441174139,52.336225697044036,50.95456603779474,52.31716537475586,5904406.0
2013-12-19,RTX,52.23141583243309,52.40292986879137,52.02178114815548,52.16947555541992,4651639.0
2013-12-20,RTX,52.03605671580306,52.94604244440937,51.96459207968726,52.72211837768555,7338002.0
2013-12-23,RTX,53.08421946080743,53.10803908405716,52.67924543458177,52.79835510253906,3126358.0
2013-12-24,RTX,52.7888314860121,53.16997434281911,52.73165630318569,53.10803985595703,1188413.0
2013-12-26,RTX,53.174760199292656,53.7226579629105,53.15094056638985,53.689308166503906,3892097.0
2013-12-27,RTX,53.76551121042394,53.85603616702095,53.57017183493035,53.74169158935547,2532707.0
2013-12-30,RTX,53.789340171290874,53.789340171290874,53.408197288746045,53.708351135253906,2566076.0
2013-12-31,RTX,53.91321310265392,54.28483158803942,53.87509823810529,54.21813201904297,3341985.0
2014-01-02,RTX,53.78936218640417,53.937056630001116,53.50826854569662,53.59402847290039,4210056.0
2014-01-03,RTX,53.81316255792774,54.07996660386207,53.70834812670287,53.789337158203125,3678376.0
2014-01-06,RTX,54.018035850662756,54.23719491158673,53.4367884087214,53.736942291259766,4698355.0
2014-01-07,RTX,53.89414685235301,54.29911503427656,53.78932666572055,54.0799560546875,3972977.0
2014-01-08,RTX,53.80842531495215,54.284858469811645,53.62738106265699,54.14669418334961,4991685.0
2014-01-09,RTX,54.3467688330167,54.42299856597972,53.86080572934116,54.175254821777344,3373765.0
2014-01-10,RTX,54.43253018806167,54.65168923225099,53.8369875492435,54.232425689697266,3572390.0
2014-01-13,RTX,53.96085058591753,54.48016337686975,53.65593171214291,53.74169158935547,5179346.0
2014-01-14,RTX,53.67975629515433,54.03232021950929,53.417723111618486,53.660701751708984,5451065.0
2014-01-15,RTX,53.632128446405304,54.44683020080978,53.62259828473014,54.34677505493164,3609890.0
2014-01-16,RTX,54.25624811798528,54.499226775101725,54.11808389679857,54.41823196411133,4215776.0
2014-01-17,RTX,54.16574829664085,54.537366963029186,54.14669374301301,54.41349792480469,6807753.0
2014-01-21,RTX,54.713611502733166,55.256749687302005,54.53256736649481,54.78507614135742,7527411.0
2014-01-22,RTX,55.9761832331324,56.31445201811833,55.00426260929031,55.32347106933594,8013009.0
2014-01-23,RTX,54.82796000263135,55.22816893858655,54.546866507377615,54.71361541748047,6493290.0
2014-01-24,RTX,54.32294669457482,54.48017123352012,53.25097117824213,53.26526641845703,8135362.0
2014-01-27,RTX,53.30339281211425,54.699342092554666,53.15569840136753,54.21337890625,12179685.0
2014-01-28,RTX,54.11810432441412,54.2800882316832,53.832239837964885,54.24673843383789,5819077.0
2014-01-29,RTX,53.86557824410121,54.33725194785538,53.56543012696996,53.965633392333984,6167227.0
2014-01-30,RTX,54.30388835576683,54.9184912937592,54.14666958693945,54.63739776611328,5101961.0
2014-01-31,RTX,53.82745519840645,54.75650144612987,53.536831511451524,54.32294845581055,5532898.0
2014-02-03,RTX,54.36582939129628,54.6659832441654,52.46009183476396,52.483917236328125,8361636.0
2014-02-04,RTX,51.63110017928294,52.417217129942784,51.216601730691025,51.9788932800293,15508004.0
2014-02-05,RTX,51.597743123781456,51.878836612934414,50.97838096621391,51.41193389892578,10907691.0
2014-02-06,RTX,51.502468833469344,52.16947621508839,51.502468833469344,52.14565658569336,5907425.0
2014-02-07,RTX,52.42196670198701,52.96510488931488,52.40291216032217,52.755470275878906,6328193.0
2014-02-10,RTX,52.688796190351326,53.20810923185937,52.56492717000697,53.16999435424805,6505366.0
2014-02-11,RTX,53.24145159295043,53.932284375167235,53.06993755557865,53.81793975830078,5345396.0
2014-02-12,RTX,53.894554796557834,54.05260484271755,53.62634988923423,54.01428985595703,4777011.0
2014-02-13,RTX,53.7269321552342,54.39744154287794,53.49225212770461,54.263336181640625,4005710.0
2014-02-14,RTX,54.244181570365335,54.66564063248782,53.81792660278584,54.53633117675781,5508427.0
2014-02-18,RTX,54.59860232940022,54.65128762632832,54.1005131865444,54.474082946777344,3802159.0
2014-02-19,RTX,54.3304115368836,55.21165077636189,54.31604123382048,54.61777114868164,6667762.0
2014-02-20,RTX,54.771010173760054,55.26909920256687,54.34475521419994,55.10147476196289,4920815.0
2014-02-21,RTX,55.216426013850764,55.59478002465153,54.94343097241945,55.259525299072266,5815740.0
2014-02-24,RTX,55.446314189288316,56.31318876156722,55.221214322624235,55.7911491394043,5293754.0
2014-02-25,RTX,55.580417981104674,55.877357728098886,55.34573792100224,55.503787994384766,4082936.0
2014-02-26,RTX,55.50378896552061,55.93482829372557,55.369689389505346,55.609153747558594,4690092.0
2014-02-27,RTX,55.6187276157007,55.85819194649214,55.388837677690454,55.84861755371094,3411742.0
2014-02-28,RTX,55.99708971104401,56.471234098785956,55.6522547898765,56.044979095458984,5199526.0
2014-03-03,RTX,55.36491416121981,56.0833132345328,55.29307425388851,55.92047882080078,4966578.0
2014-03-04,RTX,56.41854876518809,56.59575342222285,56.10724454200411,56.31797409057617,5111972.0
2014-03-05,RTX,56.590978656868735,56.715498044634906,56.1934583788024,56.231773376464844,3952479.0
2014-03-06,RTX,56.55265878114099,56.61012836958631,56.159928637431,56.39939880371094,2839384.0
2014-03-07,RTX,56.62927113665669,56.70590110151071,56.32275127724061,56.66279602050781,4628598.0
2014-03-10,RTX,56.61012953351872,56.70591992447296,55.98751521704429,56.40419006347656,3931663.0
2014-03-11,RTX,56.413768950589876,56.428139252232114,55.31701011070706,55.38405990600586,5323786.0
2014-03-12,RTX,55.273886803083506,55.47504192889585,54.842847570003514,55.46546173095703,5059694.0
2014-03-13,RTX,55.566057198759395,55.79594719829521,53.793998613157285,54.066993713378906,9417050.0
2014-03-14,RTX,54.13882833868065,54.77102287272933,53.841888569751454,53.92809295654297,6695728.0
2014-03-17,RTX,54.20108433925281,55.020063698186526,54.14360894579017,54.79496383666992,6345830.0
2014-03-18,RTX,54.93863512139239,55.216420233475155,54.761430480781094,54.92427062988281,4059736.0
2014-03-19,RTX,54.90511192193004,55.125421656208914,54.043027576143515,54.6033821105957,4723144.0
2014-03-20,RTX,54.612970465852335,54.838070333127604,54.119665636647525,54.48844528198242,4600950.0
2014-03-21,RTX,55.80550617021535,56.32275556930685,54.79495206055641,54.87158203125,16434074.0
2014-03-24,RTX,55.06316014495915,55.17331500843422,54.08613086515706,54.47885513305664,4965466.0
2014-03-25,RTX,54.775798787206895,55.19246773091255,54.498013685222446,55.17331314086914,5487294.0
2014-03-26,RTX,55.484628735246275,55.69536410614912,54.87638473510742,54.87638473510742,5502071.0
2014-03-27,RTX,54.737478013048914,54.93384304350798,54.26333368669326,54.502803802490234,3818685.0
2014-03-28,RTX,54.69438449481099,55.28826394161802,54.656069504495015,54.986534118652344,3904332.0
2014-03-31,RTX,55.307415947044326,56.01624033164869,55.21163137882472,55.958770751953125,5728981.0
2014-04-01,RTX,56.07849683752948,56.51433198464704,55.93002699117246,56.476016998291016,5250056.0
2014-04-02,RTX,57.28542507941897,57.53446962709473,56.873540362388894,57.409950256347656,11874915.0
2014-04-03,RTX,57.46742915627497,57.47221925687726,57.0507542718839,57.362064361572266,5998952.0
2014-04-04,RTX,57.58713803112467,57.70687307311422,56.50474416715731,56.600528717041016,5879300.0
2014-04-07,RTX,56.131176625001096,56.83042070289657,55.6091371643335,55.642662048339844,5551648.0
2014-04-08,RTX,55.470266266461195,55.724100934638194,55.04880131545018,55.44631576538086,3881768.0
2014-04-09,RTX,55.590004973539195,56.06893954596882,55.364905085817206,56.054569244384766,4055605.0
2014-04-10,RTX,56.04015581173295,56.23173065449653,54.8332430115894,54.86676788330078,4887128.0
2014-04-11,RTX,54.6704511696661,55.17812640236522,54.3783014540569,54.565086364746094,4944809.0
2014-04-14,RTX,54.94342902091606,55.22120834603121,54.57464941649549,55.04879379272461,3624032.0
2014-04-15,RTX,55.221197392926804,55.594767022811446,54.56505839441307,55.479827880859375,4439666.0
2014-04-16,RTX,56.03539607709426,56.55743557507821,55.51335657911031,56.547855377197266,4650050.0
2014-04-17,RTX,56.75380573457628,57.13216556200191,56.562230770931556,56.787330627441406,5266105.0
2014-04-21,RTX,56.840026260650376,57.02202105767771,56.605346161717605,56.65803146362305,4266465.0
2014-04-22,RTX,57.12736793481347,57.78829711766493,56.99326838102247,57.08426284790039,6656798.0
2014-04-23,RTX,57.03157625691435,57.44346087157191,56.96452068219973,57.3045654296875,4263764.0
2014-04-24,RTX,57.51053723496811,57.51053723496811,56.77776792850627,56.983707427978516,3416827.0
2014-04-25,RTX,56.734652107696874,56.92143697465939,55.98272253990139,56.135982513427734,5465207.0
2014-04-28,RTX,56.42811899547641,56.696323886573005,55.7432393743416,56.370643615722656,5367801.0
2014-04-29,RTX,56.476028316921884,56.68196778099591,56.06414358259198,56.30360794067383,4740623.0
2014-04-30,RTX,56.32754187194431,56.9118410044676,56.26048629747135,56.67237091064453,4514508.0
2014-05-01,RTX,56.52869498370375,56.76337499471308,55.84861125155961,55.939605712890625,6550017.0
2014-05-02,RTX,55.57083903859149,56.236558434419976,55.48462885003552,55.805519104003906,9220014.0
2014-05-05,RTX,55.5708322511146,56.10724210477339,55.321787722149324,55.94919204711914,4489402.0
2014-05-06,RTX,55.71448195191919,55.85337153677718,55.5133327199548,55.561222076416016,3111262.0
2014-05-07,RTX,55.68575923535228,56.068909007079895,55.37923941797019,55.992279052734375,4139822.0
2014-05-08,RTX,55.9731392126551,56.55744428062319,55.93003412173648,56.044979095458984,4004598.0
2014-05-09,RTX,55.94920048411309,56.16951025568551,55.628316027131184,56.03062057495117,3471965.0
2014-05-12,RTX,56.24612444299749,56.87352868629801,56.2221797549654,56.81605911254883,4441732.0
2014-05-13,RTX,57.00285109925676,57.08427118574262,56.84001673246676,56.868751525878906,3300512.0
2014-05-14,RTX,57.06608714878921,57.07090116827021,56.39223528977666,56.469242095947266,2809034.0
2014-05-15,RTX,56.33928467818201,56.43554755846215,55.51621575339845,55.689491271972656,4551214.0
2014-05-16,RTX,55.77132285852635,55.939790207874054,55.10227915120205,55.150413513183594,7128731.0
2014-05-19,RTX,54.904920871629564,55.62691279434346,54.832722262875585,55.3621826171875,5093222.0
2014-05-20,RTX,55.27073860501563,55.41513583515743,54.197375746659006,54.43804168701172,5960657.0
2014-05-21,RTX,54.67869448131595,55.33330178363165,54.67869448131595,55.27553939819336,5291529.0
2014-05-22,RTX,55.09745269743462,55.598034777618366,55.006003849000244,55.37181091308594,3458300.0
2014-05-23,RTX,55.38144427866144,55.670238742811826,55.31886786563411,55.61247634887695,2391604.0
2014-05-27,RTX,55.87722247682703,55.99274146244312,55.66544058745235,55.76170349121094,3159409.0
2014-05-28,RTX,55.800194044312754,56.09861654732567,55.752065523628175,55.80982208251953,3142089.0
2014-05-29,RTX,55.94459127414951,56.146750900609334,55.73280944465801,56.00235366821289,3621649.0
2014-05-30,RTX,55.973477303362095,56.214137420529816,55.72799733175167,55.93978500366211,5818600.0
2014-06-02,RTX,56.03125828044233,56.57996918845921,55.93018133729703,56.50777053833008,4275522.0
2014-06-03,RTX,56.796536749664625,56.90242765036797,56.584749113084044,56.709896087646484,8521171.0
2014-06-04,RTX,56.7484059514287,56.78691226638267,56.22857361713724,56.382598876953125,4414878.0
2014-06-05,RTX,56.44997931701864,56.989067686720304,56.28151201329668,56.87835693359375,4454444.0
2014-06-06,RTX,57.00350484070674,57.22972869873047,56.93130623369269,57.22972869873047,3111262.0
2014-06-09,RTX,57.2778743255968,57.85064927598897,57.02758032584006,57.802520751953125,5048412.0
2014-06-10,RTX,57.6099830565985,57.68218167019055,57.066080610018965,57.34043884277344,4163339.0
2014-06-11,RTX,57.08535338514788,57.12867373301068,56.72916839674632,56.940956115722656,3443681.0
2014-06-12,RTX,56.72436438941674,56.91208202053044,56.10344908294557,56.243038177490234,4032088.0
2014-06-13,RTX,56.27671444699243,56.44517594732181,55.97829193054473,56.21413803100586,3050403.0
2014-06-16,RTX,56.089007517221056,56.416308376548734,55.93016819020319,56.252655029296875,2875613.0
2014-06-17,RTX,56.01200445475055,56.48851668222116,55.930177767113456,56.32004928588867,3565716.0
2014-06-18,RTX,56.35853577258833,56.54143933250943,55.80019705409892,56.425926208496094,4602221.0
2014-06-19,RTX,56.54143105498174,56.671392053233255,56.15155973057548,56.59437942504883,3586214.0
2014-06-20,RTX,56.849485530966405,56.93131218351364,56.526998774945895,56.79172897338867,8341773.0
2014-06-23,RTX,56.69065493910934,56.762859399916806,56.17563652022077,56.3777961730957,3338489.0
2014-06-24,RTX,56.16599531791483,56.31039252033686,55.6654132923681,55.67985534667969,4402007.0
2014-06-25,RTX,55.66062843337428,55.99755736059154,55.525859196557974,55.891666412353516,3920540.0
2014-06-26,RTX,55.862780920566976,55.93979357029635,55.381454777346256,55.71356964111328,4630505.0
2014-06-27,RTX,55.70393633741952,56.11306381225586,55.58360335419114,56.11306381225586,14498036.0
2014-06-30,RTX,56.02159469604928,56.02159469604928,55.44881987976614,55.56915283203125,5366371.0
2014-07-01,RTX,55.81946131098677,56.060121468179375,55.59323737882373,55.80020523071289,5156782.0
2014-07-02,RTX,55.82426582252879,55.82426582252879,55.20816472151837,55.419952392578125,6072364.0
2014-07-03,RTX,55.60287308885819,55.83390523778259,55.54029665451209,55.60768127441406,2774394.0
2014-07-07,RTX,55.646160442723954,55.73760927688374,55.21296302062156,55.40068054199219,6005149.0
2014-07-08,RTX,55.23223291627985,55.40069440830347,54.84716974140491,54.90492630004883,4547559.0
2014-07-09,RTX,55.03970759019688,55.11190621430247,54.57281770815049,54.794227600097656,5336498.0
2014-07-10,RTX,54.28882677588833,54.83272336174652,54.12035946197017,54.63538360595703,5807477.0
2014-07-11,RTX,54.774971896475726,55.135964981017835,54.64982490408625,54.93381118774414,5875486.0
2014-07-14,RTX,55.342930339110985,55.521019845131754,55.19371910849313,55.294795989990234,4794649.0
2014-07-15,RTX,55.42956464579705,55.954210957256954,55.17927653602795,55.27553939819336,7132544.0
2014-07-16,RTX,55.48255016415031,55.48255016415031,54.981967774246684,55.0445442199707,5567379.0
2014-07-17,RTX,54.837547885894075,54.92418856880289,54.255144874010576,54.27920913696289,7747328.0
2014-07-18,RTX,54.394724259891326,54.70758883204652,54.288833341136076,54.664268493652344,6745146.0
2014-07-21,RTX,54.592097839768385,54.63060417860215,54.18297017785136,54.38031005859375,8243414.0
2014-07-22,RTX,54.80383338272202,54.87121795983133,52.51753093247027,53.35985565185547,16727721.0
2014-07-23,RTX,53.25881235161562,53.383953549351524,52.729351766062834,52.81598663330078,11108381.0
2014-07-24,RTX,52.9459442272739,53.03739310924561,52.36353528715156,52.440547943115234,10824109.0
2014-07-25,RTX,52.29131851948976,52.56086272189777,52.19024163177708,52.406837463378906,6910402.0
2014-07-28,RTX,52.46941349880835,52.54642612752056,52.021779782608945,52.45978546142578,8566935.0
2014-07-29,RTX,52.37314190433266,52.58492953918765,51.60302149489539,51.6607780456543,8708832.0
2014-07-30,RTX,51.89182708729395,52.05548040828904,51.05432190999722,51.20353317260742,9498248.0
2014-07-31,RTX,50.87623769804434,51.29499329619787,50.58744314835627,50.611507415771484,10373787.0
2014-08-01,RTX,50.500800484874794,50.929184107400644,50.178313639279764,50.41897964477539,7518036.0
2014-08-04,RTX,50.5585366596571,50.702933853958626,50.250486199721514,50.563350677490234,6328510.0
2014-08-05,RTX,50.452672035271846,50.88586384366828,50.28901868445034,50.54893493652344,8865508.0
2014-08-06,RTX,50.17829613845359,50.32269335731868,49.64402176051347,49.956886291503906,8594424.0
2014-08-07,RTX,50.24569079887757,50.33233148162976,49.932832040361816,50.16386413574219,6603407.0
2014-08-08,RTX,50.38047905438757,51.01101659156319,50.11574875226664,51.00138854980469,7118402.0
2014-08-11,RTX,51.29499180301984,51.42976103290415,50.866614011475974,50.8858642578125,5184271.0
2014-08-12,RTX,50.707761138108175,50.92435698622692,50.42858887696038,50.49597930908203,6916758.0
2014-08-13,RTX,50.718644325406736,51.19785141684669,50.718644325406736,51.0962028503418,5541955.0
2014-08-14,RTX,51.0913746924459,51.3334018573758,51.06717432322442,51.1978645324707,3697921.0
2014-08-15,RTX,51.45924459607914,51.48345083055208,50.796099398725495,51.13009262084961,4936546.0
2014-08-18,RTX,51.62864475653468,52.33535503388337,51.541514082554784,52.320831298828125,8003634.0
2014-08-19,RTX,52.36440565693835,52.55802615015215,52.12722568740614,52.548343658447266,6294982.0
2014-08-20,RTX,52.56771101225673,53.182455372408704,52.54834602797374,53.10500717163086,7153996.0
2014-08-21,RTX,53.245372458276044,53.351862252548045,53.00334539733184,53.2744140625,4524836.0
2014-08-22,RTX,53.143735722014846,53.21634268280169,52.87750824307058,52.95011520385742,3757826.0
2014-08-25,RTX,53.090479383203345,53.31798272211013,53.090479383203345,53.15824508666992,2753419.0
2014-08-26,RTX,53.19697443054423,53.3276704728422,53.07112550260233,53.090484619140625,3213753.0
2014-08-27,RTX,53.342183750590074,53.409949454905465,52.698397823240526,52.804893493652344,4048931.0
2014-08-28,RTX,52.664512427249086,52.872656644080074,52.412808737017016,52.81456756591797,3375354.0
2014-08-29,RTX,52.814585363638656,52.9307576909348,52.13691638850034,52.26761245727539,7495790.0
2014-09-02,RTX,52.40313073770316,52.79521297733148,52.14174453400991,52.78068923950195,6582909.0
2014-09-03,RTX,53.24053879740193,53.245380043491636,52.6742010275625,52.85813903808594,4178593.0
2014-09-04,RTX,52.99851090950567,53.075959109428744,52.79037253982302,52.867820739746094,4539137.0
2014-09-05,RTX,53.00818809356624,53.00818809356624,52.46121537103549,52.616111755371094,4438236.0
2014-09-08,RTX,52.71292096026887,52.732285943096564,52.509623849637705,52.56770706176758,6015001.0
2014-09-09,RTX,52.64515072762134,52.75164051948244,52.47573061516077,52.601585388183594,3360099.0
2014-09-10,RTX,52.60159563247247,52.86782309806173,52.320844428183385,52.51930618286133,3757349.0
2014-09-11,RTX,52.41282358891912,52.63064449035271,52.301492514752304,52.52415466308594,3607983.0
2014-09-12,RTX,52.3789277169998,52.58706607292827,52.25307293339728,52.446693420410156,4640516.0
2014-09-15,RTX,52.41281732672524,52.50478927048129,52.15627234892092,52.43218231201172,3996335.0
2014-09-16,RTX,52.19499392756045,52.69356598827441,51.933607716073176,52.53866958618164,4909692.0
2014-09-17,RTX,52.59675684889042,52.737129523518774,52.09334937154132,52.291805267333984,6529201.0
2014-09-18,RTX,51.991691715198506,52.59675359441262,51.991691715198506,52.528987884521484,5465683.0
2014-09-19,RTX,52.8097454471991,52.85815205183685,52.35474448904688,52.4951171875,9450578.0
2014-09-22,RTX,52.291799124400725,52.499943356839246,51.48828140634767,51.53668212890625,6582115.0
2014-09-23,RTX,51.54152467636918,51.54152467636918,50.844496745790615,51.02843475341797,6100330.0
2014-09-24,RTX,51.130089289987275,51.43019963247668,50.89290928484988,51.343074798583984,6080785.0
2014-09-25,RTX,51.309202100093394,51.338243717141296,50.48631325042484,50.578285217285156,6254622.0
2014-09-26,RTX,50.462096191744244,51.00906895993326,50.462096191744244,50.94130325317383,6477400.0
2014-09-29,RTX,50.53472050490009,51.06233433877335,50.47179602246054,50.86387252807617,4603015.0
2014-09-30,RTX,51.08651877712186,51.41083531973804,50.85901541995236,51.11556625366211,7967405.0
2014-10-01,RTX,50.92195500093672,50.94615536760586,50.070030502409764,50.26364517211914,9319008.0
2014-10-02,RTX,50.2007050794237,50.32655985693917,49.590802041875634,49.973201751708984,6410503.0
2014-10-03,RTX,50.29751947302183,50.62183601935757,50.147464315217874,50.54438781738281,4838187.0
2014-10-06,RTX,50.85417291892366,51.08651162146257,50.220069528957005,50.447566986083984,4738239.0
2014-10-07,RTX,50.263639992874346,50.33624695357836,49.07288114278643,49.09224319458008,9520494.0
2014-10-08,RTX,49.227782449670954,49.71183085853105,48.7388927938591,49.677947998046875,9930297.0
2014-10-09,RTX,49.494009414585,49.716671562866914,48.32260957856648,48.3758544921875,10709224.0
2014-10-10,RTX,48.40005779259306,48.777616368928136,48.04186126976463,48.3758544921875,10611501.0
2014-10-13,RTX,48.42908966537841,48.86957556053844,48.027330803531626,48.07089614868164,8121697.0
2014-10-14,RTX,48.264520408145586,48.942189304527965,48.20159593873989,48.462982177734375,7266497.0
2014-10-15,RTX,47.94987933777666,48.206424277093674,47.097952146969746,48.00312423706055,11289845.0
2014-10-16,RTX,47.51423527762562,48.44844898411068,47.412586723456435,48.032169342041016,9691470.0
2014-10-17,RTX,48.5501130747542,49.3633134555471,48.521068527389296,49.14549255371094,11571098.0
2014-10-20,RTX,49.09223906196466,49.26165626737531,48.874418198188906,49.121280670166016,10160543.0
2014-10-21,RTX,50.39916844563167,50.413686314318404,48.7340381517466,49.36330032348633,19948465.0
2014-10-22,RTX,49.91027941845359,49.91027941845359,48.917976628894785,48.9760627746582,9822245.0
2014-10-23,RTX,49.79410532382603,50.312036437184595,49.595643599465475,49.94416046142578,9043794.0
2014-10-24,RTX,49.93449193861503,50.27816765121804,49.76023639297855,50.25396728515625,5812403.0
2014-10-27,RTX,50.23942397598205,50.48628639182715,50.094210099817204,50.43304443359375,4699468.0
2014-10-28,RTX,50.80577684986655,51.56089392691329,50.75737025390324,51.43988037109375,6631692.0
2014-10-29,RTX,51.65769611180461,51.92392356085255,51.02843389958988,51.236572265625,6452452.0
2014-10-30,RTX,50.92678592352115,51.594772242678665,50.67991758719536,51.473758697509766,4593005.0
2014-10-31,RTX,52.194986971186424,52.25307018014154,51.78354565852945,51.79322814941406,7088688.0
2014-11-03,RTX,51.99653834168436,52.035262446797276,51.323710682958485,51.45440673828125,7289696.0
2014-11-04,RTX,51.79324611021493,51.933618804014976,51.46892949852449,51.73515701293945,6343924.0
2014-11-05,RTX,52.059464297456415,52.49027071265304,51.831966775126304,52.243408203125,10644552.0
2014-11-06,RTX,52.2288886239089,52.67905419399113,52.17079952586497,52.558040618896484,5690686.0
2014-11-07,RTX,52.51444883577034,52.80004119873047,52.25306269655498,52.80004119873047,5169812.0
2014-11-10,RTX,52.78552237930697,52.872653056549915,52.60158440259764,52.761322021484375,5599159.0
2014-11-11,RTX,52.76133279668259,52.83393975315455,52.29180233453182,52.403133392333984,4686756.0
2014-11-12,RTX,52.40315070827698,52.690302301003584,52.25227324762373,52.631900787353516,5057151.0
2014-11-13,RTX,52.719508958163395,53.035861307715024,52.54916039273693,52.631900787353516,6692391.0
2014-11-14,RTX,52.52480865216054,52.76815607256738,52.26685790838956,52.296058654785156,4664510.0
2014-11-17,RTX,52.17924944966128,52.4323324174293,52.15004870344433,52.25712203979492,3804861.0
2014-11-18,RTX,52.417731649529756,53.09424604543714,52.21818241250465,52.95309829711914,4257408.0
2014-11-19,RTX,52.83143027190245,52.962836578440665,52.66594954480574,52.88496398925781,3608937.0
2014-11-20,RTX,52.56374083414469,52.98230450083617,52.50046567151765,52.962833404541016,3488967.0
2014-11-21,RTX,53.619889603951165,53.83403628918148,53.52254591042249,53.68315887451172,5676067.0
2014-11-24,RTX,53.030967282372885,54.36453078753617,52.763281026583456,52.94822692871094,15423787.0
2014-11-25,RTX,53.58095207593423,54.637093954364644,53.391138368279314,54.369407653808594,12876303.0
2014-11-26,RTX,54.408355720132725,54.5056935321493,53.459286976551105,53.61503219604492,8372123.0
2014-11-28,RTX,53.84863054307361,53.926503124646544,53.498203925995426,53.57607650756836,3371064.0
2014-12-01,RTX,53.07966120122701,53.673435444560916,52.904450773779025,53.38628387451172,5496033.0
2014-12-02,RTX,53.45440205799766,53.892430922096956,53.288921340271855,53.38139724731445,4375629.0
2014-12-03,RTX,53.48848842947378,54.22827823174201,53.33274320794363,54.01899337768555,5420715.0
2014-12-04,RTX,53.765904127933375,54.13092826099176,53.51282112236846,54.126060485839844,7313531.0
2014-12-05,RTX,54.257461564955385,54.340201924869156,53.75128975750174,54.16498565673828,4801481.0
2014-12-08,RTX,54.63223027844259,55.75164150996199,54.27693580913428,55.02158737182617,10090468.0
2014-12-09,RTX,54.62247766328576,55.970638494877875,54.29638994563296,55.96577072143555,9357144.0
2014-12-10,RTX,55.7273013148548,55.98525205214439,55.16759577161653,55.2406005859375,12495102.0
2014-12-11,RTX,55.53263016393063,55.90252207861208,55.12380194768619,55.5034294128418,8399613.0
2014-12-12,RTX,53.79997304544299,55.31848289055753,53.58582633920042,54.583560943603516,9323140.0
2014-12-15,RTX,54.831777288110324,55.2162665906682,54.32560541716114,54.46674728393555,7305269.0
2014-12-16,RTX,54.62247979155229,55.82463106804008,54.18445096865333,55.10918045043945,8166348.0
2014-12-17,RTX,55.24546615646227,55.64942650627934,54.42293623408119,55.435279846191406,7982500.0
2014-12-18,RTX,56.043659523931666,56.924591064453125,55.727307261560114,56.924591064453125,7531860.0
2014-12-19,RTX,56.593632026604105,57.03652870711757,56.15559722031286,56.257808685302734,12507972.0
2014-12-22,RTX,56.10692362200184,57.0413887007778,56.10692362200184,57.01218795776367,4859321.0
2014-12-23,RTX,57.187410334307806,57.440493327503134,56.905126591961725,57.046268463134766,4315565.0
2014-12-24,RTX,57.2652620190204,57.39667419270702,56.880766944564215,56.900238037109375,1617443.0
2014-12-26,RTX,57.19713201432681,57.33340607754057,56.99271501917437,57.06085205078125,2537156.0
2014-12-29,RTX,56.62770412638009,57.109537133447276,56.62770412638009,56.875919342041016,3957722.0
2014-12-30,RTX,56.890522304475574,56.890522304475574,56.42328672463738,56.5546989440918,3460842.0
2014-12-31,RTX,56.74938335509037,56.89539300621781,55.951192148638086,55.97065734863281,3755602.0
2015-01-02,RTX,56.03879559518042,56.28214302652014,55.386614094604,55.9901237487793,4989619.0
2015-01-05,RTX,55.7516244899369,56.19452107237273,54.91936503265008,55.05564498901367,7572062.0
2015-01-06,RTX,54.64195023365922,55.01670979553106,53.64907783321175,54.276920318603516,9172185.0
2015-01-07,RTX,54.68089498907798,55.16272794319038,54.52028203759634,54.865840911865234,4929396.0
2015-01-08,RTX,55.44501379090569,55.97065083391619,55.14325897360957,55.80030822753906,6196941.0
2015-01-09,RTX,55.9365872063838,56.03393090454371,55.18220009714416,55.493690490722656,6078084.0
2015-01-12,RTX,55.70783637228232,55.84898414251878,55.00698889730293,55.70296859741211,7970742.0
2015-01-13,RTX,56.22861163091382,56.866195801072706,55.24061253667118,55.64944076538086,6668080.0
2015-01-14,RTX,55.07998927362086,55.566690017023625,54.81230297969943,55.25033187866211,5575483.0
2015-01-15,RTX,55.566690017023625,55.81977298751322,55.02644965470349,55.25033187866211,5038083.0
2015-01-16,RTX,55.08973159519085,56.62283883036991,55.07512826996371,56.53036880493164,9173615.0
2015-01-20,RTX,56.73962439687039,57.299329795395685,56.40866893082904,57.20199203491211,8685474.0
2015-01-21,RTX,57.11927542268793,58.063476282990145,57.041402821817634,57.932064056396484,11405206.0
2015-01-22,RTX,58.287349433820594,58.7351138687395,57.80064870454646,58.623172760009766,10428448.0
2015-01-23,RTX,58.58423814134601,58.86652775857894,58.370091466433244,58.39442443847656,6830158.0
2015-01-26,RTX,58.32142874688103,58.365232823678674,57.56704159184835,57.79579162597656,9047607.0
2015-01-27,RTX,56.70070716386899,58.579373185042684,55.97552083849721,57.99533462524414,11644351.0
2015-01-28,RTX,58.1024045469706,58.1024045469706,56.84184568244578,56.905120849609375,6898008.0
2015-01-29,RTX,56.885643774876485,56.95864858288231,55.71269317253986,56.67636489868164,10056145.0
2015-01-30,RTX,55.98037239578463,56.56927855968741,55.790558738772205,55.863563537597656,7346106.0
2015-02-02,RTX,56.053381767621374,56.79803313652446,55.50827961860897,56.73963165283203,5588354.0
2015-02-03,RTX,57.226359031725536,58.17056006127743,56.661785524381855,57.86393737792969,7136994.0
2015-02-04,RTX,57.795787834169865,57.91746450610634,57.16307740056672,57.32855224609375,5098148.0
2015-02-05,RTX,57.55730958517621,58.57938313882696,57.39183471860459,58.457706451416016,7448120.0
2015-02-06,RTX,58.40415574773833,58.900592003846604,58.102400954842345,58.31167984008789,4496234.0
2015-02-09,RTX,58.13160553317663,58.37495885332487,57.873654790032404,58.073204040527344,4068952.0
2015-02-10,RTX,58.350624132554536,58.51123709926612,57.878526682331284,58.112144470214844,4067840.0
2015-02-11,RTX,57.989815842583475,58.25894474496359,57.725580947972354,58.07789611816406,4302376.0
2015-02-12,RTX,58.31275971285814,58.69932098576393,58.14149320819202,58.518272399902344,4603333.0
2015-02-13,RTX,58.39595704717564,59.394180461836584,58.39595704717564,59.330570220947266,6041537.0
2015-02-17,RTX,59.208241661909184,59.648631232920174,58.997834893216755,59.36482620239258,5150267.0
2015-02-18,RTX,59.36481237302153,60.02050850051473,59.21312187628183,59.692657470703125,5522093.0
2015-02-19,RTX,59.49204130849955,60.1868776595645,59.49204130849955,60.14283752441406,5413723.0
2015-02-20,RTX,60.181980486497295,60.896392829886466,59.69755088958416,60.73002624511719,6454836.0
2015-02-23,RTX,60.495144441155155,60.75448527716013,60.22112158472124,60.5391845703125,4349570.0
2015-02-24,RTX,60.392407162075294,60.744716442308814,60.1819944634748,60.573455810546875,3901631.0
2015-02-25,RTX,60.60280049274271,60.83767724891315,60.16241102402065,60.367923736572266,4565038.0
2015-02-26,RTX,60.34346127856859,60.4560056524543,59.770951394333395,60.02539825439453,3969640.0
2015-02-27,RTX,59.96668772326192,60.113484230778035,59.59480244660367,59.65351867675781,4902542.0
2015-03-02,RTX,59.65350820831252,60.431536680170545,59.477353616632264,60.27984619140625,3695855.0
2015-03-03,RTX,59.68775919757029,60.1330485735618,59.26205178137505,59.550750732421875,5064938.0
2015-03-04,RTX,59.330564572425764,59.39906881488176,58.97335540514746,59.22780227661133,3373765.0
2015-03-05,RTX,59.350131407463486,59.447999690274074,58.89016590179205,59.105472564697266,3064069.0
2015-03-06,RTX,58.42531109299513,58.895058671371025,58.17085830873944,58.43998718261719,5820666.0
2015-03-09,RTX,58.37147852170225,59.790521028049575,58.37147852170225,59.57521438598633,6557962.0
2015-03-10,RTX,58.98800669818628,59.19841332356546,57.41727428694266,57.446632385253906,8872658.0
2015-03-11,RTX,57.63261234725579,58.18555222984341,57.43199360172971,57.90663528442383,5955413.0
2015-03-12,RTX,58.89016313965622,59.43820888772607,58.85591102191808,59.32566452026367,7798494.0
2015-03-13,RTX,59.09078345918113,59.50181477417526,57.593448741563876,58.10234832763672,11697424.0
2015-03-16,RTX,58.35189791389219,58.79718725157585,58.244247567375275,58.75314712524414,7428098.0
2015-03-17,RTX,58.48402574087132,58.78251271808546,58.10724651401447,58.65039825439453,6074429.0
2015-03-18,RTX,58.36659974628886,59.01250797677704,57.37327032583743,58.87060546875,8390238.0
2015-03-19,RTX,58.73848612827958,58.87060655456066,58.24916242126419,58.41553497314453,4577591.0
2015-03-20,RTX,58.625934373581735,58.914639298997294,58.454673767089844,58.454673767089844,13040923.0
2015-03-23,RTX,58.4546444264631,58.56718874913331,57.83320068312511,58.07297134399414,7218509.0
2015-03-24,RTX,58.24915354264884,58.80698734796628,57.862586271353685,58.19043731689453,6409708.0
2015-03-25,RTX,58.32746426468082,58.395968527125824,56.952461278201326,56.98671340942383,7081379.0
2015-03-26,RTX,56.74201614813599,57.06496713811181,56.28205079370192,56.78116226196289,6975233.0
2015-03-27,RTX,56.83009927135326,57.348780856786206,56.78605914954698,57.20198440551758,4455556.0
2015-03-30,RTX,57.58368231710424,58.342134929604406,57.44666788676584,58.14640426635742,4768271.0
2015-03-31,RTX,57.578798747461136,57.81367558593831,57.32435180517691,57.34881591796875,5601861.0
2015-04-01,RTX,57.431980018613785,57.48580223238898,56.44843882807998,56.72246170043945,5444232.0
2015-04-02,RTX,57.05029841424861,57.583662059412404,56.756705488728414,57.31453323364258,6717180.0
2015-04-06,RTX,56.72734647463576,58.08766681096283,56.72734647463576,57.6717414855957,4540250.0
2015-04-07,RTX,57.622820171326076,58.009387434186,57.47112967061878,57.490699768066406,3605600.0
2015-04-08,RTX,57.598348254582376,58.05831374908736,57.28029117349467,57.661964416503906,3947235.0
2015-04-09,RTX,57.593453548580015,58.102353177127966,57.33900670037099,57.68153381347656,3318468.0
2015-04-10,RTX,57.80878560831825,58.200241100946734,57.46136433535944,57.965370178222656,3582718.0
2015-04-13,RTX,57.72554940224748,58.04361227637262,57.36834041949352,57.4515266418457,4815306.0
2015-04-14,RTX,57.27540441021924,57.794086192881785,57.045421633879464,57.58857345581055,4141570.0
2015-04-15,RTX,57.779409485850785,58.1219366427842,57.50538657387792,57.6766471862793,4408363.0
2015-04-16,RTX,57.42218384845437,57.891937277206225,57.2117771660732,57.48579406738281,4616204.0
2015-04-17,RTX,56.91329296838421,57.016055254154715,56.20377464292867,56.326107025146484,6862097.0
2015-04-20,RTX,56.77140244052612,57.334124398629434,56.70779219851956,57.011173248291016,6367918.0
2015-04-21,RTX,58.0974717893783,58.229592215421164,56.81544332338153,57.22647476196289,7285565.0
2015-04-22,RTX,57.24603196495416,57.46133266383707,56.629482043818555,57.23134994506836,4437918.0
2015-04-23,RTX,56.96713096626049,57.696225446376715,56.77629431528056,57.3781623840332,4183519.0
2015-04-24,RTX,57.46622361273581,57.59344404979312,56.790957512245846,56.83988571166992,5598206.0
2015-04-27,RTX,57.08455395393825,57.18731029761371,56.61480049920017,56.634376525878906,6229357.0
2015-04-28,RTX,56.370134130006385,56.87902770558825,56.247801776059944,56.80073547363281,4364506.0
2015-04-29,RTX,56.55610117800923,56.874158317385856,56.35547650526755,56.45823287963867,4598248.0
2015-04-30,RTX,56.23802163683962,56.58054871656319,55.43552911301902,55.66061782836914,6195829.0
2015-05-01,RTX,56.07166918385644,56.62460309801706,56.03252305254494,56.48759460449219,4420121.0
2015-05-04,RTX,56.653949075305135,57.319433165020214,56.61480295238072,56.9818000793457,6237302.0
2015-05-05,RTX,56.76649932249323,57.19221271191613,56.13037920811855,56.30653381347656,4811810.0
2015-05-06,RTX,57.03561686512203,57.03561686512203,55.915067359683974,56.31141662597656,5863887.0
2015-05-07,RTX,56.33587892476198,57.035609035773675,56.07164413946243,56.78116226196289,5014407.0
2015-05-08,RTX,57.59835317314445,58.15618699571984,57.40262845982134,57.95066833496094,5891694.0
2015-05-11,RTX,57.46623199799244,57.9800196918177,57.46623199799244,57.59345245361328,4804818.0
2015-05-12,RTX,57.27538397156167,57.65705712664375,56.77137846018332,57.42707443237305,4455715.0
2015-05-13,RTX,57.55009857365309,58.056867850401424,57.495975266560336,57.74690246582031,4828494.0
2015-05-14,RTX,57.96830978476629,58.73092120710991,57.96830978476629,58.617759704589844,4336063.0
2015-05-15,RTX,58.588219570519776,58.74074180021843,58.017491419539525,58.29793167114258,4710908.0
2015-05-18,RTX,58.31761908858654,58.60790104347261,58.253660073191234,58.307777404785156,3869374.0
2015-05-19,RTX,58.352065367028885,58.77027136287103,58.30778374976083,58.583309173583984,4462548.0
2015-05-20,RTX,58.87357679517567,58.87357679517567,58.35205112939627,58.48488998413086,3863812.0
2015-05-21,RTX,58.455391697010505,58.873597739590075,58.40127435347962,58.607913970947266,3370587.0
2015-05-22,RTX,58.54885484350671,58.873576682524615,58.327452776268686,58.36189270019531,3797074.0
2015-05-26,RTX,58.327468936377045,58.36190886984554,57.27456966799138,57.500892639160156,5457579.0
2015-05-27,RTX,57.761655525866715,57.99782018214109,57.40741450611284,57.879737854003906,5347144.0
2015-05-28,RTX,57.69771228821145,58.05688021348287,57.69771228821145,57.90435791015625,4613820.0
2015-05-29,RTX,57.815775686024615,57.864978144570884,57.28440822062848,57.64849090576172,8042565.0
2015-06-01,RTX,57.678007501620314,57.874805377631674,57.29915638042441,57.56484603881836,3720802.0
2015-06-02,RTX,57.43199312121423,58.08144272162495,57.1909077047672,57.73211669921875,5566744.0
2015-06-03,RTX,58.07161278149301,58.60790104347261,57.76164745900417,58.307777404785156,4973411.0
2015-06-04,RTX,57.97320091682643,58.26348280701669,57.46151101373497,57.63371658325195,5691162.0
2015-06-05,RTX,57.36312135655176,57.75180819628869,57.16139667428516,57.56484603881836,4238499.0
2015-06-08,RTX,57.33852797842975,57.741977419164876,57.12696753766343,57.161407470703125,5143752.0
2015-06-09,RTX,57.32375586728652,57.687838469044166,57.08267043674192,57.220436096191406,3971706.0
2015-06-10,RTX,57.81085205078125,58.05685836697032,57.52057008516265,57.81085205078125,4998676.0
2015-06-11,RTX,58.05194573930961,58.253670469956376,57.776420296294646,58.21430969238281,4302218.0
2015-06-12,RTX,57.791189397479066,58.07162975051077,57.574702113873435,57.860069274902344,3726682.0
2015-06-15,RTX,56.68415529065145,56.841592406058645,56.28562674865743,56.388946533203125,9490938.0
2015-06-16,RTX,56.33977388067004,56.767815725453026,56.246289775584074,56.551334381103516,7843622.0
2015-06-17,RTX,56.71858681176795,56.81698573989445,56.07897290265013,56.61526107788086,6037247.0
2015-06-18,RTX,56.23151096043992,57.34836923084163,56.23151096043992,57.02364730834961,5964470.0
2015-06-19,RTX,56.876044264598924,57.146648841260365,56.52671813964844,56.52671813964844,6690008.0
2015-06-22,RTX,56.77763558708796,56.96459776072945,56.561154325957176,56.718597412109375,4721078.0
2015-06-23,RTX,56.66448877840678,56.836694435196335,56.54148558993689,56.694007873535156,5772519.0
2015-06-24,RTX,56.433220290043934,56.49718526032704,56.00025784478937,56.074058532714844,6786937.0
2015-06-25,RTX,56.20691051276545,56.40863522371588,55.744422912597656,55.744422912597656,6016272.0
2015-06-26,RTX,55.82806288704171,56.08390492289199,55.62141734273301,55.8526611328125,5827975.0
2015-06-29,RTX,55.46887667516888,55.61156315429226,54.834189656083495,54.87355041503906,6610876.0
2015-06-30,RTX,55.222894234003164,55.34097654899298,54.42584308131469,54.578365325927734,9390672.0
2015-07-01,RTX,55.11956710948718,55.1884469595667,54.18967123944497,54.524234771728516,6557485.0
2015-07-02,RTX,54.77517165646355,54.90308969664986,53.73703498490021,53.904319763183594,8198446.0
2015-07-06,RTX,53.31389779839572,54.02730645924372,53.11217312814608,53.805904388427734,6666014.0
2015-07-07,RTX,53.894484051757175,54.229047680746156,53.161391801939565,54.16508865356445,7519307.0
2015-07-08,RTX,53.51070082640233,53.983030008798266,53.26469455274043,53.4664192199707,6048211.0
2015-07-09,RTX,54.12079535130512,54.33727660016158,53.58942794799805,53.58942794799805,4059895.0
2015-07-10,RTX,54.30775333399798,54.75055748111673,53.8797057463228,54.209354400634766,6847954.0
2015-07-13,RTX,54.70628960389663,55.09497051581383,54.489802376316455,54.89816665649414,6185818.0
2015-07-14,RTX,54.85881054179447,54.92769637189711,54.62265185521953,54.863731384277344,4747138.0
2015-07-15,RTX,54.858806520597646,55.02117045200077,54.51932209608201,54.735809326171875,4519911.0
2015-07-16,RTX,55.262252195472236,55.281929597974724,54.63247988088506,54.740726470947266,4868378.0
2015-07-17,RTX,54.74072652542307,54.84404630914158,54.41599868422672,54.48487854003906,5506044.0
2015-07-20,RTX,54.598043622634734,54.617726991116896,53.8797140015212,54.356964111328125,11896843.0
2015-07-21,RTX,51.34095808053905,51.636160884656476,50.076498514337224,50.53406524658203,31049219.0
2015-07-22,RTX,50.312663045612695,50.430745359961335,49.63861207128555,49.96333694458008,14990149.0
2015-07-23,RTX,50.27329425631921,50.27821509754773,49.5648034655496,49.76160430908203,9415937.0
2015-07-24,RTX,49.6927353286885,49.786216420833945,48.836642972465455,48.861244201660156,10468332.0
2015-07-27,RTX,48.600474704357204,48.974402027373976,48.4036738324663,48.64475631713867,12013476.0
2015-07-28,RTX,48.72347271925918,48.84647287842534,48.22654527651976,48.69395065307617,8871387.0
2015-07-29,RTX,48.7529918979727,48.994077340011835,48.014981994555406,48.885833740234375,18965986.0
2015-07-30,RTX,48.89568898098318,49.83542083791366,48.70872379582663,49.559898376464844,10708430.0
2015-07-31,RTX,49.65337224555919,49.93381550895228,49.32372652606509,49.353248596191406,11468131.0
2015-08-03,RTX,49.35324582366176,49.35324582366176,48.305270548456235,48.91535949707031,11319559.0
2015-08-04,RTX,49.215502314590196,49.25978394338949,48.66445430577588,48.72349548339844,8831026.0
2015-08-05,RTX,49.185962442749215,49.2646869667654,48.57587347699768,48.64475631713867,6190108.0
2015-08-06,RTX,48.703796269062,48.812036895041864,48.39383095191343,48.698875427246094,6671258.0
2015-08-07,RTX,48.570957479300056,48.703799340408345,48.216710528125574,48.35939407348633,4603492.0
2015-08-10,RTX,48.634919055782866,49.097406664089505,48.634919055782866,48.97932434082031,9642688.0
2015-08-11,RTX,48.55127800460352,48.65460077955128,48.21671143332439,48.51683807373047,12189855.0
2015-08-12,RTX,48.16027107685616,48.947673001750054,47.863136859061036,48.873390197753906,7339273.0
2015-08-13,RTX,48.79910813136635,49.02690954822683,48.561403740725794,48.71987533569336,7452251.0
2015-08-14,RTX,48.586167229214944,48.96748726542283,48.52674037920465,48.87834548950195,7012734.0
2015-08-17,RTX,48.59607109440673,49.23986048041783,48.3385547396401,49.20519256591797,6718928.0
2015-08-18,RTX,49.007098529705154,49.53203416496627,49.007098529705154,49.229949951171875,7516606.0
2015-08-19,RTX,48.878346171306994,49.21014533804002,48.4673142052659,48.63568878173828,5751862.0
2015-08-20,RTX,48.28408407206304,48.605980287277404,47.45211410522461,47.45211410522461,9667476.0
2015-08-21,RTX,47.02622186126354,47.15497854274759,46.01597135690583,46.06053924560547,12115172.0
2015-08-24,RTX,43.911276677105704,46.14967905448252,43.168445543933956,45.000762939453125,17470896.0
2015-08-25,RTX,46.233870850797146,46.427007390776964,43.921188361519704,43.97566223144531,13162482.0
2015-08-26,RTX,44.91162731494055,45.40684810513185,43.980609587787114,45.34246826171875,11727297.0
2015-08-27,RTX,45.81788263446453,46.293294468124095,45.337517812482695,46.18929672241211,11875868.0
2015-08-28,RTX,45.98130195965327,46.327957092474406,45.892163183314764,46.1744384765625,8310788.0
2015-08-31,RTX,45.16914294991158,45.86740323207441,44.83734376513557,45.36722946166992,11239633.0
2015-09-01,RTX,44.31735844210934,44.90667095812405,44.2133607031369,44.43125915527344,10783907.0
2015-09-02,RTX,45.03542867413121,45.19389726697331,44.55506390419779,45.18399429321289,8965138.0
2015-09-03,RTX,45.56035309386774,45.84758130635544,45.38207558391692,45.515785217285156,7205479.0
2015-09-04,RTX,44.97600244121341,45.139424024076,44.74819801987914,44.90666961669922,7250289.0
2015-09-08,RTX,45.63464675298859,46.03577875039017,45.53560500246649,45.96644592285156,7650717.0
2015-09-09,RTX,46.377472141225546,46.471563887730184,45.43159868723424,45.4860725402832,7600982.0
2015-09-10,RTX,45.58018107679275,45.604943019776506,45.01067740084689,45.263240814208984,9725792.0
2015-09-11,RTX,45.16419991142272,45.7287506467511,45.06515513281816,45.72380065917969,7134928.0
2015-09-14,RTX,45.708928626507216,45.778261452619574,45.258278764925855,45.47617721557617,5210649.0
2015-09-15,RTX,45.86739887493062,46.110059256454576,45.59997955792077,45.89711380004883,6527135.0
2015-09-16,RTX,45.91693053189924,46.605287890567496,45.897121579066656,46.52109909057617,5568174.0
2015-09-17,RTX,46.49634242244979,47.00642226528661,46.12492826697912,46.20911407470703,8272016.0
2015-09-18,RTX,45.76340994461725,45.85750171610317,44.83239220303486,45.09981155395508,16634923.0
2015-09-21,RTX,45.228562247573514,45.64455018417857,45.0651406666939,45.3375129699707,4737127.0
2015-09-22,RTX,44.064785517318704,44.421346543455606,43.41109330454464,43.67851257324219,12571691.0
2015-09-23,RTX,43.653760984695175,43.7676616923053,42.53951284377124,43.06444549560547,11638154.0
2015-09-24,RTX,42.465231529255746,43.0793059751362,42.34142484176849,42.9951171875,11324485.0
2015-09-25,RTX,43.39624317958439,43.66366248423267,42.95054333790036,43.232818603515625,11834236.0
2015-09-28,RTX,42.886171753575184,43.31701571716296,42.732653123162955,43.00007247924805,8491139.0
2015-09-29,RTX,42.876258469597474,43.619089502145535,42.81683162677637,43.5695686340332,6542866.0
2015-09-30,RTX,43.89641656191764,44.356972361238135,43.61909128408974,44.06974411010742,8049715.0
2015-10-01,RTX,44.02517842855598,44.28764777654262,43.34672411647759,43.75775909423828,5829405.0
2015-10-02,RTX,43.326908780903956,44.515439565227275,42.995109678055506,44.45601272583008,7347854.0
2015-10-05,RTX,44.787821492206284,45.798071976312066,44.67887076223211,45.68912124633789,7805963.0
2015-10-06,RTX,45.634643663043526,45.98129877183152,45.56531384201023,45.832733154296875,5381307.0
2015-10-07,RTX,46.55081248831474,46.63005130395761,45.84264615446034,46.30815505981445,5587083.0
2015-10-08,RTX,45.98625441363297,46.74394451004859,45.97634843759321,46.714229583740234,6438310.0
2015-10-09,RTX,46.88260057399077,47.51153394645783,46.80336477897726,47.22925567626953,6514741.0
2015-10-12,RTX,47.016315582347694,47.27878493367545,46.85289398787814,47.258975982666016,5076696.0
2015-10-13,RTX,46.634990709895156,46.92221896895893,46.372524387488305,46.6894645690918,6482008.0
2015-10-14,RTX,46.68452346867942,46.97670176923633,45.44151543690834,45.64455795288086,8911589.0
2015-10-15,RTX,45.911978976359684,46.169492369410165,45.634653628046884,46.14473342895508,6085552.0
2015-10-16,RTX,46.550796994268005,46.62508279636814,45.87234581732295,46.05557632446289,5002808.0
2015-10-19,RTX,45.8079734064335,45.98130096911019,45.16914001978272,45.58512496948242,8761428.0
2015-10-20,RTX,46.714240392200246,48.378183594322756,46.09521280443792,47.35307693481445,14309263.0
2015-10-21,RTX,47.66010617443696,48.86844621243878,47.55115544027023,48.51683807373047,16682752.0
2015-10-22,RTX,48.67530172486343,49.63603121286734,48.58120997107033,49.41813278198242,9092894.0
2015-10-23,RTX,49.74993062136468,49.96782904658397,49.61126798713423,49.829166412353516,7997278.0
2015-10-26,RTX,49.829172432606434,50.007449982059875,49.522135206334404,49.63603591918945,4291889.0
2015-10-27,RTX,49.423101734692196,49.50728754064348,48.883309971534004,48.967498779296875,5397039.0
2015-10-28,RTX,49.210144781039716,49.28442759329525,48.61587928118462,49.18538284301758,6085711.0
2015-10-29,RTX,49.14576947484508,49.32900303020823,48.65054867960124,49.05167770385742,5223520.0
2015-10-30,RTX,49.041759294087,49.11604208981371,48.66043934172447,48.73472213745117,6373320.0
2015-11-02,RTX,48.93777631552914,49.31414639617304,48.705021884531085,49.220054626464844,4874258.0
2015-11-03,RTX,49.21508428858805,49.690495957890775,48.92785609236245,49.52212142944336,4910010.0
2015-11-04,RTX,49.73012539060976,50.03716260273518,49.52213292462331,49.68555450439453,4951483.0
2015-11-05,RTX,49.735081532136,50.01240383709972,49.38347341149942,49.918312072753906,4500684.0
2015-11-06,RTX,49.541945015370665,49.918312072753906,49.170527944250175,49.918312072753906,4346074.0
2015-11-09,RTX,49.819280985757636,49.938134721262635,49.13092351988925,49.35377502441406,5028708.0
2015-11-10,RTX,49.25906622208421,49.55313599531883,48.82045557361364,49.184303283691406,4351477.0
2015-11-11,RTX,49.36371926397214,49.543152078450554,48.880252800971135,48.974952697753906,3441615.0
2015-11-12,RTX,48.476532563477384,49.7076373745598,48.2871327529147,49.45344161987305,13996230.0
2015-11-13,RTX,49.20422880311543,49.66277632972094,48.042904985437445,48.08776092529297,9881832.0
2015-11-16,RTX,48.12763697797258,48.775587356578335,48.03792207314947,48.76063537597656,8101834.0
2015-11-17,RTX,48.93009252402872,48.99488846072916,48.546307946276286,48.621070861816406,7196263.0
2015-11-18,RTX,48.66094315173797,48.77558002113191,48.26718858742971,48.7008171081543,6676978.0
2015-11-19,RTX,48.83041127691759,49.288961825673326,48.76063335619138,48.99489212036133,6938527.0
2015-11-20,RTX,49.164350037651054,49.61791251954228,48.915139318363515,48.955013275146484,7783240.0
2015-11-23,RTX,48.93507578360603,49.1344425442182,48.79053193648048,48.89021682739258,6637412.0
2015-11-24,RTX,48.6310455213941,48.785559398116156,48.07779804629057,48.5263786315918,8491775.0
2015-11-25,RTX,48.551291096421096,48.87027972531912,48.47154318389359,48.481510162353516,6890540.0
2015-11-27,RTX,48.35193478170777,48.431682716446055,48.117675978717266,48.24726486206055,3050403.0
2015-11-30,RTX,48.37686167076548,48.471561597564076,47.81862909222014,47.87345504760742,8836429.0
2015-12-01,RTX,47.86846332027037,48.571239701743664,47.858493318211764,48.19742202758789,7302250.0
2015-12-02,RTX,48.07780002273221,48.26221786948974,47.41489760854912,47.474708557128906,6185183.0
2015-12-03,RTX,47.49962465213993,47.74883539638624,47.051044104011616,47.2005729675293,9664298.0
2015-12-04,RTX,47.34511087770882,48.16252400179641,47.245425981940556,47.71394348144531,14664722.0
2015-12-07,RTX,47.65912811082833,47.97313182560253,47.534521208187705,47.80366897583008,7438427.0
2015-12-08,RTX,47.34013084498441,47.50959367496599,46.80183537256499,46.96631622314453,11141750.0
2015-12-09,RTX,46.64234305608215,47.63918917266901,46.45792823149877,46.93143081665039,10982215.0
2015-12-10,RTX,46.88656921604095,47.18562091936727,45.67041937867466,46.78688430786133,9238605.0
2015-12-11,RTX,46.358237053554035,47.16568021424672,46.31836309343002,46.50278091430664,15798791.0
2015-12-14,RTX,46.50277988129596,46.637353738421986,45.95451445237615,46.36820602416992,10722890.0
2015-12-15,RTX,46.69218975637461,47.18064435187827,46.46789793193919,46.482852935791016,10516002.0
2015-12-16,RTX,46.83672089683107,47.56441914828032,46.57255818062428,47.41489028930664,15680729.0
2015-12-17,RTX,47.41489469757412,47.71394942211299,46.771932326937524,46.78688430786133,7630855.0
2015-12-18,RTX,46.50775762329935,47.016149046664964,46.024288177490234,46.024288177490234,13769956.0
2015-12-21,RTX,46.36322929520669,46.796854902766576,46.19874842870231,46.65729904174805,13838283.0
2015-12-22,RTX,47.00619409843084,47.554456596504195,46.851680215006134,47.285308837890625,7379475.0
2015-12-23,RTX,47.59931406535497,48.1475795673867,47.56442510167207,47.998050689697266,7432071.0
2015-12-24,RTX,47.79369888725984,48.107702581618554,47.78372888551464,47.998050689697266,2197110.0
2015-12-28,RTX,47.83855405983415,48.00303491627564,47.69899820735362,47.89338302612305,5731205.0
2015-12-29,RTX,48.18245851158737,48.73072087839598,48.022962686532345,48.481510162353516,5230035.0
2015-12-30,RTX,48.30707086205026,48.5961555852414,48.10770104563826,48.29710388183594,5023782.0
2015-12-31,RTX,48.05286658137335,48.18744344949961,47.70397097511985,47.88340377807617,4689139.0
2016-01-04,RTX,47.075972360427585,47.66909382952921,46.83174658402404,47.63420486450195,8552316.0
2016-01-05,RTX,47.41987678148342,47.8485203496836,47.250413958608014,47.708961486816406,6758176.0
2016-01-06,RTX,46.80182495708691,47.17065751744318,46.12397076680067,46.413055419921875,13189653.0
2016-01-07,RTX,45.59066708433395,46.52769908902529,45.57073010460808,45.804988861083984,11098847.0
2016-01-08,RTX,45.640516097017866,45.79502696192383,44.967646688752026,45.0573616027832,11919566.0
2016-01-11,RTX,45.40127417753671,45.555785038557346,44.818119697966054,45.10720443725586,11417283.0
2016-01-12,RTX,45.3514302100517,45.43117814105754,44.693512800466245,45.10720443725586,12231010.0
2016-01-13,RTX,45.19193953795861,45.19193953795861,44.06550449026396,44.27484130859375,13647603.0
2016-01-14,RTX,44.39945577748361,44.64866964386533,43.79138216121316,44.364566802978516,11752085.0
2016-01-15,RTX,43.3577401968271,43.891050661889814,42.60013794028349,42.67988586425781,16661618.0
2016-01-19,RTX,43.03873617926737,43.03873617926737,42.101704383259055,42.48548889160156,11869830.0
2016-01-20,RTX,42.08675839314161,42.654960799785066,41.5634149457946,42.28114318847656,15256307.0
2016-01-21,RTX,42.28115734715888,43.258066651162274,42.13661646290922,42.64999008178711,9125468.0
2016-01-22,RTX,43.33780825922739,43.55212705333395,42.80449471088839,43.038753509521484,7384719.0
2016-01-25,RTX,42.854334724148714,42.93906462950153,42.211369337538954,42.316036224365234,16595516.0
2016-01-26,RTX,42.510428433133846,43.098567978301816,42.47055446325083,42.68986129760742,11748748.0
2016-01-27,RTX,42.714770163408495,43.646817125398144,42.24126767179651,42.769596099853516,12845317.0
2016-01-28,RTX,43.01381436820513,43.46239480323282,42.824414612876794,43.08857727050781,9148191.0
2016-01-29,RTX,43.29793470616566,43.70663833618164,43.2431057356196,43.70663833618164,12533238.0
2016-02-01,RTX,43.392631125317095,43.78139774049662,43.08859139607929,43.641841888427734,8003634.0
2016-02-02,RTX,42.949028162312864,43.228142839691486,42.405747764893604,42.57521057128906,11754945.0
2016-02-03,RTX,42.859316146867506,43.04871595779884,42.01199897707076,42.844364166259766,13197440.0
2016-02-04,RTX,42.909153192777254,44.21501769876558,42.87924621517083,43.92094802856445,9409581.0
2016-02-05,RTX,43.881076038265725,44.1153347849599,43.58202437607717,43.78139114379883,8289495.0
2016-02-08,RTX,43.53219706542232,43.562104055805214,42.77459762018393,43.253082275390625,10897998.0
2016-02-09,RTX,42.99389481210073,43.74651216041024,42.82941696463787,43.48234939575195,11696470.0
2016-02-10,RTX,43.542154690085184,44.08543515232033,43.233132997526646,43.3427848815918,5750273.0
2016-02-11,RTX,42.560266420307286,43.13843588108272,41.79269411861911,42.19641876220703,12254050.0
2016-02-12,RTX,42.36089761012121,42.92910010399765,42.316038643937816,42.83938217163086,9353331.0
2016-02-16,RTX,43.53218671900824,43.611934646124325,42.644995561660615,43.103546142578125,11060076.0
2016-02-17,RTX,43.54040017416977,44.4342058668535,43.505248049748495,44.2484130859375,8169208.0
2016-02-18,RTX,44.46434060015491,44.71038725194856,44.26850649477738,44.368934631347656,7941345.0
2016-02-19,RTX,44.36390372868438,44.68527370243407,43.896915268382436,44.30364990234375,18778008.0
2016-02-22,RTX,44.785696617852864,47.65792520597501,44.62501164963985,46.38249588012695,34685169.0
2016-02-23,RTX,46.3122089209466,46.41263705695114,45.438488703314114,45.9958610534668,18381075.0
2016-02-24,RTX,45.7498141576836,47.27631572928933,45.7498141576836,47.00516128540039,27002354.0
2016-02-25,RTX,47.15580515766981,49.57610968935427,47.040313555003436,49.24470138549805,26794989.0
2016-02-26,RTX,50.319263179814804,50.489992503768676,48.45633146685637,49.05387496948242,23286477.0
2016-02-29,RTX,48.92332557864465,49.646405074182475,48.46135922228971,48.51659393310547,14069324.0
2016-03-01,RTX,46.30719634813932,47.72824478149414,46.23187295267622,47.72824478149414,19630347.0
2016-03-02,RTX,47.58261138002429,48.20526267306446,47.40184076612109,47.96925735473633,8655760.0
2016-03-03,RTX,47.803557683087824,48.28058748720553,47.73827863884529,48.260501861572266,7306063.0
2016-03-04,RTX,48.290643506362926,48.858057241253626,48.09480936998878,48.70741653442383,7427145.0
2016-03-07,RTX,48.481442762881464,48.93838693212309,48.230373969413094,48.667232513427734,10022776.0
2016-03-08,RTX,48.27556534300968,48.95345140378502,48.2705462194023,48.65719223022461,8507665.0
2016-03-09,RTX,48.868084197055765,48.94842669045252,48.40611790376187,48.50654602050781,6608492.0
2016-03-10,RTX,48.50654340846154,48.76765345420294,47.728226306526714,48.2956428527832,7640865.0
2016-03-11,RTX,48.7977907436091,49.03379303605201,48.44127165571012,48.581871032714844,6405418.0
2016-03-14,RTX,48.35590451256298,48.8931942005422,48.350882345563974,48.622039794921875,6315481.0
2016-03-15,RTX,48.23539570820142,48.55676572925751,48.14501191164834,48.350887298583984,4369909.0
2016-03-16,RTX,48.30570070577598,49.20954787331533,48.2052725663298,48.95345687866211,7306699.0
2016-03-17,RTX,49.119154324468376,49.847255908194605,48.90323462843198,49.6313362121582,6619933.0
2016-03-18,RTX,49.81714367165779,50.35945266624795,49.62130952986261,49.73680114746094,15106464.0
2016-03-21,RTX,49.75185247341127,50.01296255364329,49.60623093180144,49.79704284667969,6350756.0
2016-03-22,RTX,49.551002740191066,49.847264985796315,49.36520992430788,49.540958404541016,5578026.0
2016-03-23,RTX,49.596192642565576,49.947689599652435,49.350145990099996,49.76692199707031,5140892.0
2016-03-24,RTX,49.28486566702499,49.75185417964438,49.20954228818573,49.7418098449707,4523883.0
2016-03-28,RTX,49.69159339623366,49.8573005655698,49.53593360513452,49.66648864746094,3622443.0
2016-03-29,RTX,49.41542166248085,50.37450649912098,49.2497144870788,50.274078369140625,5985127.0
2016-03-30,RTX,50.625576406371096,50.715960203455815,50.16360699838567,50.33935546875,4784002.0
2016-03-31,RTX,50.25400060793418,50.42472693375067,49.706669496686864,50.264041900634766,6089843.0
2016-04-01,RTX,49.90752394019641,50.44481069511115,49.6213029746218,50.198760986328125,6416541.0
2016-04-04,RTX,50.36445920963203,50.80633991188492,50.11339042127896,50.349395751953125,5891059.0
2016-04-05,RTX,50.088289455080385,50.38957386840406,49.8824140554461,50.143524169921875,4958316.0
2016-04-06,RTX,50.007940447496935,50.484973279012294,49.4204412443892,50.39960861206055,8056866.0
2016-04-07,RTX,50.16361748673472,50.921846238484044,50.048125871525535,50.660736083984375,6109228.0
2016-04-08,RTX,50.93691247019019,51.39385980371375,50.695884903882565,50.87665557861328,4378490.0
2016-04-11,RTX,51.00719161990239,51.68507759249069,50.7711863102351,51.288387298583984,7283182.0
2016-04-12,RTX,51.36372370542904,51.961270416720325,51.36372370542904,51.760414123535156,5066844.0
2016-04-13,RTX,52.03658936925015,52.59898697507584,52.02654503299128,52.528682708740234,5822891.0
2016-04-14,RTX,52.7245064257054,52.940429175286404,50.84148899130256,52.56382751464844,8290290.0
2016-04-15,RTX,52.458382735536496,52.80485753732777,52.32783071854276,52.50859832763672,5982108.0
2016-04-18,RTX,52.538726855863366,52.89524600448128,52.23744546899389,52.789798736572266,4463660.0
2016-04-19,RTX,53.0258053033755,53.372280123549054,52.478474191620904,52.724517822265625,6118445.0
2016-04-20,RTX,52.93541242030568,53.28188720101153,52.82494299438908,52.99065017700195,6075383.0
2016-04-21,RTX,53.005717144184516,53.20657343771216,52.85005427763519,52.9404411315918,4176528.0
2016-04-22,RTX,53.091062898371625,53.38229985452834,52.68935045456113,53.07599639892578,4865359.0
2016-04-25,RTX,52.819917560441745,52.8249397277832,52.36297338207596,52.8249397277832,4398352.0
2016-04-26,RTX,52.9504843329705,53.11116327687123,52.03156757071612,52.62409210205078,8763335.0
2016-04-27,RTX,53.38733008813364,53.76393784391645,52.66425366748839,53.17141342163086,10072194.0
2016-04-28,RTX,52.79983027997843,53.02077521143667,52.0667094908767,52.33786392211914,7421266.0
2016-04-29,RTX,51.9863622812606,52.69437825639172,51.9863622812606,52.40815734863281,4852806.0
2016-05-02,RTX,52.16713594404524,52.674295675790745,51.99138444827963,52.40815734863281,6711300.0
2016-05-03,RTX,51.951208001921785,52.15708639172846,51.152811362752516,51.283363342285156,7612263.0
2016-05-04,RTX,50.91179688691999,51.10763099366817,50.329316734473615,50.55025863647461,8943369.0
2016-05-05,RTX,50.77620813458565,50.8314428366112,50.16862032482985,50.359432220458984,5609647.0
2016-05-06,RTX,50.34436760975433,50.86156858275601,50.11840664017576,50.776206970214844,5951600.0
2016-05-09,RTX,50.37952406719661,50.901750326969164,50.20377560609221,50.259010314941406,6092544.0
2016-05-10,RTX,50.36446198597441,51.42899711626014,50.31424944303089,51.298439025878906,5834808.0
2016-05-11,RTX,51.49427223450463,51.559548234837834,50.936899929318734,51.017242431640625,4442685.0
2016-05-12,RTX,51.107622554137926,51.35868829025466,50.79127473490124,50.946937561035156,4555186.0
2016-05-13,RTX,50.83646987098037,51.0774973687934,50.19373292054996,50.349395751953125,5212715.0
2016-05-16,RTX,50.23892483612471,51.25826652225147,50.23892483612471,51.127708435058594,5512877.0
2016-05-17,RTX,51.04736803424142,51.18796740968586,50.08326107493152,50.24394607543945,6659499.0
2016-05-18,RTX,50.26923811146458,50.7999844971073,49.935626185173405,50.18836212158203,5307896.0
2016-05-19,RTX,49.874950972544134,50.01142838962611,49.50595670146677,49.79407501220703,4987712.0
2016-05-20,RTX,50.11758254988991,50.49163236206263,49.874954650983994,50.092308044433594,6851927.0
2016-05-23,RTX,50.0164854418698,50.07714241398872,49.67276259986261,49.9912109375,4224992.0
2016-05-24,RTX,50.28944922317022,50.72921158321137,50.25406674913202,50.501747131347656,4693429.0
2016-05-25,RTX,50.693810206657766,51.022366463421214,50.693810206657766,50.70897674560547,3740824.0
2016-05-26,RTX,50.76964574879845,51.05271166476835,50.69382528729356,50.75448226928711,3980127.0
2016-05-27,RTX,50.79490382623497,50.936436738437095,50.59271395166051,50.93138122558594,4243107.0
2016-05-31,RTX,50.93644394852858,51.15379732847586,50.72414608214806,50.84040451049805,8367197.0
2016-06-01,RTX,50.5927190183249,50.79996442650535,49.91538746658909,50.724143981933594,4460164.0
2016-06-02,RTX,50.67360123157681,50.95666711927163,50.58261729964884,50.946556091308594,3922447.0
2016-06-03,RTX,50.92633627159249,50.941502813290526,50.491632547048475,50.76458740234375,3577634.0
2016-06-06,RTX,50.92128352431943,51.34082376866358,50.80502508900017,51.234676361083984,5989259.0
2016-06-07,RTX,51.446970244445765,51.76036305686996,51.2801628112793,51.2801628112793,4035583.0
2016-06-08,RTX,51.28017401364508,51.61883833954268,51.24479153947049,51.59356689453125,4078645.0
2016-06-09,RTX,51.34083099228083,51.735102914593014,51.30039300352821,51.71993637084961,5733748.0
2016-06-10,RTX,51.33070899202455,51.75530469388425,51.15884605484322,51.558170318603516,5723101.0
2016-06-13,RTX,51.548064903264034,51.76036584125045,51.14874365998461,51.158851623535156,7141761.0
2016-06-14,RTX,51.15886208549066,51.51269296922924,50.805034265700435,51.14875411987305,5887563.0
2016-06-15,RTX,51.30543932916338,51.4267502097459,50.820186614990234,50.820186614990234,7118720.0
2016-06-16,RTX,50.693810492224074,51.32565157229192,50.218668867867706,51.11335372924805,7229791.0
2016-06-17,RTX,50.97688555247242,51.40148131541262,50.71403865963696,51.15380096435547,9044429.0
2016-06-20,RTX,51.56828803405985,51.99288379099498,51.38631711082431,51.40653610229492,7067713.0
2016-06-21,RTX,51.55312966872943,51.60873420205325,51.25490332717443,51.3408317565918,5273732.0
2016-06-22,RTX,51.44191594011826,51.54300782835268,51.10324861629529,51.229618072509766,4186221.0
2016-06-23,RTX,51.81092615611868,51.81092615611868,51.42171279146249,51.72499465942383,4885857.0
2016-06-24,RTX,50.25405961681443,50.75447582478612,49.920447790184035,49.98616027832031,11832330.0
2016-06-27,RTX,49.53629565568965,49.64244614533589,48.97522237485522,49.1369743347168,9909799.0
2016-06-28,RTX,49.61211574714302,50.10242404353803,49.500909750469646,50.05693054199219,8871705.0
2016-06-29,RTX,50.537121889503396,50.90106373134031,50.27427806768005,50.78480529785156,7527570.0
2016-06-30,RTX,50.986994661125365,51.84630029809875,50.83535375152038,51.83618927001953,9276105.0
2016-07-01,RTX,51.80080034824029,52.66515832765612,51.73003541629063,51.92716979980469,10453872.0
2016-07-05,RTX,51.60872196777486,51.73003590708025,50.6533769937056,50.86062240600586,6850338.0
2016-07-06,RTX,50.825229922572454,51.30037149528511,50.19844442364172,51.24477005004883,8306498.0
2016-07-07,RTX,51.320608666612664,51.62894601287564,51.23973575830522,51.54301452636719,4848992.0
2016-07-08,RTX,52.018157979880726,52.43770437301655,51.846301139225005,52.39726638793945,5566108.0
2016-07-11,RTX,52.39726351519409,52.81680375743219,52.36693043212739,52.54890441894531,5270872.0
2016-07-12,RTX,52.68538457666054,53.10493099294515,52.61461963084509,52.82186508178711,5945085.0
2016-07-13,RTX,53.109971828051485,53.18074289036811,52.867350071163244,53.12008285522461,4687709.0
2016-07-14,RTX,53.56996245302236,53.57501796720304,53.04426864087957,53.14536666870117,5255459.0
2016-07-15,RTX,53.25150728103775,53.403148175505216,53.008879398731736,53.327327728271484,4507834.0
2016-07-18,RTX,53.31721774076102,53.544679086897176,53.01393594591282,53.32227325439453,3472442.0
2016-07-19,RTX,53.06953542251941,53.54972950941058,53.01898641888543,53.387977600097656,5551807.0
2016-07-20,RTX,53.42338744395265,53.721613815448386,53.35767187471846,53.60029983520508,4746979.0
2016-07-21,RTX,53.76709572248286,53.95411910370839,53.382931803989734,53.50424575805664,6052342.0
2016-07-22,RTX,52.95833439070711,53.17569084964844,52.821860026537884,53.14030838012695,5583587.0
2016-07-25,RTX,53.099868284392215,53.175688734335814,52.78141994347093,52.89767837524414,5500006.0
2016-07-26,RTX,54.10574918724295,54.5707828541605,53.83279437718723,54.535400390625,7014482.0
2016-07-27,RTX,54.62134574854315,54.83869609809557,54.32816881167894,54.434322357177734,6348691.0
2016-07-28,RTX,54.434320042695475,54.585960955079095,54.13608760416456,54.37871551513672,4459846.0
2016-07-29,RTX,54.33826494954578,54.63144180606797,54.18156855930837,54.414085388183594,5136601.0
2016-08-01,RTX,54.31804857389374,54.41408493568559,53.83279286833143,54.055198669433594,4864882.0
2016-08-02,RTX,53.827740382390466,53.94905431560308,53.52445861330633,53.71653747558594,3788335.0
2016-08-03,RTX,53.71655446721977,53.84292395360965,53.59018498082989,53.72666549682617,4743801.0
2016-08-04,RTX,53.858064101908155,54.12091400537695,53.74180568887579,53.762027740478516,2960148.0
2016-08-05,RTX,54.00972134887426,54.4595947265625,53.92379598720013,54.4595947265625,4252323.0
2016-08-08,RTX,54.45957658660931,54.76285832840584,54.33320715156267,54.48484802246094,4800210.0
2016-08-09,RTX,54.596077075526736,54.79321150559138,54.525305998970424,54.76287841796875,3516616.0
2016-08-10,RTX,54.82353151172787,54.84374743968236,54.47980558544009,54.651668548583984,2635674.0
2016-08-11,RTX,54.84373450629758,55.24305873621237,54.823518583110456,55.18745422363281,3186263.0
2016-08-12,RTX,55.106585979814774,55.187461939659464,54.86901974165302,55.030765533447266,2873548.0
2016-08-15,RTX,55.18241907234021,55.51602785018477,55.18241907234021,55.44526290893555,3248711.0
2016-08-16,RTX,55.202631975759054,55.40987740197163,55.096484569701865,55.17736053466797,3835369.0
2016-08-17,RTX,55.20278568584622,55.43671692868125,55.02479103815779,55.401119232177734,3508512.0
2016-08-18,RTX,55.45706597504017,55.645227023895046,55.35535913287245,55.599456787109375,3114122.0
2016-08-19,RTX,55.436725183171205,55.64522512728432,55.38078241452392,55.50283432006836,3795803.0
2016-08-22,RTX,55.18753688311457,55.42655443519204,54.99428956773712,55.177364349365234,3893845.0
2016-08-23,RTX,55.431630707571664,55.60961919023324,54.9230842590332,54.9230842590332,4868855.0
2016-08-24,RTX,54.9332480929863,55.08581756916713,54.71966192364016,54.90273666381836,3884628.0
2016-08-25,RTX,54.795944222153,54.99427776182781,54.62303584622139,54.78068542480469,2850030.0
2016-08-26,RTX,54.892564774122185,55.070559415828804,54.3840183430857,54.57218551635742,3990138.0
2016-08-29,RTX,54.70949572436505,54.99936974793741,54.63321406003095,54.90782928466797,2849236.0
2016-08-30,RTX,54.856975818199224,54.984113987505665,54.51116517642988,54.592533111572266,3798981.0
2016-08-31,RTX,54.409459716236505,54.5111665551511,54.08398796743496,54.124671936035156,5321879.0
2016-09-01,RTX,54.282320665602654,54.39928630278961,53.753429082355886,54.27214813232422,5134854.0
2016-09-02,RTX,54.51116266160054,54.780691622385845,54.150093236710276,54.378944396972656,4872986.0
2016-09-06,RTX,54.41454197835555,54.6637258731679,53.64154663183996,53.911075592041016,5832742.0
2016-09-07,RTX,53.76360277666839,54.0534768251619,53.54493029748986,53.8297119140625,4010954.0
2016-09-08,RTX,53.70764519105035,53.98734662888335,53.66188113327759,53.778846740722656,4465408.0
2016-09-09,RTX,53.39744203998308,53.44829853752328,52.2125269539437,52.217613220214844,6766280.0
2016-09-12,RTX,51.97350570077312,53.06688011611966,51.815849971895595,52.904144287109375,6120510.0
2016-09-13,RTX,52.41595427158169,52.55835125201508,51.89723518500232,52.0345458984375,5630304.0
2016-09-14,RTX,51.96842269036105,52.30914700046033,51.58701133787586,51.698890686035156,6502506.0
2016-09-15,RTX,51.587021685817,52.33458266129269,51.49548121661054,52.23287582397461,4989301.0
2016-09-16,RTX,52.161684745601214,52.161684745601214,50.778435885406545,50.90557098388672,12273754.0
2016-09-19,RTX,51.10898665474583,51.45479730017965,50.97167903338448,51.07847213745117,5269283.0
2016-09-20,RTX,51.24628908089791,51.61752793934445,50.97675704956055,50.97675704956055,4941949.0
2016-09-21,RTX,51.18526040090637,51.91248236314545,51.09372302836357,51.85145950317383,4997087.0
2016-09-22,RTX,52.24304367922316,52.62445199147787,52.18710091634595,52.380348205566406,5680039.0
2016-09-23,RTX,51.922665849586885,52.380355891450385,51.82603910821283,52.15659713745117,4205130.0
2016-09-26,RTX,51.95316801954631,52.36000764986389,51.7599207364382,51.988765716552734,5330459.0
2016-09-27,RTX,51.912482560194746,52.24304052094618,51.75991924451586,52.0497932434082,6831588.0
2016-09-28,RTX,52.21760919155252,52.31423591290689,51.703979567605955,52.0497932434082,7962002.0
2016-09-29,RTX,52.26845884944565,52.26845884944565,51.30221950553617,51.39375686645508,5911080.0
2016-09-30,RTX,51.57684028383872,51.887056256850165,51.393762459492095,51.66838073730469,8030012.0
2016-10-03,RTX,51.66838922542343,52.212530356917505,51.510736538842224,52.090484619140625,6311031.0
2016-10-04,RTX,52.16168088993602,52.2837327949172,51.51582366339042,51.58193588256836,5091474.0
2016-10-05,RTX,51.71924182633385,52.03962729586397,51.58193420833319,51.99894332885742,4360375.0
2016-10-06,RTX,51.927749644797856,51.9836862480491,51.54633821214715,51.91249084472656,5802234.0
2016-10-07,RTX,51.34291312113975,51.368341369406274,50.75808498910867,51.14966583251953,6257800.0
2016-10-10,RTX,50.936083931000155,51.37851825236785,50.67163812549199,50.84454345703125,7178784.0
2016-10-11,RTX,50.62586944970949,50.788605335040664,50.07155265223977,50.22920227050781,6856217.0
2016-10-12,RTX,50.24954380673024,50.47330564705921,50.1122361753567,50.310569763183594,6067120.0
2016-10-13,RTX,50.041032582759584,50.900475934381824,49.91389750621548,50.77842712402344,5987670.0
2016-10-14,RTX,51.06829081249628,51.256451808816955,50.89029926451868,50.93606948852539,5040308.0
2016-10-17,RTX,50.9208296338161,51.078476169035675,50.67672580653529,50.707237243652344,3896864.0
2016-10-18,RTX,51.10389021248615,51.14966043802162,50.69196743042261,50.84961700439453,4836598.0
2016-10-19,RTX,50.98693162938573,51.07338582674449,50.72248585355971,50.73265838623047,6378087.0
2016-10-20,RTX,50.72758365735465,50.94625925106907,50.48348289135197,50.49365234375,6160076.0
2016-10-21,RTX,50.03087145801842,50.234288230854276,49.64437373271674,50.178348541259766,6506955.0
2016-10-24,RTX,50.519073572716856,50.78351628932476,50.386852214412905,50.61061096191406,6813791.0
2016-10-25,RTX,51.41919515332644,51.92265844318119,51.08864025382548,51.54633331298828,10729405.0
2016-10-26,RTX,51.36324945826553,51.78025542152719,51.236111313491335,51.36833572387695,5933485.0
2016-10-27,RTX,51.607365620249595,51.67856411241894,50.84963203759219,50.890316009521484,5640950.0
2016-10-28,RTX,51.1191534366098,51.942999121766306,51.1191534366098,51.790435791015625,7069620.0
2016-10-31,RTX,51.87689925282174,52.17693970152018,51.820956477810135,51.97352600097656,6379041.0
2016-11-01,RTX,52.08031575712781,52.339672215943445,51.51582643684595,51.876895904541016,6426711.0
2016-11-02,RTX,51.79552803328941,52.15659750147094,51.444631099043946,51.63787841796875,6539530.0
2016-11-03,RTX,51.770087026486244,51.826023615678714,51.22085359177947,51.388675689697266,3883834.0
2016-11-04,RTX,51.48530737581092,51.75483632863446,51.23103413902567,51.53107452392578,4143794.0
2016-11-07,RTX,52.365095363856184,52.553256386141875,52.13116411124779,52.4057731628418,6715432.0
2016-11-08,RTX,52.49731275339187,52.84820962648866,52.187099843777496,52.56850814819336,4010954.0
2016-11-09,RTX,51.40902066682631,53.54491934526958,51.40902066682631,53.30081558227539,7951197.0
2016-11-10,RTX,53.59068973220467,55.15701931372316,53.57035083213962,55.131587982177734,9701798.0
2016-11-11,RTX,54.87222037233685,55.390939282909585,54.41453047986269,55.36042785644531,6594191.0
2016-11-14,RTX,55.645201644439155,55.645201644439155,54.78575856678282,54.85186767578125,6576077.0
2016-11-15,RTX,54.8468111074237,54.93325914659941,54.24163784216284,54.76035690307617,6031208.0
2016-11-16,RTX,54.555666255283576,54.944550526011845,54.417514980086345,54.72964096069336,4302218.0
2016-11-17,RTX,54.76546429961893,54.97525625546298,54.55056091350829,54.59660720825195,3537909.0
2016-11-18,RTX,54.576151510703504,54.729655725976514,54.42776492969867,54.49428176879883,4254548.0
2016-11-21,RTX,54.67336654663086,54.78082445711379,54.34589379062414,54.67336654663086,3459889.0
2016-11-22,RTX,54.85756360741157,54.91896279616479,54.68358890062507,54.71940612792969,4196072.0
2016-11-23,RTX,54.9394266989363,55.40505680090525,54.9394266989363,55.31806945800781,3779437.0
2016-11-25,RTX,55.58417851467819,55.875834085094176,55.41020373687683,55.66093063354492,1602824.0
2016-11-28,RTX,55.517632132038855,55.76324129047569,55.41018045141949,55.49205017089844,3898612.0
2016-11-29,RTX,55.604636309078444,55.99863212708826,55.594401040248776,55.69162368774414,4979767.0
2016-11-30,RTX,55.78882714202564,56.28516312637745,55.11852264404297,55.11852264404297,6534127.0
2016-12-01,RTX,55.26179962709231,55.34878698843519,54.78593415959631,54.99571990966797,6444348.0
2016-12-02,RTX,55.282265577513485,55.5534567330887,54.995721521301256,55.37437057495117,4964672.0
2016-12-05,RTX,55.6302369870053,55.671171872897574,54.93435013003197,54.965049743652344,4890624.0
2016-12-06,RTX,54.90361410115127,55.10828839486077,54.79104479040884,54.970130920410156,3463226.0
2016-12-07,RTX,55.00596271430958,56.203302997223005,54.79105930139251,56.12143325805664,6772000.0
2016-12-08,RTX,56.11632957570599,56.12144721107535,55.33345542808175,55.481842041015625,5034747.0
2016-12-09,RTX,55.538121669490415,56.280060828378744,55.29251242700237,56.17772674560547,5447569.0
2016-12-12,RTX,55.9883672267278,56.540984606354854,55.66600605474704,56.484703063964844,7116654.0
2016-12-13,RTX,56.73545213555271,57.149912231853655,56.418202267185016,56.443790435791016,6050276.0
2016-12-14,RTX,56.46426549885535,56.51031800790632,55.81954898172249,55.91164779663086,4387547.0
2016-12-15,RTX,55.79395362311036,55.99351033450328,55.32320573022302,55.32832336425781,5738038.0
2016-12-16,RTX,55.4715747954049,55.90650531595995,55.307835370745465,55.527862548828125,12690072.0
2016-12-19,RTX,56.065137511577,56.83266465629174,55.71207663783812,56.704742431640625,6099059.0
2016-12-20,RTX,56.761043919585866,56.796861158637604,56.36193045221682,56.617774963378906,3584784.0
2016-12-21,RTX,56.766152603091655,56.8633690357045,56.52566103367055,56.53589630126953,3303054.0
2016-12-22,RTX,56.58194898030333,56.674053992696635,56.12655395909984,56.52054977416992,3317673.0
2016-12-23,RTX,56.464264534765576,56.70987377671475,56.30564267473925,56.617774963378906,2070785.0
2016-12-27,RTX,56.81732451236222,56.863377019831326,56.54101567074094,56.786624908447266,1695940.0
2016-12-28,RTX,56.79685539775276,56.84290790134632,56.33634276820278,56.382389068603516,3010837.0
2016-12-29,RTX,56.4284470899676,56.70475593535459,56.30052483485298,56.56660461425781,4613820.0
2016-12-30,RTX,56.587039340074945,56.689379571894186,55.96790513001033,56.0907096862793,3496595.0
2017-01-03,RTX,56.484711700913934,56.77637333044384,56.285155049802086,56.7098503112793,4353224.0
2017-01-04,RTX,57.032221997618166,57.1550265903125,56.581938491072265,56.74567794799805,4912235.0
2017-01-05,RTX,56.88384571028953,57.27784152344875,56.571719640373246,56.97594451904297,5315046.0
2017-01-06,RTX,57.01175487506074,57.73322329241844,56.82754489344453,57.5899543762207,4166358.0
2017-01-09,RTX,57.66671929804544,57.66671929804544,56.935009248339675,57.052696228027344,3867785.0
2017-01-10,RTX,57.18061030224407,57.22154516772687,56.82754941365196,56.92988967895508,2860836.0
2017-01-11,RTX,57.11409961734184,57.11409961734184,56.58194630880724,56.79685592651367,4363712.0
2017-01-12,RTX,56.86848188668334,56.86848188668334,56.13677817555216,56.704742431640625,4202269.0
2017-01-13,RTX,56.76102406756402,56.929881137745944,56.20840656805166,56.397727966308594,4577273.0
2017-01-17,RTX,56.172597110211484,56.4233177305595,55.978158052247004,56.269813537597656,3559519.0
2017-01-18,RTX,56.38751076019856,56.74057170889751,56.19307166685102,56.50008010864258,4131877.0
2017-01-19,RTX,56.812194151668514,57.103849596473324,56.29539387905268,56.65868377685547,4494010.0
2017-01-20,RTX,56.771269452514,56.84802155206093,56.30051538458244,56.68939971923828,4980403.0
2017-01-23,RTX,56.714981429022,56.950355360330526,56.274933165446846,56.459136962890625,3649297.0
2017-01-24,RTX,56.633112766170356,57.14991313871114,56.45913802965846,57.108978271484375,5148360.0
2017-01-25,RTX,57.24202417719282,57.56949694634793,55.66092329321446,56.77639389038086,8030806.0
2017-01-26,RTX,56.69453198063708,57.04759297028418,56.04469158049581,56.46938705444336,6349644.0
2017-01-27,RTX,56.36191674355135,56.745677213760615,56.08560796436228,56.13166046142578,4496870.0
2017-01-30,RTX,55.932092820672295,56.08047934632932,55.38970443206507,55.86045837402344,4623831.0
2017-01-31,RTX,55.79395262146385,56.18794840314165,55.46136224390837,56.11631393432617,6269717.0
2017-02-01,RTX,56.09584226190162,56.2391111807866,55.21062817584159,55.35389709472656,7420789.0
2017-02-02,RTX,55.30273784390481,55.60974624072374,54.67336194595667,55.446006774902344,7491341.0
2017-02-03,RTX,55.53300091913452,56.17260595936386,55.51764801614286,56.106082916259766,5420397.0
2017-02-06,RTX,56.18794416207358,56.92477173676957,56.12142733222171,56.63311004638672,6720834.0
2017-02-07,RTX,56.991279545152636,57.17037187851656,56.7814876185007,56.92476272583008,4408522.0
2017-02-08,RTX,56.84291002707297,56.84291002707297,56.46426091918238,56.48984909057617,3292885.0
2017-02-09,RTX,56.48984437079596,56.6535838412634,56.28517003271165,56.33122253417969,4217206.0
2017-02-10,RTX,56.41307964620784,56.929879908032305,56.32609229658756,56.82242202758789,4257249.0
2017-02-13,RTX,57.10897178679565,57.3596985954888,57.011755365166245,57.318763732910156,4498141.0
2017-02-14,RTX,57.30341964454035,57.47227675404063,57.02711083044567,57.08851623535156,4404549.0
2017-02-15,RTX,57.201744935501374,57.69073833988691,57.16571456508521,57.603233337402344,4171125.0
2017-02-16,RTX,57.72164210868119,57.81944332200491,57.55178012770212,57.685611724853516,4452537.0
2017-02-17,RTX,57.61354071725402,57.81943304546648,57.44882685468404,57.72677993774414,4023030.0
2017-02-21,RTX,57.74738989599621,58.0613734522039,57.67018102939132,57.90695571899414,3395534.0
2017-02-22,RTX,57.82972637827035,58.015026344496434,57.505446757294735,57.98929214477539,3504698.0
2017-02-23,RTX,58.00988343646027,58.10253654789998,57.63412914238337,57.695899963378906,5516531.0
2017-02-24,RTX,57.5569247750707,58.0047398617336,57.520894393397555,57.8863525390625,4636543.0
2017-02-27,RTX,57.95324473939517,58.14884708524208,57.6650017878428,58.066490173339844,4340195.0
2017-02-28,RTX,58.148859091669514,58.26209830889007,57.8245794641112,57.93267059326172,4675633.0
2017-03-01,RTX,58.49371519126815,58.90549976793889,58.40106210149081,58.51430130004883,8080860.0
2017-03-02,RTX,58.59151094507264,58.699608298021936,57.973840311560394,58.004722595214844,4577591.0
2017-03-03,RTX,58.004729206816506,58.38563154899081,57.73707231779303,57.82457733154297,4939089.0
2017-03-06,RTX,57.56206480150299,57.80398750178627,57.41279520689193,57.47455978393555,5994026.0
2017-03-07,RTX,57.5774922722882,57.8605933547312,57.3921861149917,57.79367446899414,3904491.0
2017-03-08,RTX,57.89662821368767,57.9892812995259,57.469405633621115,57.5208740234375,4102480.0
2017-03-09,RTX,57.582654547592796,57.82457723692607,55.10166308001208,57.6135368347168,4639562.0
2017-03-10,RTX,57.85030593127005,57.94810711131377,57.28410368074706,57.721622467041016,5116898.0
2017-03-13,RTX,57.93782274215901,58.0253277652693,57.62898735716472,57.809139251708984,4729341.0
2017-03-14,RTX,57.58781701438932,57.73708663951476,57.41795503263524,57.562076568603516,3487537.0
2017-03-15,RTX,57.71133574403687,58.31871024720357,57.58265227264657,58.20547103881836,5035700.0
2017-03-16,RTX,58.04590766975139,58.277534183720164,57.623833104748726,57.82457733154297,4661808.0
2017-03-17,RTX,57.99956807911227,58.65327525121971,57.78853396411021,58.39590835571289,11825815.0
2017-03-20,RTX,58.37016181351472,58.720175475667425,58.07676461312436,58.42678451538086,4858844.0
2017-03-21,RTX,58.504024473268196,58.756237122893594,57.639276668516885,57.731929779052734,5676067.0
2017-03-22,RTX,57.84001526043481,57.865755699793574,57.35102803400303,57.6135368347168,3379803.0
2017-03-23,RTX,57.61353770256013,57.88119459517742,57.42308964896911,57.56721115112305,3634679.0
2017-03-24,RTX,57.639266268996195,57.793683931957176,57.30469674594941,57.5466194152832,3574773.0
2017-03-27,RTX,57.17603228289702,57.613551220067066,56.85175258686034,57.562076568603516,3957881.0
2017-03-28,RTX,57.345865718396205,58.24148926342355,57.29953917915075,58.03044891357422,5176485.0
2017-03-29,RTX,57.93266930865167,57.93266930865167,57.60324160032812,57.680450439453125,3176093.0
2017-03-30,RTX,57.628974841378074,57.98928479232215,57.57235212104302,57.881187438964844,2354262.0
2017-03-31,RTX,57.90693191959107,57.973844579118904,57.572356141739334,57.75765609741211,3946599.0
2017-04-03,RTX,57.79368870969556,57.896637986917575,57.25837493252452,57.6135368347168,3373447.0
2017-04-04,RTX,57.78854543865112,58.292976916274476,57.773101175416244,58.15914535522461,4720760.0
2017-04-05,RTX,58.23637730445751,58.87464059644925,57.88121527005329,57.90695571899414,4785909.0
2017-04-06,RTX,57.94294497165545,58.12824487193444,57.74734889910973,57.86058807373047,3473077.0
2017-04-07,RTX,57.97384539693787,58.27238456529464,57.76795308767129,58.15914535522461,3280014.0
2017-04-10,RTX,58.15913264692703,58.55032482900131,57.99956692212528,58.102516174316406,3332928.0
2017-04-11,RTX,57.90693336955914,58.25179909128458,57.77824989484734,58.23635482788086,3803272.0
2017-04-12,RTX,58.05105870021103,58.07164481266871,57.72163098003343,57.77310562133789,4139504.0
2017-04-13,RTX,57.675307609678,58.00988343646027,57.55692029621934,57.695899963378906,3592570.0
2017-04-17,RTX,57.92236992066158,58.308420334984845,57.803982624561286,58.30327224731445,5567538.0
2017-04-18,RTX,58.138561721048305,58.51430974137358,58.071642817619455,58.452545166015625,4324464.0
2017-04-19,RTX,58.65327591251325,58.812841642297094,58.015012993377894,58.123104095458984,4078486.0
2017-04-20,RTX,58.14370846615132,58.83858800335955,58.06649962868374,58.64813995361328,3928485.0
2017-04-21,RTX,58.67902286676452,59.33787827629901,58.67902286676452,59.188602447509766,8991992.0
2017-04-24,RTX,59.70333233007592,60.01216766241516,59.56950077401273,59.87318801879883,5013613.0
2017-04-25,RTX,60.0996640428336,60.38276513687192,59.919505964761385,60.156280517578125,5278817.0
2017-04-26,RTX,60.398210653165904,61.38133935404131,59.97098803573186,60.840877532958984,8108190.0
2017-04-27,RTX,60.92323109507968,61.371046037650835,60.789399548993565,61.13941955566406,5409751.0
2017-04-28,RTX,61.35047112850456,61.56665965054286,61.041635731399076,61.247528076171875,7115224.0
2017-05-01,RTX,61.27323993316733,61.61296373817365,61.08279192374827,61.21147537231445,4064026.0
2017-05-02,RTX,61.226919389049215,61.515168594839196,61.12397636417711,61.41737365722656,4765252.0
2017-05-03,RTX,61.40706737153938,62.00415179373669,61.252649739604436,61.92179489135742,5761873.0
2017-05-04,RTX,62.09169072364567,62.2821388244629,61.844619881451784,62.28213882446289,5048253.0
2017-05-05,RTX,61.87548424397634,62.51374728127538,61.8291576944778,62.46227264404297,3873346.0
2017-05-08,RTX,62.47256899222868,62.56522209148191,62.22549822095765,62.323299407958984,4306667.0
2017-05-09,RTX,62.51889419555664,62.77111304914443,62.33359424114685,62.51889419555664,3092194.0
2017-05-10,RTX,62.36962063361746,62.45197755034435,61.82915258758398,62.29241180419922,3389178.0
2017-05-11,RTX,61.94238855791503,62.47770219469099,61.64899130691916,62.42622756958008,4371975.0
2017-05-12,RTX,62.28725604624262,62.37990288607159,62.10195612647962,62.194602966308594,3910370.0
2017-05-15,RTX,62.17917552360147,62.43138813282866,62.112256625552284,62.24094009399414,3471171.0
2017-05-16,RTX,62.32846748374087,62.52921176976171,62.174049762203055,62.488033294677734,3213435.0
2017-05-17,RTX,62.488001685998654,62.488001685998654,61.80484625120574,61.88765335083008,5335544.0
2017-05-18,RTX,61.846262499251644,62.09468384913037,61.04924870738686,61.77898406982422,4108995.0
2017-05-19,RTX,61.9756328741773,62.803697545375435,61.79449627625271,62.70536804199219,5099260.0
2017-05-22,RTX,62.91238448894241,63.165975720839434,62.8554522597813,62.964134216308594,3468946.0
2017-05-23,RTX,62.96417841941813,63.38856663673421,62.94865599999708,63.17637252807617,5409433.0
2017-05-24,RTX,63.191867196843226,63.574845358240935,63.06248030882973,63.181514739990234,3830285.0
2017-05-25,RTX,63.36265402536279,63.455813592520244,63.1608187535492,63.269500732421875,4348775.0
2017-05-26,RTX,63.30054596206829,63.3678243797694,62.9227440482501,63.062477111816406,3378532.0
2017-05-30,RTX,63.03660485744917,63.1038832779383,62.69502397819251,62.76230239868164,4236115.0
2017-05-31,RTX,62.91239451555187,62.92274697236112,62.62256964440657,62.767478942871094,6543661.0
2017-06-01,RTX,62.726102306262774,63.21776892508641,62.66400008719107,63.031455993652344,5107364.0
2017-06-02,RTX,63.17633214782805,63.580015182268845,62.99001931432293,63.202213287353516,3810581.0
2017-06-05,RTX,63.27985773440704,63.32126129231541,62.58634970799606,62.61222457885742,5088296.0
2017-06-06,RTX,62.2965202245311,62.53458909645456,61.92906445937537,62.16713333129883,4746979.0
2017-06-07,RTX,62.431098574233374,62.456973449504474,61.77899399459564,61.991188049316406,2854162.0
2017-06-08,RTX,61.991178935711474,62.36898092053015,61.628899364086216,62.0739860534668,5638884.0
2017-06-09,RTX,62.19302271997523,62.52942115791875,62.01187979059095,62.4362678527832,3383299.0
2017-06-12,RTX,62.23442216369052,62.389683936196974,61.76863057195421,62.04292678833008,4869014.0
2017-06-13,RTX,62.06879946174694,62.187833889369905,61.89283279734079,62.136077880859375,3745273.0
2017-06-14,RTX,62.13608528893328,62.317228203208565,61.898016405303984,62.11021041870117,2811100.0
2017-06-15,RTX,62.01706812426551,62.58118939137369,61.99636947715682,62.49320602416992,3094736.0
2017-06-16,RTX,62.67951289792426,62.99521269235745,62.2395961483827,62.327579498291016,7215490.0
2017-06-19,RTX,62.74160115937117,63.27467109546385,62.62256673424523,63.062477111816406,5392907.0
2017-06-20,RTX,62.912405346918426,63.40924179448952,62.8658255574736,62.88652420043945,4263923.0
2017-06-21,RTX,63.12458895778743,63.243623401122576,62.87617388742225,63.0107307434082,4341784.0
2017-06-22,RTX,63.05211792228524,63.63694380335043,63.04694169467392,63.228084564208984,4793377.0
2017-06-23,RTX,63.14529293075025,63.36783312722993,62.87617294857983,63.25397491455078,6119398.0
2017-06-26,RTX,63.35231409914442,63.704241213739344,63.04179054357344,63.07284164428711,2613111.0
2017-06-27,RTX,63.09870409740917,63.212562293762325,62.88651011489616,62.927913665771484,2706226.0
2017-06-28,RTX,63.17634877625542,63.450645007912385,62.97968343517651,63.398895263671875,2862107.0
2017-06-29,RTX,63.357464411883676,63.37816304582028,62.425887852015634,62.95895767211914,3747815.0
2017-06-30,RTX,63.14526930386829,63.47132140748873,62.943427824208705,63.197025299072266,3829808.0
2017-07-03,RTX,63.45581092708043,63.735283342597114,63.17116228313725,63.181514739990234,1837202.0
2017-07-05,RTX,63.331610455092864,63.662838933940016,63.22810469256177,63.548980712890625,2761682.0
2017-07-06,RTX,63.42993795023791,63.65765436249498,63.07801087469067,63.083187103271484,4859480.0
2017-07-07,RTX,63.28502010668916,63.60589607347893,63.16081572206262,63.455810546875,2801248.0
2017-07-10,RTX,63.517909858888785,64.04062728668441,63.321244579286166,63.68869400024414,3262376.0
2017-07-11,RTX,63.74046084660692,64.00958081065629,63.32642530636452,63.93712615966797,3104112.0
2017-07-12,RTX,64.18556161909079,64.58406856150422,63.99924872205911,64.0251235961914,3776894.0
2017-07-13,RTX,64.00440551110603,64.03546288273729,63.57484755325504,63.69388198852539,4271073.0
2017-07-14,RTX,63.88536875502938,63.98888077494024,63.54897037585975,63.86984634399414,2827626.0
2017-07-17,RTX,64.03545264970566,64.03545264970566,63.65246826207048,63.714576721191406,2927574.0
2017-07-18,RTX,63.564487965490606,63.63176637473737,63.10387273314502,63.46615219116211,2990021.0
2017-07-19,RTX,63.68352467973574,63.77667795570574,63.424750939983134,63.69904708862305,2718779.0
2017-07-20,RTX,63.58520273886358,63.80774293313769,63.30055407287841,63.373008728027344,2910095.0
2017-07-21,RTX,63.290197759919764,63.91642729662725,63.06765757920162,63.911251068115234,3928803.0
2017-07-24,RTX,63.91126176960387,64.0458186365812,63.57485705372568,63.72494888305664,5847202.0
2017-07-25,RTX,63.08837726336106,63.14013329152898,62.09987414324269,62.32241439819336,7629425.0
2017-07-26,RTX,62.322402948967074,62.4000401140655,61.737583152714905,61.86697006225586,4757307.0
2017-07-27,RTX,61.77897094860222,61.80484581422097,60.99230978194876,61.42704391479492,6764850.0
2017-07-28,RTX,61.47880670779727,61.820387632458655,61.220039173984965,61.52021026611328,3417621.0
2017-07-31,RTX,61.67029036599303,61.76344364883755,61.297658411967376,61.36493682861328,3451785.0
2017-08-01,RTX,61.58749146665527,61.71687208909371,61.25626301896749,61.52538299560547,2468194.0
2017-08-02,RTX,61.48397719865545,62.306872059109565,61.411522546918775,62.28616714477539,3717307.0
2017-08-03,RTX,62.3016920680811,62.67950026391547,62.03257211750445,62.67432403564453,3227577.0
2017-08-04,RTX,62.73643937150844,62.96415581784659,62.44144449198343,62.87617874145508,2865920.0
2017-08-07,RTX,61.74792101194849,61.97563740146408,60.99748087857133,61.33906173706055,7906387.0
2017-08-08,RTX,61.30282939237546,61.582301765417206,61.07510674730103,61.16826629638672,4396604.0
2017-08-09,RTX,61.36493699058867,61.4632727759915,60.56792334803637,60.655906677246094,5058423.0
2017-08-10,RTX,60.49546673861333,60.70248448467364,60.08143124649272,60.42818832397461,5018698.0
2017-08-11,RTX,60.552404192251686,60.94573480657018,60.215999541622956,60.4954719543457,3322440.0
2017-08-14,RTX,60.70767009758474,60.83705071893506,60.52135096021899,60.63003921508789,2949184.0
2017-08-15,RTX,60.61453552598793,60.61453552598793,59.884799910205466,60.01418685913086,3631024.0
2017-08-16,RTX,60.357832741555974,61.492920973599624,60.30576238922711,61.44085693359375,5485864.0
2017-08-17,RTX,61.326283112626115,61.326283112626115,60.441118941330096,60.451534271240234,4325099.0
2017-08-18,RTX,60.42029676213927,60.54005412344009,60.0610246782368,60.12871170043945,4386276.0
2017-08-21,RTX,60.201614801838915,60.24326981647507,59.71217627026691,60.02458572387695,3040075.0
2017-08-22,RTX,60.18076924433022,60.31094190823857,59.89439190865987,60.238040924072266,3823929.0
2017-08-23,RTX,60.09227405583785,61.89384243127062,59.84234396261284,60.93578338623047,9857362.0
2017-08-24,RTX,61.02952812892187,61.02952812892187,59.852778300557624,60.03501510620117,6881959.0
2017-08-25,RTX,60.28492489299289,60.4463372858334,59.88920540970434,59.91523742675781,3569053.0
2017-08-28,RTX,60.02980049379077,60.284931965348,59.9777301412529,60.05062484741211,5529561.0
2017-08-29,RTX,59.9100310150541,61.8261489038635,59.587206256628896,61.80532455444336,8855338.0
2017-08-30,RTX,61.93548947860171,62.40931758650214,61.60225570949573,62.2739372253418,8285523.0
2017-08-31,RTX,62.28956941116768,62.58114821311329,61.862603915765874,62.33642578125,6322631.0
2017-09-01,RTX,62.34684034402986,62.56553075511286,61.347126276912775,61.39919662475586,4202428.0
2017-09-05,RTX,60.18598783505473,60.34740020015568,57.86372905620042,57.9053840637207,22592720.0
2017-09-06,RTX,57.79602484964102,57.84288750820622,56.806720293298184,57.07227325439453,14601480.0
2017-09-07,RTX,57.072297730589554,57.31181247724685,56.806744655607325,57.264949798583984,8188276.0
2017-09-08,RTX,57.33264403136412,57.45240141974014,56.936924514323586,57.04106521606445,6998115.0
2017-09-11,RTX,57.28056172926135,57.65545046149361,56.9004590200494,57.08790969848633,8935265.0
2017-09-12,RTX,57.31181473307001,57.436779776982334,57.119162657492694,57.20247268676758,6302610.0
2017-09-13,RTX,57.35347080400246,57.520090865620915,57.17643541045226,57.42115783691406,6071410.0
2017-09-14,RTX,57.41594989810852,58.98321747813859,57.327438514076405,58.910316467285156,11175119.0
2017-09-15,RTX,59.21751419557749,59.31644089415812,58.69682975288861,58.879066467285156,10375534.0
2017-09-18,RTX,59.0457106022109,59.1706756769473,58.65519868886207,58.71767807006836,6418924.0
2017-09-19,RTX,58.837409825054024,59.17585754394531,58.71244480480129,59.17585754394531,5288828.0
2017-09-20,RTX,58.9571702610458,59.477854716478404,58.95196259588969,59.4101676940918,5458692.0
2017-09-21,RTX,59.45182250025879,59.79027023568034,59.13420542539064,59.61844253540039,4076103.0
2017-09-22,RTX,59.57679707701248,59.94127688423195,59.42580001308049,59.88399887084961,4502273.0
2017-09-25,RTX,59.837118972230364,59.87877397570766,59.207092567916746,59.50908660888672,5879459.0
2017-09-26,RTX,59.660099390040415,59.88399112398818,59.47785635384526,59.732994079589844,6388098.0
2017-09-27,RTX,59.80590384313947,61.15968885560947,59.79548850991535,61.013893127441406,8859470.0
2017-09-28,RTX,60.91493350276082,60.94096550943981,60.076625877396225,60.31614685058594,9580399.0
2017-09-29,RTX,60.04539314698971,60.467150840318816,59.61322643717779,60.44111251831055,5196666.0
2017-10-02,RTX,60.472361306083975,61.258592420745906,60.36822063786758,61.222145080566406,3703641.0
2017-10-03,RTX,61.44083640892551,61.44083640892551,61.065941359574964,61.289833068847656,3513438.0
2017-10-04,RTX,61.373145410600316,61.55538843363159,61.19090869989016,61.2481803894043,4449041.0
2017-10-05,RTX,61.24819574942734,61.61267557457422,61.149269028038695,61.52936553955078,4252959.0
2017-10-06,RTX,61.388753555655214,61.586613213273765,61.23254889502581,61.56058120727539,2844469.0
2017-10-09,RTX,61.59183214500385,61.89903385880083,61.48769778963967,61.76886749267578,2779956.0
2017-10-10,RTX,61.758464157842376,61.867806199058705,61.31067434939962,61.503326416015625,4234049.0
2017-10-11,RTX,61.602261674189144,61.75325873358584,61.14405651786011,61.31067657470703,4903495.0
2017-10-12,RTX,61.26901484777149,61.92507967164626,61.24818418678676,61.867801666259766,3774828.0
2017-10-13,RTX,61.99797025615247,62.45616901962537,61.81572723388672,61.81572723388672,5517803.0
2017-10-16,RTX,61.878221962894806,62.22187108582938,61.64912254760509,61.966739654541016,3437960.0
2017-10-17,RTX,61.76887132555025,62.15417540785939,61.534557964879944,62.14896774291992,3220109.0
2017-10-18,RTX,62.22186065513598,62.22186065513598,61.753246571785404,62.055240631103516,2948548.0
2017-10-19,RTX,62.01359466932715,62.23748639128337,61.55538958305238,62.21665573120117,2592771.0
2017-10-20,RTX,62.46137059511075,62.96643829345703,62.35723624419754,62.96643829345703,3995858.0
2017-10-23,RTX,62.877926841912306,63.096617206474725,62.72692980884267,62.945613861083984,4095806.0
2017-10-24,RTX,62.45616666784562,64.19005389724727,61.93548225748294,62.346824645996094,8632243.0
2017-10-25,RTX,62.331224493013366,62.633218627438055,61.89384366499015,61.956329345703125,5859120.0
2017-10-26,RTX,62.19580598639396,62.51863058727589,61.96149903007358,62.445735931396484,5372091.0
2017-10-27,RTX,62.28434796588657,62.456169346928796,61.940692579159865,61.99797058105469,4533099.0
2017-10-30,RTX,62.17501555908162,62.758179436508975,61.883430464206896,62.393699645996094,7043084.0
2017-10-31,RTX,62.50304342364165,62.607184116575986,62.22187365243459,62.35725402832031,5467113.0
2017-11-01,RTX,62.7685795597951,63.00288658714274,62.44575486105286,62.544681549072266,4275363.0
2017-11-02,RTX,62.529068485486974,63.268436949293054,62.33120878568076,63.24240493774414,3119366.0
2017-11-03,RTX,63.39340538573682,63.39340538573682,62.680068895009136,63.03934097290039,3822657.0
2017-11-06,RTX,63.13826192511697,63.242396269360306,62.67484925928199,62.685264587402344,3838388.0
2017-11-07,RTX,62.83109048951806,63.242433066407365,62.68009339319689,62.872745513916016,2945370.0
2017-11-08,RTX,62.75295190906737,62.997674247197935,62.487405226912124,62.627986907958984,3195479.0
2017-11-09,RTX,62.62797833901651,62.664425670312944,61.48768311744121,61.63347244262695,4473035.0
2017-11-10,RTX,61.440847656424644,61.69077142275574,61.440847656424644,61.49811935424805,4961653.0
2017-11-13,RTX,61.414818160467036,61.44085649260607,60.87851689092409,60.95661926269531,3522654.0
2017-11-14,RTX,60.95659534351346,61.971925778126796,60.92014800514358,61.85737609863281,4541203.0
2017-11-15,RTX,61.58143308614252,61.63871109973467,60.70147640454815,61.21695327758789,4175892.0
2017-11-16,RTX,61.442175175196866,61.918834885477935,61.337410751976144,61.751216888427734,3371222.0
2017-11-17,RTX,61.54171576610491,61.61504707775082,61.012673660472416,61.03886795043945,4463024.0
2017-11-20,RTX,61.19599947643642,61.379327729148756,60.918384493683455,60.960289001464844,4631776.0
2017-11-21,RTX,61.0074217357057,61.61503388083712,61.0074217357057,61.305992126464844,3961377.0
2017-11-22,RTX,61.28504581417465,61.38456504883146,61.049328994977316,61.14361572265625,4545493.0
2017-11-24,RTX,61.28504695969136,61.36885597472142,60.944572042365486,61.2379035949707,2361890.0
2017-11-27,RTX,61.19074866059566,61.400271158555306,60.99170387506618,61.3478889465332,4082936.0
2017-11-28,RTX,61.52077080257268,61.81933492713614,61.2326780445661,61.65695571899414,4343849.0
2017-11-29,RTX,61.725040206046785,62.049798546981165,61.63599233512029,61.89265823364258,4400418.0
2017-11-30,RTX,62.295988139608575,63.773110928463424,62.12837010822334,63.615970611572266,8539922.0
2017-12-01,RTX,63.725972412965916,63.877880234300335,62.22265522347227,62.919315338134766,6168180.0
2017-12-04,RTX,63.474544057191714,63.86739483203297,62.8669318953767,62.877403259277344,4380714.0
2017-12-05,RTX,63.89882789350202,64.1816817491662,62.96121844877383,63.00836181640625,5004238.0
2017-12-06,RTX,63.464047723869406,63.589761204962315,63.050241642371226,63.4849967956543,4143159.0
2017-12-07,RTX,63.54787117775088,64.33881153245518,63.411679954698066,64.11357879638672,5733589.0
2017-12-08,RTX,64.11357725535272,64.47500120578681,64.04024596398276,64.32833862304688,4766523.0
2017-12-11,RTX,64.39117792713171,64.70545844912155,64.16594524640638,64.5849838256836,4985488.0
2017-12-12,RTX,64.70545580902217,65.03545288369813,64.41213072053463,64.67926788330078,5606469.0
2017-12-13,RTX,64.68975653297458,65.3235565136561,64.57452075013508,65.10879516601562,8274082.0
2017-12-14,RTX,65.21880773152984,65.40737482574801,64.63738352834042,64.8259506225586,4820390.0
2017-12-15,RTX,65.37070124922168,66.22974030780539,65.03546525560293,66.08831024169922,9841630.0
2017-12-18,RTX,66.38688661387,66.80593164390271,66.14069845249196,66.37117004394531,6713684.0
2017-12-19,RTX,66.63309131369735,66.63309131369735,65.80547876150021,66.40785217285156,5788886.0
2017-12-20,RTX,66.71690016994526,66.9892763313098,66.15119241550232,66.5230941772461,5197301.0
2017-12-21,RTX,66.65401455740475,66.816393690134,66.44449842173273,66.6854476928711,4804977.0
2017-12-22,RTX,66.79545613460051,66.83736063898647,66.49688574708443,66.6435546875,2549551.0
2017-12-26,RTX,66.75878417467253,67.01544368340483,66.51783488476858,66.59640502929688,1672740.0
2017-12-27,RTX,66.76404307304122,66.84261324115568,66.48118919780303,66.82689666748047,2877361.0
2017-12-28,RTX,66.90542710753806,67.13589861713703,66.67495559793909,67.10971069335938,2245257.0
2017-12-29,RTX,67.21449710073165,67.30353861078659,66.82164001464844,66.82164001464844,2871164.0
2018-01-02,RTX,66.99450791675119,67.50783338631702,66.61212848065911,67.13069915771484,4918591.0
2018-01-03,RTX,67.82735528397758,68.19925701850813,67.73831375610155,68.11544799804688,7958983.0
2018-01-04,RTX,68.52400614770376,68.55020043189819,68.19924782472886,68.3302001953125,5820666.0
2018-01-05,RTX,68.67066671775848,69.33065464680314,68.33543072197152,68.91685485839844,5835444.0
2018-01-08,RTX,70.81305907411206,71.12733980810002,69.24688156282569,69.57164001464844,10526807.0
2018-01-09,RTX,69.83352336841234,70.43065784924731,69.68162190708355,70.33113861083984,6724489.0
2018-01-10,RTX,70.25256546138944,70.9701745793091,70.05875314986869,70.6611328125,5216528.0
2018-01-11,RTX,70.58254609243912,71.37348632363408,70.58254609243912,70.70825958251953,7633874.0
2018-01-12,RTX,71.03302191640563,71.5411148071289,70.83397711543928,71.5411148071289,8285523.0
2018-01-16,RTX,72.14350294043199,72.14350294043199,70.12162137419003,70.17400360107422,8288065.0
2018-01-17,RTX,70.53540434988346,70.68730577256639,69.63969968144595,70.4096908569336,6219028.0
2018-01-18,RTX,70.47781239808985,71.05923674939828,70.37829314389094,70.50923919677734,5098465.0
2018-01-19,RTX,70.7449272120625,71.18492126464844,70.44635687096239,71.18492126464844,5140892.0
2018-01-22,RTX,70.69778046993014,70.95967880647858,69.98016518450798,70.82349395751953,6520938.0
2018-01-23,RTX,71.14300906773472,71.48871637516561,70.45158810274516,71.25300598144531,9101156.0
2018-01-24,RTX,70.72398078011636,72.48396356435796,70.20017766518967,71.06969451904297,8806238.0
2018-01-25,RTX,71.67207018317454,72.43682262956767,71.24254742346955,72.15396881103516,7217874.0
2018-01-26,RTX,72.37397145110864,72.54682834726567,71.59350868992496,72.27445220947266,5090520.0
2018-01-29,RTX,72.31108932106444,72.93441786262389,71.5044325908862,71.58824157714844,5530356.0
2018-01-30,RTX,71.23730942790064,71.78206799431555,70.87588545263549,71.49921417236328,5675590.0
2018-01-31,RTX,71.82396513809616,72.45252630017715,71.52539477603032,72.29015350341797,9389719.0
2018-02-01,RTX,71.75587627793827,72.80872135694298,71.5096881171657,72.45252990722656,6674277.0
2018-02-02,RTX,71.99160744466771,72.25350590057157,70.39924222630559,70.50923919677734,7443988.0
2018-02-05,RTX,69.9173191521362,70.26302651767455,65.94688837904998,66.6487808227539,10984757.0
2018-02-06,RTX,65.03545943125211,67.99494934082031,64.55879976434387,67.99494934082031,13781079.0
2018-02-07,RTX,67.77497173128708,69.84399637058505,67.60211485240055,69.12638092041016,12563270.0
2018-02-08,RTX,69.06353849506058,69.33067579184662,66.71689850911166,66.7745132446289,11691068.0
2018-02-09,RTX,67.64925275289818,68.11543478240202,64.01405148348003,65.49118041992188,19253277.0
2018-02-12,RTX,64.46452425205139,67.31925659359531,64.4278586059345,66.72212219238281,15172249.0
2018-02-13,RTX,66.18785522143013,66.50213588256155,65.45976830307272,65.8788070678711,8052258.0
2018-02-14,RTX,65.4649838691487,66.41830322876963,64.92546426939839,66.36592102050781,11043073.0
2018-02-15,RTX,67.41409930097328,68.49385904043453,67.3087528380841,68.47279357910156,7240596.0
2018-02-16,RTX,68.44120105840464,69.00478363600605,67.903951907232,68.0830307006836,7602888.0
2018-02-20,RTX,67.81440878668047,68.08829812978477,66.30273985916722,66.60823059082031,7364856.0
2018-02-21,RTX,66.75044694019151,69.11012372712999,66.61876703722989,68.0830307006836,12340333.0
2018-02-22,RTX,68.89418044702413,70.89042544023465,68.89418044702413,70.35844421386719,12827679.0
2018-02-23,RTX,70.8851540766613,71.06423287416575,69.19966788267018,70.13195037841797,7316709.0
2018-02-26,RTX,70.48483165331756,71.4434472887367,70.4532238878717,71.3539047241211,7548386.0
2018-02-27,RTX,71.44345872521897,71.75948534700898,70.51644432144448,70.53224182128906,6848431.0
2018-02-28,RTX,70.6428664237781,72.94987003475453,70.57965725906952,70.96942901611328,14665993.0
2018-03-01,RTX,71.21172862866402,71.47508209937273,68.35693945996998,68.63082885742188,10061230.0
2018-03-02,RTX,68.06197202612933,68.63082262284382,67.5721281019913,68.44120788574219,9265618.0
2018-03-05,RTX,68.11464421562233,69.73692134519268,67.42991121667583,69.37348937988281,7570791.0
2018-03-06,RTX,69.63154410782215,69.72108666525368,68.64132717181029,69.32078552246094,4830878.0
2018-03-07,RTX,68.39905633840557,69.14171762904084,68.32004968226548,68.96263885498047,4718059.0
2018-03-08,RTX,69.39452947734765,69.57361460583388,68.27790056097291,69.13644409179688,6279092.0
2018-03-09,RTX,69.4261633268746,70.67974054104033,69.2681435971543,70.61653137207031,6629308.0
2018-03-12,RTX,70.94834262980561,70.94834262980561,69.0521766289995,69.26286315917969,5778716.0
2018-03-13,RTX,69.77904715935972,69.79484465978064,68.21997306971849,68.55180358886719,6134335.0
2018-03-14,RTX,68.73613214213005,68.99422389660047,67.4983593606766,68.25155639648438,5154080.0
2018-03-15,RTX,68.55705898372901,68.77301345676824,67.35088109670299,68.07775115966797,4779076.0
2018-03-16,RTX,68.06195614399701,68.38851868388626,67.30349098716731,67.59317779541016,11507220.0
2018-03-19,RTX,67.41936654549644,67.91447192833975,66.434410970623,66.99799346923828,6069662.0
2018-03-20,RTX,67.02431871562048,67.77225423838539,66.79783470564072,66.97691345214844,4472717.0
2018-03-21,RTX,66.96111751315561,67.68271324778316,66.55554836182102,66.89264678955078,5542273.0
2018-03-22,RTX,66.39754527988283,66.86104930387518,65.27037383519226,65.34938049316406,7916239.0
2018-03-23,RTX,65.41257133622851,65.9076829931123,64.33280546572125,64.42234802246094,6138148.0
2018-03-26,RTX,65.2809147392663,66.82418505381946,65.01755493566316,66.70304107666016,18321011.0
2018-03-27,RTX,66.81889032634507,67.51415252228698,65.50211099200865,65.98668670654297,14319115.0
2018-03-28,RTX,66.3237990957934,66.38174029053337,65.30197413565858,65.54953002929688,4961017.0
2018-03-29,RTX,65.78654997704167,66.70829634341304,65.5179222622412,66.27112579345703,4509423.0
2018-04-02,RTX,66.18159667150219,66.37121139046609,63.84298533903891,65.03862762451172,10481839.0
2018-04-03,RTX,65.09656070020183,65.86029382852838,64.61197846038466,65.79181671142578,6045351.0
2018-04-04,RTX,63.79557746621442,66.30800591361744,63.553289518630244,66.24479675292969,11538047.0
2018-04-05,RTX,66.6029413634729,66.68194799474945,65.81813662544046,66.23950958251953,6481372.0
2018-04-06,RTX,65.61800013832844,66.22898786441043,64.36968487981981,64.65937805175781,7077724.0
2018-04-09,RTX,65.23351329763697,65.51793858183176,64.31176670167159,64.37496948242188,5649531.0
2018-04-10,RTX,65.3335751547608,65.4810525291731,64.43289425361002,64.76472473144531,6561299.0
2018-04-11,RTX,64.40129722603649,64.9438078795997,64.20114661062543,64.49610137939453,4164610.0
2018-04-12,RTX,64.80686480382288,65.23876740833673,64.67518492224148,64.91747283935547,5136125.0
2018-04-13,RTX,65.20191486420681,65.31252292824058,64.18008970273566,64.63306427001953,5512241.0
2018-04-16,RTX,65.25984576365298,65.32831649932537,64.70152479797297,65.21244049072266,5573259.0
2018-04-17,RTX,65.69174567902884,66.33960281617797,65.39151655322948,65.59166717529297,6679203.0
2018-04-18,RTX,66.06044928676717,66.07098521100221,65.4020561886153,65.73388671875,6561299.0
2018-04-19,RTX,65.68646437513148,66.13943876002858,64.86479020649985,65.23348999023438,7665495.0
2018-04-20,RTX,65.77076805032661,65.77076805032661,64.52245874872416,64.82794952392578,8543894.0
2018-04-23,RTX,64.84900502883521,65.05442361001589,64.52244248364585,65.02808380126953,5212873.0
2018-04-24,RTX,66.6293071989038,67.05594832371497,63.62704097875547,64.311767578125,12952734.0
2018-04-25,RTX,64.39076396395147,64.78579724945645,62.87382720804073,63.969390869140625,7501510.0
2018-04-26,RTX,63.995732998370435,65.43893125535945,63.63756901176436,64.69100189208984,5698154.0
2018-04-27,RTX,64.41181547080312,64.65410335147423,63.73762505058125,64.50135803222656,4609848.0
2018-04-30,RTX,64.53823723463532,64.67518507805886,63.28466033935546,63.28466033935547,7058497.0
2018-05-01,RTX,63.20567164908278,63.34261314601445,61.64659724015669,62.65788650512695,6588471.0
2018-05-02,RTX,62.65785717856995,63.10029562582621,62.24702010924482,62.41556930541992,4859321.0
2018-05-03,RTX,61.89940513591608,62.43665421481166,60.78276967026237,61.99420928955078,8062745.0
2018-05-04,RTX,61.85200330613856,63.28466546773132,61.44643408993477,62.947566986083984,10399369.0
2018-05-07,RTX,63.08452622730603,63.97993944174674,63.031852983689056,63.674442291259766,4596500.0
2018-05-08,RTX,63.73237051651263,64.169541108883,63.56382127959676,64.14847564697266,4867902.0
2018-05-09,RTX,64.50662869488224,64.89639395040696,64.15900074147429,64.8437271118164,5643810.0
2018-05-10,RTX,65.02807491720984,65.46525182859094,64.78578702229355,65.36517333984375,3715718.0
2018-05-11,RTX,65.27562212618218,65.7917992284076,65.06493563994535,65.56531524658203,4318108.0
2018-05-14,RTX,65.51791695105159,66.17630989597627,65.46525011295076,65.82868194580078,7024016.0
2018-05-15,RTX,65.47578382650649,65.70754219348287,65.02807736164408,65.6021957397461,5377971.0
2018-05-16,RTX,65.85503042107426,65.8813638461452,65.37045453315386,65.72335052490234,5861821.0
2018-05-17,RTX,65.94052239265501,66.22125455454842,65.5750401719147,66.00408172607422,5290893.0
2018-05-18,RTX,65.9935002684536,66.4278395532241,65.77102973339431,66.31130981445312,3670749.0
2018-05-21,RTX,66.72444302470537,67.97449649448916,66.72444302470537,67.82618713378906,7470048.0
2018-05-22,RTX,67.93743532006894,68.34529258047466,67.60903043914837,67.7308578491211,6296730.0
2018-05-23,RTX,67.18529859225993,67.65671527213739,66.78803020222955,67.57726287841797,6370142.0
2018-05-24,RTX,67.42890861229328,67.72023600266178,67.05812888104512,67.48187255859375,2916292.0
2018-05-25,RTX,67.50839734609922,67.63022476255229,67.02108768028694,67.28592681884766,2749129.0
2018-05-29,RTX,66.83037747424608,67.04755025685242,65.99347884667945,66.26891326904297,4411223.0
2018-05-30,RTX,66.43312045557163,67.0846324288855,66.34837040852014,66.84627532958984,4421551.0
2018-05-31,RTX,66.62380452735513,66.69795921280749,65.80279246392317,66.11531066894531,5430249.0
2018-06-01,RTX,66.70855121525877,67.03165834376941,66.35896210654306,66.63969421386719,4258361.0
2018-06-04,RTX,66.95222069895432,67.39186404844195,66.7456432279397,66.89395904541016,5114991.0
2018-06-05,RTX,66.75622695182402,67.17997718295481,66.28481043844312,66.71385192871094,3450196.0
2018-06-06,RTX,67.04225224678542,67.17467498779297,66.6608770643987,67.17467498779297,4674202.0
2018-06-07,RTX,67.18000090982086,67.62493559893628,67.1747032273818,67.57726287841797,3993952.0
2018-06-08,RTX,67.23293352330803,67.6354994079573,67.1428922281532,67.59312438964844,4388500.0
2018-06-11,RTX,67.56135799618974,68.12282875774363,67.55606673611082,67.88976287841797,6155945.0
2018-06-12,RTX,68.12809480457852,68.20224946843594,67.45539230795237,67.7202377319336,3989661.0
2018-06-13,RTX,67.76790464642544,67.88444074380253,67.18525626668604,67.23822021484375,4458893.0
2018-06-14,RTX,67.45009527176227,67.66197032868078,66.89392886610173,67.23822021484375,6260819.0
2018-06-15,RTX,67.25413073566072,67.4660058476587,66.47549371246248,67.22235107421875,11852033.0
2018-06-18,RTX,67.03167415159476,67.58254955693027,66.78272164609331,67.52957916259766,6185024.0
2018-06-19,RTX,67.2912005516168,67.2912005516168,66.06762914078459,66.23712921142578,9243054.0
2018-06-20,RTX,66.47020130814478,66.58673102363565,66.03586211014584,66.4013442993164,6264950.0
2018-06-21,RTX,66.30599729672493,66.30599729672493,65.24662809946877,65.40553283691406,7310353.0
2018-06-22,RTX,65.9564055847221,66.2848104083416,65.73923278868733,66.14179229736328,6050912.0
2018-06-25,RTX,65.5750401719147,66.09412946627806,65.3790580688682,66.00408172607422,10027067.0
2018-06-26,RTX,66.20536181069807,66.91514195140157,65.77102257321202,66.5496597290039,8867573.0
2018-06-27,RTX,66.9469141468641,67.46600980708136,65.86106296361588,65.87165832519531,8265501.0
2018-06-28,RTX,65.69685646064967,66.2159456671652,65.40552898534509,65.998779296875,5215893.0
2018-06-29,RTX,66.13649950779835,66.97340467043561,66.11531520540028,66.22654724121094,6055520.0
2018-07-02,RTX,65.61211257162644,66.23184492216832,65.20425535222257,66.22654724121094,6706692.0
2018-07-03,RTX,66.67146114482681,67.25411596953747,66.08350864080047,66.16825866699219,3918474.0
2018-07-05,RTX,66.69794210300326,66.69794210300326,65.49026388032954,66.18415069580078,5456944.0
2018-07-06,RTX,66.13118842554148,66.6608729353317,65.73922432844019,66.42251586914062,3665346.0
2018-07-09,RTX,66.74565444241377,67.26475025862969,66.63972005907777,67.10054779052734,5400534.0
2018-07-10,RTX,67.18528149855035,67.88975749790974,67.03696569229183,67.30181121826172,5083052.0
2018-07-11,RTX,66.64499967830142,66.64499967830142,65.79749915558348,66.1470947265625,5806047.0
2018-07-12,RTX,66.71916687343885,67.52958378142675,66.22126182838069,67.45542907714844,7329739.0
2018-07-13,RTX,67.56134819135808,68.7743308598234,67.42893185852718,68.59953308105469,7378045.0
2018-07-16,RTX,68.61541173041961,69.01797116807549,68.21285229276373,68.31878662109375,6454359.0
2018-07-17,RTX,68.42474519351146,69.38877553503592,68.42474519351146,69.23516845703125,7483713.0
2018-07-18,RTX,69.39405747540492,70.25744451529275,69.34638477407862,69.75424194335938,5969237.0
2018-07-19,RTX,69.56883914510385,69.68007114151136,69.00207096204647,69.04974365234375,4090245.0
2018-07-20,RTX,68.8431974145501,69.3781797651068,68.79552470268948,68.99681091308594,5109906.0
2018-07-23,RTX,68.80080214255972,68.92792719630975,68.26052226947962,68.5253677368164,6132904.0
2018-07-24,RTX,68.40883203568968,71.15259975663702,67.95859991789773,71.10492706298828,12897913.0
2018-07-25,RTX,70.74476383056447,71.49691895233714,70.18329954047026,71.37509155273438,8814978.0
2018-07-26,RTX,71.4651212061937,72.38677628511589,71.05196636687417,71.95243072509766,9750899.0
2018-07-27,RTX,72.30201965603224,72.30201965603224,71.15790064262457,71.25853729248047,6031844.0
2018-07-30,RTX,71.42277822126673,71.52871902941651,70.44815874631573,70.50112915039062,5871991.0
2018-07-31,RTX,71.0148821849642,72.00539416786262,70.9778048487443,71.89945983886719,8112481.0
2018-08-01,RTX,71.21087406093562,72.2172727096474,71.21087406093562,71.45452880859375,5982744.0
2018-08-02,RTX,70.96721953032113,71.33799291143032,70.6441060043313,71.04137420654297,3547919.0
2018-08-03,RTX,71.35919251763796,71.35919251763796,70.55936475510663,70.9195556640625,3093147.0
2018-08-06,RTX,70.80833209117911,71.04139797913462,70.37399282694376,70.94605255126953,3091876.0
2018-08-07,RTX,71.03079589218527,71.43865313071055,70.81362306990825,71.23737335205078,3491669.0
2018-08-08,RTX,71.24795512571657,71.4704191653382,71.03078234485977,71.35388946533203,2900720.0
2018-08-09,RTX,71.68228422336699,72.34439141213686,71.00429041766729,71.10492706298828,5203657.0
2018-08-10,RTX,70.73418865402671,70.84542072329393,70.07208107810744,70.50112915039062,3825676.0
2018-08-13,RTX,70.469339201284,70.72358297661837,69.70658861098353,70.01380920410156,4015721.0
2018-08-14,RTX,70.28393424470303,70.44813666658109,69.90785669436433,70.14092254638672,5073359.0
2018-08-15,RTX,69.91845639655848,69.93964712143571,68.65250964952878,69.7860336303711,7253626.0
2018-08-16,RTX,70.49960464705255,71.13861879053047,70.49960464705255,70.98951721191406,6771365.0
2018-08-17,RTX,71.20782769010572,71.78294282088115,70.97884295974849,71.59123992919922,6773271.0
2018-08-20,RTX,71.868156284297,72.1184385041539,71.6072221089405,71.96400451660156,8489074.0
2018-08-21,RTX,72.10247721547877,72.67226658601238,72.10247721547877,72.41133880615234,3551733.0
2018-08-22,RTX,71.92140412626145,71.93737560256334,70.9415727767573,70.95222473144531,5965265.0
2018-08-23,RTX,71.09603435527434,71.09603435527434,70.3984343440514,70.6220932006836,5603132.0
2018-08-24,RTX,70.61675235495406,71.06938949660795,70.61675235495406,71.0161361694336,4575684.0
2018-08-27,RTX,71.49540947470005,72.26222775691856,71.42618466231231,72.0811767578125,4819596.0
2018-08-28,RTX,72.42199014772855,72.60304762469426,71.52204165377394,71.62322235107422,3571913.0
2018-08-29,RTX,71.95336853058983,71.95336853058983,71.08536961294757,71.15459442138672,6034704.0
2018-08-30,RTX,70.98951433372685,71.09069501206548,70.40374708880022,70.6061019897461,4610801.0
2018-08-31,RTX,70.35580104209807,70.59011175124054,69.75406247758036,70.13214874267578,4381668.0
2018-09-04,RTX,70.2652849776494,70.2652849776494,69.50911238098064,70.23865509033203,4653387.0
2018-09-05,RTX,70.0256750833511,70.78716742312666,69.80201624351656,70.70729064941406,4185108.0
2018-09-06,RTX,70.96288401584005,71.67112932833483,70.6966238555187,71.10133361816406,5728345.0
2018-09-07,RTX,70.89366160291418,70.96821884700209,69.7327854933695,70.29724884033203,5056834.0
2018-09-10,RTX,70.75519345327507,71.49006209873,70.75519345327507,71.1705551147461,6670304.0
2018-09-11,RTX,71.16526993283796,71.35697294197543,70.3771475196872,71.1492919921875,3257450.0
2018-09-12,RTX,71.01613986103895,71.62321103748252,70.92029161402019,71.29837799072266,5549741.0
2018-09-13,RTX,71.50605618077904,72.18234568591159,71.34630265270471,72.16637420654297,4450789.0
2018-09-14,RTX,72.25689370584641,73.47102951076239,72.25689370584641,73.38050079345703,8720432.0
2018-09-17,RTX,73.39115656822828,73.91301853082996,73.18880166616921,73.35920715332031,7567136.0
2018-09-18,RTX,73.4763558303657,74.72776703250541,73.19945015473115,74.32837677001953,6855105.0
2018-09-19,RTX,74.10472582297389,75.01532608419288,74.09939984468555,74.81829071044922,6344400.0
2018-09-20,RTX,75.35613584683801,75.94190311915739,75.03130279445205,75.53719329833984,6158646.0
2018-09-21,RTX,76.5116889448366,76.76197119596672,75.50524041763227,75.65966796875,11648482.0
2018-09-24,RTX,75.51587404802889,76.14956854386365,74.47215029171687,74.73307800292969,4023825.0
2018-09-25,RTX,74.65322296275876,74.94610662462189,74.23254162477498,74.39762115478516,5196666.0
2018-09-26,RTX,74.34437129092188,74.88753726272815,73.9503069187072,74.31774139404297,3763388.0
2018-09-27,RTX,74.55738434301075,74.90884090923667,73.85446475482583,74.38165283203125,2917881.0
2018-09-28,RTX,74.36565632551502,74.5680112293165,74.08875063437584,74.45085906982422,3935317.0
2018-10-01,RTX,75.16441689765033,75.35611980994256,74.6904823665808,75.04193878173828,5268965.0
2018-10-02,RTX,75.0579192783388,75.82473740943301,74.86620990376733,75.32417297363281,5877870.0
2018-10-03,RTX,75.60108357587185,75.6649888568247,74.97804097916921,75.09519958496094,5461711.0
2018-10-04,RTX,75.13779087961916,75.59042794073505,74.18458941703132,74.75970458984375,5409274.0
2018-10-05,RTX,74.75972091879142,75.00467719568759,73.81184522651236,74.05147552490234,4578227.0
2018-10-08,RTX,74.0354925016686,74.36032552237228,73.18347156958899,74.33370208740234,5042692.0
2018-10-09,RTX,74.16330063834927,74.52541552570423,72.25689732423193,72.35807800292969,7576670.0
2018-10-10,RTX,72.0066185916821,72.07051741876748,69.78070185268895,69.82330322265625,9112597.0
2018-10-11,RTX,69.69018496216229,70.5794813660813,68.43344767912009,68.89141082763672,12920318.0
2018-10-12,RTX,69.86054759452317,70.3451403836287,67.95947763621801,69.02983093261719,8156496.0
2018-10-15,RTX,69.1416842235292,70.03630649136718,68.78490180312818,69.40261840820312,5177121.0
2018-10-16,RTX,69.69550055447635,70.61142679985463,69.02453703327575,70.5634994506836,5576913.0
2018-10-17,RTX,70.37179697936759,70.62740520616475,68.98193612278858,69.26416778564453,5924587.0
2018-10-18,RTX,69.0138774353001,69.63691999407668,68.20978391226191,68.66241455078125,5420079.0
2018-10-19,RTX,68.42279088240281,69.1470141764483,67.94353030902406,68.52397155761719,7269198.0
2018-10-22,RTX,68.52396542720952,68.68904491514664,66.93706936961316,67.30982971191406,8711216.0
2018-10-23,RTX,66.96371098739176,69.78070827553834,66.5163933336969,69.237548828125,11171623.0
2018-10-24,RTX,69.3493717749942,69.91383511085664,64.83364572090031,65.0040512084961,13442463.0
2018-10-25,RTX,65.71229051076146,66.81991962184124,65.20640007327103,66.24480438232422,7501351.0
2018-10-26,RTX,65.48862743420327,66.59093695099742,64.74311322733291,65.62175750732422,7456541.0
2018-10-29,RTX,66.48445254364789,66.80928564079557,63.47041947536049,64.4822006225586,7856334.0
2018-10-30,RTX,64.4715384742545,65.392790737626,64.11475601286624,65.29693603515625,7725400.0
2018-10-31,RTX,66.07439972283672,66.79862298696278,65.72826925271751,66.14363098144531,9773145.0
2018-11-01,RTX,66.9370654503578,68.1298971847327,66.601580516357,67.93819427490234,8884576.0
2018-11-02,RTX,68.61450250530491,69.02986426468549,67.21398967593312,67.85832977294922,9839247.0
2018-11-05,RTX,67.88494455149011,68.09262540469346,67.33645922450815,67.76246643066406,8702953.0
2018-11-06,RTX,67.78911638481652,68.23110165501897,67.44830535442787,68.12992095947266,5171083.0
2018-11-07,RTX,68.68905188883025,69.71147833114253,68.18316141811886,69.519775390625,8579329.0
2018-11-08,RTX,69.70616465551224,70.27063453153184,69.42393294536866,69.94047546386719,7543778.0
2018-11-09,RTX,69.96709657351587,69.98306805500253,69.06182215722141,69.60498809814453,7956282.0
2018-11-12,RTX,69.7274636845078,69.77539103866907,68.20979856663769,68.32162475585938,6669669.0
2018-11-13,RTX,68.60917632070358,69.61030532294372,68.28434328396213,68.7582778930664,5454719.0
2018-11-14,RTX,69.25350451652541,69.5943154299176,68.47603446214717,68.63578796386719,9136432.0
2018-11-15,RTX,68.1297018919494,69.94527823843752,67.8297819325267,69.47933197021484,7307811.0
2018-11-16,RTX,69.08832999637724,70.12197642560736,68.97050599040213,69.69351959228516,8238012.0
2018-11-19,RTX,69.62391331895567,69.62391331895567,68.21536846962795,68.47244262695312,7928633.0
2018-11-20,RTX,68.14039101888316,68.14039101888316,66.76397879808243,67.48163604736328,6969831.0
2018-11-21,RTX,67.6369573710371,68.25821669457437,67.31026138543406,67.32632446289062,4335904.0
2018-11-23,RTX,66.94070985263834,69.77386908380181,66.83359886820013,69.1097640991211,15454773.0
2018-11-26,RTX,69.51144990535602,70.9092817906299,68.39746182464675,68.54206848144531,16858972.0
2018-11-27,RTX,66.23375597564934,67.0210479688924,63.8558363983109,65.70354461669922,26805953.0
2018-11-28,RTX,66.00884816409778,66.13738528781838,64.30573939074715,65.73035430908203,13559890.0
2018-11-29,RTX,65.76246895994187,65.84280382867547,64.31107830636475,64.9109115600586,9781407.0
2018-11-30,RTX,64.67527883759783,65.51076686505714,64.2896674804418,65.25369262695312,15312716.0
2018-12-03,RTX,66.29805004585245,67.4763036776356,66.01955621193828,66.1962890625,10925328.0
2018-12-04,RTX,65.99275836915487,66.10523237592272,63.893332310482656,64.73417663574219,12213849.0
2018-12-06,RTX,64.00581164280034,65.08766076616703,63.438110951719274,65.04481506347656,14831249.0
2018-12-07,RTX,64.89486955345187,65.44115073387245,63.802307192610726,63.973690032958984,11923220.0
2018-12-10,RTX,63.74339198970202,64.61101924328766,62.60799041004904,63.9522705078125,8448713.0
2018-12-11,RTX,65.39291911325441,65.40898218934515,63.539847854259506,63.695167541503906,6883230.0
2018-12-12,RTX,64.2521621229735,65.03409119744809,64.03258361436977,64.08613586425781,4905720.0
2018-12-13,RTX,64.35930994072021,64.47713403586238,63.66306543647852,63.866580963134766,9081135.0
2018-12-14,RTX,63.17567652547782,63.973675256748756,62.75257604768772,63.625553131103516,6374432.0
2018-12-17,RTX,63.59343013515411,63.66840849868367,61.451157785842604,61.75642776489258,8063381.0
2018-12-18,RTX,62.179515726682034,62.897179545460816,61.692149969586936,62.00813293457031,6003560.0
2018-12-19,RTX,61.89568673230065,62.86506854930728,60.55676307729622,60.947731018066406,16601078.0
2018-12-20,RTX,60.89415159119358,60.958423384943494,58.31806615795808,58.70903396606445,22699660.0
2018-12-21,RTX,58.73581495863523,59.55523332434858,56.802414838945936,56.86668014526367,19808474.0
2018-12-24,RTX,56.43287406072219,56.63103300013994,54.60122839350787,54.66013717651367,6793611.0
2018-12-26,RTX,55.13143773185671,56.99521597933606,53.81393730054167,56.775630950927734,11301604.0
2018-12-27,RTX,54.94933340117978,56.6417350769043,54.44590136353883,56.6417350769043,10412081.0
2018-12-28,RTX,56.93096140372602,57.40225770904924,56.19722782693694,56.416812896728516,8925413.0
2018-12-31,RTX,56.55605514018499,57.02735137939453,56.36324623072934,57.02735137939453,7049281.0
2019-01-02,RTX,56.32040516096199,58.02887040053397,55.82768278338767,58.00209426879883,9361752.0
2019-01-03,RTX,57.60041591189785,57.841427079321036,55.286760646697175,55.420654296875,8884258.0
2019-01-04,RTX,55.76342829927437,57.41297857805969,55.436732159080556,57.31657409667969,10083317.0
2019-01-07,RTX,57.33797807047472,57.52542394219134,56.5239098043957,57.28977584838867,8314601.0
2019-01-08,RTX,58.291300266224525,58.61799633794284,57.49330143102743,58.32343292236328,5951282.0
2019-01-09,RTX,58.676911292624666,58.719756998157756,58.13063017026708,58.54837417602539,6726873.0
2019-01-10,RTX,58.248443406367244,59.20175530764826,58.23237383499637,59.13213348388672,5368119.0
2019-01-11,RTX,58.676912143262754,58.901847231004375,58.17347671913997,58.88578414916992,5759807.0
2019-01-14,RTX,58.4841037738377,59.70520316443497,58.269875241034896,59.367794036865234,5049524.0
2019-01-15,RTX,59.314232647692315,59.565950350967924,58.66619704589099,59.48025894165039,4444751.0
2019-01-16,RTX,59.49632977390115,59.76411056411355,59.153564129382254,59.37850570678711,6177238.0
2019-01-17,RTX,59.11071914198204,60.7870517114112,59.07322996075197,60.39608383178711,5079239.0
2019-01-18,RTX,61.21014725621932,61.42973231688847,60.46570715269649,61.00128173828125,7366763.0
2019-01-22,RTX,60.52461893473462,60.604953819375154,59.26068038643674,59.48025894165039,9039980.0
2019-01-23,RTX,62.82220684986624,63.914762508752744,61.242278897274524,62.68295669555664,19960859.0
2019-01-24,RTX,63.0632208440024,63.92012851603734,61.34404248205012,61.890323638916016,14356933.0
2019-01-25,RTX,62.308062241111685,62.60798217265204,61.63324401833517,62.02421188354492,7375185.0
2019-01-28,RTX,61.6975039074253,61.729636556410384,60.93163789887134,61.63323211669922,14161009.0
2019-01-29,RTX,61.89568805353622,63.31494663871598,61.85819886564272,63.11143112182617,17208552.0
2019-01-30,RTX,63.518453623977784,64.40214391558023,62.795433113983485,63.79694747924805,11627984.0
2019-01-31,RTX,64.03796438746522,64.03796438746522,62.99896064081901,63.234615325927734,9663345.0
2019-02-01,RTX,64.04866569531353,64.28431384445338,63.256023338583994,63.72196960449219,6572581.0
2019-02-04,RTX,63.727324260103615,63.866567938347856,63.13284088680692,63.80765914916992,7857128.0
2019-02-05,RTX,64.17186431603989,64.69136948637242,63.7755462727582,64.68065643310547,7192132.0
2019-02-06,RTX,64.7288241798029,65.1947703282125,64.45033039261526,64.9966049194336,5565473.0
2019-02-07,RTX,64.46105306629822,64.79846220666413,63.72732599478496,64.65386199951172,7384719.0
2019-02-08,RTX,64.42355310895586,65.61786972053457,64.38606393215802,65.601806640625,6263679.0
2019-02-11,RTX,65.82138116718654,65.9338551834845,65.0769412152917,65.72498321533203,6222365.0
2019-02-12,RTX,66.06774189084008,66.59795329521792,65.7196198160865,66.39978790283203,5624266.0
2019-02-13,RTX,66.5979783446042,66.88718526420335,66.52835000781097,66.63546752929688,3914660.0
2019-02-14,RTX,66.34721791540595,67.01526947816559,66.11016946776215,66.87519836425781,5957638.0
2019-02-15,RTX,67.66714707967142,68.91166094309109,67.36005661374334,68.83084869384766,10850328.0
2019-02-19,RTX,68.62613285281122,69.5743330823463,68.3459775896106,69.3049545288086,9680983.0
2019-02-20,RTX,69.33727657738966,69.84369696512007,68.86856160640696,69.19181060791016,10012607.0
2019-02-21,RTX,69.04097244693392,69.2780208769266,67.79107003750818,68.0550537109375,5179822.0
2019-02-22,RTX,68.98710577057209,69.1487303180998,68.31366580164645,68.83625793457031,5018221.0
2019-02-25,RTX,69.33731091485984,69.56358271543183,69.04638536316608,69.10564422607422,4245967.0
2019-02-26,RTX,68.84164810175065,69.2026091653044,68.2975090627974,68.5237808227539,5397833.0
2019-02-27,RTX,68.46453106742747,68.60999057082105,67.93655049469471,68.3675537109375,3969322.0
2019-02-28,RTX,68.25439945136579,68.5991954002477,67.65099511097814,67.70487213134766,7017342.0
2019-03-01,RTX,68.4106517037149,68.60998823518833,67.47322137313435,67.75875854492188,6073158.0
2019-03-04,RTX,68.03888271862826,68.63689203906205,67.3977665664463,67.74256896972656,5526065.0
2019-03-05,RTX,67.68871724280588,68.33522199042294,67.68871724280588,67.850341796875,5141845.0
2019-03-06,RTX,67.97963084788263,68.34598020840632,67.54324593454484,67.55401611328125,5592486.0
2019-03-07,RTX,67.34928466484206,67.39238496957356,66.22329491865351,67.05297088623047,6616437.0
2019-03-08,RTX,66.72432901095647,66.880565155817,65.88387639105541,66.81591796875,4912394.0
2019-03-11,RTX,65.50138364621203,67.98502359892282,65.4475066236885,67.88804626464844,7398066.0
2019-03-12,RTX,67.72641225013678,68.37291683592156,67.08530255032318,67.1661148071289,6108434.0
2019-03-13,RTX,67.32775107732206,68.572265274515,67.32775107732206,68.22746276855469,7713801.0
2019-03-14,RTX,68.22747041859354,68.38909497854965,67.72643167019326,68.3621597290039,6236984.0
2019-03-15,RTX,68.51299371749242,68.65307135574457,67.82878365417265,67.83955383300781,15396933.0
2019-03-18,RTX,67.94193885131543,68.42143074580319,67.62946641804542,68.3675537109375,6181051.0
2019-03-19,RTX,68.7554486329278,69.05175596197698,67.8341834471237,68.15743255615234,4704076.0
2019-03-20,RTX,68.11971805906744,68.1520416624986,67.09069885434252,67.51092529296875,4680876.0
2019-03-21,RTX,67.10148977987079,68.51840558859209,66.98296552128959,68.35678100585938,4127904.0
2019-03-22,RTX,67.88265145432078,68.06044103980457,66.50883649565532,67.42471313476562,6152926.0
2019-03-25,RTX,67.3223464365897,67.79106141333067,67.12300998530307,67.55939483642578,3608460.0
2019-03-26,RTX,67.97963099530428,68.39446902072945,67.37623319984016,67.95808410644531,5091474.0
2019-03-27,RTX,67.94731130146634,68.49683864069617,67.68870943225939,68.0442886352539,4336063.0
2019-03-28,RTX,68.26516187774128,68.63689956026084,67.98501316004658,68.56686401367188,2974767.0
2019-03-29,RTX,69.10022975592966,69.54739789389828,68.68000339213938,69.43964385986328,4839617.0
2019-04-01,RTX,70.03228063261018,71.88558756008052,70.03228063261018,71.75628662109375,8422971.0
2019-04-02,RTX,71.69163419548616,71.85325873933692,70.87273476495156,71.06129455566406,4616840.0
2019-04-03,RTX,71.4438139696522,71.50307935445878,70.36631258183199,70.74343872070312,4512760.0
2019-04-04,RTX,70.84580372710583,71.79939251128307,70.49561284039721,71.49230194091797,3546171.0
2019-04-05,RTX,71.74011454991421,72.08491702021315,71.41686549967866,72.04181671142578,3973771.0
2019-04-08,RTX,71.29296417138421,71.99333940112503,70.6787830414717,71.95562744140625,4318425.0
2019-04-09,RTX,71.46536424523649,71.60543537005097,70.6841702218435,71.24986267089844,3320692.0
2019-04-10,RTX,71.27141338792482,71.2929668121856,70.17775345288858,70.93199920654297,4324622.0
2019-04-11,RTX,70.99127502833295,71.65393842031908,70.83503880483677,71.55696105957031,2767879.0
2019-04-12,RTX,72.09570619213486,72.9038289574094,72.00411720371294,72.89305877685547,4553280.0
2019-04-15,RTX,72.7314352679197,72.87151294311622,72.23039648872677,72.48899841308594,2979216.0
2019-04-16,RTX,72.65598709017318,72.92536563764281,72.41355031625395,72.91458892822266,3176411.0
2019-04-17,RTX,73.04930354885475,73.43181808394507,72.58597672775082,73.15705108642578,4425365.0
2019-04-18,RTX,73.27556819940982,74.21299846346244,73.27556819940982,73.8089370727539,3970117.0
2019-04-22,RTX,73.45875003498662,74.062154506029,73.10317076742997,73.76045227050781,4694224.0
2019-04-23,RTX,75.36590914913641,76.69662383342538,74.82177020066956,75.43595123291016,9030605.0
2019-04-24,RTX,75.24740787802509,75.51678652256503,74.30998404146985,75.20430755615234,4344803.0
2019-04-25,RTX,74.74636177219215,75.55987945152634,74.36384726941519,75.27972412109375,3712381.0
2019-04-26,RTX,75.4251867625306,75.87234845608285,75.19890847214269,75.84541320800781,3273022.0
2019-04-29,RTX,75.963916426094,76.77742731255475,75.88849252727944,76.56731414794922,5417378.0
2019-04-30,RTX,76.73974035388524,76.99834226089781,76.30335535072471,76.83132934570312,5232736.0
2019-05-01,RTX,77.04144196653162,77.79569425698764,76.24408935858267,76.27641296386719,3487537.0
2019-05-02,RTX,75.84001302253348,76.21175073841927,74.77328200758079,75.31742095947266,4379761.0
2019-05-03,RTX,75.99085823477822,76.33566069497677,75.40361899400477,76.30333709716797,4513396.0
2019-05-06,RTX,74.77328035726883,75.78613433078019,74.29379514513163,75.53292083740234,3776100.0
2019-05-07,RTX,74.53085801081077,74.7086476323744,72.5590266997302,72.9684829711914,7794522.0
2019-05-08,RTX,73.00080035255426,74.42849249664309,72.91459972710452,73.84664154052734,3807721.0
2019-05-09,RTX,72.97925297949114,73.8789712657795,72.20345381748047,73.73350524902344,4066569.0
2019-05-10,RTX,72.85532747937955,73.99209403824122,71.9610042388263,73.90050506591797,4214823.0
2019-05-13,RTX,72.20884125188915,72.55364377786702,70.24778668240072,71.0936279296875,6545091.0
2019-05-14,RTX,71.12054976909633,72.7368015078876,71.12054976909633,72.18189239501953,4305078.0
2019-05-15,RTX,71.54616449043962,72.63444235937395,70.93198347400076,72.18189239501953,3861588.0
2019-05-16,RTX,72.61256117025334,73.71226023205087,72.28752246792878,73.2680435180664,4463819.0
2019-05-17,RTX,72.66134324707562,73.38182965217675,72.3471405883642,72.45548248291016,2551298.0
2019-05-20,RTX,72.1412775462113,72.46089167819756,71.84874724269838,72.30921173095703,3091558.0
2019-05-21,RTX,73.07845316232468,73.76643749991493,72.73174867054301,73.69059753417969,3480863.0
2019-05-22,RTX,73.3276524998356,73.84770272067789,73.10012601315114,73.354736328125,3086791.0
2019-05-23,RTX,71.78913514546346,72.49338016528186,70.09354609537867,70.66777038574219,8983570.0
2019-05-24,RTX,70.77070295131148,71.44243952619695,70.42941658602392,71.18241119384766,4952595.0
2019-05-28,RTX,71.30701557728815,72.09251217619023,70.35899632623628,70.38066864013672,6419719.0
2019-05-29,RTX,69.98521534438939,70.31025411534887,69.5085031970876,70.13690185546875,4444592.0
2019-05-30,RTX,70.17483542253656,70.60279807601938,69.3568301088374,69.55726623535156,4367525.0
2019-05-31,RTX,68.94510787507794,69.02094784640822,68.00251317771735,68.41963958740234,5646829.0
2019-06-03,RTX,68.50089013270707,69.45432088361838,68.22460753794283,68.72299194335938,4307779.0
2019-06-04,RTX,69.508485973078,70.2560624830372,69.08052350846793,70.08271026611328,3805973.0
2019-06-05,RTX,70.68946487501978,71.18243128966569,70.18024422225058,71.16075897216797,3770538.0
2019-06-06,RTX,71.21490676448173,71.5995311509782,70.6840205586419,71.32866668701172,3197068.0
2019-06-07,RTX,71.56703359741873,72.03291603790527,71.42076520183215,71.58869934082031,2930752.0
2019-06-10,RTX,73.40348140629342,73.52807750542986,69.32972354825885,69.34597778320312,21901664.0
2019-06-11,RTX,69.45973245090435,69.49765242886035,66.18772565194614,66.59943389892578,17434985.0
2019-06-12,RTX,67.20076403700301,67.93750458845038,66.96240139134878,67.21159362792969,15850911.0
2019-06-13,RTX,67.57454492231172,67.69914102682957,66.58860567589863,67.61246490478516,7317027.0
2019-06-14,RTX,68.31669121259088,68.52796340124388,67.6720384914787,67.87789916992188,4873145.0
2019-06-17,RTX,68.1054093256217,68.24084154365028,66.69151456994375,67.2982406616211,5317589.0
2019-06-18,RTX,67.74788955778611,68.78799633813891,67.74788955778611,68.59297180175781,7208181.0
2019-06-19,RTX,68.85301271836603,69.01011073786755,68.43046823549626,68.66883087158203,5172354.0
2019-06-20,RTX,69.50307768678347,70.5431845674875,69.27013314971278,70.44025421142578,6906906.0
2019-06-21,RTX,70.32106571911358,70.88987849727347,69.65474724523783,69.74684143066406,9087332.0
2019-06-24,RTX,70.48902061382991,70.96032126769056,70.15315223916097,70.52152252197266,5842594.0
2019-06-25,RTX,70.52692221193104,70.8898808882212,69.7197599612309,69.89311218261719,4439825.0
2019-06-26,RTX,69.90394310287446,70.23439331842577,69.18886845971461,69.21054077148438,4643853.0
2019-06-27,RTX,69.4543195543379,69.98520585269326,69.21054543470639,69.86602783203125,3199452.0
2019-06-28,RTX,69.91477107141257,70.74360555220169,69.42180484478546,70.53233337402344,8637486.0
2019-07-01,RTX,71.06323386153427,71.55078206381665,70.87904548252067,71.14990997314453,6233329.0
2019-07-02,RTX,71.31242658405208,71.66996062164388,71.09573630337499,71.48577880859375,5394655.0
2019-07-03,RTX,71.75120791854215,72.08707616148779,71.3503358848047,72.04915618896484,3237746.0
2019-07-05,RTX,71.91372482371571,71.91372482371571,70.88445434141629,71.79996490478516,5636024.0
2019-07-08,RTX,71.44245001512711,71.54537380718851,70.57568878004128,70.89530944824219,5088455.0
2019-07-09,RTX,70.47816356801123,70.71110148089052,69.84975856274558,70.63526153564453,4803229.0
2019-07-10,RTX,70.965718686273,71.64829139539329,70.52692006830513,70.66777038574219,3717148.0
2019-07-11,RTX,70.662355203495,71.39368407428573,70.46191915815893,71.14990997314453,3874141.0
2019-07-12,RTX,71.4587105121054,72.48798802170599,71.35036862195392,72.4392318725586,5088455.0
2019-07-15,RTX,72.19003658678994,72.498814572824,71.9841824069776,72.17378234863281,3779754.0
2019-07-16,RTX,72.23879864007867,72.41756243757804,71.89209406999834,72.1521224975586,5085118.0
2019-07-17,RTX,72.08166720751149,72.18459755122004,70.46191806880778,70.4781723022461,4347663.0
2019-07-18,RTX,70.35899359172812,71.15532631663088,70.29398978728887,71.12824249267578,4638132.0
2019-07-19,RTX,71.31244446765716,71.98418122252946,70.9278199439208,71.71873474121094,5138985.0
2019-07-22,RTX,71.66454647260734,72.15210127270205,71.26367435690291,72.02208709716797,5399422.0
2019-07-23,RTX,73.84768178119624,73.94519404317839,71.51285811015427,73.10010528564453,12855169.0
2019-07-24,RTX,72.79676314500672,74.14565475953287,72.57466129386448,72.7263412475586,5684171.0
2019-07-25,RTX,73.08926928527089,74.92571519720177,73.07843969742409,73.86935424804688,6339633.0
2019-07-26,RTX,73.57142739070242,74.04272803880053,73.28973324462818,73.47391510009766,3521383.0
2019-07-29,RTX,73.43596032240416,73.87475885487326,73.33844807799645,73.52263641357422,3259675.0
2019-07-30,RTX,73.3384669874388,73.52265537050734,72.82925302972703,73.29513549804688,3584148.0
2019-07-31,RTX,73.26803613257931,73.69058049237793,72.04915918198583,72.37419128417969,5348733.0
2019-08-01,RTX,72.21710141798924,73.40889468298708,71.32325646924086,71.42076873779297,4633524.0
2019-08-02,RTX,71.1986612675499,71.43702386394703,70.10438025743622,70.86279296875,3443681.0
2019-08-05,RTX,69.79559686852166,69.84435299957842,67.56911504428564,68.12167358398438,6322790.0
2019-08-06,RTX,67.98626483958363,69.91479903367402,67.98626483958363,69.7739486694336,6042808.0
2019-08-07,RTX,68.86384371763017,70.48901114757406,67.79123492138287,69.88770294189453,6835401.0
2019-08-08,RTX,70.19646902579532,71.33950608248293,70.19646902579532,71.22574615478516,4253117.0
2019-08-09,RTX,71.18240975160506,71.51827803224269,70.16938683195711,71.09573364257812,3767360.0
2019-08-12,RTX,70.34274427361802,70.54859840600186,69.08594716676548,69.35138702392578,4135055.0
2019-08-13,RTX,69.26472304390535,70.8086391583352,69.17804691325591,69.8552017211914,3813918.0
2019-08-14,RTX,68.85301499536868,68.93969112638112,67.04907704880404,67.33618927001953,5337769.0
2019-08-15,RTX,67.57323061618204,67.80211045806324,66.72311492695495,67.43154907226562,6295618.0
2019-08-16,RTX,68.11272205146463,68.48874033350826,67.58412822566788,68.14542388916016,4023348.0
2019-08-19,RTX,69.06094038355768,69.37701195043284,68.65768372235206,69.01189422607422,2896906.0
2019-08-20,RTX,68.65223697662475,69.35521431986744,68.34161570073773,69.03369903564453,3161474.0
2019-08-21,RTX,69.69851488155216,69.87289825221343,69.09362339037484,69.38789367675781,2732286.0
2019-08-22,RTX,69.75301002540824,69.97098262820613,68.83749734664464,69.73120880126953,2593248.0
2019-08-23,RTX,69.03367858290598,69.64401373265255,66.93019087733353,67.25715637207031,5532580.0
2019-08-26,RTX,68.10726591705092,68.48327752401303,67.37703731784607,68.38518524169922,3325936.0
2019-08-27,RTX,68.35796944772801,68.66313382240794,67.56234345250257,67.88386535644531,3459571.0
2019-08-28,RTX,67.76397057286187,69.18627607581699,67.46970024099416,69.1372299194336,3252047.0
2019-08-29,RTX,69.75848317257872,70.99005454672523,69.75848317257872,70.57589721679688,7271105.0
2019-08-30,RTX,70.97368621826172,71.49682970828748,70.94098438240952,70.97368621826172,3702529.0
2019-09-03,RTX,70.1181334268173,70.39605283853511,69.55683768995391,70.2816162109375,4028433.0
2019-09-04,RTX,71.21894490768834,71.78569112053167,70.99551528643616,71.41512298583984,3585102.0
2019-09-05,RTX,72.52134740850965,72.85921361479635,72.20528243175536,72.49410247802734,4231348.0
2019-09-06,RTX,72.91915684460973,73.15893071921039,72.55948942627589,72.853759765625,3375513.0
2019-09-09,RTX,73.37692726906967,73.78563433494635,72.94096866117825,73.08265686035156,3675834.0
2019-09-10,RTX,73.07719069560943,73.41505689180624,72.38510738155483,72.97364807128906,4552326.0
2019-09-11,RTX,72.75022848228286,74.11258733815673,72.52134860059634,74.08534240722656,4557093.0
2019-09-12,RTX,74.3632583354825,75.1970231367367,74.22157017976365,74.908203125,4805931.0
2019-09-13,RTX,75.2024732231711,75.96539724754717,74.90820290556503,75.23516845703125,4807520.0
2019-09-16,RTX,75.75832810940518,75.75832810940518,74.83191458687739,75.24607849121094,3355968.0
2019-09-17,RTX,74.8700507283964,75.06078503762977,74.45589348251505,74.77196502685547,3369316.0
2019-09-18,RTX,74.61394757107325,75.08804507332911,74.08534699071852,75.01720428466797,2773600.0
2019-09-19,RTX,75.16978069145613,75.21337654414576,74.55399505284404,74.94635772705078,3479433.0
2019-09-20,RTX,74.98451379852455,75.45316762911852,73.87282270209845,73.8782730102539,8439656.0
2019-09-23,RTX,73.24611397244051,74.18342134713257,73.07718089699364,73.93274688720703,4137597.0
2019-09-24,RTX,74.134379309348,74.22157100515503,73.38235588783682,73.82920837402344,4506881.0
2019-09-25,RTX,74.07989094315194,74.7392790405531,73.64393241647623,74.56489562988281,3357875.0
2019-09-26,RTX,74.52675012232548,75.36051502438573,74.3905122568662,74.94635772705078,4278541.0
2019-09-27,RTX,75.21881529943037,75.33325852418523,74.21611744799625,74.32510375976562,3395375.0
2019-09-30,RTX,74.73925911039161,74.76105372769699,74.2052084060169,74.39594268798828,4079122.0
2019-10-01,RTX,74.62481679825152,75.03353029036097,72.5921697689986,72.90824127197266,5539095.0
2019-10-02,RTX,72.38509706224849,72.47773905892103,70.74481247365543,71.09902954101562,5175532.0
2019-10-03,RTX,71.2570722610911,71.56769352805712,70.09633519521428,71.5022964477539,4609053.0
2019-10-04,RTX,71.54588462992749,72.6466748047321,71.36060723620031,72.59217834472656,3009884.0
2019-10-07,RTX,72.36331910238339,73.0009060065577,72.00365164577725,72.30882263183594,2662052.0
2019-10-08,RTX,71.567684921711,72.14532492835501,71.02818384821073,71.2734146118164,3970911.0
2019-10-09,RTX,71.76932257215866,72.28157217945557,71.45325099484293,71.9110107421875,3864448.0
2019-10-10,RTX,71.87830521177166,73.05538654415105,71.55133964309576,72.97909545898438,3710633.0
2019-10-11,RTX,73.60575731902641,74.76104364766147,73.56761178906159,74.19429779052734,4849469.0
2019-10-14,RTX,74.11257320098925,74.35780395831543,73.74746212786454,74.06897735595703,2637740.0
2019-10-15,RTX,74.25969484648887,75.04986357821261,74.18885409175856,74.19429779052734,3964078.0
2019-10-16,RTX,74.07988128078364,74.77741483248424,73.932749426242,74.4994888305664,3339125.0
2019-10-17,RTX,74.82102275903146,75.60574152495214,74.75017536722862,75.29512023925781,4103751.0
2019-10-18,RTX,75.32781318069333,75.4422498065558,74.3905057332788,74.54853820800781,5413246.0
2019-10-21,RTX,75.29512666261984,75.74743616407258,75.06080305629504,75.39321899414062,5951758.0
2019-10-22,RTX,76.73922335424068,77.51304807347769,75.70928043745407,77.06074523925781,10544286.0
2019-10-23,RTX,76.7446732706189,77.07708916208766,75.86186222939865,76.24332427978516,5324262.0
2019-10-24,RTX,76.56483767769357,78.38495618164406,76.30871288130126,78.16697692871094,7235353.0
2019-10-25,RTX,78.11793206856935,78.5811354721608,77.82366174871632,77.90540313720703,5074154.0
2019-10-28,RTX,78.07436529793026,78.81548837711769,77.5512149316086,77.94902801513672,3773081.0
2019-10-29,RTX,77.62747207430215,78.20511866929687,77.23511607767901,77.38224792480469,5647306.0
2019-10-30,RTX,77.51850380478099,78.61929418691395,77.38226593232358,78.38496398925781,4040191.0
2019-10-31,RTX,78.16696556237217,78.38494478360872,77.7473580389038,78.2432632446289,4852647.0
2019-11-01,RTX,78.6846732399963,79.99254209151327,78.65742831203457,79.93260192871094,6444348.0
2019-11-04,RTX,80.37402522566435,80.64650100257872,79.7800341099106,80.38492584228516,6823166.0
2019-11-05,RTX,80.46664780967903,80.9625464688825,79.94349761550873,80.5701904296875,6453406.0
2019-11-06,RTX,80.55383642255792,80.85900735746566,80.17782471231592,80.82086181640625,5015679.0
2019-11-07,RTX,81.09878217815879,81.38760219613448,80.89715385690397,81.04973602294922,4407092.0
2019-11-08,RTX,80.36310300655508,81.2077684389262,80.28681192358592,81.13147735595703,2701618.0
2019-11-11,RTX,80.65193313185605,80.98979931947125,80.3958083376037,80.77182006835938,2341233.0
2019-11-12,RTX,80.86991513682602,81.21868197897305,80.65194246691773,80.86447143554688,2562421.0
2019-11-13,RTX,80.58653165683278,80.92984813279992,80.34130749012266,80.82086181640625,2926302.0
2019-11-14,RTX,80.75240897355407,81.2945904588677,80.75240897355407,81.11386108398438,2757551.0
2019-11-15,RTX,81.2069519401494,82.04486925509246,81.1905195852151,81.79842376708984,3160839.0
2019-11-18,RTX,81.66150665283203,81.75461005127745,81.29457714998065,81.66150665283203,2948866.0
2019-11-19,RTX,81.94084683282956,81.95727255429013,81.24531645510584,81.25627136230469,4495758.0
2019-11-20,RTX,81.05909166566995,81.37125997644421,80.00758679053973,80.31427764892578,4204335.0
2019-11-21,RTX,80.3087836411519,81.02621688739481,80.1225834950185,80.67024230957031,3731131.0
2019-11-22,RTX,81.19053478509903,81.34388354185538,80.60454030009785,80.88932800292969,3783568.0
2019-11-25,RTX,81.36031841667396,81.45889929715884,80.61550427776275,80.79075622558594,3818367.0
2019-11-26,RTX,80.88931821157585,81.39316412420823,80.72501456936743,81.11933135986328,5722625.0
2019-11-27,RTX,81.2617251241749,81.62865465431932,80.88384069002552,81.50269317626953,2401456.0
2019-11-29,RTX,81.34387306696185,81.38768604334508,80.7797818259447,81.23981475830078,1575494.0
2019-12-02,RTX,81.26720729408794,81.38769132712987,79.34492029972914,79.40515899658203,6121940.0
2019-12-03,RTX,78.82464754430626,78.97251884934893,78.1948400732059,78.71511840820312,5938729.0
2019-12-04,RTX,79.37775532970383,79.88707857560934,79.02725159763959,79.14773559570312,4829130.0
2019-12-05,RTX,79.67897812638095,79.72279109810276,79.08750632780414,79.55301666259766,3720644.0
2019-12-06,RTX,80.58262151792687,80.71953789014852,80.07329819030399,80.50047302246094,4143953.0
2019-12-09,RTX,80.45119577371877,80.69764130047975,80.04045322911715,80.07878875732422,2403045.0
2019-12-10,RTX,79.83232422149861,79.95828569161492,79.60231108789594,79.61326599121094,4246761.0
2019-12-11,RTX,80.27592421727083,80.70857646608074,79.95280771312241,80.65380859375,3603693.0
2019-12-12,RTX,80.99884323949217,81.95176713585367,80.60452646892772,81.8258056640625,4327483.0
2019-12-13,RTX,81.20148051975697,82.23108216139944,81.20148051975697,81.63961029052734,3762911.0
2019-12-16,RTX,82.00106747707999,82.51586832995137,81.66151854342749,81.85320281982422,5162502.0
2019-12-17,RTX,81.71082001416073,81.80940089187295,81.02624460198196,81.39318084716797,5759172.0
2019-12-18,RTX,81.10838573484513,81.38769598315105,80.61001721720538,80.8947982788086,6036929.0
2019-12-19,RTX,81.22340844094006,81.68891893644239,80.61550407834929,81.44246673583984,4755241.0
2019-12-20,RTX,82.64182248767796,82.64182248767796,81.71080172889977,81.86962127685547,7252673.0
2019-12-23,RTX,82.12702505508112,82.45014825551222,81.90796016648441,82.05035400390625,4361328.0
2019-12-24,RTX,82.18726965779139,82.32418604186287,81.84224329123906,81.91343688964844,1596786.0
2019-12-26,RTX,82.121561711603,82.56516901714095,82.01203256815526,82.53778839111328,2231274.0
2019-12-27,RTX,82.69657807720799,82.73491359552285,82.17629989540887,82.30226135253906,2928050.0
2019-12-30,RTX,82.38990465664708,82.58705974086853,81.91891679607846,82.08321380615234,2674605.0
2019-12-31,RTX,82.03392754929621,82.2639473587051,81.65604307903163,82.01750183105469,3227100.0
2020-01-02,RTX,82.00654952162805,83.91240429085188,82.00654952162805,83.86859130859375,4451584.0
2020-01-03,RTX,82.65826669901047,84.69556041245056,82.42824688260995,83.98360443115234,4969756.0
2020-01-06,RTX,84.0383527954139,84.25194022099176,83.51808118076882,84.16431427001953,4139504.0
2020-01-07,RTX,83.18949564707593,84.13694892421182,83.18949564707593,83.89598083496094,4348775.0
2020-01-08,RTX,83.85762226755755,84.64077166214973,83.64403486188058,84.02191925048828,3772445.0
2020-01-09,RTX,84.23002904550921,84.44361645078219,83.85762210894825,84.14788055419922,4672455.0
2020-01-10,RTX,84.34503819260078,84.34503819260078,82.93207480366,83.16757202148438,4605240.0
2020-01-13,RTX,83.25521124510604,83.51808912302141,82.93208803041732,83.27163696289062,4910010.0
2020-01-14,RTX,82.89922904783678,83.4687977770838,82.76231265800462,82.9923324584961,4987712.0
2020-01-15,RTX,83.04709916002227,83.83024868233471,82.77874383649193,83.22235107421875,4937023.0
2020-01-16,RTX,83.57833114746671,84.35053245483111,83.57833114746671,84.09313201904297,5671300.0
2020-01-17,RTX,84.50937196892876,85.17751511342317,84.16434548891266,84.55866241455078,7365492.0
2020-01-21,RTX,84.26291334272268,85.1665536677441,83.671441365449,84.59698486328125,7797382.0
2020-01-22,RTX,84.54768781725804,84.92010147996845,83.97264824403884,84.22457122802734,5546881.0
2020-01-23,RTX,84.12599081184624,84.47101721336658,83.56737695411503,84.23004913330078,6369348.0
2020-01-24,RTX,84.0109874267393,84.56960130576346,83.45785100056223,83.89598083496094,5879141.0
2020-01-27,RTX,82.6911019005439,83.22233499271591,82.15439799652944,82.71300506591797,6889427.0
2020-01-28,RTX,82.43920082556103,84.56412047860006,81.08100503245718,83.71524810791016,9083677.0
2020-01-29,RTX,84.2957479435873,84.31218029812145,82.95398478202345,83.69332122802734,6079832.0
2020-01-30,RTX,82.9375604670393,84.45457566667861,82.9375604670393,84.33956909179688,6958867.0
2020-01-31,RTX,83.90144428362784,84.10955426039692,81.94082190111654,82.25846099853516,7325131.0
2020-02-03,RTX,82.7294634644309,83.41403884774446,82.0339331753141,82.1215591430664,7450027.0
2020-02-04,RTX,82.94302845181082,83.97262997419087,82.92112528547733,83.79190063476562,6090160.0
2020-02-05,RTX,84.72292307852302,85.23224639892578,84.0109672481325,85.23224639892578,5727709.0
2020-02-06,RTX,85.63752937402207,85.84016191078486,84.98581214569194,85.54442596435547,6011664.0
2020-02-07,RTX,85.43490311945878,86.45355004892849,85.22131564588169,85.88946533203125,7886048.0
2020-02-10,RTX,86.32210029334817,86.51925536784475,84.87080125683423,85.73609924316406,6419878.0
2020-02-11,RTX,86.65069027115887,86.77117429104949,84.81602943551572,85.02413940429688,8577104.0
2020-02-12,RTX,84.96937696995138,85.31440333589497,84.09860151631804,84.98580932617188,9167100.0
2020-02-13,RTX,84.75744750687714,85.09861231537538,84.14665029458767,84.22368621826172,5420874.0
2020-02-14,RTX,84.23471671435428,84.76847815161459,83.95408386540889,84.44381713867188,6175331.0
2020-02-18,RTX,83.75048366227118,83.77249774515607,82.73799595198663,83.2442398071289,4553280.0
2020-02-19,RTX,83.39277996338598,83.62388771137985,82.61140042470632,82.91404724121094,5339993.0
2020-02-20,RTX,82.75447277286464,82.94706256491233,81.40082069725914,82.4848403930664,5380831.0
2020-02-21,RTX,82.35278726341038,83.42580674044152,81.83553650674241,83.37628173828125,6796948.0
2020-02-24,RTX,81.10369261414333,81.53289375565997,80.08569493625397,80.65797424316406,10190257.0
2020-02-25,RTX,80.83957332822649,81.17523469083675,76.18432240020405,76.38241577148438,12089748.0
2020-02-26,RTX,77.14727047929452,78.78706568446312,75.98620805813859,76.14579010009766,13401785.0
2020-02-27,RTX,74.8251487838214,75.63954282892009,72.70662089441798,72.73413848876953,16203986.0
2020-02-28,RTX,69.96080090163392,72.09583274730105,69.24545683068743,71.85921478271484,19610008.0
2020-03-02,RTX,72.35996181604615,73.8071605186925,70.57159162783718,73.77413940429688,14433840.0
2020-03-03,RTX,73.70259565766041,76.04122399956663,72.28290809785935,72.92671966552734,14444010.0
2020-03-04,RTX,73.97772379072396,76.94915635247634,73.03676903434729,76.50894165039062,9077480.0
2020-03-05,RTX,74.33541178708394,74.55551919553467,68.89878881754585,69.57561492919922,13601522.0
2020-03-06,RTX,66.94535034388154,69.95530879108644,66.03191279274874,69.5976333618164,13614711.0
2020-03-09,RTX,63.51167883895267,65.51464608108346,61.91040174641209,63.47866439819336,13778378.0
2020-03-10,RTX,65.90532616860186,66.30151941222191,62.471664732422745,65.68521881103516,14774045.0
2020-03-11,RTX,63.731795138863426,64.28756387458188,58.757387443387664,59.15908432006836,16346679.0
2020-03-12,RTX,51.79102011705701,60.02299670158003,51.06466571028224,56.40224838256836,30644501.0
2020-03-13,RTX,60.00649510252224,60.952953711102445,54.228703446725405,57.998023986816406,26649596.0
2020-03-16,RTX,52.47334980912556,54.55335303108485,49.84307809613715,50.03567123413086,19586014.0
2020-03-17,RTX,50.10720087962681,51.422338331499304,45.56750859279104,51.086673736572266,25522359.0
2020-03-18,RTX,47.234817307685326,47.27883878713997,37.97934628113619,43.691104888916016,36292760.0
2020-03-19,RTX,43.597559716644724,47.04772549705663,39.71818286380237,46.09026336669922,25171667.0
2020-03-20,RTX,46.690060895198805,48.88562158850354,40.3234829017301,45.41344451904297,22923550.0
2020-03-23,RTX,44.02676693549479,44.07078507691587,39.78421794718792,41.2424201965332,19084526.0
2020-03-24,RTX,44.07629577618295,48.12075211287664,44.02677410821664,47.741065979003906,20411023.0
2020-03-25,RTX,48.357358614263205,55.12562942867774,47.47693569152473,52.93006896972656,19096125.0
2020-03-26,RTX,53.926045223175294,57.77240755752272,53.375780102263796,57.579811096191406,23079589.0
2020-03-27,RTX,53.92605400960041,55.97854984924519,53.111659896934796,53.45832824707031,16126443.0
2020-03-30,RTX,52.869541262319174,54.88901584047732,52.115675910175064,54.195682525634766,12019832.0
2020-03-31,RTX,53.52986666574985,54.58637565597748,51.65346000257562,51.90658187866211,11616702.0
2020-04-01,RTX,49.23778837513885,50.62445841288255,48.60498372900433,50.27779006958008,19658472.0
2020-04-02,RTX,49.32032566195784,50.76202415782576,46.83312533367591,47.328365325927734,20980044.0
2020-04-03,RTX,44.593003357819825,46.604059704902646,42.01360347689178,43.65742492675781,18932300.0
2020-04-06,RTX,47.63581512613147,51.50054345063706,46.026969534406035,50.32888412475586,28777500.0
2020-04-07,RTX,54.578329340748716,56.38828013205734,50.03159505146051,50.503753662109375,27110200.0
2020-04-08,RTX,51.01963697073537,55.942355362364566,50.626171991512834,54.75320816040039,26540900.0
2020-04-09,RTX,58.58296044092265,59.544768905019836,55.53139879512602,56.58064651489258,24734300.0
2020-04-13,RTX,56.16094166906377,56.3095833746687,52.541037164669916,54.06244659423828,15181800.0
2020-04-14,RTX,55.63632110586454,57.13149389105574,54.73571519517177,56.895416259765625,16758300.0
2020-04-15,RTX,56.83421049539286,56.930392000675056,53.53782588640412,54.499637603759766,16662100.0
2020-04-16,RTX,54.61329929374691,54.84063798556733,53.599027443346465,54.604557037353516,14108100.0
2020-04-17,RTX,56.61561174245464,58.14576341116963,56.11721975148189,57.76978302001953,14111000.0
2020-04-20,RTX,56.39702495896764,58.52175035216605,55.71501549192935,56.81672668457031,10564000.0
2020-04-21,RTX,55.62757319510379,56.44074315924314,54.34224798806074,54.77943420410156,9877400.0
2020-04-22,RTX,56.239642242224605,56.74677992308774,55.17290666211014,55.478939056396484,9439900.0
2020-04-23,RTX,55.863668740334575,56.72929580628538,55.304070771342744,55.339046478271484,9320000.0
2020-04-24,RTX,55.94234903587491,56.02978828228769,54.648278208161585,55.46144485473633,8557100.0
2020-04-27,RTX,56.33581841358736,57.20144528956116,55.819938523741854,56.895416259765625,8305700.0
2020-04-28,RTX,58.16325518847891,58.836525742530156,56.66807902880579,57.17521667480469,10477000.0
2020-04-29,RTX,58.8889808090981,60.14807922124745,57.76103959336966,59.36988830566406,10327900.0
2020-04-30,RTX,58.976422233825616,58.976422233825616,56.571897867909435,56.6680793762207,12472200.0
2020-05-01,RTX,55.522649039115784,55.618830539629776,52.6547085497988,53.432899475097656,13680400.0
2020-05-04,RTX,52.4798390239728,52.488581281563114,50.33762568396871,51.45682144165039,15623300.0
2020-05-05,RTX,52.68968236769927,52.873303117147664,51.47430519591297,51.587974548339844,12776400.0
2020-05-06,RTX,51.85028495442187,51.92897860733355,50.49500834135746,50.64365005493164,8822100.0
2020-05-07,RTX,51.26446259086896,51.79783037016414,49.34958460713926,49.84797668457031,26893800.0
2020-05-08,RTX,50.46878342790769,51.36938606519069,50.145263190727206,51.299434661865234,10177300.0
2020-05-11,RTX,50.46876623602424,50.65238360400565,49.25338936872055,50.15399169921875,10652600.0
2020-05-12,RTX,50.1714956670659,51.09832839498717,49.59440994262695,49.59440994262695,10906200.0
2020-05-13,RTX,49.043553455625194,49.043553455625194,46.49912962456496,47.303550720214844,13948000.0
2020-05-14,RTX,46.46112329197706,47.5549503826997,45.10266501101323,47.51084518432617,16745200.0
2020-05-15,RTX,46.787514806340894,46.99040143533949,45.57019166733797,46.51405715942383,22048800.0
2020-05-18,RTX,49.08983601478917,51.70972247709909,48.97515980741195,51.07460021972656,19741400.0
2020-05-19,RTX,51.065784779332375,53.05054928036713,50.633549061291205,51.10988998413086,14442300.0
2020-05-20,RTX,51.7891120495575,52.10667485381817,50.88935189248924,50.986385345458984,10344800.0
2020-05-21,RTX,51.4274480104321,53.11229224950849,51.33923760912362,53.0152587890625,10309900.0
2020-05-22,RTX,53.27107300133211,53.60627857915533,52.3360306450515,52.92704772949219,6510700.0
2020-05-26,RTX,55.18527287086065,57.82280571754257,55.00884869511077,56.8701171875,15937800.0
2020-05-27,RTX,59.101872561298144,59.97516700279761,57.487595919418496,58.79313278198242,13951600.0
2020-05-28,RTX,60.672037542429095,60.672037542429095,58.34324799716157,59.34003829956055,12683200.0
2020-05-29,RTX,57.866903552026926,58.74902100474082,56.57901287866729,56.914215087890625,13950600.0
2020-06-01,RTX,57.3376394830431,58.25504252237451,56.51726991046942,56.561378479003906,11314000.0
2020-06-02,RTX,56.1908812001765,56.63193655201933,55.185267864151584,55.926246643066406,14938400.0
2020-06-03,RTX,56.896585323021796,59.74582813839264,56.84366042051479,59.516475677490234,15875900.0
2020-06-04,RTX,59.19009776040336,59.834046658241064,58.493223952888954,59.5517692565918,10135000.0
2020-06-05,RTX,62.65680806733327,65.04734580373464,62.63034561781952,63.57421112060547,14203100.0
2020-06-08,RTX,63.95352818328652,66.0970742936652,63.95352818328652,65.4178466796875,11945500.0
2020-06-09,RTX,64.08582403515699,64.08582403515699,62.19809352669306,62.22455596923828,9964900.0
2020-06-10,RTX,61.87171203744301,62.004030989469214,60.02808995728138,60.301544189453125,9765900.0
2020-06-11,RTX,56.446698749621476,57.96393851959032,55.41461955326546,55.44108200073242,13709000.0
2020-06-12,RTX,58.19330506492171,58.281515487884825,55.89097735645784,57.66403579711914,9589500.0
2020-06-15,RTX,55.57339869768915,59.772279594809596,55.07941172008351,59.14597702026367,13553100.0
2020-06-16,RTX,61.41300915235653,61.836421689637646,58.26385064499187,59.8251953125,11523900.0
2020-06-17,RTX,59.98399218494564,60.16041299936288,58.77548874311725,59.01366424560547,9294400.0
2020-06-18,RTX,58.06980185065814,59.48118863129373,57.87573490644143,58.99602127075195,6431100.0
2020-06-19,RTX,60.30155724059396,60.30155724059396,56.870120453490706,57.24060821533203,19144400.0
2020-06-22,RTX,57.17003481212253,57.70812704237892,56.39377381061588,57.3729248046875,7566100.0
2020-06-23,RTX,57.743408328307545,58.02568564730543,56.59665966426335,56.931861877441406,6935100.0
2020-06-24,RTX,56.446705089016874,56.4643478443133,53.870920020933625,54.444297790527344,9880500.0
2020-06-25,RTX,53.73859560456387,54.14437220532583,52.89176362603755,53.86209487915039,12717400.0
2020-06-26,RTX,53.82681177637594,54.179656767349975,51.99200570927023,52.13314437866211,17537900.0
2020-06-29,RTX,53.09465316481527,54.6207160949707,52.750627864926244,54.6207160949707,8908700.0
2020-06-30,RTX,53.85327995741695,54.5677964400847,52.99762815534631,54.35608673095703,10746400.0
2020-07-01,RTX,54.497217880749446,55.48519190006867,54.01205393046495,54.347259521484375,6860300.0
2020-07-02,RTX,55.28229960783144,55.97917320889506,54.35607694775261,54.506038665771484,8238300.0
2020-07-06,RTX,55.62633329321309,56.30556420292934,54.797140651865554,55.855682373046875,6128200.0
2020-07-07,RTX,55.167615825167545,55.42343064548341,53.75622614981171,53.81797409057617,8783000.0
2020-07-08,RTX,53.70330126630525,54.37370892246673,53.103461243155834,53.81797409057617,9306900.0
2020-07-09,RTX,53.509252530042026,53.70331947539536,51.21574815682359,51.25985336303711,10778900.0
2020-07-10,RTX,52.133141382519845,53.10347262320801,51.842044365821174,52.6094856262207,10458000.0
2020-07-13,RTX,53.17405706573994,53.63275870102983,51.81559828374114,52.35368728637695,7440800.0
2020-07-14,RTX,52.044926812318664,53.421031173336424,51.559762913341594,53.34164047241211,7256800.0
2020-07-15,RTX,55.00002024879488,55.767464833390655,54.73538569359435,55.520469665527344,9036900.0
2020-07-16,RTX,54.95592171952794,55.405803546473464,54.206123161300525,55.017669677734375,5684100.0
2020-07-17,RTX,55.1058822464094,55.229378160124526,54.43547105051116,54.86771011352539,10789100.0
2020-07-20,RTX,54.49722378403998,54.71775318214958,53.650391702901906,54.170841217041016,6688300.0
2020-07-21,RTX,54.691288979868865,55.99682257107081,54.54133060916182,55.61751174926758,7395200.0
2020-07-22,RTX,55.22055185643177,56.217345532161275,54.84124107801287,56.12913513183594,5758700.0
2020-07-23,RTX,56.093848903729,56.74661729877253,55.4675463204513,55.67925262451172,6043300.0
2020-07-24,RTX,55.75864609093841,56.4290572720207,54.50604086235438,54.75303268432617,6058900.0
2020-07-27,RTX,54.382540588711095,54.55896138167464,53.500423163849675,53.888553619384766,10194300.0
2020-07-28,RTX,54.46193436644714,54.532502014614586,52.70651911125808,53.809165954589844,13111800.0
2020-07-29,RTX,53.544533460581285,53.80034834575232,52.09786128445871,52.39778137207031,11162500.0
2020-07-30,RTX,51.70972618279108,51.736191995627635,50.5188689204922,50.68647003173828,12292100.0
2020-07-31,RTX,50.59826089108496,50.61590364507902,49.49561400404079,49.99842071533203,11437200.0
2020-08-03,RTX,49.813175925855724,50.73939862086313,49.160407500177335,50.73057556152344,8789300.0
2020-08-04,RTX,50.915822792533874,51.08342390486492,50.38655027752165,50.73057556152344,7844600.0
2020-08-05,RTX,51.03049394380073,52.971153037504266,50.8981783432141,52.95351028442383,10115900.0
2020-08-06,RTX,52.48599158014041,53.28871837558916,52.30956740602844,52.812374114990234,5786700.0
2020-08-07,RTX,52.81237409780196,54.06498270507911,52.35367259126463,54.012054443359375,6263100.0
2020-08-10,RTX,54.25022541931675,56.84365298321318,54.126729509609525,56.658409118652344,10042600.0
2020-08-11,RTX,57.50524894658455,58.35208104159348,56.52609786453789,56.684879302978516,12120800.0
2020-08-12,RTX,57.45231741863693,57.46114047912842,55.908614968777854,56.711341857910156,7327000.0
2020-08-13,RTX,56.04038377851613,56.91129321799729,55.67602367230403,56.253665924072266,9452000.0
2020-08-14,RTX,55.80932238465076,57.089025387322614,55.622699665730416,56.555816650390625,5124400.0
2020-08-17,RTX,56.50250012811958,56.76910450752005,55.70268359985954,55.78266525268555,6408400.0
2020-08-18,RTX,55.738226777548654,56.13813161591222,55.125033030615676,55.18724060058594,4727700.0
2020-08-19,RTX,55.1161468508333,55.90707456278037,54.65403105945853,54.778446197509766,5381200.0
2020-08-20,RTX,54.20969482235076,54.58294027422734,53.623163833645705,54.200809478759766,4689200.0
2020-08-21,RTX,53.916418734179096,54.45851613533996,53.52539926959886,53.56094741821289,7067400.0
2020-08-24,RTX,53.6764861581724,55.133926593834616,53.43654120009748,54.991737365722656,6379800.0
2020-08-25,RTX,54.529616576079306,54.56516472739452,53.00107997010823,54.16525650024414,12678800.0
2020-08-26,RTX,53.889764999657125,54.138595286074896,53.31212277903611,54.00529479980469,8659600.0
2020-08-27,RTX,53.9964081830476,55.06282906529907,53.65871089254715,54.120826721191406,8749800.0
2020-08-28,RTX,54.31633283752087,55.56937639693325,53.880879834849175,55.31166076660156,18550100.0
2020-08-31,RTX,55.26722606124316,56.493610249705355,54.13859760092731,54.209693908691406,10885700.0
2020-09-01,RTX,53.93419738511479,54.52072832678472,53.42764808958432,53.92531204223633,9308800.0
2020-09-02,RTX,54.209693724109286,55.23168110935771,53.99640819160179,55.0983772277832,7511900.0
2020-09-03,RTX,55.267224832168374,56.16479705240712,53.69425465348351,54.08527755737305,8515700.0
2020-09-04,RTX,54.64514153036992,55.28499124705105,53.267679604466736,54.36075973510742,6785900.0
2020-09-08,RTX,53.65870461529165,53.84532731558753,52.27235729154052,52.65449142456055,10523800.0
2020-09-09,RTX,53.11661017058774,53.596500046815784,52.33456778600037,52.94776153564453,7560700.0
2020-09-10,RTX,53.58761943736359,54.814003732504084,52.77003216730916,52.894447326660156,8670400.0
2020-09-11,RTX,52.87667131223193,54.120829640307925,52.7878043131088,53.898658752441406,9780900.0
2020-09-14,RTX,54.45851876588802,55.30276869093249,54.28078479434873,55.071712493896484,6548600.0
2020-09-15,RTX,54.86731574538755,55.48939142624078,54.174140373773916,54.6007080078125,7069300.0
2020-09-16,RTX,54.42296968510073,56.6357893216414,54.129702553237934,55.91595458984375,8873300.0
2020-09-17,RTX,55.302772556154714,56.884631455867726,54.707356251755186,55.81821060180664,6062800.0
2020-09-18,RTX,55.60492000192646,56.28032128357109,55.187237719595124,55.40940856933594,16814200.0
2020-09-21,RTX,54.72513463730586,55.604929453390305,52.99220103675999,53.33878707885742,8845200.0
2020-09-22,RTX,53.26768463840267,54.01417887012465,52.37011584778922,53.13438415527344,5883200.0
2020-09-23,RTX,53.16104285390406,54.103048516194235,51.81024362479407,51.83690643310547,7280000.0
2020-09-24,RTX,51.588080703480365,51.8280256748525,50.3172629236532,50.9926643371582,7737300.0
2020-09-25,RTX,50.53942219611535,51.312579167226836,50.068421095827084,51.09040832519531,11955200.0
2020-09-28,RTX,51.62362570191227,52.938876901890204,51.62362570191227,52.334571838378906,5457500.0
2020-09-29,RTX,52.14794348042743,52.245699199268486,51.09041142854139,51.18816375732422,6362100.0
2020-09-30,RTX,51.19705330297323,52.085736739192015,50.74382285206902,51.13484573364258,7708400.0
2020-10-01,RTX,51.38367397276363,51.94354546458974,50.73493549686399,51.06374740600586,6525600.0
2020-10-02,RTX,50.228390846921116,52.77002614974672,50.219502113661754,52.73447799682617,8381200.0
2020-10-05,RTX,53.187707802500206,53.614278879253746,52.58340273216776,52.885555267333984,6077800.0
2020-10-06,RTX,53.15216018567414,53.83644687242172,51.92577603344743,51.94355010986328,7187200.0
2020-10-07,RTX,52.70782346856181,53.267691673754385,52.38789684270391,53.0455207824707,4925800.0
2020-10-08,RTX,53.16104630229679,54.07638921565103,53.03663115563409,54.03195571899414,4483000.0
2020-10-09,RTX,54.405196629919445,54.50295234237056,53.22324612854943,53.24102020263672,3996200.0
2020-10-12,RTX,53.178809551734936,53.925303669782956,52.92997930907153,53.79199981689453,5378900.0
2020-10-13,RTX,53.09884414417376,53.409882042551246,52.01464908687139,52.894447326660156,8836700.0
2020-10-14,RTX,52.68115776601418,53.62316351379497,52.61895019107247,53.2676887512207,5971800.0
2020-10-15,RTX,52.76113796018384,53.765351255157704,52.36122971085279,53.756465911865234,6166000.0
2020-10-16,RTX,54.20970036433294,55.13393213497833,53.88977372141269,54.87621307373047,8287700.0
2020-10-19,RTX,54.742911108900216,55.69380233668037,54.20970227857718,54.61849594116211,7373300.0
2020-10-20,RTX,55.08060131993522,55.373868493627036,54.24524007467155,54.422977447509766,5960800.0
2020-10-21,RTX,53.69425331718232,54.29855834446444,53.48985652708078,53.63204574584961,5647200.0
2020-10-22,RTX,53.52540606468119,55.96040031293779,53.516520721428705,55.809322357177734,6990100.0
2020-10-23,RTX,56.04926497371451,56.689118143143,55.47161937464064,55.604923248291016,5864600.0
2020-10-26,RTX,54.78733822690651,54.8762052194166,53.214368051057114,54.04084396362305,7596800.0
2020-10-27,RTX,53.11660599625295,53.14326541281773,50.15728871547221,50.23727035522461,14785900.0
2020-10-28,RTX,49.055330128575044,49.828483828307746,46.433713112172725,46.513694763183594,19787500.0
2020-10-29,RTX,46.655879235326196,47.5267885742453,46.140441227974655,47.22463607788086,14994500.0
2020-10-30,RTX,47.206867820561975,48.38881853408162,47.02913043784476,48.27328872680664,14571800.0
2020-11-02,RTX,49.23306007677013,49.766268742993276,47.90892036323281,49.544097900390625,9750800.0
2020-11-03,RTX,50.21950521599491,51.10818875355677,50.068430641837544,50.69050979614258,7740500.0
2020-11-04,RTX,50.97488501052225,52.06796528530134,49.890690078927086,50.4949951171875,8662000.0
2020-11-05,RTX,50.7527073045036,52.27235503866032,50.539421806173436,51.79246520996094,7446700.0
2020-11-06,RTX,51.214829638631414,52.29902117342442,50.868243625620465,52.04130554199219,7849800.0
2020-11-09,RTX,57.87107213505238,58.999697200198405,55.533833573800166,57.75553894042969,19021200.0
2020-11-10,RTX,58.741981160537215,60.563785145790675,58.430943274793734,60.332725524902344,14358600.0
2020-11-11,RTX,60.119434968181935,60.163865071296215,57.871066991082444,58.51980209350586,10124700.0
2020-11-12,RTX,57.18155950938947,57.861864589588954,56.63552341642842,57.280025482177734,8345100.0
2020-11-13,RTX,57.98719431079393,59.4373242246601,57.75445589339779,59.213539123535156,6824200.0
2020-11-16,RTX,60.475678761914864,61.80048946077325,60.108674776359386,61.4603385925293,12885000.0
2020-11-17,RTX,60.43988551086804,62.319686085201184,60.29666657751118,61.64833068847656,11134200.0
2020-11-18,RTX,62.36443321447187,63.84141631579078,62.06008874102826,62.221214294433594,13392600.0
2020-11-19,RTX,61.451401224575136,63.760865524011656,61.04858387222846,63.653446197509766,8929000.0
2020-11-20,RTX,63.37594271064181,63.6623873639249,62.34652989030659,62.44499588012695,5833800.0
2020-11-23,RTX,63.39383238008758,65.2020126843901,62.96416205415631,65.02298736572266,7208800.0
2020-11-24,RTX,66.32093040547025,67.42195579439942,66.06134577193947,66.5626220703125,10570500.0
2020-11-25,RTX,65.83756570190835,66.41045489452345,65.25572319489609,66.07029724121094,5374200.0
2020-11-27,RTX,66.03450225090101,66.59844505617794,65.69435136804852,66.15982818603516,5103400.0
2020-11-30,RTX,65.42582404632005,65.83759473765332,63.87723461217091,64.1994857788086,10730800.0
2020-12-01,RTX,65.09461786800662,65.2915498695436,63.742953808768235,63.760860443115234,6544600.0
2020-12-02,RTX,63.725052723510345,64.76341212523474,63.27748248514745,64.39640808105469,5401600.0
2020-12-03,RTX,64.54856964920783,66.58948850595274,64.36954431521849,65.6048355102539,6893900.0
2020-12-04,RTX,65.68539805210055,66.83118346517126,65.68539805210055,66.15982818603516,9297900.0
2020-12-07,RTX,65.6854022069485,66.01660662418203,64.94244084137085,65.38105773925781,4913800.0
2020-12-08,RTX,65.51532728230787,66.69691232308155,65.15726976068994,66.67005920410156,4364900.0
2020-12-09,RTX,66.66110941941601,66.97440720641173,65.595890114251,65.82862854003906,5329300.0
2020-12-10,RTX,65.3183858575384,66.0076408527343,64.85290909793906,65.32733917236328,7497900.0
2020-12-11,RTX,65.04093235812343,65.8644602367378,64.772387392349,65.24681091308594,7185900.0
2020-12-14,RTX,65.70330191939476,66.08821253641206,63.29537223414388,63.375938415527344,10849300.0
2020-12-15,RTX,64.0025498168634,64.27109471567934,62.7493516713564,63.59078598022461,7769000.0
2020-12-16,RTX,63.689223056816125,63.71607616862352,63.06262085400828,63.170040130615234,5621100.0
2020-12-17,RTX,63.904070888608764,63.993583560322186,63.11634981639991,63.23271560668945,5769900.0
2020-12-18,RTX,63.17007698300867,63.34015589617994,62.48976815970495,62.81201934814453,16809800.0
2020-12-21,RTX,61.48721075829222,62.874674607788165,60.67262952413568,62.364444732666016,8351700.0
2020-12-22,RTX,62.20331142199418,62.758300990474815,61.737841367002055,61.98847961425781,4028200.0
2020-12-23,RTX,62.47185561894545,63.921985671376085,62.29282342331082,63.30433654785156,4312900.0
2020-12-24,RTX,63.510223290292885,63.510223290292885,62.56137643294115,62.901527404785156,1758600.0
2020-12-28,RTX,63.2864297025197,63.96673838490233,62.96417858083214,63.22377014160156,2938000.0
2020-12-29,RTX,63.55497600547703,63.64448869031295,62.36443749195701,62.96417999267578,3670100.0
2020-12-30,RTX,63.107402624186676,64.12786220537633,62.96417687204369,63.87722396850586,5015500.0
2020-12-31,RTX,63.868264130644555,64.18156189474466,63.50126012966415,64.01148986816406,4177000.0
2021-01-04,RTX,63.89512089556522,64.05624644478054,61.14704007183349,61.254459381103516,7660500.0
2021-01-05,RTX,61.54984741203702,62.55240015234291,61.22759636568774,62.1406364440918,6436800.0
2021-01-06,RTX,61.31711272788854,63.99358040772653,61.27235297954734,62.91046142578125,8753800.0
2021-01-07,RTX,62.97312033576136,63.43859712801515,62.38233127405916,62.462890625,8771400.0
2021-01-08,RTX,62.62403188443179,62.7314512087102,61.49615288233983,62.53451919555664,5158100.0
2021-01-11,RTX,61.57669942271229,62.52554591472626,61.335007727598175,62.48079299926758,4569000.0
2021-01-12,RTX,62.38234482139813,64.19947897838983,62.27492550077048,64.02044677734375,5356200.0
2021-01-13,RTX,63.82351018951179,63.95777577956633,62.471846338138164,63.10739517211914,7032600.0
2021-01-14,RTX,63.55498035758995,64.7813253948979,63.15216983355463,63.50127410888672,9712500.0
2021-01-15,RTX,62.93732442722872,62.955231061128906,61.71993283844942,61.94371795654297,6980800.0
2021-01-19,RTX,62.4628942690983,62.704585994778526,61.89895829147624,62.086936950683594,7381800.0
2021-01-20,RTX,62.18541046559644,62.23911670919118,61.41558910363225,61.62146759033203,4657700.0
2021-01-21,RTX,61.16494191896044,61.496139478548194,60.735271544878785,60.96800994873047,7366800.0
2021-01-22,RTX,60.61890277602178,60.9680069499387,60.081819956871016,60.49358367919922,4558100.0
2021-01-25,RTX,59.11507847405536,59.54474208258526,58.20203135451447,59.32991027832031,10514000.0
2021-01-26,RTX,61.94372741564256,63.49232367425502,60.14449970857333,60.153446197509766,13322200.0
2021-01-27,RTX,59.57159492290909,60.654713961404646,58.407909699068725,58.63169479370117,12377000.0
2021-01-28,RTX,59.473139217478725,62.02428837149158,59.267253889893695,61.021728515625,8753200.0
2021-01-29,RTX,60.07287413713334,60.4756845944123,59.177733717065045,59.732723236083984,15649100.0
2021-02-01,RTX,60.51148407475314,60.51148407475314,59.195626715814036,59.938594818115234,5994000.0
2021-02-02,RTX,60.574147006334464,63.03578301601098,60.46673453307843,62.7851448059082,8710600.0
2021-02-03,RTX,62.445001199875705,63.48336059546852,62.09589696236452,63.17901611328125,8370000.0
2021-02-04,RTX,63.61763072005378,65.17517317152834,63.31328624892708,65.05880737304688,9024300.0
2021-02-05,RTX,65.6585310088945,66.13295421283523,64.45009312860861,64.74549102783203,7952700.0
2021-02-08,RTX,64.70075422474739,65.05881179049858,64.28003709719322,64.88873291015625,4964300.0
2021-02-09,RTX,64.67389598097833,65.64959577027086,64.06520021621746,65.38105773925781,6263000.0
2021-02-10,RTX,65.13042592000512,65.47057685784053,64.57543634096616,64.87083435058594,3930200.0
2021-02-11,RTX,64.87081010700967,65.51531213099618,63.7071251382143,64.74549102783203,4535800.0
2021-02-12,RTX,64.5306778825573,65.1841334779588,64.2889929430627,64.99615478515625,4207500.0
2021-02-16,RTX,65.20203328372938,65.56904418113933,64.48592495344069,64.99615478515625,6110200.0
2021-02-17,RTX,64.70970873567538,65.5332363715288,64.52173004679885,65.39896392822266,5186900.0
2021-02-18,RTX,64.87081950964931,65.39000252971067,64.46800227158298,65.23782348632812,4903800.0
2021-02-19,RTX,65.68539379578766,66.51787456114813,65.43475560051847,66.4731216430664,6275900.0
2021-02-22,RTX,64.67390520278721,66.47313963345808,64.6470520787949,65.34526062011719,10506900.0
2021-02-23,RTX,65.7122690000537,66.24935194739344,64.92454096986721,66.2314453125,11686700.0
2021-02-24,RTX,66.41046618167175,69.97312102692102,65.81071694393162,69.52555084228516,11159300.0
2021-02-25,RTX,69.04372278004497,69.45802029831006,65.7023105334009,66.03555297851562,9483300.0
2021-02-26,RTX,66.58494494823186,66.58494494823186,64.83768463134766,64.83768463134766,8000700.0
2021-03-01,RTX,66.20664891593195,67.85482984514718,65.83737986787484,66.97219848632812,10910500.0
2021-03-02,RTX,66.92717747845474,67.92689770844956,66.82810560907495,67.25141143798828,5792300.0
2021-03-03,RTX,67.36849941635371,68.80052699644713,67.23340078939734,67.6116714477539,5960700.0
2021-03-04,RTX,67.56664810697775,68.86358415850285,65.51317060633154,67.02626037597656,8284200.0
2021-03-05,RTX,67.75578193355004,68.06199909027438,65.83739645013455,67.71074676513672,6661900.0
2021-03-08,RTX,68.54835431689347,69.65614806624926,68.03498497346952,68.09803009033203,7232100.0
2021-03-09,RTX,68.48530683740375,69.07973122282897,67.32346954838839,67.39552307128906,6558300.0
2021-03-10,RTX,67.90888764607334,69.48502227439745,67.53961852059318,68.9536361694336,6776600.0
2021-03-11,RTX,68.96265942603993,70.32264066501719,68.62941698773598,69.39497375488281,6314900.0
2021-03-12,RTX,70.25057606692258,71.03414265829684,69.96236885022206,70.71891021728516,6075900.0
2021-03-15,RTX,70.95308346086524,72.10591237206756,70.56580435431425,71.66459655761719,7848900.0
2021-03-16,RTX,71.54752589565749,71.75467122252387,70.2595981423719,70.46674346923828,5941500.0
2021-03-17,RTX,70.66487435293313,71.9077667013664,70.52977571537681,71.65558624267578,6685900.0
2021-03-18,RTX,71.34937747817759,71.9798286991333,70.14250487768717,70.19654846191406,6093500.0
2021-03-19,RTX,70.25057984761072,70.74593924894332,68.55736321729627,70.57481384277344,15023800.0
2021-03-22,RTX,70.57480601502486,70.73692299462515,68.98065457038854,69.27787017822266,7457100.0
2021-03-23,RTX,68.69245021964917,69.5030351512753,67.55763818677455,67.71074676513672,8285400.0
2021-03-24,RTX,68.65643229120717,70.09746839335943,68.04399108886719,68.04399108886719,7722600.0
2021-03-25,RTX,67.63869458474817,69.95336073618641,67.2153887303206,69.8272705078125,6359100.0
2021-03-26,RTX,69.71921377060134,70.48476373208443,68.96266534801067,70.40370178222656,6193900.0
2021-03-29,RTX,70.52977787560462,71.14221909606957,69.82727318447769,69.96237182617188,7136700.0
2021-03-30,RTX,69.90832066671233,70.65585350294023,69.58408674223237,70.08844757080078,5540000.0
2021-03-31,RTX,70.10647083420785,70.44872163697136,69.39496461787816,69.59310150146484,6003300.0
2021-04-01,RTX,69.89934278097854,70.07046822456354,69.28690141969975,69.60212707519531,6166200.0
2021-04-05,RTX,70.12448235021391,70.65586158806099,69.83627514785239,70.16951751708984,5637900.0
2021-04-06,RTX,69.88130415509713,70.33162834283634,69.5300518383727,69.80925750732422,8489200.0
2021-04-07,RTX,69.79123270575153,70.34963710835562,69.39495213843988,69.89030456542969,5334700.0
2021-04-08,RTX,69.46699419084834,69.85427319727128,68.89057988427471,69.7822265625,5043000.0
2021-04-09,RTX,70.73693428161175,71.04315147449445,69.93535766329788,70.51177215576172,5423400.0
2021-04-12,RTX,70.47574197605192,70.9891113232578,70.3676616871761,70.8990478515625,5485800.0
2021-04-13,RTX,70.25057446299174,70.3226279833723,69.11575556690472,69.98037719726562,5490700.0
2021-04-14,RTX,70.25057296303433,70.87202253809436,70.04342081421375,70.21454620361328,4855200.0
2021-04-15,RTX,70.39468956058825,70.50276298212643,69.33192406324581,70.22356414794922,5106500.0
2021-04-16,RTX,70.78197369903373,70.78197369903373,69.39498083282861,70.44873809814453,7629700.0
2021-04-19,RTX,70.35865294354488,70.90804899743779,70.01640216619417,70.78195190429688,6265600.0
2021-04-20,RTX,70.07045093221267,70.16952280969093,68.51232611756538,69.43098449707031,8692700.0
2021-04-21,RTX,69.1787937401509,71.09717901729135,68.80953151019412,71.03413391113281,5186900.0
2021-04-22,RTX,71.14220766945316,71.97080933210258,70.74592708790908,70.91704559326172,6706800.0
2021-04-23,RTX,70.98009103909634,72.73635936462702,70.98009103909634,72.53821563720703,7139200.0
2021-04-26,RTX,72.95252990722656,73.91622354595974,72.77240295231307,72.95252990722656,12145600.0
2021-04-27,RTX,74.53766670823214,75.37527003105032,72.84444324583713,74.58269500732422,11082400.0
2021-04-28,RTX,73.38483819341899,74.86190109091842,73.38483819341899,74.82587432861328,7164200.0
2021-04-29,RTX,75.2581767208045,75.47433728023773,74.31250004104106,74.63673400878906,6237000.0
2021-04-30,RTX,74.34852798124403,75.12308615300473,74.16839417885669,74.969970703125,5616000.0
2021-05-03,RTX,75.4743385677795,76.05975452987622,75.00599755241977,75.78055572509766,5828800.0
2021-05-04,RTX,75.76255034601822,76.18584934698347,74.88892024711518,75.60043334960938,9306900.0
2021-05-05,RTX,75.32122122209098,76.25789635783495,75.2401661665121,75.77154541015625,4658200.0
2021-05-06,RTX,76.38399619760884,76.4650581347953,75.23116723044363,76.26691436767578,4903900.0
2021-05-07,RTX,76.38397997662129,77.39270854437743,75.78054726592306,77.19456481933594,6056000.0
2021-05-10,RTX,78.23032055992535,78.39243754675286,76.49206887337562,76.59114074707031,9042600.0
2021-05-11,RTX,75.8706211133586,76.73524277354647,75.06904456782809,75.9516830444336,6708100.0
2021-05-12,RTX,75.86161512155222,76.42902112014755,74.05130997641226,74.1053466796875,6086800.0
2021-05-13,RTX,74.1233659347009,75.90664591549535,73.9792588926882,75.4563217163086,4701200.0
2021-05-14,RTX,76.05975920330616,77.51881217271291,75.97870414070698,77.34768676757812,4989200.0
2021-05-17,RTX,76.60917295493499,77.96915435791016,76.60917295493499,77.96915435791016,5059800.0
2021-05-18,RTX,77.6359009080349,78.32039571809518,76.87035102816114,76.89736938476562,7438300.0
2021-05-19,RTX,76.41101265934745,76.79829177510143,75.2762005380797,76.74425506591797,9296500.0
2021-05-20,RTX,76.78049206210432,77.52347036805843,76.19154424222906,77.22447204589844,10059900.0
2021-05-21,RTX,77.7862284267997,78.91881767853754,77.51441115404833,77.74998474121094,5803800.0
2021-05-24,RTX,78.36611903090305,78.78291107504982,77.9221459488649,78.35706329345703,5113300.0
2021-05-25,RTX,78.49296447371728,79.08191227812993,77.91307931906441,78.15772247314453,7606300.0
2021-05-26,RTX,78.22116022716772,78.58359023739888,77.92215495026869,78.37519073486328,4826200.0
2021-05-27,RTX,80.18734175743847,80.46822175941506,79.47154431786694,80.2870101928711,10492200.0
2021-05-28,RTX,80.09672167171382,80.48633269171289,79.77053537995754,80.37760162353516,4850300.0
2021-06-01,RTX,81.37428024286693,81.4830113128562,80.49538977059048,80.63130187988281,4302200.0
2021-06-02,RTX,80.86686620048995,80.86686620048995,80.14200637139771,80.30509948730469,4429100.0
2021-06-03,RTX,79.83395005000942,80.61317199183425,79.63461323985292,80.35041046142578,4083200.0
2021-06-04,RTX,80.32323576944277,80.85781460910204,80.23263000660961,80.65847778320312,4082800.0
2021-06-07,RTX,80.6131820678711,80.77627521358673,80.16920897061402,80.6131820678711,5693900.0
2021-06-08,RTX,80.82157021224684,81.34709330995523,80.4229034767237,81.04808807373047,4777000.0
2021-06-09,RTX,80.96655399094249,81.15682818627451,80.47727452604128,80.50445556640625,4594500.0
2021-06-10,RTX,81.36521359056857,81.52830671728655,79.87925706392751,79.96080017089844,4826300.0
2021-06-11,RTX,80.36853989421049,80.61318307222035,79.88832310161399,80.46820831298828,4082700.0
2021-06-14,RTX,80.38665771484375,80.81251238948734,79.96080304020016,80.38665771484375,5924900.0
2021-06-15,RTX,80.59504845039969,81.36521467239338,80.45914327030782,81.0027847290039,5336700.0
2021-06-16,RTX,80.84876131733205,81.02997284847979,79.68898401454541,80.1239013671875,8033800.0
2021-06-17,RTX,80.16920107428321,80.39571892586736,78.21208351846357,78.94599914550781,7480500.0
2021-06-18,RTX,77.83153676449474,78.58357770606409,77.57783787162228,77.84965515136719,10387200.0
2021-06-21,RTX,78.60170171477579,79.86114053216906,78.39330223056723,79.73429107666016,5097400.0
2021-06-22,RTX,79.44434005227949,79.78864469318272,78.70136178617955,79.17251586914062,4150100.0
2021-06-23,RTX,79.20876043993349,79.38091621869779,78.43860112946481,78.46578216552734,3524500.0
2021-06-24,RTX,78.99130410711722,78.99130410711722,78.15772008685155,78.69229888916016,5335200.0
2021-06-25,RTX,78.8553885737219,79.1906374622007,78.53826498341806,78.57450866699219,6611000.0
2021-06-28,RTX,78.27552369690639,78.28458634833665,76.7986295015454,77.11575317382812,5738300.0
2021-06-29,RTX,77.36036164601947,77.80434154036399,76.41804670662462,76.50865936279297,6496800.0
2021-06-30,RTX,76.41806090293036,77.62313756097717,76.23684938247995,77.29695129394531,4744500.0
2021-07-01,RTX,77.3966304703291,78.14867151908658,77.26071835469695,78.12149047851562,3903900.0
2021-07-02,RTX,78.37518494902561,78.82822070017605,77.76811870155049,78.556396484375,4185400.0
2021-07-06,RTX,78.05807059055056,78.36613161984285,76.95266212021413,77.69564056396484,4140000.0
2021-07-07,RTX,77.17010929382113,77.95839400067862,76.85298564604297,77.76811981201172,4127200.0
2021-07-08,RTX,76.65365306517423,77.72281778906502,76.12812989807357,77.41475677490234,4665500.0
2021-07-09,RTX,78.37517239667659,78.60169023597334,77.94025510360545,78.26644134521484,4556200.0
2021-07-12,RTX,77.52347993484514,78.28458363471873,77.03420046623583,78.12149047851562,5464400.0
2021-07-13,RTX,78.07617543765804,78.13960016285024,77.25165401015936,77.31507873535156,4595000.0
2021-07-14,RTX,77.17916842185394,77.82247833877757,76.52679585461401,76.93453216552734,3665400.0
2021-07-15,RTX,76.19153781770642,77.49628279630211,76.05563264308263,76.9979476928711,3460800.0
2021-07-16,RTX,77.57784371060347,77.69563051608064,75.4757581235891,75.68415069580078,4023800.0
2021-07-19,RTX,74.11664154675685,74.26160937271312,72.23201141989324,73.43708801269531,9221300.0
2021-07-20,RTX,73.66361167912214,77.13386008027867,73.4099058662899,76.8348617553711,7935000.0
2021-07-21,RTX,77.26070413573702,78.79196699201131,77.06137423730861,78.44766235351562,5398300.0
2021-07-22,RTX,78.16677016364633,78.37516961001099,77.18821838638688,77.75904083251953,4124300.0
2021-07-23,RTX,78.5835756841999,78.5835756841999,77.56877322604336,77.74998474121094,2607600.0
2021-07-26,RTX,77.67750116112427,78.10334889593182,77.39661433729368,77.8768310546875,3759800.0
2021-07-27,RTX,79.37186505686101,81.05715866441874,79.19971616595717,79.93363189697266,8429700.0
2021-07-28,RTX,80.7490924190409,80.7490924190409,78.78291206267058,79.00942993164062,5517100.0
2021-07-29,RTX,80.30511385465987,80.32323915565658,79.27219290670813,79.41716766357422,4135400.0
2021-07-30,RTX,79.16346082087252,79.51682811436051,78.52015095547704,78.78290557861328,4443600.0
2021-08-02,RTX,78.9550703067078,80.40478333057389,78.38424774777906,78.474853515625,4049200.0
2021-08-03,RTX,78.547329661326,79.7342809497395,77.31507203908068,79.70709991455078,4629200.0
2021-08-04,RTX,78.71041848884957,79.18157253621334,77.60501036634058,77.75904083251953,5286000.0
2021-08-05,RTX,78.29362707340508,79.21781678991802,78.09429027443007,78.71947479248047,3604600.0
2021-08-06,RTX,79.235935550217,79.71615916492026,78.98223668223834,79.35372924804688,3020200.0
2021-08-09,RTX,78.8825781300427,79.21782705473908,78.40236136816449,78.90070343017578,3265600.0
2021-08-10,RTX,79.00037560674956,79.788653380684,78.8282198111653,79.41716766357422,2909100.0
2021-08-11,RTX,79.56212848093384,80.33229471140619,79.21782383295036,80.29605102539062,3724800.0
2021-08-12,RTX,80.09671962437801,80.33230014301968,79.17252285043277,79.71617126464844,2816500.0
2021-08-13,RTX,79.82490032286127,79.86114401355476,78.9550724845489,79.05474090576172,3051300.0
2021-08-16,RTX,78.57450693683124,79.06378628514459,77.53252352354035,78.9550552368164,3895900.0
2021-08-17,RTX,78.28457932931542,78.98225134578388,77.60502570130535,78.474853515625,3999200.0
2021-08-18,RTX,77.96744920739675,78.75572692621566,77.38756404603114,77.45098876953125,4256200.0
2021-08-19,RTX,76.86760959429456,77.33247450352623,75.62795592781012,75.97432708740234,5707000.0
2021-08-20,RTX,75.91963933193617,77.00433803721428,75.65530069979836,76.61238861083984,4502400.0
2021-08-23,RTX,77.0954852326445,78.00699485150972,77.0316798374946,77.44185638427734,3367700.0
2021-08-24,RTX,77.57860216682866,78.46276781437436,77.4783355292141,77.87028503417969,4751800.0
2021-08-25,RTX,78.04345591995695,78.79089352781135,77.47831745381671,78.14372253417969,3195200.0
2021-08-26,RTX,78.0799274149533,78.20753822180087,77.04079991677429,77.25956726074219,2596000.0
2021-08-27,RTX,77.64242322731765,78.51747200575649,77.61507903959605,77.84295654296875,3590400.0
2021-08-30,RTX,77.92496512405162,77.95230930335782,77.20487160049655,77.29602813720703,2936800.0
2021-08-31,RTX,77.15930063332375,77.8611600709854,76.87672788593207,77.25956726074219,3969600.0
2021-09-01,RTX,77.60594528765695,77.60594528765695,76.4939021978813,76.65797424316406,4109000.0
2021-09-02,RTX,76.74914211514866,77.432774640952,76.68533669091113,77.0590591430664,3471600.0
2021-09-03,RTX,76.91320105135071,77.14107852099661,76.11107486173375,76.247802734375,3300100.0
2021-09-07,RTX,75.9834556609395,76.24779433110822,75.07194588281332,75.65531158447266,5701400.0
2021-09-08,RTX,75.50036585729033,76.09284867664063,74.92611017586175,75.53682708740234,3911400.0
2021-09-09,RTX,75.59150702607167,76.88584925650501,75.4092078501087,76.25691223144531,4521200.0
2021-09-10,RTX,76.73089340083226,76.98611502602475,75.47301241055452,75.65531158447266,3893400.0
2021-09-13,RTX,76.36629643443567,76.77648005192637,75.43655941914,76.23868560791016,4768000.0
2021-09-14,RTX,76.38451710212875,76.42097137107068,74.98079130277839,75.4183120727539,5253300.0
2021-09-15,RTX,75.81938658253151,77.533022528769,75.50035953858675,77.3598403930664,5673400.0
2021-09-16,RTX,77.42364681506515,77.5968289530341,76.4574416709865,76.58505249023438,5907500.0
2021-09-17,RTX,76.19309475699093,76.57593412765002,75.08105873141497,76.01079559326172,23128700.0
2021-09-20,RTX,74.65264720463331,76.20221094164957,74.30626906148181,76.06548309326172,8217100.0
2021-09-21,RTX,76.2751373750204,76.70354807703782,75.35451056563835,75.75557708740234,5900300.0
2021-09-22,RTX,76.53948290077972,78.3533855475862,76.21133879979476,77.72444152832031,6233700.0
2021-09-23,RTX,78.0070063273962,79.30134850757611,77.94320092285965,79.07347106933594,5906800.0
2021-09-24,RTX,78.9093949881736,79.91205427414792,78.71797878438218,79.44718933105469,4665900.0
2021-09-27,RTX,79.96675466638337,80.64126994463942,79.5109997843219,79.61125946044922,4162100.0
2021-09-28,RTX,79.39251210291359,79.96676779935251,78.8182633607434,79.155517578125,5781200.0
2021-09-29,RTX,79.45630837189587,80.0487911385278,79.01878755801884,79.292236328125,3612600.0
2021-09-30,RTX,79.74798711887789,79.75710416369152,78.26222871056488,78.35337829589844,5642900.0
2021-10-01,RTX,79.11905700194927,80.14906061902185,78.5174571686775,79.73888397216797,5499500.0
2021-10-04,RTX,79.3013765623336,80.21288663776272,78.7818160975098,79.9303207397461,5490600.0
2021-10-05,RTX,80.21286767197182,81.57101541604075,79.96676306967451,80.86915588378906,4820500.0
2021-10-06,RTX,80.39516811135229,81.48898413279854,79.71153570579906,81.3704833984375,4354100.0
2021-10-07,RTX,81.93562814849537,82.610143558532,81.80801731292814,82.17262268066406,3750900.0
2021-10-08,RTX,82.30934555678805,82.7924446840917,81.79889529129579,82.60102844238281,3342700.0
2021-10-11,RTX,82.6921549444992,83.2937476855226,81.89002201744583,81.93560028076172,3048000.0
2021-10-12,RTX,81.68040351966224,82.54633515169378,81.27022684223017,81.78067016601562,3404100.0
2021-10-13,RTX,81.8626954342698,82.0358845269703,80.50454773762947,81.74420166015625,3285500.0
2021-10-14,RTX,82.3275805115319,82.46430839838281,81.2246542783345,81.27934265136719,4225300.0
2021-10-15,RTX,81.89915831422812,83.21173471850679,81.73508626369329,82.87447357177734,4581600.0
2021-10-18,RTX,82.12703749334572,83.05678145057601,81.41606091091573,82.76509857177734,3898700.0
2021-10-19,RTX,82.92917361183807,83.39403865292358,82.44606752412648,83.15705108642578,4195100.0
2021-10-20,RTX,82.66483734581234,83.77688056729396,82.10881573507154,83.56723022460938,3916600.0
2021-10-21,RTX,83.24818871719226,83.55809870002825,82.56455639171186,83.50341033935547,4274900.0
2021-10-22,RTX,83.55809601961647,84.15057874021377,83.1114581951583,83.73128509521484,4160800.0
2021-10-25,RTX,83.55810992135412,83.84068271606908,82.67394421564543,83.22085571289062,5953900.0
2021-10-26,RTX,80.47720185826802,83.1205816947994,79.30135337033367,81.27021789550781,9122500.0
2021-10-27,RTX,81.26110085022424,82.54632606448963,80.84180717266337,81.27021789550781,4273200.0
2021-10-28,RTX,81.45252428710248,81.86270095569544,80.88738565204082,81.29756927490234,4179900.0
2021-10-29,RTX,81.17905667689108,81.81711767891017,80.67773048344844,80.99675750732422,5202300.0
2021-11-01,RTX,81.04233933450432,81.29756096480885,80.1764008553793,80.71419525146484,4588800.0
2021-11-02,RTX,80.69596930803381,80.95119096410494,79.48365948742736,80.03057098388672,4554100.0
2021-11-03,RTX,79.31957024125067,80.9329462885131,79.25576484105915,80.82356262207031,4148500.0
2021-11-04,RTX,80.52276157505335,81.20639383320172,79.99409124732817,80.26753997802734,3711700.0
2021-11-05,RTX,81.82622576171225,83.15703609311421,81.1790546850811,83.11145782470703,4330400.0
2021-11-08,RTX,83.22994886526114,83.558092915115,82.31843916105977,82.68304443359375,4469100.0
2021-11-09,RTX,82.68305655632874,83.01120065429407,82.00854122351917,82.93827819824219,3372900.0
2021-11-10,RTX,82.96561603909058,83.34845542696601,82.16348994663602,82.199951171875,3503200.0
2021-11-11,RTX,82.10879867847298,82.41870865062903,80.8418007019199,81.1699447631836,4993600.0
2021-11-12,RTX,81.28844035119171,81.35224575596688,80.77799711299048,80.99675750732422,3273100.0
2021-11-15,RTX,81.69863445451463,81.69863445451463,80.97854075827233,81.44341278076172,3423100.0
2021-11-16,RTX,81.37048786375989,81.87182110371768,80.95119413319011,81.03323364257812,4746200.0
2021-11-17,RTX,80.90561521007568,81.16995389774509,79.4745450418435,79.71153259277344,3910600.0
2021-11-18,RTX,79.94073975881658,80.49085239251716,79.16140594975731,79.68402099609375,4376300.0
2021-11-19,RTX,79.07890209860594,79.07890209860594,77.98784022543414,78.32707977294922,5478200.0
2021-11-22,RTX,78.6754899032158,80.35333974214277,78.55630102208634,79.58318328857422,6819800.0
2021-11-23,RTX,80.0599212574083,80.44499936610659,79.52814272917105,80.05075073242188,5950700.0
2021-11-24,RTX,79.70236538504072,80.20663944509128,79.4731511750291,79.94075012207031,3464500.0
2021-11-26,RTX,76.61256638936227,76.64007097932914,74.65049302767181,76.09912872314453,7113600.0
2021-11-29,RTX,77.09848525788615,77.42855426679053,75.65902035602186,76.04410552978516,5835000.0
2021-11-30,RTX,75.29228716743162,75.64069025279771,73.60526692314876,74.19205474853516,7966000.0
2021-12-01,RTX,75.31063138780046,75.31063138780046,72.43170104510637,72.47754669189453,8499000.0
2021-12-02,RTX,73.39438917648245,75.39313726771576,72.89928566818845,74.87052917480469,6409100.0
2021-12-03,RTX,74.82467744426101,75.2922763298624,73.45856289070896,74.36624908447266,6038900.0
2021-12-06,RTX,75.41147320270879,77.37354623159982,74.87969457000239,76.79592895507812,4964200.0
2021-12-07,RTX,77.41020754606238,78.66630367976202,77.06180453590373,77.94198608398438,5102900.0
2021-12-08,RTX,78.7029918244733,80.36250754662875,78.66632370464772,79.30812072753906,6749500.0
2021-12-09,RTX,78.84969083952026,79.37229897574713,78.40959646398369,78.99639129638672,4241900.0
2021-12-10,RTX,79.68403394905695,79.74821365017033,78.57463098042706,78.99639129638672,3294400.0
2021-12-13,RTX,78.34542544142737,78.79469039405022,77.05266074863657,77.31855010986328,4173900.0
2021-12-14,RTX,76.6767373976366,77.69444908131915,76.3100002462715,76.55754852294922,6144700.0
2021-12-15,RTX,76.52088227558005,76.75926704764018,75.24645164024345,76.49337768554688,5388300.0
2021-12-16,RTX,77.25435997225892,77.49273771629743,75.60401484780907,75.82405853271484,4546300.0
2021-12-17,RTX,75.82405829870136,76.11745220935778,74.42126844477968,75.43898010253906,8892600.0
2021-12-20,RTX,74.29290008544922,74.58629396071883,73.06431541871451,74.29290008544922,5828400.0
2021-12-21,RTX,74.8796883195942,76.94261598576806,74.8796883195942,76.72257232666016,7301900.0
2021-12-22,RTX,76.53922739155698,77.70363273345136,76.49338174236122,77.08016967773438,3852800.0
2021-12-23,RTX,77.52940580953985,78.11619357953155,77.49273069953261,77.84114074707031,2650000.0
2021-12-27,RTX,77.6761153120234,78.29957826476162,77.23602093565292,78.15287780761719,2743700.0
2021-12-28,RTX,77.99703057472247,79.17060650375235,77.73114118532284,78.8680419921875,3220100.0
2021-12-29,RTX,78.46461692513294,78.91387485750259,78.13454787419026,78.74884033203125,2085300.0
2021-12-30,RTX,78.88637213766197,79.3081254916202,78.57463713991514,78.66632843017578,2459400.0
2021-12-31,RTX,78.6021361771666,79.152248855602,78.39125603631756,78.90469360351562,2667700.0
2022-01-03,RTX,78.92304212364117,79.8949081806615,78.91387159619865,79.73904418945312,5169200.0
2022-01-04,RTX,80.564209640443,82.58129180507753,80.40833866799017,82.53544616699219,6044200.0
2022-01-05,RTX,82.70048103863807,83.91990226848142,81.96699979144783,82.12286376953125,6833600.0
2022-01-06,RTX,82.88386327223483,83.36979629896291,82.15954549831572,82.57212829589844,5559000.0
2022-01-07,RTX,82.75549010656746,83.7732016327603,82.5996191467891,82.92052459716797,4835300.0
2022-01-10,RTX,83.14058061882038,83.24143543335803,81.82030449764571,82.26956939697266,4884200.0
2022-01-11,RTX,82.2787384882401,83.28727970669507,81.84781461429382,83.17726135253906,4529800.0
2022-01-12,RTX,83.43398160986676,83.93825572531436,83.28728114171352,83.49816131591797,4613100.0
2022-01-13,RTX,83.78236845701365,84.7725754395411,83.39729029549586,83.94740295410156,5026300.0
2022-01-14,RTX,83.4798134067585,84.79091889436427,83.17724898768128,84.65338897705078,4987400.0
2022-01-18,RTX,83.7365363329962,84.25914444860466,82.77383385921415,83.20475769042969,6010200.0
2022-01-19,RTX,83.18641852788761,83.74569472689029,82.13203183440183,82.24205017089844,4887800.0
2022-01-20,RTX,82.48044310224365,83.27811109655826,80.91261869553932,81.01347351074219,5354700.0
2022-01-21,RTX,81.1601637697978,81.42605309074406,79.60150995190592,79.9590835571289,5846500.0
2022-01-24,RTX,78.63881478943097,80.95846866813076,77.74946945470641,80.7934341430664,8849700.0
2022-01-25,RTX,77.93283066004612,83.69986096829705,77.93283066004612,82.80133819580078,10377400.0
2022-01-26,RTX,82.49878127552589,83.91073464892682,80.19746865591456,81.58192443847656,9829100.0
2022-01-27,RTX,82.44375183294571,83.8740530250673,81.05013274286931,81.85696411132812,6998700.0
2022-01-28,RTX,81.5727534099287,82.85635437291788,80.20663868974242,82.8196792602539,5877600.0
2022-01-31,RTX,82.15954366978569,82.89303195478928,81.60943095356434,82.69132232666016,6419700.0
2022-02-01,RTX,82.6088151215815,83.37897864666509,81.84782212520687,83.18643951416016,6558400.0
2022-02-02,RTX,82.79217466336742,84.9834619305417,82.746329023778,84.84593200683594,5978600.0
2022-02-03,RTX,84.48834593050942,85.25850219747522,84.00241300086745,85.09346771240234,7171700.0
2022-02-04,RTX,84.6808895558954,86.0928497830712,84.45167536956937,85.27684783935547,6321400.0
2022-02-07,RTX,85.68942049985448,86.85383234669342,85.27683781101105,86.21202850341797,4932700.0
2022-02-08,RTX,86.02867268033442,87.39478731334302,85.14849101775468,87.16557312011719,8173200.0
2022-02-09,RTX,88.04576935903847,88.31165870660698,87.54150224749537,88.01826477050781,5394900.0
2022-02-10,RTX,87.39479495770875,88.89843963718808,86.68881825864916,87.15641021728516,6534300.0
2022-02-11,RTX,87.33061155921783,88.06409980865878,86.2578907653369,87.34894561767578,6532900.0
2022-02-14,RTX,87.56901084506457,87.65152461443418,85.16684307417192,85.7903060913086,6419200.0
2022-02-15,RTX,85.80862453747746,87.00971170188335,85.79029047930847,86.2212142944336,4616000.0
2022-02-16,RTX,86.19372022677813,87.34895489906455,86.11119946729303,86.8721923828125,4560900.0
2022-02-17,RTX,86.1570366895234,87.25726207798748,85.67110369303406,86.51461029052734,5753300.0
2022-02-18,RTX,86.31291804038756,87.11058615434023,85.25853108380105,85.60694122314453,6544800.0
2022-02-22,RTX,85.8361370888651,86.86301223944584,85.07514425758663,85.76278686523438,5862200.0
2022-02-23,RTX,86.45959141451118,86.67046454268272,84.39666379640838,84.57086181640625,6903300.0
2022-02-24,RTX,85.7417677011667,87.26299401878475,82.33975337699688,86.89421081542969,9698500.0
2022-02-25,RTX,87.02328025723361,90.60046100270269,86.84810666029566,90.46217346191406,8692300.0
2022-02-28,RTX,91.29191539846082,94.92441773884315,90.7203082109776,94.68470764160156,16726100.0
2022-03-01,RTX,94.74925907438207,96.19672733059163,94.20530930598918,94.71238708496094,12340900.0
2022-03-02,RTX,94.22374588503233,94.50955655947729,91.99261771162911,92.87769317626953,12834600.0
2022-03-03,RTX,93.17271927020175,93.44008691856197,90.93236955982918,92.0387191772461,8613500.0
2022-03-04,RTX,92.14934036822616,92.14934036822616,90.5635846932286,91.81743621826172,8627200.0
2022-03-07,RTX,93.38475218362788,95.05348722099066,90.46215873162079,90.52669525146484,12759000.0
2022-03-08,RTX,90.3607516836159,90.72031333280147,87.29986339186068,87.44737243652344,9410600.0
2022-03-09,RTX,87.81615259114831,91.34723947010133,87.81615259114831,90.83094024658203,7100500.0
2022-03-10,RTX,90.50824059883271,92.01103042120774,90.03804902921128,90.82170867919922,5118400.0
2022-03-11,RTX,91.07067101857035,91.96496807414776,89.24520491460966,89.3558349609375,4354300.0
2022-03-14,RTX,89.58629744936961,90.03806011984015,87.96366294932028,89.46644592285156,5581700.0
2022-03-15,RTX,90.24088561305639,90.44371668732381,89.03312771404079,90.00118255615234,5417600.0
2022-03-16,RTX,89.46646377565098,90.01963505804954,86.7282578387304,88.3232421875,8813000.0
2022-03-17,RTX,89.06079894362274,90.15792699590625,88.35089710823324,90.12104797363281,6537200.0
2022-03-18,RTX,90.35153015445535,90.60967625803548,88.81186801242119,89.90898895263672,10438500.0
2022-03-21,RTX,90.20399672874633,92.95142337553565,90.16712475014324,92.14010620117188,6673700.0
2022-03-22,RTX,92.01105267263192,93.69822389237868,91.1905138127575,93.46773529052734,6048300.0
2022-03-23,RTX,93.26491598419805,94.48189558265828,93.21881544789596,93.32945251464844,4471800.0
2022-03-24,RTX,93.72587916081211,94.22372830167927,93.23723746470738,93.77197265625,3894600.0
2022-03-25,RTX,94.03934273842603,94.9336395742142,93.9655847030314,94.43578338623047,3521400.0
2022-03-28,RTX,93.73510447751953,94.18686720913647,93.04363866042253,93.66134643554688,4053300.0
2022-03-29,RTX,92.97910186839923,93.48617961308003,91.61461326554652,93.19115447998047,5038200.0
2022-03-30,RTX,93.69822213350353,94.38968792607753,91.97417192574946,92.96066284179688,5168100.0
2022-03-31,RTX,91.5316222552464,93.03441227380263,91.27347617533452,91.3380126953125,5505600.0
2022-04-01,RTX,91.97415999950373,92.61030366309478,91.25503679390773,92.35215759277344,3608600.0
2022-04-04,RTX,92.3060740180344,92.56422011609389,90.8678204183472,91.5500717163086,3812300.0
2022-04-05,RTX,91.71601181195312,92.665623563265,90.91390908286844,91.09829711914062,4217100.0
2022-04-06,RTX,90.6465464675907,91.5316217512522,90.47137289977799,90.77561950683594,5260800.0
2022-04-07,RTX,90.58201477962814,93.36631381837286,90.25933216430312,93.09895324707031,6151500.0
2022-04-08,RTX,94.02089840133425,94.72157857353132,92.25996239084184,92.564208984375,4811400.0
2022-04-11,RTX,92.78548826471503,94.91520063220604,92.78548826471503,94.14076232910156,5707600.0
2022-04-12,RTX,94.20530250093942,95.86482326319245,94.10388695247097,94.59252166748047,4839200.0
2022-04-13,RTX,95.25632866547323,96.29813460895559,94.62939938988505,95.30242919921875,5351900.0
2022-04-14,RTX,95.78182392798493,96.78675769147203,95.5789928729351,96.13216400146484,4027400.0
2022-04-18,RTX,96.1229796789481,97.22932228308468,95.80029700557115,96.15985870361328,3873300.0
2022-04-19,RTX,96.28891953655514,97.4137050270638,96.03077343065883,96.39033508300781,4572800.0
2022-04-20,RTX,97.43212881045274,97.74558989005891,96.14139140876497,96.77754211425781,4232200.0
2022-04-21,RTX,97.5888759480525,97.74560651451213,93.48618150864358,93.7904281616211,5795300.0
2022-04-22,RTX,93.5322769739128,94.55564698526511,92.53657150482903,92.64720153808594,4683300.0
2022-04-25,RTX,92.05714354680254,92.12168007212192,89.95508868330982,91.83587646484375,5612500.0
2022-04-26,RTX,89.33739277695292,93.07130429496152,89.22675570433277,91.44866943359375,7199200.0
2022-04-27,RTX,91.47630078712696,92.11245146337549,89.98273238661189,91.1259536743164,6632100.0
2022-04-28,RTX,91.27347396165794,91.51318404459943,89.33737137532246,90.42527770996094,6544200.0
2022-04-29,RTX,90.7848405874151,91.17205970330853,87.22609644469223,87.502685546875,5883000.0
2022-05-02,RTX,87.13390660401993,87.8899088811244,85.18858238477183,86.86653900146484,7870600.0
2022-05-03,RTX,87.75162141810755,88.62747529794802,86.95874005924072,87.95445251464844,5612200.0
2022-05-04,RTX,87.57643923721416,90.36995971254345,87.53956022019241,90.13025665283203,6160800.0
2022-05-05,RTX,90.1671383569203,90.53591447022107,87.96366802036685,88.80264282226562,5906500.0
2022-05-06,RTX,88.2402489029067,88.55371703568495,86.40556173860848,87.86225128173828,5295000.0
2022-05-09,RTX,87.15234946233426,87.39205957902024,84.12834011566412,84.58931732177734,6071900.0
2022-05-10,RTX,85.22545465256395,86.53462802294419,84.22974235652005,84.53398895263672,7526300.0
2022-05-11,RTX,84.14676697657234,86.78355687208713,83.72266883704975,83.89784240722656,6493900.0
2022-05-12,RTX,83.75954212891995,85.25311054477365,82.92056741984452,84.34037780761719,6356200.0
2022-05-13,RTX,84.86589890889498,85.38219108294437,83.98081656201984,84.74604034423828,5465600.0
2022-05-16,RTX,84.68151617525874,86.23962147145525,84.64463715259649,85.2623519897461,5158500.0
2022-05-17,RTX,86.9679739822371,87.71475491337311,86.20275002117268,87.53958129882812,4447200.0
2022-05-18,RTX,86.96794938515244,87.77004511130754,85.07794028747438,85.38218688964844,5843100.0
2022-05-19,RTX,84.75152902084227,85.75319031738789,83.04500124981908,83.70349884033203,5234700.0
2022-05-20,RTX,84.25070392326005,84.55676829669866,82.01552261112919,83.54583740234375,6585500.0
2022-05-23,RTX,84.02810979998921,85.34510498835009,83.47163365746836,85.16889190673828,4701300.0
2022-05-24,RTX,84.58456722854507,86.64353486871487,83.90752364566401,86.44876861572266,5932000.0
2022-05-25,RTX,86.55079508870065,87.27421466368062,85.87374439038688,86.77338409423828,3742000.0
2022-05-26,RTX,87.66374740697516,88.90655076588797,87.28349148308318,88.10893249511719,5545800.0
2022-05-27,RTX,88.69323928110575,89.70417711927787,88.29443010978643,89.69490051269531,3394200.0
2022-05-31,RTX,88.44281910752757,89.0085717636884,87.76576841088404,88.22023010253906,6478700.0
2022-06-01,RTX,89.04567560267154,89.29608736141921,87.27421885116787,87.9327163696289,4245900.0
2022-06-02,RTX,88.8230713352407,89.32390188261708,87.23711147320381,89.25897979736328,3460300.0
2022-06-03,RTX,88.44282091233372,89.61142559533003,88.37789882305486,89.34246063232422,2837000.0
2022-06-06,RTX,89.9545722610711,90.41830344079244,89.39809626060075,90.15861511230469,3080300.0
2022-06-07,RTX,90.13080923643057,93.37692810180276,89.64853183271968,93.2192611694336,5634600.0
2022-06-08,RTX,92.49584339744695,93.0523195132893,91.78169327006745,92.03211212158203,6666600.0
2022-06-09,RTX,91.19737768786,91.97644269199424,90.26063870109975,90.3162841796875,4566900.0
2022-06-10,RTX,88.86944165258528,89.67633644042922,87.59881569204451,88.5633773803711,5615900.0
2022-06-13,RTX,86.70845960084478,86.74555894673473,84.75151333000389,85.28016662597656,5419200.0
2022-06-14,RTX,85.72536876099079,85.9850571579247,84.14868516476169,84.69588470458984,3977900.0
2022-06-15,RTX,85.41929913433914,86.43023698973236,84.21360206923742,85.58624267578125,4139200.0
2022-06-16,RTX,84.44545935191687,84.56602692370626,82.55343509473907,83.02643585205078,4517700.0
2022-06-17,RTX,82.97079125596994,83.48089844202585,81.254987111201,82.432861328125,7577200.0
2022-06-21,RTX,84.2599774914822,86.5786340381712,83.57365713493617,86.17982482910156,5834200.0
2022-06-22,RTX,84.5845598114244,87.01451361010855,84.47326886288869,85.84590911865234,4481500.0
2022-06-23,RTX,85.79026299377068,86.55078179889264,84.18575009678216,85.10394287109375,3310500.0
2022-06-24,RTX,85.79028279947278,87.52464025314914,85.21525349173524,87.3669662475586,4782200.0
2022-06-27,RTX,87.58955977712199,88.15531246182378,87.03307662261206,87.9327163696289,2942600.0
2022-06-28,RTX,88.50773126625633,89.76908061298175,86.88467217351159,86.9774169921875,3358800.0
2022-06-29,RTX,87.38552091142242,87.45971961222911,85.60479454792713,86.53225708007812,2504100.0
2022-06-30,RTX,86.22617370443933,89.28679513905739,85.9850315180591,89.1384048461914,6319100.0
2022-07-01,RTX,89.08278150834799,90.26065584334053,88.42427686544019,89.98241424560547,4221000.0
2022-07-05,RTX,88.03475006645276,88.5263041221943,84.77936136960574,86.17982482910156,4938700.0
2022-07-06,RTX,86.25400555405636,87.84924205775002,85.54913212954541,87.10726928710938,4294700.0
2022-07-07,RTX,87.69156895077933,88.108924182305,87.00524170981426,87.12581634521484,3212600.0
2022-07-08,RTX,87.45043457681506,88.77670615299877,87.12582413704497,88.22023010253906,2763200.0
2022-07-11,RTX,87.45043329828337,88.2387749479071,87.22784429654914,87.8399658203125,2501400.0
2022-07-12,RTX,87.32986119424274,88.34079179309663,87.00524370010115,87.64519500732422,4667400.0
2022-07-13,RTX,86.07778437439936,87.48753120615049,85.05757713424954,85.15032196044922,5653700.0
2022-07-14,RTX,83.50873804714102,84.12085971803975,82.59055200280368,83.54583740234375,5029700.0
2022-07-15,RTX,84.39908438906181,84.82571627421893,83.74986349338293,84.6124038696289,3965200.0
2022-07-18,RTX,85.54913643242071,85.62333512841211,82.98934510451151,83.2861328125,5364300.0
2022-07-19,RTX,82.78531439652373,87.19076178586315,82.73893843571837,87.01454162597656,5027600.0
2022-07-20,RTX,86.81047400154928,88.23876686072823,86.37456556762098,87.95125579833984,3849200.0
2022-07-21,RTX,87.71940873773204,88.14604065704536,86.79194619766545,88.00691986083984,3124500.0
2022-07-22,RTX,88.24804521768682,88.7674218764369,87.14436274186664,87.37622833251953,3254200.0
2022-07-25,RTX,87.74722050086243,88.48919327045435,87.20929059670713,87.71012115478516,4769200.0
2022-07-26,RTX,85.79954205829601,86.59716022751148,83.64782973752257,83.69419860839844,8253200.0
2022-07-27,RTX,84.24142209005942,84.24142209005942,82.59980947295375,83.72203826904297,5558900.0
2022-07-28,RTX,83.70347132498776,85.94792835923526,83.70347132498776,85.68824005126953,4490900.0
2022-07-29,RTX,85.30799383734306,86.6157121291412,85.22451854264554,86.44876861572266,4848400.0
2022-08-01,RTX,86.80121110350485,88.07183726304775,86.33747985817963,86.47660064697266,5623100.0
2022-08-02,RTX,86.94032361442969,87.90488536198437,85.97576186687499,86.94960021972656,4066800.0
2022-08-03,RTX,86.94959987041409,88.0440057838221,85.70680365273505,87.67301940917969,4491100.0
2022-08-04,RTX,87.77505340872293,87.97909629779456,85.99432704660654,86.04997253417969,4443700.0
2022-08-05,RTX,85.47494203819227,86.34675192187544,85.17814726385959,86.28182983398438,3320200.0
2022-08-08,RTX,86.90322794223772,86.90322794223772,84.36198283368199,84.5845718383789,4607400.0
2022-08-09,RTX,84.87208778913953,85.60478394793014,84.45472545576486,85.2708969116211,3137500.0
2022-08-10,RTX,86.22619175383201,86.92178864493943,85.7439072801168,86.64354705810547,3351300.0
2022-08-11,RTX,86.94033456060973,87.5988321000644,86.3096597645721,86.39313507080078,3487900.0
2022-08-12,RTX,86.51368918766725,88.17384768764724,86.51368918766725,88.11820220947266,3652200.0
2022-08-15,RTX,87.49680095935766,89.1755127445648,87.13509118307017,89.1569595336914,3376600.0
2022-08-16,RTX,88.7674331419734,89.26826373046157,87.9976375850762,88.15531158447266,5851000.0
2022-08-17,RTX,87.28349075191684,88.7025071522686,87.00524918966177,88.09965515136719,3311100.0
2022-08-18,RTX,88.48211706715927,88.64070218184354,87.91306966300046,88.35151672363281,2694500.0
2022-08-19,RTX,87.92242664161655,88.63140523122074,86.88694709534828,87.1294937133789,5024700.0
2022-08-22,RTX,86.11264936939583,86.70968159228632,85.49696300330866,85.61823272705078,5769600.0
2022-08-23,RTX,85.75816225517272,86.42982527381741,85.59957713054422,86.22459411621094,2633900.0
2022-08-24,RTX,86.72833909746996,87.29738652233384,86.56975397701548,87.0455093383789,3065800.0
2022-08-25,RTX,87.53061079858853,89.76015467902938,87.4653106182186,89.67619323730469,4257700.0
2022-08-26,RTX,90.13330820388471,90.32920875931062,87.21343978365552,87.24142456054688,2805700.0
2022-08-29,RTX,86.43917216342804,86.74701184055833,85.15181542980663,85.9354248046875,3799000.0
2022-08-30,RTX,86.18729823443209,86.29924446862348,84.26560080919525,84.7320327758789,3463000.0
2022-08-31,RTX,84.88125135817157,85.1144672427495,83.68718716788202,83.72450256347656,4665700.0
2022-09-01,RTX,83.40735165257018,83.53795200874153,81.60692432285312,82.1199951171875,6151900.0
2022-09-02,RTX,82.99689799062058,83.73386128722512,81.42968643571683,81.70954132080078,4171600.0
2022-09-06,RTX,81.82148145425136,82.42784433590771,80.77667145636373,81.30841064453125,4557400.0
2022-09-07,RTX,80.52480775031721,81.82148794054211,79.61992867141498,81.57894134521484,5333100.0
2022-09-08,RTX,81.0192037885961,81.24308906407327,79.7131933001408,80.74867248535156,5758400.0
2022-09-09,RTX,81.2524392071958,82.4278496408185,80.6833916942539,82.12933349609375,4126800.0
2022-09-12,RTX,82.40917377704127,82.735681757609,81.63490233450092,81.90543365478516,5437000.0
2022-09-13,RTX,80.36622474926276,81.10318806911043,77.74487240469405,78.099365234375,5867700.0
2022-09-14,RTX,78.64042133858374,81.67222869443256,77.69822690595403,80.59943389892578,7737900.0
2022-09-15,RTX,80.27293489419898,81.11250664196768,79.41469476714171,79.86247253417969,5054600.0
2022-09-16,RTX,79.12551003317355,80.41285956057209,78.82699389129043,79.47999572753906,8211100.0
2022-09-19,RTX,78.78034847530544,79.61059672389075,78.39787800167637,79.24678039550781,5587000.0
2022-09-20,RTX,78.89228692711254,79.74119635450904,78.09935416431304,79.433349609375,3861500.0
2022-09-21,RTX,81.30840179985229,82.08267324552307,78.62174984530385,78.65906524658203,7047100.0
2022-09-22,RTX,78.36055102789753,78.85496765158582,77.61425721885298,77.84747314453125,4950300.0
2022-09-23,RTX,77.30643655169385,77.45569107976979,75.33809308720777,76.5228271484375,6725900.0
2022-09-26,RTX,76.11235936190022,76.85865330109641,75.31010298546605,75.64592742919922,4843500.0
2022-09-27,RTX,76.09368264445759,76.54146029858815,74.8809571322916,75.56195068359375,6119300.0
2022-09-28,RTX,75.76719925882306,78.2486132751899,75.36606753863165,77.70755767822266,6066600.0
2022-09-29,RTX,77.11985086035178,77.3903822242104,75.95377107674713,76.81200408935547,6989900.0
2022-09-30,RTX,76.90528997911308,77.30642167709131,76.28026585631984,76.36422729492188,6403900.0
2022-10-03,RTX,77.34373405887511,78.42585226778613,76.50415529159095,77.53030395507812,4303400.0
2022-10-04,RTX,78.59376972465672,80.49681259935163,78.38853856407412,79.78783416748047,4432100.0
2022-10-05,RTX,78.88296356123912,80.20763561518014,78.47250831378001,79.48932647705078,3800400.0
2022-10-06,RTX,79.08818939297961,79.7318676726835,78.37921093397141,78.62175750732422,3192700.0
2022-10-07,RTX,78.13667236020265,78.44451199915048,77.1571625423904,78.36988830566406,4417500.0
2022-10-10,RTX,79.1348437444913,80.1983079861674,78.00607931664865,78.50982666015625,3645400.0
2022-10-11,RTX,78.11800175198634,79.7971592052687,77.71687008910139,78.91093444824219,4547700.0
2022-10-12,RTX,78.8456537368926,78.94826933532019,77.36240355138119,77.41837310791016,5489100.0
2022-10-13,RTX,75.98175752056615,79.42402739482276,75.5526410048431,79.17215728759766,5049000.0
2022-10-14,RTX,79.68522573818689,79.68522573818689,76.63476418057249,77.04521942138672,4614600.0
2022-10-17,RTX,78.55646463455668,79.70389031155274,78.20197893067473,78.79901123046875,4442000.0
2022-10-18,RTX,80.15165374646453,82.13865813989773,79.68522185950812,81.49497985839844,5779100.0
2022-10-19,RTX,81.29909361426473,82.97824443223122,81.01923158601014,81.74686431884766,4573700.0
2022-10-20,RTX,81.91476581959711,82.50247455294894,80.97257853105586,81.3830337524414,3663100.0
2022-10-21,RTX,81.40169959942783,82.93159570750939,80.66473632146878,82.59576416015625,5422900.0
2022-10-24,RTX,83.11815525947613,84.37751984638624,83.02487031177635,83.70586395263672,7727800.0
2022-10-25,RTX,82.54911091134693,83.02487341473771,80.08635119066663,82.42784118652344,7561000.0
2022-10-26,RTX,82.65175099005813,86.01006004843306,82.65175099005813,84.4428482055664,6668600.0
2022-10-27,RTX,84.83463839777805,87.11082128773167,84.80665362181914,85.63690185546875,6420800.0
2022-10-28,RTX,86.28988821990373,88.77130896225998,85.88875656295083,88.6966781616211,6360800.0
2022-10-31,RTX,88.37020063326938,88.72468635410387,87.54927584390373,88.45415496826172,4933000.0
2022-11-01,RTX,88.92991590119358,89.62956381522696,88.66871515203765,89.13514709472656,5217500.0
2022-11-02,RTX,88.7619882109305,90.16128385130087,87.71717823726712,87.8291244506836,5326000.0
2022-11-03,RTX,87.11081391337748,89.39633435808518,86.78431302618655,88.43548583984375,4141600.0
2022-11-04,RTX,88.9672167499439,89.4616333895261,87.11081279749406,88.82728576660156,4247800.0
2022-11-07,RTX,89.26573797422894,89.88142437215153,88.94856058600116,89.71350860595703,3295600.0
2022-11-08,RTX,89.76950017716297,90.15197069204922,88.67804395709227,89.80680847167969,3927500.0
2022-11-09,RTX,89.40567204824083,89.95606544579779,88.64072394101592,88.74333953857422,3478700.0
2022-11-10,RTX,90.39449055809955,91.43929330785683,89.27504988983611,91.27137756347656,4764100.0
2022-11-11,RTX,90.61838636238903,90.6743559112835,86.55109974172231,87.3626937866211,6937600.0
2022-11-14,RTX,87.36269520144617,88.19294340369359,86.68170150439643,86.70968627929688,4942400.0
2022-11-15,RTX,87.33470385813244,89.50827091242934,87.07349603860655,89.35901641845703,7506500.0
2022-11-16,RTX,89.15379630990981,89.79747463271934,87.9224163340043,88.01570129394531,4813000.0
2022-11-17,RTX,87.27441201169931,88.80389323528188,87.15242405937681,88.70067596435547,3256300.0
2022-11-18,RTX,89.79852217350401,90.70870690603587,89.33874071647351,89.4794921875,4073300.0
2022-11-21,RTX,89.38566381959812,90.53981017836178,89.08539734361142,90.26769256591797,3271700.0
2022-11-22,RTX,91.07465845316565,91.57197412408269,90.5585792598574,90.87760925292969,3031500.0
2022-11-23,RTX,90.86822510120636,91.22479646156125,90.65241237575546,91.14034271240234,2172300.0
2022-11-25,RTX,91.34677086942106,91.76902526785847,91.18725588195039,91.4593734741211,1313200.0
2022-11-28,RTX,91.08405267077372,91.95670330481903,90.51166853667314,90.9245376586914,4662300.0
2022-11-29,RTX,90.83069688162206,91.87224776797224,90.6524112037496,91.42184448242188,2916100.0
2022-11-30,RTX,91.50627401781574,92.74487387359831,90.11754453410718,92.63227844238281,6191200.0
2022-12-01,RTX,93.0076553736639,93.79585238481022,92.39773692898967,93.36421966552734,4084200.0
2022-12-02,RTX,92.59476307306986,94.9124482890599,92.59476307306986,94.78108215332031,4339700.0
2022-12-05,RTX,93.58939959347771,95.0438196665582,93.36420151392103,94.471435546875,4532000.0
2022-12-06,RTX,95.07196623116597,95.23148123537057,92.1162137676987,92.64168548583984,3809700.0
2022-12-07,RTX,92.79181992297997,93.48618486323781,92.39772148328643,92.93257141113281,3220500.0
2022-12-08,RTX,93.4955641010343,94.09609706295757,93.07331682305993,93.35481262207031,2780100.0
2022-12-09,RTX,93.12021423958502,94.15237965452171,92.17250256201653,92.21002960205078,3328400.0
2022-12-12,RTX,92.51968709641473,93.4674059915147,92.42585517269283,93.42048645019531,4578700.0
2022-12-13,RTX,95.30654914370331,95.67249869679203,93.5143355835659,93.73014831542969,7098700.0
2022-12-14,RTX,94.10549043721771,94.67787458399309,93.28913751667294,93.78645324707031,4939100.0
2022-12-15,RTX,93.59876026403019,93.63629446054935,91.29984620883094,92.41645812988281,4843000.0
2022-12-16,RTX,91.4500104182211,92.54785923562783,90.32401273250939,92.27574157714844,7610800.0
2022-12-19,RTX,92.42586198117243,93.0826926545275,91.13096415702212,91.52506256103516,4732700.0
2022-12-20,RTX,91.3936884458592,92.85748648089861,91.29047118349956,92.1255874633789,3907000.0
2022-12-21,RTX,92.91379748075542,93.69261615025364,92.61353099068498,93.60816955566406,3610000.0
2022-12-22,RTX,93.32665572439407,93.46740719124202,90.99959248698711,92.43524169921875,3165000.0
2022-12-23,RTX,92.43524453087892,93.27974619892004,91.98484125495125,93.17652893066406,2119300.0
2022-12-27,RTX,93.45803074487668,94.05856371225426,93.20468380757457,93.51433563232422,2600200.0
2022-12-28,RTX,93.59878948196302,94.15240294587635,92.99825646802529,93.02640533447266,2418700.0
2022-12-29,RTX,93.11084745917714,94.3963599257788,92.97009598560804,94.14301300048828,2940600.0
2022-12-30,RTX,94.09609182735039,94.78107850210571,93.62692502952044,94.69662475585938,2984100.0
2023-01-03,RTX,94.76231465239172,94.98751988600502,93.92719826476619,94.59341430664062,3532300.0
2023-01-04,RTX,94.31191448813576,95.80386151299345,94.2180825575835,94.6215591430664,5635100.0
2023-01-05,RTX,94.0867116665832,95.20333099774443,93.51433472792382,94.65909576416016,4967200.0
2023-01-06,RTX,95.61619805720233,97.53977769788825,95.05319931258492,96.14166259765625,6411700.0
2023-01-09,RTX,96.3950117563556,96.44192413997276,92.68858982258028,93.45802307128906,6377300.0
2023-01-10,RTX,93.28913393527627,94.84677130018966,92.91379902671369,93.75830078125,4701900.0
2023-01-11,RTX,93.94597707286157,94.14302630012862,92.82935762609655,93.44865417480469,4518700.0
2023-01-12,RTX,93.69261687138241,94.5277332770347,93.39235037900089,94.471435546875,4221400.0
2023-01-13,RTX,91.71272878913251,92.94195073658726,91.49691605899669,92.59476470947266,4968000.0
2023-01-17,RTX,93.12962473424432,93.50495966621638,92.29450826903862,92.36019134521484,3959000.0
2023-01-18,RTX,92.57599134368151,92.57599134368151,89.77036887887084,89.83605194091797,5321800.0
2023-01-19,RTX,89.35751378788564,89.63900957855209,88.35349710078208,88.42855834960938,4641500.0
2023-01-20,RTX,88.344111383195,88.61622899092052,87.58405628612807,88.5411605834961,8216200.0
2023-01-23,RTX,88.95403993489438,90.95268819061555,88.68192229575368,90.31462097167969,5686600.0
2023-01-24,RTX,92.77304558346313,93.66445963964885,88.22212189759236,93.33604431152344,8308000.0
2023-01-25,RTX,93.17654209063892,93.84275817871094,91.5626069324168,93.84275817871094,5967300.0
2023-01-26,RTX,94.47143880127548,94.70602223024578,93.01701867809238,94.06795501708984,4302900.0
2023-01-27,RTX,93.6926064661261,94.34005892672975,93.20467615478859,93.45802307128906,3365800.0
2023-01-30,RTX,93.36419395496269,93.64569690080587,91.82532741123246,92.62290954589844,4607300.0
2023-01-31,RTX,92.70737322555811,93.81460728749327,92.17252329828797,93.69261932373047,4099500.0
2023-02-01,RTX,93.76768542940903,93.82398315965591,91.58136622519537,92.35079956054688,5155100.0
2023-02-02,RTX,92.22882050375408,92.35080130790293,90.62427073109762,90.9808349609375,6035700.0
2023-02-03,RTX,90.79317358275766,91.7596561777773,90.44598752596922,90.53044128417969,3844300.0
2023-02-06,RTX,90.78376499370599,91.94729651471012,90.73684545572408,91.61888122558594,5243000.0
2023-02-07,RTX,91.1685083392599,92.14436911535978,89.89237389799918,91.83472442626953,3814500.0
2023-02-08,RTX,91.33740755587549,92.19129473987437,91.25296095117335,91.6282958984375,3789500.0
2023-02-09,RTX,92.00361951630958,92.43525214689025,91.29048392021562,91.81594848632812,3670900.0
2023-02-10,RTX,92.17251501260458,94.49019304981965,92.14435899040092,94.40574645996094,5291000.0
2023-02-13,RTX,94.88430504599032,95.16580085685628,93.93658601723037,94.35883331298828,5238600.0
2023-02-14,RTX,94.07733033917326,95.76632655252439,94.06794499851695,95.11888122558594,3699700.0
2023-02-15,RTX,94.77169078017064,95.26900642794679,94.49018784497956,95.20332336425781,2551000.0
2023-02-16,RTX,94.21808858975253,95.20333466200609,93.76768527178099,94.7435531616211,3524300.0
2023-02-17,RTX,94.63094053874687,95.33469072692633,94.12423954418762,95.250244140625,6507500.0
2023-02-21,RTX,95.89770368665252,96.31995815761594,94.18993659608753,94.44329071044922,3853000.0
2023-02-22,RTX,94.51836236710317,94.88431195913405,93.67386055514017,94.31192779541016,4489800.0
2023-02-23,RTX,94.84026886920661,94.96292802611076,93.21746086979675,94.00999450683594,3227800.0
2023-02-24,RTX,93.68920841215783,94.00055679668937,92.83062311371879,93.99112701416016,3915000.0
2023-02-27,RTX,94.33078046680644,94.37795097143685,93.42501751889806,93.55711364746094,2986700.0
2023-02-28,RTX,93.66090316658122,93.84960680325264,92.29283599267511,92.54757690429688,4470000.0
2023-03-01,RTX,92.50040435791016,93.00045638704468,91.99091534757285,92.50040435791016,3739900.0
2023-03-02,RTX,91.99091362230706,93.7175140363503,91.99091362230706,93.40615844726562,4134400.0
2023-03-03,RTX,93.5759888443024,93.70807778646454,92.70797373914907,93.4250259399414,5072800.0
2023-03-06,RTX,93.4250334566742,94.43457456631413,93.25520377475776,93.8873519897461,5064700.0
2023-03-07,RTX,94.07601739810478,94.28358774066328,92.62303219850098,92.6324691772461,5139300.0
2023-03-08,RTX,92.4626571300803,93.03819057175455,91.19837527348903,91.89656066894531,4299000.0
2023-03-09,RTX,92.44379918748392,92.44379918748392,90.12279123825824,90.50962829589844,4912700.0
2023-03-10,RTX,90.24544598381787,91.56634258669753,89.83030520049094,90.57566833496094,6340100.0
2023-03-13,RTX,89.52837755856922,92.68908922619373,89.3774218696989,91.95316314697266,7757700.0
2023-03-14,RTX,92.71740969201453,93.53825434291048,91.91543900457344,92.76458740234375,6407400.0
2023-03-15,RTX,91.48141635811005,91.76446817685698,89.38685305464176,90.41526794433594,5755300.0
2023-03-16,RTX,89.96239070607619,93.06649508491736,89.6321683675414,92.53813934326172,4635500.0
2023-03-17,RTX,92.23622812416683,92.2456579072311,90.0944868461156,90.33979797363281,8157800.0
2023-03-20,RTX,90.9625069033955,92.2833963301814,90.86815148864721,92.01921844482422,3972700.0
2023-03-21,RTX,93.37784742842351,93.68920299325379,92.43435095194887,92.47209167480469,5135500.0
2023-03-22,RTX,92.71740381369615,92.99101867998084,91.2266847191315,91.23611450195312,4042000.0
2023-03-23,RTX,91.80221672298649,91.94373544611396,90.24544598381787,90.57566833496094,4352100.0
2023-03-24,RTX,90.01900631692232,91.21724372858345,89.57556180134226,90.99080657958984,4711900.0
2023-03-27,RTX,91.90599813106529,91.90599813106529,90.9436276636167,91.43424987792969,3591700.0
2023-03-28,RTX,91.32102261466397,91.63237817196918,91.15119296507083,91.33045959472656,2324600.0
2023-03-29,RTX,91.70785533481786,92.25508502294858,91.70785533481786,92.17960357666016,3187400.0
2023-03-30,RTX,92.17959633026688,92.32112223135536,91.69841834419493,91.86824798583984,5296700.0
2023-03-31,RTX,92.44379177981708,92.50983624798684,91.98147330432154,92.39661407470703,4652700.0
2023-04-03,RTX,92.71739926137725,95.14218501436879,92.55700658159468,94.89688110351562,4312500.0
2023-04-04,RTX,94.89689309938602,95.72716754525081,93.49107793306904,93.8873519897461,3239800.0
2023-04-05,RTX,93.63259231460412,93.96281465583291,93.1231033317195,93.17971801757812,3841700.0
2023-04-06,RTX,93.18914522109067,93.89676758913015,92.5192635764768,92.6607894897461,3430400.0
2023-04-10,RTX,92.42491931743685,94.13264573517118,92.13243769627103,93.99112701416016,3947600.0
2023-04-11,RTX,94.08546447753906,94.8591312566662,93.79298288979173,94.08546447753906,3408600.0
2023-04-12,RTX,95.29314506544166,96.5668638816055,95.13275239044994,95.78376007080078,4710100.0
2023-04-13,RTX,95.43468609423155,96.10456784145529,94.82141184166366,95.93473815917969,3932500.0
2023-04-14,RTX,95.47242682343814,95.96304190650761,95.26485641195595,95.93473815917969,3017700.0
2023-04-17,RTX,96.15171987804497,97.45374229561898,96.04793470001667,97.2839126586914,4007400.0
2023-04-18,RTX,97.53867150940363,98.79352365829803,97.37827882224471,98.74635314941406,4949200.0
2023-04-19,RTX,98.71803081610886,98.98221586826897,97.99154171801183,98.20854187011719,5004500.0
2023-04-20,RTX,97.2839305354386,97.48206394854512,96.52913041076928,97.02918243408203,3937600.0
2023-04-21,RTX,97.18957828977294,97.40657845776059,96.11399283561478,96.47251892089844,3315300.0
2023-04-24,RTX,96.58575068644359,96.83105462259044,95.8781282279959,96.67066192626953,3962100.0
2023-04-25,RTX,95.9441630556899,96.82161510386976,94.36851840259641,95.37805938720703,4638900.0
2023-04-26,RTX,94.79309996371343,95.0950185731618,91.68899543622162,92.1607437133789,5219300.0
2023-04-27,RTX,92.16073086751908,94.06659047433023,91.9437235230191,93.77410888671875,4010600.0
2023-04-28,RTX,93.47219860129205,94.26473940978923,93.20802073122869,94.25530242919922,2875900.0
2023-05-01,RTX,94.28361068191566,95.65167780230524,94.19869224915846,94.6610107421875,3481400.0
2023-05-02,RTX,94.50061200876699,94.50061200876699,92.71739701805117,93.28350067138672,3377500.0
2023-05-03,RTX,93.22688365201745,93.55711317429426,91.55689807176518,91.67012023925781,3610800.0
2023-05-04,RTX,91.51917648988349,91.77391742213577,89.50009420298166,90.50019836425781,4414800.0
2023-05-05,RTX,90.88702016058339,91.32102768959435,90.30204973540842,91.12289428710938,3260400.0
2023-05-08,RTX,91.22667736480122,91.93429972798259,90.04730675949892,90.14165496826172,4243600.0
2023-05-09,RTX,90.22656899617894,91.31159142638418,89.93408738044715,90.83040618896484,2928400.0
2023-05-10,RTX,91.34933390124532,91.51916356486498,90.01900753481397,90.85871887207031,3329300.0
2023-05-11,RTX,90.25487713776123,90.74549214231195,89.5566845566413,90.14165496826172,3327100.0
2023-05-12,RTX,90.54735638259358,91.10401583858912,90.26430456538135,90.56622314453125,2756000.0
2023-05-15,RTX,90.54736604398431,91.2644254453405,90.43414386535729,91.23611450195312,2556100.0
2023-05-16,RTX,91.09460003953554,91.09460003953554,90.02844426958342,90.0661849975586,2534100.0
2023-05-17,RTX,90.34922686445692,91.85881982494473,90.34922686445692,91.11345672607422,4626800.0
2023-05-18,RTX,90.93309447637553,91.51216580534086,90.25909496484586,91.25585174560547,4277600.0
2023-05-19,RTX,91.69252717944627,91.89188577815428,90.6577976771497,91.25585174560547,3528700.0
2023-05-22,RTX,91.03751383052513,91.39824380615775,90.2211184581224,90.80968475341797,3976100.0
2023-05-23,RTX,90.02177143170937,90.43945688603027,89.30030420325524,89.30979919433594,4388700.0
2023-05-24,RTX,89.02499794677786,89.7939255638533,88.42694393822532,88.91108703613281,3670500.0
2023-05-25,RTX,88.76869296985325,88.9680443101125,87.39220908346003,88.39846801757812,5340500.0
2023-05-26,RTX,88.96805515194944,89.84140605643425,88.39847879000527,88.53137969970703,4056700.0
2023-05-30,RTX,88.29405422934788,88.81616286855541,87.62954244868884,88.11368560791016,4559300.0
2023-05-31,RTX,87.68648858054452,88.16113665878001,87.28777869048497,87.46814727783203,9972500.0
2023-06-01,RTX,87.60106608398006,89.36675787569047,87.57258835226803,89.31929016113281,5636400.0
2023-06-02,RTX,90.14516728963814,91.53113888801009,89.80342007441706,91.20838165283203,5559200.0
2023-06-05,RTX,91.71151409271555,91.99630587343516,90.80019053399099,90.8951187133789,3811400.0
2023-06-06,RTX,91.26533978835992,92.73675185503093,90.52488988115199,92.49942779541016,4947600.0
2023-06-07,RTX,92.59436109881038,93.78098146263169,91.73049799752164,93.59111785888672,4275400.0
2023-06-08,RTX,93.43923040156973,94.483454830566,93.21140132893824,94.0562744140625,3269300.0
2023-06-09,RTX,94.38852575516903,94.45497620249368,93.83793219587584,94.30308532714844,2518100.0
2023-06-12,RTX,94.35055821965422,94.7302781863224,94.02780095564763,94.37903594970703,3527500.0
2023-06-13,RTX,94.92962497880086,95.57514671835894,94.47395959217815,94.63534545898438,4053500.0
2023-06-14,RTX,94.65433805480991,94.75876123256594,91.65456535920443,91.94884490966797,6363800.0
2023-06-15,RTX,92.25262127477231,93.38228626961033,92.11972036273919,93.03104400634766,4530100.0
2023-06-16,RTX,93.22088559571343,93.98982045628361,91.90136443372373,92.78421020507812,9037900.0
2023-06-20,RTX,93.41075041456021,93.94235398536713,92.59435507793216,92.7462387084961,6935100.0
2023-06-21,RTX,92.74623739479084,94.8821538805286,92.45195788548469,94.0467758178711,4776500.0
2023-06-22,RTX,93.60062422167806,93.62910195506072,91.70203140889531,92.00580596923828,4531500.0
2023-06-23,RTX,91.79694116489853,92.35702969831307,91.4551939478282,91.99629974365234,6213400.0
2023-06-26,RTX,91.11347286772546,91.71152700034071,89.9458350935069,91.65457153320312,3993600.0
2023-06-27,RTX,91.46470071029206,91.8444206939722,90.99005254133097,91.63557434082031,4048200.0
2023-06-28,RTX,91.50267173234018,91.51216672345869,90.29706859230987,91.00904083251953,4014900.0
2023-06-29,RTX,91.13244269646196,92.9266120826441,90.99004680623759,92.84117889404297,4071400.0
2023-06-30,RTX,93.12595814295648,93.40125491707359,92.34753552883603,92.99305725097656,4402000.0
2023-07-03,RTX,92.54688471616848,93.8284331405112,92.38550610002237,93.40125274658203,2149900.0
2023-07-05,RTX,93.05002662647068,93.467719345209,92.49944023842785,93.25887298583984,3247400.0
2023-07-06,RTX,92.93611057413828,93.73351600134288,92.41399470449996,93.07850646972656,3679600.0
2023-07-07,RTX,93.10698491015899,93.47720989597735,92.43298539129589,92.4804458618164,4569600.0
2023-07-10,RTX,92.47094884587814,93.34429963553565,92.33804071109464,92.53739929199219,3300300.0
2023-07-11,RTX,92.17666348416685,93.11646473414369,91.64505990721923,93.05950927734375,6209900.0
2023-07-12,RTX,93.63859250098206,93.79048339522001,91.81594522546546,91.91087341308594,4943300.0
2023-07-13,RTX,91.69252470255437,92.51841507792204,91.40774016255425,92.24311828613281,3357600.0
2023-07-14,RTX,92.16718180053088,92.2241445081104,90.8761453904863,91.29383087158203,3454600.0
2023-07-17,RTX,91.21787692853623,91.96782186591145,90.75272377486762,91.43621826171875,3268800.0
2023-07-18,RTX,91.53114911242497,92.72726449930983,90.6483032482455,90.90461730957031,5464600.0
2023-07-19,RTX,90.98055761816317,91.57861894673802,90.4394589948446,90.72425079345703,4133300.0
2023-07-20,RTX,91.32228898996998,92.34753059552156,91.10395492590466,92.2336196899414,4314600.0
2023-07-21,RTX,92.27158259074405,92.49941888066195,91.48367229308113,91.50265502929688,3274900.0
2023-07-24,RTX,91.98681675244246,92.25261856871191,91.6165917594163,92.09123992919922,4741800.0
2023-07-25,RTX,81.50657525887132,82.82609644518385,77.2252472141331,82.68370056152344,49625600.0
2023-07-26,RTX,82.41790917670517,82.77863918395794,80.55728919169815,81.92427825927734,20124000.0
2023-07-27,RTX,81.44962379215808,82.79762277272198,80.14908528010211,80.8515625,14092700.0
2023-07-28,RTX,81.16483541681444,83.11089577119911,81.06990723325922,82.91153717041016,11617700.0
2023-07-31,RTX,83.01596085827777,84.19309351781901,82.79762675900668,83.47162628173828,10177400.0
2023-08-01,RTX,82.7311675334115,83.73741921521996,82.65522209712829,83.50959014892578,6780400.0
2023-08-02,RTX,83.06341909721569,83.46212177066903,80.94648534378514,81.1268539428711,8610900.0
2023-08-03,RTX,81.19331807211336,81.4116594258336,80.08264304778538,80.37692260742188,7947300.0
2023-08-04,RTX,80.7376486112337,80.88003725407496,80.0636419031923,80.26300048828125,5573300.0
2023-08-07,RTX,80.45285050760869,81.42112941548933,80.41487779165483,81.13634490966797,6740900.0
2023-08-08,RTX,80.6996764348056,82.04767537483932,80.36742419501638,81.83882904052734,7220000.0
2023-08-09,RTX,81.7154343341141,83.45264845209648,81.61101115264695,83.31974029541016,8802600.0
2023-08-10,RTX,82.89254438499464,83.60451653920929,81.73440185532998,81.84832000732422,5359700.0
2023-08-11,RTX,81.56354631344414,82.46538225405595,81.54456357185174,82.43689727783203,3778800.0
2023-08-14,RTX,82.43687974476656,82.69319377836956,81.8578157173955,82.05716705322266,3521800.0
2023-08-15,RTX,81.75338678428037,81.85780993985132,81.2502537426408,81.31671142578125,4174900.0
2023-08-16,RTX,81.20279425266334,81.44011829224587,80.77560663588184,80.82307434082031,4207700.0
2023-08-17,RTX,81.21500972310125,81.94151138916371,80.80396359148506,81.39663696289062,5090700.0
2023-08-18,RTX,80.90911119322494,82.42902859297007,80.88999599203144,82.01798248291016,8150400.0
2023-08-21,RTX,81.8459259602665,82.2187344179372,81.46355625434651,81.75032806396484,4494800.0
2023-08-22,RTX,82.03710172757562,82.03710172757562,81.31060006380466,81.5687026977539,3924500.0
2023-08-23,RTX,81.77901455862663,82.35256549024514,81.5400343960276,82.2474136352539,4462000.0
2023-08-24,RTX,81.73120769953286,82.36211876842542,81.39663696289062,81.39663696289062,3905800.0
2023-08-25,RTX,81.74077139833283,81.95107509427004,80.91867911044842,80.95691680908203,4737600.0
2023-08-28,RTX,81.1003098526321,82.25698033417675,81.07163339811544,81.96063995361328,4834600.0
2023-08-29,RTX,81.97976057418389,82.34300781156813,81.51135418415356,81.58782958984375,5130900.0
2023-08-30,RTX,81.86503823307201,82.90699546207668,81.77900888119484,82.6202163696289,4469800.0
2023-08-31,RTX,82.87831747210554,83.18421178850846,82.23785238668312,82.2474136352539,4914500.0
2023-09-01,RTX,82.79229274080494,82.86876814745317,82.10402866716325,82.47683715820312,2583000.0
2023-09-05,RTX,82.44815005803004,82.4959490042873,81.2723645351971,81.3010482788086,4973800.0
2023-09-06,RTX,81.12898635382795,81.22457695804412,79.58039231038177,79.82893371582031,7528800.0
2023-09-07,RTX,80.11570254697725,80.68926073712063,80.01055069832398,80.61278533935547,6376700.0
2023-09-08,RTX,80.61278587239273,80.67970002260587,79.28405682309223,79.80025482177734,5984000.0
2023-09-11,RTX,76.66482550522248,76.95160458862931,72.64040084849167,73.51029205322266,24520700.0
2023-09-12,RTX,71.40727013956814,72.37275204491978,70.41311907450614,72.22936248779297,17931800.0
2023-09-13,RTX,72.22936248779297,73.28088104465901,72.13377188074037,72.22936248779297,11613000.0
2023-09-14,RTX,70.43222951390148,72.30583299914628,70.37487661216905,72.17200469970703,15600400.0
2023-09-15,RTX,71.78963719998441,73.03233692489488,71.77052199652074,72.45878601074219,16049800.0
2023-09-18,RTX,72.56392930619394,73.13748015271669,71.8087512292527,71.86610412597656,9847200.0
2023-09-19,RTX,71.67492484711507,72.10508617017011,71.13960438877925,71.77051544189453,11389300.0
2023-09-20,RTX,72.6021582268905,72.80290794751636,71.10136335078963,71.14916229248047,10817900.0
2023-09-21,RTX,71.00577361262017,71.1682783473679,69.24688339232677,69.43806457519531,12456600.0
2023-09-22,RTX,69.4093863521863,69.485861740616,68.28139989867887,68.42478942871094,9673000.0
2023-09-25,RTX,68.15714399844995,68.92187612841262,67.88948009521259,68.87408447265625,10430100.0
2023-09-26,RTX,68.28141320149099,69.22777261512441,68.17626134518774,69.0748291015625,10323600.0
2023-09-27,RTX,69.54321343451844,70.09764905141806,69.2564343794064,69.66748046875,9391800.0
2023-09-28,RTX,69.03658237162745,69.85867461716407,68.77847974241983,68.82627868652344,8490600.0
2023-09-29,RTX,69.11306297330368,69.32335938116067,68.40567647135533,68.797607421875,6366300.0
2023-10-02,RTX,68.57774324180363,68.7689317416751,67.77477342163013,68.19537353515625,6791300.0
2023-10-03,RTX,68.26230329069959,69.0652732086327,67.33505900944604,67.46888732910156,8175800.0
2023-10-04,RTX,67.03870587102182,67.11518126573542,66.16882195871361,67.0291519165039,10264000.0
2023-10-05,RTX,66.97178832080584,67.26812863698896,66.20705629181428,66.32176208496094,7402600.0
2023-10-06,RTX,66.05410744128832,67.28724580532918,65.53790947775298,66.69457244873047,8540300.0
2023-10-09,RTX,69.54321753182442,70.02117778977511,68.65421116031236,69.77263641357422,13726200.0
2023-10-10,RTX,70.2219273635846,70.41311586206307,69.44763400075941,70.11677551269531,10633900.0
2023-10-11,RTX,70.09765948347497,70.09765948347497,69.41895673133804,70.07853698730469,7349800.0
2023-10-12,RTX,70.17412919708892,70.3079574870577,69.10349558424373,70.06897735595703,6921300.0
2023-10-13,RTX,70.67122085528041,71.12050477159924,69.87780488787041,70.02119445800781,8661900.0
2023-10-16,RTX,70.39399260207401,70.83371520416138,69.39027305196244,70.71900939941406,6299700.0
2023-10-17,RTX,70.49915203135599,71.61757750645951,70.1167822905328,70.63298034667969,8035100.0
2023-10-18,RTX,70.74768689791343,71.59845566349568,70.66165024998386,70.96754455566406,7791000.0
2023-10-19,RTX,70.7190170025856,71.55066334879766,70.59474264328774,70.63298034667969,7421400.0
2023-10-20,RTX,70.82416226422917,70.881522466427,69.28513662293277,69.35205078125,7995600.0
2023-10-23,RTX,69.38071929529066,70.7476860528353,69.32335909965762,69.9064712524414,8357200.0
2023-10-24,RTX,75.27874205121311,75.32654099515025,73.56764342021098,74.925048828125,25548200.0
2023-10-25,RTX,75.85229572754442,75.85229572754442,74.34193947746448,74.9537353515625,22157600.0
2023-10-26,RTX,74.56180739630024,76.31114385863327,74.47577804229802,75.66111755371094,33222400.0
2023-10-27,RTX,75.06845011620373,76.2537897218007,74.96329825756007,75.67068481445312,21946800.0
2023-10-30,RTX,75.5846421273798,76.2824673796698,74.34194242065337,75.10668182373047,23380600.0
2023-10-31,RTX,75.37433663351673,77.95532658767151,75.25963083095115,77.80237579345703,18663800.0
2023-11-01,RTX,78.38549532786661,79.15023478488907,77.74503022614049,78.52888488769531,20200200.0
2023-11-02,RTX,78.72004978956777,79.5325807360607,78.60534399995596,79.13109588623047,15755700.0
2023-11-03,RTX,79.50391471055516,80.16350225966396,79.0259544095999,79.0737533569336,21269500.0
2023-11-06,RTX,79.0546322222524,79.29361237684577,78.44284360994098,78.76786041259766,5950700.0
2023-11-07,RTX,78.76786744853666,79.04508532779893,78.50976477438729,79.02596282958984,6352900.0
2023-11-08,RTX,79.19801441730799,79.60906053675235,78.8730049379354,79.53258514404297,9844700.0
2023-11-09,RTX,79.97231716940811,80.15393711563847,78.51931384099495,78.7965316772461,9638100.0
2023-11-10,RTX,79.1119926885888,79.20758329213321,78.17518727042435,78.59579467773438,10351200.0
2023-11-13,RTX,78.6340266179623,79.15977854549384,78.00311555321042,78.4141616821289,7740300.0
2023-11-14,RTX,78.55755947555167,78.62447362946995,77.05676434358836,77.13323974609375,13128900.0
2023-11-15,RTX,76.96116090767777,77.66854003019398,76.26333573906025,77.07586669921875,10757800.0
2023-11-16,RTX,77.4899448294297,77.83661348870054,76.96994184052345,77.25883483886719,7578700.0
2023-11-17,RTX,77.65364960547124,77.69216916278484,76.47882882139656,76.72920227050781,7343900.0
2023-11-20,RTX,76.61365469918566,76.86402818457373,76.06476378493264,76.23809814453125,8359300.0
2023-11-21,RTX,76.00698003385388,76.17068264861201,75.21734744559474,75.25586700439453,7125000.0
2023-11-22,RTX,75.12106093717756,76.91218022146373,75.11142920964653,76.86402893066406,7024900.0
2023-11-24,RTX,76.86401869127903,77.1240165251375,76.48846218300872,77.01809692382812,2346300.0
2023-11-27,RTX,76.80624646731829,77.02772475295855,76.19957258305406,76.52698516845703,9378400.0
2023-11-28,RTX,77.02772385819867,77.79810035278824,76.6232795046238,77.22032165527344,7094800.0
2023-11-29,RTX,77.24920956947098,78.31810346708363,77.15291434425957,77.9521713256836,6852100.0
2023-11-30,RTX,78.13513473146847,78.88624774809634,78.04847123579042,78.4625473022461,8366100.0
2023-12-01,RTX,78.46255744306998,79.3581170817616,78.35663048120337,79.27144622802734,5487400.0
2023-12-04,RTX,79.0307023263039,80.10922802386582,78.90551925969837,80.05144500732422,5525300.0
2023-12-05,RTX,79.85884896208402,80.26329331533049,79.59885111981265,79.62773895263672,5945700.0
2023-12-06,RTX,79.56032442434005,80.34032522804746,79.28106315399755,79.64698791503906,6125800.0
2023-12-07,RTX,79.92626204227378,80.07070856352846,78.41440412643269,78.4818115234375,5443900.0
2023-12-08,RTX,78.66477209423324,79.05958472134984,78.15440078883984,78.3084716796875,5535000.0
2023-12-11,RTX,78.31810171325202,79.24254907891839,78.31810171325202,78.85736083984375,5897300.0
2023-12-12,RTX,78.202543863166,78.55884427377154,77.91365819095081,78.0388412475586,6811200.0
2023-12-13,RTX,78.1832930943618,80.31144928310306,77.53809962064156,80.13811492919922,8057900.0
2023-12-14,RTX,80.76404941605719,80.97589599645315,78.39515134624162,78.82848358154297,11124700.0
2023-12-15,RTX,78.71291478361947,78.95365651606606,76.71957353283584,77.3069839477539,19196600.0
2023-12-18,RTX,77.38402425976669,78.4721742623527,77.38402425976669,77.7018051147461,7701100.0
2023-12-19,RTX,77.92329247659892,79.5988604452441,77.92329247659892,79.56034088134766,9912600.0
2023-12-20,RTX,79.15588975929913,79.82997111252966,78.53959142579762,78.61663055419922,6961800.0
2023-12-21,RTX,79.00181111241619,79.91662679531309,78.35662500566342,78.9729232788086,7732800.0
2023-12-22,RTX,79.04994660790669,80.75440207721728,79.00180267265556,80.14773559570312,9769500.0
2023-12-26,RTX,80.07069862716962,81.17811202355755,80.00329123852971,80.93737030029297,4442600.0
2023-12-27,RTX,80.7929348750977,81.34182578552938,80.60033706196488,81.05293273925781,5440600.0
2023-12-28,RTX,81.05293273925781,81.47664058129467,80.97589361400469,81.05293273925781,4622700.0
2023-12-29,RTX,81.09144761615559,81.2840454181595,80.6773715254159,81.02404022216797,4624800.0
2024-01-02,RTX,80.93737914237258,82.83441795758358,80.85070829216464,82.06404876708984,10455600.0
2024-01-03,RTX,82.31441502956163,83.68182628400095,82.18922462877265,82.4395980834961,9957500.0
2024-01-04,RTX,82.80552451489677,83.3833032053492,82.17959453905056,82.24700927734375,6656500.0
2024-01-05,RTX,82.58405657199576,82.58405657199576,81.71738475440416,82.21812438964844,6796100.0
2024-01-08,RTX,81.76552719681226,82.98849198988582,81.58256112543997,82.66107940673828,7625700.0
2024-01-09,RTX,82.58403903816247,82.79589292046684,81.82329434573047,82.62255859375,5400500.0
2024-01-10,RTX,82.6225746898814,83.2581291137561,82.48775989248811,82.89220428466797,5706500.0
2024-01-11,RTX,82.72849367270513,82.82478889771926,81.5921923850871,82.16033935546875,5860100.0
2024-01-12,RTX,83.35441284395338,83.51812280121273,82.80552200264827,83.1329345703125,5277300.0
2024-01-16,RTX,82.92108197812922,83.08478459110484,81.89070766873192,82.33367156982422,9568200.0
2024-01-17,RTX,82.26626199384853,83.59515366182148,81.77514682111435,81.90033721923828,7669600.0
2024-01-18,RTX,81.90034991685216,82.66108741531959,81.65960815618752,82.30479431152344,6594800.0
2024-01-19,RTX,82.42034738909017,82.62257693753696,81.3033094164644,82.3625717163086,7509600.0
2024-01-22,RTX,82.6321971545404,82.98849759473575,81.86182795113479,81.87145233154297,14052800.0
2024-01-23,RTX,84.96257234743068,88.95887908273741,84.70256717163721,86.23368835449219,19434800.0
2024-01-24,RTX,86.31073337730766,86.71518511878142,85.41517373387835,86.17591857910156,12872300.0
2024-01-25,RTX,86.90775513587268,87.73590718530353,86.26256913245791,87.57220458984375,10584600.0
2024-01-26,RTX,87.33147343760622,87.84184473620701,86.80183868612166,87.06184387207031,5987400.0
2024-01-29,RTX,87.09073301965132,87.32184302976417,86.37813218928336,86.74406433105469,8488700.0
2024-01-30,RTX,86.82109632696036,87.71664846103047,86.72479376269744,87.24479675292969,9073500.0
2024-01-31,RTX,87.49518620382831,88.45815324780894,87.33148356959693,87.74555969238281,5560700.0
2024-02-01,RTX,88.3040724178578,88.76629981809863,87.39888841878805,88.75666809082031,13827100.0
2024-02-02,RTX,88.82407370994864,89.26703764676543,88.06332890100616,88.5737075805664,6067800.0
2024-02-05,RTX,87.88036269986434,89.21888612365899,87.52406229652843,88.82406616210938,6764600.0
2024-02-06,RTX,88.06332266129995,89.23814348941616,87.81295654965736,88.86258697509766,4718000.0
2024-02-07,RTX,89.15148850425726,89.37296680469134,88.41963151169632,88.52555847167969,4625200.0
2024-02-08,RTX,88.44851130152641,88.9685143268211,87.56258348666347,87.66851043701172,6197500.0
2024-02-09,RTX,87.75517690636606,88.21740428234435,86.98480774220876,87.15814208984375,5948100.0
2024-02-12,RTX,87.15814211134047,88.50629733251688,86.88851253647617,87.76480865478516,5483500.0
2024-02-13,RTX,87.82258653799889,88.32333348697354,86.53221429805475,87.23517608642578,6039600.0
2024-02-14,RTX,87.59147049875607,88.20776874218011,87.4951752757563,88.00554656982422,6677900.0
2024-02-15,RTX,88.02481463560021,88.83370336741473,87.91888768069283,88.39073944091797,5267200.0
2024-02-16,RTX,87.96703079095425,88.67962428799625,87.5818425355501,87.6396255493164,4949800.0
2024-02-20,RTX,88.11148026768457,88.87222507730141,87.22555239326566,87.6107406616211,6023700.0
2024-02-21,RTX,87.60110437360942,88.06332439408652,86.67665698580043,86.86924743652344,13186100.0
2024-02-22,RTX,86.96618354766782,87.07280785818982,86.17135248437245,86.78201293945312,7600000.0
2024-02-23,RTX,86.75292794218849,87.71253926440659,86.54937447354959,87.24727630615234,5810000.0
2024-02-26,RTX,87.29574641642347,88.06149948615622,87.1697392259189,87.25697326660156,5293500.0
2024-02-27,RTX,87.26666252600714,87.70285488571217,86.70446298428334,87.64469146728516,4853900.0
2024-02-28,RTX,87.63499966458632,88.44921353260489,86.79170039109167,87.1600341796875,5626100.0
2024-02-29,RTX,87.63500146261975,87.78039151687656,86.51060240822393,86.91770935058594,5874800.0
2024-03-01,RTX,86.96617776751994,87.27635554245308,86.219807643473,87.0437240600586,13566500.0
2024-03-04,RTX,87.32482055164405,87.37328883557436,86.40398231874285,87.15035247802734,6926100.0
2024-03-05,RTX,86.95648243515365,88.07118635340169,86.84985813195992,87.29573822021484,6747600.0
2024-03-06,RTX,87.10187708113945,87.96455921905296,86.98555764633875,87.4896011352539,5563800.0
2024-03-07,RTX,87.75132353322142,88.43953031782263,87.26667024306094,87.77071380615234,6778500.0
2024-03-08,RTX,87.5089937237573,88.11966158021963,87.37329139903723,88.090576171875,5727600.0
2024-03-11,RTX,87.42175971817304,89.0114218614127,87.42175971817304,88.59461975097656,7273200.0
2024-03-12,RTX,88.08087733189161,88.2650405235355,86.6947688510102,87.1891098022461,9439800.0
2024-03-13,RTX,87.30543738679617,87.93548809969968,87.06311075838882,87.7803955078125,8664500.0
2024-03-14,RTX,89.2343528777857,90.14550334255773,88.67216073537257,88.94356536865234,12161400.0
2024-03-15,RTX,88.25536592244814,90.2133619347558,88.25536592244814,90.0776596069336,35743600.0
2024-03-18,RTX,89.99041219352402,91.03726499167205,89.51545407769125,90.59138488769531,7075400.0
2024-03-19,RTX,91.55099843814028,92.46214893920585,91.1438914720045,91.94841766357422,7998800.0
2024-03-20,RTX,92.08412579966874,92.58816197120066,91.44437990230115,91.93872833251953,7854200.0
2024-03-21,RTX,92.0841213169212,92.55907945094631,91.19236107481062,91.36683654785156,6477500.0
2024-03-22,RTX,91.2989816486802,92.88864371788446,91.2989816486802,92.6075439453125,6802000.0
2024-03-25,RTX,92.7723247376624,93.28605600225157,92.34582750884644,92.69477844238281,5229300.0
2024-03-26,RTX,92.69477780478591,93.58654540392362,92.64631691698582,93.11157989501953,5474300.0
2024-03-27,RTX,93.47023388133633,94.50739162697215,93.37330470230185,94.45892333984375,7267800.0
2024-03-28,RTX,94.69155346471888,95.06958240456103,94.4783048534804,94.53646087646484,10701000.0
2024-04-01,RTX,94.46861213066454,95.15681886937013,94.15843434145609,94.75940704345703,9504500.0
2024-04-02,RTX,94.75940869500471,95.67055180687245,94.58493322333268,95.52516174316406,6759600.0
2024-04-03,RTX,94.28444275744249,95.05019580225536,94.05181126130375,94.55585479736328,15885400.0
2024-04-04,RTX,95.26344105584707,96.29090357311065,94.89510725037299,96.26182556152344,13373200.0
2024-04-05,RTX,96.39753459842821,98.6269426483219,96.39753459842821,98.56878662109375,10216500.0
2024-04-08,RTX,98.56878173745031,99.12128615441021,98.16166738135735,98.75294494628906,9901300.0
2024-04-09,RTX,97.96782079338479,98.52032527664822,97.21176280525829,98.48155212402344,9652900.0
2024-04-10,RTX,97.82241935959303,98.63664074130502,97.1536028407544,98.24891662597656,5532900.0
2024-04-11,RTX,98.23921094455953,98.45245955486152,96.72709519183141,97.68670654296875,6786100.0
2024-04-12,RTX,98.59785947115512,99.20851991073714,96.41691982164843,97.02758026123047,7327300.0
2024-04-15,RTX,98.44276802680896,98.69478979323964,96.83372304549444,96.95003509521484,9636600.0
2024-04-16,RTX,97.17297812336862,98.2101357985523,97.1535952469673,97.74486541748047,7088600.0
2024-04-17,RTX,98.15197931136416,98.66571057862811,97.07604849322874,97.65763092041016,5377600.0
2024-04-18,RTX,97.43468773289425,98.77233545789524,97.42499999229412,97.61885833740234,4238600.0
2024-04-19,RTX,98.41368627090255,99.12128325908076,97.92903302824452,98.44276428222656,10328800.0
2024-04-22,RTX,98.86926150223654,99.11158812356554,98.2586010787672,98.44276428222656,7594100.0
2024-04-23,RTX,97.89996906249579,100.7012646153395,96.81434298090875,98.26830291748047,8568200.0
2024-04-24,RTX,98.59784568209201,98.76262599104561,96.94033266769934,97.91932678222656,7722100.0
2024-04-25,RTX,97.80302936830346,98.7529456167857,97.50253931828728,98.58816528320312,6186100.0
2024-04-26,RTX,98.42338572638103,98.6754074942869,97.21175256655542,98.29737854003906,4428300.0
2024-04-29,RTX,98.72386642280368,99.46054144000878,98.53000807917054,99.29576110839844,4469700.0
2024-04-30,RTX,99.19882272592324,99.66409309543832,98.35553081180824,98.40399169921875,5421800.0
2024-05-01,RTX,98.2101264899232,98.89833316287833,98.03565103796126,98.11319732666016,9982500.0
2024-05-02,RTX,98.09381803350638,98.78203217869333,97.91934256202074,98.76264190673828,6084400.0
2024-05-03,RTX,98.86926400646587,99.03404433829009,97.58008457348912,98.28768157958984,13324700.0
2024-05-06,RTX,98.66571637727556,98.91773815544697,98.50093603568057,98.78203582763672,3408700.0
2024-05-07,RTX,99.13097503651053,100.0905938206137,98.98558497396935,100.06151580810547,6933000.0
2024-05-08,RTX,100.07119116250428,100.89510012755336,99.65438911262471,100.74971008300781,5177600.0
2024-05-09,RTX,100.91449422211214,102.51385132972536,100.88541621210084,102.49446105957031,7211300.0
2024-05-10,RTX,102.74649334526922,103.26022462876003,102.30061322383902,103.05667114257812,5626100.0
2024-05-13,RTX,103.1729907886849,104.51063115555431,102.43631574544774,102.5526351928711,6045500.0
2024-05-14,RTX,102.55263267403996,103.02759079771447,102.40723521713743,102.45569610595703,3726200.0
2024-05-15,RTX,102.25214213974262,102.72710765638782,101.91288633872593,102.11643981933594,5688300.0
2024-05-16,RTX,101.90191441157086,102.74053363252725,101.56061762157977,101.64837646484375,8723800.0
2024-05-17,RTX,102.08718138316095,102.1749402164383,101.13154304022194,101.58985900878906,8500900.0
2024-05-20,RTX,101.8141464501126,102.79903032163881,101.75563312013153,102.40897369384766,4412800.0
2024-05-21,RTX,102.584507117197,103.29636107857854,102.48699481227526,102.80879211425781,4754800.0
2024-05-22,RTX,103.00381419139993,103.80342697563623,102.78929010173168,103.66690826416016,3626300.0
2024-05-23,RTX,103.7936822457947,104.65180093428981,102.72102458553593,102.78929138183594,5787100.0
2024-05-24,RTX,103.19883596418542,103.92043585869274,103.19883596418542,103.62789154052734,3431300.0
2024-05-28,RTX,103.39386781007468,103.7059116328308,102.66251440301704,102.89654541015625,5137200.0
2024-05-29,RTX,102.40897814289181,102.60401018511602,101.90190971253226,101.97016906738281,4796800.0
2024-05-30,RTX,102.29196287593207,103.21834086590631,101.97991905870492,103.0915756225586,4391300.0
2024-05-31,RTX,103.18909342429932,105.19787513985962,102.83804318123086,105.1296157836914,10411800.0
2024-06-03,RTX,104.57378121181137,105.94872915480357,104.16422509932018,104.70055389404297,5908800.0
2024-06-04,RTX,104.73956124012666,105.69519217784209,104.26173833155747,105.21737670898438,7998000.0
2024-06-05,RTX,105.3246403207938,105.82195526325928,104.8078184552642,105.74394989013672,3141000.0
2024-06-06,RTX,105.68544972653204,105.77321601183155,105.07111548828442,105.49042510986328,3875000.0
2024-06-07,RTX,105.41240382563348,105.86096635973436,105.19787230069139,105.42215728759766,3526500.0
2024-06-10,RTX,105.314892173975,105.41240447508264,104.0179569940795,104.4275131225586,5917400.0
2024-06-11,RTX,103.74491974572257,104.48602662684056,103.50113527269667,104.2617416381836,5769500.0
2024-06-12,RTX,104.3495093401193,105.04185636018885,103.93019974320823,104.11547088623047,3429800.0
2024-06-13,RTX,103.92045267837663,104.20324358111705,101.25832275927704,102.41873931884766,7112900.0
2024-06-14,RTX,101.98966889639925,102.37972554245408,100.86826626859525,101.63862609863281,4917200.0
2024-06-17,RTX,101.41433417667828,101.89214962958387,100.89751231786246,101.87265014648438,3943500.0
2024-06-18,RTX,101.97016705173317,102.69176699441961,101.78488847521051,102.16519165039062,3991300.0
2024-06-20,RTX,102.0286701214637,103.10132770354662,101.95066474798514,102.45773315429688,6996400.0
2024-06-21,RTX,102.57475783336615,103.54989573100526,102.0774354224509,102.98431396484375,13310900.0
2024-06-24,RTX,103.11107642040301,104.80782167292996,98.43041910234128,99.42505645751953,13704800.0
2024-06-25,RTX,98.86922891259005,100.14665715280327,97.54304080256388,99.04475402832031,9330900.0
2024-06-26,RTX,98.4206724821924,98.86923504137305,97.66006608011602,98.74246978759766,6953800.0
2024-06-27,RTX,98.94724340845886,99.24953377523916,97.9330991047658,98.11837768554688,6955400.0
2024-06-28,RTX,98.39141113467677,98.39141113467677,97.57229146718385,97.89408874511719,13853200.0
2024-07-01,RTX,98.37190945254031,99.15202275460138,96.84094323500771,97.07498168945312,4475200.0
2024-07-02,RTX,96.82144755842916,98.12812883510618,96.60691601993899,97.91360473632812,8299900.0
2024-07-03,RTX,98.39141534413183,98.52793405460272,97.88433947120129,98.23538970947266,2149200.0
2024-07-05,RTX,97.99160743099459,98.06962025007236,97.08472886842327,97.87459564208984,6153300.0
2024-07-08,RTX,98.14763407382625,98.69370893353666,97.49429344671388,97.6113052368164,8738100.0
2024-07-09,RTX,97.74781877438214,99.15201969893265,97.53328725094119,98.59619140625,5648900.0
2024-07-10,RTX,98.39141904808356,98.66445647930387,96.94821163200365,98.17688751220703,6483600.0
2024-07-11,RTX,98.02085487889342,100.09790329196557,97.72831798333203,99.19102478027344,7592400.0
2024-07-12,RTX,99.46407103532873,100.29293680601404,98.50843256955517,98.76197052001953,6003000.0
2024-07-15,RTX,99.74686175887514,100.09791201591348,98.99600137143285,99.09352111816406,3776300.0
2024-07-16,RTX,99.33730524950091,101.11205601385012,99.2202860176702,101.10230255126953,4341200.0
2024-07-17,RTX,101.23882062048371,102.66252111993927,101.23882062048371,102.37973022460938,5433000.0
2024-07-18,RTX,102.38947957593966,102.83804211750694,101.19981014670344,101.25831604003906,4450100.0
2024-07-19,RTX,101.9019146359708,101.9019146359708,100.08815747406746,100.2539291381836,7229600.0
2024-07-22,RTX,100.1271591152374,101.23881571768531,100.06865322238595,101.19005584716797,6207900.0
2024-07-23,RTX,101.19005197258785,102.95505654971217,101.04378724605971,102.36022186279297,7602000.0
2024-07-24,RTX,102.43824828285766,103.22810766986646,101.43384990911863,102.22371673583984,7180200.0
2024-07-25,RTX,107.4894506490071,112.94046776949266,106.72883686129401,110.64889526367188,14997000.0
2024-07-26,RTX,111.12671208009806,112.36514135580951,110.67814954738508,111.11695861816406,7526300.0
2024-07-29,RTX,111.16572452579621,111.78005874619507,110.48313094757525,111.59478759765625,4138900.0
2024-07-30,RTX,112.33588151789931,114.12038563523241,111.71179386588855,113.97411346435547,6074400.0
2024-07-31,RTX,114.5787003002471,115.28080076052588,113.56455601759016,114.5689468383789,6780400.0
2024-08-01,RTX,114.79323146651585,115.0565154184468,113.17449902815538,113.83759307861328,5135100.0
2024-08-02,RTX,113.35978062280599,115.35881628924339,112.20911760577742,113.54505920410156,4578400.0
2024-08-05,RTX,112.24812710083472,113.5450623261408,111.52652711971822,112.30663299560547,5888600.0
2024-08-06,RTX,112.71619526722938,113.9156182532307,111.28274868942029,111.5557861328125,4642400.0
2024-08-07,RTX,111.45825335890807,113.09648515818924,110.78540589714817,111.31198120117188,5553200.0
2024-08-08,RTX,111.06821027776064,112.95997277847778,110.8731782304571,112.23837280273438,8889100.0
2024-08-09,RTX,112.17985685058672,113.39877913802827,112.01408520502537,113.26226043701172,5534300.0
2024-08-12,RTX,113.95461826533912,114.52020004615233,112.88196803809086,113.70108032226562,8602000.0
2024-08-13,RTX,113.88636100305806,114.34467702560512,113.18426049530186,113.95462036132812,5911900.0
2024-08-14,RTX,113.9351088268113,114.90050070577534,113.74983768455208,114.7249755859375,5826700.0
2024-08-15,RTX,115.56360006069815,116.0316621085277,114.60796160016865,115.41732788085938,5629900.0
2024-08-16,RTX,115.55457280421093,116.2898398576061,115.26046299104358,115.63299560546875,5251500.0
2024-08-19,RTX,115.68202333479519,116.19180523138182,115.6624195031865,116.025146484375,5389900.0
2024-08-20,RTX,116.00553569941718,116.34865882843026,114.93694369246413,115.63299560546875,6129200.0
2024-08-21,RTX,116.17219769565743,116.3094469511132,114.65264275086687,114.95655822753906,3050900.0
2024-08-22,RTX,115.05459088169866,115.74083715027051,114.87812648699114,115.70162200927734,3743600.0
2024-08-23,RTX,115.96631764694168,116.55452977898227,115.59378504187134,116.1917953491211,3427500.0
2024-08-26,RTX,116.35847269787654,117.37804398143848,116.06436286394613,116.36827087402344,6260400.0
2024-08-27,RTX,116.3486599398747,117.24078008383088,116.0643557789699,117.14274597167969,4101200.0
2024-08-28,RTX,117.41724396794575,118.96620836359173,117.32901551124957,118.46622467041016,4287200.0
2024-08-29,RTX,118.7113169070963,120.32890597274657,118.17212553822854,119.88774871826172,3547800.0
2024-08-30,RTX,119.6524690572711,121.27005069354571,119.56423311592458,120.91712188720703,6372000.0
2024-09-03,RTX,120.70145227257048,121.23084549283239,118.30938086535531,118.61328887939453,5543900.0
2024-09-04,RTX,118.7211284872817,119.9171641892036,118.39760916210142,118.7309341430664,4484200.0
2024-09-05,RTX,118.80935748960121,119.22110525421841,116.31925211195087,117.28980255126953,5764500.0
2024-09-06,RTX,117.29961043146892,118.39760449127532,115.75064597764369,116.1133804321289,3983700.0
2024-09-09,RTX,117.28979995430954,118.94660411082965,116.82903140335851,118.77994537353516,4492000.0
2024-09-10,RTX,119.12306617001704,119.31913438893243,117.5544979801246,117.93683624267578,3806700.0
2024-09-11,RTX,117.51529231438113,117.51529231438113,115.04479067154888,116.91727447509766,4857200.0
2024-09-12,RTX,116.66237819728649,117.78978923039188,116.46630996523496,117.74076843261719,4229700.0
2024-09-13,RTX,117.54470591035357,117.83880827271705,116.55454408749142,116.780029296875,4708000.0
2024-09-16,RTX,117.61332259995378,118.1819309334563,115.74083885740967,116.85844421386719,6025400.0
2024-09-17,RTX,116.17219699760554,116.70159018526402,115.43692992800044,116.3976821899414,5101500.0
2024-09-18,RTX,116.63296867245485,117.26039599024382,115.45653684195783,115.72123718261719,4434800.0
2024-09-19,RTX,116.36827070838585,116.86825443354635,114.95656295429114,116.48591613769531,5270600.0
2024-09-20,RTX,115.87809199327945,116.5545401188735,115.54477449804534,115.8290786743164,16958300.0
2024-09-23,RTX,116.33885666172132,118.113306289862,115.88789375299355,117.90742492675781,6755400.0
2024-09-24,RTX,117.77017425860478,117.88781968189289,116.74080485304657,117.68194580078125,5844600.0
2024-09-25,RTX,118.14270904316813,119.06423863912687,117.9956541405559,118.5250473022461,5713600.0
2024-09-26,RTX,117.87802112909799,119.48580461329028,117.7701813544672,117.95645141601562,6202600.0
2024-09-27,RTX,117.58391293757626,118.85837137888808,117.27019928499696,118.02507019042969,7941800.0
2024-09-30,RTX,118.30937116758936,118.9073889703739,117.4172435511483,118.77994537353516,5475700.0
2024-10-01,RTX,118.79955286300468,122.14256328494672,117.77998161832225,121.94649505615234,7206900.0
2024-10-02,RTX,122.76019115536054,123.06409915072616,121.21122673342101,121.6033706665039,3802900.0
2024-10-03,RTX,122.05433610200922,122.44648004322158,120.77987016294989,121.24063873291016,4765700.0
2024-10-04,RTX,121.2700385554376,122.52490056322054,120.73084722382248,122.4562759399414,3055900.0
2024-10-07,RTX,122.39746066431266,123.21115804284231,121.80924848543862,122.59353637695312,4606100.0
2024-10-08,RTX,122.96606987172234,123.46605359304786,120.84849703753686,121.07398223876953,3194500.0
2024-10-09,RTX,120.61321089355557,122.28961894240288,120.19165746750461,121.51513671875,3210400.0
2024-10-10,RTX,121.20141924552324,121.63277831334413,120.00539111301468,120.52497863769531,2785300.0
2024-10-11,RTX,120.58379772211508,121.49552917480469,120.48576361011558,121.49552917480469,2556200.0
2024-10-14,RTX,121.30926732876772,122.37785941652892,120.84849874373919,122.19158935546875,1929700.0
2024-10-15,RTX,123.4954506384226,124.32875177032975,122.25039428833574,122.57391357421875,7521300.0
2024-10-16,RTX,122.31902635847342,123.7601510110336,121.76022368498309,123.74054718017578,3127400.0
2024-10-17,RTX,123.98563510385225,124.50522263149618,122.67195406232527,123.27977752685547,2463700.0
2024-10-18,RTX,123.67193449380008,123.7895724493521,122.58373852779911,123.44644927978516,4356300.0
2024-10-21,RTX,123.42683410644531,123.94642164112415,122.25040230234801,123.42683410644531,4768600.0
2024-10-22,RTX,125.47576954427197,126.17182144666171,121.10338243097108,123.06409454345703,5746100.0
2024-10-23,RTX,124.4169953770419,124.99540188185335,123.16213329495774,124.71109771728516,5451400.0
2024-10-24,RTX,123.8974040214582,124.191513849905,122.66216069283843,122.71117401123047,4171800.0
2024-10-25,RTX,123.58369240956699,123.76996246930504,122.34844906047698,122.70137786865234,4716200.0
2024-10-28,RTX,122.76999622727679,123.43663866649345,122.18177659068537,122.966064453125,4453200.0
2024-10-29,RTX,122.94646543192174,123.03469389314785,120.27008991520786,120.3779296875,5102700.0
2024-10-30,RTX,119.93676854862717,120.39753713872385,119.35836200669229,119.46620178222656,4852100.0
2024-10-31,RTX,118.91720437295763,119.69167915199151,118.21134674594174,118.61328887939453,4112700.0
2024-11-01,RTX,119.11326126901727,119.23090668882489,116.40747644962744,116.41728210449219,5234900.0
2024-11-04,RTX,116.73099514477742,117.27999214201296,115.51535573110313,115.68201446533203,6856100.0
2024-11-05,RTX,116.1623889988228,116.76040680173176,115.38790680358788,116.64276885986328,8093600.0
2024-11-06,RTX,120.1426407293973,120.44654872108775,117.89762440615824,119.20149230957031,9631900.0
2024-11-07,RTX,119.6034427832905,119.84853180538741,117.60351546543694,117.72116088867188,4415200.0
2024-11-08,RTX,118.57406921393955,121.7798379011317,118.52505589586382,121.12300109863281,6381600.0
2024-11-11,RTX,121.6425772180465,123.0738961151324,121.58375077054784,122.11314392089844,4012300.0
2024-11-12,RTX,122.43667116508077,122.81900944083006,119.8975524887189,120.946533203125,3896200.0
2024-11-13,RTX,120.95633445447734,121.51513713936068,120.54458668235773,121.3190689086914,2802500.0
2024-11-14,RTX,120.7798691612979,121.07397898464896,115.25066132667662,116.58394622802734,6113200.0
2024-11-15,RTX,116.44595606131003,117.13585714320047,115.44066303414643,116.82047271728516,6970500.0
2024-11-18,RTX,116.66279756846741,117.99332553205383,116.66279756846741,117.66808319091797,4462300.0
2024-11-19,RTX,119.49140083288412,119.59981494749134,116.7909208857563,117.2442855834961,4654100.0
2024-11-20,RTX,117.13586523343493,117.55966378996897,115.97288367266881,117.4315414428711,3990700.0
2024-11-21,RTX,117.87505396479577,119.13659181688143,117.14572880393851,118.79164123535156,4847900.0
2024-11-22,RTX,118.97890099724837,120.12216683338151,118.76207277332004,119.0281753540039,3585200.0
2024-11-25,RTX,118.62408754565179,119.25485643267264,116.31783269300323,116.93875122070312,8322400.0
2024-11-26,RTX,117.15558845418995,119.29428961136321,116.8796204654357,118.87049102783203,3175800.0
2024-11-27,RTX,119.2942864209786,119.99404545519097,118.59452738676623,118.60437774658203,3604000.0
2024-11-29,RTX,118.93947577067127,120.11231523196358,118.91976753204452,120.07289123535156,2728600.0
2024-12-02,RTX,120.07288514620245,120.23057360529529,116.83033490304618,116.96831512451172,4468700.0
2024-12-03,RTX,117.30341209044312,117.72721064883426,116.18971239948888,116.39668273925781,3620300.0
2024-12-04,RTX,116.06158378642735,117.64836382502101,115.8053315855837,117.51038360595703,3774300.0
2024-12-05,RTX,117.08659114073866,117.29356148006488,115.9925996904726,116.81062316894531,3328800.0
2024-12-06,RTX,116.31784279160955,116.64308514203643,115.70678960889606,116.28827667236328,4792100.0
2024-12-09,RTX,115.65749657176447,116.15028522994784,112.57264227850555,114.89860534667969,7255400.0
2024-12-10,RTX,114.91832205588787,116.51496013306979,114.32697712634747,115.91375732421875,3725400.0
2024-12-11,RTX,116.14043157021466,116.27841931732799,114.62264906491099,115.25341796875,4298000.0
2024-12-12,RTX,115.25341443569505,115.55894099930669,113.95245267148785,114.37625122070312,3848600.0
2024-12-13,RTX,114.58321922055926,116.22913151003237,114.29740090069465,116.05172729492188,5061600.0
2024-12-16,RTX,115.73634702681389,116.64307637253795,115.11543601124689,116.40653991699219,3986400.0
2024-12-17,RTX,115.99260393815538,116.42625287099425,115.31255314163813,115.72649383544922,3012400.0
2024-12-18,RTX,115.1745690444522,115.7560560682366,112.72048356282113,112.79932403564453,4113600.0
2024-12-19,RTX,114.0312981198885,115.5589460433435,113.58779131339308,113.79476165771484,5446900.0
2024-12-20,RTX,113.28225886244184,115.09571751067118,112.9471586656597,114.800048828125,13389200.0
2024-12-23,RTX,114.51422708457496,115.20412817593555,114.11999466692978,114.9478759765625,3588700.0
2024-12-24,RTX,114.27769138704508,115.27312662173442,114.2087012729196,115.14500427246094,1663000.0
2024-12-26,RTX,115.08586439071595,115.9236111576316,114.71134770292856,115.35197448730469,2147000.0
2024-12-27,RTX,114.5930769515236,115.83490653718526,114.1692783836828,115.0267333984375,3847500.0
2024-12-30,RTX,113.77505576692913,114.24812870103933,112.87817673700053,113.5582275390625,2822000.0
2024-12-31,RTX,113.90317202807394,114.42552681125582,113.25269489862274,114.05101013183594,2445000.0
2025-01-02,RTX,115.28298349002557,115.75605640577908,113.8736075829393,114.33683013916016,3207500.0
2025-01-03,RTX,114.62265110882623,114.98730992324155,114.15942854194977,114.1988525390625,2902600.0
2025-01-06,RTX,114.60293518440099,114.60293518440099,112.0897174068166,112.45437622070312,3832300.0
2025-01-07,RTX,112.45437842640835,113.61736004460366,112.28683207515482,113.144287109375,3588400.0
2025-01-08,RTX,113.2724037101502,114.52408362037356,112.75990680312036,114.24812316894531,4294200.0
2025-01-10,RTX,114.1692811258609,114.84933193042635,113.15413761834705,113.44981384277344,4287300.0
2025-01-13,RTX,112.92745715917674,116.22913985357415,112.92745715917674,116.04187774658203,5414900.0
2025-01-14,RTX,117.0471739328964,117.79620734170041,116.47553723721008,117.74693298339844,3804900.0
2025-01-15,RTX,118.41712313675825,118.6339513624044,116.4656766253015,117.37240600585938,4279600.0
2025-01-16,RTX,117.62865714266253,118.77193049665493,117.3822628011323,118.72264862060547,3896900.0
2025-01-17,RTX,118.86063466327563,119.5998177240166,118.13130948209839,119.36328125,4368600.0
2025-01-21,RTX,120.95991521039755,123.99548782745217,120.73322910437764,123.93635559082031,6071100.0
2025-01-22,RTX,123.86735888079174,124.06447133864361,121.86663810809789,122.58610534667969,5103800.0
2025-01-23,RTX,123.94621968917819,125.16833359682906,122.90150250032397,124.46857452392578,5501300.0
2025-01-24,RTX,123.70966351385012,124.45870439225483,123.27601460054913,123.50269317626953,3483000.0
2025-01-27,RTX,124.79380849169118,126.14404466749528,122.58610978318836,123.24645233154297,6207800.0
2025-01-28,RTX,129.2880339821652,130.52000571185673,124.31087270582657,126.49886322021484,8451600.0
2025-01-29,RTX,125.56255935157881,127.88851504382056,123.20703002176157,123.3252944946289,5179000.0
2025-01-30,RTX,123.84764972154804,127.35630257684976,123.73923561472843,127.11975860595703,4343600.0
2025-01-31,RTX,127.27745680252596,128.05605628235617,125.67096844887361,127.09019470214844,5569300.0
2025-02-03,RTX,126.64668562348866,128.65725673930882,125.71039017720616,128.04620361328125,6067300.0
2025-02-04,RTX,127.67168603644619,128.57843045193778,126.17361926023665,126.51856231689453,4036800.0
2025-02-05,RTX,127.789968874165,128.0166474645806,126.43971761426556,127.29718017578125,4881500.0
2025-02-06,RTX,127.19861366025098,127.87866445545744,125.69068147901812,126.92265319824219,3363300.0
2025-02-07,RTX,126.94236866987414,127.13948113676133,125.49356872824157,126.10462188720703,3827300.0
2025-02-10,RTX,126.22289474364044,126.6466857731691,125.06976356313358,126.4002914428711,5344900.0
2025-02-11,RTX,127.23803629858661,127.55341321656874,125.95678279225288,127.24788665771484,3320600.0
2025-02-12,RTX,125.9666357532473,126.74525026323118,124.61639962769405,124.95149230957031,5154900.0
2025-02-13,RTX,125.70054100332887,125.79909723828494,123.46327612109638,124.02505493164062,6580400.0
2025-02-14,RTX,123.64067988194523,123.64067988194523,119.6293802276695,120.64453125,7715900.0
2025-02-18,RTX,122.44812478516809,123.52240797977029,121.63010131991265,121.97505187988281,5386200.0
2025-02-19,RTX,122.61567998816162,124.783947119744,122.31014590082023,123.60125732421875,5124600.0
2025-02-20,RTX,122.9606295781436,123.50269259706725,121.41327347356224,123.30558013916016,3132000.0
2025-02-21,RTX,123.38482288990507,124.29614879477631,121.52256267239528,122.1268081665039,4846100.0
2025-02-24,RTX,123.82068435115264,125.03908321043049,123.45417240480388,124.24662780761719,4461000.0
2025-02-25,RTX,124.7221018447228,126.72304076708694,124.47446047744228,126.13860321044922,6007900.0
2025-02-26,RTX,126.31690455916049,127.1192677235035,125.6433197417964,126.10888671875,3904500.0
2025-02-27,RTX,127.20841127805535,129.7541716997051,126.6239812992899,129.28860473632812,5758900.0
2025-02-28,RTX,130.05131735084214,131.83433799283773,129.3876403842047,131.73529052734375,7461000.0
2025-03-03,RTX,133.0725504597341,134.08293138660864,131.66594942399766,132.56736755371094,6215800.0
2025-03-04,RTX,132.260296017671,133.45887168353843,127.2777532807731,127.48576354980469,7911200.0
2025-03-05,RTX,128.25840653977153,129.308403468157,127.02019976293414,128.41690063476562,5774900.0
2025-03-06,RTX,127.39662107301943,127.6442624315227,124.77162116140178,127.06973266601562,6258300.0
2025-03-07,RTX,125.80180549273652,127.68387370220827,125.06878921460284,127.18859100341797,6418500.0
2025-03-10,RTX,125.8018085558682,128.61501072593657,125.21737858462427,127.3074722290039,4916800.0
2025-03-11,RTX,127.4758664277954,127.8324705838952,125.90086347878548,126.90133666992188,4404800.0
2025-03-12,RTX,127.13908169016271,127.33719175740991,125.61360243121776,126.75275421142578,4701800.0
2025-03-13,RTX,127.09944596930364,128.41689978491934,126.79237310905275,127.98104858398438,3434100.0
2025-03-14,RTX,127.72351407375582,129.45700364562583,126.79238011392148,128.76361083984375,5380700.0
2025-03-17,RTX,128.77350653666633,131.45794551576316,128.77350653666633,130.80416870117188,4934600.0
2025-03-18,RTX,130.8239798978539,132.0126553572936,130.46737574853913,131.43812561035156,4128400.0
2025-03-19,RTX,132.74566630730615,134.45935536418745,132.25038359799848,134.04331970214844,7080700.0
2025-03-20,RTX,132.85462054279577,134.04331106036224,132.62679474335425,133.20132446289062,4311300.0
2025-03-21,RTX,132.5673716869783,133.23104870317002,130.45746251017545,131.1211395263672,9545900.0
2025-03-24,RTX,131.40840402071407,133.617360536917,130.6951957537631,133.41925048828125,5525300.0
2025-03-25,RTX,133.50840926730044,134.65746880933284,132.71595388952537,134.38011169433594,3990600.0
2025-03-26,RTX,134.68717924652643,134.8852893044423,132.79519569654852,133.06265258789062,4464500.0
2025-03-27,RTX,133.63719034720856,133.68672164336385,131.90370078557942,132.171142578125,3914000.0
2025-03-28,RTX,131.7154710471293,132.37914799390822,130.39801736537632,130.47726440429688,3935200.0
2025-03-31,RTX,129.82351113016637,131.88388916995666,129.34804392554705,131.21031188964844,5521100.0
2025-04-01,RTX,131.03198912258813,131.78481338076722,130.120670773794,131.59661865234375,4799300.0
2025-04-02,RTX,130.12067806506298,132.4187820484417,129.97209929355353,131.89378356933594,3352900.0
2025-04-03,RTX,129.764067103055,132.4485059814366,128.7140701998303,129.00132751464844,4605200.0
2025-04-04,RTX,124.81124909918577,125.1876612567521,116.24285628049681,116.34191131591797,8526700.0
2025-04-07,RTX,112.84521082632986,118.78860334599855,111.2107763719381,116.213134765625,8774800.0
2025-04-08,RTX,121.8494618433421,122.80040379750568,117.58011948436246,119.32351684570312,8108600.0
2025-04-09,RTX,117.89709097959606,127.71359019678438,117.05511189824469,127.21830749511719,6747400.0
2025-04-10,RTX,125.71266061899809,128.07019603187368,122.60227825877698,125.87114715576172,6457800.0
2025-04-11,RTX,124.96973324860998,128.09992350903596,123.8206737684797,127.04991149902344,3654100.0
2025-04-14,RTX,128.03057839956168,128.72397115903073,127.06972874900151,127.92161560058594,4099900.0
2025-04-15,RTX,127.28765963814227,128.7239765099259,127.03011806387053,127.42633819580078,6315600.0
2025-04-16,RTX,128.6843707449338,128.971628096133,127.22823821666076,128.0305938720703,5382800.0
2025-04-17,RTX,128.1395400280645,129.2687839731216,126.49519784575179,127.6739730834961,5228300.0
2025-04-21,RTX,127.287657748708,127.51548356544464,123.55322940305497,124.93011474609375,6397400.0
2025-04-22,RTX,113.4494510002864,116.08435852094911,111.56737527944362,112.67681121826172,17094400.0
2025-04-23,RTX,116.2725689701411,121.46313733241881,116.17351393733128,119.14521026611328,10456300.0
2025-04-24,RTX,118.8975679113635,120.90841453450838,118.38247721060999,120.81926727294922,4512800.0
2025-04-25,RTX,121.57209892409733,124.3159618483972,121.25511828781633,124.03860473632812,6205900.0
2025-04-28,RTX,124.74190241606674,125.11831455129555,122.51313024298659,123.62256622314453,5460100.0
2025-04-29,RTX,123.62256658805373,124.85086558432315,123.21643114109031,124.54379272460938,4313600.0
2025-04-30,RTX,124.60322146535317,125.37586126129928,122.43388084026282,124.94001007080078,5674100.0
2025-05-01,RTX,125.20746599446966,126.88151635365786,124.2466163632225,126.20793914794922,4820900.0
2025-05-02,RTX,128.1593505474973,129.76406158686476,126.64377920516348,128.9815216064453,5002200.0
2025-05-05,RTX,128.77350908490695,128.8329405938042,127.06973529398182,127.3768081665039,3293300.0
2025-05-06,RTX,126.3763445419357,127.4560572772367,125.71266749047098,126.95087432861328,2596100.0
2025-05-07,RTX,126.60416147897348,127.59472687993856,126.17821805426193,126.29708862304688,4029200.0
2025-05-08,RTX,126.78246228986593,129.29849929013085,126.29708736430653,127.45604705810547,4748300.0
2025-05-09,RTX,127.63435668821288,127.63435668821288,124.84095503021413,127.45604705810547,4857600.0
2025-05-12,RTX,128.66453954673253,129.56595769071072,126.18812604008603,129.32821655273438,4686400.0
2025-05-13,RTX,129.76406669603563,130.7942480559224,129.22916803346197,129.48670959472656,4334700.0
2025-05-14,RTX,130.24945342291164,130.60605758118467,127.89190287017169,129.55604553222656,4843600.0
2025-05-15,RTX,130.695198685554,134.37018778189326,130.50698884493832,134.24142456054688,6772200.0
2025-05-16,RTX,134.42963841227845,135.1131158485732,133.2112320755678,134.20179748535156,4776000.0
2025-05-19,RTX,134.5980400607488,136.42067688662044,133.91454747233956,135.90557861328125,5180800.0
2025-05-20,RTX,135.10321741279193,136.45038699241,134.60793470138574,135.88575744628906,4998600.0
2025-05-21,RTX,137.19331393656074,137.51030213362603,133.57775611340617,133.6768035888672,5514900.0
2025-05-22,RTX,133.3301132159573,133.70651780209803,132.25038540762245,132.80511474609375,3790900.0
2025-05-23,RTX,131.27186101392456,132.80510163024195,130.74418621018748,131.76966857910156,5510000.0
2025-05-27,RTX,133.90029587956747,134.30848657232917,131.5705447281114,133.6016082763672,5160800.0
2025-05-28,RTX,134.049631111676,134.40805319453676,130.32602476150524,132.26748657226562,5426300.0
2025-05-29,RTX,131.54066687620838,134.49764504478856,131.321630330989,134.20892333984375,3634700.0
2025-05-30,RTX,134.40805500409027,136.69797305364762,133.78081255266875,135.88156127929688,8195100.0
2025-06-02,RTX,135.82182099275897,136.91700376719075,134.83615649577038,136.85726928710938,3946200.0
2025-06-03,RTX,136.80749300152064,138.1814316944778,135.8317791336775,136.8970947265625,3493900.0
2025-06-04,RTX,137.5542003019376,138.2511279067221,137.0464268248299,137.94248962402344,3200400.0
2025-06-05,RTX,138.58962471609448,138.70910886360357,137.63384268731036,138.460205078125,3510800.0
2025-06-06,RTX,139.06752524005012,140.03327320909622,137.71350313866358,138.49008178710938,4511000.0
2025-06-09,RTX,138.58963776097272,140.4713499486334,137.67367356722136,140.36183166503906,7104300.0
2025-06-10,RTX,139.88392663091523,140.5012031539343,137.3351543130387,137.91261291503906,6303500.0
2025-06-11,RTX,138.39051041247475,141.2379704430254,134.83615691769126,141.1881866455078,6370300.0
2025-06-12,RTX,139.65495335519793,141.43709794254272,139.51556782988538,140.36183166503906,4664400.0
2025-06-13,RTX,143.3885024512439,145.3797328108817,141.6959596839282,145.05117797851562,11765200.0
2025-06-16,RTX,145.85762798248834,146.4251359431927,144.27460344770628,145.81781005859375,7986100.0
2025-06-17,RTX,146.7835347664255,148.52586128478964,145.1706430793991,147.8289337158203,7251800.0
2025-06-18,RTX,147.90858438383023,148.60551195106896,145.02130652303478,145.23037719726562,7116900.0
2025-06-20,RTX,145.2204306528804,147.50038272893167,143.269018217125,145.99700927734375,9220600.0
2025-06-23,RTX,146.1762354022659,146.42513920983666,144.46377599082837,145.170654296875,6548500.0
2025-06-24,RTX,142.87078640686673,143.40841195003205,139.8938913812974,141.22802734375,8242100.0
2025-06-25,RTX,141.65613368969477,141.79551921420043,139.85407255434225,140.7600860595703,10395000.0
2025-06-26,RTX,141.28775625430794,142.77121317505413,140.64059726111947,142.04441833496094,5407500.0
2025-06-27,RTX,141.44705612676694,144.0754795982323,141.3076554171512,144.02569580078125,9173900.0
2025-06-30,RTX,144.84208952961774,145.7680195301559,144.3641985055332,145.37973022460938,5939500.0
2025-07-01,RTX,145.0113441646745,145.16069555605645,142.034464514174,143.55775451660156,4819500.0
2025-07-02,RTX,143.03007711988502,144.08542675574574,142.33314954826776,143.8863067626953,3253300.0
2025-07-03,RTX,143.85644644839564,145.7481092612593,143.73696229330824,145.1109161376953,1888700.0
2025-07-07,RTX,145.61867214434824,146.1363962966051,144.49363731071506,145.28016662597656,4532500.0
2025-07-08,RTX,145.01134266706916,145.35981405147953,142.35305200024942,144.27459716796875,4331300.0
2025-07-09,RTX,145.0909929402341,145.8576208667761,144.09537778073388,145.5390167236328,2666200.0
2025-07-10,RTX,145.46933492212935,145.89744215849913,144.3940687020081,145.758056640625,4130900.0
2025-07-11,RTX,145.53902101379794,146.42513311608016,144.86200997748426,146.2259979248047,3468800.0
2025-07-14,RTX,147.24152280579602,148.91416414485107,146.4350769711315,148.62542724609375,4461000.0
2025-07-15,RTX,149.14316026959372,150.08899167293725,147.7492898719296,148.02806091308594,4530500.0
2025-07-16,RTX,148.19733145496363,149.70070496688083,147.60990692980369,149.51153564453125,3361700.0
2025-07-17,RTX,149.89981269924948,151.32355024591826,149.53143995970782,150.835693359375,4326500.0
2025-07-18,RTX,151.14433162135654,152.17977987200317,150.4175368245728,150.835693359375,5928600.0
2025-07-21,RTX,151.31358806355928,152.71740908799867,150.39762393756612,150.8954315185547,7116000.0
2025-07-22,RTX,144.8420924636949,149.61109769424792,142.93051313675204,148.5159149169922,10722700.0
2025-07-23,RTX,149.34228468790468,155.9033854158081,148.45618773976508,155.8038330078125,8667100.0
2025-07-24,RTX,155.56486531135224,156.55052976704226,154.46968258280776,154.5393829345703,4865300.0
2025-07-25,RTX,154.52943269214202,156.6401319292926,153.58358615485153,156.19210815429688,4728200.0
2025-07-28,RTX,156.46091690151405,156.6401355307618,154.94759279081774,155.3856658935547,4022900.0
2025-07-29,RTX,157.03837137373654,158.09372098871555,155.6445162580815,156.43104553222656,4341800.0
2025-07-30,RTX,156.75961291792478,158.0339991806565,155.734130459506,157.7054443359375,3998700.0
2025-07-31,RTX,157.41671486190333,157.53618382069283,156.06267762538897,156.87908935546875,4796000.0
2025-08-01,RTX,155.6046970930488,156.78948164349666,153.07584110171553,156.12242126464844,4420700.0
2025-08-04,RTX,156.4410223456976,157.7154085953753,156.05273302262208,156.68992614746094,3961900.0
2025-08-05,RTX,156.58039664949524,157.34700936585037,155.07700807174356,155.64451599121094,4993900.0
2025-08-06,RTX,155.96310995215697,157.0383761563588,154.9575441018013,155.0670623779297,4112100.0
2025-08-07,RTX,153.97187767842607,155.07701110839844,152.56807185539222,155.07701110839844,5105800.0
2025-08-08,RTX,155.9133451414106,156.23193410306664,154.0415837190788,154.18096923828125,3667300.0
2025-08-11,RTX,154.05153072522276,154.9874114140523,153.46412142202357,154.12123107910156,3572900.0
2025-08-12,RTX,154.29048812467605,155.24627020529033,153.88228224830345,154.80821228027344,2962300.0
2025-08-13,RTX,155.31597392590467,155.65447945379393,151.99062274559418,155.02725219726562,5012300.0
2025-08-14,RTX,154.91773332009654,155.64452817233115,153.97188671362667,154.40000915527344,2766600.0
2025-08-15,RTX,154.25999450683594,154.8699951171875,153.3300018310547,154.08999633789062,4593800.0
2025-08-18,RTX,154.42999267578125,156.17999267578125,154.39999389648438,155.5,3679300.0
2025-08-19,RTX,154.57000732421875,155.1300048828125,153.2100067138672,153.66000366210938,3008600.0
2025-08-20,RTX,153.77000427246094,157.11000061035156,153.08999633789062,156.58999633789062,3766500.0
2025-08-21,RTX,156.7899932861328,157.75,156.22000122070312,156.32000732421875,3179800.0
2025-08-22,RTX,157.0500030517578,157.94000244140625,156.2100067138672,156.24000549316406,4252700.0
2025-08-25,RTX,156.6300048828125,157.63999938964844,156.0,156.27000427246094,2431100.0
2025-08-26,RTX,156.75999450683594,159.6999969482422,156.3800048828125,159.57000732421875,5096100.0
2025-08-27,RTX,159.97000122070312,160.2100067138672,159.0,159.83999633789062,2992300.0
2025-08-28,RTX,160.14999389648438,161.25999450683594,159.25,160.66000366210938,3117700.0
2025-08-29,RTX,161.05999755859375,161.10000610351562,158.42999267578125,158.60000610351562,3774900.0
2025-09-02,RTX,158.1999969482422,158.6300048828125,156.3699951171875,158.00999450683594,3260100.0
2025-09-03,RTX,157.9499969482422,158.33999633789062,156.4499969482422,158.11000061035156,2738900.0
2025-09-04,RTX,158.22999572753906,159.1699981689453,157.5500030517578,158.67999267578125,3218800.0
2025-09-05,RTX,158.60000610351562,159.0,155.55999755859375,157.52000427246094,4046300.0
2025-09-08,RTX,156.9199981689453,157.0,153.66000366210938,154.22000122070312,5522800.0
2025-09-09,RTX,153.63999938964844,153.6999969482422,150.61000061035156,151.75,5461300.0
2025-09-10,RTX,152.0,155.0399932861328,151.64999389648438,155.0,4520400.0
2025-09-11,RTX,155.02999877929688,158.00999450683594,154.36000061035156,157.64999389648438,4289900.0
2025-09-12,RTX,157.75,158.13999938964844,155.82000732421875,155.85000610351562,3194400.0
2025-09-15,RTX,155.92999267578125,158.47999572753906,155.7100067138672,158.3699951171875,3891400.0
2025-09-16,RTX,159.85000610351562,159.9499969482422,157.63999938964844,158.5800018310547,6525200.0
2025-09-17,RTX,158.57000732421875,159.32000732421875,157.6199951171875,158.30999755859375,3999200.0
2025-09-18,RTX,157.30999755859375,158.2899932861328,156.5,158.19000244140625,3696100.0
2025-09-19,RTX,158.6999969482422,158.6999969482422,156.69000244140625,158.24000549316406,7083700.0
2025-09-22,RTX,158.07000732421875,159.8000030517578,157.6699981689453,159.42999267578125,3296700.0
2025-09-23,RTX,159.75,161.39999389648438,158.9499969482422,160.5399932861328,3287100.0
2025-09-24,RTX,161.14999389648438,163.02999877929688,160.6999969482422,161.3800048828125,4269800.0
2025-09-25,RTX,162.13999938964844,162.3000030517578,159.69000244140625,160.50999450683594,3917700.0
2025-09-26,RTX,162.0,165.35000610351562,161.69000244140625,163.35000610351562,3961700.0
2025-09-29,RTX,167.42999267578125,168.27999877929688,162.7899932861328,163.6300048828125,6216100.0
2025-09-30,RTX,164.2899932861328,167.5,163.8699951171875,167.3300018310547,4893700.0
2025-10-01,RTX,165.8699951171875,167.72000122070312,165.0800018310547,167.1999969482422,4034500.0
2025-10-02,RTX,167.13999938964844,168.25,165.88999938964844,166.6300048828125,3498100.0
2025-10-03,RTX,166.80999755859375,167.25999450683594,165.5,166.5800018310547,2678300.0
2025-10-06,RTX,167.0,169.75,167.0,168.8000030517578,3816900.0
2025-10-07,RTX,169.36000061035156,170.36000061035156,168.82000732421875,169.27000427246094,5186500.0
2025-10-08,RTX,170.07000732421875,170.85000610351562,168.42999267578125,168.57000732421875,4683700.0
2025-10-09,RTX,168.99000549316406,169.14999389648438,161.89999389648438,162.17999267578125,5962400.0
2025-10-10,RTX,162.00999450683594,162.4600067138672,157.44000244140625,157.6999969482422,7776400.0
2025-10-13,RTX,158.4499969482422,159.5500030517578,157.3699951171875,158.85000610351562,5322300.0
2025-10-14,RTX,158.1999969482422,160.5800018310547,157.2899932861328,159.39999389648438,3590500.0
2025-10-15,RTX,159.49000549316406,160.66000366210938,155.63999938964844,157.0,5954700.0
2025-10-16,RTX,157.77000427246094,158.3300018310547,156.10000610351562,157.0500030517578,3926600.0
2025-10-17,RTX,156.3300018310547,158.5399932861328,156.10000610351562,157.9499969482422,5435200.0
2025-10-20,RTX,159.6699981689453,162.07000732421875,159.4499969482422,160.7100067138672,6517800.0
2025-10-21,RTX,171.80999755859375,178.75999450683594,170.25999450683594,173.0399932861328,12296700.0
2025-10-22,RTX,174.49000549316406,178.72000122070312,173.9199981689453,177.97999572753906,10219100.0
2025-10-23,RTX,177.60000610351562,179.97999572753906,176.5,179.44000244140625,5249400.0
2025-10-24,RTX,180.4600067138672,180.5,178.2899932861328,178.64999389648438,3470700.0
