date,Ticker,Open,High,Low,Close,Volume
2008-01-02,SBUX,7.574753185126359,7.582275456017152,7.251303427817816,7.2625861167907715,45448600.0
2008-01-03,SBUX,7.262582177981481,7.296431661268794,6.95041527894737,7.033158779144287,47940200.0
2008-01-04,SBUX,6.946654100435807,6.972982034103867,6.769885135698741,6.8112568855285645,40105800.0
2008-01-07,SBUX,6.882717203473717,7.074530727814846,6.811257811604564,6.912805557250977,50480800.0
2008-01-08,SBUX,7.589795317306615,7.901962286535716,7.458158487962606,7.469441890716553,126297600.0
2008-01-09,SBUX,7.522095252955998,7.58603309130064,7.153512757728252,7.318998336791992,48409600.0
2008-01-10,SBUX,7.311477321739921,7.706387064471806,7.21368999021252,7.638688087463379,45485000.0
2008-01-11,SBUX,7.5108125416097735,7.548423164801248,7.341565813292593,7.443114280700684,36160800.0
2008-01-14,SBUX,7.484485838246116,7.507051926776588,7.3077168295918895,7.352849006652832,23197400.0
2008-01-15,SBUX,7.243778032942227,7.296432471743319,7.078291731529319,7.085813999176025,29007200.0
2008-01-16,SBUX,7.13846854948826,7.435591669908231,7.085814109864645,7.258821964263916,33159800.0
2008-01-17,SBUX,7.247539869800785,7.326521535663904,7.149752532996689,7.164796352386475,23452200.0
2008-01-18,SBUX,7.0519678847360385,7.2776310005202465,6.916569871792861,7.018118381500244,39570200.0
2008-01-22,SBUX,6.690905804459408,7.097099024608906,6.642011770930779,7.021877765655518,43731800.0
2008-01-23,SBUX,6.8150203036417025,7.593557240473103,6.811259168999633,7.5108137130737305,52041600.0
2008-01-24,SBUX,7.559709298465935,7.7026288573981265,7.492010295732655,7.691346168518066,41792800.0
2008-01-25,SBUX,7.7590417519727914,7.777847422496281,7.322760238909551,7.394220352172852,35492000.0
2008-01-28,SBUX,7.315238688063135,7.446874794912663,7.206167951115836,7.394220352172852,27001400.0
2008-01-29,SBUX,7.469442666737128,7.661256229304196,7.394221408621895,7.5108137130737305,21244200.0
2008-01-30,SBUX,7.522098004180885,7.59355813608229,7.127188145906655,7.22873592376709,45354600.0
2008-01-31,SBUX,6.833826438130367,7.213692494138563,6.799976937876741,7.1121439933776855,87545200.0
2008-02-01,SBUX,7.134709698714829,7.266346557260628,7.010595110340371,7.22873592376709,31496400.0
2008-02-04,SBUX,7.270107938019208,7.2776302084447435,7.157276751088949,7.217453479766846,20983600.0
2008-02-05,SBUX,7.108381092544937,7.1911246136638285,6.957939305096536,6.961700439453125,30507400.0
2008-02-06,SBUX,7.033162089382413,7.10838264080875,6.777410636333863,6.826303958892822,29147200.0
2008-02-07,SBUX,6.7736474043648585,7.059487132974444,6.7736474043648585,6.969222068786621,24914000.0
2008-02-08,SBUX,6.942892476775467,7.059485451269309,6.830061352759972,6.867671966552734,21868400.0
2008-02-11,SBUX,6.856392392355697,6.9692242966823805,6.751083475819955,6.965463161468506,21100400.0
2008-02-12,SBUX,6.99178979400774,7.240018958037105,6.965462567120252,7.036921977996826,27547600.0
2008-02-13,SBUX,7.104621498189956,7.1911261724162365,6.98802917731521,7.089577674865723,21567200.0
2008-02-14,SBUX,7.089575202098901,7.104619020176014,6.803735485004421,6.837584972381592,33469800.0
2008-02-15,SBUX,6.815022260054977,6.905287365288139,6.7962165814460125,6.878960132598877,20662400.0
2008-02-19,SBUX,6.965463020862889,7.0143563429299185,6.784932838420227,6.807498931884766,19257000.0
2008-02-20,SBUX,6.796211872082766,6.8789553658994,6.76988465763667,6.867671966552734,24022800.0
2008-02-21,SBUX,6.867672550034599,6.931610383705657,6.675859049021427,6.705947399139404,30105000.0
2008-02-22,SBUX,6.739798963840071,6.863913536071777,6.68714451421543,6.863913536071777,23209400.0
2008-02-25,SBUX,6.8639138840340275,6.965462371197842,6.7736488012316745,6.957940101623535,21662600.0
2008-02-26,SBUX,6.894001298393864,7.221212806317652,6.863912941590999,7.168557643890381,28534000.0
2008-02-27,SBUX,7.127186049269519,7.270105553665874,7.048203670431383,7.161035537719727,24853600.0
2008-02-28,SBUX,7.108382296984607,7.127187971953972,6.961701619039317,6.984267711639404,20939000.0
2008-02-29,SBUX,6.905286079384007,6.957940534957203,6.74356086027987,6.762365818023682,27282600.0
2008-03-03,SBUX,6.777408781586042,6.833824359057553,6.698426399235537,6.713470935821533,21872400.0
2008-03-04,SBUX,6.6946624932766765,6.769883710336604,6.630724673984545,6.732273101806641,24785200.0
2008-03-05,SBUX,6.769884898761212,6.935371174925852,6.766123765511695,6.822539329528809,20355800.0
2008-03-06,SBUX,6.7698876040656435,6.845108864389392,6.585596305371873,6.61944580078125,31514000.0
2008-03-07,SBUX,6.581834456642676,6.649533440117656,6.4088265809737495,6.431392669677734,27801000.0
2008-03-10,SBUX,6.438913285815301,6.499089985156887,6.307276486994516,6.318559169769287,24145400.0
2008-03-11,SBUX,6.405066421154431,6.675861678892585,6.378738476737145,6.67210054397583,27657000.0
2008-03-12,SBUX,6.672101851570262,6.811261001309986,6.604402844527329,6.623208522796631,25828000.0
2008-03-13,SBUX,6.525421222077819,6.717234838425887,6.412589303268981,6.630730152130127,21277200.0
2008-03-14,SBUX,6.502854008626469,6.709711414877311,6.393783244243295,6.540463924407959,32352000.0
2008-03-17,SBUX,6.382498304054922,6.593117512064295,6.374976753125506,6.4915690422058105,45387000.0
2008-03-18,SBUX,6.5517463883407965,6.86391337907833,6.544224119319878,6.860152244567871,45919600.0
2008-03-19,SBUX,6.897762920548225,6.957939638410296,6.578073658554058,6.58183479309082,42828400.0
2008-03-20,SBUX,6.634489235906394,6.7059493573144175,6.551746428261305,6.593118190765381,46619200.0
2008-03-24,SBUX,6.600638513612896,6.773647083123483,6.581833561810039,6.728514194488525,44695600.0
2008-03-25,SBUX,6.739799881132111,6.792454337923065,6.687145424341157,6.766127109527588,26993600.0
2008-03-26,SBUX,6.7473217438786515,6.758604431159255,6.60064035296266,6.642012119293213,18021800.0
2008-03-27,SBUX,6.679619954333601,6.773646134911446,6.604398722926195,6.626965522766113,19225000.0
2008-03-28,SBUX,6.6758583558654045,6.694663303725548,6.393779833786585,6.4125847816467285,23743200.0
2008-03-31,SBUX,6.416348460288594,6.649533780026416,6.393782370431083,6.58183479309082,23676000.0
2008-04-01,SBUX,6.705949809789131,6.957940101623535,6.6495342227080485,6.957940101623535,38319600.0
2008-04-02,SBUX,6.957941899598195,7.1046226073848215,6.890242890661815,6.9955525398254395,21129200.0
2008-04-03,SBUX,6.95794141600563,6.99555205361885,6.796216176423055,6.897764682769775,14076800.0
2008-04-04,SBUX,6.927851740689417,7.029400227853231,6.848869344885414,6.957940101623535,19506400.0
2008-04-07,SBUX,7.0068357220625055,7.033163674225771,6.863916139992935,6.886482238769531,12686200.0
2008-04-08,SBUX,6.939135577213392,6.95417939993581,6.73227745521569,6.762365818023682,21691000.0
2008-04-09,SBUX,6.811258984445058,6.833825074322955,6.525419215660467,6.57055139541626,36586400.0
2008-04-10,SBUX,6.581834389095225,6.672099460347826,6.555507166316927,6.600639343261719,28439000.0
2008-04-11,SBUX,6.58183410962569,6.58183410962569,6.457719552252982,6.4915690422058105,20693000.0
2008-04-14,SBUX,6.465242263306921,6.491569486770322,6.348649248878947,6.382498741149902,24284800.0
2008-04-15,SBUX,6.397540725990198,6.529177508143955,6.378735061475232,6.514132976531982,18484200.0
2008-04-16,SBUX,6.536701865145831,6.657056017664712,6.47652514756792,6.649533748626709,18920000.0
2008-04-17,SBUX,6.657056658818187,6.672100480980034,6.536702494707773,6.642012119293213,15535400.0
2008-04-18,SBUX,6.7360382904380804,6.890241232636363,6.690906106916357,6.875197410583496,24835000.0
2008-04-21,SBUX,6.8526303296205775,6.8526303296205775,6.73603802322428,6.788692474365234,30609800.0
2008-04-22,SBUX,6.732275426797688,6.754841512763788,6.555506438231194,6.657054901123047,21448200.0
2008-04-23,SBUX,6.668338043426531,6.717232069968032,6.623205868394518,6.713470935821533,33421000.0
2008-04-24,SBUX,5.980066524267618,6.085376132642032,5.788253337711633,6.013916015625,143464800.0
2008-04-25,SBUX,6.074092466363057,6.081614734641425,5.81081917420555,5.965022087097168,39474200.0
2008-04-28,SBUX,5.987588358059284,5.99134949208842,5.863473804549633,5.889801025390625,24033800.0
2008-04-29,SBUX,5.889800499886408,6.153074119532259,5.88603936619285,6.092897415161133,28584200.0
2008-04-30,SBUX,6.1305075555132325,6.2433394186142745,6.0402424954501575,6.104180335998535,34839600.0
2008-05-01,SBUX,6.002633791373047,6.352411079589511,5.95374011480912,6.26214599609375,42237400.0
2008-05-02,SBUX,6.3937812435542964,6.431391864930145,6.1117026592798425,6.1906843185424805,31554400.0
2008-05-05,SBUX,6.16811968004277,6.235818670932621,6.092899137003127,6.1455535888671875,25076400.0
2008-05-06,SBUX,6.100420527208485,6.228296236080647,6.059049480712022,6.153075695037842,27252000.0
2008-05-07,SBUX,6.16811939072534,6.190685480842453,5.987589235062293,5.99887228012085,30410400.0
2008-05-08,SBUX,6.021438946836897,6.0552884419191235,5.91236855083947,5.961262226104736,40002000.0
2008-05-09,SBUX,5.934933731346682,6.006393845265208,5.897323465999319,5.965022087097168,27256800.0
2008-05-12,SBUX,5.980066830740133,6.03648241343934,5.95750074113306,6.032721996307373,24593400.0
2008-05-13,SBUX,6.047765953616642,6.047765953616642,5.904846067709295,5.99887228012085,21655800.0
2008-05-14,SBUX,5.995112224790396,6.066572001267604,5.968784995353783,5.987590312957764,21805000.0
2008-05-15,SBUX,5.953739837848041,6.104181636675932,5.953739837848041,6.044004917144775,17179800.0
2008-05-16,SBUX,6.224532433594182,6.416345914691313,6.186922537873895,6.4125847816467285,52628800.0
2008-05-19,SBUX,6.412587955864813,6.559269347759481,6.390021863789915,6.42011022567749,35662400.0
2008-05-20,SBUX,6.3336052894592285,6.374977049628681,6.217012994956162,6.3336052894592285,41388400.0
2008-05-21,SBUX,6.3674546440106,6.378737329368269,6.26214503737332,6.273428440093994,26748800.0
2008-05-22,SBUX,6.273430322224877,6.50285455816855,6.243341956639086,6.427633285522461,33175600.0
2008-05-23,SBUX,6.427630596548643,6.431391730343814,6.280949965351574,6.37497615814209,25964200.0
2008-05-27,SBUX,6.393782522826366,6.615684444242916,6.378737984320732,6.585596084594727,27886400.0
2008-05-28,SBUX,6.619443482220577,6.7247523489520695,6.4125854474669906,6.705947399139404,30698600.0
2008-05-29,SBUX,6.705949997158218,6.924090799366361,6.705949997158218,6.894002437591553,24756000.0
2008-05-30,SBUX,6.912806138601373,6.924089541227854,6.76988662548094,6.841346740722656,24012800.0
2008-06-02,SBUX,6.833825878512472,6.833825878512472,6.630728893622206,6.743560791015625,21754400.0
2008-06-03,SBUX,6.7435574591341,6.818777969534674,6.544221707715134,6.675858497619629,26152400.0
2008-06-04,SBUX,6.664578039301759,6.897763374381851,6.664578039301759,6.815020561218262,31830800.0
2008-06-05,SBUX,6.826304028007886,6.965463161468506,6.773649569740015,6.965463161468506,27324800.0
2008-06-06,SBUX,6.901522373906845,6.901522373906845,6.634487625749624,6.645771026611328,24473000.0
2008-06-09,SBUX,6.660815819595842,6.845107807189547,6.53294084457622,6.589356422424316,33576800.0
2008-06-10,SBUX,6.51789703793374,6.743560091964748,6.487808678553811,6.709710597991943,19522600.0
2008-06-11,SBUX,6.747322006514036,6.747322006514036,6.60064060988856,6.608162879943848,22702200.0
2008-06-12,SBUX,6.679624302004884,6.792455505193371,6.642013661820956,6.702190399169922,17143800.0
2008-06-13,SBUX,6.751081361018651,6.845107559821902,6.705948469953384,6.833824157714844,21820800.0
2008-06-16,SBUX,6.773646957901929,6.980504293360989,6.728514070101324,6.901522636413574,16590000.0
2008-06-17,SBUX,6.909046778734521,6.946656691850538,6.796214887297144,6.815020561218262,12739000.0
2008-06-18,SBUX,6.7698893415815515,6.803738845678523,6.6420135966292815,6.683385372161865,16905200.0
2008-06-19,SBUX,6.668339748799266,6.792454337923065,6.536702889458709,6.766127109527588,18431600.0
2008-06-20,SBUX,6.6833811090527675,6.702186058283454,6.46147926478909,6.480284214019775,26132400.0
2008-06-23,SBUX,6.491569431549351,6.578073370011257,6.119225737099245,6.1305084228515625,39204200.0
2008-06-24,SBUX,6.153074951580523,6.363693445360304,6.111703192719799,6.232056617736816,25527600.0
2008-06-25,SBUX,6.250862677978445,6.502852946309966,6.2471015435420885,6.435153961181641,24341600.0
2008-06-26,SBUX,6.299756783769823,6.329845145684347,6.1192266122826755,6.122987747192383,24541400.0
2008-06-27,SBUX,6.130508255351679,6.232056728526174,5.995110649800526,6.149313926696777,33553000.0
2008-06-30,SBUX,6.089138858444505,6.141793317712343,5.916130222136571,5.919891357421875,25946600.0
2008-07-01,SBUX,5.852190726371544,5.912367435754247,5.746881126270333,5.874756813049316,40935400.0
2008-07-02,SBUX,6.028961411958205,6.036482964271538,5.840908615544035,5.897324562072754,47698400.0
2008-07-03,SBUX,5.859712881021515,5.938694905063279,5.7167930109134915,5.852190971374512,21117200.0
2008-07-07,SBUX,5.863472693091621,5.870994601042587,5.577633017326621,5.62276554107666,36304600.0
2008-07-08,SBUX,5.547545451222232,5.818340990627958,5.509934830114241,5.769447326660156,40734800.0
2008-07-09,SBUX,5.758164391807206,5.792013521021553,5.536262512207031,5.536262512207031,25351400.0
2008-07-10,SBUX,5.547545758614742,5.588917157180772,5.348210316532621,5.40462589263916,28525200.0
2008-07-11,SBUX,5.33316553609488,5.404625281663633,5.126307849286359,5.2880330085754395,37095000.0
2008-07-14,SBUX,5.344448704761687,5.370775923433939,5.178962766608103,5.265466690063477,26633200.0
2008-07-15,SBUX,5.175203362678205,5.216574771374452,5.013478145506519,5.107504367828369,50704600.0
2008-07-16,SBUX,5.088698371229617,5.442237120750607,5.0548488783306365,5.393343448638916,31135000.0
2008-07-17,SBUX,5.205292129254081,5.449760182798222,5.178964899738078,5.412149906158447,26708600.0
2008-07-18,SBUX,5.412148762325185,5.48360852391518,5.321883328367396,5.393343448638916,19601600.0
2008-07-21,SBUX,5.400865482259069,5.445998020928018,5.280512045808537,5.299317359924316,14497600.0
2008-07-22,SBUX,5.2917951065131135,5.7167936285925,5.2767509269121415,5.690466403961182,30885200.0
2008-07-23,SBUX,5.728076113057448,6.028960392994594,5.649094446892859,5.799536228179932,35591400.0
2008-07-24,SBUX,5.697988339958934,5.724315923389785,5.464803375757976,5.468564510345459,27351600.0
2008-07-25,SBUX,5.5400236868859025,5.619005711443694,5.3971041745256105,5.423431396484375,21248200.0
2008-07-28,SBUX,5.382059863530562,5.479846839254417,5.291794438635595,5.35197114944458,20888400.0
2008-07-29,SBUX,5.378299469998979,5.7882538171856694,5.3369277066100045,5.637811660766602,32637400.0
2008-07-30,SBUX,5.667898283153113,5.67542055007525,5.423430347086517,5.517456531524658,36695200.0
2008-07-31,SBUX,5.472325618958086,5.69798831291295,5.457281439361095,5.524980068206787,39620600.0
2008-08-01,SBUX,5.6039615333699,5.611483801747546,5.351971281622731,5.423431396484375,25894800.0
2008-08-04,SBUX,5.427191724764076,5.430952499712946,5.269227699105311,5.2880330085754395,30709600.0
2008-08-05,SBUX,5.374537166602059,5.479846402117073,5.355731856304013,5.461041450500488,35000000.0
2008-08-06,SBUX,5.445998840326674,5.62652938084642,5.397105518423364,5.619007110595703,27334800.0
2008-08-07,SBUX,5.502412846211021,5.581394862517647,5.449758049112784,5.461041450500488,18828200.0
2008-08-08,SBUX,5.498651310087745,5.746880383551349,5.476085226326383,5.686703681945801,24688800.0
2008-08-11,SBUX,5.6265282535227055,6.168119049206357,5.61900598477914,6.1305084228515625,58818600.0
2008-08-12,SBUX,6.070332167318746,6.352410810296206,6.006394671564208,6.153075695037842,43118200.0
2008-08-13,SBUX,6.179402452321705,6.190685138074022,6.040243350017873,6.1305084228515625,27991600.0
2008-08-14,SBUX,6.059049004529951,6.431392697914051,6.044004467085893,6.363693714141846,33324000.0
2008-08-15,SBUX,6.431393141046318,6.4614815006445365,6.239579579596515,6.277190208435059,20804000.0
2008-08-18,SBUX,6.254622473248225,6.348648672720382,6.160596273776067,6.2094902992248535,21241800.0
2008-08-19,SBUX,6.16811939072534,6.228296109279689,5.976306190003736,5.99887228012085,23239600.0
2008-08-20,SBUX,6.07785300105711,6.07785300105711,5.848429221416832,5.9311723709106445,22063800.0
2008-08-21,SBUX,5.859713931053608,5.931174058253673,5.810820254201341,5.897324562072754,15845000.0
2008-08-22,SBUX,5.927412382535946,6.081615310016539,5.904845934247347,6.032721996307373,13274200.0
2008-08-25,SBUX,6.006394340594524,6.013916250811708,5.818341922305116,5.837147235870361,15259800.0
2008-08-26,SBUX,5.893562659209861,5.897323793557952,5.754403916464107,5.833385944366455,13611400.0
2008-08-27,SBUX,5.810819091061229,5.923650602851847,5.7656865580812795,5.863473892211914,16842600.0
2008-08-28,SBUX,5.946217707826903,6.017677469962839,5.897324035341671,6.010155200958252,10432200.0
2008-08-29,SBUX,5.983827438989787,6.036481882563299,5.792013900791005,5.852190971374512,19854000.0
2008-09-02,SBUX,6.002634540290538,6.326084642512982,5.916130222136571,5.919891357421875,27398400.0
2008-09-03,SBUX,6.013917220596523,6.107943444903591,5.927413266401179,5.991351127624512,19661400.0
2008-09-04,SBUX,5.946217117083671,5.953739026659445,5.671660423278809,5.671660423278809,25726400.0
2008-09-05,SBUX,5.603961820377735,5.735598654276355,5.555068508144949,5.709271430969238,19241200.0
2008-09-08,SBUX,5.859713043596754,5.870996087721051,5.705510125399183,5.844668865203857,27445200.0
2008-09-09,SBUX,5.867235057996681,5.904845323009096,5.652855076831811,5.6566162109375,23378200.0
2008-09-10,SBUX,5.690466974892388,5.7656878804442515,5.603962664496568,5.664139747619629,15843000.0
2008-09-11,SBUX,5.59267791499448,5.88980067044202,5.55130651921167,5.8785176277160645,33134400.0
2008-09-12,SBUX,5.825864667594103,5.893563662660262,5.720555398687968,5.765687942504883,20848600.0
2008-09-15,SBUX,5.585156490409196,5.863473959661199,5.547545866485848,5.671660423278809,25551200.0
2008-09-16,SBUX,5.810820951385431,6.077855459351883,5.780732586432728,6.028962135314941,43638600.0
2008-09-17,SBUX,5.867236301024521,6.017678110309635,5.82210339955742,5.859714031219482,30129800.0
2008-09-18,SBUX,5.9575019995410665,6.081616594641372,5.750644221480023,6.028962135314941,38841200.0
2008-09-19,SBUX,6.164356325944665,6.217011476214494,5.6415709781886285,6.0703301429748535,37638400.0
2008-09-22,SBUX,6.013916712083073,6.0252001162965785,5.716793882743553,5.739360332489014,22160000.0
2008-09-23,SBUX,5.746882564385893,5.840908785996114,5.641573296613284,5.664139747619629,19148000.0
2008-09-24,SBUX,5.68670410150886,5.769447251661966,5.532501202597248,5.600200176239014,16670400.0
2008-09-25,SBUX,5.645334179971626,5.6641394951919075,5.562591008211319,5.615245819091797,19247200.0
2008-09-26,SBUX,5.468563742573653,5.64157196381112,5.453519565017416,5.626527786254883,19071600.0
2008-09-29,SBUX,5.588915974590846,5.671659112896308,5.321881610738982,5.329403877258301,41439400.0
2008-09-30,SBUX,5.408385890566112,5.615243557305064,5.314359711019444,5.592677116394043,27081000.0
2008-10-01,SBUX,5.476086812017896,5.664139238329642,5.461042632260218,5.566351890563965,20794000.0
2008-10-02,SBUX,5.600199374369825,5.637809630922192,5.325642743998642,5.329403877258301,19332800.0
2008-10-03,SBUX,5.404625776622456,5.5024131078773895,5.1225471847819435,5.137591361999512,27399800.0
2008-10-06,SBUX,5.013476524778045,5.107502716703637,4.697548462519023,4.878078937530518,42221600.0
2008-10-07,SBUX,4.942015827008725,4.975864948304602,4.611043651993031,4.618565559387207,38834400.0
2008-10-08,SBUX,4.501974064873227,4.7840526340738805,4.325204727743346,4.336487770080566,50018000.0
2008-10-09,SBUX,4.362815854273507,4.464363964476051,4.1296305609875406,4.140913963317871,35872800.0
2008-10-10,SBUX,3.877641034797432,4.231179424442053,3.761048377281825,4.16724157333374,65564400.0
2008-10-13,SBUX,4.370339007680199,4.475648281965546,4.1860476880104445,4.41547155380249,33906000.0
2008-10-14,SBUX,4.543344885170553,4.599760448409892,4.201089655174047,4.249983310699463,34384000.0
2008-10-15,SBUX,4.137153775933086,4.159720227076249,3.798659519556644,3.8061814308166504,30552000.0
2008-10-16,SBUX,3.791137461785663,4.001756369076685,3.6444564178500443,3.971668004989624,40349800.0
2008-10-17,SBUX,3.870118985729306,4.028083055243281,3.787375816297808,3.930295705795288,28693400.0
2008-10-20,SBUX,3.971666972293191,4.1898077345451235,3.949100525754733,4.186046600341797,25389000.0
2008-10-21,SBUX,3.9716692547983725,4.155960632495012,3.949102795291045,3.952863931655884,20570600.0
2008-10-22,SBUX,3.851312740674013,3.9453389327335238,3.670782624086852,3.757286548614502,29681400.0
2008-10-23,SBUX,3.7723323308158316,3.87388083363471,3.6670230513115807,3.8588366508483887,35400400.0
2008-10-24,SBUX,3.4451192711060505,3.7873745181854206,3.4451192711060505,3.6406939029693604,27038200.0
2008-10-27,SBUX,3.4977747612601218,3.761048053251423,3.4977747612601218,3.6068451404571533,20265200.0
2008-10-28,SBUX,3.6858261877482175,4.099541148826433,3.5729947042972867,4.084496974945068,31461600.0
2008-10-29,SBUX,4.080736603948623,4.441797171480857,4.005515368423272,4.261266708374023,40145200.0
2008-10-30,SBUX,4.456843164824735,4.776532111484926,4.31016212613588,4.746443748474121,39347600.0
2008-10-31,SBUX,4.708832455720278,4.957061576218225,4.622328161760431,4.93825626373291,37363800.0
2008-11-03,SBUX,4.765249808790015,4.94578001503213,4.674984705668957,4.712594985961914,25428000.0
2008-11-04,SBUX,4.870557881420955,4.878080150813051,4.558390875279916,4.678744316101074,47422800.0
2008-11-05,SBUX,4.644895879576004,4.701311473788829,4.374100238254919,4.389144420623779,20290400.0
2008-11-06,SBUX,4.32144416808466,4.419231504480119,4.148435941647114,4.171002388000488,26485600.0
2008-11-07,SBUX,4.137152601537612,4.227417663123971,3.862596282875404,3.9679055213928223,34429400.0
2008-11-10,SBUX,4.137154614451439,4.137154614451439,3.7272001452667327,3.836270570755005,35333400.0
2008-11-11,SBUX,3.572995298261411,3.8625961419718036,3.546668079262814,3.757286548614502,52677400.0
2008-11-12,SBUX,3.636934932449064,3.727200035290093,3.490253871321166,3.509059190750122,45930800.0
2008-11-13,SBUX,3.554189851624562,3.5579509852460567,3.0389263819674603,3.501535415649414,69926400.0
2008-11-14,SBUX,3.4564042027093125,3.4752095212385044,3.2382633686065674,3.2382633686065674,26799000.0
2008-11-17,SBUX,3.1668021860955866,3.418792410212754,3.106625480398614,3.2495453357696533,31589000.0
2008-11-18,SBUX,3.242024238780574,3.3360504650515246,3.061494056507512,3.151759147644043,31045000.0
2008-11-19,SBUX,3.114147230049843,3.215695684732608,2.990032691225202,2.9975547790527344,28978200.0
2008-11-20,SBUX,2.967467129489014,3.0201217567335013,2.696671724319458,2.696671724319458,35521000.0
2008-11-21,SBUX,2.8132638704681296,2.9712279128770454,2.655299828059214,2.9449005126953125,42078200.0
2008-11-24,SBUX,3.027644239645293,3.196891357419423,2.9862726542162124,3.178086042404175,34028200.0
2008-11-25,SBUX,3.0088394341191678,3.23450253515075,2.9637068856491737,3.0878214836120605,42982200.0
2008-11-26,SBUX,3.0238826100646095,3.3210053909020982,3.020121475940738,3.3022000789642334,20098800.0
2008-11-28,SBUX,3.2533067381256826,3.3623771279013703,3.2533067381256826,3.358616352081299,6437400.0
2008-12-01,SBUX,3.2457855690003887,3.260829751760696,2.982512012013401,2.9900341033935547,21365600.0
2008-12-02,SBUX,3.0765368335323355,3.2119344084108787,3.0013157792590994,3.2081732749938965,22349600.0
2008-12-03,SBUX,3.1291915656942493,3.287155597489532,3.0690148599972766,3.2495453357696533,22828800.0
2008-12-04,SBUX,3.163042453171417,3.5391473890287863,3.121671039352489,3.2382633686065674,37240800.0
2008-12-05,SBUX,3.1743247144771742,3.441359167133784,3.076537727975938,3.4300761222839355,25890800.0
2008-12-08,SBUX,3.497773065965541,3.66702007459521,3.486490027705248,3.6106045246124268,24430600.0
2008-12-09,SBUX,3.5241036319990946,3.6557405189364665,3.4752099413846893,3.4864933490753174,24375600.0
2008-12-10,SBUX,3.494013751536596,3.6369336256909564,3.430075903660132,3.5842788219451904,19714400.0
2008-12-11,SBUX,3.542907923533488,3.5880404651393314,3.354855487501696,3.3736608028411865,21210200.0
2008-12-12,SBUX,3.343570820998645,3.550428113415782,3.321004381793865,3.512817859649658,20531200.0
2008-12-15,SBUX,3.542908541445791,3.5767580432241934,3.3435730249171787,3.384944438934326,28568200.0
2008-12-16,SBUX,3.4639261962288455,3.6595005607001325,3.4112713802996275,3.6557397842407227,32550600.0
2008-12-17,SBUX,3.6068451096626157,3.7723310647729345,3.5617125764507103,3.697110176086426,30114600.0
2008-12-18,SBUX,3.7648091873882326,3.9002067881799465,3.53914616072055,3.6068451404571533,23996000.0
2008-12-19,SBUX,3.6745435713943637,3.7460033159136485,3.5541898077619445,3.7159149646759033,29267400.0
2008-12-22,SBUX,3.719677232412875,3.7460044581029415,3.45264276474568,3.520341396331787,16918800.0
2008-12-23,SBUX,3.5278628878575806,3.610606040085778,3.4187925157446495,3.4564027786254883,18512400.0
2008-12-24,SBUX,3.478968380183179,3.512817859649658,3.460163073959426,3.512817859649658,3521800.0
2008-12-26,SBUX,3.5654726891189026,3.572994955930049,3.478968772879258,3.5165793895721436,5993600.0
2008-12-29,SBUX,3.54666929544511,3.54666929544511,3.3548557117856905,3.3962271213531494,11185600.0
2008-12-30,SBUX,3.418793269611852,3.520341396331787,3.403749089405878,3.520341396331787,13106200.0
2008-12-31,SBUX,3.5052961790278236,3.580517416483834,3.4902520032729103,3.557950973510742,9856800.0
2009-01-02,SBUX,3.53914696502462,3.70839409414762,3.509058602455268,3.7008721828460693,14885400.0
2009-01-05,SBUX,3.7159169009079838,3.7836159058091723,3.6106076167029553,3.7309610843658447,16070600.0
2009-01-06,SBUX,3.779853165770166,3.896445448406103,3.7422425437499762,3.8437910079956055,17609800.0
2009-01-07,SBUX,3.7760918587626957,3.7948971689108895,3.685826800469115,3.757286548614502,24216600.0
2009-01-08,SBUX,3.7046329066893025,3.832508254076374,3.6369339190808554,3.8137032985687256,21592400.0
2009-01-09,SBUX,3.8061808087406424,3.8174638531273555,3.6143672607589528,3.674544334411621,22384600.0
2009-01-12,SBUX,3.689588298059503,3.7422427412488672,3.569234516452042,3.6068451404571533,23921200.0
2009-01-13,SBUX,3.5767560483546776,3.678304138371697,3.4752075996562395,3.5241012573242188,20036600.0
2009-01-14,SBUX,3.471448432224344,3.4827318387017367,3.3210065993419975,3.3999886512756348,22121200.0
2009-01-15,SBUX,3.4075096958478786,3.554190340445247,3.339810716075866,3.4902524948120117,17748800.0
2009-01-16,SBUX,3.5692340156565665,3.5918004586296584,3.4263141666441674,3.557950973510742,18028400.0
2009-01-20,SBUX,3.5579512752623508,3.580517720149314,3.328527485872015,3.343571662902832,15951400.0
2009-01-21,SBUX,3.2232189248181324,3.403749465942383,3.196891696215641,3.403749465942383,24018800.0
2009-01-22,SBUX,3.3774213151820938,3.5090581535959333,3.3022004183805547,3.4300761222839355,21330600.0
2009-01-23,SBUX,3.3398117133687615,3.4676874428198863,3.3285286662647215,3.4150326251983643,21011000.0
2009-01-26,SBUX,3.3887055743945087,3.4902537210480964,3.3059623876785937,3.384944438934326,26235600.0
2009-01-27,SBUX,3.37741955555111,3.475206849786828,3.3398093060859937,3.441357374191284,24077200.0
2009-01-28,SBUX,3.524101744203259,3.6858269143191484,3.471446945898175,3.629410982131958,38306000.0
2009-01-29,SBUX,3.478969213662388,3.723437177095806,3.478969213662388,3.629410982131958,37243800.0
2009-01-30,SBUX,3.663259631974362,3.6707818980183435,3.539145111699766,3.5504281520843506,33160800.0
2009-02-02,SBUX,3.4827295510954537,3.62941015213922,3.4752072850514724,3.5504281520843506,19906800.0
2009-02-03,SBUX,3.5203408186620133,3.7196766220331234,3.475208285450108,3.697110176086426,27165200.0
2009-02-04,SBUX,3.685827378798334,3.7911366299978537,3.655739021312757,3.674544334411621,28352800.0
2009-02-05,SBUX,3.6218893636312126,3.828747080884043,3.5955621417071884,3.8099417686462402,36153800.0
2009-02-06,SBUX,3.787376027900626,3.997994918580503,3.742243485329559,3.9641454219818115,24788200.0
2009-02-09,SBUX,3.9077277172234024,4.050647537308216,3.84002876068813,4.031842231750488,20123600.0
2009-02-10,SBUX,3.94534146829192,4.031845807094898,3.7196786775309314,3.7234394550323486,36386200.0
2009-02-11,SBUX,3.779852992528626,3.7986583026768197,3.651977313938658,3.757286548614502,22786000.0
2009-02-12,SBUX,3.715913669567168,3.828745126724243,3.6632588939121824,3.828745126724243,23925600.0
2009-02-13,SBUX,3.828747080884043,3.87387961504587,3.742242788062751,3.8099417686462402,17711200.0
2009-02-17,SBUX,3.651977426743128,3.678304646554935,3.5128187012384084,3.629410982131958,32730800.0
2009-02-18,SBUX,3.6218890730492137,3.6707827374721913,3.5504289640150666,3.629410982131958,20304600.0
2009-02-19,SBUX,3.636933343822557,3.742242584470942,3.5692343669221422,3.5805177688598633,21011400.0
2009-02-20,SBUX,3.535385573990113,3.655739374232723,3.478969987928753,3.6030845642089844,25000600.0
2009-02-23,SBUX,3.6181283278742336,3.6632608632638375,3.4263147834572862,3.445120096206665,27043000.0
2009-02-24,SBUX,3.430075903660132,3.603084134617357,3.422553993800169,3.5842788219451904,31321600.0
2009-02-25,SBUX,3.5692342189885586,3.6181278826477605,3.486491426963568,3.5429069995880127,20642600.0
2009-02-26,SBUX,3.5015372034660226,3.591802304380828,3.3811833768979884,3.3924667835235596,24531600.0
2009-02-27,SBUX,3.3548534776083088,3.475206849786828,3.3473312125064805,3.441357374191284,27580000.0
2009-03-02,SBUX,3.37742166025325,3.437598742524302,3.2946788446584883,3.2984399795532227,18148000.0
2009-03-03,SBUX,3.3887049402191955,3.3887049402191955,3.2081744174134346,3.2269797325134277,22191600.0
2009-03-04,SBUX,3.2495462903107963,3.3661386021768385,3.2457851554295525,3.3210060596466064,20151800.0
2009-03-05,SBUX,3.257068136783043,3.343572443927889,3.21193559514808,3.2194578647613525,22179800.0
2009-03-06,SBUX,3.25706809667499,3.2683511422744003,3.0539714824778437,3.1442365646362305,27024200.0
2009-03-09,SBUX,3.1329534157416696,3.2420238094239995,3.08782087615052,3.1103873252868652,19047000.0
2009-03-10,SBUX,3.185606936552046,3.4564020646069076,3.1329521489784584,3.433835983276367,31474200.0
2009-03-11,SBUX,3.460164860129244,3.535385765172616,3.366138639154636,3.4676871299743652,16394400.0
2009-03-12,SBUX,3.4564027279210667,3.7986583748091696,3.4338366422598954,3.787374973297119,32528800.0
2009-03-13,SBUX,3.7873763266043823,4.005517145576373,3.7685713680611634,3.971668004989624,30120400.0
2009-03-16,SBUX,3.997995339958744,4.137154117223562,3.971668110354525,4.054410934448242,35243800.0
2009-03-17,SBUX,4.013038979868541,4.193569144773891,4.009277845095958,4.189808368682861,29760200.0
2009-03-18,SBUX,4.163482896633428,4.3741018879123335,4.122111469186561,4.3252081871032715,24836200.0
2009-03-19,SBUX,4.374100656585979,4.392905976015961,4.280074418117703,4.35905647277832,21836200.0
2009-03-20,SBUX,4.3665761138045855,4.46812457069098,4.155957650063203,4.197329044342041,33500800.0
2009-03-23,SBUX,4.310161715910947,4.558390866465358,4.212374366092075,4.535824775695801,24573800.0
2009-03-24,SBUX,4.486932043744544,4.53582572892931,4.257507801055908,4.257507801055908,24369000.0
2009-03-25,SBUX,4.31016054354422,4.3665761138045855,4.039365017195281,4.197329044342041,37234000.0
2009-03-26,SBUX,4.253745203274087,4.674982512213632,4.212373448076925,4.659938335418701,41195400.0
2009-03-27,SBUX,4.517020043561215,4.57343563644342,4.4079496342891185,4.426754951477051,20712800.0
2009-03-30,SBUX,4.317684306639665,4.377861395093281,4.182286664652632,4.234941482543945,17794000.0
2009-03-31,SBUX,4.306400684027002,4.306400684027002,4.155958879700032,4.178524971008301,24452600.0
2009-04-01,SBUX,4.133391362044849,4.231178688939444,4.065692746925211,4.201090335845947,19890400.0
2009-04-02,SBUX,4.306399817308293,4.513257525636251,4.253745375732019,4.445558547973633,39412400.0
2009-04-03,SBUX,4.430514586766033,4.486930523798322,4.310161161654215,4.396665096282959,22736200.0
2009-04-06,SBUX,4.32144460272716,4.385382455364052,4.227418391047205,4.295117378234863,17738200.0
2009-04-07,SBUX,4.193568739897451,4.253745814404206,4.118347845115906,4.20861291885376,19806400.0
2009-04-08,SBUX,4.2575071299098335,4.3665775308416785,4.231179903068839,4.321444988250732,17972800.0
2009-04-09,SBUX,4.4606027035099105,4.569673078830798,4.385381816854381,4.5132575035095215,23960400.0
2009-04-13,SBUX,4.460603329925177,4.554629541119328,4.407948881212632,4.517019271850586,15846800.0
2009-04-14,SBUX,4.475646617646138,4.498213061656495,4.415469911860466,4.4643635749816895,29287200.0
2009-04-15,SBUX,4.197328851309822,4.40794766404644,4.186045809512938,4.38538122177124,36400000.0
2009-04-16,SBUX,4.298877580931867,4.400425681019569,4.291355313460913,4.366576194763184,36669000.0
2009-04-17,SBUX,4.3327281653620515,4.596001495990016,4.328967030673277,4.535824775695801,36195000.0
2009-04-20,SBUX,4.374098240798599,4.407947725341379,4.23117839421877,4.276310920715332,25183200.0
2009-04-21,SBUX,4.216135620773881,4.4530817326871,4.212374485978062,4.441798686981201,27585200.0
2009-04-22,SBUX,4.3966654624857275,4.776531440486203,4.340249879436026,4.727637767791748,44792600.0
2009-04-23,SBUX,4.701310231476607,5.03980442467032,4.690027187351885,5.0247602462768555,48099600.0
2009-04-24,SBUX,4.975869473262178,5.133833617684633,4.934498048268379,5.081179141998291,36105200.0
2009-04-27,SBUX,4.968346917069523,5.126311041081493,4.870559533884651,4.964585781097412,28653400.0
2009-04-28,SBUX,4.874317488712492,5.257944140458373,4.874317488712492,5.077414035797119,33059600.0
2009-04-29,SBUX,5.141353326028797,5.2504237181355915,5.058610158632822,5.1488752365112305,30134000.0
2009-04-30,SBUX,5.175202311534674,5.807058153296797,5.152635864941045,5.438475608825684,67155800.0
2009-05-01,SBUX,5.423431028872883,5.4535193829810185,5.160157751085956,5.190246105194092,38605600.0
2009-05-04,SBUX,5.2654673720820675,5.442236734289929,5.227856747380311,5.355732440948486,32558200.0
2009-05-05,SBUX,5.37077737952306,5.423432189824436,5.2654681176018565,5.348211288452148,23616200.0
2009-05-06,SBUX,5.385819447870459,5.412147022038161,5.171439873353143,5.272988319396973,26433200.0
2009-05-07,SBUX,5.310601780579512,5.449760567193516,5.18648717741887,5.269230365753174,32205800.0
2009-05-08,SBUX,5.310599579342286,5.355732110994991,5.088697696372045,5.137591361999512,36470800.0
2009-05-11,SBUX,5.0285197083335635,5.171439534884875,4.896883280836235,5.058608055114746,23519200.0
2009-05-12,SBUX,5.036043796120227,5.115025824662329,4.859274425824758,4.957061767578125,19928200.0
2009-05-13,SBUX,4.945777040882925,4.949538174254949,4.791574159444139,4.795335292816162,23034400.0
2009-05-14,SBUX,4.776531096259316,4.919450969524588,4.757725783704136,4.787814140319824,18383600.0
2009-05-15,SBUX,4.810380910750758,4.983389152271208,4.708832790011324,4.866796493530273,22907000.0
2009-05-18,SBUX,4.938256772730962,5.047327165970133,4.866796649657498,5.036044120788574,18192200.0
2009-05-19,SBUX,5.021000765990297,5.141354224186392,4.972107083927734,5.047327995300293,13588200.0
2009-05-20,SBUX,5.084938876246967,5.269230207692898,5.047328239400949,5.096221923828125,34052000.0
2009-05-21,SBUX,5.036044628647323,5.111265535245914,5.002195131007563,5.051088809967041,43126200.0
2009-05-22,SBUX,5.084937000780394,5.107503087619709,4.8743181577517065,4.889362335205078,33697200.0
2009-05-26,SBUX,4.720114601310645,5.118785428444965,4.720114601310645,5.077414035797119,31695600.0
2009-05-27,SBUX,5.069892815607767,5.22409609353137,5.002194191721914,5.039804458618164,21758200.0
2009-05-28,SBUX,5.088697415918863,5.182723608016972,4.97586591366484,5.156396389007568,26821000.0
2009-05-29,SBUX,5.186486811593393,5.412149906158447,5.16015958207739,5.412149906158447,34967000.0
2009-06-01,SBUX,5.479847217752679,5.6378112738777375,5.419670502787231,5.611484050750732,23233000.0
2009-06-02,SBUX,5.5475477200748315,5.671662318337909,5.517459354355395,5.5738749504089355,16997000.0
2009-06-03,SBUX,5.532501240255061,5.754403114318848,5.521218197465121,5.754403114318848,27142000.0
2009-06-04,SBUX,5.746882501066952,5.784493132769276,5.649095504267729,5.705511093139648,27440800.0
2009-06-05,SBUX,5.788251772048918,5.792012546652425,5.649093068639632,5.67542028427124,17254800.0
2009-06-08,SBUX,5.524980409075462,5.686705618732049,5.509936228550306,5.6302900314331055,23963800.0
2009-06-09,SBUX,5.626527991669888,5.769447863012644,5.603961545170927,5.716793060302734,18932000.0
2009-06-10,SBUX,5.7092705859098345,5.792013377965438,5.506174022232643,5.603960990905762,24529000.0
2009-06-11,SBUX,5.585158919877768,5.656618705998379,5.348212746927874,5.363256931304932,29051200.0
2009-06-12,SBUX,5.329405911560641,5.476086936544698,5.272990325856836,5.472325801849365,21699200.0
2009-06-15,SBUX,5.400866810815355,5.430955177329409,5.2353807949880595,5.310601711273193,17717800.0
2009-06-16,SBUX,5.318121486089435,5.363254014676776,5.220334161476136,5.265466690063477,18159600.0
2009-06-17,SBUX,5.242900800702848,5.494891047633393,5.220334713364241,5.378298759460449,30337800.0
2009-06-18,SBUX,5.355732178665903,5.464802554541772,5.303077737079852,5.306838512420654,17322600.0
2009-06-19,SBUX,5.303077996783825,5.4760862247852105,5.291794594164398,5.355732440948486,25693200.0
2009-06-22,SBUX,5.265466757494116,5.303077377805943,5.092458549686337,5.156396389007568,20581800.0
2009-06-23,SBUX,5.224097308000463,5.4083886270751815,5.186486673679193,5.325645446777344,30938200.0
2009-06-24,SBUX,5.370776742799818,5.476086350917771,5.295555850345214,5.344449520111084,19950800.0
2009-06-25,SBUX,5.321882642886113,5.596439326505913,5.303077690303527,5.581395149230957,24085600.0
2009-06-26,SBUX,5.543784765774324,5.626527923695559,5.4535196982319745,5.4648027420043945,29842200.0
2009-06-29,SBUX,5.543782909890779,5.592676561445208,5.423429526791494,5.5061726570129395,13305800.0
2009-06-30,SBUX,5.419671615690025,5.479848343012467,5.1864866179747695,5.22409725189209,43132800.0
2009-07-01,SBUX,5.25794442262486,5.378298190872556,5.246661380148388,5.265466690063477,29420400.0
2009-07-02,SBUX,5.216574278419668,5.25794568320641,5.024760716925476,5.036044120788574,26766800.0
2009-07-06,SBUX,4.9871500132271125,5.115025709773681,4.949539387649354,5.039804458618164,18418200.0
2009-07-07,SBUX,5.058609053860555,5.077414363981965,4.87055667000937,4.878078937530518,18862400.0
2009-07-08,SBUX,4.904407978057861,4.957062794218258,4.7990987044186575,4.904407978057861,26035400.0
2009-07-09,SBUX,4.911929428328258,5.190246927250525,4.8818407107730515,5.130070209503174,39542200.0
2009-07-10,SBUX,5.0886964018959295,5.231616228447241,5.013475534942972,5.058608055114746,20854000.0
2009-07-13,SBUX,5.05860872753482,5.295554758943938,5.00219315949136,5.284271717071533,29789000.0
2009-07-14,SBUX,5.227856491360096,5.336926867235964,5.145113694958734,5.306838512420654,25170800.0
2009-07-15,SBUX,5.333166328041613,5.4271925306731985,5.288033793820231,5.423431396484375,23519800.0
2009-07-16,SBUX,5.393340985702623,5.479844887002245,5.351969242749446,5.419668197631836,15638400.0
2009-07-17,SBUX,5.464803474025146,5.476086877990493,5.3632553491078125,5.4309539794921875,17354200.0
2009-07-20,SBUX,5.434714681528593,5.622767095136376,5.430953547172875,5.611484050750732,21031800.0
2009-07-21,SBUX,5.652855774121977,5.66037804326124,5.41967081102785,5.524980068206787,33588400.0
2009-07-22,SBUX,6.017678347523101,6.6156851906972625,5.998873030950775,6.540463924407959,152007800.0
2009-07-23,SBUX,6.469002954691588,6.514135129720033,6.341127263172678,6.4915690422058105,47789400.0
2009-07-24,SBUX,6.480287872655297,6.566791835735315,6.3561732725168945,6.476526737213135,21014200.0
2009-07-27,SBUX,6.525418926414338,6.581834507289932,6.374977138291746,6.506613254547119,25772000.0
2009-07-28,SBUX,6.438914977173259,6.578073361943385,6.423870439704581,6.52918004989624,17232600.0
2009-07-29,SBUX,6.491570095226842,6.559269086114196,6.3975438784084275,6.4539594650268555,16921200.0
2009-07-30,SBUX,6.559270725984142,6.709712567032641,6.491571718171496,6.630730152130127,27780600.0
2009-07-31,SBUX,6.578072524197292,6.732275426797688,6.56302870600754,6.657054901123047,18871200.0
2009-08-03,SBUX,6.76236207801151,6.893998861504223,6.6457698262837965,6.871432781219482,28981000.0
2009-08-04,SBUX,6.80749579634982,7.033158779144287,6.799973529538674,7.033158779144287,29927800.0
2009-08-05,SBUX,7.051966319213042,7.138470267228242,6.90904678411676,6.957940101623535,35565200.0
2009-08-06,SBUX,6.935369886732683,7.006829253112002,6.84134372504788,6.882714748382568,27137400.0
2009-08-07,SBUX,7.006830826180583,7.202405458559504,6.931610310362969,7.157273292541504,29019400.0
2009-08-10,SBUX,7.074527758434451,7.28890727878661,7.0444394172861236,7.2212090492248535,32703200.0
2009-08-11,SBUX,7.206169670137204,7.206169670137204,6.995551131572232,7.093338489532471,27727200.0
2009-08-12,SBUX,7.100858013086443,7.311477208829641,7.0670092424679085,7.232494831085205,24887200.0
2009-08-13,SBUX,7.258822553089235,7.405503916938218,7.149752531112294,7.386698246002197,29906400.0
2009-08-14,SBUX,7.319000388079572,7.352849883593864,7.085815771606786,7.191125392913818,23276200.0
2009-08-17,SBUX,7.040680732787998,7.05948640089547,6.9165661927302295,7.003070831298828,22592600.0
2009-08-18,SBUX,7.014354653970689,7.164796436448614,7.003071968636722,7.149752616882324,17882200.0
2009-08-19,SBUX,7.0594885456208045,7.213691484135645,7.048205141328338,7.191125392913818,17782200.0
2009-08-20,SBUX,7.164798062037026,7.27762996251764,7.153515374143182,7.22873592376709,18153800.0
2009-08-21,SBUX,7.285150405162206,7.443114452318235,7.236256378677036,7.413025379180908,18869800.0
2009-08-24,SBUX,7.4243114542382465,7.465683227332246,7.18736565688908,7.2362589836120605,21985600.0
2009-08-25,SBUX,7.236258992895903,7.4243114637633525,7.224975586393087,7.334046363830566,19864800.0
2009-08-26,SBUX,7.3152400059173885,7.40174395382035,7.224974205869045,7.277629375457764,16781800.0
2009-08-27,SBUX,7.270107799293635,7.3566117554470765,7.112143710187571,7.311479568481445,16184400.0
2009-08-28,SBUX,7.375414474746829,7.4092639600842105,7.206167048059918,7.270104885101318,13296400.0
2009-08-31,SBUX,7.232496547976593,7.251302222076584,7.089577011632245,7.142231464385986,21183400.0
2009-09-01,SBUX,7.138469036637723,7.277628130320523,6.927850546407119,6.980504989624023,29337000.0
2009-09-02,SBUX,6.950416633876794,7.051965103534812,6.912806009852011,6.980504989624023,17100200.0
2009-09-03,SBUX,6.995550852360307,7.02940034866333,6.848869462592837,7.02940034866333,22627200.0
2009-09-04,SBUX,7.036923242036537,7.202409620236742,6.9428970049123935,7.1535162925720215,15713200.0
2009-09-08,SBUX,7.172315046507173,7.240013993431568,7.127182893466002,7.2212090492248535,14858400.0
2009-09-09,SBUX,7.2212114466719735,7.601076610774105,7.194883511733987,7.555944442749023,41213000.0
2009-09-10,SBUX,7.567230015341696,7.61236219632037,7.397982543263965,7.5108137130737305,32750600.0
2009-09-11,SBUX,7.518337354826004,7.529620760811993,7.3942227584329805,7.480726718902588,19276400.0
2009-09-14,SBUX,7.397983534925658,7.593558258350583,7.364134035972761,7.552186489105225,18430600.0
2009-09-15,SBUX,7.522095943776107,7.582272653937278,7.416786342312572,7.443114280700684,21520000.0
2009-09-16,SBUX,7.458157854511753,7.465680122375487,7.352848256508305,7.465680122375488,19974800.0
2009-09-17,SBUX,7.450637992246532,7.70262830813856,7.424310763586095,7.552186489105225,19428800.0
2009-09-18,SBUX,7.695104784476534,7.875635655275061,7.649972604799199,7.807936668395996,28997200.0
2009-09-21,SBUX,7.759043842249176,7.853070068108228,7.649973793281526,7.774088382720947,18179000.0
2009-09-22,SBUX,7.7703255303879,7.811697290179083,7.665015922448079,7.6988654136657715,14302400.0
2009-09-23,SBUX,7.672537320815483,7.695103406613533,7.394219871429762,7.405503273010254,23654200.0
2009-09-24,SBUX,7.446873218430318,7.492006100769208,7.149750860688958,7.209927558898926,32934000.0
2009-09-25,SBUX,7.194886214188965,7.563469550771896,7.153515164187166,7.458159923553467,35879800.0
2009-09-28,SBUX,7.4995323699785805,7.811699427561234,7.4769655580835375,7.755283832550049,25847200.0
2009-09-29,SBUX,7.777848538393691,7.807936898185108,7.58603497571225,7.6650166511535645,18615400.0
2009-09-30,SBUX,7.6612559493611885,7.796653204712863,7.416787228101134,7.766564846038818,28316400.0
2009-10-01,SBUX,7.725194083493219,7.747760173982555,7.446875858884709,7.5108137130737305,23603200.0
2009-10-02,SBUX,7.420547166120117,7.548422849206955,7.36789272627128,7.4243083000183105,17015200.0
2009-10-05,SBUX,7.450632032694173,7.574746523791359,7.371650409888057,7.544658184051514,14568000.0
2009-10-06,SBUX,7.540905541504936,7.796657075901347,7.503295612510628,7.721436500549316,21784800.0
2009-10-07,SBUX,7.698868374278392,7.747762421445352,7.589798307471766,7.67254114151001,13994200.0
2009-10-08,SBUX,7.695104279379026,7.894440092398432,7.661255505524349,7.6988654136657715,20872600.0
2009-10-09,SBUX,7.661256898890417,7.755283121070714,7.55970840676854,7.612362861633301,17782400.0
2009-10-12,SBUX,7.58226904288956,7.725189199478994,7.552180702138515,7.657490253448486,20038600.0
2009-10-13,SBUX,7.683821955997694,7.683821955997694,7.533380164253082,7.593556880950928,13518400.0
2009-10-14,SBUX,7.683818419956774,7.792888399767212,7.642446677254856,7.725190162658691,14877000.0
2009-10-15,SBUX,7.653734527630513,7.796654067812846,7.631168435467647,7.792892932891846,20286600.0
2009-10-16,SBUX,7.7628021240234375,7.781607792700823,7.642448713939804,7.7628021240234375,20250800.0
2009-10-19,SBUX,7.7778501622022365,7.939575398856193,7.706390023767486,7.875637531280518,15396600.0
2009-10-20,SBUX,7.815462757761914,7.879400641361016,7.665020172331029,7.721436500549316,11845000.0
2009-10-21,SBUX,7.653733573264269,7.913246111548833,7.634927901004201,7.649972438812256,20825600.0
2009-10-22,SBUX,7.653731016901608,7.830499972926754,7.597315453690417,7.770323276519775,15714800.0
2009-10-23,SBUX,7.725195717710777,7.728956135785258,7.578514305092833,7.623647212982178,12959600.0
2009-10-26,SBUX,7.540904521942139,7.777851059805202,7.518338424123905,7.540904521942139,20772200.0
2009-10-27,SBUX,7.514571605088187,7.540898818859085,7.142228044550964,7.17983865737915,33995400.0
2009-10-28,SBUX,7.213688795783355,7.330281060568874,7.029397565198877,7.0482025146484375,27010800.0
2009-10-29,SBUX,7.123422548029882,7.3528459056177775,7.093334203557893,7.3415632247924805,22363800.0
2009-10-30,SBUX,7.34908941400035,7.413026552447599,7.11966521655796,7.13847017288208,24870600.0
2009-11-02,SBUX,7.138470486993078,7.319000658155584,7.089577167981074,7.288912296295166,22334200.0
2009-11-03,SBUX,7.240018180214587,7.3603716144063,7.1309474321264394,7.303956031799316,18192800.0
2009-11-04,SBUX,7.371654081904448,7.371654081904448,7.202406638209552,7.224972724914551,23443800.0
2009-11-05,SBUX,7.3039559063972685,7.480724920161007,7.2400180559102925,7.409265518188477,28022200.0
2009-11-06,SBUX,7.67254001583251,8.007273873334652,7.6198855580209495,7.943336009979248,57448000.0
2009-11-09,SBUX,7.958377128841499,7.969660530550897,7.856828665545742,7.9358110427856445,27359800.0
2009-11-10,SBUX,7.890679210988657,8.067448941315645,7.886918076581377,8.052404403686523,26731000.0
2009-11-11,SBUX,8.123867322420447,8.184044058949516,8.063690585891377,8.165238380432129,24071400.0
2009-11-12,SBUX,8.123867092182923,8.23669829063637,8.101300995964886,8.153955459594727,19328400.0
2009-11-13,SBUX,8.150191844645368,8.217890830068178,8.097537397033424,8.191563606262207,17083000.0
2009-11-16,SBUX,8.20660989804158,8.296875,8.161477705744,8.296875,17730400.0
2009-11-17,SBUX,8.236697413741966,8.300635277355513,8.180281820521355,8.270546913146973,14458800.0
2009-11-18,SBUX,8.18027734931221,8.229170645415595,8.067446224542676,8.168993949890137,16074200.0
2009-11-19,SBUX,8.078731369274388,8.127625397645135,7.917006181739329,8.09753704071045,20548000.0
2009-11-20,SBUX,8.02231604579132,8.168996700860063,7.973422733222749,8.052404403686523,12950200.0
2009-11-23,SBUX,8.20284599967527,8.311916742824547,8.09753710820758,8.127625465393066,25388000.0
2009-11-24,SBUX,8.090014001323055,8.127624623248641,7.9320499631259525,8.02231502532959,17987200.0
2009-11-25,SBUX,8.048640944908481,8.214127224222768,8.018552595702504,8.206604957580566,14864800.0
2009-11-27,SBUX,7.917009553389212,8.138911549295969,7.898204591307618,8.059929847717285,8878800.0
2009-11-30,SBUX,8.022311944830449,8.251736004852992,7.93956918225703,8.23669147491455,23917000.0
2009-12-01,SBUX,8.25550162735579,8.28935112076474,8.168996967886768,8.172758102416992,18621800.0
2009-12-02,SBUX,8.202848787627683,8.274308929241942,8.127628227779805,8.153955459594727,14876800.0
2009-12-03,SBUX,8.168998381950615,8.240458515668582,7.928291469254125,7.943336009979248,19109600.0
2009-12-04,SBUX,8.05240311265966,8.221650547036958,8.003509807930062,8.123863220214844,25738200.0
2009-12-07,SBUX,8.097537141159892,8.17651881008207,8.026077023542427,8.048643112182617,10931000.0
2009-12-08,SBUX,7.954618359373696,8.071210675575008,7.879397811041269,7.980945587158203,12023000.0
2009-12-09,SBUX,7.995989237119976,8.03736100038331,7.89820188954678,8.011033058166504,13367000.0
2009-12-10,SBUX,8.059925847869804,8.451074460488071,8.033598627075484,8.390897750854492,42289400.0
2009-12-11,SBUX,8.432273553392271,8.458600786817925,8.296875533073694,8.424751281738281,22741400.0
2009-12-14,SBUX,8.451075647543645,8.609039711860492,8.402182333109817,8.590234756469727,18096200.0
2009-12-15,SBUX,8.526294466436154,8.612798384285854,8.526294466436154,8.548860549926758,13952600.0
2009-12-16,SBUX,8.537578046036653,8.624081965701768,8.428507325044476,8.439790725708008,15798400.0
2009-12-17,SBUX,8.390898952858468,8.45859794023493,8.31191727916131,8.368332862854004,12483200.0
2009-12-18,SBUX,8.436029429791823,8.93624870510838,8.368330461839335,8.906160354614258,59943800.0
2009-12-21,SBUX,8.90992201440237,8.924965831856634,8.669214478868028,8.70306396484375,23654200.0
2009-12-22,SBUX,8.7782850751088,8.951292918784512,8.71434723780193,8.921204566955566,16175600.0
2009-12-23,SBUX,8.906161064634482,8.951293235292276,8.785807653063138,8.928727149963379,8513200.0
2009-12-24,SBUX,8.936255091664574,8.936255091664574,8.838467703331347,8.89864444732666,4096000.0
2009-12-28,SBUX,8.887354363977444,9.007708478939605,8.857266014577613,8.955053329467773,10327600.0
2009-12-29,SBUX,8.966338679024213,8.977622081513525,8.789569677536278,8.84222412109375,14801600.0
2009-12-30,SBUX,8.778288371920423,8.872314596369131,8.718111645662303,8.76700496673584,9208400.0
2009-12-31,SBUX,8.778285130913353,8.830939567608015,8.672975540161133,8.672975540161133,7526400.0
2010-01-04,SBUX,8.770766563269207,8.774527698528626,8.616563604449025,8.669218063354492,16370000.0
2010-01-05,SBUX,8.635367969616402,9.026517401342211,8.609040741973924,8.872314453125,30058800.0
2010-01-06,SBUX,8.830939535826138,8.883594689694196,8.748196747409041,8.80837345123291,14209600.0
2010-01-07,SBUX,8.755724959264128,8.84975121249666,8.721875450711346,8.785813331604004,10256000.0
2010-01-08,SBUX,8.725630832378855,8.876072594862025,8.721869698646412,8.755719184875488,10274800.0
2010-01-11,SBUX,8.789572360334063,8.789572360334063,8.601519898958491,8.729394912719727,11387000.0
2010-01-12,SBUX,8.612798617369306,8.721869339024193,8.462356861089186,8.582710266113281,15429600.0
2010-01-13,SBUX,8.612800054898193,8.83846308566435,8.563906744957642,8.793330192565918,15098400.0
2010-01-14,SBUX,8.740677920898205,8.876075916483401,8.729394515478381,8.857270240783691,15517400.0
2010-01-15,SBUX,8.924969627873518,8.932491898481516,8.616563706577743,8.751961708068848,21862600.0
2010-01-19,SBUX,8.800855113921951,8.951296940661182,8.710590017878413,8.86855411529541,18908200.0
2010-01-20,SBUX,8.92873108161338,8.951297176878962,8.593997918614843,8.75948429107666,33950400.0
2010-01-21,SBUX,9.071646641013356,9.195761176471963,8.774523552191404,8.906160354614258,53670800.0
2010-01-22,SBUX,8.887353183583386,8.962574405773703,8.593991995239172,8.616558074951172,24557600.0
2010-01-25,SBUX,8.650414409814807,8.672980507413468,8.375857950713966,8.424751281738281,24673800.0
2010-01-26,SBUX,8.353288351909214,8.55262418012881,8.338244530978095,8.47740364074707,22492600.0
2010-01-27,SBUX,8.47740374491307,8.488686431409278,8.323200094955128,8.428509712219238,21200200.0
2010-01-28,SBUX,8.462361696707552,8.51125502642646,8.221654749113013,8.304397583007812,28730400.0
2010-01-29,SBUX,8.31944237198393,8.47364535451806,8.180283215437775,8.195327758789062,18741800.0
2010-02-01,SBUX,8.270545205854038,8.375854817526404,8.187802400701992,8.360810279846191,13498800.0
2010-02-02,SBUX,8.330723924275699,8.458599655842383,8.240458828586842,8.44355583190918,15336200.0
2010-02-03,SBUX,8.420988708162003,8.458599342647227,8.311918657254358,8.436033248901367,14938600.0
2010-02-04,SBUX,8.372093022150821,8.420986331025428,8.195324022542033,8.202845573425293,19542400.0
2010-02-05,SBUX,8.195323716385849,8.289349913862347,7.995987919485008,8.161474227905273,22069800.0
2010-02-08,SBUX,8.146429432954523,8.330720688065261,8.05240323846764,8.240455627441406,15988600.0
2010-02-09,SBUX,8.330720578576184,8.387136151054268,8.146429325887551,8.345765113830566,20816200.0
2010-02-10,SBUX,8.289351872255216,8.473643176765163,8.289351872255216,8.413466453552246,20032800.0
2010-02-11,SBUX,8.3720959832802,8.530060085506742,8.247981382771005,8.4849271774292,18518200.0
2010-02-12,SBUX,8.300630866099599,8.530054969617428,8.296869732901936,8.499966621398926,15750800.0
2010-02-16,SBUX,8.533820506939472,8.605279922485352,8.451076968614297,8.605279922485352,16820000.0
2010-02-17,SBUX,8.67673595315223,8.763239868355065,8.639125336910134,8.70682430267334,12950400.0
2010-02-18,SBUX,8.729397595253442,8.770769379025797,8.654177018005944,8.74820327758789,9300600.0
2010-02-19,SBUX,8.714353178285533,8.82342325900631,8.714353178285533,8.785813331604004,9731800.0
2010-02-22,SBUX,8.774524820768614,8.78580822284628,8.582711289626069,8.612799644470215,16983800.0
2010-02-23,SBUX,8.560141480493272,8.616557031623618,8.451070793260305,8.53005313873291,16508400.0
2010-02-24,SBUX,8.556385456979,8.680500030517578,8.541340918434647,8.680500030517578,12921000.0
2010-02-25,SBUX,8.518773445911886,8.642887999314361,8.436030649431226,8.612799644470215,18623800.0
2010-02-26,SBUX,8.620319207796962,8.64664642035475,8.530054171586224,8.616558074951172,12100000.0
2010-03-01,SBUX,8.624086284756697,8.778289250904107,8.616564013880424,8.75948429107666,12703000.0
2010-03-02,SBUX,8.718109113907298,8.80085190914276,8.680498491577376,8.774524688720703,17122200.0
2010-03-03,SBUX,8.763240596221793,8.793328948242014,8.62784337081225,8.672975540161133,11035000.0
2010-03-04,SBUX,8.669216495958471,8.714349393548263,8.601518225618388,8.620323181152344,12892600.0
2010-03-05,SBUX,8.665453413888077,8.797089496870361,8.60151558042689,8.789567947387695,12328800.0
2010-03-08,SBUX,8.751957493441484,8.872310895758734,8.74443522645594,8.77076244354248,8997200.0
2010-03-09,SBUX,8.838464473775694,8.932490691581817,8.72563329935359,8.883597373962402,13357200.0
2010-03-10,SBUX,8.849746990213813,9.128064480911068,8.842224721376931,9.113019943237305,24464200.0
2010-03-11,SBUX,9.041561163763305,9.27850690953121,9.041561163763305,9.12806510925293,17979000.0
2010-03-12,SBUX,9.128064312733375,9.207045981976334,9.07917028355752,9.13182544708252,12833400.0
2010-03-15,SBUX,9.139347768484722,9.214569027079586,9.116781677851497,9.184480667114258,11841800.0
2010-03-16,SBUX,9.383813517548639,9.5417775364978,9.349964033676471,9.511689186096191,33800200.0
2010-03-17,SBUX,9.541778940290573,9.650848957531787,9.451513158442927,9.613238334655762,21365000.0
2010-03-18,SBUX,9.571867118107324,9.590672070516096,9.391336275113531,9.410141944885254,21413600.0
2010-03-19,SBUX,9.39133358001709,9.459032537041352,9.308590808855628,9.39133358001709,22038600.0
2010-03-22,SBUX,9.319879588976908,9.54554195287636,9.15815436878265,9.492887496948242,16329600.0
2010-03-23,SBUX,9.564347908131108,9.564347908131108,9.383817724780794,9.556825637817383,17656000.0
2010-03-24,SBUX,9.718546505436896,9.778723206240114,9.4928835187434,9.511689186096191,24294400.0
2010-03-25,SBUX,9.425190549765468,9.451517783452775,9.082935077103825,9.105501174926758,37962200.0
2010-03-26,SBUX,9.17319943889553,9.33868581663788,9.17319943889553,9.248420715332031,20463600.0
2010-03-29,SBUX,9.263461988998467,9.31611715494783,9.135587002055024,9.255940437316895,13718000.0
2010-03-30,SBUX,9.184476690971014,9.263458332676114,9.116777731016484,9.237131118774414,12786200.0
2010-03-31,SBUX,9.184480694686899,9.229613593451928,9.101737883874616,9.12806510925293,15088600.0
2010-04-01,SBUX,9.229613117149448,9.301072520241974,9.007711204179273,9.116781234741211,15551200.0
2010-04-05,SBUX,9.105450555043106,9.358484665873876,9.105450555043106,9.294281959533691,15765800.0
2010-04-06,SBUX,9.23385802667752,9.328273749975512,9.196091593291364,9.290507316589355,11589200.0
2010-04-07,SBUX,9.366038186250602,9.45290118729806,9.324495763490207,9.407581329345703,16810800.0
2010-04-08,SBUX,9.34715687715945,9.441572603191364,9.30183701171681,9.37736988067627,14317800.0
2010-04-09,SBUX,9.384921538076489,9.422687965419119,9.233856549040656,9.335824966430664,12381000.0
2010-04-12,SBUX,9.30938839609327,9.362261680875099,9.184759693943052,9.24896240234375,12606200.0
2010-04-13,SBUX,9.218747644955185,9.366035886550018,9.184757939920296,9.339599609375,14704800.0
2010-04-14,SBUX,9.328270062632065,9.384919330151183,9.21497080725931,9.381142616271973,15749800.0
2010-04-15,SBUX,9.335824690242557,9.535986245002697,9.298058984351863,9.490666389465332,19206400.0
2010-04-16,SBUX,9.479338326926063,9.524657468635926,9.332049315532084,9.426465034484863,21814000.0
2010-04-19,SBUX,9.437794493028138,9.532210205107653,9.275399352997816,9.403804779052734,16983000.0
2010-04-20,SBUX,9.479338401319655,9.551094549980643,9.298060392387997,9.539764404296875,15065200.0
2010-04-21,SBUX,9.513324581606268,9.600186838554485,9.441568459619498,9.58885669708252,27466000.0
2010-04-22,SBUX,9.811682064517283,10.366846993929357,9.694606766072724,10.291314125061035,62082800.0
2010-04-23,SBUX,10.200672116166244,10.306417957431291,10.102479703634689,10.295087814331055,20898400.0
2010-04-26,SBUX,10.223331940362769,10.419716770388277,10.196895659462148,10.344183921813965,15876400.0
2010-04-27,SBUX,10.385729527761914,10.385729527761914,9.989183779381289,10.019396781921387,19239600.0
2010-04-28,SBUX,10.064716022153457,10.151578315247988,9.864555148529954,9.902320861816406,21192600.0
2010-04-29,SBUX,9.928757344242197,10.094928490847714,9.917427198654869,10.045832633972168,15192600.0
2010-04-30,SBUX,10.098705631391743,10.098705631391743,9.811681747436523,9.811681747436523,15006400.0
2010-05-03,SBUX,9.826788430798793,10.291313606006057,9.811681569653132,10.264877319335938,19331000.0
2010-05-04,SBUX,10.064714092176251,10.064714092176251,9.747477263125676,9.83056354522705,22470200.0
2010-05-05,SBUX,9.79657571207865,10.034503019323411,9.728596275627343,9.902320861816406,22305800.0
2010-05-06,SBUX,9.815458102110433,9.913650536723871,9.21119735390031,9.67194652557373,35568400.0
2010-05-07,SBUX,9.547315205663622,9.81545542999415,9.309387254167232,9.611517906188965,44815000.0
2010-05-10,SBUX,9.845673044416035,10.234666144337284,9.773916881834756,10.212006568908691,29334000.0
2010-05-11,SBUX,10.083598136901855,10.287535696347836,10.019395425156237,10.083598136901855,23988600.0
2010-05-12,SBUX,10.125138476932193,10.548121088547841,10.0873720565556,10.517908096313477,23334600.0
2010-05-13,SBUX,10.495247821808011,10.495247821808011,10.332852729415217,10.363065719604492,21925400.0
2010-05-14,SBUX,10.295088898304433,10.321525181320526,9.887213068100454,10.011841773986816,23081800.0
2010-05-17,SBUX,9.985407250874424,10.178015415797285,9.845671661302415,10.162908554077148,17651600.0
2010-05-18,SBUX,10.042057202739207,10.24221881169908,9.970301045514368,10.038280487060547,17118000.0
2010-05-19,SBUX,9.943861867059072,10.128916559539443,9.747477030834522,9.890989303588867,20713600.0
2010-05-20,SBUX,9.641730893215978,9.7399233010354,9.471782356541098,9.47933578491211,25198400.0
2010-05-21,SBUX,9.267849686944936,9.634182510792593,9.211199664826214,9.55109691619873,25733200.0
2010-05-24,SBUX,9.50199871442717,9.607744588063095,9.407582987359861,9.468008995056152,17079600.0
2010-05-25,SBUX,9.230078956363425,9.43779320648933,9.090343404586905,9.411356925964355,23753800.0
2010-05-26,SBUX,9.36226500509794,9.573756058314562,9.32072184951908,9.332051277160645,24204800.0
2010-05-27,SBUX,9.615295291806174,9.834340424403225,9.554869296722394,9.826786994934082,20103600.0
2010-05-28,SBUX,9.815457316253374,9.943862741980029,9.694605320354103,9.777690887451172,16523600.0
2010-06-01,SBUX,9.724819287999393,9.936310301889328,9.637956997336447,9.705936431884766,19534400.0
2010-06-02,SBUX,9.717266857722963,10.045833918417868,9.656840847534108,10.038280487060547,19915000.0
2010-06-03,SBUX,10.023172846622751,10.166684419288407,9.99295912570919,10.144024848937988,18458200.0
2010-06-04,SBUX,9.91742528755603,10.132692969889543,9.819232872391956,9.875882148742676,22817800.0
2010-06-07,SBUX,9.913651963105277,9.913651963105277,9.634181479918876,9.645511627197266,19664200.0
2010-06-08,SBUX,9.660618376399679,9.785247122946732,9.517106770204707,9.762587547302246,19871200.0
2010-06-09,SBUX,9.834340444080086,10.09115056353264,9.823010299853703,9.936308860778809,23721200.0
2010-06-10,SBUX,10.102479279321951,10.200671687729342,9.970297163376056,10.18934154510498,18876400.0
2010-06-11,SBUX,10.110031380687213,10.276202462025278,10.098701239550055,10.25354290008545,17275800.0
2010-06-14,SBUX,10.363068971546891,10.521687399898848,10.302642972206595,10.370621681213379,17480200.0
2010-06-15,SBUX,10.44237467158338,10.551897212517133,10.351735699949161,10.548120498657227,17347800.0
2010-06-16,SBUX,10.510356665486325,10.638762086967283,10.431047815925275,10.570782661437988,18969600.0
2010-06-17,SBUX,10.578335300990977,10.616101725723919,10.423493607887087,10.567005157470703,14355800.0
2010-06-18,SBUX,10.56700502564623,10.710517293774155,10.47636603961868,10.608548164367676,18838000.0
2010-06-21,SBUX,10.665196911630037,10.76338932170681,10.5216853709545,10.582111358642578,13238600.0
2010-06-22,SBUX,10.600995965190469,10.75583767432472,10.253546118279164,10.283759117126465,20533200.0
2010-06-23,SBUX,10.272432732944432,10.393284764100379,10.185569705258036,10.31775188446045,15792000.0
2010-06-24,SBUX,10.234662661719922,10.298865370533345,10.045831249955107,10.072267532348633,12959400.0
2010-06-25,SBUX,10.132698391473618,10.215783993221336,10.06094221885717,10.125144958496094,17869600.0
2010-06-28,SBUX,10.22333208757156,10.22710880208812,9.955191839907517,9.966521263122559,14278200.0
2010-06-29,SBUX,9.815459181142526,9.857002332751414,9.396253110426954,9.44534969329834,37893400.0
2010-06-30,SBUX,9.471787229124038,9.558649539071626,9.165880426075825,9.177209854125977,33930000.0
2010-07-01,SBUX,9.226301493974233,9.34715346391066,8.943054419310274,9.313163757324219,31499400.0
2010-07-02,SBUX,9.350932411753472,9.362262556767005,9.105451699138124,9.196090698242188,16930800.0
2010-07-06,SBUX,9.282952965263409,9.324496109901867,8.863746964885454,8.916620254516602,29284800.0
2010-07-07,SBUX,8.935503025516349,9.23385702451806,8.88263045671492,9.214973449707031,18170400.0
2010-07-08,SBUX,9.27539678865764,9.415132320850347,9.211194093380099,9.381142616271973,20986400.0
2010-07-09,SBUX,9.396253104406496,9.569978421658384,9.381146962226032,9.554871559143066,14174200.0
2010-07-12,SBUX,9.54354190826416,9.637957635761031,9.434019318607069,9.54354190826416,12906200.0
2010-07-13,SBUX,9.65306230529615,9.845670446453251,9.61907259095462,9.796574592590332,15921200.0
2010-07-14,SBUX,9.766361326962606,9.875883176594751,9.724818183825567,9.819233894348145,11916200.0
2010-07-15,SBUX,9.849445243673605,9.887211665625824,9.683273419284589,9.868328094482422,12583400.0
2010-07-16,SBUX,9.894766922339262,9.985405919571205,9.54354035785628,9.573753356933594,19583800.0
2010-07-19,SBUX,9.585080971348944,9.70970965905005,9.471782426287787,9.62662410736084,14539200.0
2010-07-20,SBUX,9.441573552972258,9.739927623006933,9.384924255721405,9.73237419128418,14836000.0
2010-07-21,SBUX,9.743703745010407,9.81168319072779,9.490669541692874,9.505776405334473,24130800.0
2010-07-22,SBUX,9.362261368813913,9.539762629494856,9.19608953137421,9.49821949005127,38846000.0
2010-07-23,SBUX,9.501996493063123,9.630401909483004,9.418910931988062,9.585082054138184,17897800.0
2010-07-26,SBUX,9.54353757186367,9.6568361052453,9.434015031971521,9.58885669708252,19502000.0
2010-07-27,SBUX,9.664391795974298,9.664391795974298,9.422687817316001,9.509550094604492,17199400.0
2010-07-28,SBUX,9.524656969366784,9.57753025903644,9.369815256027591,9.43779468536377,15432400.0
2010-07-29,SBUX,9.468007131518634,9.517103703317723,9.19986686518482,9.373591423034668,13412800.0
2010-07-30,SBUX,9.23385609234917,9.422687499388337,9.158323241399641,9.384921073913574,15682400.0
2010-08-02,SBUX,9.498819312471715,9.514004897780119,9.346959838772237,9.369738578796387,16674000.0
2010-08-03,SBUX,9.369734541474164,9.438071456224028,9.252043590584275,9.384920120239258,14378000.0
2010-08-04,SBUX,9.430478191897503,9.582337598344571,9.3735310049952,9.559558868408203,14660600.0
2010-08-05,SBUX,9.502611681505899,9.582337598344571,9.400106310608091,9.559558868408203,15344600.0
2010-08-06,SBUX,9.411500281126848,9.631696700788696,9.396313971573502,9.616510391235352,14981800.0
2010-08-09,SBUX,9.639287281390889,9.76457141466805,9.639287281390889,9.741792678833008,10357600.0
2010-08-10,SBUX,9.669658884095146,9.719013655085785,9.532985749010694,9.643083572387695,12901000.0
2010-08-11,SBUX,9.457050942066946,9.476033091197516,9.244447830489745,9.362138748168945,18449600.0
2010-08-12,SBUX,9.229264775937263,9.343159883122087,9.21028262013454,9.286211967468262,11964000.0
2010-08-13,SBUX,9.229267068072927,9.252046529640984,9.092593919279622,9.107779502868652,12194200.0
2010-08-16,SBUX,9.062219612062272,9.16852084121544,8.986289541990455,9.04323673248291,14724400.0
2010-08-17,SBUX,9.084997998938073,9.335566206901762,9.05082954111368,9.225467681884766,14061400.0
2010-08-18,SBUX,9.164728196868221,9.415296521824363,9.03944403439015,9.30140209197998,13645600.0
2010-08-19,SBUX,9.236860224588668,9.308993737995603,9.058425453658886,9.126762390136719,13623600.0
2010-08-20,SBUX,9.119168055052642,9.153336518865641,9.020459240050963,9.1305570602417,10909600.0
2010-08-23,SBUX,9.157135197479798,9.236861148597312,8.990089416503906,8.990089416503906,13230000.0
2010-08-24,SBUX,8.845819837676821,8.845819837676821,8.618031057473162,8.663588523864746,27815000.0
2010-08-25,SBUX,8.580067519300487,8.914158319692508,8.542102474588827,8.868600845336914,20244200.0
2010-08-26,SBUX,8.887582271989505,8.967308931715111,8.800263183246697,8.834431648254395,15060000.0
2010-08-27,SBUX,8.876191873869027,8.952121951306744,8.69775713325014,8.910360336303711,12109000.0
2010-08-30,SBUX,8.902769087412278,8.974901874000022,8.872397197237706,8.89517593383789,11926000.0
2010-08-31,SBUX,8.807855080157012,8.914156312465906,8.614234047436451,8.724331855773926,21136600.0
2010-09-01,SBUX,8.800264895797735,9.024257888160863,8.743317684410501,8.990089416503906,14365200.0
2010-09-02,SBUX,8.982489972576944,9.369731897470203,8.940728375542601,9.362138748168945,23932400.0
2010-09-03,SBUX,9.483631863124943,9.563358529811099,9.384923036054131,9.517800331115723,11773400.0
2010-09-07,SBUX,9.449462164408974,9.506410086391883,9.365939655822501,9.441869735717773,12830400.0
2010-09-08,SBUX,9.449463343426212,9.5291900096761,9.373533978180077,9.407702445983887,12205400.0
2010-09-09,SBUX,9.479834047332663,9.479834047332663,9.312789030233898,9.42668342590332,10329200.0
2010-09-10,SBUX,9.468445395954198,9.658269878576487,9.43427693115235,9.643083572387695,12798600.0
2010-09-13,SBUX,9.70002989275412,9.870872201271428,9.70002989275412,9.775959968566895,17364600.0
2010-09-14,SBUX,9.756978766130452,9.821519119647968,9.692438412612933,9.78735065460205,12253200.0
2010-09-15,SBUX,9.715216197565823,9.78734969717567,9.654472426564752,9.775959968566895,11151200.0
2010-09-16,SBUX,9.730401775763003,9.806331851556333,9.662065576496449,9.768366813659668,8368400.0
2010-09-17,SBUX,9.813928572783144,9.825317581407734,9.654475934930693,9.6924409866333,16694800.0
2010-09-20,SBUX,9.722808072373523,9.99995158166401,9.696232766567967,9.9771728515625,13225200.0
2010-09-21,SBUX,9.950597986086592,9.999952751892094,9.863278907043453,9.931615829467773,14358200.0
2010-09-22,SBUX,9.961987415962973,10.041714064442829,9.806331419160648,9.8442964553833,12248400.0
2010-09-23,SBUX,9.737998701772833,9.939212973712397,9.631697423416433,9.662069320678711,14068400.0
2010-09-24,SBUX,9.813924861486939,9.946802130134792,9.802535133046428,9.920226097106934,23203800.0
2010-09-27,SBUX,9.882262735783872,10.015139293108074,9.882262735783872,9.927820205688477,15232000.0
2010-09-28,SBUX,10.011340553572502,10.08726988955741,9.76456822028407,9.924020767211914,14969000.0
2010-09-29,SBUX,9.939211801253613,9.946804955704259,9.734200975824553,9.794944763183594,13066000.0
2010-09-30,SBUX,9.84429830037726,9.908838656814911,9.635490924079924,9.700031280517578,16740600.0
2010-10-01,SBUX,9.829109200825389,9.901242690261244,9.696232673078773,9.848092079162598,17455400.0
2010-10-04,SBUX,9.794943306214462,9.848094655339814,9.631694854546685,9.753182411193848,10910600.0
2010-10-05,SBUX,9.897445257675525,10.018932772024225,9.851887801856114,9.965782165527344,14287200.0
2010-10-06,SBUX,9.901244165953836,9.954394784974111,9.772163470513561,9.90883731842041,14798000.0
2010-10-07,SBUX,9.9126319807119,9.954392862969076,9.80253346357313,9.897445678710938,10380400.0
2010-10-08,SBUX,9.905038829711419,9.984764742848265,9.745586279314994,9.897445678710938,9222400.0
2010-10-11,SBUX,9.867074012756348,10.022729991027257,9.821516554011216,9.867074012756348,11484400.0
2010-10-12,SBUX,9.870875024667626,10.364418486251777,9.832909975901982,10.303674697875977,29020200.0
2010-10-13,SBUX,10.337840084154575,10.383398273901696,10.208759391347737,10.34922981262207,14618600.0
2010-10-14,SBUX,10.303674021229963,10.53905672882083,10.303674021229963,10.413772583007812,14601600.0
2010-10-15,SBUX,10.478311763195306,10.478311763195306,10.315062589513191,10.455533027648926,11823800.0
2010-10-18,SBUX,10.417564602967843,10.455529632632814,10.318855815488005,10.38339614868164,10964800.0
2010-10-19,SBUX,10.345435594266938,10.432754693383151,10.189779557016983,10.280895233154297,13655000.0
2010-10-20,SBUX,10.28089528393266,10.523870421498906,10.261913122856432,10.421365737915039,13356000.0
2010-10-21,SBUX,10.432755200544221,10.558039351838765,10.258116993822217,10.36062240600586,10634600.0
2010-10-22,SBUX,10.26570962386108,10.861758456365404,10.26191304684935,10.816200256347656,22770800.0
2010-10-25,SBUX,10.838976343549236,10.933888573262006,10.759250418169476,10.77823257446289,11396400.0
2010-10-26,SBUX,10.717489540868348,10.861756545440931,10.675728649332408,10.831384658813477,9513600.0
2010-10-27,SBUX,10.709897997691419,10.755456196540651,10.637765208687725,10.728880882263184,11134000.0
2010-10-28,SBUX,10.80101054933364,10.819992703023177,10.641557996324178,10.717487335205078,8131600.0
2010-10-29,SBUX,10.687114611315659,10.91490405822489,10.668132459124344,10.84277057647705,13535000.0
2010-11-01,SBUX,10.888332871338966,11.006023852482674,10.797217202957745,10.937686920166016,11093200.0
2010-11-02,SBUX,10.968059539291803,11.062971790685115,10.918705487181406,10.964262962341309,9290600.0
2010-11-03,SBUX,10.937683427560575,11.11991543025592,10.86555066570229,11.047781944274902,13359400.0
2010-11-04,SBUX,11.267983209121407,11.389470781598773,11.214832577193322,11.29455852508545,29505400.0
2010-11-05,SBUX,11.605865799697645,11.883009300044817,11.522343309272166,11.71976089477539,36640600.0
2010-11-08,SBUX,11.575498128709867,11.731154163544797,11.457807139373873,11.62864875793457,15613000.0
2010-11-09,SBUX,11.70837388612267,11.70837388612267,11.385672128004835,11.454009056091309,15047600.0
2010-11-10,SBUX,11.427433809372218,11.67420548786843,11.389468768652126,11.567903518676758,15171400.0
2010-11-11,SBUX,11.427433160682188,11.750134902300086,11.393264698386005,11.670408248901367,11397400.0
2010-11-12,SBUX,11.659017178042168,11.659017178042168,11.32872304602927,11.461600303649902,12922000.0
2010-11-15,SBUX,11.423635658210024,11.769116105306951,11.423635658210024,11.689390182495117,18969000.0
2010-11-16,SBUX,11.590262251784111,11.746578232518573,11.353882307489958,11.376757621765137,14845800.0
2010-11-17,SBUX,11.338631003079456,11.491134302030114,11.22806638403764,11.433945655822754,10486000.0
2010-11-18,SBUX,11.521639247820952,11.765645344104321,11.46445058033965,11.658892631530762,13601200.0
2010-11-19,SBUX,11.613141920365864,11.784708659740875,11.548328626816863,11.727519989013672,13522000.0
2010-11-22,SBUX,11.662702271262065,11.853331598053282,11.628388934264192,11.769454956054688,13425000.0
2010-11-23,SBUX,11.636013769404872,11.727515754971671,11.494947753827013,11.590262413024902,17195600.0
2010-11-24,SBUX,11.712265136445842,12.013459810518277,11.697015169015659,12.002021789550781,20611800.0
2010-11-26,SBUX,11.891460796896355,11.95246213964827,11.845709426235734,11.872397422790527,4651200.0
2010-11-29,SBUX,11.685579735608203,11.792332440030522,11.514013746264444,11.738956451416016,13510400.0
2010-11-30,SBUX,11.555947154000668,11.792327789429836,11.491133167446945,11.666512489318848,17186200.0
2010-12-01,SBUX,11.82282881819043,12.211712022555187,11.82282881819043,12.085897445678711,20384600.0
2010-12-02,SBUX,12.146902153406668,12.505284800118257,12.11258881296933,12.490034103393555,20100600.0
2010-12-03,SBUX,12.417595465595584,12.535786183537734,12.234591468205034,12.474784851074219,16435000.0
2010-12-06,SBUX,12.432846162308085,12.505284790112732,12.371844829844568,12.474784851074219,10276000.0
2010-12-07,SBUX,12.577725115321895,12.615850403453289,12.436658349585398,12.497659683227539,13535800.0
2010-12-08,SBUX,12.539596952033026,12.539596952033026,12.375655613747305,12.421407699584961,8590400.0
2010-12-09,SBUX,12.467157641598385,12.50528292330174,12.261277629873222,12.35278034210205,11720800.0
2010-12-10,SBUX,12.360406706059107,12.470972081244138,12.246029383696154,12.42522144317627,8208000.0
2010-12-13,SBUX,12.478596837584242,12.486222185964646,12.196465492248535,12.196465492248535,10908400.0
2010-12-14,SBUX,12.177402107327385,12.314654733854692,12.131650747022814,12.242216110229492,10083600.0
2010-12-15,SBUX,12.242217834243633,12.345157864030575,12.070651117932059,12.150715827941895,13788000.0
2010-12-16,SBUX,12.390908101028728,12.50528542339168,12.276530778665775,12.42522144317627,16072000.0
2010-12-17,SBUX,12.406156856688746,12.562472845474902,12.341342129716454,12.501471519470215,17918400.0
2010-12-20,SBUX,12.531971674238832,12.608223696673555,12.398531725767837,12.554847717285156,8660000.0
2010-12-21,SBUX,12.600600637118003,12.600600637118003,12.390908628134587,12.528162002563477,7347000.0
2010-12-22,SBUX,12.581535706979356,12.638725087401987,12.505283684544633,12.554847717285156,6785200.0
2010-12-23,SBUX,12.501472982312594,12.577725012337561,12.402344906964187,12.440471649169922,6767200.0
2010-12-27,SBUX,12.448095591679563,12.459532885856262,12.261278211937528,12.37946891784668,4668800.0
2010-12-28,SBUX,12.394718183369553,12.463344857339468,12.219339551840369,12.348967552185059,6234000.0
2010-12-29,SBUX,12.40234447201406,12.482409900644956,12.356593837358155,12.394719123840332,4668600.0
2010-12-30,SBUX,12.348969690452181,12.40997102738955,12.276531057334866,12.356595039367676,4907200.0
2010-12-31,SBUX,12.35659173016953,12.383279717033203,12.181213115240773,12.249839782714844,6346200.0
2011-01-03,SBUX,12.387089720740303,12.7416587996076,12.375650976374011,12.67684555053711,12764600.0
2011-01-04,SBUX,12.676850088561347,12.692100783585266,12.368030059065436,12.383280754089355,13306000.0
2011-01-05,SBUX,12.299403056824344,12.520533765596765,12.295591110363501,12.33371639251709,11501800.0
2011-01-06,SBUX,12.341346987510011,12.39091103889392,12.120217639097095,12.185030937194824,13253400.0
2011-01-07,SBUX,12.21552906052758,12.528161077241869,12.146902378381855,12.497659683227539,19791400.0
2011-01-10,SBUX,12.383282474282023,12.562474529739282,12.24984251025206,12.493847846984863,15540600.0
2011-01-11,SBUX,12.543409943963356,12.543409943963356,12.261277908044491,12.299403190612793,16100200.0
2011-01-12,SBUX,12.421406082301635,12.45190601450259,12.223151432643864,12.276527404785156,16419400.0
2011-01-13,SBUX,12.242217714408435,12.368032335547623,12.242217714408435,12.356595039367676,11235000.0
2011-01-14,SBUX,12.276532746309272,12.478599430016644,12.2689073963447,12.467162132263184,11265800.0
2011-01-18,SBUX,12.478596276105897,12.676850961916374,12.4633455800313,12.581536293029785,15682400.0
2011-01-19,SBUX,12.383278683324821,12.608221306959999,12.379466737399449,12.585345268249512,12982000.0
2011-01-20,SBUX,12.604414914668235,12.730229547045921,12.501474876693733,12.650165557861328,18641400.0
2011-01-21,SBUX,12.741663236035432,12.856041993208223,12.604411345323443,12.657787322998047,23129800.0
2011-01-24,SBUX,12.642537403368605,12.77216540897847,12.547222736137423,12.768353462219238,11974800.0
2011-01-25,SBUX,12.688288480273009,12.878917821403968,12.66160048886559,12.829355239868164,18252800.0
2011-01-26,SBUX,12.814105881418413,12.814105881418413,12.482411200447215,12.60822582244873,37247800.0
2011-01-27,SBUX,12.322279462741179,12.753102144857163,12.219339452622156,12.592972755432129,32931800.0
2011-01-28,SBUX,12.60441246448341,12.627287054439979,12.017273749157445,12.09733772277832,26823400.0
2011-01-31,SBUX,12.024901274906311,12.101152588278655,11.723706514584503,12.021088600158691,25171800.0
2011-02-01,SBUX,12.1087747047762,12.31846739674802,12.03633535829916,12.295591354370117,21049800.0
2011-02-02,SBUX,12.261276711491597,12.295590044209023,12.078272755127383,12.276527404785156,13099000.0
2011-02-03,SBUX,12.28415225875919,12.398529545101296,12.21933754205413,12.337528228759766,12782600.0
2011-02-04,SBUX,12.322279634656391,12.482409026315484,12.223153024114174,12.421407699584961,14393400.0
2011-02-07,SBUX,12.44054378364687,12.528584379813324,12.33719139852645,12.383125305175781,12320400.0
2011-02-08,SBUX,12.341025722631837,12.704671385296583,12.337197043535214,12.677876472473145,13565400.0
2011-02-09,SBUX,12.63194287297452,12.68553270001362,12.551558132415867,12.6281156539917,8665400.0
2011-02-10,SBUX,12.586005230149196,12.731462871986038,12.536242636777203,12.693184852600098,17855600.0
2011-02-11,SBUX,12.631932826552399,12.777391855838756,12.540063581684144,12.765907287597656,12259200.0
2011-02-14,SBUX,12.788884681451396,12.930515142204033,12.70467126468394,12.853959083557129,15961200.0
2011-02-15,SBUX,12.79271166379836,12.846302948158952,12.689360694493054,12.700843811035156,11332000.0
2011-02-16,SBUX,12.742950433597247,12.892236788501046,12.681704712092786,12.850130081176758,10671600.0
2011-02-17,SBUX,12.808019088904604,12.892232475379428,12.739117492736604,12.823330879211426,9791400.0
2011-02-18,SBUX,12.800361219821271,13.026204981275335,12.739115528251313,13.014721870422363,15881600.0
2011-02-22,SBUX,12.892234797175792,12.987931313508621,12.505620053471906,12.543899536132812,15101600.0
2011-02-23,SBUX,12.536241962805805,12.543897858313965,12.015652749952958,12.214701652526855,16680000.0
2011-02-24,SBUX,12.172594957338351,12.237668608944958,11.93144008968233,12.214701652526855,18856200.0
2011-02-25,SBUX,12.283604762751875,12.509448597276396,12.249153958834135,12.440546989440918,19325600.0
2011-02-28,SBUX,12.555380287631836,12.651076785952524,12.474995579493502,12.624281883239746,18027400.0
2011-03-01,SBUX,12.719981691123644,12.77357151049253,12.341024276893343,12.398441314697266,20471000.0
2011-03-02,SBUX,12.360163210905677,12.39844123586491,12.1419745260628,12.333368301391602,16253600.0
2011-03-03,SBUX,12.436717642904869,12.731461574609503,12.429061747765273,12.635765075683594,13107600.0
2011-03-04,SBUX,12.593664515119434,12.700844166413193,12.486483403612443,12.677876472473145,16241000.0
2011-03-07,SBUX,13.014724448282353,13.317125749149387,12.75060262486145,12.86160945892334,26465800.0
2011-03-08,SBUX,12.907544045503618,13.133387837932261,12.86543735298448,13.018550872802734,16973400.0
2011-03-09,SBUX,12.995586946135697,13.244397007420622,12.907546328122915,13.221430778503418,16728600.0
2011-03-10,SBUX,14.193706356178094,14.62625350845115,14.140115086672205,14.534385681152344,72206200.0
2011-03-11,SBUX,14.277916409621767,14.396580586170042,13.902786333704357,13.99465560913086,30486000.0
2011-03-14,SBUX,13.898959393566626,13.979344098534405,13.588902225560393,13.676942825317383,24991800.0
2011-03-15,SBUX,13.297986571045568,13.764984508234278,13.271190207068424,13.673116683959961,17963600.0
2011-03-16,SBUX,13.355402882592172,13.619526148747537,13.347746987609572,13.397509574890137,19430400.0
2011-03-17,SBUX,13.623357932344794,13.646325624990794,13.416653079170244,13.431964874267578,12862000.0
2011-03-18,SBUX,13.604215886198919,13.661632914695932,13.324782258917537,13.38219928741455,23366600.0
2011-03-21,SBUX,13.569768910568074,13.611875619464188,13.454933360987093,13.516179084777832,10171400.0
2011-03-22,SBUX,13.493210596224618,13.493210596224618,13.320956551889758,13.378375053405762,12085200.0
2011-03-23,SBUX,13.378372396436149,14.086525986689434,13.301814896356989,14.044419288635254,22958200.0
2011-03-24,SBUX,14.098010829085348,14.488451312513613,13.921928137489063,14.385100364685059,31712200.0
2011-03-25,SBUX,14.457830848471017,14.469313963945687,14.086527872517426,14.124807357788086,13482400.0
2011-03-28,SBUX,14.155435022451288,14.20136896252931,13.948730101779748,14.117156982421875,14317400.0
2011-03-29,SBUX,14.029102850569743,14.224323003599071,13.937233598418619,14.109487533569336,12054000.0
2011-03-30,SBUX,14.228161771588526,14.23199045115159,13.967868509623178,14.055909156799316,11935200.0
2011-03-31,SBUX,14.0252833769711,14.170742513233357,13.971693553141106,14.14394760131836,12757800.0
2011-04-01,SBUX,14.258780479431154,14.415722702809664,14.182222976760753,14.258780479431152,10940200.0
2011-04-04,SBUX,14.30471529285201,14.388928697085024,13.998486723204236,14.059732437133789,10886800.0
2011-04-05,SBUX,14.013792474592467,14.044414588247799,13.853021632211764,13.9334077835083,10749800.0
2011-04-06,SBUX,14.025283898944174,14.117153214795497,13.79944001853179,13.929587364196777,8032800.0
2011-04-07,SBUX,13.845374444273942,13.948726880743596,13.642498250581635,13.742023468017578,11949800.0
2011-04-08,SBUX,13.791780656134083,13.914272073024762,13.550626500500302,13.692256927490234,11012600.0
2011-04-11,SBUX,13.734369393577449,13.856860861908354,13.477901877862847,13.5850830078125,9580000.0
2011-04-12,SBUX,13.485552113907389,13.719051833671765,13.485552113907389,13.692256927490234,10411200.0
2011-04-13,SBUX,13.75350112620441,13.84536894868159,13.63866561800158,13.70756721496582,9128800.0
2011-04-14,SBUX,13.562108339096039,13.768813133239746,13.512345749347501,13.768813133239746,9797000.0
2011-04-15,SBUX,13.77647013346227,13.933412350444062,13.634838248220204,13.925756454467773,12734000.0
2011-04-18,SBUX,13.711394432480407,13.734362118206057,13.39751002862674,13.70756721496582,11133400.0
2011-04-19,SBUX,13.71139588515657,13.891305791869902,13.676945083024505,13.841543197631836,10574400.0
2011-04-20,SBUX,13.990827249358677,14.163081232061408,13.983171354548263,14.12097454071045,13098800.0
2011-04-21,SBUX,14.052074777588722,14.254952365953246,14.036762985973887,14.16308307647705,12950400.0
2011-04-25,SBUX,14.170736923445865,14.209014936735809,14.021450627317432,14.11331844329834,8155600.0
2011-04-26,SBUX,14.209020579272012,14.266439082220966,13.925759663930581,14.009971618652344,14000000.0
2011-04-27,SBUX,14.086528697452337,14.270265856872347,14.055906567655574,14.235815048217773,18333400.0
2011-04-28,SBUX,13.971697801925574,14.346828143025611,13.914279281667826,14.117156982421875,22800000.0
2011-04-29,SBUX,14.105670304442967,14.143949798993072,13.818580666277533,13.856860160827637,40080600.0
2011-05-02,SBUX,13.964032795905707,14.101835986491688,13.883648088134777,14.040590286254883,15180600.0
2011-05-03,SBUX,13.971687642072517,13.998482542651269,13.70373717607245,13.895130157470703,12200000.0
2011-05-04,SBUX,13.898964676545155,14.029112017005328,13.761161438385773,13.998488426208496,11642400.0
2011-05-05,SBUX,13.933410256652342,14.189876162360722,13.902786677349033,13.971688270568848,9600000.0
2011-05-06,SBUX,14.151601125206847,14.419550199410233,13.971691209487767,13.983174324035645,13060600.0
2011-05-09,SBUX,14.02543176256557,14.07537208559307,13.860247245649497,13.875612258911133,9809200.0
2011-05-10,SBUX,13.963970409757351,14.010069856049052,13.810309985070191,13.917872428894043,12490200.0
2011-05-11,SBUX,13.890974647137469,13.963963201278581,13.63743368512963,13.748838424682617,13000000.0
2011-05-12,SBUX,13.72963202991888,14.021587732436197,13.683532604183723,14.00238037109375,9000000.0
2011-05-13,SBUX,13.998534948496058,14.048475249372444,13.798775210417931,13.887131690979004,10403000.0
2011-05-16,SBUX,13.82183483404282,13.848725446399778,13.487621890871742,13.506829261779785,14121000.0
2011-05-17,SBUX,13.43767333101077,13.568285424857521,13.383892139208148,13.560602188110352,17533000.0
2011-05-18,SBUX,13.62591039821545,14.090735279510458,13.54139625055173,14.063844680786133,21646600.0
2011-05-19,SBUX,14.07921231142501,14.348118320738333,14.07921231142501,14.267446517944336,15704000.0
2011-05-20,SBUX,14.209823263452268,14.286652708134497,13.979330533122415,14.063844680786133,10537400.0
2011-05-23,SBUX,13.829513070206449,14.11762792583575,13.806463354202048,13.998539924621582,12200000.0
2011-05-24,SBUX,13.96012437790548,14.052321771087493,13.867926984723468,13.940917015075684,9726600.0
2011-05-25,SBUX,13.956285539318039,13.963967313234825,13.841038414573335,13.875612258911133,9543600.0
2011-05-26,SBUX,13.791098342293717,14.052322595298518,13.77573186495745,13.998539924621582,9755600.0
2011-05-27,SBUX,13.971648884704031,14.05616304198039,13.917867681138308,14.00622272491455,5979400.0
2011-05-31,SBUX,14.121470013772099,14.17909357597118,14.017749946498647,14.13299560546875,9981600.0
2011-06-01,SBUX,14.036957050223213,14.11762886345451,13.791099258226096,13.821830749511719,17077400.0
2011-06-02,SBUX,13.837192810214257,13.914023712041374,13.698897480010958,13.798776626586914,7996000.0
2011-06-03,SBUX,13.599026693738256,13.633600547544123,13.456888925076095,13.506829261779785,14620600.0
2011-06-06,SBUX,13.683530099305269,14.063842232148625,13.63359126204215,13.729629516601562,18604600.0
2011-06-07,SBUX,13.829507665173843,13.933229148513929,13.794933837393813,13.802617073059082,10256000.0
2011-06-08,SBUX,13.76036099603829,13.88328984464014,13.65663950526283,13.729629516601562,10322000.0
2011-06-09,SBUX,13.73731803629903,13.76036775627111,13.637438847276394,13.64896297454834,9205200.0
2011-06-10,SBUX,13.599019892862879,13.63743461546775,13.445358071587924,13.491456031799316,11580200.0
2011-06-13,SBUX,13.499134440297567,13.625905617313121,13.295533845556813,13.406938552856445,12837800.0
2011-06-14,SBUX,13.495296796178017,13.5990182935261,13.468406200431577,13.549077987670898,10093600.0
2011-06-15,SBUX,13.364687120032594,13.564446914151583,13.330113281330695,13.39157772064209,9941400.0
2011-06-16,SBUX,13.353160253152923,13.579810626205742,13.345478481222992,13.499138832092285,13050600.0
2011-06-17,SBUX,13.660485989778802,13.756524273399618,13.529873865437379,13.614386558532715,13684200.0
2011-06-20,SBUX,13.579810218748126,13.837193533508712,13.502980778332562,13.764204978942871,11542000.0
2011-06-21,SBUX,13.833351750001514,14.156040395445151,13.744996717555097,14.109942436218262,13432600.0
2011-06-22,SBUX,14.060003785177361,14.413425422108071,13.979331980651002,14.32122802734375,18038800.0
2011-06-23,SBUX,14.163724844826637,14.497939107745289,14.140676595954886,14.494096755981445,19344000.0
2011-06-24,SBUX,14.471051513469831,14.559408046207889,14.302024619324378,14.348122596740723,10170600.0
2011-06-27,SBUX,14.298178910405692,14.605501098598348,14.221347997000583,14.593976974487305,12108800.0
2011-06-28,SBUX,14.59781729339794,15.085691889318094,14.547876981811289,15.078008651733398,17963000.0
2011-06-29,SBUX,15.070325802991466,15.270085589064522,15.028068727899196,15.147156715393066,14026600.0
2011-06-30,SBUX,15.247038390615593,15.285454585866779,15.143316861579404,15.170208930969238,11001200.0
2011-07-01,SBUX,15.220144571910437,15.466002307876819,15.174046612773665,15.439111709594727,12878200.0
2011-07-05,SBUX,15.431431960155859,15.792536873726776,15.277771573158644,15.731072425842285,14526200.0
2011-07-06,SBUX,15.684971906781,15.711862506770295,15.504419479343333,15.527467727661133,12412600.0
2011-07-07,SBUX,15.327712006213098,15.558203321095142,15.147159548117736,15.489055633544922,21658800.0
2011-07-08,SBUX,15.312346543287875,15.519789619696159,15.296980063829157,15.500580787658691,11212200.0
2011-07-11,SBUX,15.358442730832648,15.47753073465165,15.154842030671485,15.266246795654297,11262800.0
2011-07-12,SBUX,15.285455253632142,15.473689489588185,15.18557460704365,15.20094108581543,11748000.0
2011-07-13,SBUX,15.293141372088433,15.462168274114612,15.174053337329868,15.20478630065918,11240600.0
2011-07-14,SBUX,15.193252563672269,15.296974061175273,14.943553964878426,15.031908988952637,13389400.0
2011-07-15,SBUX,15.03959652633642,15.289295196533203,15.012705922860272,15.289295196533203,13315400.0
2011-07-18,SBUX,15.18173621546383,15.320031616285107,15.043440814642556,15.135638236999512,8714400.0
2011-07-19,SBUX,15.293138162437987,15.504422111984535,15.254721966338952,15.489055633544922,11502800.0
2011-07-20,SBUX,15.446795563966386,15.450637915547405,15.089533069175035,15.30081844329834,11156200.0
2011-07-21,SBUX,15.381492855274868,15.596617686681672,15.266247200531506,15.512104988098145,12382600.0
2011-07-22,SBUX,15.562045240065427,15.642718524509629,15.462166054440035,15.500580787658691,6390000.0
2011-07-25,SBUX,15.412225804429816,15.538997062443187,15.335394872187907,15.519789695739746,10084000.0
2011-07-26,SBUX,15.55435732643256,15.558198212067166,15.366121690930534,15.435269355773926,10752400.0
2011-07-27,SBUX,15.596615076581868,15.711862177466587,14.943555987183188,14.970446586608887,14904200.0
2011-07-28,SBUX,15.320026627537896,15.615824701765815,15.135633308297344,15.358441352844238,29309800.0
2011-07-29,SBUX,15.323869642440206,15.708022810575295,15.074170962409223,15.400700569152832,31177400.0
2011-08-01,SBUX,15.535152979988244,15.661924223885489,15.097218620030453,15.289295196533203,16245600.0
2011-08-02,SBUX,15.139477493357013,15.235515792976233,14.820631100643837,14.832155227661133,16162600.0
2011-08-03,SBUX,14.832152861015809,15.104901236711413,14.586295087688619,15.089534759521484,14852600.0
2011-08-04,SBUX,14.885938715030134,15.043441491849448,14.171413422240148,14.17525577545166,20348400.0
2011-08-05,SBUX,14.282816888251038,14.455686130958998,13.660489079930624,14.106106758117676,26812600.0
2011-08-08,SBUX,13.936478011295279,14.079119277153133,13.123034695423407,13.1268892288208,34481200.0
2011-08-09,SBUX,13.242540555488631,13.89406681060791,12.999665313892354,13.89406681060791,32199800.0
2011-08-10,SBUX,13.616502597138544,13.863234007858008,13.342785030286338,13.400611877441406,28255600.0
2011-08-11,SBUX,13.50854808713924,14.472342874110346,13.427589677985859,14.306570053100586,23164200.0
2011-08-12,SBUX,14.329700938009521,14.48390870026282,14.15621904376733,14.402950286865234,12965200.0
2011-08-15,SBUX,14.464638165461404,14.830880626153807,14.464638165461404,14.811603546142578,15646000.0
2011-08-16,SBUX,14.692086744279566,15.104590761097661,14.55715460296076,14.992790222167969,22626400.0
2011-08-17,SBUX,15.035198344046849,15.231811829159225,14.680522576194216,14.919543266296387,12721200.0
2011-08-18,SBUX,14.375965496059925,14.38367603195847,13.161583298774563,13.396749496459961,42977200.0
2011-08-19,SBUX,13.400603938991441,13.936475150579698,13.254108169807118,13.5316801071167,25589800.0
2011-08-22,SBUX,13.87864692281082,14.025144163218107,13.396749460213222,13.450721740722656,17908000.0
2011-08-23,SBUX,13.562522614550334,14.179350792500088,13.49312926070169,14.160075187683105,18616400.0
2011-08-24,SBUX,14.102256317986212,14.441511271666629,14.02515238464604,14.406814575195312,15714600.0
2011-08-25,SBUX,14.406807901455709,14.572580766622938,13.975028133655604,14.040565490722656,12229600.0
2011-08-26,SBUX,14.002007712936331,14.522456204288867,13.774552130431287,14.414511680603027,16390400.0
2011-08-29,SBUX,14.572574433087272,14.68052043109768,14.48390550408029,14.668953895568848,9498800.0
2011-08-30,SBUX,14.63041073375445,14.938824888947723,14.557161360834696,14.842445373535156,10331600.0
2011-08-31,SBUX,14.892556487680723,15.143142233551323,14.776901414922444,14.888700485229492,14593400.0
2011-09-01,SBUX,14.973518179736798,15.069897673306,14.66895862710587,14.722930908203125,11582800.0
2011-09-02,SBUX,14.526322366044857,14.668963653627653,14.395246151050301,14.45307445526123,9762400.0
2011-09-06,SBUX,14.07911032229752,14.587993703893384,14.040557659671345,14.55329704284668,12270000.0
2011-09-07,SBUX,14.722930792049743,15.177842115758207,14.634261835141734,15.104594230651855,16797800.0
2011-09-08,SBUX,15.027487988356473,15.185550272978551,14.915687441258532,15.004356384277344,15773800.0
2011-09-09,SBUX,14.88870513450159,14.938822887579517,14.28344197644913,14.38367748260498,21029200.0
2011-09-12,SBUX,14.144658660060276,14.603426143525827,14.144658660060276,14.51475715637207,16245000.0
2011-09-13,SBUX,14.537882457026377,14.769194123973083,14.522461385103059,14.722930908203125,12318800.0
2011-09-14,SBUX,14.842442572477518,15.035201566925279,14.58414622582204,14.86171817779541,18162600.0
2011-09-15,SBUX,15.035205814000946,15.227964862898393,15.000509126374011,15.0621919631958,15151200.0
2011-09-16,SBUX,15.120016177521391,15.185553530519874,14.907980104562922,15.112305641174316,18701400.0
2011-09-19,SBUX,14.98894120398724,15.964301335346379,14.961955059923636,15.867921829223633,21342600.0
2011-09-20,SBUX,15.84478620518698,16.191752927603584,15.590344432292861,15.837077140808105,17996400.0
2011-09-21,SBUX,15.806232101278583,15.998991029342957,15.370596512075606,15.382163047790527,15697400.0
2011-09-22,SBUX,15.031347756613645,15.193264613827953,14.553304780326398,14.88485050201416,21396600.0
2011-09-23,SBUX,14.738351480330412,15.216394399301743,14.649682525729744,14.923399925231934,16213400.0
2011-09-26,SBUX,14.992792283815723,15.239523527358038,14.649681556350052,15.224103927612305,16568200.0
2011-09-27,SBUX,15.474689845183374,15.744552696767604,15.266509805049749,15.362889289855957,12766600.0
2011-09-28,SBUX,15.420716698699287,15.57877898603559,15.158564397170668,15.200971603393555,12143200.0
2011-09-29,SBUX,15.501679485347307,15.609625532748217,14.244891366625552,14.715222358703613,25054000.0
2011-09-30,SBUX,14.510898704378372,14.77690709160947,14.34127129721121,14.375967979431152,17043200.0
2011-10-03,SBUX,14.206342082147874,14.287302004736361,13.897927881395033,13.955756187438965,27620000.0
2011-10-04,SBUX,13.709022104127303,14.383678677685316,13.53939322442656,14.360547065734863,24689200.0
2011-10-05,SBUX,14.433787771812383,14.773043891525013,14.20247765011016,14.668953895568848,17616200.0
2011-10-06,SBUX,14.699804102502274,14.931114351238554,14.530175214169953,14.842445373535156,11464200.0
2011-10-07,SBUX,14.915691855158745,15.378313779203065,14.86557557077457,15.13543701171875,16811000.0
2011-10-10,SBUX,15.351321553820679,15.972005563383012,15.312770354853093,15.775390625,14021400.0
2011-10-11,SBUX,15.640461040509035,16.052965074675686,15.586488769965223,15.933455467224121,15037000.0
2011-10-12,SBUX,16.02598500567258,16.184047345224933,15.856357595378597,16.002853393554688,12959200.0
2011-10-13,SBUX,15.883343881373902,16.052971293168454,15.748411682111161,15.840936660766602,12750400.0
2011-10-14,SBUX,16.00284486084867,16.27656364440918,15.95272860060047,16.27656364440918,11249000.0
2011-10-17,SBUX,16.176335954689513,16.176335954689513,15.798528467164491,15.867921829223633,10459800.0
2011-10-18,SBUX,15.906474570014746,16.554145030969398,15.71757154343988,16.36524200439453,15201000.0
2011-10-19,SBUX,16.191750632892983,16.411495702402956,15.69828822706483,15.775390625,13861600.0
2011-10-20,SBUX,15.77153556615539,16.04910889547216,15.671301569809849,15.802377700805664,9322000.0
2011-10-21,SBUX,16.02212404785703,16.36523473487035,15.887191903892148,16.22644805908203,13940000.0
2011-10-24,SBUX,16.272718810547495,16.569567926988018,16.20718143879776,16.399940490722656,12206800.0
2011-10-25,SBUX,16.35752209212809,16.380653691989195,15.867914258155299,15.914175987243652,14038400.0
2011-10-26,SBUX,16.087671343916497,16.265009330273493,15.698298680773094,15.960451126098633,12060000.0
2011-10-27,SBUX,16.372951169072632,16.74304812411494,16.195611757976277,16.60426139831543,12129600.0
2011-10-28,SBUX,16.565711629804333,16.66209114550832,16.24573093176244,16.384517669677734,11935400.0
2011-10-31,SBUX,16.29584874083162,16.62739451115436,16.24958698493196,16.33054542541504,10543000.0
2011-11-01,SBUX,15.93345776816933,16.141636345953593,15.775393994987837,15.894905090332031,15438800.0
2011-11-02,SBUX,16.095379375021423,16.160916740823428,15.779254676204713,15.87563419342041,13484000.0
2011-11-03,SBUX,16.006712889792862,16.122368034345904,15.632759834124233,15.960451126098633,21705600.0
2011-11-04,SBUX,16.546431331407177,17.228798346327892,16.450051834451727,17.036039352416992,34216000.0
2011-11-07,SBUX,16.943510015308892,17.232648406455343,16.866406150209723,17.051454544067383,20936000.0
2011-11-08,SBUX,17.10929020304253,17.213380245306002,16.700640570893484,17.101579666137695,12079800.0
2011-11-09,SBUX,16.7199116618945,16.920381155371047,16.504022569407564,16.557994842529297,16248000.0
2011-11-10,SBUX,16.654374858651362,16.850988355736845,16.4461948236426,16.777740478515625,14783600.0
2011-11-11,SBUX,16.920379196735396,17.19409653338785,16.88568252936861,17.093862533569336,9448800.0
2011-11-14,SBUX,16.982069371913987,17.136277176204523,16.78545581854643,16.824007034301758,9817800.0
2011-11-15,SBUX,16.773691889902235,17.114274878535852,16.746600212254915,17.040739059448242,8110800.0
2011-11-16,SBUX,16.82788236704693,16.986562893160002,16.622759156223925,16.649850845336914,11803800.0
2011-11-17,SBUX,16.553087020208775,16.64984343149614,16.119618711029364,16.266687393188477,13512000.0
2011-11-18,SBUX,16.26668698955828,16.47955227021713,16.224113933426512,16.2628173828125,11646600.0
2011-11-21,SBUX,15.949323098861784,16.22411089429314,15.82160543077644,16.1312255859375,12086800.0
2011-11-22,SBUX,16.080909215012554,16.429232755247963,16.022856275896732,16.36343765258789,11926000.0
2011-11-23,SBUX,16.239588567416828,16.270551314064,15.964800834655763,15.964800834655762,10680600.0
2011-11-25,SBUX,15.887401621514845,16.030600689471896,15.771294229214922,15.806126594543457,5104800.0
2011-11-28,SBUX,16.173802796850968,16.406017603892057,16.003510560394147,16.197023391723633,10003600.0
2011-11-29,SBUX,16.26280946181961,16.54533786099319,16.16605310005942,16.33634376525879,11266800.0
2011-11-30,SBUX,16.727249117624897,16.932372240321367,16.60727063425177,16.8278751373291,14023200.0
2011-12-01,SBUX,16.719505510053118,16.916887908117967,16.719505510053118,16.870445251464844,8343600.0
2011-12-02,SBUX,17.00977840864481,17.11814512327174,16.858838634304224,16.99429702758789,12210600.0
2011-12-05,SBUX,17.12588785566981,17.160720229007964,17.0291314271067,17.106536865234375,13901400.0
2011-12-06,SBUX,17.141369872973318,17.145239480649245,16.78530543496248,16.92463493347168,8228400.0
2011-12-07,SBUX,16.851092530473764,17.044605302363305,16.642098382500592,16.982681274414062,8208800.0
2011-12-08,SBUX,16.816266356434078,17.025260581262067,16.55695837902472,16.587921142578125,9878800.0
2011-12-09,SBUX,16.6808085270582,17.083315644321633,16.618884468739672,17.01365089416504,10894000.0
2011-12-12,SBUX,16.83174847670621,17.05235300935287,16.700159678602425,17.029130935668945,9246200.0
2011-12-13,SBUX,17.241990723433364,17.41615254415199,16.82013274719737,16.87818717956543,14486400.0
2011-12-14,SBUX,16.793046436054667,16.84722980283172,16.514387433902936,16.676939010620117,12387800.0
2011-12-15,SBUX,16.781431767242484,16.924630838782498,16.700156738237528,16.796913146972656,10743200.0
2011-12-16,SBUX,16.91689085994051,17.060091413884926,16.816264840236304,16.8278751373291,13281200.0
2011-12-19,SBUX,16.974940152989173,17.02912349151326,16.76207640462231,16.88205337524414,10464200.0
2011-12-20,SBUX,17.079444715888965,17.474211110788126,17.067832940836766,17.43937873840332,12999200.0
2011-12-21,SBUX,17.42002363493433,17.59031586365141,17.234251502467618,17.50904083251953,9242800.0
2011-12-22,SBUX,17.493554541967587,17.516775129266897,17.284560397962274,17.416149139404297,7896000.0
2011-12-23,SBUX,17.450992973538668,17.590322494506836,17.381328213054584,17.590322494506836,5067800.0
2011-12-27,SBUX,17.57097164028963,17.84188851501356,17.55161916947829,17.779964447021484,5791200.0
2011-12-28,SBUX,17.927028960915536,17.938639258600993,17.57483565939424,17.718034744262695,7831000.0
2011-12-29,SBUX,17.83414730587739,17.99669741255125,17.76835216051935,17.977346420288086,7664400.0
2011-12-30,SBUX,17.988959025635683,17.992830110416033,17.807056427001953,17.807056427001953,5366600.0
2012-01-03,SBUX,18.132149913610764,18.205685727137702,17.524519801379263,17.528390884399414,12922400.0
2012-01-04,SBUX,17.574832070710723,18.047003765314713,17.524518330371247,17.86897087097168,13886800.0
2012-01-05,SBUX,17.87671547211043,17.95799198625625,17.629019275287995,17.9425106048584,9731800.0
2012-01-06,SBUX,17.950249829425786,18.155372948843087,17.892195392118484,18.081838607788086,8105400.0
2012-01-09,SBUX,18.08570609859615,18.11279777246698,17.907674677049133,18.031522750854492,7261600.0
2012-01-10,SBUX,18.20955250683074,18.29856820946226,17.954115693423002,18.12053680419922,7868000.0
2012-01-11,SBUX,18.050882084979452,18.27148666075974,17.98508841125622,18.23665428161621,8201000.0
2012-01-12,SBUX,18.31791539191586,18.43402273249299,18.20954726117693,18.42241096496582,8973400.0
2012-01-13,SBUX,18.383715970983815,18.42241794036853,18.166981103827123,18.329532623291016,9538200.0
2012-01-17,SBUX,18.554010157809174,18.573362622490286,18.395329691570147,18.464994430541992,7536600.0
2012-01-18,SBUX,18.523043867495762,18.635281636225855,18.430157081833006,18.592708587646484,11219400.0
2012-01-19,SBUX,18.569494812369474,18.59658649603574,18.461128077704416,18.584976196289062,10540800.0
2012-01-20,SBUX,18.55400412251104,18.728165913288812,18.503691864586017,18.63528060913086,9582200.0
2012-01-23,SBUX,18.635289700931388,18.654640692373167,18.232782582843978,18.32179832458496,15163000.0
2012-01-24,SBUX,18.290831220155507,18.499825421497658,18.20568658272348,18.4417724609375,10309200.0
2012-01-25,SBUX,18.612068336466102,18.612068336466102,18.325668632473118,18.48822021484375,14279000.0
2012-01-26,SBUX,18.600451735057884,18.76687286893091,18.2134261170063,18.708818435668945,24982200.0
2012-01-27,SBUX,18.534654045367585,18.550135422278135,18.155369169371216,18.51917266845703,26973400.0
2012-01-30,SBUX,18.33340557309011,18.763004302978516,18.28696290608173,18.763004302978516,16458600.0
2012-01-31,SBUX,18.78622542944039,18.817186713759565,18.507566488639377,18.546268463134766,11731200.0
2012-02-01,SBUX,18.708818395728855,18.74365076033456,18.399198197225687,18.670116424560547,16545600.0
2012-02-02,SBUX,18.666243113997044,18.766870589242746,18.34888226385671,18.44563865661621,11977800.0
2012-02-03,SBUX,18.565618140775946,18.73203926362689,18.554006369061263,18.70107650756836,9995800.0
2012-02-06,SBUX,18.689431390389707,18.83702083445573,18.63894147346071,18.75545883178711,7415200.0
2012-02-07,SBUX,18.739920306632005,18.875856959740233,18.68942891479249,18.80206298828125,6351800.0
2012-02-08,SBUX,18.82537013682406,18.95742354218502,18.75157467166436,18.922468185424805,7672200.0
2012-02-09,SBUX,18.976837167666602,19.1710332066618,18.937997070908644,19.108890533447266,9513600.0
2012-02-10,SBUX,18.953537597095366,18.992377703049197,18.837020242430967,18.961305618286133,8176400.0
2012-02-13,SBUX,19.050638138772925,19.13608490148229,18.926352746613166,19.12831687927246,7716600.0
2012-02-14,SBUX,19.01955999577694,19.077817916870117,18.899157921627328,19.077817916870117,6621200.0
2012-02-15,SBUX,19.05063180209199,19.108891208487897,18.802061100452836,18.829248428344727,8092600.0
2012-02-16,SBUX,18.782639208747913,18.94964790374035,18.770987921710596,18.84478187561035,9766400.0
2012-02-17,SBUX,18.903045517057752,19.03898366058596,18.809832229334088,18.81760025024414,12705800.0
2012-02-21,SBUX,18.80594953145641,18.980726317019858,18.670012854684096,18.743806838989258,8291600.0
2012-02-22,SBUX,18.755461955641184,18.813719903708357,18.592336441535647,18.770998001098633,8649400.0
2012-02-23,SBUX,18.774880773221636,18.856442787309646,18.642827353536795,18.821487426757812,8253400.0
2012-02-24,SBUX,18.79817656707526,18.914693890431884,18.681657762120484,18.759336471557617,6553400.0
2012-02-27,SBUX,18.69331051027028,18.860319216810428,18.557372398510687,18.732149124145508,6713000.0
2012-02-28,SBUX,18.732143508931077,19.00013342017209,18.704956191048556,18.99625015258789,7653200.0
2012-02-29,SBUX,18.97683262204344,18.984600639534314,18.833128002456828,18.860315322875977,10245200.0
2012-03-01,SBUX,18.910807268530483,19.06616467202946,18.825362030044253,18.918575286865234,8673000.0
2012-03-02,SBUX,18.93800727555087,19.077828736025157,18.84867722726985,18.98849868774414,8177400.0
2012-03-05,SBUX,18.91080530857216,19.186564745282414,18.91080530857216,19.046743392944336,8906600.0
2012-03-06,SBUX,18.85256001735198,19.04675614077357,18.68166648051772,18.770998001098633,8207400.0
2012-03-07,SBUX,18.80982904335135,19.233176480853096,18.79429300416271,19.221525192260742,11421200.0
2012-03-08,SBUX,19.283669304918842,19.71090004326656,19.283669304918842,19.563310623168945,16631600.0
2012-03-09,SBUX,20.099297189493832,20.37894005928534,19.835190363934906,20.134252548217773,28375800.0
2012-03-12,SBUX,20.180854066434907,20.204158126856523,19.784693928857525,19.85072135925293,13623600.0
2012-03-13,SBUX,19.901210922549208,20.33232488878768,19.854602805984335,20.328441619873047,18471600.0
2012-03-14,SBUX,20.196388260870258,20.54982499617156,20.165316183147933,20.460494995117188,14739600.0
2012-03-15,SBUX,20.5265222565133,20.62750503399983,20.460496309509136,20.611968994140625,12636200.0
2012-03-16,SBUX,20.681875911286816,20.72848254074649,20.534286522800134,20.666339874267578,23993200.0
2012-03-19,SBUX,20.596425435170442,20.8061574519082,20.452720822930615,20.798389434814453,11435200.0
2012-03-20,SBUX,20.786745129175166,20.907147212156836,20.674111065895374,20.86830711364746,12616400.0
2012-03-21,SBUX,20.945984456434733,20.95763574442488,20.782859016581828,20.899377822875977,8522800.0
2012-03-22,SBUX,20.848885407449195,21.458660808735182,20.837234120035482,21.443124771118164,21402400.0
2012-03-23,SBUX,21.551879422061386,21.55576269136376,21.167370570798646,21.49750328063965,13754800.0
2012-03-26,SBUX,21.563531273374092,21.715003967285156,21.43147788967756,21.715003967285156,13132800.0
2012-03-27,SBUX,21.738300521961165,21.928611770584133,21.617898469650182,21.850933074951172,13421000.0
2012-03-28,SBUX,21.83539974077442,21.963568336369782,21.617899677172698,21.76160430908203,12098200.0
2012-03-29,SBUX,21.594596815789735,21.699462844305884,21.213972794655955,21.64508819580078,13402400.0
2012-03-30,SBUX,21.82762975509258,21.84704905793562,21.648969798380055,21.70722770690918,8967400.0
2012-04-02,SBUX,21.761608813569374,22.09562625546903,21.734421485191334,22.01017951965332,12180600.0
2012-04-03,SBUX,22.017948721632514,22.204376761205392,21.916967422463255,22.103395462036133,11865400.0
2012-04-04,SBUX,22.239327680086962,22.390801821057487,22.0062930474521,22.12281036376953,14150800.0
2012-04-05,SBUX,22.18496243414504,22.709292802203343,22.165543120127776,22.59665870666504,16360000.0
2012-04-09,SBUX,22.243213789285775,22.51120378135013,22.181071118012962,22.301471710205078,12610800.0
2012-04-10,SBUX,22.433524348808984,22.495667018078887,21.98298962620265,22.052900314331055,18156000.0
2012-04-11,SBUX,22.278168490101955,23.03941656157508,22.21214107038541,23.02776527404785,24176400.0
2012-04-12,SBUX,23.086028271206175,23.55598388668168,22.922904283552356,23.548215866088867,24417200.0
2012-04-13,SBUX,23.412276010107057,24.072542896061286,23.206428665097157,23.95214080810547,30542400.0
2012-04-16,SBUX,24.053126655518295,24.08031398826749,23.113216855222433,23.167593002319336,25367800.0
2012-04-17,SBUX,23.280220531128084,23.284105281587923,22.59665112841791,22.783079147338867,30548200.0
2012-04-18,SBUX,22.915130007003413,23.58704804806107,22.884057933115,23.431692123413086,18130400.0
2012-04-19,SBUX,23.45888650517223,23.47442106519218,22.752012909117163,22.84134292602539,18567200.0
2012-04-20,SBUX,22.942320501232775,23.25303387506394,22.91513317362244,22.977275848388672,16134800.0
2012-04-23,SBUX,22.790848351230643,22.852991027434207,22.429643582797983,22.74424171447754,15202200.0
2012-04-24,SBUX,22.90348510022418,23.206430497036333,22.43352948213549,22.54616355895996,17996000.0
2012-04-25,SBUX,22.80250100071758,23.19089312056601,22.66267960051641,23.109331130981445,14108600.0
2012-04-26,SBUX,23.245262155169126,23.750172974067425,23.07048692880987,23.559860229492188,29879400.0
2012-04-27,SBUX,22.631606381540323,22.720936380972876,21.932500943060795,22.305356979370117,54720000.0
2012-04-30,SBUX,22.305355142375188,22.4296404775759,22.10339110227451,22.28205108642578,18647400.0
2012-05-01,SBUX,22.336433954122604,22.693755535500568,22.223801346252177,22.39469337463379,13267200.0
2012-05-02,SBUX,22.344199527139864,22.585003722706595,22.181075538141542,22.49567222595215,13916600.0
2012-05-03,SBUX,22.348085398482656,22.394692043161452,21.99076383834918,22.002416610717773,16406800.0
2012-05-04,SBUX,21.76161244693241,21.850942466746158,21.485854366429297,21.579069137573242,18263200.0
2012-05-07,SBUX,21.505045028130343,21.74269159355584,21.42712790216608,21.61412811279297,12645000.0
2012-05-08,SBUX,21.43101771295934,21.46997700923992,20.66743333960234,21.11155891418457,20748600.0
2012-05-09,SBUX,20.92456426613187,21.37258663151224,20.842751951594945,21.076501846313477,17232200.0
2012-05-10,SBUX,21.31414323889684,21.64918576313944,21.228435757590642,21.368684768676758,15112200.0
2012-05-11,SBUX,21.26739612766545,21.715418438160476,21.251812406954485,21.431020736694336,14455800.0
2012-05-14,SBUX,21.236226268136388,21.275185565477614,20.897288555066538,20.90897560119629,11794600.0
2012-05-15,SBUX,20.959626746385517,21.07650169289403,20.679127171994203,20.780418395996094,19779800.0
2012-05-16,SBUX,20.877816960454005,21.05702533254304,20.58562881573006,20.65575408935547,15818000.0
2012-05-17,SBUX,20.721978361228167,20.72587503458566,20.114228098258316,20.129810333251953,17960000.0
2012-05-18,SBUX,20.266164650794337,20.714185465053394,20.036309976993476,20.075267791748047,22738200.0
2012-05-21,SBUX,20.14540010164274,20.936257096178338,20.07527482161208,20.920673370361328,20695000.0
2012-05-22,SBUX,20.96352269038429,21.193377387846642,20.67522977862902,20.792104721069336,15757000.0
2012-05-23,SBUX,21.02195823954412,21.614126265662392,20.998584144054277,21.54010581970215,18498400.0
2012-05-24,SBUX,21.74658355209978,21.96864636213085,21.010269867665663,21.3336238861084,20236800.0
2012-05-25,SBUX,21.376476894226972,21.45049881654575,21.150518912876304,21.255706787109375,10169400.0
2012-05-29,SBUX,21.42322913545681,21.758270194680403,21.34920720939209,21.65308380126953,12982000.0
2012-05-30,SBUX,21.372581998149297,21.47387320092958,21.197268872043747,21.321935653686523,10412600.0
2012-05-31,SBUX,21.36089562090606,21.458291639999423,21.002477497846925,21.38426971435547,15055200.0
2012-06-01,SBUX,20.690818742319653,21.06092405892954,20.273963734119366,20.316818237304688,17456400.0
2012-06-04,SBUX,20.258374321865038,21.025855516933017,20.059687073766142,20.998584747314453,24502800.0
2012-06-05,SBUX,20.394726683800837,20.523290147901818,20.114227147286158,20.418102264404297,22337600.0
2012-06-06,SBUX,20.683019942671994,20.88170717990468,20.601207638290617,20.83106231689453,13980400.0
2012-06-07,SBUX,21.064820206649628,21.185591858749614,20.757048293525962,20.819381713867188,14475600.0
2012-06-08,SBUX,20.585627125843978,20.944043840599416,20.410313956172022,20.87781524658203,12509800.0
2012-06-11,SBUX,21.09597494630611,21.103765318776137,20.55055673240972,20.581724166870117,9770000.0
2012-06-12,SBUX,20.64795997847544,20.815481282098116,20.207729472247557,20.663543701171875,21075400.0
2012-06-13,SBUX,20.585623027330854,20.78820692904642,19.880475301329284,19.973976135253906,21445600.0
2012-06-14,SBUX,20.036309911517318,20.445372909685034,19.90774644818569,20.38693618774414,16009600.0
2012-06-15,SBUX,20.1687681701818,20.488226999586722,20.083059196291828,20.468748092651367,20108800.0
2012-06-18,SBUX,20.39082939138375,21.150518591885227,20.355766767171524,21.107664108276367,15911000.0
2012-06-19,SBUX,21.314151304673455,21.64140209333758,21.24402602952073,21.473880767822266,15032400.0
2012-06-20,SBUX,21.544001605457453,21.781648157176335,21.427126666324778,21.67646026611328,14967200.0
2012-06-21,SBUX,21.746587804765866,21.805026023526317,21.03754474879086,21.064815521240234,12379800.0
2012-06-22,SBUX,21.14273475499406,21.321943130680634,21.053130567150774,21.286880493164062,9148800.0
2012-06-25,SBUX,21.099878359876513,21.13104580648983,20.651855974756867,20.760940551757812,10005800.0
2012-06-26,SBUX,20.753147166717095,21.076501227793294,20.647959271336973,21.018064498901367,9467000.0
2012-06-27,SBUX,20.990790419314184,21.076497905407656,20.398622445786433,20.550559997558594,14015800.0
2012-06-28,SBUX,20.464854444737444,20.488230028202505,19.966187219980604,20.293437957763672,15650200.0
2012-06-29,SBUX,20.721978618224995,20.80768759940749,20.58172958467018,20.772624969482422,16983200.0
2012-07-02,SBUX,20.81937564673802,20.81937564673802,20.316813241881192,20.566146850585938,10270800.0
2012-07-03,SBUX,20.44148122445471,20.49212609491691,20.149293106260195,20.235000610351562,9112800.0
2012-07-05,SBUX,20.27396073303706,20.570044050809273,20.246689959800634,20.41421127319336,8752200.0
2012-07-06,SBUX,20.31681602293753,20.33629493513166,19.985668571054358,20.24669075012207,12096200.0
2012-07-09,SBUX,20.16877090432555,20.41420932619041,20.14929199474957,20.41031265258789,9328600.0
2012-07-10,SBUX,20.55056425305072,20.65185547982519,20.277855046302438,20.39083480834961,10558200.0
2012-07-11,SBUX,20.328504906022275,20.40642204797023,20.141504657034698,20.32071304321289,8700000.0
2012-07-12,SBUX,20.102546563179416,20.628486188642402,20.04021314306669,20.523298263549805,10980800.0
2012-07-13,SBUX,20.42589920979687,20.916774635513963,20.320711300111977,20.885608673095703,11089600.0
2012-07-16,SBUX,20.82715961210959,20.98299380154539,20.554450523669427,20.608993530273438,9318800.0
2012-07-17,SBUX,20.760939392373704,21.00637633309181,20.624584050273626,20.932355880737305,8470000.0
2012-07-18,SBUX,20.581728032630274,20.87781128489049,20.3635604088654,20.76483154296875,11023400.0
2012-07-19,SBUX,20.776525429878184,21.146629219035887,20.60900411038448,21.115463256835938,10426200.0
2012-07-20,SBUX,20.772620940851276,20.799891704821288,20.079161823650622,20.242786407470703,23471400.0
2012-07-23,SBUX,19.919434137487652,19.935016370991104,19.323369493157788,19.712953567504883,21166200.0
2012-07-24,SBUX,19.685685268793257,19.931123682518322,19.510373602277987,19.66620635986328,12079200.0
2012-07-25,SBUX,19.67399580799503,19.751912920305262,19.424662237518543,19.638933181762695,13157800.0
2012-07-26,SBUX,20.145397242511894,20.605106685848348,20.01683523813241,20.41421127319336,28380400.0
2012-07-27,SBUX,18.27149605137647,18.777955116492652,17.967619423390364,18.493558883666992,56945200.0
2012-07-30,SBUX,18.48576520300776,18.594848271669235,18.18968046500468,18.263702392578125,17497200.0
2012-07-31,SBUX,18.298771521272283,18.310458572453975,17.566352762253278,17.64037322998047,30425400.0
2012-08-01,SBUX,17.71438429084581,17.72996652079088,17.024820458383836,17.055986404418945,33427000.0
2012-08-02,SBUX,16.985865775352714,17.2118252615119,16.76769963549735,16.814449310302734,30760200.0
2012-08-03,SBUX,17.07547961466865,17.219625381378865,16.907958256270533,17.106645584106445,24472800.0
2012-08-06,SBUX,17.28262893384897,17.290451076885375,16.997127426665745,17.00494956970215,19911200.0
2012-08-07,SBUX,17.134008291509538,17.748032188919996,17.087075445344553,17.72065544128418,25045400.0
2012-08-08,SBUX,17.70893112268082,17.755863994391174,17.56031483802969,17.71284294128418,16627200.0
2012-08-09,SBUX,17.830171616191716,17.85754837792937,17.61115603036889,17.642444610595703,18177600.0
2012-08-10,SBUX,17.69719821073369,17.83799383852102,17.638532868515092,17.822349548339844,13512200.0
2012-08-13,SBUX,17.888832897462088,18.11175875924917,17.787146526728968,18.033538818359375,16786200.0
2012-08-14,SBUX,18.186066253477634,18.2603743741959,18.080469560717216,18.158689498901367,14132000.0
2012-08-15,SBUX,18.283848331359366,18.89396231009659,18.279938004204688,18.811830520629883,29404800.0
2012-08-16,SBUX,18.827476560603948,19.01520361181156,18.63583918187871,18.929162979125977,19389200.0
2012-08-17,SBUX,19.011285089154196,19.011285089154196,18.71013927476375,18.85875701904297,17089200.0
2012-08-20,SBUX,18.870486778401972,18.929152100906386,18.71404691300428,18.792266845703125,12297800.0
2012-08-21,SBUX,18.897865235080378,18.94870841970733,18.753159316288105,18.807912826538086,14280200.0
2012-08-22,SBUX,18.79227198253597,18.897868696755907,18.733608135917024,18.81964874267578,11817600.0
2012-08-23,SBUX,18.827469080854137,18.925243641092823,18.70231776310233,18.733606338500977,13075800.0
2012-08-24,SBUX,18.651473947949654,19.07777107595729,18.385527033673988,19.046483993530273,18156200.0
2012-08-27,SBUX,19.163815282636932,19.285056283761683,19.06604071486838,19.218568801879883,16089800.0
2012-08-28,SBUX,19.14035104491012,19.363276965641003,19.12079642749756,19.30461311340332,13325600.0
2012-08-29,SBUX,19.33589569569098,19.425848108358235,19.183367626736878,19.23029899597168,12303000.0
2012-08-30,SBUX,19.339809097711566,19.554912840573586,19.320254483255283,19.44149398803711,15918200.0
2012-08-31,SBUX,19.56273209893436,19.578376384960194,19.30460734719305,19.402381896972656,11868200.0
2012-09-04,SBUX,19.339806775495415,19.47278022652146,19.179456569133528,19.363271713256836,10806200.0
2012-09-05,SBUX,19.38674737702132,19.80913436096887,19.363280936161352,19.476699829101562,12976400.0
2012-09-06,SBUX,19.656600374768285,19.94210345353252,19.5940247049387,19.883438110351562,11363200.0
2012-09-07,SBUX,19.934280390845057,20.071164196071727,19.852148615787474,20.01249885559082,10288200.0
2012-09-10,SBUX,20.016409938502704,20.071163458581523,19.79739436626591,19.879526138305664,13784000.0
2012-09-11,SBUX,19.946010753791857,20.055517786397818,19.79348267497029,19.84041404724121,13456200.0
2012-09-12,SBUX,19.94210253570395,20.12200739169374,19.94210253570395,20.01249885559082,11277400.0
2012-09-13,SBUX,20.012502434764276,20.278449439844092,19.89908504382994,20.22760772705078,11352000.0
2012-09-14,SBUX,20.278447758080716,20.33711310418841,19.70353422906524,19.734821319580078,24167200.0
2012-09-17,SBUX,19.535356786684265,19.582288156305566,19.15990284587115,19.421937942504883,21955400.0
2012-09-18,SBUX,19.38283388509012,19.41412097587354,19.19510686462438,19.261592864990234,17068800.0
2012-09-19,SBUX,19.296790751328444,19.715265825328324,19.22248260922661,19.597936630249023,14277200.0
2012-09-20,SBUX,19.480608183208922,20.028144945244488,19.418032510635665,20.020322799682617,18039800.0
2012-09-21,SBUX,20.1376507222447,20.20022638621375,19.953834056619957,19.973388671875,18128000.0
2012-09-24,SBUX,19.906900094930037,20.114181675158154,19.78956943480264,20.00858497619629,9267000.0
2012-09-25,SBUX,20.067253259697047,20.211959205384545,19.73873064521628,19.762195587158203,14178400.0
2012-09-26,SBUX,19.766106944665374,19.946011790993566,19.48060538629546,19.594022750854492,13970800.0
2012-09-27,SBUX,19.683980911311803,19.973392858359723,19.55491773811775,19.961660385131836,11752400.0
2012-09-28,SBUX,19.77393387294276,19.93037232380112,19.511897192574164,19.832597732543945,16058600.0
2012-10-01,SBUX,19.918636905950216,20.0633428618827,19.515806126930933,19.61358070373535,15432600.0
2012-10-02,SBUX,19.72699494926247,19.72699494926247,19.085594065891765,19.281143188476562,21860200.0
2012-10-03,SBUX,19.418032979993992,19.488430799830727,19.18337308323097,19.355457305908203,15040200.0
2012-10-04,SBUX,19.51188497192066,19.527529254784753,19.0699436784961,19.202917098999023,24816200.0
2012-10-05,SBUX,19.34762571926723,19.410201362818537,19.03083568458317,19.062124252319336,17917000.0
2012-10-08,SBUX,19.030842778780325,19.23030225072803,18.929157879574387,19.0699520111084,15495600.0
2012-10-09,SBUX,19.038664624009428,19.155993811068765,18.48330428377696,18.518503189086914,24286400.0
2012-10-10,SBUX,18.671032357757362,18.698409117731078,18.233001214334877,18.362064361572266,22044000.0
2012-10-11,SBUX,18.45983908293569,18.584990412968754,18.338598079250485,18.444194793701172,17288400.0
2012-10-12,SBUX,18.58499414650495,18.651480151225705,18.3972671137429,18.4520206451416,17032800.0
2012-10-15,SBUX,18.565429710896623,18.702313467018843,18.514586533513633,18.643648147583008,13587600.0
2012-10-16,SBUX,18.784450840782732,19.27332371498109,18.7257869910319,19.14817237854004,17480600.0
2012-10-17,SBUX,19.08168903800411,19.230305338249142,18.901784153335818,18.925249099731445,14531000.0
2012-10-18,SBUX,18.94089361865417,18.987825003928982,18.45593099774165,18.541973114013672,19686400.0
2012-10-19,SBUX,18.354238466471788,18.362060609426102,17.75585870371844,17.86927604675293,36760000.0
2012-10-22,SBUX,17.884927322772942,17.8888391417396,17.634624618091973,17.716754913330078,16497400.0
2012-10-23,SBUX,17.583782348916394,17.669824467691164,17.31392501083446,17.58769416809082,22447600.0
2012-10-24,SBUX,17.716757041094258,17.806709493147064,17.63071640847791,17.701112747192383,17443800.0
2012-10-25,SBUX,18.021808993149346,18.330775492510607,17.955321511467037,18.088294982910156,23508200.0
2012-10-26,SBUX,18.01007217421242,18.068737502162026,17.748037091059064,17.939674377441406,21732800.0
2012-10-31,SBUX,17.93967442545638,18.064825732957317,17.599419401433295,17.95140838623047,17869200.0
2012-11-01,SBUX,17.888836290857398,18.27993457757388,17.751950995353692,18.233001708984375,25082400.0
2012-11-02,SBUX,19.758286770692393,20.313645653939748,19.711355391300618,19.883438110351562,54965400.0
2012-11-05,SBUX,19.86779797957999,20.059436847761926,19.828688737218926,19.949928283691406,20253800.0
2012-11-06,SBUX,19.981215190532573,20.415334607068406,19.902995220467425,20.223695755004883,16161600.0
2012-11-07,SBUX,20.039874340711734,20.454437517523786,19.981209008333504,20.262800216674805,19532000.0
2012-11-08,SBUX,20.196316349360142,20.235427075241375,19.87952767529118,19.891260147094727,15438000.0
2012-11-09,SBUX,19.9225424654614,20.14155800218851,19.81694576874947,19.93036460876465,14356400.0
2012-11-12,SBUX,19.93036694429305,20.08680684484777,19.813037764837734,19.820859909057617,9687800.0
2012-11-13,SBUX,19.801220858996807,20.036857080104674,19.65591282976416,19.75802230834961,9822400.0
2012-11-14,SBUX,19.636282988363845,19.824791125276597,19.165011897017212,19.180721282958984,22024400.0
2012-11-15,SBUX,19.24355447707456,19.271045149334324,18.91366491182811,19.01970100402832,15778000.0
2012-11-16,SBUX,19.176793701983474,19.243556341617573,18.79192125679723,19.149301528930664,18604400.0
2012-11-19,SBUX,19.231769409835817,19.63627622057846,19.223914719572107,19.534168243408203,12666600.0
2012-11-20,SBUX,19.471333453585242,19.765877615563106,19.412424021938037,19.659841537475586,10971600.0
2012-11-21,SBUX,19.61664534766002,19.887625490678666,19.600935963045483,19.836570739746094,8090400.0
2012-11-23,SBUX,19.852282065331462,20.15468100714493,19.852282065331462,20.103626251220703,4949400.0
2012-11-26,SBUX,19.970096127949386,20.040786855683624,19.828716170610175,19.98580551147461,7801000.0
2012-11-27,SBUX,19.981880769720306,20.209660859465448,19.687336542859395,19.718753814697266,10800600.0
2012-11-28,SBUX,19.710890697466542,20.186089652273125,19.5970014503367,20.174306869506836,10903000.0
2012-11-29,SBUX,20.33533454639084,20.54348016851154,20.2253718390943,20.343189239501953,12829000.0
2012-11-30,SBUX,20.193953006199465,20.425661208830363,20.044718331923615,20.37067985534668,11997400.0
2012-12-03,SBUX,20.476715388507507,20.527770143075188,20.225371209296576,20.339262008666992,13776000.0
2012-12-04,SBUX,20.284277402929327,20.41387606911439,20.005441094348953,20.07613182067871,12239000.0
2012-12-05,SBUX,20.421732763299353,20.476714111807535,19.463482765271117,19.946535110473633,27640200.0
2012-12-06,SBUX,20.225364728030915,21.148269121223443,20.10361927480759,21.0893611907959,49862000.0
2012-12-07,SBUX,20.983329601387183,21.20718308072224,20.869438814180416,21.0658016204834,21244200.0
2012-12-10,SBUX,21.018671042993375,21.089361759917303,20.735908175297673,20.798744201660156,14844400.0
2012-12-11,SBUX,20.944055256149845,21.010817883593855,20.814455099635033,20.88907241821289,15011400.0
2012-12-12,SBUX,20.999037542317808,21.28179894523385,20.87336547477085,21.050090789794922,18553000.0
2012-12-13,SBUX,21.01081916426999,21.328927432999482,20.794820388375303,20.885147094726562,14360600.0
2012-12-14,SBUX,20.8929993150679,21.108998065413765,20.838017978412125,20.955835342407227,9656200.0
2012-12-17,SBUX,21.014745470561987,21.47030709089279,21.010818873874566,21.43496322631836,16114800.0
2012-12-18,SBUX,21.47031219628755,21.560640420998624,21.31714942086112,21.340713500976562,15380800.0
2012-12-19,SBUX,21.364271907379326,21.540997217858656,21.258235822214218,21.313217163085938,14237200.0
2012-12-20,SBUX,21.415325846457538,21.446744612617493,21.089364387258755,21.289653778076172,9797800.0
2012-12-21,SBUX,20.834092017331667,21.08543615242558,20.65343860749907,21.050090789794922,22153600.0
2012-12-24,SBUX,20.95976190548137,21.207179418169485,20.94405402226822,21.085433959960938,3405800.0
2012-12-26,SBUX,21.057949489880702,21.12471363117195,20.76733334015504,20.865514755249023,6094200.0
2012-12-27,SBUX,20.84980484759938,21.065803655775724,20.70056868091431,20.908714294433594,9167200.0
2012-12-28,SBUX,20.80660340186581,20.920494192497944,20.665221937374795,20.673076629638672,6791400.0
2012-12-31,SBUX,20.58274494936903,21.077578457559387,20.574890259000423,21.061870574951172,9247000.0
2013-01-02,SBUX,21.438893279612902,21.599910736083984,21.309293096094255,21.599910736083984,13267600.0
2013-01-03,SBUX,21.62740088455112,21.839473089796332,21.599910209589268,21.74521827697754,14670400.0
2013-01-04,SBUX,21.808051721331044,21.99263322962389,21.72165310951398,21.870887756347656,10911400.0
2013-01-07,SBUX,21.75699928149703,21.91016202890962,21.60383503595514,21.882671356201172,8720000.0
2013-01-08,SBUX,21.827689255305554,21.882670598819495,21.62739836321421,21.84339714050293,9613400.0
2013-01-09,SBUX,21.949431012899122,21.953359107398494,21.336780106358113,21.45459747314453,16678400.0
2013-01-10,SBUX,21.505647169992017,21.66666456094267,21.324993804170084,21.419248580932617,14367600.0
2013-01-11,SBUX,21.643107610291008,21.694162356716507,21.37998068467887,21.60383415222168,13302600.0
2013-01-14,SBUX,21.635261526485504,21.79627902330908,21.419262664619218,21.47031593322754,11596400.0
2013-01-15,SBUX,21.454609921349604,21.517445986635824,21.081520128280822,21.395700454711914,13147800.0
2013-01-16,SBUX,21.24253081298364,21.37212950055844,21.191476058179273,21.34463882446289,8919000.0
2013-01-17,SBUX,21.517439999141295,21.560640062903985,21.293586485216036,21.403549194335938,9013000.0
2013-01-18,SBUX,21.411400655258973,21.611690059223974,21.266092597553804,21.525291442871094,13091600.0
2013-01-22,SBUX,21.627395046909662,21.627395046909662,21.403541612282893,21.595977783203125,11965000.0
2013-01-23,SBUX,21.55278391431898,21.572419897031683,21.28573035466372,21.38783836364746,10900800.0
2013-01-24,SBUX,21.497800126894845,21.56063616333129,21.230746597507633,21.4310359954834,23473600.0
2013-01-25,SBUX,22.259688581099816,22.491396760152323,22.137943097824984,22.31074333190918,30797200.0
2013-01-28,SBUX,22.32252702378096,22.444272520158883,21.933727953375655,22.000492095947266,13224800.0
2013-01-29,SBUX,21.843401186648542,21.996563957131002,21.7138024955209,21.835546493530273,12092600.0
2013-01-30,SBUX,21.898379015462133,22.071179239990148,21.749144364625213,21.992633819580078,13147600.0
2013-01-31,SBUX,21.945509182302327,22.185072062398955,21.894454429626958,22.039762496948242,10583000.0
2013-02-01,SBUX,22.21648489897627,22.42462896721465,22.208630207969087,22.33037567138672,9606200.0
2013-02-04,SBUX,22.130090725987888,22.271472205743382,21.957291971914245,22.027982711791992,7926400.0
2013-02-05,SBUX,22.1698898175491,22.252671759682784,22.03980261954546,22.15412139892578,8151400.0
2013-02-06,SBUX,22.035864269053796,22.18960261217939,21.96490787934054,22.094993591308594,7449000.0
2013-02-07,SBUX,22.09499739581561,22.098940253567136,21.740216889919548,22.020099639892578,9123600.0
2013-02-08,SBUX,22.012213577361553,22.331517359204607,22.012213577361553,22.221139907836914,7146400.0
2013-02-11,SBUX,22.28026725546842,22.28026725546842,22.020094345528353,22.130470275878906,5457400.0
2013-02-12,SBUX,22.07528460551276,22.292095135707875,22.05557483072401,22.177776336669922,8665600.0
2013-02-13,SBUX,22.25661226592983,22.25661226592983,21.878179255918827,22.00826644897461,7022800.0
2013-02-14,SBUX,21.890009694871182,22.000387141870263,21.819053301714433,21.89789390563965,8899400.0
2013-02-15,SBUX,21.921542070469755,21.957020259817895,21.353891040899544,21.42090606689453,18195800.0
2013-02-19,SBUX,21.428795255167074,21.527345636948557,21.29476667579388,21.46427345275879,11761000.0
2013-02-20,SBUX,21.523405753476773,21.61801479471337,20.96364022941929,21.0148868560791,12473000.0
2013-02-21,SBUX,20.920275144972653,21.14496989750411,20.703464603518025,21.030651092529297,13897400.0
2013-02-22,SBUX,21.168625280858052,21.369667426277417,21.003059834254135,21.353899002075195,11487400.0
2013-02-25,SBUX,21.44456466856048,21.56676618521296,20.9715225133882,20.9754638671875,12334000.0
2013-02-26,SBUX,21.06218639938997,21.231693165769858,20.833548806129876,21.003055572509766,10611400.0
2013-02-27,SBUX,20.991233562443526,21.66926074275277,20.924220017476035,21.511579513549805,12056400.0
2013-02-28,SBUX,21.54311295849434,21.748096418820737,21.464272356344505,21.621952056884766,10436400.0
2013-03-01,SBUX,21.535220018168424,21.653480121574354,21.286872748384802,21.62982749938965,8451800.0
2013-03-04,SBUX,21.59041610914738,21.964907830973956,21.54705370400039,21.95702362060547,10195000.0
2013-03-05,SBUX,22.07528313040372,22.39064401722905,22.07528313040372,22.276325225830078,12932000.0
2013-03-06,SBUX,22.374873046476328,22.662641420646526,22.33151215128493,22.508901596069336,14925200.0
2013-03-07,SBUX,22.508904097076904,23.060786775253362,22.50496274389763,22.962236404418945,18237200.0
2013-03-08,SBUX,23.12779998779297,23.24606163417657,22.922816542582478,23.12779998779297,14217800.0
2013-03-11,SBUX,23.021361213729605,23.230287464110308,22.99376723740608,23.104143142700195,9898000.0
2013-03-12,SBUX,23.041080825884144,23.080500379256506,22.855805616762996,22.97406578063965,11670200.0
2013-03-13,SBUX,22.99377976183048,23.17905348895347,22.974068479069533,23.096271514892578,7435400.0
2013-03-14,SBUX,23.06867436813822,23.15934054214996,22.631110416867987,22.737545013427734,14723200.0
2013-03-15,SBUX,22.611397979159506,22.808498726531873,22.571976927429414,22.729658126831055,15103000.0
2013-03-18,SBUX,22.49313159566907,22.635042831276955,22.37092862482342,22.441884994506836,10521200.0
2013-03-19,SBUX,22.276327577898336,22.46160277636539,22.059517039298722,22.40247344970703,13337400.0
2013-03-20,SBUX,22.556214156059095,22.709952526663315,22.46948933007327,22.638996124267578,9622600.0
2013-03-21,SBUX,22.58774907463736,22.635052840758263,22.370938517510332,22.489198684692383,8307400.0
2013-03-22,SBUX,22.58775445144792,22.76514549632714,22.53256646054327,22.619291305541992,8747600.0
2013-03-25,SBUX,22.678417535405917,22.796679218250034,22.134420410865935,22.347288131713867,10581400.0
2013-03-26,SBUX,22.46554755351174,22.532561096869713,22.355170094216827,22.489198684692383,6128600.0
2013-03-27,SBUX,22.41429405876086,22.449772248415872,22.158062521945844,22.434003829956055,7457000.0
2013-03-28,SBUX,22.44188957868139,22.571975280500784,22.41429559636336,22.44977378845215,7620400.0
2013-04-01,SBUX,22.52073282885512,22.603514785572997,22.331516283317367,22.41823959350586,7009800.0
2013-04-02,SBUX,22.544377789345393,22.993768653779355,22.528610876017115,22.96617317199707,13495800.0
2013-04-03,SBUX,23.021371381544625,23.218472158771004,22.619285615551668,22.74542999267578,11272800.0
2013-04-04,SBUX,22.709950321963348,22.985891692962653,22.709950321963348,22.90705108642578,7568600.0
2013-04-05,SBUX,22.55226830558977,22.816384102516707,22.35911040540208,22.784847259521484,8993600.0
2013-04-08,SBUX,22.796668678523947,22.910985946655273,22.65081307145314,22.910985946655273,7344000.0
2013-04-09,SBUX,22.847917847629272,22.8636862680267,22.540441168676036,22.631107330322266,8361200.0
2013-04-10,SBUX,22.721775077290484,22.985890874217418,22.709949513046997,22.784847259521484,8577400.0
2013-04-11,SBUX,22.843975951028135,23.25394584905353,22.784845127823957,23.092323303222656,10417000.0
2013-04-12,SBUX,23.14356091495627,23.537762265251935,23.10019852582234,23.293357849121094,10418400.0
2013-04-15,SBUX,23.123862339731165,23.431339060572224,22.706008164830603,22.749370574951172,10700400.0
2013-04-16,SBUX,22.840036107359545,23.2342376373684,22.753312793314056,23.084442138671875,8849400.0
2013-04-17,SBUX,22.875514236039816,23.080499211475725,22.72571873779624,22.930702209472656,7207400.0
2013-04-18,SBUX,23.005599877689768,23.052903636836774,22.666586345657564,22.753311157226562,8920600.0
2013-04-19,SBUX,22.698126680622874,23.092328242950387,22.682358257227463,23.021371841430664,8605600.0
2013-04-22,SBUX,23.029249619917994,23.206640585746456,22.855801510974217,23.11597442626953,5547400.0
2013-04-23,SBUX,23.19481062275751,23.61266465147248,23.17115799721398,23.41162109375,11324000.0
2013-04-24,SBUX,23.52988971357774,23.640267168893175,23.30913781046599,23.585079193115234,10413400.0
2013-04-25,SBUX,23.65208145015496,23.9043700783552,23.616603267829376,23.84918212890625,16609000.0
2013-04-26,SBUX,23.376148721032585,23.80582841750244,23.33672917241529,23.652090072631836,14971000.0
2013-04-29,SBUX,23.79006009896733,24.014754835323888,23.70333679088406,23.880727767944336,7401200.0
2013-04-30,SBUX,23.900435292464252,24.010811221685092,23.774290943709214,23.983217239379883,8041200.0
2013-05-01,SBUX,23.868901768597706,23.920148387321955,23.632381457771025,23.707279205322266,6294600.0
2013-05-02,SBUX,23.825540549562778,23.92014958086985,23.494411195627325,23.801889419555664,6238200.0
2013-05-03,SBUX,23.98715840712879,24.428665128120873,23.928029089971105,24.389244079589844,9835800.0
2013-05-06,SBUX,24.440490813802295,24.62970733642578,24.408953974818754,24.62970733642578,6997200.0
2013-05-07,SBUX,24.732539226309033,24.732539226309033,24.408204106946833,24.598058700561523,7495800.0
2013-05-08,SBUX,24.657394441801067,24.69694692518167,24.41612037022002,24.685081481933594,5508200.0
2013-05-09,SBUX,24.78397272047295,24.878900825587436,24.53874391977117,24.665313720703125,8277000.0
2013-05-10,SBUX,24.74836928056017,24.993598025880207,24.677173595010686,24.95800018310547,7481000.0
2013-05-13,SBUX,24.997557899626653,25.009423346040247,24.7641945642301,24.84725570678711,5907000.0
2013-05-14,SBUX,24.886808845438424,25.14390458915343,24.831434748965894,25.124128341674805,7510600.0
2013-05-15,SBUX,25.045009545535258,25.39307555498123,25.00545706999874,25.341657638549805,9654600.0
2013-05-16,SBUX,25.313981282831982,25.34166832915361,25.096439557948816,25.1359920501709,6661400.0
2013-05-17,SBUX,25.22300853425369,25.369354561376195,25.11621499808403,25.365398406982422,6934400.0
2013-05-20,SBUX,25.3258434079095,25.555252057443024,25.226960681489324,25.24673843383789,7211800.0
2013-05-21,SBUX,25.32980164281271,25.49592391260721,25.266516753058028,25.41286277770996,6589000.0
2013-05-22,SBUX,25.373313903808594,25.681827596730383,25.298162049192566,25.373313903808594,11014000.0
2013-05-23,SBUX,25.191367884868317,25.24278733537751,24.930317495189975,25.124128341674805,8258400.0
2013-05-24,SBUX,24.95009432520465,25.07666411496598,24.76419428637917,25.060842514038086,6507400.0
2013-05-28,SBUX,25.397038959180367,25.590848257007927,25.32979942980405,25.41681671142578,7438600.0
2013-05-29,SBUX,25.23091411968719,25.353527721598702,24.96590765681393,25.16762924194336,7562400.0
2013-05-30,SBUX,25.26255868700267,25.32979972599592,25.1003910749763,25.104347229003906,8799000.0
2013-05-31,SBUX,25.00150486433016,25.452409795487327,24.835382630253502,24.973817825317383,10205800.0
2013-06-03,SBUX,25.02128300220097,25.13203267547899,24.768143478417922,25.10038948059082,11417600.0
2013-06-04,SBUX,24.764188461750955,25.36935022101298,24.764188461750955,25.04897117614746,8622600.0
2013-06-05,SBUX,24.934268247734977,25.037105617641693,24.645530872378103,24.65739631652832,8408600.0
2013-06-06,SBUX,24.661347009997,24.942175050142037,24.649481567748055,24.926353454589844,8625400.0
2013-06-07,SBUX,25.08061455692836,25.74510508738219,25.08061455692836,25.725330352783203,13753000.0
2013-06-10,SBUX,25.97056421643256,26.22765692565332,25.899368523106048,26.14855194091797,12412400.0
2013-06-11,SBUX,25.89540526729126,26.14854477022019,25.832118882728572,25.875627517700195,7897600.0
2013-06-12,SBUX,26.03383884342417,26.10503451280188,25.416811720591195,25.491960525512695,10070000.0
2013-06-13,SBUX,25.52756653847092,26.18019317533108,25.341666518878963,26.093175888061523,11909800.0
2013-06-14,SBUX,26.085262148941045,26.37004488523652,25.887496695142673,25.946826934814453,9854600.0
2013-06-17,SBUX,26.180193517742563,26.326538032190395,25.99033734142935,26.116907119750977,8115800.0
2013-06-18,SBUX,26.105032091781048,26.551980797297723,26.0852543452534,26.540115356445312,7453600.0
2013-06-19,SBUX,26.50847724340826,26.690424096842264,26.2672061920166,26.2672061920166,10647200.0
2013-06-20,SBUX,26.033845818167606,26.231611284126846,25.72533217409704,25.796527862548828,11606600.0
2013-06-21,SBUX,25.99033324343403,26.07339436445526,25.40494924261933,25.58689308166504,14709600.0
2013-06-24,SBUX,25.313983603417388,25.543392304062237,24.989648309205084,25.31793975830078,9913200.0
2013-06-25,SBUX,25.523605447973967,25.851896780031648,25.488009119699747,25.606666564941406,9857000.0
2013-06-26,SBUX,25.85585581301124,26.38586576630399,25.66599965475545,26.02593421936035,9545800.0
2013-06-27,SBUX,26.211833241607767,26.302806682717545,25.966605997824132,25.9824275970459,6296000.0
2013-06-28,SBUX,25.911230087280273,26.20392210814687,25.867721446895356,25.911230087280273,10836600.0
2013-07-01,SBUX,26.140638094120426,26.29885107194596,26.033846069243584,26.199968338012695,6692200.0
2013-07-02,SBUX,26.19996020276427,26.579669421046578,26.136676841880863,26.417503356933594,6765600.0
2013-07-03,SBUX,26.275115424885737,26.76952900504868,26.263249981787588,26.61922836303711,5616400.0
2013-07-05,SBUX,26.844681033150493,26.89609895950923,26.461015609284672,26.785350799560547,5189400.0
2013-07-08,SBUX,26.87236992055192,27.220436021128116,26.84863601488767,27.010805130004883,8030000.0
2013-07-09,SBUX,27.25207400048295,27.291626478804154,26.892139507140442,26.947513580322266,7460000.0
2013-07-10,SBUX,26.844688972134264,26.943571718140515,26.678563665420707,26.935659408569336,8090800.0
2013-07-11,SBUX,27.16506050669617,27.49730499188559,27.034534594231296,27.426109313964844,8385800.0
2013-07-12,SBUX,27.386561741914065,27.576417922973633,27.204617869632028,27.576417922973633,9706600.0
2013-07-15,SBUX,27.56455022847211,27.64761135788944,27.501263834061927,27.552684783935547,6180600.0
2013-07-16,SBUX,27.544763975495954,27.576407162935965,27.32326769873677,27.497299194335938,6068200.0
2013-07-17,SBUX,27.584322377389107,27.61596557162758,26.852590862175724,26.975204467773438,12147400.0
2013-07-18,SBUX,27.074090018508258,27.295589383685595,26.911923911980214,27.08595848083496,8537800.0
2013-07-19,SBUX,27.121558904842736,27.33514599401184,27.054319363158537,27.208576202392578,7197000.0
2013-07-22,SBUX,27.323283015498085,27.374700960666402,27.11365206209983,27.299549102783203,6559800.0
2013-07-23,SBUX,27.38656189199332,27.418205091953592,26.67856113560587,26.761625289916992,8466200.0
2013-07-24,SBUX,26.943564029606787,27.06617763401407,26.223697964806583,26.346311569213867,14034200.0
2013-07-25,SBUX,26.476835695748626,27.014757885666604,26.39377458052523,26.963336944580078,15978400.0
2013-07-26,SBUX,28.71555271684532,29.079440547079464,28.418904438742242,29.016157150268555,32293400.0
2013-07-29,SBUX,28.774878073161318,28.905404017525832,28.51778233907837,28.656217575073242,12800800.0
2013-07-30,SBUX,28.83420410291375,28.86584730012848,28.363521351744083,28.450538635253906,9808800.0
2013-07-31,SBUX,28.53359402152653,28.675985362671273,28.16970637978363,28.1973934173584,11248400.0
2013-08-01,SBUX,28.585005682020988,29.16248322664858,28.5098568922994,29.063600540161133,12854600.0
2013-08-02,SBUX,29.071526791013902,29.376084315339014,28.937047707397113,29.360265731811523,9416800.0
2013-08-05,SBUX,29.35629465069667,29.376069378882384,29.15457311017627,29.25741195678711,7606200.0
2013-08-06,SBUX,29.21775218509633,29.293114947217234,28.868692134738005,28.87662696838379,7956000.0
2013-08-07,SBUX,28.70209739866859,29.015456755098164,28.62673160909939,28.634666442871094,7066000.0
2013-08-08,SBUX,28.864736858577015,29.114632777236977,28.71797566317722,28.932170867919922,5923800.0
2013-08-09,SBUX,28.793326346364758,29.04718957674006,28.765560481109194,28.87662696838379,5366400.0
2013-08-12,SBUX,28.670366400440475,29.007524232543915,28.658467175087228,28.928194046020508,5472400.0
2013-08-13,SBUX,28.991652436352652,28.991652436352652,28.531531989054415,28.81315803527832,5377800.0
2013-08-14,SBUX,28.789368324872022,28.789368324872022,28.476008904090477,28.499807357788086,4932000.0
2013-08-15,SBUX,28.285609365654242,28.301476008616127,27.888952370365292,28.05951499938965,7198800.0
2013-08-16,SBUX,28.154708388044984,28.317336145095016,27.984145798210847,28.047609329223633,6929800.0
2013-08-19,SBUX,27.996050480068405,28.281643990943696,27.83738708222073,27.881019592285156,6349200.0
2013-08-20,SBUX,27.908789838612623,28.174549331607835,27.809625577681295,28.027788162231445,6045000.0
2013-08-21,SBUX,27.93257846387019,28.32130356148707,27.877046739389495,28.047609329223633,6917000.0
2013-08-22,SBUX,28.194385108983564,28.662440570095114,28.166619235284287,28.519643783569336,5399600.0
2013-08-23,SBUX,28.58309528196986,28.634662615836746,28.392701664428706,28.54739761352539,5869800.0
2013-08-26,SBUX,28.587073112861198,28.64260485706243,28.40064381750574,28.511707305908203,4929400.0
2013-08-27,SBUX,28.122977804497264,28.309407051513514,27.80961845703944,27.829452514648438,8025200.0
2013-08-28,SBUX,27.80168545482648,28.28957485737396,27.710456046821243,28.146778106689453,6249800.0
2013-08-29,SBUX,28.05554680083434,28.49583322169996,27.96431437274812,28.234041213989258,5510000.0
2013-08-30,SBUX,28.313369451066777,28.321304284053326,27.896881506835634,27.972244262695312,5665000.0
2013-09-03,SBUX,28.440301762245827,28.614831786546272,28.23800889908194,28.400636672973633,7249400.0
2013-09-04,SBUX,28.329244103235098,28.66640197047268,28.198346558203685,28.614837646484375,6502200.0
2013-09-05,SBUX,28.658471816191852,28.860767758715845,28.56327497169655,28.57914161682129,4931200.0
2013-09-06,SBUX,28.70606734078093,28.817130813335687,28.134880309067725,28.38874053955078,6356600.0
2013-09-09,SBUX,28.432378815366295,28.753670072724123,28.428411397326997,28.73383903503418,4936800.0
2013-09-10,SBUX,28.94800595246319,29.479524453165634,28.92817190788461,29.43985939025879,11779000.0
2013-09-11,SBUX,29.483517151105065,29.947605140222382,29.483517151105065,29.903972625732422,9982400.0
2013-09-12,SBUX,29.94760275989094,30.11023357847309,29.796874193066955,30.015033721923828,7628600.0
2013-09-13,SBUX,29.98330221582799,30.02693472943936,29.610446680766533,29.975370407104492,5767400.0
2013-09-16,SBUX,30.372019675779256,30.38391889895655,29.693736718404782,29.844465255737305,8708400.0
2013-09-17,SBUX,29.852408390859388,30.241130578600462,29.816707685146802,30.161800384521484,6660600.0
2013-09-18,SBUX,30.098334112177856,30.78851951789646,29.967439593251115,30.67348861694336,9487000.0
2013-09-19,SBUX,30.74883777435818,30.87576784569577,30.264918957931606,30.28474998474121,8041600.0
2013-09-20,SBUX,30.249060861777583,30.542586167202604,30.17369507036681,30.19352912902832,9635400.0
2013-09-23,SBUX,30.18956543672369,30.29666149845254,29.777041780938895,29.892072677612305,6783800.0
2013-09-24,SBUX,29.959500074275244,30.66554898758692,29.93966904178201,30.364091873168945,7736000.0
2013-09-25,SBUX,30.47911880541112,30.546552787349686,30.173694283257465,30.280790328979492,7251800.0
2013-09-26,SBUX,30.399801298744794,30.653661612309183,30.272871141962604,30.613996505737305,4988800.0
2013-09-27,SBUX,30.50689339194354,30.732987776229855,30.304597460870642,30.67348861694336,6200200.0
2013-09-30,SBUX,30.34425996856654,30.574321750838017,30.165765532193696,30.530689239501953,8861200.0
2013-10-01,SBUX,30.53465402503571,30.67744774607514,30.36805580236025,30.60605239868164,5205200.0
2013-10-02,SBUX,30.379959529901317,30.633822805355727,30.229230952641934,30.617956161499023,6088400.0
2013-10-03,SBUX,30.526729332284205,30.72505787760278,30.272869036376708,30.491031646728516,8266400.0
2013-10-04,SBUX,30.463258392161396,30.725050434914884,30.348227500590742,30.701251983642578,5226600.0
2013-10-07,SBUX,30.383925066619586,30.69728445432314,30.308562295781403,30.487056732177734,5106800.0
2013-10-08,SBUX,30.58621807500463,30.951141747696038,29.923801685743666,29.95949935913086,12637800.0
2013-10-09,SBUX,29.903967956068204,30.0665987621811,29.531109445469806,29.85240364074707,9482000.0
2013-10-10,SBUX,30.260949735510813,30.66553836804208,30.19748319050512,30.59017562866211,6625800.0
2013-10-11,SBUX,30.629844386022864,30.87576971183671,30.49497947480887,30.86783790588379,5530400.0
2013-10-14,SBUX,30.75676645616641,31.066158254047146,30.6417356291657,30.978893280029297,5986600.0
2013-10-15,SBUX,30.871819710335135,30.899585583488815,30.383930194916807,30.427562713623047,8135200.0
2013-10-16,SBUX,30.6219152319879,31.02650701440086,30.498952546280215,30.955108642578125,10104000.0
2013-10-17,SBUX,30.808348056460137,31.27640343132327,30.721083033413205,31.232770919799805,6551000.0
2013-10-18,SBUX,31.443001382410362,31.60166479938777,31.324006089367032,31.4588680267334,9050000.0
2013-10-21,SBUX,31.379530813975446,31.69685757696657,31.205000791705096,31.518360137939453,6770200.0
2013-10-22,SBUX,31.692893041634896,32.160948395162265,31.573894738131177,32.08955001831055,8419600.0
2013-10-23,SBUX,31.91105985048105,32.06972328263528,31.688932861217083,31.752399444580078,7892200.0
2013-10-24,SBUX,31.478692730896395,31.510426010108986,31.14153496145582,31.355730056762695,13504600.0
2013-10-25,SBUX,31.522330896669576,31.73255861328215,31.442997684384803,31.716691970825195,7251800.0
2013-10-28,SBUX,31.811892919750235,31.903125369131455,31.149476399199088,31.220874786376953,11242800.0
2013-10-29,SBUX,31.41920774822188,31.581838607788086,31.355744187448472,31.581838607788086,7898400.0
2013-10-30,SBUX,31.982445823820697,32.06971082893037,31.637356246116934,32.0617790222168,17518800.0
2013-10-31,SBUX,31.212929775656548,32.3751345148952,31.165329862252808,32.14904022216797,20491600.0
2013-11-01,SBUX,32.34341385496093,32.34341385496093,31.60166413625202,31.87932586669922,12005200.0
2013-11-04,SBUX,32.03005444522571,32.041953671655044,31.815859290738864,31.87932586669922,8283800.0
2013-11-05,SBUX,31.875365439237648,32.66074481833271,31.79206780971263,32.521915435791016,10090200.0
2013-11-06,SBUX,32.680571000958864,32.72420351441164,32.11731876979937,32.180782318115234,8562200.0
2013-11-07,SBUX,32.24822075470022,32.26805179229648,31.33590829018099,31.36367416381836,13283200.0
2013-11-08,SBUX,31.538204914588825,32.228387378481685,31.49457239419154,32.208553314208984,11487800.0
2013-11-11,SBUX,32.20853790877564,32.29580290783112,32.12127593597203,32.125240325927734,5133600.0
2013-11-12,SBUX,32.137190170176844,32.2525915362653,31.882512340188253,32.07749938964844,6613000.0
2013-11-13,SBUX,31.532325973854622,32.43165870962455,31.51243107231929,32.415740966796875,12519000.0
2013-11-14,SBUX,32.443585258236055,32.4475654515933,32.14911470575745,32.28839111328125,7647600.0
2013-11-15,SBUX,32.33217893208401,32.41176461967093,32.14514922665545,32.30830383300781,6445400.0
2013-11-18,SBUX,32.240643652068144,32.36798253823287,31.918317760588348,32.04963684082031,8316400.0
2013-11-19,SBUX,31.838733156270365,32.20085189249463,31.77904238726676,31.80291748046875,8726000.0
2013-11-20,SBUX,31.886486263873167,31.93423949065057,31.564160332122697,31.711397171020508,8733800.0
2013-11-21,SBUX,31.755178441316584,32.49135675479078,31.73528049933092,32.443603515625,13131800.0
2013-11-22,SBUX,32.51125142998021,32.51125142998021,32.272491307845655,32.37197494506836,7919200.0
2013-11-25,SBUX,32.379928702567575,32.42370173685781,32.037704817752505,32.11729049682617,9001200.0
2013-11-26,SBUX,32.176980423583586,32.49134900881313,31.997911132401715,32.435638427734375,8767800.0
2013-11-27,SBUX,32.38788962014896,32.594817266110006,32.31228109150942,32.47941589355469,4752000.0
2013-11-29,SBUX,32.57093516436792,32.77786278512865,32.37992832243387,32.415740966796875,4387200.0
2013-12-02,SBUX,32.42768322259204,32.50727194828466,32.196883508082074,32.26055145263672,5773200.0
2013-12-03,SBUX,32.129236332679795,32.29637115944466,31.950166990574377,32.05363082885742,7893200.0
2013-12-04,SBUX,31.989951301108,32.121270402798096,31.611914774908175,31.63578987121582,10204600.0
2013-12-05,SBUX,31.65966239245763,31.93423812165879,31.56813917338976,31.72333335876465,6569200.0
2013-12-06,SBUX,32.073517740376836,32.13320851819869,31.719356304232655,31.810882568359375,6721200.0
2013-12-09,SBUX,31.938218761194978,32.01780443418921,31.679560769965498,31.727313995361328,7920600.0
2013-12-10,SBUX,31.432840445050026,31.464675928767736,30.51361286369271,30.792165756225586,26320600.0
2013-12-11,SBUX,30.879707390712426,31.038881750478662,30.358414322576436,30.40218734741211,15752000.0
2013-12-12,SBUX,30.354447521883802,30.67677354153053,30.24302633168492,30.434036254882812,9651000.0
2013-12-13,SBUX,30.57330356704434,30.61309640360145,30.27882989732434,30.382293701171875,8041000.0
2013-12-16,SBUX,30.25495731583498,30.632996884527874,30.207207122399424,30.426069259643555,9345400.0
2013-12-17,SBUX,30.473811954307983,30.473811954307983,30.20719667979789,30.27882194519043,7003600.0
2013-12-18,SBUX,30.294741517120542,30.915521178758453,30.282803972165656,30.911540985107422,10252000.0
2013-12-19,SBUX,31.1343867656778,31.237850560288283,30.648906309426923,30.700639724731445,11402200.0
2013-12-20,SBUX,30.84787373150482,31.030926229434574,30.73645258389441,30.903587341308594,12707400.0
2013-12-23,SBUX,31.026960378543233,31.174194233378454,30.78023984049506,31.166236877441406,7621600.0
2013-12-24,SBUX,31.078684938034797,31.33734297934995,31.01899415373139,31.265714645385742,3896600.0
2013-12-26,SBUX,31.329382768003143,31.448761289724498,31.213981405139776,31.389070510864258,4391400.0
2013-12-27,SBUX,31.55222798124256,31.55620817646263,31.221941605963206,31.265714645385742,4505000.0
2013-12-30,SBUX,31.353266359386286,31.36918410712807,30.983187073389725,31.257762908935547,4733400.0
2013-12-31,SBUX,31.21001908616457,31.349295625944556,31.042887238428595,31.194101333618164,6016200.0
2014-01-02,SBUX,31.066732964724885,31.14631861617983,30.644923547217285,30.70859146118164,8487200.0
2014-01-03,SBUX,30.760333177350113,30.947359812396837,30.617076537230076,30.62105369567871,6545000.0
2014-01-06,SBUX,30.601164380365756,30.7802336951978,30.247002909876166,30.310670852661133,10585400.0
2014-01-07,SBUX,30.501679293876784,30.804110356635945,30.430050964170647,30.72452163696289,8162200.0
2014-01-08,SBUX,30.75237049895719,31.09857452613904,30.71655785959282,31.05082130432129,10178800.0
2014-01-09,SBUX,31.066735062221525,31.078672607145943,30.561359765766,30.87970542907715,8361200.0
2014-01-10,SBUX,30.863793040913365,31.03490496515561,30.62105279870928,30.90756607055664,6467000.0
2014-01-13,SBUX,30.79216917669653,30.79614937160308,29.74958277511853,29.892839431762695,14644800.0
2014-01-14,SBUX,29.892840933403697,30.3862788666326,29.745604074456665,30.02813720703125,18653200.0
2014-01-15,SBUX,30.059964624628066,30.37433316164637,30.008234246130815,30.318622589111328,8660200.0
2014-01-16,SBUX,30.17138639205245,30.318623214502733,29.896810681752775,29.960481643676758,9072600.0
2014-01-17,SBUX,29.84508114915181,30.0281306158801,29.713762063455864,29.805288314819336,12937400.0
2014-01-21,SBUX,29.86497772073346,29.872935072837173,29.152674785509735,29.30786895751953,18774600.0
2014-01-22,SBUX,29.427244097798983,29.52672768573745,29.264092592298947,29.287967681884766,13969400.0
2014-01-23,SBUX,29.240214775923633,29.33969835458478,28.523931795164213,29.20439910888672,29936000.0
2014-01-24,SBUX,29.737649771717365,30.306696290364695,29.49092926178648,29.837133407592773,33049000.0
2014-01-27,SBUX,29.936612725720835,29.936612725720835,29.455109325851243,29.530717849731445,18207200.0
2014-01-28,SBUX,29.673963467535092,29.765489701127546,29.3158219560834,29.40336799621582,11091600.0
2014-01-29,SBUX,29.248180515681412,29.311851481566382,28.436393916640608,28.476186752319336,15959800.0
2014-01-30,SBUX,28.76269895430571,28.82238972359744,28.376702087017655,28.61546516418457,15179800.0
2014-01-31,SBUX,28.209571614760666,28.62740398236264,28.2016142619677,28.301097869873047,12256600.0
2014-02-03,SBUX,28.253347884897803,28.45629531837612,27.326159824260664,27.445541381835938,20311000.0
2014-02-04,SBUX,27.96081272002002,28.440139719082808,27.709166502635064,28.220449447631836,20440800.0
2014-02-05,SBUX,27.99676701446046,28.256403799021648,27.80503739177559,28.156543731689453,10956000.0
2014-02-06,SBUX,28.224450467314,29.079252386969202,28.18450400299448,28.90349769592285,13818400.0
2014-02-07,SBUX,29.402793129491677,29.75429940557138,29.035308879841963,29.574552536010742,14657600.0
2014-02-10,SBUX,29.682403950108437,30.029918064092755,29.682403950108437,29.878131866455078,12944600.0
2014-02-11,SBUX,29.90608519744718,30.033905923846273,29.474689103042802,29.758291244506836,16124000.0
2014-02-12,SBUX,29.754297956245722,29.981978735426114,29.438739850454173,29.522624969482422,9956600.0
2014-02-13,SBUX,29.382826614793856,29.834196090698242,29.314922497219985,29.834196090698242,8447800.0
2014-02-14,SBUX,29.698381731062135,29.99396666030793,29.562573509985256,29.970001220703125,8241000.0
2014-02-18,SBUX,29.954024251505864,29.958019507403307,29.53461380689462,29.54659652709961,10923400.0
2014-02-19,SBUX,29.494672043966737,29.67042676161916,29.25101625015927,29.286964416503906,9770600.0
2014-02-20,SBUX,29.31890760204715,29.442733073277772,28.95142339566263,29.37882423400879,8552600.0
2014-02-21,SBUX,29.470704643653647,29.502660598830833,28.96740901581961,28.983386993408203,11288200.0
2014-02-24,SBUX,29.023333461123496,29.111207766629335,28.767688867193613,28.983386993408203,11933800.0
2014-02-25,SBUX,28.95941876019911,29.023330664394845,28.180511474609375,28.180511474609375,18618400.0
2014-02-26,SBUX,28.28036619911661,28.847570528055567,27.94083960529241,28.671815872192383,19129200.0
2014-02-27,SBUX,28.607909559794045,28.8555605449912,28.53201494304678,28.835590362548828,11288200.0
2014-02-28,SBUX,28.575954400208563,28.731735846002255,28.160536195596347,28.34427833557129,22464800.0
2014-03-03,SBUX,27.96481360076188,28.252411077049686,27.96081834484473,28.148555755615234,12248400.0
2014-03-04,SBUX,28.53201542300823,28.743718254878132,28.380229234447388,28.62388801574707,12226200.0
2014-03-05,SBUX,28.755700869865972,28.79564428276495,28.312321977467057,28.48008918762207,9715600.0
2014-03-06,SBUX,28.691791910131485,29.290952243809638,28.667823424493164,29.035310745239258,13762600.0
2014-03-07,SBUX,29.155149220611516,29.199087901294092,28.84358624667172,29.187105178833008,8386000.0
2014-03-10,SBUX,29.259004139174845,29.414785623898386,29.075261953282666,29.382829666137695,8633800.0
2014-03-11,SBUX,29.554582998458834,30.121790464832852,29.498661607722795,29.970001220703125,18344400.0
2014-03-12,SBUX,29.77826838021528,30.22164724975474,29.758295151052028,30.20966148376465,10394600.0
2014-03-13,SBUX,30.293548239333713,30.525224324465306,29.570562334771616,29.73033905029297,11380800.0
2014-03-14,SBUX,29.594530144288104,29.914083600908548,29.566569445395384,29.66642951965332,8962600.0
2014-03-17,SBUX,29.882124166003926,29.954023532996533,29.486679171288223,29.630477905273438,11019800.0
2014-03-18,SBUX,29.698384405655435,29.89410929085826,29.578554149352435,29.79824447631836,5997600.0
2014-03-19,SBUX,29.95801823094541,30.88871472871704,29.886118865291653,30.321510314941406,24983200.0
2014-03-20,SBUX,30.473291114383304,30.808819396364843,30.197676420265136,30.740915298461914,13851400.0
2014-03-21,SBUX,31.240220224357792,31.411979646266534,30.60511171734993,30.64105987548828,18034400.0
2014-03-24,SBUX,30.716946613681003,30.80082867530226,30.041891818627498,30.26557731628418,10018800.0
2014-03-25,SBUX,30.53321683603325,30.56117753451913,29.674419600413287,29.8022403717041,10568200.0
2014-03-26,SBUX,29.93004989088567,29.9540153241531,29.36683782920962,29.374828338623047,8371200.0
2014-03-27,SBUX,29.187105997103444,29.542607661692422,29.03531976252783,29.31892204284668,12675600.0
2014-03-28,SBUX,29.27498416617447,29.582551900547372,29.179119333673423,29.438753128051758,6582800.0
2014-03-31,SBUX,29.518640929799073,29.7183610943478,29.227048148663275,29.310930252075195,7721800.0
2014-04-01,SBUX,29.414784189473885,29.950035789656166,29.322914624751785,29.562578201293945,8740800.0
2014-04-02,SBUX,29.69837918621461,29.706369697056328,29.25500030659534,29.426759719848633,8304400.0
2014-04-03,SBUX,29.50265814273315,29.694387762859538,29.087239902476156,29.195087432861328,7165400.0
2014-04-04,SBUX,29.37882885034673,29.51463705981212,28.48807583551752,28.57994842529297,11708600.0
2014-04-07,SBUX,28.44015134289655,28.512050726890738,27.980797384170987,28.132583618164062,11089800.0
2014-04-08,SBUX,28.216462883055033,28.63587642202741,28.160541484190407,28.55199432373047,10660800.0
2014-04-09,SBUX,28.611906501709512,29.031320019723722,28.44014705735453,28.951433181762695,9055600.0
2014-04-10,SBUX,29.055280715577442,29.055280715577442,28.02871947327558,28.04869270324707,13375400.0
2014-04-11,SBUX,27.876936978842476,28.01274520867595,27.433558032642136,27.45353126525879,16367200.0
2014-04-14,SBUX,27.81302239788515,27.97679435662816,27.44154285834482,27.68520164489746,12175400.0
2014-04-15,SBUX,27.94483596501573,28.00075734909414,27.133972848391938,27.51743507385254,15461800.0
2014-04-16,SBUX,27.82101506595512,28.3123248852982,27.62529018940716,28.276376724243164,11277400.0
2014-04-17,SBUX,28.188487451812847,28.516028208621695,28.016728088639546,28.020723342895508,9245800.0
2014-04-21,SBUX,28.084636877824792,28.20047489076221,27.900894768592313,28.152544021606445,6095600.0
2014-04-22,SBUX,28.172517708748916,28.47209786821666,28.092630885218973,28.4201717376709,8862600.0
2014-04-23,SBUX,28.544000998683092,28.547996254633404,28.048695922902688,28.116600036621094,8881600.0
2014-04-24,SBUX,28.567959574796394,28.775670169478385,28.004750520631458,28.39620018005371,15577000.0
2014-04-25,SBUX,28.759694243325267,28.859554292781258,28.336288608827665,28.540000915527344,18111400.0
2014-04-28,SBUX,28.7157625028454,28.76768864398973,27.880933750860105,28.332300186157227,10733600.0
2014-04-29,SBUX,28.432155455034234,28.54000297533613,28.068663385986532,28.21645736694336,9827200.0
2014-04-30,SBUX,28.208477020263672,28.264398422304968,28.00875685654824,28.208477020263672,7282400.0
2014-05-01,SBUX,28.260397691292955,28.440144584822175,28.08863826187041,28.408191680908203,7918400.0
2014-05-02,SBUX,28.460112415510665,28.571955176703575,28.188492975119306,28.200475692749023,8306400.0
2014-05-05,SBUX,28.160547686621644,28.384233331347474,28.032726882851406,28.328311920166016,5486400.0
2014-05-06,SBUX,28.356368043050615,28.39645843469971,27.795093383860838,27.895320892333984,10926800.0
2014-05-07,SBUX,27.97549988688125,28.063700578090202,27.718917726291902,27.959463119506836,10959800.0
2014-05-08,SBUX,27.903337747183475,28.264157389426963,27.799100281935175,27.895320892333984,7531400.0
2014-05-09,SBUX,27.943431250734644,28.187986643339936,27.871267314249458,28.179969787597656,6623200.0
2014-05-12,SBUX,28.320275312086277,28.560820642221586,28.22405779177212,28.52474021911621,7227200.0
2014-05-13,SBUX,28.452588923247827,28.600923695572362,28.424525339940388,28.528762817382812,5803000.0
2014-05-14,SBUX,28.536771112860247,28.54478796624273,28.07572404651091,28.131851196289062,8585000.0
2014-05-15,SBUX,28.167947088372888,28.196010675621118,27.775053808196077,28.003572463989258,9124600.0
2014-05-16,SBUX,28.063702968559237,28.48064977970765,27.987529081717437,28.44055938720703,9294800.0
2014-05-19,SBUX,28.28821129672089,28.512722997871634,28.175956975495943,28.47262954711914,6745000.0
2014-05-20,SBUX,28.36839422313262,28.424521381932,27.999554675549998,28.155912399291992,8699800.0
2014-05-21,SBUX,28.348346907002572,28.3643836747108,28.091764741072268,28.22406578063965,6089200.0
2014-05-22,SBUX,28.204018472270942,28.773309949970933,28.18397480707624,28.624975204467773,7359600.0
2014-05-23,SBUX,28.981786930979286,29.069987628478568,28.797368681072076,28.857505798339844,7166400.0
2014-05-27,SBUX,29.122108285351867,29.57914553685972,29.082017888653166,29.531038284301758,10100400.0
2014-05-28,SBUX,29.38670562061283,29.494949979930844,29.2343578558014,29.374675750732422,8210000.0
2014-05-29,SBUX,29.474895460637544,29.490932224203004,29.126105793863463,29.310523986816406,6448000.0
2014-05-30,SBUX,29.330585155418156,29.46689312482571,29.078009828207893,29.362655639648438,6879200.0
2014-06-02,SBUX,29.354634116251418,29.69139708738885,29.33058049222758,29.607206344604492,5926200.0
2014-06-03,SBUX,29.555087523422326,29.8076597379634,29.49896036463542,29.739505767822266,6764400.0
2014-06-04,SBUX,29.715452551432506,29.947978044428837,29.523014391031246,29.935951232910156,6495800.0
2014-06-05,SBUX,29.811667715621233,30.124377024875212,29.7475206477227,29.955995559692383,5187400.0
2014-06-06,SBUX,30.092310271944058,30.28474846030324,29.98807585117152,30.200557708740234,6204800.0
2014-06-09,SBUX,30.220594059124174,30.228613971826714,29.9279314781919,30.140413284301758,5701000.0
2014-06-10,SBUX,30.16848247453383,30.244656365878452,29.795635990706497,29.90789031982422,6641000.0
2014-06-11,SBUX,29.723469353901923,30.016135021378187,29.60720507825797,29.98807144165039,7510800.0
2014-06-12,SBUX,29.94397182698707,29.947978725117174,29.55909855613755,29.65130615234375,7193800.0
2014-06-13,SBUX,29.615223639603013,30.028160461902054,29.478912645219463,29.9439697265625,7708800.0
2014-06-16,SBUX,29.85977967172225,30.132398608001644,29.851759758440103,30.104331970214844,6759600.0
2014-06-17,SBUX,30.08028107387296,30.32884641023422,30.06424430455601,30.192535400390625,5778600.0
2014-06-18,SBUX,30.14843299368885,30.34087115366934,29.90788758773883,30.292760848999023,5786600.0
2014-06-19,SBUX,30.689657573258987,31.070520798273897,30.653574087614334,30.962276458740234,12555000.0
2014-06-20,SBUX,31.122634430931203,31.122634430931203,30.63352692231662,30.709697723388672,12436000.0
2014-06-23,SBUX,30.745794513586198,30.978320031588876,30.54533947684867,30.761831283569336,4779800.0
2014-06-24,SBUX,30.82998147913422,31.17075438803497,30.685653625696133,31.042463302612305,10912400.0
2014-06-25,SBUX,30.886108242108357,31.343145419239576,30.85403470648845,31.319091796875,7813800.0
2014-06-26,SBUX,31.274990743285393,31.403281824165052,31.058498970794595,31.295034408569336,6983200.0
2014-06-27,SBUX,31.254947931426706,31.411302610235033,31.18679395526944,31.246931076049805,8669200.0
2014-06-30,SBUX,31.311067004634104,31.34715049125904,30.90214019465297,31.022411346435547,9610000.0
2014-07-01,SBUX,31.226886635804014,31.35116778480181,31.11062234277007,31.30306053161621,8061400.0
2014-07-02,SBUX,31.42331396728781,31.435343832487884,31.23488890094655,31.347143173217773,4785200.0
2014-07-03,SBUX,31.42734053825004,31.832260570483978,31.32711301948825,31.69594955444336,6662600.0
2014-07-07,SBUX,31.583703128272756,31.824248621769733,31.51554913254396,31.547622680664062,7443600.0
2014-07-08,SBUX,31.527560745788975,31.631798197564947,31.371206097475227,31.495487213134766,7802000.0
2014-07-09,SBUX,31.487481649339475,31.864338146399458,31.415317704342915,31.85230827331543,7782600.0
2014-07-10,SBUX,31.515535918429656,31.691937300425185,31.347154449452443,31.611753463745117,4720000.0
2014-07-11,SBUX,31.655850123610495,31.667876933037093,31.327104078249075,31.51152229309082,4239400.0
2014-07-14,SBUX,31.66387173021916,31.66387173021916,31.439360060340107,31.495487213134766,4562000.0
2014-07-15,SBUX,31.53158621588805,31.732041305552055,31.455412303031114,31.627803802490234,8305600.0
2014-07-16,SBUX,31.69594812541355,31.69594812541355,31.395265582684633,31.563650131225586,8615400.0
2014-07-17,SBUX,31.319092300352818,31.45540024087762,30.918182274761158,30.966289520263672,8446400.0
2014-07-18,SBUX,31.150710459320816,31.3311218216619,30.970302155680756,31.246931076049805,6744600.0
2014-07-21,SBUX,31.214849605688766,31.242913180428726,30.938220755608963,31.114622116088867,5021000.0
2014-07-22,SBUX,31.403278345903423,31.683914098400205,31.351158092796663,31.567649841308594,6457000.0
2014-07-23,SBUX,31.47545317161155,31.78415260635466,31.431352815405198,31.728025436401367,6439800.0
2014-07-24,SBUX,31.90843286478289,32.32938968632355,31.73203450360788,32.25321578979492,16129200.0
2014-07-25,SBUX,31.431341921153102,31.800178355491813,31.230886938312455,31.567649841308594,18974600.0
2014-07-28,SBUX,31.591713214423248,31.671894001072165,31.33913792494736,31.415311813354492,8013000.0
2014-07-29,SBUX,31.46742146633767,31.772113888136296,31.435350994595876,31.53156852722168,7936000.0
2014-07-30,SBUX,31.671890086245032,31.74405400878956,31.479451939892762,31.631799697875977,8911000.0
2014-07-31,SBUX,31.479449753220106,31.551613670751877,31.078539779977003,31.14268684387207,8146000.0
2014-08-01,SBUX,31.07052092964436,31.226875564465267,30.701684512051457,30.862049102783203,7797800.0
2014-08-04,SBUX,30.974311402910725,31.174766428450944,30.882100745333805,31.082555770874023,6282600.0
2014-08-05,SBUX,31.042322629150362,31.158978093659254,30.744651863605885,30.88946533203125,6694600.0
2014-08-06,SBUX,30.77281919046513,31.150943702465,30.68029825299954,31.026241302490234,5935200.0
2014-08-07,SBUX,31.106686206683918,31.150934937936057,30.796945087918946,30.857284545898438,5428000.0
2014-08-08,SBUX,30.825102415633832,31.24345209438256,30.776833305503914,31.22334098815918,5957200.0
2014-08-11,SBUX,31.243458019741702,31.476768992924857,31.235414189525276,31.323911666870117,4513400.0
2014-08-12,SBUX,31.323912855330576,31.43252144683361,31.183119734762226,31.30379867553711,4723600.0
2014-08-13,SBUX,31.41642907393063,31.41642907393063,31.026237330688232,31.070486068725586,6935200.0
2014-08-14,SBUX,31.167026025004596,31.175069853965113,30.636044312832237,30.821083068847656,10892600.0
2014-08-15,SBUX,31.0624338853662,31.0865684381717,30.720514421656457,30.937734603881836,8090000.0
2014-08-18,SBUX,31.050381542027697,31.319894407945842,31.046358091627795,31.21128273010254,6830800.0
2014-08-19,SBUX,31.295750057234045,31.456651194994492,31.21529641936134,31.42447280883789,4907000.0
2014-08-20,SBUX,31.38022368789811,31.565262449232485,31.27161204535878,31.388267517089844,4668800.0
2014-08-21,SBUX,31.299783912725562,31.444597454249813,31.130835803945207,31.16301727294922,4812000.0
2014-08-22,SBUX,31.07048192004849,31.21529539447223,30.994054802819345,31.086572647094727,4538800.0
2014-08-25,SBUX,31.231385732755477,31.464696668533108,31.17909317225043,31.364131927490234,5698400.0
2014-08-26,SBUX,31.380224534498915,31.549172573015394,31.279659787430653,31.29172706604004,5501600.0
2014-08-27,SBUX,31.340006184454005,31.48481662880315,31.239441415132553,31.344026565551758,4903600.0
2014-08-28,SBUX,31.29172080537932,31.388262083931544,31.179088802236407,31.29976463317871,3956800.0
2014-08-29,SBUX,31.404352808522233,31.41642008471727,31.183109181640148,31.29976463317871,4657400.0
2014-09-02,SBUX,31.255513264658195,31.368148327267956,31.038296173532785,31.16701889038086,6196200.0
2014-09-03,SBUX,31.199203375112468,31.348040292380833,30.853260430428783,30.88946533203125,6796800.0
2014-09-04,SBUX,30.893497495364063,31.12278504021667,30.87740676444543,31.038311004638672,5741000.0
2014-09-05,SBUX,30.977976677121806,31.364145076341487,30.897523009163354,31.356098175048828,8026600.0
2014-09-08,SBUX,31.27966270238408,31.360113279938876,31.106691198547743,31.243457794189453,4492800.0
2014-09-09,SBUX,31.154958025828353,31.275636952276617,30.965898875581868,31.022214889526367,5114600.0
2014-09-10,SBUX,30.97796389346318,31.134844645000236,30.873375702774357,31.058414459228516,5918600.0
2014-09-11,SBUX,30.965899964607413,30.97394379445698,30.603866241523015,30.619956970214844,9353400.0
2014-09-12,SBUX,30.50330540541007,30.599846720963754,30.14529508578013,30.358491897583008,14614800.0
2014-09-15,SBUX,30.274016757522435,30.30619514887008,29.924050281552386,30.13724708557129,10845800.0
2014-09-16,SBUX,30.105062689393588,30.350440929823893,29.980363378975547,30.20562744140625,8040200.0
2014-09-17,SBUX,30.306194305419922,30.499279993096913,30.213676445756718,30.306194305419922,7475800.0
2014-09-18,SBUX,30.406750842474967,30.527429748265696,30.169419548476473,30.463069915771484,8027600.0
2014-09-19,SBUX,30.559611070723275,30.704424529467417,30.47915744420317,30.599836349487305,12040800.0
2014-09-22,SBUX,30.59180333817827,30.59180333817827,29.89991725042406,30.008525848388672,7859600.0
2014-09-23,SBUX,29.8838219532972,30.121153293953245,29.678669000718262,29.751075744628906,7739000.0
2014-09-24,SBUX,29.980358454401056,30.34239211597751,29.907951722085766,30.29814338684082,8586200.0
2014-09-25,SBUX,30.241840535533438,30.282065833430362,29.80337650217446,29.815446853637695,8010800.0
2014-09-26,SBUX,29.7671753234297,30.261955398757394,29.74304075794811,30.237817764282227,7659600.0
2014-09-29,SBUX,29.98840841302332,30.378597048615756,29.94818005952561,30.278032302856445,6366400.0
2014-09-30,SBUX,30.39468695333808,30.51134242353975,30.177466740099696,30.354461669921875,7799600.0
2014-10-01,SBUX,30.44296744899084,30.535488388209295,29.932099765199958,30.012550354003906,8119000.0
2014-10-02,SBUX,29.93208968050053,30.169420985805942,29.678664580064744,29.948177337646484,8573600.0
2014-10-03,SBUX,30.08898762497715,30.611922712946996,30.076917271729158,30.527448654174805,8229000.0
2014-10-06,SBUX,30.57972638026346,30.66420346697302,30.20964885436216,30.22976303100586,5208000.0
2014-10-07,SBUX,30.129200582436113,30.189540047974248,29.775210688075163,29.787281036376953,6383400.0
2014-10-08,SBUX,29.863711379311077,30.338377186898146,29.618333110279192,30.274017333984375,6713400.0
2014-10-09,SBUX,30.185516827969792,30.499278368361644,29.91198057524487,29.96025276184082,9342800.0
2014-10-10,SBUX,29.871756985401184,30.48721282176479,29.80739406628172,29.952207565307617,10495400.0
2014-10-13,SBUX,29.85163761558875,29.944158528488035,28.96666911451693,29.03907585144043,12428600.0
2014-10-14,SBUX,29.127573720044435,29.59821598209012,29.047120084015848,29.260316848754883,10995000.0
2014-10-15,SBUX,28.97471708089729,29.33675081721067,28.668999362566787,29.115507125854492,13621800.0
2014-10-16,SBUX,28.6327875405604,29.31260603789602,28.467859924689403,29.22008514404297,9738000.0
2014-10-17,SBUX,29.505690719670156,29.730957798360315,29.316628539105466,29.582120895385742,9580600.0
2014-10-20,SBUX,29.610285271591106,30.06886028663034,29.529834699090145,30.04874610900879,7945200.0
2014-10-21,SBUX,30.169430962701128,30.245861169884467,29.823487908809362,29.911985397338867,12296600.0
2014-10-22,SBUX,29.960256724401347,30.16540663933374,29.831533945446598,30.008525848388672,6469600.0
2014-10-23,SBUX,30.229772524301524,30.374586048434185,30.072891717990046,30.105070114135742,6837800.0
2014-10-24,SBUX,30.129206067331502,30.535488602324758,29.90796234307942,30.49526023864746,7358400.0
2014-10-27,SBUX,30.57570109175468,30.724534926652595,30.499270915569067,30.55961036682129,5783400.0
2014-10-28,SBUX,30.708453894877636,31.00210434686717,30.523415103223893,30.994060516357422,8151000.0
2014-10-29,SBUX,31.014177854224066,31.24346543220068,30.660190929854743,30.78891372680664,8795000.0
2014-10-30,SBUX,30.644101220328867,31.15496897464365,30.615943203461022,31.102676391601562,13389000.0
2014-10-31,SBUX,30.269988350431145,30.86935337340086,30.137242150010596,30.39468765258789,35890000.0
2014-11-03,SBUX,30.559615396088923,30.680291249461305,30.358485904809143,30.611907958984375,10607000.0
2014-11-04,SBUX,30.414800302369365,30.949805457332634,30.370551571117225,30.857284545898438,10420000.0
2014-11-05,SBUX,30.977973064925614,31.130830412732248,30.80902191641028,30.837182998657227,7403400.0
2014-11-06,SBUX,30.96187612111651,31.195187080689497,30.837176811582832,31.154958724975586,6167200.0
2014-11-07,SBUX,31.231387604000577,31.41240292112644,31.05841611628346,31.29172706604004,8249000.0
2014-11-10,SBUX,31.36038940574786,31.465409605420877,31.17054626537823,31.364429473876953,6555400.0
2014-11-11,SBUX,31.437152398815087,31.586601102556475,31.202877626548762,31.396760940551758,5198200.0
2014-11-12,SBUX,31.267496066104286,31.50984781706322,31.21094434526648,31.445219039916992,5312200.0
2014-11-13,SBUX,31.582555521025352,31.699692875288182,31.267497917952173,31.46137809753418,6842200.0
2014-11-14,SBUX,31.53811450761989,31.62697751386526,31.396742943897248,31.554271697998047,6039200.0
2014-11-17,SBUX,31.48158248175075,31.695659974219463,31.364445100996612,31.437150955200195,5899000.0
2014-11-18,SBUX,31.35635896295855,31.50581071292104,31.231144547541597,31.332124710083008,5755600.0
2014-11-19,SBUX,31.279611034072367,31.538119961488707,31.26345384090016,31.4330997467041,5231200.0
2014-11-20,SBUX,31.368471611876615,31.764312027913938,31.364431543480936,31.586585998535156,6287000.0
2014-11-21,SBUX,31.962248530770594,32.28134629998643,31.816836811085633,32.21672058105469,14027800.0
2014-11-24,SBUX,32.2732680108001,32.64487435509035,32.19652208342707,32.52369689941406,9426200.0
2014-11-25,SBUX,32.53983959842145,32.68525124776582,32.33384232990804,32.398468017578125,8118400.0
2014-11-26,SBUX,32.3621233792122,32.43886620668291,32.0713000200159,32.192474365234375,6196800.0
2014-11-28,SBUX,32.487341038269946,32.97608470063604,32.47926398045005,32.802398681640625,6766600.0
2014-12-01,SBUX,32.71758641999832,32.91954682999831,32.564097617799995,32.65699768066406,8627400.0
2014-12-02,SBUX,32.59235873476348,32.656984437286766,32.35000387570855,32.463104248046875,7656400.0
2014-12-03,SBUX,32.48328174880141,32.61657623648904,32.34191020807292,32.50347900390625,11201400.0
2014-12-04,SBUX,32.55599026479896,33.242656933873704,32.471167333296,32.8427734375,13999000.0
2014-12-05,SBUX,33.32345081614985,33.89701735120284,33.2951764962999,33.755645751953125,14788200.0
2014-12-08,SBUX,34.010110837489165,34.010110837489165,33.56579882582812,33.84854507446289,11770600.0
2014-12-09,SBUX,33.553678553425165,33.642541563753234,33.20226658031029,33.53752136230469,8725600.0
2014-12-10,SBUX,33.48502451057029,33.9454938326667,33.34365289092142,33.388084411621094,10096400.0
2014-12-11,SBUX,33.485027636340604,33.93741686144674,33.38808752834221,33.573890686035156,10046000.0
2014-12-12,SBUX,33.4203730242036,33.91719647200482,33.35170729582229,33.626373291015625,9164200.0
2014-12-15,SBUX,33.230539233689875,33.3234423075726,32.59234716550416,32.67313003540039,16287000.0
2014-12-16,SBUX,32.51155703366248,32.75390869385899,31.95414790704364,31.96222496032715,13981800.0
2014-12-17,SBUX,31.962233120402004,32.551956774050595,31.683530026772946,32.491371154785156,10161600.0
2014-12-18,SBUX,32.9397208259598,32.97607219486895,32.01474243201924,32.32575988769531,17583000.0
2014-12-19,SBUX,32.39440625036288,32.430760679182384,32.07531193091345,32.08742904663086,17444200.0
2014-12-22,SBUX,32.25305878836302,32.53580505293505,32.220744401268576,32.53176498413086,7583800.0
2014-12-23,SBUX,32.91952110769476,33.14167861777621,32.77006941167007,32.8912467956543,8147800.0
2014-12-24,SBUX,32.90741561710565,33.06494442296403,32.79027825962916,32.826629638671875,2601800.0
2014-12-26,SBUX,32.89125326317792,33.28305672254387,32.87105600131946,33.05282211303711,4550400.0
2014-12-29,SBUX,32.98416595072728,33.343655128387354,32.91953715931089,33.274986267089844,4796600.0
2014-12-30,SBUX,33.149760319437725,33.4769349877277,33.03666305541992,33.03666305541992,5253400.0
2014-12-31,SBUX,33.19823794284571,33.65870721974138,33.121492036139806,33.14168930053711,7625400.0
2015-01-02,SBUX,33.1739973040147,33.51733227454216,32.673136629896476,32.895294189453125,6886000.0
2015-01-05,SBUX,32.37020273376319,32.58428019901338,32.10765367798327,32.26518249511719,11623800.0
2015-01-06,SBUX,32.45098119505381,32.47117845876121,31.732002983115066,32.00263214111328,7664400.0
2015-01-07,SBUX,32.21266897233898,32.81047283710202,32.0712973737473,32.79027557373047,9732600.0
2015-01-08,SBUX,33.25478653248208,33.64659004047814,33.1295690404229,33.31941223144531,13170600.0
2015-01-09,SBUX,32.71352035223259,32.923560737454146,31.95819099134549,32.228816986083984,27556800.0
2015-01-12,SBUX,32.43079324624943,32.64891079319874,32.240950024922974,32.406558990478516,10021400.0
2015-01-13,SBUX,32.91146915158003,33.17805528530546,32.366173589481626,32.665077209472656,11040800.0
2015-01-14,SBUX,32.33384678391112,32.62870711004872,32.156120725415185,32.48329544067383,9295000.0
2015-01-15,SBUX,32.55601410366089,32.6771915697784,31.986487408918972,32.14401626586914,8126600.0
2015-01-16,SBUX,32.01473607905797,32.62869381382039,31.90971589804532,32.560028076171875,9015600.0
2015-01-20,SBUX,32.636784908431515,32.90741096416203,32.4469417380425,32.80643081665039,10738400.0
2015-01-21,SBUX,32.73775766652583,32.97202921380529,32.52771728137602,32.83469772338867,10844200.0
2015-01-22,SBUX,32.862970485900455,33.46077107032163,32.67312736731106,33.420379638671875,23913000.0
2015-01-23,SBUX,34.9391328564515,35.827756968109554,34.91489860592237,35.63387680053711,38107200.0
2015-01-26,SBUX,35.58136276506913,35.74697168370914,35.306699726354076,35.593482971191406,14098600.0
2015-01-27,SBUX,35.456144200297594,36.0337506907495,35.322849683654276,35.68233871459961,10994200.0
2015-01-28,SBUX,35.82775174640744,36.187240791321216,35.339008248060274,35.37132263183594,11963200.0
2015-01-29,SBUX,35.54905743664672,36.070115447399004,35.37133136367601,35.96913528442383,12475800.0
2015-01-30,SBUX,35.77929294567693,35.92470463039283,35.298626372217704,35.35517501831055,10070400.0
2015-02-02,SBUX,35.415755458922426,35.581361289023,34.68062014981131,35.54096984863281,13638800.0
2015-02-03,SBUX,35.6666524247531,35.8734016418457,35.240986449951514,35.8734016418457,9252400.0
2015-02-04,SBUX,35.67474763217819,36.25446240491778,35.670692817566774,35.95852279663086,11496600.0
2015-02-05,SBUX,35.96258976830838,36.392307474863834,35.96258976830838,36.33960723876953,7598600.0
2015-02-06,SBUX,36.28285191568096,36.355823138222526,35.950428144751235,36.08015441894531,7835400.0
2015-02-09,SBUX,35.88151161713283,36.16528687443822,35.73151435660379,36.00718307495117,6911600.0
2015-02-10,SBUX,36.23014906831175,37.04499071954958,36.21393289859165,36.96391296386719,12469600.0
2015-02-11,SBUX,36.955810100833396,37.21120784025931,36.77338049302766,36.80581283569336,6467000.0
2015-02-12,SBUX,36.927426302429595,37.27201450098167,36.5220313327619,37.227420806884766,7197600.0
2015-02-13,SBUX,37.292282258575646,37.292282258575646,36.85445804353891,37.12607192993164,6109600.0
2015-02-17,SBUX,37.203087217109214,37.39362330783149,36.996338052762404,37.30849075317383,6387000.0
2015-02-18,SBUX,37.454441453573686,37.83551371940825,37.2963376609228,37.70173263549805,6542000.0
2015-02-19,SBUX,37.76255004546612,38.01794781702808,37.70579498511902,37.77065658569336,6109200.0
2015-02-20,SBUX,37.888218239105534,37.97335082224756,37.68957554510748,37.90848922729492,6461400.0
2015-02-23,SBUX,38.046310577793236,38.078742911949725,37.734157867060475,37.93685531616211,5854600.0
2015-02-24,SBUX,37.80713614624897,38.103072745273856,37.76659726742726,37.884159088134766,6337800.0
2015-02-25,SBUX,37.82334190257542,38.443595547237855,37.803070922286615,38.212520599365234,8119600.0
2015-02-26,SBUX,38.228756061115355,38.439560135103285,38.13956865149469,38.33010482788086,6816400.0
2015-02-27,SBUX,38.42738233566579,38.431437150618734,37.811180365357195,37.900367736816406,8658400.0
2015-03-02,SBUX,37.83550712704987,38.33008940472388,37.83550712704987,38.20036315917969,7947000.0
2015-03-03,SBUX,38.147670841507086,38.19226454123186,37.782814704176495,38.10713195800781,7578400.0
2015-03-04,SBUX,38.030085992827026,38.18413799951242,37.300377193331386,37.72603988647461,7774600.0
2015-03-05,SBUX,37.81524660976428,38.090915344449606,37.72605921134866,37.95713424682617,5848400.0
2015-03-06,SBUX,37.823352061079,37.985507575271406,37.247688851190496,37.38552474975586,6814400.0
2015-03-09,SBUX,37.45443777271575,37.754429158402495,37.33281805512814,37.71794509887695,5984800.0
2015-03-10,SBUX,37.36119811929104,37.66524431586242,37.2030912515895,37.36930465698242,6077000.0
2015-03-11,SBUX,37.344985147802994,37.69362506381594,36.98012906210129,37.06120681762695,8185800.0
2015-03-12,SBUX,37.284176250205995,37.91659141985381,37.23147292412322,37.85578155517578,7295400.0
2015-03-13,SBUX,37.57199144800994,38.25710967272455,37.57199144800994,37.81928253173828,5835200.0
2015-03-16,SBUX,38.107132270901985,38.35847829933096,38.001728698603564,38.127403259277344,6772600.0
2015-03-17,SBUX,38.009826782615264,38.301711606193166,37.944962113856775,38.26522445678711,5508800.0
2015-03-18,SBUX,38.107125014129984,39.148989904097455,37.843617680023144,38.853050231933594,15430000.0
2015-03-19,SBUX,39.226032645223235,40.215194634031306,39.071980520280526,39.63142776489258,22020600.0
2015-03-20,SBUX,39.92734478571736,40.093558187438525,39.32736203643782,39.509788513183594,17360600.0
2015-03-23,SBUX,39.68005393227307,39.68816356276346,39.205742614872726,39.473304748535156,7986000.0
2015-03-24,SBUX,39.36788595961535,39.862468068825144,39.22599841014941,39.69625473022461,7718400.0
2015-03-25,SBUX,39.78545201826265,39.92328788142315,38.82466506958008,38.82466506958008,9907200.0
2015-03-26,SBUX,38.65440001657885,38.81655858224219,37.96928479335025,38.544944763183594,10344400.0
2015-03-27,SBUX,38.51251222312147,38.897636108185736,38.411163506744835,38.540889739990234,7993400.0
2015-03-30,SBUX,38.93412418593307,39.120605457377735,38.71521058217175,38.9098014831543,6830200.0
2015-03-31,SBUX,38.784133245662495,38.99899206942863,38.386847935695876,38.390899658203125,8717800.0
2015-04-01,SBUX,38.22064126338129,38.30982866095099,37.52336134738379,37.709842681884766,14125400.0
2015-04-02,SBUX,37.8719909079623,38.36657318203401,37.79091316493184,38.26522445678711,8863000.0
2015-04-06,SBUX,38.046310659432926,38.43143766930301,37.88415208122014,38.31792449951172,6058800.0
2015-04-07,SBUX,38.27334540638546,38.49631081212126,38.09091579123592,38.1355094909668,5354600.0
2015-04-08,SBUX,38.04225313719984,38.62602274005567,38.04225313719984,38.60575485229492,6827800.0
2015-04-09,SBUX,38.63413231894863,38.90980095405684,38.309815186026945,38.885475158691406,7109600.0
2015-04-10,SBUX,39.40439173891119,39.40439173891119,38.82062505726485,39.05575180053711,6643100.0
2015-04-13,SBUX,39.3719593603698,39.639518423829244,39.22601692833081,39.32331085205078,8171000.0
2015-04-14,SBUX,39.33951132695284,39.49356023579467,38.89357767048074,39.161136627197266,5952400.0
2015-04-15,SBUX,39.574656319965555,39.574656319965555,39.02331893791973,39.03142547607422,5162200.0
2015-04-16,SBUX,39.10438167635494,39.30707907448632,39.0476266523115,39.12059783935547,5312500.0
2015-04-17,SBUX,38.83683312540941,38.91791086921988,38.42332859039006,38.60980987548828,7539900.0
2015-04-20,SBUX,38.83684159753813,39.015213291415904,38.674682981625146,38.89359664916992,4868400.0
2015-04-21,SBUX,39.20168696948745,39.307090513205864,38.934127934408686,39.21790313720703,6213400.0
2015-04-22,SBUX,39.32332218622083,39.4043999638702,38.90171093802242,39.19359588623047,7248100.0
2015-04-23,SBUX,39.36384329817444,40.29625278465705,39.14492968588067,40.07733917236328,15866100.0
2015-04-24,SBUX,41.609734280102266,42.234042827133194,41.04218077435435,42.03134536743164,22284900.0
2015-04-27,SBUX,42.00702126415603,42.11242171279269,41.15568948740458,41.244876861572266,11222600.0
2015-04-28,SBUX,41.025967059766856,41.18812565580869,40.52327819566335,41.03407669067383,8882900.0
2015-04-29,SBUX,40.88001725524061,41.309737921139956,40.70164561541047,41.06650161743164,7162000.0
2015-04-30,SBUX,41.05029190863421,41.090830783476086,40.077343447839674,40.1989631652832,8492000.0
2015-05-01,SBUX,40.498951398597704,40.88002050395437,40.28003777998805,40.774620056152344,5916500.0
2015-05-04,SBUX,40.782715347531244,41.293513650101666,40.75839264980968,40.904335021972656,7493400.0
2015-05-05,SBUX,40.619675889863046,40.70914704050456,40.14792314478784,40.18859100341797,10691200.0
2015-05-06,SBUX,40.40819915447145,40.4244669176665,39.505358465076405,39.79817199707031,8033500.0
2015-05-07,SBUX,39.643629183393806,40.302456465842,39.6273614217242,40.1397819519043,5681400.0
2015-05-08,SBUX,40.66034625355001,41.01822774809655,40.22925827068315,40.48953628540039,6039800.0
2015-05-11,SBUX,40.43259042197888,40.84741053600664,40.16418014474729,40.261783599853516,5047200.0
2015-05-12,SBUX,39.9771131683597,40.660343689599145,39.85510649919754,40.43259811401367,5868600.0
2015-05-13,SBUX,40.5464623137685,40.7904756097454,40.20484866381356,40.33498764038086,4927100.0
2015-05-14,SBUX,40.6521915265531,41.14834722624194,40.400045962008406,41.12394714355469,7339700.0
2015-05-15,SBUX,41.31103957535219,41.3598397618616,40.98569051908287,41.31917190551758,6016700.0
2015-05-18,SBUX,41.197165291718505,41.71772126106974,41.12396191460609,41.62825012207031,8999800.0
2015-05-19,SBUX,41.872251456453704,42.067461454901505,41.44929904544819,41.823448181152344,6976100.0
2015-05-20,SBUX,41.733990229668855,41.839726030854266,41.01822419973582,41.50624465942383,5644700.0
2015-05-21,SBUX,41.433038891175975,41.84785905047492,41.30289990257906,41.7502555847168,5084000.0
2015-05-22,SBUX,41.7502536817189,42.01053164704913,41.6526471176515,41.872257232666016,5857700.0
2015-05-26,SBUX,41.79092389870141,42.11626982240985,41.20529689216463,41.35170364379883,7369900.0
2015-05-27,SBUX,41.514367048322185,42.051190626414396,41.40862817760112,41.96171951293945,6213600.0
2015-05-28,SBUX,42.16505559846577,42.246391269929255,41.847842135898425,42.140655517578125,5874400.0
2015-05-29,SBUX,42.25454772362092,42.482290199243664,41.84786295843257,42.26268005371094,9399100.0
2015-06-01,SBUX,42.262670031339,42.66935470008419,42.02679217880491,42.47414779663086,7075100.0
2015-06-02,SBUX,42.27894202514987,42.53921999099605,42.01866405930369,42.075599670410156,7877800.0
2015-06-03,SBUX,42.29520355970107,42.514813642822745,42.02679020163315,42.39280700683594,5522700.0
2015-06-04,SBUX,42.18947411103308,42.441619767138086,41.945463887282806,42.06747055053711,6230800.0
2015-06-05,SBUX,41.94546458972047,42.65309518127407,41.7014543618839,42.44975280761719,7123200.0
2015-06-08,SBUX,42.295202646080774,42.482277208530604,41.88038567764985,41.91291809082031,6320200.0
2015-06-09,SBUX,41.76651648658073,42.05119763167638,41.56317414126581,41.921058654785156,5034000.0
2015-06-10,SBUX,42.13252807637639,42.9947006300244,42.018656873636715,42.85642623901367,8003600.0
2015-06-11,SBUX,42.95402635649398,43.10856537954129,42.65307753401019,42.693748474121094,6030200.0
2015-06-12,SBUX,42.62867878892063,42.89709210883559,42.42533649301799,42.807621002197266,5236700.0
2015-06-15,SBUX,42.48229220086141,42.66936682933133,42.303349902864674,42.514827728271484,5555000.0
2015-06-16,SBUX,42.51482347754204,43.22245406278794,42.4578878616463,43.08418273925781,6106500.0
2015-06-17,SBUX,43.18177677918122,43.49085798566154,42.88083100334278,43.30378341674805,6735300.0
2015-06-18,SBUX,43.51526911698395,44.14969634674138,43.43393340646681,44.01142501831055,10711000.0
2015-06-19,SBUX,43.987004475581266,44.279814758966786,43.791794517233896,43.86499786376953,10609700.0
2015-06-22,SBUX,44.1903595832265,44.271695279531585,43.82434274433779,43.84061050415039,7100700.0
2015-06-23,SBUX,43.954470958832445,44.06834214688397,43.694193071069776,44.01953887939453,5679000.0
2015-06-24,SBUX,43.71860882654626,43.897551102067794,43.53153422157296,43.686073303222656,5525000.0
2015-06-25,SBUX,43.99514959576028,44.28796306705446,43.921946227936736,43.9788818359375,5389900.0
2015-06-26,SBUX,44.296092417203326,44.531970264636776,44.16595345012931,44.426231384277344,6637200.0
2015-06-29,SBUX,43.816197540652354,44.239149893174435,43.523384134848044,43.5559196472168,6534100.0
2015-06-30,SBUX,44.0439610356732,44.16596460281192,43.22245607758337,43.61287307739258,9794000.0
2015-07-01,SBUX,43.808077479850304,44.092755535891385,43.59659969299855,43.83247756958008,6107700.0
2015-07-02,SBUX,43.94635465265454,44.49131385044044,43.88128670377835,44.117164611816406,5684700.0
2015-07-06,SBUX,43.62913601865337,44.25543085624578,43.62100368951292,44.174095153808594,5396400.0
2015-07-07,SBUX,44.15782994766317,44.36117231827931,43.40139608075046,44.23103332519531,9462300.0
2015-07-08,SBUX,43.808088857949265,43.9382278749054,43.36073618108498,43.425804138183594,8139300.0
2015-07-09,SBUX,43.978872278992746,44.328621282284566,43.824333248395746,43.96260452270508,7681000.0
2015-07-10,SBUX,44.36116662296712,44.515705687801876,44.06835315043143,44.38556671142578,8087800.0
2015-07-13,SBUX,44.735313090417705,45.45921129671232,44.65397739862914,45.30467224121094,7477200.0
2015-07-14,SBUX,45.516147545587394,45.59748634128469,45.15826615279268,45.345340728759766,7028000.0
2015-07-15,SBUX,45.48361635742083,45.50801954983214,44.9711958581547,45.011863708496094,8212600.0
2015-07-16,SBUX,45.597493404618405,45.67882911015731,45.27214437694624,45.337215423583984,7305500.0
2015-07-17,SBUX,45.46733774597562,45.46733774597562,45.03624997693113,45.29652786254883,8715400.0
2015-07-20,SBUX,45.32908070298338,46.15058561451095,45.30468061149032,45.71949768066406,8029600.0
2015-07-21,SBUX,45.85777915246145,45.93098254094804,45.369755528297944,45.71137237548828,6717500.0
2015-07-22,SBUX,45.898434383927906,46.25631579430898,45.75202764723611,46.10990905761719,6876100.0
2015-07-23,SBUX,46.345794615348446,46.36206237798753,45.67883186093842,46.004180908203125,12439200.0
2015-07-24,SBUX,48.08639520852853,48.24093737113196,46.48405969539502,46.597930908203125,14559700.0
2015-07-27,SBUX,46.532853973816835,46.744331716024604,46.24004054784143,46.34577941894531,8993500.0
2015-07-28,SBUX,46.67926012589524,46.687395555828715,46.00416527101511,46.47591781616211,8689200.0
2015-07-29,SBUX,46.671131138200145,47.012744753671875,46.47592114167513,46.7768669128418,8470500.0
2015-07-30,SBUX,46.60606919602817,47.29743509510184,46.370191309188044,47.2242317199707,7337900.0
2015-07-31,SBUX,47.53330148101821,47.53330148101821,46.95581001410258,47.11848449707031,6519500.0
2015-08-03,SBUX,47.679708927094,47.95625462149763,47.20795633238059,47.329959869384766,7664000.0
2015-08-04,SBUX,47.50940066167775,47.89273931070544,47.32996501978174,47.876426696777344,9113100.0
2015-08-05,SBUX,48.24345312998188,48.382105682545344,47.98245752760465,48.12926483154297,7349100.0
2015-08-06,SBUX,48.22713115697782,48.2842237394614,46.56328218122423,46.677467346191406,11064500.0
2015-08-07,SBUX,46.75904558632845,46.783512954963996,46.090240767594,46.65301513671875,7782000.0
2015-08-10,SBUX,46.726417815895566,47.0037260535183,45.47037443893885,45.894493103027344,12029200.0
2015-08-11,SBUX,45.50299513250956,46.033141076275065,45.05440914584247,45.95973587036133,8062600.0
2015-08-12,SBUX,45.42142532498089,46.00051213518777,44.81787426484972,45.98419952392578,10064400.0
2015-08-13,SBUX,46.09839191711626,46.69378832059777,46.090234054550336,46.3675422668457,6731500.0
2015-08-14,SBUX,46.44909791855732,46.58775044690732,46.21256972292353,46.57143783569336,4803900.0
2015-08-17,SBUX,46.48989425677986,47.10975814455896,46.26967859483749,47.093448638916016,5768400.0
2015-08-18,SBUX,47.27286308752862,47.35442614105559,47.02818014957244,47.16683578491211,5575400.0
2015-08-19,SBUX,46.96293747361617,47.37074344774075,46.58775361282394,46.971092224121094,6044200.0
2015-08-20,SBUX,46.48989112084634,46.61223418411075,45.48668858054357,45.51931381225586,7470900.0
2015-08-21,SBUX,44.63029054947888,44.7444757340069,42.901190833928226,43.09693908691406,20211500.0
2015-08-24,SBUX,39.190158568979136,42.95828538695896,34.29648624541097,41.05791091918945,27158800.0
2015-08-25,SBUX,43.19480629523553,43.7249552847996,41.636987661188684,41.669612884521484,19659000.0
2015-08-26,SBUX,43.21928399308796,44.16539384870654,41.816430268396836,44.01042556762695,15517600.0
2015-08-27,SBUX,44.662929923450065,45.845568426903924,44.377466851826156,45.63351058959961,15987900.0
2015-08-28,SBUX,45.42958633161004,45.92711011995332,45.02178035576311,45.372493743896484,7584800.0
2015-08-31,SBUX,45.01361703423323,45.24199046870084,44.45084597589524,44.62212371826172,7971200.0
2015-09-01,SBUX,43.22743645783896,44.33666928739735,43.01537870457064,43.6352424621582,13424900.0
2015-09-02,SBUX,44.450860643637334,45.0951949666548,43.839151552211135,45.07072448730469,9891100.0
2015-09-03,SBUX,45.4459021880531,45.47852430385186,44.4345419267815,44.60581970214844,7968900.0
2015-09-04,SBUX,43.93701872083123,44.50794775806318,43.91255135580984,44.271419525146484,6994300.0
2015-09-08,SBUX,45.111500810875555,45.22568599299159,44.47532133559455,45.029937744140625,8051700.0
2015-09-09,SBUX,45.59271259874273,45.67427255520901,44.50794713212632,44.60581970214844,8406700.0
2015-09-10,SBUX,44.320359117992474,45.42143414585,44.31220436643406,45.160438537597656,8924800.0
2015-09-11,SBUX,45.01361686224757,46.11469472606578,44.88311909075566,46.106536865234375,8363100.0
2015-09-14,SBUX,46.114707768617855,46.41648336717255,45.71505648027797,45.910804748535156,5463900.0
2015-09-15,SBUX,46.02499139520115,46.661167842326094,45.77215052224246,46.41648483276367,6741300.0
2015-09-16,SBUX,46.35123214105269,46.77534764938914,45.84555045340562,46.701942443847656,6593400.0
2015-09-17,SBUX,46.75088313323972,47.38705954582038,46.52251275155704,46.718257904052734,7525300.0
2015-09-18,SBUX,46.073923487141336,47.003720674137554,45.90264260165818,46.3593864440918,16268000.0
2015-09-21,SBUX,46.653004918404505,47.17499607705479,46.45725667825428,46.93031311035156,6220100.0
2015-09-22,SBUX,46.3675414946773,46.69378754299632,46.24520156004234,46.5877571105957,8585100.0
2015-09-23,SBUX,46.62037612522554,47.248397662198364,46.53065831832764,47.134212493896484,6829200.0
2015-09-24,SBUX,46.7998264381359,47.745936415769165,46.628545520573866,47.60728073120117,10027300.0
2015-09-25,SBUX,48.055860552806436,48.08848578156247,47.09344119500808,47.29734420776367,10627000.0
2015-09-28,SBUX,47.31365208086088,47.65621074837182,45.36433984388188,45.4866828918457,11548100.0
2015-09-29,SBUX,45.55192727933223,45.918953288089604,44.70369319514189,45.445899963378906,9392100.0
2015-09-30,SBUX,46.00051828230938,46.4083242844174,45.35618405226362,46.3593864440918,9799600.0
2015-10-01,SBUX,46.481730029452834,46.897690787459574,45.58455494760064,46.881378173828125,8497100.0
2015-10-02,SBUX,46.48172191889809,47.378893732890646,46.114695954514815,47.3707389831543,9036800.0
2015-10-05,SBUX,47.70515010986276,48.267921303539595,47.36259143143677,48.15373611450195,8199000.0
2015-10-06,SBUX,47.97430131341793,48.23529692476354,47.484935319973204,47.86827087402344,5538000.0
2015-10-07,SBUX,47.81117548077202,47.982456368636775,47.223936945263915,47.941673278808594,8138300.0
2015-10-08,SBUX,47.94167943821591,48.700198959041145,47.62359120909177,48.49629592895508,6834800.0
2015-10-09,SBUX,48.50444660586055,49.02643778773023,48.36579094806294,48.993812561035156,7969900.0
2015-10-12,SBUX,49.22219082264357,49.66262211975267,48.969353053472815,49.377159118652344,6430300.0
2015-10-13,SBUX,49.2140330184806,49.548433846738575,48.95303740185551,49.067222595214844,6262800.0
2015-10-14,SBUX,48.93671117579191,49.07536369736009,47.65620081559701,47.97428894042969,8365600.0
2015-10-15,SBUX,48.0803437756671,48.79808344200031,47.370761974342,48.683895111083984,9745900.0
2015-10-16,SBUX,48.9040869588589,49.17324036928082,48.49628102402256,48.87961959838867,12860800.0
2015-10-19,SBUX,49.04274912555414,49.98885889591434,48.83068826886441,49.72786331176758,8117200.0
2015-10-20,SBUX,49.93177679167987,50.04596199480812,49.39347289742285,49.65446853637695,6089100.0
2015-10-21,SBUX,49.809423065027744,49.85020304151575,49.067216292220074,49.36899185180664,6055300.0
2015-10-22,SBUX,49.71970867621965,50.33141769963174,49.0753744248438,50.15198516845703,9182000.0
2015-10-23,SBUX,50.6576656185729,51.22043682072408,50.25801433961004,51.06547164916992,8206000.0
2015-10-26,SBUX,51.36726111304275,52.068688172909255,51.35910635920627,51.73428726196289,9751700.0
2015-10-27,SBUX,51.6853375492398,51.71796277972989,50.72291502897478,51.14703369140625,8973200.0
2015-10-28,SBUX,51.47327184976918,51.80767263253111,50.910497600046185,51.79951477050781,9627300.0
2015-10-29,SBUX,51.72611151560302,51.79136196899414,50.33141574315307,50.97574996948242,14839100.0
2015-10-30,SBUX,51.94632914723658,52.19916999698214,50.78000369371148,51.03284454345703,16822300.0
2015-11-02,SBUX,51.39170557255164,51.4651107696075,50.665811463506216,50.76368713378906,8547200.0
2015-11-03,SBUX,50.567939546523604,51.36723886277244,50.282476616189236,51.220428466796875,8847700.0
2015-11-04,SBUX,51.41619052408983,51.41619052408983,50.02964925110479,50.53532791137695,9085100.0
2015-11-05,SBUX,50.70660403783175,50.943132299490905,50.57610622300486,50.796321868896484,6145000.0
2015-11-06,SBUX,50.60872726579003,50.763695547098564,50.24985908254697,50.543479919433594,6616300.0
2015-11-09,SBUX,50.52711486996229,50.707131500731506,49.79887031295885,50.19163131713867,6838300.0
2015-11-10,SBUX,50.35528591094222,50.99352219559216,50.085260946582814,50.87896728515625,6689000.0
2015-11-11,SBUX,51.181713531270915,51.19807896232192,50.57620818931778,50.625301361083984,4437300.0
2015-11-12,SBUX,50.191627945573316,50.445287442673646,49.708858658438366,49.970699310302734,6793800.0
2015-11-13,SBUX,49.823408355209274,50.19980386282033,48.7760458570267,48.88241958618164,8821600.0
2015-11-16,SBUX,48.68603850354733,49.65975814991913,48.68603850354733,49.65157699584961,8096600.0
2015-11-17,SBUX,49.87251035616557,50.37164507931924,49.455199667036155,49.54520797729492,6695300.0
2015-11-18,SBUX,49.63521222138153,50.625297310345466,49.36519043411253,50.56801986694336,7215300.0
2015-11-19,SBUX,50.56802773085316,50.67440148002223,50.23254417244645,50.28982162475586,5154400.0
2015-11-20,SBUX,50.698945775385106,50.8544158143842,50.38801194016075,50.72349548339844,8302500.0
2015-11-23,SBUX,50.84622185894293,51.70538656257496,50.81349100208034,51.255348205566406,8493500.0
2015-11-24,SBUX,50.78077888852074,51.034435303773506,50.09344628989068,50.698951721191406,7908200.0
2015-11-25,SBUX,50.772579672832386,51.14079401401053,50.73166766189845,50.88713455200195,4549900.0
2015-11-27,SBUX,50.88714844102144,51.04261849494493,50.674404053267196,50.87896728515625,2447900.0
2015-11-30,SBUX,50.8134988838008,50.96896891732003,50.077073218482795,50.232540130615234,9863800.0
2015-12-01,SBUX,49.978884131957074,50.46983457921464,49.512477149259524,50.2161750793457,10910800.0
2015-12-02,SBUX,50.428928396985015,50.494387007545974,50.01161765928357,50.09344482421875,6587500.0
2015-12-03,SBUX,50.216179246345945,50.28164097615202,48.39965994364649,48.726959228515625,12056100.0
2015-12-04,SBUX,48.980610042948065,50.625296694638024,48.767862580282056,50.52710723876953,9100600.0
2015-12-07,SBUX,50.52711151724238,50.69076270513833,50.27345201993431,50.641666412353516,5967800.0
2015-12-08,SBUX,50.478014784496665,51.08352323801812,50.33891330489891,50.86259460449219,6664900.0
2015-12-09,SBUX,50.49438392985081,51.173535311175335,49.766139373944654,50.06071090698242,8541600.0
2015-12-10,SBUX,50.01979601913085,50.84622999819234,49.921603432824824,50.625301361083984,6623900.0
2015-12-11,SBUX,49.798863409710656,50.06888519704635,48.76786318544493,48.947879791259766,11489300.0
2015-12-14,SBUX,49.127897628542264,49.20972165793466,47.9577959041885,49.02970504760742,13406100.0
2015-12-15,SBUX,49.54520402520142,49.65157775805725,49.07061904722091,49.078800201416016,7842100.0
2015-12-16,SBUX,49.357007065532244,49.50429281452606,48.69422119506007,49.381553649902344,9281800.0
2015-12-17,SBUX,49.63521943269732,49.77432404501712,48.6614996320068,48.70241165161133,9079400.0
2015-12-18,SBUX,48.44057252692963,48.68604777378051,47.67959707672092,47.96598434448242,18099500.0
2015-12-21,SBUX,48.186914861070775,48.78423912928168,47.9987170605156,48.718780517578125,7187500.0
2015-12-22,SBUX,49.046063781856525,49.15243750265351,48.50601714599014,49.086978912353516,6501400.0
2015-12-23,SBUX,49.307917025195735,49.39792534114349,49.062441786220866,49.37337875366211,4510200.0
2015-12-24,SBUX,49.3979180865877,49.51247297319336,49.23426691084252,49.35700607299805,2204300.0
2015-12-28,SBUX,49.11153557064751,49.36519507340018,48.75150544665808,49.25063705444336,4437200.0
2015-12-29,SBUX,49.471563465799946,50.17526137218249,49.381555158511006,50.01979446411133,5477300.0
2015-12-30,SBUX,50.09343470558919,50.24072045133432,49.70885491154506,49.76613235473633,3973900.0
2015-12-31,SBUX,49.62703564895269,49.75795597758549,49.1115354893543,49.11971664428711,4960900.0
2016-01-04,SBUX,48.08871645978855,48.13781275049665,47.13135907999384,47.67140579223633,13521500.0
2016-01-05,SBUX,48.10508299959731,48.10508299959731,47.44229710599034,47.99052810668945,9617800.0
2016-01-06,SBUX,47.21318024231011,47.8923283433308,47.16408395782974,47.56502914428711,8266300.0
2016-01-07,SBUX,46.542223121930476,47.38502256112078,45.95308006931525,46.38675308227539,11140900.0
2016-01-08,SBUX,46.97590186174423,47.23774255674169,46.25583838980756,46.33766555786133,10427000.0
2016-01-11,SBUX,46.640400124931006,47.55684220076611,46.4603835466579,47.31136703491211,10757300.0
2016-01-12,SBUX,47.777789893930674,48.710597770059685,47.60595752125161,48.6533203125,12375800.0
2016-01-13,SBUX,48.93152328435626,49.09517449026791,47.295017468013995,47.352294921875,11303600.0
2016-01-14,SBUX,47.05771879584128,48.62876584975643,46.574949502148066,48.26055145263672,11444100.0
2016-01-15,SBUX,46.69768105495765,47.7777743626703,46.435840442262844,47.458656311035156,15246100.0
2016-01-19,SBUX,48.00689613903903,48.59603922581301,47.55685766836984,47.90870666503906,12289000.0
2016-01-20,SBUX,47.106801345009565,47.42591935560937,44.9547961598505,46.57493591308594,22786400.0
2016-01-21,SBUX,47.32774432623117,48.58785444725404,47.18863972049876,48.30146408081055,20888500.0
2016-01-22,SBUX,47.090450702066526,48.60422034125377,46.97589580295345,48.416019439697266,32820200.0
2016-01-25,SBUX,48.5714969805273,48.58786241455507,47.13955427766452,47.221378326416016,13554300.0
2016-01-26,SBUX,47.393201563905905,48.17054236271819,47.295012100058216,47.95779800415039,8898100.0
2016-01-27,SBUX,48.17055002574195,48.24419291568961,46.853162284115704,47.15591812133789,12491300.0
2016-01-28,SBUX,47.69594943839914,48.62057271885952,47.45865541220541,48.51420211791992,11832400.0
2016-01-29,SBUX,48.91515939263429,49.815239492810655,48.80060448130337,49.7252311706543,13224400.0
2016-02-01,SBUX,49.63521421701421,50.55984074557408,49.31609612769014,50.24072265625,9529100.0
2016-02-02,SBUX,49.79743102872135,49.99445488398497,49.403386449782055,49.83026885986328,9407400.0
2016-02-03,SBUX,49.978023078344485,50.18325477266734,48.02421647154657,48.86977005004883,12254500.0
2016-02-04,SBUX,48.77126288767061,48.80410071248028,47.60554829121351,47.85182571411133,13944900.0
2016-02-05,SBUX,47.69583459483549,47.777929134454276,44.53526841179435,44.73229217529297,24529000.0
2016-02-08,SBUX,43.58301550820305,44.715895669818025,43.205389831527405,44.44498825073242,21457500.0
2016-02-09,SBUX,43.66510679660017,45.38905540689988,43.64868788051106,44.67484664916992,11605100.0
2016-02-10,SBUX,45.38083272440997,46.25922415419005,45.15918211153268,45.26590347290039,11663900.0
2016-02-11,SBUX,44.23974306126219,45.47113321423072,43.96062783465917,45.085296630859375,12106100.0
2016-02-12,SBUX,45.61069812022096,46.004742642856804,45.18381577113525,45.85697555541992,8680200.0
2016-02-16,SBUX,46.620443881991605,46.66969749650795,45.95549190172979,46.30849075317383,11594800.0
2016-02-17,SBUX,46.546558141764166,47.3346472528785,46.10325684241695,47.310020446777344,11955200.0
2016-02-18,SBUX,47.26076040654925,47.26076040654925,46.521924959170995,46.75999450683594,8494000.0
2016-02-19,SBUX,46.72715083152293,47.49882400922085,46.398781998355155,47.34284591674805,9033600.0
2016-02-22,SBUX,48.13094028510434,48.39363661671352,47.75331156827727,48.32796096801758,8390700.0
2016-02-23,SBUX,47.98317089428197,48.352588571422054,47.61375321714189,47.99137878417969,7064100.0
2016-02-24,SBUX,46.96522418557598,47.90108029050624,46.2017619670092,47.70405960083008,10780900.0
2016-02-25,SBUX,47.99138449453352,48.229454040527344,47.61375888256316,48.229454040527344,6262100.0
2016-02-26,SBUX,48.43469116024011,48.60708507211072,47.548088530754896,47.892879486083984,7473400.0
2016-02-29,SBUX,47.81899352936636,48.55782901678993,47.695853237599856,47.786155700683594,7645100.0
2016-03-01,SBUX,48.24586340084023,49.41978885344003,48.02421281207101,49.2884407043457,9183600.0
2016-03-02,SBUX,49.11605982703823,49.25561590226587,48.29513289533379,48.8944091796875,8856400.0
2016-03-03,SBUX,48.533201826369755,48.59887748745239,47.77795051344673,48.467529296875,8261900.0
2016-03-04,SBUX,48.549603063523975,48.59064877096092,47.80255991445931,48.18839645385742,8344800.0
2016-03-07,SBUX,47.974960936122,48.16377372382578,47.04731590934961,47.61375427246094,9199100.0
2016-03-08,SBUX,47.26896553732086,47.802566065839976,47.00626608642861,47.28538131713867,8127400.0
2016-03-09,SBUX,47.433157206295654,47.589135327846456,46.62044129597786,46.85029983520508,9734600.0
2016-03-10,SBUX,47.211500281780054,47.49882654920205,46.72715333023921,47.21971130371094,7014500.0
2016-03-11,SBUX,47.69584335704031,47.69584335704031,46.43982642020147,47.27717208862305,15497600.0
2016-03-14,SBUX,47.26896651760828,48.25407616963854,47.20329087062642,48.14735794067383,9053300.0
2016-03-15,SBUX,47.876456203168324,48.56603491932868,47.75331591644457,48.500362396240234,7428500.0
2016-03-16,SBUX,48.14736044254589,49.10784334266095,48.14736044254589,48.984703063964844,8069400.0
2016-03-17,SBUX,48.82053123222315,49.239202637532046,48.73843665068057,48.88620376586914,7734700.0
2016-03-18,SBUX,49.18172462650484,49.6250258515619,48.78768013698319,49.00933074951172,14313600.0
2016-03-21,SBUX,48.89440578091501,49.14068321698943,48.45110451702854,48.51677703857422,6487200.0
2016-03-22,SBUX,48.43468994921082,48.886199144453705,48.081691110918364,48.74664306640625,8246800.0
2016-03-23,SBUX,48.549617021575436,48.763059772151294,48.18019928526157,48.29513168334961,5794500.0
2016-03-24,SBUX,48.18841323510768,48.262296786858265,47.843622283075675,47.909297943115234,5948300.0
2016-03-28,SBUX,48.07347139039522,48.82051460426002,47.94212323625153,48.40184020996094,5791600.0
2016-03-29,SBUX,48.28692741275465,49.042181905006004,48.28692741275465,48.88620376586914,6031400.0
2016-03-30,SBUX,49.25560894323729,49.469048537426254,48.85335342563579,49.263816833496094,5723500.0
2016-03-31,SBUX,49.06679537517609,49.42800204100746,48.99291183766658,49.00933074951172,5622800.0
2016-04-01,SBUX,48.935460994462865,50.216105163199295,48.771274961356426,50.09296798706055,9401100.0
2016-04-04,SBUX,50.158628694251796,50.224304344643706,49.32128607286662,49.46084213256836,5799900.0
2016-04-05,SBUX,49.15709255525138,49.44441565277431,48.795882796551815,49.2884407043457,4994800.0
2016-04-06,SBUX,49.27204438872909,50.002668998829826,49.18174190764458,49.93699645996094,5667300.0
2016-04-07,SBUX,49.73996657313855,50.519847841896826,49.698920849854,50.216102600097656,8239200.0
2016-04-08,SBUX,50.487008281217676,50.601937555112734,49.830267336397455,50.10938262939453,5064900.0
2016-04-11,SBUX,50.25713446952973,50.48699294750814,49.89592471089292,49.99443817138672,6103400.0
2016-04-12,SBUX,48.39362949204823,48.99290560602852,47.91749050386324,48.84513854980469,17565800.0
2016-04-13,SBUX,49.51830767366564,50.14221383754005,49.05037961655354,49.42800521850586,9898500.0
2016-04-14,SBUX,49.469053446970186,49.583985843110824,49.18173028558757,49.362335205078125,5157400.0
2016-04-15,SBUX,49.45263458134967,49.76458452808934,49.263818650971196,49.67428207397461,5965300.0
2016-04-18,SBUX,49.82204296774789,50.13399600732327,49.55113877064357,49.986228942871094,7228600.0
2016-04-19,SBUX,50.20787773928283,50.28176126885973,49.649647322832216,49.99443817138672,7283600.0
2016-04-20,SBUX,50.109367410375924,50.42952832801354,49.95338933038752,49.99443817138672,5558800.0
2016-04-21,SBUX,49.994452434448974,50.158635318938394,49.64966148752806,49.781009674072266,12799100.0
2016-04-22,SBUX,48.4428938986095,48.51677744320677,46.81745904905708,47.3510627746582,29836700.0
2016-04-25,SBUX,47.30180174291557,47.58091698256154,47.268967050641585,47.42494201660156,8428000.0
2016-04-26,SBUX,47.65480008946039,48.16377382835726,47.252547711353685,47.38389587402344,8839100.0
2016-04-27,SBUX,47.21150188497493,47.326434274798956,46.480877487681546,46.71073913574219,12390800.0
2016-04-28,SBUX,46.456236243402515,47.08835009880001,46.234585686451204,46.31667709350586,9196600.0
2016-04-29,SBUX,45.98833452265013,46.32491449378453,45.38905814143951,46.160728454589844,12133400.0
2016-05-02,SBUX,46.209972186574824,47.096571537893475,46.062205106090495,47.08836364746094,8616200.0
2016-05-03,SBUX,46.7094172544855,47.00598548190203,46.24808855155483,46.338706970214844,7854300.0
2016-05-04,SBUX,46.11628673789023,46.66823393055328,45.96800260508792,46.454044342041016,6508500.0
2016-05-05,SBUX,46.43756199850546,46.76708294953375,46.14099377108893,46.338706970214844,6215400.0
2016-05-06,SBUX,46.09979481568696,46.39636298120243,45.621992993224076,46.388126373291016,6378700.0
2016-05-09,SBUX,46.39636531190144,46.89888326843039,46.32222326679809,46.65998077392578,5976200.0
2016-05-10,SBUX,46.83298014080966,47.45082949962005,46.71764876330548,47.36021423339844,7931200.0
2016-05-11,SBUX,47.06365962372736,47.277846080555705,46.20690751132348,46.32223892211914,8118900.0
2016-05-12,SBUX,46.602339582295855,46.783576486150125,45.984489929206326,46.379913330078125,6870300.0
2016-05-13,SBUX,46.486980661545665,46.62702499168071,45.910320697805616,45.98446273803711,5466000.0
2016-05-16,SBUX,45.88562246882947,45.943288169469355,45.473722811375964,45.745574951171875,9536200.0
2016-05-17,SBUX,45.62199399246545,45.836180370837845,44.90528652925729,45.2100944519043,10530000.0
2016-05-18,SBUX,45.111246646324325,45.44900422135131,44.79820518632992,45.14419937133789,7455200.0
2016-05-19,SBUX,44.83938884598305,44.99590955616936,44.641675663471126,44.9382438659668,7582800.0
2016-05-20,SBUX,45.210100192645356,45.61376003382698,44.96296106543596,44.99591064453125,8430800.0
2016-05-23,SBUX,44.995915144205846,45.16067562633663,44.72406301985315,44.97943878173828,7352100.0
2016-05-24,SBUX,45.094783026732095,45.819724276096615,45.045353928688634,45.67144012451172,7748700.0
2016-05-25,SBUX,45.47369969227202,45.68788602253442,45.26774996825135,45.43251037597656,8115500.0
2016-05-26,SBUX,45.762049436959764,46.025664955510265,45.26777112531378,45.5478630065918,9451700.0
2016-05-27,SBUX,45.60550738994351,45.76202804888359,45.39131791713771,45.43251037597656,6631100.0
2016-05-31,SBUX,45.72085988934389,45.72085988934389,45.06182109602448,45.21834182739258,12044000.0
2016-06-01,SBUX,45.11124215153552,45.71261832420635,45.0782925723498,45.16067123413086,8761600.0
2016-06-02,SBUX,45.22657655346525,45.30895521502021,44.864102900516606,44.99591064453125,8307500.0
2016-06-03,SBUX,45.07005337593077,45.37486134187398,44.81467763573643,44.987674713134766,6649200.0
2016-06-06,SBUX,45.07830500178267,46.02567244366029,45.053588882397776,45.79500961303711,9900900.0
2016-06-07,SBUX,45.844426728765846,46.21513385466348,45.53961876218863,45.556095123291016,7173100.0
2016-06-08,SBUX,45.72086284968518,45.72086284968518,45.22658450832823,45.49020004272461,7623900.0
2016-06-09,SBUX,45.432520750545564,45.811467575066125,45.35837870726597,45.7867546081543,5927900.0
2016-06-10,SBUX,45.24304403136198,45.473709911029395,44.89704992567702,45.20185470581055,8118700.0
2016-06-13,SBUX,45.135957706766625,45.80323302956938,45.11124159450189,45.3419075012207,7908400.0
2016-06-14,SBUX,45.35015029813227,45.78676605887969,45.31719757231267,45.778526306152344,8036500.0
2016-06-15,SBUX,45.83620792922452,46.2069183671229,45.531402965861844,45.59730529785156,7447300.0
2016-06-16,SBUX,45.22658364541286,45.7950040413825,44.82292059838863,45.745574951171875,7968000.0
2016-06-17,SBUX,45.81147016541226,45.819706774000565,45.34190491227193,45.5643310546875,9503000.0
2016-06-20,SBUX,45.943290523814206,46.363426813226695,45.62200927734375,45.62200927734375,7286700.0
2016-06-21,SBUX,45.73733191407015,46.15746812291848,45.67966622153301,45.976234436035156,7445100.0
2016-06-22,SBUX,46.033903839941985,46.11628250948102,45.712622629177005,45.81147766113281,7215400.0
2016-06-23,SBUX,46.116289369432984,46.29752624043222,46.050387052507524,46.23986053466797,5569400.0
2016-06-24,SBUX,44.52635087519194,45.7785261697002,44.49339814947056,45.045345306396484,14654700.0
2016-06-27,SBUX,44.64991764516406,44.880580417495615,43.99911551746337,44.22977828979492,11631900.0
2016-06-28,SBUX,44.5675447582471,45.226586769736365,44.44397673800178,45.185394287109375,8417000.0
2016-06-29,SBUX,45.65495643544992,46.9153715217512,45.60553048787986,46.742374420166016,11103800.0
2016-06-30,SBUX,46.80002894815302,47.11307034984784,46.56112645011415,47.05540466308594,10215200.0
2016-07-01,SBUX,46.989511631586424,47.253127149480875,46.83298775733701,46.94832229614258,8330300.0
2016-07-05,SBUX,46.800046389604674,46.923614417626865,46.5858567796269,46.767093658447266,7274200.0
2016-07-06,SBUX,46.5611216924102,47.047163247270305,46.39636125740706,46.75059509277344,8474200.0
2016-07-07,SBUX,46.67647355231723,46.95656547206293,46.51995279872666,46.882423400878906,6813300.0
2016-07-08,SBUX,46.89066753117412,46.95657300170375,46.42934180764985,46.55290985107422,12655500.0
2016-07-11,SBUX,46.7917816248855,46.89063662297338,46.18217213704253,46.396358489990234,10394400.0
2016-07-12,SBUX,46.66823410977783,47.450840972795966,46.55289956184247,47.351985931396484,10998500.0
2016-07-13,SBUX,46.79179082912222,47.17073768178676,46.42108058519198,46.528175354003906,12183600.0
2016-07-14,SBUX,46.95655477793315,47.516738489845395,46.931841807348505,47.442596435546875,11353600.0
2016-07-15,SBUX,47.52497045845865,47.56616292880346,47.063644959021815,47.294307708740234,8494000.0
2016-07-18,SBUX,47.44257567574329,47.44257567574329,46.8329631468699,46.890628814697266,7614600.0
2016-07-19,SBUX,46.83300362768953,47.071906253783844,46.585864388733235,46.75886154174805,8719800.0
2016-07-20,SBUX,46.95655680418272,47.50026417831884,46.71765426974018,47.40140914916992,9446400.0
2016-07-21,SBUX,47.46730109590222,47.5084904205137,46.989499273829836,47.45082473754883,16151700.0
2016-07-22,SBUX,47.45084426830257,47.978078524988646,47.121326393237254,47.6979866027832,23899300.0
2016-07-25,SBUX,47.5497080111958,47.85451294542134,47.36847111609352,47.73918151855469,10486000.0
2016-07-26,SBUX,48.25816226176237,48.47234868709778,47.94511766238466,48.035736083984375,10106700.0
2016-07-27,SBUX,48.093399785157004,48.10987614681366,47.50849994525191,47.65678405761719,6551800.0
2016-07-28,SBUX,47.68150555486645,48.035739514117836,47.566174152792975,47.9533576965332,6830100.0
2016-07-29,SBUX,47.928627957251116,48.134577715354624,47.71443844899888,47.821533203125,6914900.0
2016-08-01,SBUX,47.78035644747702,47.82154578142279,47.310791126896774,47.47555160522461,7997600.0
2016-08-02,SBUX,47.326752745146415,47.40115300660585,46.73981910112689,46.89688491821289,7574600.0
2016-08-03,SBUX,46.67368805346326,46.78115580759392,46.06195532208058,46.24382019042969,11484800.0
2016-08-04,SBUX,46.33474371161463,46.53314543174817,45.78087763011778,45.813941955566406,11193700.0
2016-08-05,SBUX,46.128085681090575,46.39261925712279,45.89661959043463,46.21075439453125,9206200.0
2016-08-08,SBUX,46.26862284156035,46.28515658493614,45.60728572048507,45.76435470581055,9129300.0
2016-08-09,SBUX,45.78915353865107,46.053687124498445,45.61555396421794,45.63208770751953,7136700.0
2016-08-10,SBUX,45.772611540687265,46.05367881914838,45.55767922350571,45.979278564453125,6991100.0
2016-08-11,SBUX,46.08674789534897,46.26034744448521,45.84701338264352,45.855281829833984,6191400.0
2016-08-12,SBUX,45.68994757439958,46.08674789534897,45.65688009261497,45.855281829833984,5039800.0
2016-08-15,SBUX,46.00408466524609,46.04541744281774,45.615549618397246,45.67341613769531,5968700.0
2016-08-16,SBUX,45.67341042622853,45.93794395379367,45.40060845208974,45.77260971069336,5750900.0
2016-08-17,SBUX,46.103275614640985,46.22727392490476,45.82220836315959,46.128074645996094,7410600.0
2016-08-18,SBUX,46.11155522115736,46.21075768434855,45.871823818834976,45.90488815307617,5390800.0
2016-08-19,SBUX,45.84701642131286,45.929685131253535,45.3427483278857,45.41714859008789,8981200.0
2016-08-22,SBUX,45.45021411890669,46.22728103798844,45.42541508373571,46.16941452026367,8837800.0
2016-08-23,SBUX,46.43394422577551,46.739813683817836,46.29341216680075,46.624080657958984,7827900.0
2016-08-24,SBUX,47.12008825989334,47.9302227322588,47.07875547983684,47.194488525390625,13200500.0
2016-08-25,SBUX,47.15315047421409,47.49208427837125,47.037417441597775,47.35981750488281,6686600.0
2016-08-26,SBUX,47.516883312935136,47.80621904796453,47.12008299246982,47.35981750488281,6940500.0
2016-08-29,SBUX,47.301960007970735,47.51689237331387,46.797691852428514,46.95475769042969,7026700.0
2016-08-30,SBUX,46.83901296976993,46.91341322260611,46.301677460009905,46.624080657958984,6377700.0
2016-08-31,SBUX,46.54967835270717,46.64060918795244,46.21900987612839,46.483543395996094,6996900.0
2016-09-01,SBUX,46.54140654205763,46.756341982343386,46.152874736674725,46.54967498779297,6230100.0
2016-09-02,SBUX,46.72327457557011,46.83074229587214,46.28514155559057,46.44220733642578,7441500.0
2016-09-06,SBUX,46.442218564773356,46.64061716184913,46.037149769386325,46.30995178222656,6472900.0
2016-09-07,SBUX,46.450477519846636,46.789411300960914,46.39261100747262,46.557945251464844,11428600.0
2016-09-08,SBUX,46.37608614635753,46.4174220803856,45.632086636187516,45.714752197265625,12673600.0
2016-09-09,SBUX,45.582477569179,45.63207878938995,44.88807625366805,44.92940902709961,10658100.0
2016-09-12,SBUX,44.573944054757185,45.29314759835017,44.573944054757185,45.227012634277344,11002500.0
2016-09-13,SBUX,44.962476573867086,45.094743341137146,44.43340950478685,44.62354278564453,10050200.0
2016-09-14,SBUX,44.855001376174464,44.92940161747679,44.47473487773501,44.557403564453125,6688400.0
2016-09-15,SBUX,44.60700515915123,44.74754036096876,44.25980610787532,44.73100662231445,8076800.0
2016-09-16,SBUX,44.590479118362495,44.71448060293268,44.15234600559499,44.425148010253906,10207800.0
2016-09-19,SBUX,44.607009668203226,44.61527811511029,43.73074350536578,43.82167434692383,9231600.0
2016-09-20,SBUX,44.14406623291905,44.177130551602865,43.85473058164977,44.061397552490234,8731500.0
2016-09-21,SBUX,44.16887597024673,44.664875559137336,44.044874496279846,44.62354278564453,9213600.0
2016-09-22,SBUX,44.80540902844625,45.13607435700083,44.61527575499249,44.96247482299805,9096700.0
2016-09-23,SBUX,44.64006554859523,45.10300069694735,44.64006554859523,44.99553298950195,6945100.0
2016-09-26,SBUX,44.87154387407161,44.921145095786436,44.52434478253355,44.67314529418945,7755600.0
2016-09-27,SBUX,44.64008003050632,44.813679584898765,44.49127951145886,44.79714584350586,6463700.0
2016-09-28,SBUX,44.54087723865892,44.70621148611862,44.25154151723234,44.62354278564453,8593500.0
2016-09-29,SBUX,44.54088091827903,44.640080213554526,43.73901180162286,44.1854133605957,11993500.0
2016-09-30,SBUX,44.35075552724757,44.96248830289152,44.2763552541569,44.755821228027344,13767800.0
2016-10-03,SBUX,44.72273716125719,44.764073083698946,44.36726967197739,44.50780487060547,5478600.0
2016-10-04,SBUX,44.747547733275375,44.747547733275375,44.15234565761151,44.25154495239258,6176400.0
2016-10-05,SBUX,44.22675036691883,44.44168271948457,44.044882346947716,44.10274887084961,7451400.0
2016-10-06,SBUX,44.061408767154404,44.21020927631179,43.83820800341834,43.929141998291016,6130300.0
2016-10-07,SBUX,44.119275739521875,44.31767747162119,43.81340942462862,44.19367599487305,7279700.0
2016-10-10,SBUX,44.25153078724494,44.30939728680126,44.03659852510545,44.061397552490234,7224300.0
2016-10-11,SBUX,43.92087518177742,44.144075937773216,43.598475140946285,43.74727249145508,9720400.0
2016-10-12,SBUX,43.821673423156426,44.20194313565217,43.63154014365278,43.945674896240234,6320500.0
2016-10-13,SBUX,43.71420913950886,43.920876160388836,43.54060644531844,43.77207565307617,6958100.0
2016-10-14,SBUX,43.91260763107077,44.119274651562336,43.780340864095706,43.87954330444336,6430100.0
2016-10-17,SBUX,43.763805996362876,43.93740868575376,43.557138981196566,43.61500549316406,5223500.0
2016-10-18,SBUX,44.011822119823755,44.07795394467089,43.474486458052596,43.49102020263672,6550400.0
2016-10-19,SBUX,43.73900672624798,44.425142726550284,43.730741433221084,43.937408447265625,9095300.0
2016-10-20,SBUX,44.11101795813288,44.42515277350034,43.73901661802523,44.301151275634766,9286800.0
2016-10-21,SBUX,44.160610550684055,44.39207977439033,44.020078480477295,44.33421325683594,6767200.0
2016-10-24,SBUX,44.55740573801076,45.02033779226269,44.549137292191624,44.78887176513672,6919700.0
2016-10-25,SBUX,44.7227427719118,44.78060928640409,44.22674317526683,44.36727523803711,6052800.0
2016-10-26,SBUX,44.309411068249275,44.50781280949913,44.111012480488114,44.33421325683594,5817800.0
2016-10-27,SBUX,44.3094165705309,44.49955304152188,43.92088464063099,44.301151275634766,7900000.0
2016-10-28,SBUX,44.35074740066237,44.50781321352313,43.90434584391447,44.25154495239258,6620300.0
2016-10-31,SBUX,44.3920786538004,44.3920786538004,43.86301156180763,43.87127685546875,9142500.0
2016-11-01,SBUX,43.9291487917936,43.98701531502717,43.06114778980097,43.400081634521484,15425800.0
2016-11-02,SBUX,43.26781923316487,44.193686852286994,43.24302019311809,43.7968864440918,10851700.0
2016-11-03,SBUX,43.80515187280935,43.81341716775862,42.44114800147405,42.79661560058594,21847300.0
2016-11-04,SBUX,42.51554864303372,44.42515344896146,42.02781424602997,43.60675048828125,21956800.0
2016-11-07,SBUX,44.226736630550604,45.20220509262497,43.97046842323003,45.04513931274414,14916800.0
2016-11-08,SBUX,44.97074214168805,45.29314216917614,44.739272948667455,45.15260696411133,9352000.0
2016-11-09,SBUX,43.978742158058246,45.317943554674045,43.64807366713384,45.119544982910156,13727800.0
2016-11-10,SBUX,45.16914927155173,45.317949797617445,44.23501333647009,44.28461456298828,13621700.0
2016-11-11,SBUX,44.16887649396551,44.63181176164407,44.02007598483628,44.582210540771484,8436400.0
2016-11-14,SBUX,44.58220689137184,45.02860838221811,44.22673938793739,44.82194137573242,10489800.0
2016-11-15,SBUX,44.92160054910075,45.41989767811727,44.7638071974679,45.336849212646484,9588000.0
2016-11-16,SBUX,45.12093223459421,46.10922315278639,45.062794492962524,46.042781829833984,10779200.0
2016-11-17,SBUX,45.860070590865554,46.42480911509217,45.727191124464966,46.38328170776367,8744500.0
2016-11-18,SBUX,46.27531688843752,46.60751395293978,46.02616512994056,46.31684112548828,8741000.0
2016-11-21,SBUX,46.10090685420226,46.64073140303508,46.10090685420226,46.59090042114258,8004000.0
2016-11-22,SBUX,46.77361387509064,47.46292824603759,46.408196155226065,47.438011169433594,10268700.0
2016-11-23,SBUX,47.263611526497314,47.86987430757774,47.255307945648084,47.82835006713867,8183600.0
2016-11-25,SBUX,47.91969976207747,47.91969976207747,47.55427888498952,47.695465087890625,3228800.0
2016-11-28,SBUX,47.33835642652621,48.052584767225376,47.13903563708365,47.82835006713867,8750900.0
2016-11-29,SBUX,47.86988440557955,48.34326781625583,47.75361524058497,48.3100471496582,10582900.0
2016-11-30,SBUX,48.32664726337964,48.376478252738394,48.05258474214768,48.14393997192383,9528000.0
2016-12-01,SBUX,47.620715459088544,48.60070252963057,47.50444634361675,48.5923957824707,12381600.0
2016-12-02,SBUX,47.04767604552119,47.96122186135626,46.98123473697524,47.512752532958984,16870000.0
2016-12-05,SBUX,47.30513549135522,48.035974157591724,47.30513549135522,47.753604888916016,7701200.0
2016-12-06,SBUX,47.886472467657555,47.9196931188048,47.45461350703033,47.70376205444336,7035700.0
2016-12-07,SBUX,47.78682126396493,48.87477083283358,47.71207637107275,48.800025939941406,9094800.0
2016-12-08,SBUX,48.999340541951064,49.20696486628137,48.50934700980772,48.70866775512695,7972500.0
2016-12-09,SBUX,48.9329082044218,48.9578252822126,48.52596622829603,48.791725158691406,7091300.0
2016-12-12,SBUX,48.61732792135753,48.82495231135161,48.45122777574291,48.80834197998047,7736200.0
2016-12-13,SBUX,48.991046486564485,49.44781945526647,48.716980804485466,49.256805419921875,8878100.0
2016-12-14,SBUX,49.02426343076328,49.20697388344623,48.66714927402642,48.791725158691406,9022900.0
2016-12-15,SBUX,48.14393632125698,48.343253927385156,47.770211849646365,47.92800521850586,11837800.0
2016-12-16,SBUX,48.17715507537982,48.22698606226858,47.803433762051256,47.88648223876953,10611500.0
2016-12-19,SBUX,47.70377077645902,48.15224014465667,47.70377077645902,47.878177642822266,6433800.0
2016-12-20,SBUX,48.01105584347102,48.218680193509755,47.6041107234328,47.919700622558594,4888300.0
2016-12-21,SBUX,47.75359303116423,48.06087613403711,47.678848150130754,47.70376205444336,5380500.0
2016-12-22,SBUX,47.59580285748228,47.670547743489436,47.105809308790015,47.42970275878906,6777700.0
2016-12-23,SBUX,47.57919439915952,47.63732896077061,47.246994188728124,47.34665298461914,4298500.0
2016-12-27,SBUX,47.330049597619684,47.6622466664314,47.18055980782072,47.222084045410156,4186200.0
2016-12-28,SBUX,47.17226275935321,47.25531441970602,46.7154897157519,46.79853820800781,5548700.0
2016-12-29,SBUX,46.798523067374,46.898185027553936,46.624119389202924,46.77360916137695,3780900.0
2016-12-30,SBUX,46.74039526261944,46.881581475896446,46.00955979092597,46.10921859741211,8344500.0
2017-01-03,SBUX,46.43311640521656,46.46633706649478,45.710584446946676,45.96803665161133,7809300.0
2017-01-04,SBUX,46.142439523004064,46.673957384805426,45.99294972836039,46.49955368041992,7796300.0
2017-01-05,SBUX,46.5742868338309,46.94800805810829,46.35005219840713,46.88987350463867,7602300.0
2017-01-06,SBUX,47.03107464186354,47.56259253869526,46.57430164727981,47.44632339477539,8587800.0
2017-01-09,SBUX,47.554279906922844,48.4512186229453,47.545976326854266,48.3349494934082,12640500.0
2017-01-10,SBUX,48.35156406224009,48.38478155352385,48.027670553524125,48.06919479370117,6671800.0
2017-01-11,SBUX,48.00275112229053,48.2685100481143,47.82834742123674,48.25189971923828,6028000.0
2017-01-12,SBUX,48.16884219892749,48.27680773230223,47.86986267148711,48.193756103515625,4733000.0
2017-01-13,SBUX,48.193763162079634,48.251897726696924,47.878176430756106,48.044273376464844,4745600.0
2017-01-17,SBUX,47.853252461711236,48.37646663600001,47.67884879298022,48.16884231567383,5734700.0
2017-01-18,SBUX,48.43461789470831,48.65054903644404,48.19377283973262,48.54258346557617,7375700.0
2017-01-19,SBUX,48.42630614193932,48.542575274903285,47.936312532951014,48.07749557495117,7850500.0
2017-01-20,SBUX,48.28512062959064,48.334951616479394,47.67885787887752,47.88648223876953,7651600.0
2017-01-23,SBUX,47.68715895688279,48.08580049488112,47.46292744789093,47.96952819824219,6814400.0
2017-01-24,SBUX,48.11071514104827,48.58409841057541,47.969528934154525,48.53426742553711,10704100.0
2017-01-25,SBUX,48.72527366227819,48.941204728171975,48.5425664158631,48.75019073486328,7117600.0
2017-01-26,SBUX,48.75020504553929,48.99935366785823,48.384784109248,48.55088424682617,12382400.0
2017-01-27,SBUX,46.30022648575902,46.9978443747795,46.217178019390644,46.60750961303711,28884900.0
2017-01-30,SBUX,46.5078569795651,46.707177760582766,46.1590495729046,46.424808502197266,13322000.0
2017-01-31,SBUX,46.34175613874625,46.399890705622305,45.577700020891676,45.860069274902344,14308000.0
2017-02-01,SBUX,46.08430014009465,46.0926037197756,44.6890643145889,44.76380920410156,18796900.0
2017-02-02,SBUX,44.88007779924282,45.170750606090564,44.72228127430034,44.7388916015625,15289700.0
2017-02-03,SBUX,45.02125966174429,45.760401781221525,44.85515956152452,45.7271842956543,14161700.0
2017-02-06,SBUX,45.68565979547991,46.300229254888244,45.59430774424947,46.28361892700195,13029800.0
2017-02-07,SBUX,46.54223961325559,46.58395096714632,46.033352821620625,46.08340835571289,9910500.0
2017-02-08,SBUX,46.04168588655874,46.300301327918056,45.96660418954291,46.066715240478516,11681900.0
2017-02-09,SBUX,46.075065004184744,46.81753793685926,46.0583798258539,46.55892562866211,11106800.0
2017-02-10,SBUX,46.4921839251215,47.0511262489968,46.35036468588843,46.900962829589844,11179000.0
2017-02-13,SBUX,47.13454180802099,47.26802002920901,46.74244814099352,46.80918884277344,8027900.0
2017-02-14,SBUX,46.73410335902041,47.22630485647789,46.73410335902041,47.20127868652344,8865900.0
2017-02-15,SBUX,47.184589006731585,47.4515454019924,46.97602912403587,47.43486022949219,6967200.0
2017-02-16,SBUX,47.51829841783586,47.543327775940455,47.159575047935505,47.32642364501953,8524500.0
2017-02-17,SBUX,47.38481201233044,48.02717693188371,47.30973031569768,47.84364318847656,11008400.0
2017-02-21,SBUX,47.893699440836855,48.2273965825759,47.88535844436069,48.00215148925781,8289200.0
2017-02-22,SBUX,47.985475991875134,48.26077348431714,47.843653564202484,48.02718734741211,7876600.0
2017-02-23,SBUX,48.05220475247287,48.210712329899714,47.87701518177443,48.085575103759766,7178600.0
2017-02-24,SBUX,48.06054707805238,48.14396977068063,47.676797600167696,47.95209503173828,7806200.0
2017-02-27,SBUX,47.751886261149075,47.80193861107752,47.26802566269279,47.368133544921875,7702400.0
2017-02-28,SBUX,47.309728573829105,47.601714353260185,47.17625036054884,47.443206787109375,8750700.0
2017-03-01,SBUX,47.77690143902439,47.88535347619331,47.501600848296704,47.66844940185547,7198000.0
2017-03-02,SBUX,47.610064007566486,47.71017189013918,47.4265302375397,47.65177536010742,6595400.0
2017-03-03,SBUX,47.3014034496769,47.76857576173074,47.3014034496769,47.63509750366211,7735900.0
2017-03-06,SBUX,47.3681288121831,47.39315816701874,46.99272349573922,47.284706115722656,9160000.0
2017-03-07,SBUX,47.201289358457736,47.343108596759556,46.73411392532908,46.88427734375,10890300.0
2017-03-08,SBUX,46.84255692294015,47.009402304558364,46.333670234838245,46.500518798828125,13061600.0
2017-03-09,SBUX,46.50887008719476,46.55058144182988,45.724685799988485,46.04169464111328,17844200.0
2017-03-10,SBUX,46.208547127876656,46.216891308928794,45.39933341394159,45.4911003112793,13886400.0
2017-03-13,SBUX,45.52446457858757,45.783080056260715,45.382645343406054,45.574520111083984,9090200.0
2017-03-14,SBUX,45.566163939423795,45.66627497807023,45.20744067353584,45.2741813659668,7892900.0
2017-03-15,SBUX,45.37430199714784,45.59120612624533,45.124030694811886,45.49943923950195,8712000.0
2017-03-16,SBUX,45.758058100030226,45.874854361413234,45.59955366171237,45.716346740722656,8074300.0
2017-03-17,SBUX,45.91655040626271,46.82587173832353,45.84146871160185,46.53388595581055,15822100.0
2017-03-20,SBUX,46.608977981282266,46.7591414038875,46.308651136071816,46.55892562866211,7948400.0
2017-03-21,SBUX,46.759143946181545,47.09284116619679,46.291971657007245,46.333683013916016,8030600.0
2017-03-22,SBUX,46.450455154342805,46.75078188054645,46.30863278591504,46.62564468383789,8452100.0
2017-03-23,SBUX,46.842559607765374,47.07614570131642,46.53388863286224,46.59228515625,7357200.0
2017-03-24,SBUX,46.80919707459573,47.868682033883346,46.63400747517249,47.393165588378906,15763000.0
2017-03-27,SBUX,47.26802530259843,47.927075485527936,47.101176711906234,47.7435417175293,8861800.0
2017-03-28,SBUX,47.63508327364907,47.98546558539256,47.57668675208712,47.84364318847656,8331600.0
2017-03-29,SBUX,47.69348051931907,48.26076375085237,47.660113351042604,48.00215148925781,7001600.0
2017-03-30,SBUX,47.92707303340756,48.63617552960398,47.90204367754241,48.51938247680664,8677900.0
2017-03-31,SBUX,48.477671825608766,48.93650304637125,48.43596047506164,48.71125793457031,9156700.0
2017-04-03,SBUX,48.61950482428308,48.77801245657662,48.294151742545964,48.75298309326172,8989000.0
2017-04-04,SBUX,48.69456626441848,48.727936613355034,48.3942394887327,48.652854919433594,6474800.0
2017-04-05,SBUX,48.352534818667216,49.44539002941764,48.22740076643819,48.56943893432617,13656200.0
2017-04-06,SBUX,48.49435704035373,48.686231798918705,48.160659870970775,48.31916427612305,9112500.0
2017-04-07,SBUX,48.21906173829618,48.59447029983376,48.0105017799278,48.40259552001953,6773800.0
2017-04-10,SBUX,48.38591149046704,48.56110109588727,48.16066634819568,48.344200134277344,5266300.0
2017-04-11,SBUX,48.16899645359356,48.519375562051174,47.868669684988994,48.285789489746094,5855100.0
2017-04-12,SBUX,48.28579756386387,48.302482740728756,47.95210039131034,48.035526275634766,5450300.0
2017-04-13,SBUX,48.06054149641461,48.21070487160321,47.927063294288224,47.977115631103516,4871700.0
2017-04-17,SBUX,48.11895097642663,48.5944673985263,48.11895097642663,48.4526481628418,5626000.0
2017-04-18,SBUX,48.043866168460134,48.78633901883326,48.043866168460134,48.677886962890625,5449300.0
2017-04-19,SBUX,48.88644204009517,49.62891799909983,48.80301934834582,49.253509521484375,12000600.0
2017-04-20,SBUX,49.81246086004712,50.338032858513934,49.68732679151763,50.121131896972656,12445900.0
2017-04-21,SBUX,50.22123240667769,50.63000809244637,50.179521056632,50.563270568847656,8800000.0
2017-04-24,SBUX,50.88861795722995,51.205629910978395,50.79685108779974,50.980384826660156,10721300.0
2017-04-25,SBUX,50.59663904215682,51.063811237108325,49.98764126110035,50.85525131225586,11031500.0
2017-04-26,SBUX,51.080507569583865,51.51431268990992,50.87194759917937,51.35580825805664,8525400.0
2017-04-27,SBUX,51.41418992157524,51.672802173344444,51.04712244313378,51.13888931274414,15285300.0
2017-04-28,SBUX,49.562181690217145,50.20454665717979,49.21180253498588,50.10443878173828,25046100.0
2017-05-01,SBUX,50.05437686749334,50.554919363219646,49.854157959779876,50.20454025268555,10910300.0
2017-05-02,SBUX,50.17952916097119,50.48819702000777,50.087762266626456,50.47151184082031,9152100.0
2017-05-03,SBUX,50.48819998769724,50.61333406539972,50.27129582788327,50.54659652709961,7706400.0
2017-05-04,SBUX,50.59664368412846,50.763489093420084,50.37973956025384,50.74680709838867,6874300.0
2017-05-05,SBUX,50.84690856933594,50.8802789199356,50.5382407822186,50.84690856933594,6443300.0
2017-05-08,SBUX,50.94701023207215,50.94701023207215,50.63834248255869,50.838558197021484,5588400.0
2017-05-09,SBUX,50.74642103130041,51.165259092520856,50.738042480606744,51.08148956298828,5806600.0
2017-05-10,SBUX,50.9977243744605,51.081490710393844,50.436479698168256,50.81343460083008,7198400.0
2017-05-11,SBUX,50.63753354774314,50.687792081204336,50.28570783610711,50.486751556396484,5516900.0
2017-05-12,SBUX,50.495124042610264,50.54538576869539,50.118172281156525,50.20193862915039,5647500.0
2017-05-15,SBUX,50.61239881943072,50.67103909831246,50.36947512912127,50.63753128051758,5904100.0
2017-05-16,SBUX,50.83019419400945,50.84694810216673,50.16005384512454,50.24382019042969,6303500.0
2017-05-17,SBUX,50.235452301627326,50.52863774925881,49.88362656898783,50.03440856933594,7581200.0
2017-05-18,SBUX,50.03439600606076,50.21030723046962,49.31399400650346,50.10978698730469,8602400.0
2017-05-19,SBUX,50.210312683076666,51.868911255078224,50.210312683076666,51.39981460571289,12531000.0
2017-05-22,SBUX,51.12336914693702,51.70136767601885,51.12336914693702,51.2909049987793,6391600.0
2017-05-23,SBUX,51.43332271723976,51.517089063540816,50.980976778059016,51.22390365600586,5622500.0
2017-05-24,SBUX,51.433320961044366,51.93592541265175,51.04798747296545,51.843780517578125,7249300.0
2017-05-25,SBUX,51.94429632703942,52.86574200350157,51.85215463532601,52.6898307800293,8931800.0
2017-05-26,SBUX,52.78197548102055,53.12542259211074,52.74847086188769,53.02490234375,6098000.0
2017-05-30,SBUX,52.83222911175436,53.11703910139241,52.78196739753096,52.99138641357422,7094600.0
2017-05-31,SBUX,52.99977780148165,53.28458786010742,52.84062046111013,53.28458786010742,7314600.0
2017-06-01,SBUX,53.20081558366255,53.46049636349255,53.06678751563315,53.401859283447266,6058300.0
2017-06-02,SBUX,53.51074976287959,54.18088999877587,53.359967810367834,54.0887451171875,7840400.0
2017-06-05,SBUX,54.323301864009494,54.340058967433315,53.76206032759721,53.83744812011719,6808900.0
2017-06-06,SBUX,53.79555881259802,53.9044544021152,53.65315541300756,53.74530029296875,5448400.0
2017-06-07,SBUX,53.72017375143716,53.86258356613712,53.058411965419594,53.192440032958984,8365000.0
2017-06-08,SBUX,53.14217167391801,53.2594490144176,51.95267312246358,52.136962890625,11289300.0
2017-06-09,SBUX,52.24587095130818,52.338015857375424,51.82703279317091,52.095088958740234,11240500.0
2017-06-12,SBUX,51.76838853545409,51.927549058606736,50.78830891500956,51.3411750793457,11071600.0
2017-06-13,SBUX,51.19876297299282,51.31603711717208,50.754795657033974,51.031227111816406,9384900.0
2017-06-14,SBUX,50.821820162903414,50.94747288751947,50.14330439732501,50.486751556396484,9703300.0
2017-06-15,SBUX,50.19355758378747,50.49512153435589,49.850110461302584,50.33596420288086,7516000.0
2017-06-16,SBUX,50.16844191115081,50.394614935350944,49.81661933716086,50.37786102294922,11522400.0
2017-06-19,SBUX,50.55375613588138,51.09824693054683,50.35271564234532,51.01448059082031,6778000.0
2017-06-20,SBUX,51.08149557561424,51.0982494834928,50.00927103523591,50.1432991027832,6985700.0
2017-06-21,SBUX,50.260570038949865,50.520250801190926,50.01764318351284,50.2270622253418,6027600.0
2017-06-22,SBUX,50.335966680532174,50.34434203713524,49.757971210479894,49.85011291503906,5602000.0
2017-06-23,SBUX,50.05953879573645,50.402985981884996,49.90875998798406,50.10142517089844,6469500.0
2017-06-26,SBUX,50.277321269859286,50.38622006054913,49.69932589554699,49.95900344848633,5674600.0
2017-06-27,SBUX,49.875238926052226,50.00088843173764,49.263735717703256,49.38938522338867,5652400.0
2017-06-28,SBUX,49.47315681515992,49.63231414051158,49.25535921680389,49.57367706298828,5419200.0
2017-06-29,SBUX,49.56529927753085,49.573677829009966,48.55171184127329,48.886783599853516,7421200.0
2017-06-30,SBUX,49.15483750950923,49.3810104570185,48.82814431715616,48.84489822387695,8117100.0
2017-07-03,SBUX,49.3391304060551,49.414521393322694,48.794639587402344,48.794639587402344,4575300.0
2017-07-05,SBUX,48.94542062982251,49.00405770819383,48.417683728999556,48.53495788574219,7773600.0
2017-07-06,SBUX,48.41769613935195,48.518216414399255,48.08262749070029,48.250160217285156,8886600.0
2017-07-07,SBUX,48.40930198589647,48.88677710133985,48.19988296349216,48.61872100830078,7278300.0
2017-07-10,SBUX,48.73599516673608,48.87839856819044,48.375794192435336,48.426055908203125,4832100.0
2017-07-11,SBUX,48.50984020173893,48.65224685140582,48.19152227496754,48.50146484375,5422300.0
2017-07-12,SBUX,48.761124863301404,49.17996291200624,48.60196755516663,49.037559509277344,7141900.0
2017-07-13,SBUX,49.25536406470896,49.31400114800355,48.685743945148886,48.903541564941406,8460200.0
2017-07-14,SBUX,48.92029060571958,49.355879410996145,48.81976716251939,49.22185134887695,5441400.0
2017-07-17,SBUX,49.19672476476805,49.31399892607324,48.81976982094336,48.861656188964844,6774500.0
2017-07-18,SBUX,48.685744108902966,49.071077623182404,48.325543055749584,48.76113510131836,7857500.0
2017-07-19,SBUX,48.71088361615115,48.92867807269922,48.50146451753568,48.67737579345703,8203600.0
2017-07-20,SBUX,48.928669430909075,49.288870472547465,48.585222297658675,48.6103515625,10546700.0
2017-07-21,SBUX,48.51820065288946,48.80301066923572,48.44281286770573,48.56846237182617,6717200.0
2017-07-24,SBUX,48.58522820627373,48.79464729336974,48.526591117525385,48.60198211669922,7442600.0
2017-07-25,SBUX,48.76952029706977,49.288878762523794,48.56847655808141,49.04595184326172,7933100.0
2017-07-26,SBUX,49.25535992913962,49.28886774406069,48.40092982153902,48.53495788574219,8775900.0
2017-07-27,SBUX,48.79464054909073,49.97576390924089,48.52658441029646,49.84173583984375,23286700.0
2017-07-28,SBUX,46.26485361536228,46.87635682450168,44.74028327027918,45.23451232910156,53454800.0
2017-07-31,SBUX,45.63660780366843,45.80414371511105,45.192640354504945,45.217769622802734,20299400.0
2017-08-01,SBUX,45.711980265079944,45.8962700124744,45.20937593007016,45.84600830078125,18120900.0
2017-08-02,SBUX,45.86277204751173,46.44914602785468,45.795756417538314,46.43239212036133,14764900.0
2017-08-03,SBUX,46.60830355571918,47.010387750840856,46.49102939824384,46.64181137084961,13331500.0
2017-08-04,SBUX,46.884739771863075,46.95175220883611,46.1475837922723,46.44076919555664,9179800.0
2017-08-07,SBUX,46.57479734961368,46.85123204076798,46.42401537179883,46.59992980957031,7253900.0
2017-08-08,SBUX,46.7429745111996,46.76822042489175,45.74164100551864,45.87627410888672,11095300.0
2017-08-09,SBUX,45.80054486834115,45.80054486834115,44.84969672703471,45.219940185546875,16717700.0
2017-08-10,SBUX,45.034807347992405,45.228342194519804,44.58883588468605,44.656150817871094,13235300.0
2017-08-11,SBUX,44.63932406263801,44.933836142146454,44.63932406263801,44.748714447021484,9235000.0
2017-08-14,SBUX,45.10211923466458,45.10211923466458,44.748708637027,44.78236770629883,7426500.0
2017-08-15,SBUX,44.94224249151051,44.95065565369245,44.50468423022466,44.72346496582031,6674600.0
2017-08-16,SBUX,44.81603504017526,45.3713969857308,44.80762187565599,45.01798629760742,7667100.0
2017-08-17,SBUX,44.86651988637661,45.25358961985995,44.5888405418885,44.63091278076172,7451700.0
2017-08-18,SBUX,44.52994044327401,44.672989923031636,44.24384790357159,44.34482192993164,10370500.0
2017-08-21,SBUX,44.71504859373293,45.03480332503903,44.428952930965465,44.72346496582031,12753200.0
2017-08-22,SBUX,45.00956527021473,46.061387196225574,44.92541759019039,45.81736373901367,14547600.0
2017-08-23,SBUX,45.40506903265466,45.52287262901065,45.14421912926847,45.506046295166016,11838500.0
2017-08-24,SBUX,45.65748791564713,45.817366913818915,45.245175489627904,45.388221740722656,8716700.0
2017-08-25,SBUX,45.96041959229758,46.01932137568037,45.598592517285354,45.741641998291016,8601100.0
2017-08-28,SBUX,45.893094984842186,45.926754056807006,45.455536679016866,45.775291442871094,6643700.0
2017-08-29,SBUX,45.472379882194794,45.68274433034347,45.43872080011339,45.522865295410156,6212400.0
2017-08-30,SBUX,45.472374798782475,45.96041859477688,45.472374798782475,45.87627410888672,5596600.0
2017-08-31,SBUX,46.010913739793295,46.27176681891005,45.91835286623874,46.162376403808594,8245300.0
2017-09-01,SBUX,46.19603262378739,46.414810230524175,46.17920308328353,46.221275329589844,7696300.0
2017-09-05,SBUX,46.23809426487722,46.44845865806601,45.94358218846937,46.389556884765625,9160500.0
2017-09-06,SBUX,46.381156140810326,46.515789269422996,45.54811466061534,45.69957733154297,11372300.0
2017-09-07,SBUX,45.7921383438405,46.0109192000066,44.80763412081468,44.99275588989258,13801900.0
2017-09-08,SBUX,44.92543099969294,45.25359902497616,44.63933522202687,45.009578704833984,11774500.0
2017-09-11,SBUX,45.262012438464446,45.5481081974082,45.110549789029136,45.45554733276367,9314100.0
2017-09-12,SBUX,45.42188358218184,45.48078536091576,44.87493803538027,45.05164337158203,10339400.0
2017-09-13,SBUX,45.060055385373865,46.0445624803328,45.00956998198004,45.682735443115234,12787900.0
2017-09-14,SBUX,45.75846498815162,46.03614432579519,45.52285467843824,45.884681701660156,8260800.0
2017-09-15,SBUX,45.80895231252193,46.103464409549936,45.573345202824434,46.00248718261719,10744800.0
2017-09-18,SBUX,46.11188612658496,46.254935619653544,45.91835122059184,46.019325256347656,6348400.0
2017-09-19,SBUX,46.145536592384126,46.17919566798697,45.909929482976466,45.96041488647461,5187100.0
2017-09-20,SBUX,45.92675298477151,46.4316262128358,45.92675298477151,46.4063835144043,7080000.0
2017-09-21,SBUX,46.32223710554856,46.42321111194667,46.16236132792608,46.288578033447266,7178500.0
2017-09-22,SBUX,46.3222445479791,46.448464483685385,46.16236874466994,46.35590362548828,6950000.0
2017-09-25,SBUX,46.26333321310239,46.46528442654472,46.02772613900771,46.23809051513672,10242700.0
2017-09-26,SBUX,46.330655111465234,46.46528819470982,46.11187434500159,46.389556884765625,8021900.0
2017-09-27,SBUX,46.490532783954045,46.78504166242392,46.246509307561276,46.27175521850586,8671300.0
2017-09-28,SBUX,46.12029670151175,46.347490660818465,45.81737142243613,45.85944366455078,7607500.0
2017-09-29,SBUX,45.69957880443741,45.8342119373893,44.9001931732012,45.1947021484375,11944400.0
2017-10-02,SBUX,45.32092280825345,45.472385486379856,45.22836192607541,45.27885055541992,5956000.0
2017-10-03,SBUX,45.4387262769326,45.724822089294754,45.35458177149372,45.43031311035156,6137100.0
2017-10-04,SBUX,45.5396861277048,45.607004278994076,45.17785908929025,45.37981033325195,5569100.0
2017-10-05,SBUX,45.48919977009045,46.25492607046256,45.371393007805004,45.94358444213867,7994300.0
2017-10-06,SBUX,45.867855843697676,46.65882810204966,45.64907826345737,46.4232177734375,10576300.0
2017-10-09,SBUX,46.591517460271206,46.69249470734566,46.24651989086707,46.2970085144043,5822900.0
2017-10-10,SBUX,46.364313075461645,46.995406283620774,46.34748674796139,46.63357925415039,6573900.0
2017-10-11,SBUX,46.66724386772396,46.953339617774645,46.49895168359301,46.81870651245117,8881900.0
2017-10-12,SBUX,46.843942297251715,47.3488187750689,46.54102026244855,47.09638214111328,7234300.0
2017-10-13,SBUX,47.12163160595739,47.48345867686707,46.79346361371521,46.886024475097656,6231100.0
2017-10-16,SBUX,46.843947494861574,46.95333789201202,46.187611531771466,46.20444107055664,7256900.0
2017-10-17,SBUX,46.1623594969733,46.473697876797125,45.6827289732238,45.86784744262695,11227300.0
2017-10-18,SBUX,45.82579291536894,46.64200804234037,45.62384483255362,46.456886291503906,8299500.0
2017-10-19,SBUX,46.34749403289405,46.73456382436077,46.196031382336365,46.61676025390625,5720200.0
2017-10-20,SBUX,46.54101491573906,46.6167462182162,45.590167053505084,45.9183349609375,11741100.0
2017-10-23,SBUX,46.086637654717464,46.22968391998434,45.590177493656945,45.66590881347656,10111100.0
2017-10-24,SBUX,45.75005535887597,45.90993438009036,45.45554644070176,45.67432403564453,7818500.0
2017-10-25,SBUX,45.64066333558735,45.76688005434287,45.152616368662194,45.57334518432617,8281200.0
2017-10-26,SBUX,45.859443550226416,46.91126565000225,45.859443550226416,46.20444107055664,12211400.0
2017-10-27,SBUX,46.137126975964534,46.3811472680828,46.010907037701756,46.17919921875,9922600.0
2017-10-30,SBUX,46.10346617230984,46.4737063888343,45.77529819699625,46.4232177734375,6430900.0
2017-10-31,SBUX,46.414804525228334,46.54102445853898,46.02773477093819,46.145538330078125,8857800.0
2017-11-01,SBUX,46.36431097484695,46.77662659785558,46.229677891602364,46.389556884765625,7189800.0
2017-11-02,SBUX,46.40639050572876,46.608338543416544,46.08663570116589,46.170780181884766,16879000.0
2017-11-03,SBUX,45.5733484882364,47.91259984574581,45.480787628495,47.146873474121094,28773800.0
2017-11-06,SBUX,47.11322112476161,47.70223898546077,46.810295819312564,47.60126495361328,10835700.0
2017-11-07,SBUX,47.399304299176826,48.20710275919329,47.399304299176826,48.14820098876953,11167400.0
2017-11-08,SBUX,47.988329528634225,48.81295765378544,47.963086825895864,48.72881317138672,13533700.0
2017-11-09,SBUX,48.131380995758526,48.5184507666876,47.786383467772815,48.266014099121094,14778900.0
2017-11-10,SBUX,48.266023767989985,48.29126647683145,47.57602857379559,47.99675750732422,7930300.0
2017-11-13,SBUX,47.803198053753654,48.08087733824486,47.58441732303416,47.66014862060547,7648200.0
2017-11-14,SBUX,47.51712783580112,47.96309948808143,47.466639207089216,47.904197692871094,7758200.0
2017-11-15,SBUX,48.064906911829574,48.26792800292684,47.80267200810202,47.96339797973633,8880500.0
2017-11-16,SBUX,48.14950444313611,48.57246215564537,48.005700369800365,48.42020034790039,8310200.0
2017-11-17,SBUX,48.42020539926787,48.580928185100504,48.081837903196266,48.1579704284668,6310800.0
2017-11-20,SBUX,47.93802664680466,48.25947541895417,47.86189735470456,48.05645751953125,6360100.0
2017-11-21,SBUX,48.18333314979977,48.69088424947418,48.115661605989594,48.43710708618164,6284300.0
2017-11-22,SBUX,48.276384181220166,48.36943537718823,48.04798667118327,48.33559799194336,7308500.0
2017-11-24,SBUX,48.37791070926698,48.37791070926698,47.97187161934902,48.048004150390625,3479000.0
2017-11-27,SBUX,48.0733716814683,48.14950096638806,47.15978153949883,47.295127868652344,10580300.0
2017-11-28,SBUX,47.39663406304782,47.98031769557407,47.29512512879097,47.929561614990234,9734400.0
2017-11-29,SBUX,47.971862218671866,48.7924012005576,47.96340448439657,48.64859390258789,10017900.0
2017-11-30,SBUX,48.758562608225546,49.1815203036153,48.61475854071037,48.91082763671875,11509200.0
2017-12-01,SBUX,48.64013428905743,48.817775744176195,47.76038152050103,48.48786926269531,12756400.0
2017-12-04,SBUX,48.67396398859686,50.06972220718337,48.64012660432662,49.70597839355469,13302100.0
2017-12-05,SBUX,50.12048080678211,50.484224638722594,49.8328694798271,50.19661331176758,11295600.0
2017-12-06,SBUX,50.2304560532993,50.61111861881277,50.10356745582445,50.1458625793457,8458200.0
2017-12-07,SBUX,50.010524234636264,50.14587058766581,49.70599413359188,50.027442932128906,6033800.0
2017-12-08,SBUX,49.502972857104254,49.78212327950437,49.14768668769975,49.579105377197266,9950500.0
2017-12-11,SBUX,49.39299705758035,50.205075023846675,49.30840681285256,49.96821975708008,10286600.0
2017-12-12,SBUX,49.900546322984994,50.213534088956024,49.79903416085044,50.13740158081055,6042900.0
2017-12-13,SBUX,50.28120324125112,50.66186576384259,50.1627756179806,50.32350158691406,7726300.0
2017-12-14,SBUX,50.526528468974256,50.797221149612334,50.28121221873622,50.50115203857422,8945900.0
2017-12-15,SBUX,50.12048091885709,50.22198985009445,49.19843312393164,49.30840301513672,22595000.0
2017-12-18,SBUX,49.43529564976928,49.73136798091961,48.970042817288736,49.088470458984375,8751600.0
2017-12-19,SBUX,49.17305680558731,49.55371933219987,49.00387310188054,49.0715446472168,7945700.0
2017-12-20,SBUX,49.2491900126362,49.30840382574066,48.8008527073885,48.83469009399414,7188700.0
2017-12-21,SBUX,49.01233627643083,49.18998095984642,48.63167693446725,48.70780944824219,5974500.0
2017-12-22,SBUX,48.69934095693543,48.98695227262172,48.318678446922604,48.470943450927734,7148700.0
2017-12-26,SBUX,48.445567880533865,48.70780277581564,48.259465488597726,48.33559799194336,5546200.0
2017-12-27,SBUX,48.37790093267867,48.76702447209408,48.36944319845518,48.44557571411133,4812200.0
2017-12-28,SBUX,48.6147590877033,49.063093217249346,48.47095179165893,48.90237045288086,5044500.0
2017-12-29,SBUX,48.84315227075806,49.03771240822067,48.572456398080874,48.58091735839844,5365600.0
2018-01-02,SBUX,49.0208033250565,49.240739932768754,48.62322201186765,48.7501106262207,7216000.0
2018-01-03,SBUX,49.0038794934513,49.87517132485418,48.893909587661916,49.663692474365234,7478400.0
2018-01-04,SBUX,49.90054856381527,50.25583146650791,49.680608762891346,49.84979248046875,5775900.0
2018-01-05,SBUX,50.12047687043033,50.49267840617698,49.96821187241796,50.42500686645508,6047700.0
2018-01-08,SBUX,50.31504964987888,50.47577242072361,49.536808999163824,50.17124557495117,6335800.0
2018-01-09,SBUX,50.078186546060024,50.306584064930924,49.79057521417565,50.0612678527832,5233400.0
2018-01-10,SBUX,50.75491469094639,50.86488457631174,49.7905718281241,50.6026496887207,8656500.0
2018-01-11,SBUX,50.34888576320591,50.77184346965732,50.289671942455605,50.75492477416992,5806300.0
2018-01-12,SBUX,51.09329605102539,51.18634404279773,50.45885944390295,51.09329605102539,6989100.0
2018-01-16,SBUX,51.03407374067557,51.685425709342276,51.008694086310626,51.228633880615234,8040700.0
2018-01-17,SBUX,51.60083613938297,51.87998975266083,51.1947971602696,51.31322479248047,8433800.0
2018-01-18,SBUX,51.96458279795447,51.97304053203508,51.38090233905868,51.676971435546875,9170900.0
2018-01-19,SBUX,51.778478955306845,51.98995779752938,51.558542379236265,51.82077407836914,8361900.0
2018-01-22,SBUX,51.634666989068144,51.9984108001745,51.40626948719365,51.947654724121094,11945800.0
2018-01-23,SBUX,51.871517754558674,52.37060783189829,51.719252766427246,52.184505462646484,10806800.0
2018-01-24,SBUX,52.032246850282256,52.395990674621956,50.94947633703515,51.457027435302734,11911900.0
2018-01-25,SBUX,51.62621185559696,51.770019140521576,51.09328751799344,51.22017288208008,16225600.0
2018-01-26,SBUX,49.012335743892045,49.206895893222665,47.83651388707465,49.05463409423828,51851700.0
2018-01-29,SBUX,48.68243065678427,49.359162331849184,48.14104531673234,48.23409652709961,18899900.0
2018-01-30,SBUX,48.18333902075899,48.673971487534914,47.9972398324225,48.377899169921875,14341200.0
2018-01-31,SBUX,48.41174045697702,48.59784288720747,47.96340630441602,48.05645751953125,13118400.0
2018-02-01,SBUX,47.60811687205153,47.72654450973746,47.278210387951866,47.37126159667969,14690100.0
2018-02-02,SBUX,47.28668196449075,47.64196495730768,47.11749820399666,47.17671203613281,15358900.0
2018-02-05,SBUX,46.973676291701636,47.59119408287587,46.161598365793935,46.26310729980469,16060000.0
2018-02-06,SBUX,45.41718854791776,47.42201001101708,45.30722188894567,47.04134750366211,17415100.0
2018-02-07,SBUX,46.845738780849324,47.14341373631979,46.30141376391039,46.318424224853516,13927000.0
2018-02-08,SBUX,46.35244219726277,46.59908899862303,45.71456455234631,45.73157501220703,17736700.0
2018-02-09,SBUX,46.09729039672686,46.828723926592154,45.629514120124036,46.42048263549805,19382000.0
2018-02-12,SBUX,46.65862884409389,47.398566080804564,46.39497155542051,47.10089111328125,10969000.0
2018-02-13,SBUX,46.99032043663655,47.39005813738678,46.794705012383794,47.347530364990234,10416400.0
2018-02-14,SBUX,47.177427754841275,48.223546616664635,47.024336873168274,47.61968994140625,14190300.0
2018-02-15,SBUX,47.934374866973585,48.33411252590081,47.54314405940104,48.12148666381836,10294900.0
2018-02-16,SBUX,48.18102527247598,48.52122473076851,47.91736801565819,48.03643798828125,10151300.0
2018-02-20,SBUX,47.8748487298868,48.08747463125128,47.48361785003545,47.60268783569336,9450900.0
2018-02-21,SBUX,47.568665156272715,48.25757421924362,47.509130165642176,47.71324920654297,7851000.0
2018-02-22,SBUX,47.585681033172925,47.74727556264616,46.998831423858576,47.11790466308594,10172400.0
2018-02-23,SBUX,47.33052375501214,47.75577552911139,46.60759379239527,47.74726867675781,11394400.0
2018-02-26,SBUX,47.98541329252359,48.77638192872245,47.900364227208954,48.623291015625,8713800.0
2018-02-27,SBUX,48.72535886389581,49.02303386792508,48.10449153805319,48.11299514770508,8821400.0
2018-02-28,SBUX,48.3426293207494,49.261171608429784,48.33412571148811,48.563758850097656,11541100.0
2018-03-01,SBUX,48.47869311197539,48.954976177204514,47.48360570541622,47.77277374267578,11127600.0
2018-03-02,SBUX,47.390065532259534,48.6488105745736,47.35604460679899,48.41917419433594,11555100.0
2018-03-05,SBUX,48.33411914437098,48.835913132960385,48.206542311886935,48.47019958496094,7835400.0
2018-03-06,SBUX,48.69133088456029,48.69133088456029,48.08747410989141,48.50421905517578,8046800.0
2018-03-07,SBUX,48.155512710495216,48.62328903954274,48.155512710495216,48.50421905517578,7044100.0
2018-03-08,SBUX,48.72534995587416,49.15910534593348,48.589269515422835,48.878440856933594,7434700.0
2018-03-09,SBUX,49.04854128507331,49.86502721066299,49.04854128507331,49.72043991088867,9539600.0
2018-03-12,SBUX,49.89904603417532,50.758056510794965,49.73745151369688,50.51991653442383,10550300.0
2018-03-13,SBUX,50.775072981164236,51.625576705323056,50.08616379660647,50.22224426269531,10411400.0
2018-03-14,SBUX,50.41785742465713,50.79208112260142,49.93307058360574,50.035133361816406,6488500.0
2018-03-15,SBUX,50.12016823281406,51.08974164022276,50.02661233483372,50.494388580322266,7377000.0
2018-03-16,SBUX,50.50289881239538,50.73253514706128,50.12867519542278,50.17970657348633,13030900.0
2018-03-19,SBUX,49.92455326438765,50.052126835496566,49.159098860081414,49.5843505859375,9350600.0
2018-03-20,SBUX,49.7119322981696,50.16269813376604,49.7119322981696,49.89053726196289,5888400.0
2018-03-21,SBUX,49.96708282335871,50.6474850044111,49.66090103078175,49.72894287109375,6569100.0
2018-03-22,SBUX,49.35472019471471,49.9415697233317,49.11658023783452,49.13359069824219,6846500.0
2018-03-23,SBUX,49.14209910195786,49.26967594525865,47.89186096191406,47.89186096191406,9476800.0
2018-03-26,SBUX,48.44467653919678,49.32920092056962,48.09597024867273,49.15909957885742,8444900.0
2018-03-27,SBUX,49.41425970188697,49.754462452317945,48.597776994149285,48.869937896728516,7562900.0
2018-03-28,SBUX,48.90395696099219,49.41425782281965,48.665816991394536,49.24415969848633,9301900.0
2018-03-29,SBUX,48.699830973544124,49.448274992579904,48.33411743845228,49.23564910888672,12015200.0
2018-04-02,SBUX,48.920964674770175,49.09956964193746,47.10088759354876,47.83232116699219,16778300.0
2018-04-03,SBUX,48.095981235119886,49.371736722759216,48.01093216704286,49.3292121887207,10908200.0
2018-04-04,SBUX,48.69133598176934,50.154203358648104,48.65731505569912,50.035133361816406,7893100.0
2018-04-05,SBUX,50.17971616949176,50.40935254807166,50.060646175653446,50.29878616333008,6305100.0
2018-04-06,SBUX,49.9926019264102,50.2987837498251,49.40575559447422,49.61838150024414,8264500.0
2018-04-09,SBUX,49.78849151742594,50.49440796003964,49.686428728959484,49.9245719909668,8023800.0
2018-04-10,SBUX,50.27326905973248,50.59646134095532,50.069146765167055,50.528419494628906,6545000.0
2018-04-11,SBUX,50.341291816049754,50.78355394472209,50.17969734850926,50.53690719604492,5508000.0
2018-04-12,SBUX,50.74104466849253,51.13227554600493,50.536922376860886,50.54542922973633,6088200.0
2018-04-13,SBUX,50.179720145213494,50.647496548531784,50.145699217303076,50.38384246826172,6689800.0
2018-04-16,SBUX,50.290278798507096,50.76655873829132,50.04363197573955,50.54542922973633,6119200.0
2018-04-17,SBUX,50.81757828768491,51.030204138261,50.51990339464359,50.8856201171875,6139600.0
2018-04-18,SBUX,50.80056916420595,50.885621453317455,50.55392239240224,50.60495376586914,5914200.0
2018-04-19,SBUX,50.5369270587591,50.59646530116169,49.95008068812322,50.36682891845703,6280100.0
2018-04-20,SBUX,50.20522991868723,50.33280676521676,49.15911080815266,49.3292121887207,12037600.0
2018-04-23,SBUX,49.33771322969104,49.950076870096325,49.065552332713985,49.46529006958008,8444400.0
2018-04-24,SBUX,49.73744597544082,49.89053687017958,49.031529733624076,49.16761016845703,7793600.0
2018-04-25,SBUX,49.55884082049419,49.55884082049419,48.72534775482911,49.082557678222656,8367400.0
2018-04-26,SBUX,49.422763059473525,51.18330519294333,49.201630314009634,50.50290298461914,14516600.0
2018-04-27,SBUX,49.3887368181274,50.162694855058106,48.90395009413857,49.63538360595703,11975200.0
2018-04-30,SBUX,49.660906058910875,49.7629655852988,48.86993742947327,48.96349334716797,7854600.0
2018-05-01,SBUX,49.04855080414139,49.541844547512795,48.85293532658824,49.43978500366211,7257500.0
2018-05-02,SBUX,49.38023806943213,49.40575213812717,48.07896541095378,48.22355270385742,7299100.0
2018-05-03,SBUX,48.070457744542196,48.11298227024836,47.236964711930746,47.73876190185547,7152400.0
2018-05-04,SBUX,48.0874751951224,49.26967470146514,48.04495066323362,49.05704879760742,9279200.0
2018-05-07,SBUX,50.17119957446879,50.213724097773756,48.708332613003236,48.86142349243164,10630600.0
2018-05-08,SBUX,48.86143723335875,49.08256676337902,48.47870992715628,49.048545837402344,7234000.0
2018-05-09,SBUX,49.09984123003606,49.262280762610736,48.55267305570077,48.76641082763672,7015300.0
2018-05-10,SBUX,48.88609771256029,49.33067261730211,48.749305685053514,49.287925720214844,6565800.0
2018-05-11,SBUX,49.3477833417279,49.46747598556428,48.792063768053325,48.96305465698242,5843400.0
2018-05-14,SBUX,49.03998395696712,49.16822463464595,48.723653038371395,48.843345642089844,5871800.0
2018-05-15,SBUX,48.73220993281445,48.81770373340796,48.1764904448183,48.4244270324707,7415800.0
2018-05-16,SBUX,48.586866686714664,49.01434218487807,48.552667864130576,48.860450744628906,4843900.0
2018-05-17,SBUX,48.903194427490234,49.031435111681745,48.715104177021196,48.903194427490234,6110100.0
2018-05-18,SBUX,48.96304461389103,49.06563782165303,48.61251483110654,48.86899948120117,7786000.0
2018-05-21,SBUX,49.07419023398629,49.43326809971519,48.95449435069732,49.022891998291016,5379300.0
2018-05-22,SBUX,49.15968382615213,49.26227703573354,48.655262592089485,48.6980094909668,5355600.0
2018-05-23,SBUX,48.56121621289242,49.21952887514137,48.52701739011551,49.1511344909668,5339900.0
2018-05-24,SBUX,49.10838986094154,49.364877799267234,48.83480577068178,49.31357955932617,5681600.0
2018-05-25,SBUX,49.313570467280705,49.91203677740081,49.22807667785455,49.51875686645508,6783800.0
2018-05-29,SBUX,49.33067630428884,49.484567754408246,48.74075799170463,48.92884826660156,6475900.0
2018-05-30,SBUX,49.09984266573059,49.29648103029588,48.8604573978041,49.1425895690918,5762400.0
2018-05-31,SBUX,48.88610394232558,49.13404054295824,48.34748383852559,48.450077056884766,9433000.0
2018-06-01,SBUX,48.595415683440486,48.75785520172725,48.39877734192095,48.6552619934082,4967700.0
2018-06-04,SBUX,48.81770070896946,48.90319776564555,48.56121606169966,48.79205322265625,7484100.0
2018-06-05,SBUX,48.467171104153294,48.47572244054124,47.26169032241351,47.60367202758789,18278800.0
2018-06-06,SBUX,47.74046505779243,48.88609955434058,47.55237478986712,48.87754821777344,13709800.0
2018-06-07,SBUX,48.98014596888214,49.53586218924072,48.80915510824127,48.85190200805664,7919800.0
2018-06-08,SBUX,48.66380467487079,48.783500542919015,48.321826264584075,48.390220642089844,8433500.0
2018-06-11,SBUX,48.398776531481154,48.50992107443692,48.10809306162862,48.28763198852539,7181700.0
2018-06-12,SBUX,48.390225195126504,48.646713103698154,48.133740547934096,48.28763198852539,8249700.0
2018-06-13,SBUX,48.31327785146494,48.47572062295267,48.031145727446926,48.056793212890625,8283200.0
2018-06-14,SBUX,48.27053577497365,48.79205644026231,48.1422950735715,48.74930953979492,11049700.0
2018-06-15,SBUX,48.76640567473454,48.911745778831424,48.27053253077738,48.82625198364258,12408300.0
2018-06-18,SBUX,48.535574694626646,49.00579715080225,47.971307094939995,48.92030334472656,9676900.0
2018-06-19,SBUX,48.43296244087014,49.15966929105615,48.16792652798737,49.099822998046875,9965500.0
2018-06-20,SBUX,46.87697278137328,47.03086098679233,44.09838156394285,44.64554977416992,62091100.0
2018-06-21,SBUX,44.70538432372111,44.996067766548364,43.05532878963981,43.27761459350586,30723000.0
2018-06-22,SBUX,43.60249240280432,44.218058045073306,43.44860099223708,43.807682037353516,24429600.0
2018-06-25,SBUX,43.73929651798011,43.978681773430964,42.92709235092677,43.31182098388672,15578600.0
2018-06-26,SBUX,43.183578581068005,43.2861750611546,42.84160009825155,43.07243728637695,12930600.0
2018-06-27,SBUX,43.192126700094086,43.20067477544122,42.61075973510742,42.61075973510742,14576900.0
2018-06-28,SBUX,42.27732623833167,42.30297372386288,40.49902665024084,41.49932098388672,33210100.0
2018-06-29,SBUX,41.1060415566096,42.11488063579063,41.1060415566096,41.76435089111328,17413000.0
2018-07-02,SBUX,41.584827477403174,41.97810426209882,41.50788173592967,41.94390869140625,9870900.0
2018-07-03,SBUX,42.0208471387687,42.1490878447107,41.68741347600855,41.69596481323242,7517500.0
2018-07-05,SBUX,41.82421401633179,41.91825917662354,41.37964223175659,41.559181213378906,9630500.0
2018-07-06,SBUX,41.80710534103572,42.0550386531969,41.53352128105291,41.8754997253418,10712000.0
2018-07-09,SBUX,42.07214145715817,42.790300487867505,42.07214145715817,42.66205978393555,12811700.0
2018-07-10,SBUX,42.81594441611977,43.18357031792311,42.71334795566493,43.106624603271484,9038000.0
2018-07-11,SBUX,42.935638548491475,43.15792436460496,42.764647703046194,42.86724090576172,9542400.0
2018-07-12,SBUX,43.05534123160195,43.311825929066536,42.91854917552885,42.96129608154297,9339200.0
2018-07-13,SBUX,42.96984565563576,44.15823055707306,42.96984565563576,44.1325798034668,21718400.0
2018-07-16,SBUX,44.07271761539932,44.07271761539932,43.33745933004427,43.55119705200195,16974900.0
2018-07-17,SBUX,43.311819694425814,43.85898783995457,43.26052145776522,43.841888427734375,11421300.0
2018-07-18,SBUX,43.89319440496394,44.13257969550354,43.60251086871729,43.73075485229492,13549500.0
2018-07-19,SBUX,43.69654632237324,44.02142861697618,43.60250119014245,43.893184661865234,11415600.0
2018-07-20,SBUX,43.653810087510536,43.80770156668209,43.388774037519504,43.52556610107422,11024100.0
2018-07-23,SBUX,43.39730918173788,43.83333599657628,43.39730918173788,43.76493835449219,8406800.0
2018-07-24,SBUX,43.85898924835559,44.21807039375179,43.653802817883054,43.74784469604492,9921500.0
2018-07-25,SBUX,43.611059052332585,44.218076879854365,43.611059052332585,44.1325798034668,11368000.0
2018-07-26,SBUX,44.183862895035475,44.32065490895842,43.89317945777686,43.98722457885742,11114800.0
2018-07-27,SBUX,44.02997770432037,44.97042252549199,42.92709010142286,44.585697174072266,15770300.0
2018-07-30,SBUX,44.62845201606329,45.184168323343805,44.2522714115375,44.37196731567383,14448400.0
2018-07-31,SBUX,44.48309923054502,45.04736675684486,44.32920779051968,44.7908821105957,9228200.0
2018-08-01,SBUX,44.662645718786386,44.662645718786386,43.81624271714575,44.39760971069336,11952400.0
2018-08-02,SBUX,44.54295011223766,44.756687882951624,43.97013445218643,44.18387222290039,13636400.0
2018-08-03,SBUX,44.200971665469886,44.8421849780404,44.09837844864488,44.65409469604492,8246100.0
2018-08-06,SBUX,44.542950956127,44.688294338883466,44.28646627868692,44.517303466796875,6505800.0
2018-08-07,SBUX,44.52585480416,44.6369960988436,44.28646627868692,44.517303466796875,5869400.0
2018-08-08,SBUX,44.62060601755623,44.706695007687046,44.21598053895554,44.37955093383789,7257200.0
2018-08-09,SBUX,44.36233789935748,44.78418188434375,44.18154902754259,44.698089599609375,7175400.0
2018-08-10,SBUX,44.413985662914534,44.448422570909884,44.0782340201706,44.34511184692383,10539300.0
2018-08-13,SBUX,44.43982745516168,44.73253470871417,44.31069393052954,44.60340118408203,7911300.0
2018-08-14,SBUX,44.63782496756289,45.40403149456949,44.586172882745075,45.27489471435547,9385400.0
2018-08-15,SBUX,45.033847209952235,45.5762138570233,45.02523633893425,45.41264343261719,9566000.0
2018-08-16,SBUX,45.610652363603585,45.93779650791005,45.55899698794935,45.66230773925781,8721200.0
2018-08-17,SBUX,45.58482246038956,46.15301840816418,45.58482246038956,46.1099739074707,8166900.0
2018-08-20,SBUX,46.23911010292214,46.626517199899205,46.23050251591602,46.419898986816406,9791200.0
2018-08-21,SBUX,46.635113835186026,46.86755803878542,46.44571740876321,46.48876190185547,7990000.0
2018-08-22,SBUX,46.101351509652474,46.17883290516116,45.33514842300214,45.47289276123047,10369600.0
2018-08-23,SBUX,45.421244480335986,45.79143306277263,45.24906649378511,45.33515548706055,8567600.0
2018-08-24,SBUX,45.472906393402866,45.55899539907238,45.12854380255468,45.41264343261719,9849800.0
2018-08-27,SBUX,45.61925779365587,45.78282820425655,45.46429496926163,45.6020393371582,6443200.0
2018-08-28,SBUX,45.64508383888625,46.03249089989329,45.61064692588901,45.6709098815918,7171900.0
2018-08-29,SBUX,45.688134840310845,46.00666812065625,45.38682001891454,45.84309768676758,6604900.0
2018-08-30,SBUX,45.73116574997272,45.98082840438336,45.602032272373066,45.71394729614258,5576400.0
2018-08-31,SBUX,45.1629784839183,46.23910742196869,45.154370897411255,46.01527404785156,10892800.0
2018-09-04,SBUX,46.006663177381924,46.22188896499257,45.808655846870316,46.084144592285156,8235200.0
2018-09-05,SBUX,46.03248705623755,46.47154616599478,45.87752424477394,46.30797576904297,7966300.0
2018-09-06,SBUX,46.1960520699654,46.790073921964904,46.18744448548024,46.66954803466797,7803400.0
2018-09-07,SBUX,46.66094536109094,47.315230225600196,46.626508451357694,47.22914123535156,10231700.0
2018-09-10,SBUX,47.298015583243796,47.44437081936498,46.97948235274675,47.32384490966797,8621000.0
2018-09-11,SBUX,47.203316832789994,47.694031319218155,47.151661466397975,47.45297622680664,7873900.0
2018-09-12,SBUX,47.52185223046801,47.52185223046801,46.7728674458618,47.32384490966797,7297300.0
2018-09-13,SBUX,47.452974038417544,47.840381058280194,47.12583325194191,47.254966735839844,8566600.0
2018-09-14,SBUX,47.34966713543896,47.34966713543896,47.013915475750274,47.13444137573242,6827700.0
2018-09-17,SBUX,47.09140288697136,47.22914725938904,46.7298218568219,46.97948455810547,9277200.0
2018-09-18,SBUX,46.90200956831695,47.590731524751085,46.57486540747873,47.409942626953125,7569600.0
2018-09-19,SBUX,47.53906360987717,48.029778045785214,47.263574918984375,47.719852447509766,7451600.0
2018-09-20,SBUX,47.866209824687225,48.839031222401836,47.866209824687225,48.58076095581055,10582600.0
2018-09-21,SBUX,48.684071066661915,49.56219264833739,48.65824502381654,49.458885192871094,25800500.0
2018-09-24,SBUX,49.01982555550775,49.381406596387315,48.70990317143453,48.80459976196289,10616000.0
2018-09-25,SBUX,49.054260252568696,49.32114140676736,48.9251267527318,48.985389709472656,9445500.0
2018-09-26,SBUX,48.87347297885963,49.794639100943535,48.85625452150195,49.303924560546875,7757300.0
2018-09-27,SBUX,49.15755574200289,49.75158086252752,49.15755574200289,49.364173889160156,6606200.0
2018-09-28,SBUX,49.407223263519384,49.407223263519384,48.8820719014868,48.9337272644043,8975900.0
2018-10-01,SBUX,48.993998514069084,49.028435428515806,47.80595123833665,47.8489990234375,12726900.0
2018-10-02,SBUX,47.82317187914692,48.2191865611113,47.599338493192946,47.857608795166016,12680800.0
2018-10-03,SBUX,48.03839166047785,48.305272800066625,47.74568447915245,47.754295349121094,7383500.0
2018-10-04,SBUX,48.02116776033534,48.27944128475896,47.78011597389653,48.115867614746094,9722000.0
2018-10-05,SBUX,48.16752570564824,48.16752570564824,47.61654828594979,48.00395202636719,9734000.0
2018-10-08,SBUX,48.05561331451867,48.856253502484414,47.73708007025769,48.67546463012695,9623900.0
2018-10-09,SBUX,48.92512777403095,51.39591890423755,48.9079093168763,49.68272018432617,24855700.0
2018-10-10,SBUX,49.648280071716655,49.82046134808649,48.15891810667428,48.219181060791016,14190500.0
2018-10-11,SBUX,47.9522999193273,48.44301438873037,47.10000446589414,47.22914123535156,15316900.0
2018-10-12,SBUX,47.960906997579585,48.88207297665436,47.59071843207278,48.59797668457031,13980500.0
2018-10-15,SBUX,48.529114244788595,49.23505463195982,48.47746215270814,48.856258392333984,10175100.0
2018-10-16,SBUX,49.01982219744824,49.940988267989795,48.87347024422424,49.7688102722168,11731400.0
2018-10-17,SBUX,49.84629429271898,51.13764903310978,49.74298354894656,50.87937545776367,14631000.0
2018-10-18,SBUX,50.79327827436209,51.249555824902735,50.061512019636396,50.48335266113281,12184700.0
2018-10-19,SBUX,50.26812798965574,50.85354231969324,50.26812798965574,50.500572204589844,10180500.0
2018-10-22,SBUX,50.733028958057645,51.103217619545575,50.43171413316527,50.70720291137695,8680200.0
2018-10-23,SBUX,50.24230032406785,51.05154797337214,50.11316355858708,50.62970733642578,12834200.0
2018-10-24,SBUX,50.42309078258371,51.034331152712646,49.88933181740664,49.984031677246094,12189700.0
2018-10-25,SBUX,50.18204655031435,51.19791255329364,49.6741135488247,50.75885009765625,9569600.0
2018-10-26,SBUX,49.96681922028263,50.24230796338411,49.40723086356002,49.992645263671875,13367600.0
2018-10-29,SBUX,50.51779284893406,51.37869592640862,49.67410822709914,50.250911712646484,14412800.0
2018-10-30,SBUX,50.302567070876016,50.681363242628926,49.66549734865766,50.440311431884766,14230100.0
2018-10-31,SBUX,50.77606200825521,50.8965879110202,50.1131662589632,50.16482162475586,11560400.0
2018-11-01,SBUX,50.19064332822287,50.8535390202286,49.9926360359226,50.4747428894043,18772400.0
2018-11-02,SBUX,53.36738100654659,56.54411204854004,53.28989960142067,55.37328338623047,45573000.0
2018-11-05,SBUX,55.0375365771875,56.07061769115781,54.94283670878711,55.51103591918945,23242600.0
2018-11-06,SBUX,55.3560618642377,56.88846805192811,55.31301408981881,56.82820510864258,16065400.0
2018-11-07,SBUX,57.069269838271545,58.72220228779972,56.8540440536506,58.679161071777344,16465000.0
2018-11-08,SBUX,58.35201901555464,59.385106817179064,58.222882219330295,59.16127014160156,14081700.0
2018-11-09,SBUX,58.96325682052562,59.36788236508179,58.610289933003635,59.05795669555664,8637200.0
2018-11-12,SBUX,58.920209624479924,59.35066116979455,58.369232171930754,58.463932037353516,12789600.0
2018-11-13,SBUX,58.48975150434219,58.78245536953206,57.76658957405608,58.03347396850586,16637000.0
2018-11-14,SBUX,58.249853023759336,58.81243916372485,57.75650388644111,58.02481460571289,13350500.0
2018-11-15,SBUX,57.73919749782277,58.64800179119403,57.43626493451057,58.52682876586914,15246500.0
2018-11-16,SBUX,58.249856982181036,59.31444943342867,58.06809085300785,58.99420928955078,9287900.0
2018-11-19,SBUX,58.94228118933984,59.26252797962653,58.189278282150276,58.777835845947266,10855400.0
2018-11-20,SBUX,58.32776711350744,58.751872790060624,57.782488386510494,58.1460075378418,11208900.0
2018-11-21,SBUX,58.39700568377711,58.8384255312552,57.77382627638109,57.791133880615234,10978100.0
2018-11-23,SBUX,57.33240145223212,57.33240145223212,56.484190246243045,56.86501693725586,7779800.0
2018-11-26,SBUX,57.10736452881017,57.22853754747787,56.44090632270359,56.856361389160156,13066800.0
2018-11-27,SBUX,56.657292009148065,57.600718130891686,56.52746187819172,57.19392013549805,13169100.0
2018-11-28,SBUX,57.28046073612078,57.9815340685087,56.67459570855512,57.83439636230469,12867600.0
2018-11-29,SBUX,57.71323864222937,58.23255260388867,57.228546491805396,57.8863410949707,9605500.0
2018-11-30,SBUX,57.869032991393695,58.31910332669616,57.68727343655413,57.747859954833984,27308900.0
2018-12-03,SBUX,58.31044626840847,58.90765428044661,57.69592405113185,58.4229621887207,13834300.0
2018-12-04,SBUX,58.39699784361868,58.9855553600935,57.51415826718918,57.6872673034668,13555100.0
2018-12-06,SBUX,57.23719754682472,57.70458209787893,56.76981299577051,57.60072326660156,17222200.0
2018-12-07,SBUX,57.271815932810505,57.67861394014275,56.43225521187968,56.665950775146484,11057500.0
2018-12-10,SBUX,56.66594282664126,56.951567762376236,55.78310331681208,56.683250427246094,12148300.0
2018-12-11,SBUX,57.31508778883293,57.92095287190202,56.709216102329705,57.05542755126953,10903100.0
2018-12-12,SBUX,57.1246743259038,57.929613182815274,57.1246743259038,57.23719024658203,11115800.0
2018-12-13,SBUX,57.375675834156574,58.18061466804537,57.237188609497096,57.91230392456055,10016200.0
2018-12-14,SBUX,55.77446480472747,56.98619521049989,55.03011235350415,56.55343246459961,16834000.0
2018-12-17,SBUX,56.25915391235154,56.80443256534232,55.46287208795499,55.8004264831543,15143100.0
2018-12-18,SBUX,56.060076944002084,56.60536216919974,55.86966690393506,56.18990707397461,10523500.0
2018-12-19,SBUX,56.397647651760266,57.03813470575652,55.11666694033191,55.44556427001953,14390100.0
2018-12-20,SBUX,55.05606654432531,55.22051516773435,53.18653197124277,53.79240036010742,20264600.0
2018-12-21,SBUX,53.930886645170176,54.70985749211121,53.12594779212903,53.13460159301758,23524900.0
2018-12-24,SBUX,53.21251118063759,53.50679000392503,52.29505289586664,52.416229248046875,6323300.0
2018-12-26,SBUX,52.75377343090455,54.72717027290921,52.511424075387986,54.59734344482422,16646200.0
2018-12-27,SBUX,54.19919610831249,54.73582419874482,53.33367076444802,54.701202392578125,11308100.0
2018-12-28,SBUX,54.79640986744869,55.49748657383423,54.67523354772553,54.86565017700195,7711900.0
2018-12-31,SBUX,55.19455949184803,55.921601017053625,55.099351162091004,55.73984146118164,7689800.0
2019-01-02,SBUX,55.11665375926479,55.71386835527265,54.709855794067224,55.670589447021484,10094000.0
2019-01-03,SBUX,54.92623576098127,55.15127419210296,53.143255723119104,53.25577163696289,14390100.0
2019-01-04,SBUX,54.00879064246305,55.610011441091466,53.731822756232376,55.021453857421875,12694400.0
2019-01-07,SBUX,54.831037197494176,55.60135433743058,54.30306943429784,55.021453857421875,10337600.0
2019-01-08,SBUX,55.3416918270619,55.644627692288225,54.57137476409558,55.06472396850586,10809700.0
2019-01-09,SBUX,55.090693955162365,55.42824833855207,54.48482550465182,55.289764404296875,13080300.0
2019-01-10,SBUX,55.056083778646446,55.73119268806567,54.73584023209093,55.55809020996094,10397600.0
2019-01-11,SBUX,53.9135907583638,55.255154786529154,53.376962505723135,55.15994644165039,13805700.0
2019-01-14,SBUX,54.831039618533865,55.445561936884765,54.51079610501151,54.848350524902344,9929600.0
2019-01-15,SBUX,55.03010883329668,55.93890657949134,54.91758960207936,55.46287155151367,7930400.0
2019-01-16,SBUX,55.56672624766875,56.103354355609326,55.177242471596,55.19455337524414,8091300.0
2019-01-17,SBUX,55.11666093458411,55.73118321183297,55.04741731374153,55.6359748840332,6767100.0
2019-01-18,SBUX,56.094697149597174,56.094697149597174,55.27245068898732,55.999488830566406,9835200.0
2019-01-22,SBUX,56.172600785754284,57.306436966942314,56.04277065274435,56.59670639038086,16414300.0
2019-01-23,SBUX,57.02080747787864,57.73053799821598,56.96022096773159,57.496849060058594,12372400.0
2019-01-24,SBUX,57.65264977904678,57.78247991504104,54.4675159127049,56.034114837646484,29719800.0
2019-01-25,SBUX,58.01616293848327,58.58741283701019,57.21122410183537,58.068092346191406,21885800.0
2019-01-28,SBUX,57.28912615827008,57.955577785388925,57.04678011204504,57.903648376464844,11537700.0
2019-01-29,SBUX,57.99019280267238,58.422955435528145,57.297769948729666,58.02481460571289,10703400.0
2019-01-30,SBUX,58.08541034429946,59.037486967251716,58.03348093320009,58.985557556152344,11702500.0
2019-01-31,SBUX,59.01152000057729,60.1453561223673,58.05944341410544,58.976898193359375,24233300.0
2019-02-01,SBUX,59.366387698309836,59.99822418500822,58.85573085028711,58.9509391784668,10309200.0
2019-02-04,SBUX,58.88169035183576,58.950933966833084,58.05944388490493,58.49220657348633,13562400.0
2019-02-05,SBUX,58.648015666815226,60.07613420709304,58.54415021906252,60.015541076660156,12781600.0
2019-02-06,SBUX,60.23304425171556,60.372247597827304,59.59791031599435,59.90242385864258,10283400.0
2019-02-07,SBUX,59.684908052117976,60.215634453727205,59.580507211078,60.15473175048828,10109200.0
2019-02-08,SBUX,59.832818400983506,60.74636565971582,59.68491277254794,60.685462951660156,8862000.0
2019-02-11,SBUX,60.902985579800756,61.31190668790034,60.772477854550026,60.894283294677734,9229700.0
2019-02-12,SBUX,61.11178190804981,61.303192315623996,60.65066045592872,60.685462951660156,8848900.0
2019-02-13,SBUX,60.73765369551262,61.42498794138714,60.72895805138874,61.34668731689453,10264000.0
2019-02-14,SBUX,61.01609763361912,62.24286113683362,60.87689424084208,61.633827209472656,9441100.0
2019-02-15,SBUX,61.90351933520574,62.094929729126974,61.068279410919615,61.52069854736328,13924600.0
2019-02-19,SBUX,61.30320115614257,61.425006589819425,60.711571919184266,61.076988220214844,9208400.0
2019-02-20,SBUX,61.10307573169707,61.424987145412445,60.94646784684498,61.242279052734375,9671800.0
2019-02-21,SBUX,61.02477937009902,61.71211372983309,61.02477937009902,61.512001037597656,10933500.0
2019-02-22,SBUX,61.56420718283695,62.11233155060295,61.55550489950493,62.03403091430664,11311600.0
2019-02-25,SBUX,62.55606318999368,62.703968836350285,61.75562560487754,61.8165283203125,12071200.0
2019-02-26,SBUX,61.773027173042266,62.16454370419086,61.703422169047414,61.894832611083984,12302300.0
2019-02-27,SBUX,61.62511075270807,61.886119515245426,60.83336890584745,61.03348159790039,13274800.0
2019-02-28,SBUX,61.02477343051659,61.32928694306473,60.71155763535372,61.129180908203125,18956700.0
2019-03-01,SBUX,61.45111045798793,61.86873385391272,61.294502514253466,61.642520904541016,8067700.0
2019-03-04,SBUX,61.764317573559495,62.07753341654485,61.224895451227404,61.729515075683594,9219700.0
2019-03-05,SBUX,61.93833285357549,62.54735999909914,61.82522307090821,62.27764892578125,10496100.0
2019-03-06,SBUX,62.477743006982045,62.79966108661946,61.91222075379548,62.00791931152344,7666100.0
2019-03-07,SBUX,61.947014749714896,62.08622471659036,61.303185247657304,61.433692932128906,7814700.0
2019-03-08,SBUX,61.03348768695709,61.13788854722872,60.05903761773428,60.346153259277344,12363900.0
2019-03-11,SBUX,60.36355730100685,60.91168842451584,60.15474892142656,60.62457275390625,11518300.0
2019-03-12,SBUX,60.67676210851685,61.40760126042985,60.633263966243064,60.94647979736328,12751700.0
2019-03-13,SBUX,60.981280320701046,61.6860193135783,60.8855817452194,60.98998260498047,13798600.0
2019-03-14,SBUX,61.068271789474124,61.677298750582175,61.068271789474124,61.546791076660156,9249200.0
2019-03-15,SBUX,61.599018293745125,61.955732305481845,61.37280536075464,61.48590850830078,13096900.0
2019-03-18,SBUX,61.58162676691872,61.87744476315681,61.28581540858024,61.633827209472656,5682400.0
2019-03-19,SBUX,61.729507740880344,62.382039563248625,61.65990939129608,62.1036262512207,7810700.0
2019-03-20,SBUX,62.46907549782683,62.991099848597855,62.06884996973929,62.321163177490234,9512400.0
2019-03-21,SBUX,62.051443344486216,63.02589353058524,62.051443344486216,62.869285583496094,8044400.0
2019-03-22,SBUX,62.68655693120853,62.999772723022744,62.37334113939431,62.60824966430664,8022800.0
2019-03-25,SBUX,62.643033624418116,63.06065676925457,62.408125169000215,62.904048919677734,6453800.0
2019-03-26,SBUX,63.26948224754338,63.678403223759396,62.93016625406551,63.47829055786133,7624000.0
2019-03-27,SBUX,63.46091207681668,63.739325455184215,63.18249869844915,63.28689956665039,7662700.0
2019-03-28,SBUX,63.48701020114184,64.36575509429453,63.41740519936972,64.34835052490234,6709600.0
2019-03-29,SBUX,64.39186888977359,64.80079006404733,63.97424542896858,64.6789779663086,9099500.0
2019-04-01,SBUX,65.04438726682694,65.19229291716897,64.14824444218038,64.34835052490234,8108400.0
2019-04-02,SBUX,64.39184336463545,64.77465752756656,64.24393110383551,64.61804962158203,5520900.0
2019-04-03,SBUX,64.87035596369833,65.06176634415395,64.27003125160148,64.67024993896484,6755600.0
2019-04-04,SBUX,64.81816792323362,64.9660735589563,64.36574873222965,64.68766021728516,5449800.0
2019-04-05,SBUX,64.68764494570095,65.32277875782775,64.68764494570095,65.2792739868164,5346200.0
2019-04-08,SBUX,64.7920653865872,65.51420224743275,64.7920653865872,65.42719268798828,5140400.0
2019-04-09,SBUX,65.14006390620384,65.45327963886444,65.07916121584735,65.35757446289062,4905800.0
2019-04-10,SBUX,65.43589170662241,65.9666181308457,65.43589170662241,65.67080688476562,6066300.0
2019-04-11,SBUX,65.90571672110416,66.1841300443771,65.8187138021871,66.01012420654297,6042600.0
2019-04-12,SBUX,66.21024039532374,66.94977527621278,66.1841401794415,66.68876647949219,5194800.0
2019-04-15,SBUX,66.70613742055744,66.73223762587916,66.19281568150855,66.26242065429688,7632200.0
2019-04-16,SBUX,66.54085184555503,66.61045019921002,65.56640187751415,65.86221313476562,8336600.0
2019-04-17,SBUX,65.78389329538604,66.08840674716846,65.07916121584735,65.35757446289062,9439000.0
2019-04-18,SBUX,65.67081069362987,66.34944278025341,65.43589550186175,66.17543029785156,6607800.0
2019-04-22,SBUX,65.87092262224253,66.17543619621591,65.4359013343097,65.60121154785156,4883100.0
2019-04-23,SBUX,65.6708155430815,66.17543518456675,65.60991282921788,66.11453247070312,5273900.0
2019-04-24,SBUX,66.16673603283655,66.88886627670593,66.04493061156231,66.4625473022461,9347300.0
2019-04-25,SBUX,66.21893154709772,67.19338148289748,66.07972156859898,67.08897399902344,11084500.0
2019-04-26,SBUX,66.94979000655424,67.44571413112502,65.30540966519324,67.38481140136719,12550500.0
2019-04-29,SBUX,67.25427109833338,67.57618249463341,66.63653523635563,66.91495513916016,5426800.0
2019-04-30,SBUX,66.99327075226242,67.68060510587877,66.72355970842591,67.58489990234375,7384400.0
2019-05-01,SBUX,67.57618638842311,67.99380962879783,67.31517767134811,67.4456787109375,6678000.0
2019-05-02,SBUX,67.56750135541178,67.65450427476668,66.77575952211845,67.40219116210938,6247500.0
2019-05-03,SBUX,67.50658921452224,68.21132809927526,67.28907860619412,67.90681457519531,4967900.0
2019-05-06,SBUX,67.16726749539639,67.93290901997767,67.01065960517717,67.9155044555664,5607500.0
2019-05-07,SBUX,67.48919804717046,68.50714620302234,67.35869034152077,67.8285140991211,8115800.0
2019-05-08,SBUX,67.81105979795554,68.73758153210062,67.40898420259644,68.22187805175781,7799900.0
2019-05-09,SBUX,67.81103905219402,68.37919164068386,67.60999798167272,68.09074401855469,7326600.0
2019-05-10,SBUX,67.85471941433964,68.87739644600738,67.44390807345198,68.54524230957031,6448600.0
2019-05-13,SBUX,67.52259297727569,67.98585371323576,66.49992229577599,67.02436828613281,9778500.0
2019-05-14,SBUX,67.08554406911087,67.95088016446249,67.0243588233525,67.35650634765625,6870900.0
2019-05-15,SBUX,67.0331120167847,68.12571062616668,66.89325619381133,67.96837615966797,5415500.0
2019-05-16,SBUX,67.88095747285742,69.26199680008814,67.80228691932186,68.96481323242188,6941800.0
2019-05-17,SBUX,68.63269004178152,69.6204037221618,68.50158350783236,68.97358703613281,7379900.0
2019-05-20,SBUX,68.44036257066094,68.54524774316333,66.92820353640484,67.00687408447266,11475000.0
2019-05-21,SBUX,67.34777227747128,68.0470312962172,67.08554597750917,67.76732635498047,5808500.0
2019-05-22,SBUX,67.47887640311397,67.93340108468888,67.22539943567564,67.5225830078125,5602300.0
2019-05-23,SBUX,67.19918735980673,67.25163663158406,66.15903794270957,66.78837585449219,9213200.0
2019-05-24,SBUX,67.15546999069775,67.35650436282627,66.40376175427933,66.56109619140625,5627600.0
2019-05-28,SBUX,66.74465796762003,67.02436291798759,65.83561521175244,66.16776275634766,16205200.0
2019-05-29,SBUX,65.84435815813728,65.98420729959335,64.9702793507876,65.80065155029297,10511600.0
2019-05-30,SBUX,66.12405712978455,66.80583747086948,66.10657182075128,66.57857513427734,7178400.0
2019-05-31,SBUX,66.08036165131887,66.70969950864355,65.88806323172604,66.48243713378906,7625700.0
2019-06-03,SBUX,66.53489263234204,66.893261537125,66.12407445540816,66.62229919433594,8122200.0
2019-06-04,SBUX,67.10302211306347,68.84244361172217,67.00687958660542,68.63265991210938,11685000.0
2019-06-05,SBUX,68.8686790543789,69.9000924489332,68.75505119526527,69.89134979248047,7437100.0
2019-06-06,SBUX,69.95251890791673,71.35104352644449,69.83889107502401,71.15000915527344,10457200.0
2019-06-07,SBUX,71.32483102170104,72.83699032816718,71.24616712816363,72.09402465820312,11278800.0
2019-06-10,SBUX,72.41743991559358,72.42618257235685,71.13254278781186,71.61328887939453,8102800.0
2019-06-11,SBUX,71.93670139698912,72.42618348279495,71.54336186201519,71.99788665771484,6226400.0
2019-06-12,SBUX,72.19015262524819,73.13415916933876,71.95415432357099,72.48734283447266,6088800.0
2019-06-13,SBUX,72.83699065690439,73.46632848281297,72.56602168432627,72.8544692993164,7156800.0
2019-06-14,SBUX,73.02052528671457,73.95578909945611,72.88941216613223,73.63237762451172,9226500.0
2019-06-17,SBUX,73.99076982571616,74.02573377704812,72.4523893105689,72.5660171508789,9313700.0
2019-06-18,SBUX,73.02928104929414,73.51876300739924,72.45238588264897,72.47860717773438,10582600.0
2019-06-19,SBUX,72.61847219677513,73.35269522715669,71.74439334992523,73.25654602050781,5401400.0
2019-06-20,SBUX,73.78099295655761,74.14810444335205,73.2740256641128,74.0257339477539,5215800.0
2019-06-21,SBUX,73.79847794130241,74.09566155081623,73.25654665086303,73.26528930664062,12610000.0
2019-06-24,SBUX,73.49253806447638,73.91209210240126,73.08172001201866,73.11668395996094,6692500.0
2019-06-25,SBUX,73.59744481331025,74.47152376201319,73.38766773285563,73.64115142822266,7312300.0
2019-06-26,SBUX,73.68484913208329,73.68484913208329,72.70587842719794,72.88069152832031,7576400.0
2019-06-27,SBUX,73.029273658538,73.32645719768563,72.73208345069955,73.03800964355469,6084200.0
2019-06-28,SBUX,73.03802756559519,73.38766044408992,72.82825050597535,73.27403259277344,6735300.0
2019-07-01,SBUX,73.96455897456019,74.26174259981198,73.44884895545067,73.90337371826172,7935100.0
2019-07-02,SBUX,74.0694254695886,74.8123910137864,73.87712709301458,74.74246978759766,6205800.0
2019-07-03,SBUX,75.20575906636927,76.76161864226188,75.15331645957988,76.73539733886719,7818600.0
2019-07-05,SBUX,76.48191362489572,76.82280390641405,75.93998223619532,76.73539733886719,5733100.0
2019-07-08,SBUX,76.5692848397472,76.87521101925931,76.20217342433266,76.42943572998047,6359500.0
2019-07-09,SBUX,76.29833797888551,76.6130068751293,75.9487051309822,76.24589538574219,5355400.0
2019-07-10,SBUX,76.4119760572481,77.39094682879268,76.4119760572481,77.25109100341797,5293000.0
2019-07-11,SBUX,77.49581822408645,78.04648538645898,77.15492140697083,77.85418701171875,6191400.0
2019-07-12,SBUX,78.0377448713574,78.5097481671952,77.66189076552496,78.4660415649414,5628000.0
2019-07-15,SBUX,78.55346215499759,78.96427357882783,78.36990641191807,78.80694580078125,6061300.0
2019-07-16,SBUX,78.85940054353716,79.08666292799464,78.30872656076299,78.73703002929688,5591900.0
2019-07-17,SBUX,78.73702069079513,78.9992403321986,78.43109444147841,78.88561248779297,4635900.0
2019-07-18,SBUX,78.95552478684112,80.01315913611103,78.62337063721387,79.97819519042969,6470200.0
2019-07-19,SBUX,79.89955705038643,80.07437016641089,78.86814366097917,78.92932891845703,10804800.0
2019-07-22,SBUX,79.12160435401262,79.6984995215139,78.71079294924563,79.47123718261719,5636600.0
2019-07-23,SBUX,79.75969397077175,79.85584317645107,77.94160838717102,78.76324462890625,7609200.0
2019-07-24,SBUX,78.57967051680043,79.32263602183428,78.38737215036305,79.2352294921875,5388100.0
2019-07-25,SBUX,79.96944929604803,80.02189854678988,79.07789205772242,79.52367401123047,8106300.0
2019-07-26,SBUX,84.26119869988453,87.16314008516595,83.22104278098902,86.62995147705078,20846500.0
2019-07-29,SBUX,85.70342065113226,86.48135017378641,84.96919106300204,85.67719268798828,11184500.0
2019-07-30,SBUX,85.2226790517827,85.9044594172063,84.366078933243,84.4797134399414,7248300.0
2019-07-31,SBUX,84.47970337402306,84.47970337402306,81.72635427590933,82.76651000976562,9912100.0
2019-08-01,SBUX,83.03748138145318,85.29260616050917,82.67036990635802,83.36962890625,8342300.0
2019-08-02,SBUX,83.03747909025923,83.94652176685872,82.86266601228263,83.48326110839844,6381700.0
2019-08-05,SBUX,82.60919247231406,83.49200729323559,81.31555286371089,81.90118408203125,8917400.0
2019-08-06,SBUX,82.43435581411342,83.65806726477804,81.98858050154767,83.33465576171875,7438000.0
2019-08-07,SBUX,83.00124944281488,83.96637892706342,82.62397076241253,83.54523468017578,6414000.0
2019-08-08,SBUX,83.55401781549352,84.58934032988432,82.86087754201456,84.46649932861328,7423600.0
2019-08-09,SBUX,84.36123350260887,84.96662936873417,83.72073446283102,84.49284362792969,5209200.0
2019-08-12,SBUX,84.03658093462364,84.2471530807904,82.73804489029956,83.27325439453125,5513800.0
2019-08-13,SBUX,82.93106673085369,84.8174603654982,82.6590774256147,84.78236389160156,8915600.0
2019-08-14,SBUX,84.1506509014512,85.12454964274046,83.23816262454474,83.28202819824219,9989500.0
2019-08-15,SBUX,83.79090954395498,84.46649822529872,83.01003144602612,83.81723022460938,5559400.0
2019-08-16,SBUX,84.48404807785819,84.95784040183503,84.097993585588,84.68584442138672,4852200.0
2019-08-19,SBUX,85.30879830614357,85.46672908058687,84.42263081099132,84.80868530273438,5324900.0
2019-08-20,SBUX,84.5367067485003,85.21230224831346,83.86988704184503,83.90498352050781,6809100.0
2019-08-21,SBUX,84.46649608454418,84.79990921496315,83.99271045683788,84.51036834716797,4740500.0
2019-08-22,SBUX,84.74725320390161,84.97537689898488,83.96637519908212,84.65951538085938,5146200.0
2019-08-23,SBUX,84.58935045272219,85.19474627003153,82.81701518844764,83.08900451660156,8076600.0
2019-08-26,SBUX,83.68560818524264,84.66828918457031,83.35220178791896,84.66828918457031,5802600.0
2019-08-27,SBUX,84.84378804785062,85.19474612180642,84.25593712300655,84.30857849121094,6539800.0
2019-08-28,SBUX,84.43142057362545,85.29126083701296,84.22961750301164,85.16842651367188,4948800.0
2019-08-29,SBUX,85.85279389730907,86.04582118144518,85.15965351062432,85.72118377685547,4514300.0
2019-08-30,SBUX,86.10722787035625,86.10722787035625,84.3261236462625,84.720947265625,5209500.0
2019-09-03,SBUX,84.59812657185275,85.29126698580048,84.27349584846328,84.90521240234375,5150700.0
2019-09-04,SBUX,82.89595738013416,84.51913042432521,81.62373560411798,84.32610321044922,12937000.0
2019-09-05,SBUX,84.70340618472997,85.07190913856924,83.50137699457622,83.84355926513672,5514400.0
2019-09-06,SBUX,84.01027878448937,84.52793681924675,83.7997065918736,84.00150299072266,3991800.0
2019-09-09,SBUX,84.0541412026252,84.1681997323399,82.2467094548855,82.61521911621094,6523300.0
2019-09-10,SBUX,82.30809750702934,82.36951464653471,78.35106651581796,79.27232360839844,12490900.0
2019-09-11,SBUX,79.12318012515158,80.2374645874229,78.62306714697198,79.8250961303711,8406600.0
2019-09-12,SBUX,80.86042671992774,81.87819766688473,80.5182377797102,80.7726821899414,6862200.0
2019-09-13,SBUX,80.8516562840923,80.8516562840923,79.2460276721151,79.38641357421875,6972300.0
2019-09-16,SBUX,78.98279351533888,79.36007219320747,78.42126339394846,78.45635986328125,6339200.0
2019-09-17,SBUX,78.67573659600737,80.24626903062733,78.65819170189761,79.62332153320312,6493200.0
2019-09-18,SBUX,79.8251001056357,80.15850654303658,79.01789465124453,79.80754852294922,4510700.0
2019-09-19,SBUX,79.83387135841261,80.80777671081454,79.22847561873373,80.333984375,4843600.0
2019-09-20,SBUX,80.37786418221899,80.79023940360813,79.01790420027203,79.02667999267578,10913800.0
2019-09-23,SBUX,79.24602139061513,79.9830339303029,78.90383914882115,79.67594146728516,4532400.0
2019-09-24,SBUX,80.36908372946627,80.51823872183978,78.53533816754177,78.89506530761719,5662600.0
2019-09-25,SBUX,78.9125965610002,79.50044728111814,78.10539126383034,79.27232360839844,4764000.0
2019-09-26,SBUX,79.7022766028311,79.97427264243296,78.52657467554259,78.789794921875,5026400.0
2019-09-27,SBUX,79.228500187653,79.228500187653,77.02624439584133,77.5351333618164,5987700.0
2019-09-30,SBUX,77.5702027655224,77.70180616425486,76.8682867337681,77.57897186279297,6588300.0
2019-10-01,SBUX,77.76323408666816,77.99135783268288,75.85051966385626,75.90316772460938,6719400.0
2019-10-02,SBUX,75.4118203776433,75.46446843603734,73.8412949912105,73.98167419433594,9858200.0
2019-10-03,SBUX,73.96414185533588,74.4993514643816,73.35873928583223,74.28877258300781,5989000.0
2019-10-04,SBUX,74.49054632371832,75.42935504458003,74.35893624820254,75.38548278808594,5869000.0
2019-10-07,SBUX,75.20123949279598,75.59606976204334,75.0082122536929,75.3240737915039,4382900.0
2019-10-08,SBUX,75.00821068558953,75.74522315639646,74.30630137821355,74.49932861328125,6100400.0
2019-10-09,SBUX,74.9029295370674,75.60483885911732,74.82396080563103,75.3240737915039,4427200.0
2019-10-10,SBUX,75.37671244113001,75.51709161044191,74.91168928949548,75.42057800292969,3986000.0
2019-10-11,SBUX,76.35063580883272,76.55243887959215,75.68382282277675,75.77156066894531,5611000.0
2019-10-14,SBUX,75.89437490272786,76.92969727898617,75.80663707978397,75.99966430664062,4881000.0
2019-10-15,SBUX,76.3331007890268,76.55244877979986,75.24513662910384,75.85053253173828,4695100.0
2019-10-16,SBUX,75.92069777658443,76.18391794699782,75.49955353668338,76.07862854003906,3698700.0
2019-10-17,SBUX,76.22778666168534,76.35062096122796,75.59607027573792,75.71012878417969,4359400.0
2019-10-18,SBUX,75.7627979484434,76.11375608764146,75.03456098105214,75.4820327758789,4631200.0
2019-10-21,SBUX,75.45569726275913,75.66626942732078,74.64849838696576,74.88539123535156,4861200.0
2019-10-22,SBUX,74.78011448479198,74.88539722851449,73.1657099100342,73.22712707519531,5767500.0
2019-10-23,SBUX,73.97291062510509,74.06065517227086,72.06019597195382,72.59540557861328,7136200.0
2019-10-24,SBUX,72.64806164424066,73.28855406766654,72.52522729744749,72.9814682006836,4591100.0
2019-10-25,SBUX,73.00777401025974,73.32363560734281,72.49888513785163,73.15692901611328,5235300.0
2019-10-28,SBUX,74.11327055138437,74.56074214790388,73.13936532635374,73.34993743896484,6653400.0
2019-10-29,SBUX,73.53419920684505,74.25366016216367,73.38504421836907,73.8149642944336,5699100.0
2019-10-30,SBUX,74.2361253478411,74.31508740164443,73.10428905221292,73.86762237548828,8731300.0
2019-10-31,SBUX,76.07863129298134,76.5261029212893,73.06917758167332,74.1922378540039,14008800.0
2019-11-01,SBUX,74.39406284388859,74.85030370395691,72.48134816112174,73.00778198242188,10658500.0
2019-11-04,SBUX,73.08675730998812,73.20959165620566,71.85840715384289,72.27078247070312,8271200.0
2019-11-05,SBUX,72.24444832482013,72.24444832482013,71.09506703824462,71.84962463378906,7054400.0
2019-11-06,SBUX,72.01631999105858,73.14815620754155,71.94612704105154,72.81474304199219,6365300.0
2019-11-07,SBUX,72.87618078651865,73.07798390130412,71.80576142541747,71.90227508544922,7221400.0
2019-11-08,SBUX,72.1128410383055,72.50766470824573,71.46356622493563,71.74433135986328,7054800.0
2019-11-11,SBUX,71.7267606125914,72.41112496391546,71.39335422691126,72.3233871459961,5828200.0
2019-11-12,SBUX,72.91419382291066,74.0516877642507,72.84364999846413,73.46971130371094,8551400.0
2019-11-13,SBUX,73.44323135497157,74.32500864573494,73.36386790054091,74.01638793945312,7407900.0
2019-11-14,SBUX,74.15749939028322,74.52784439055175,73.89297013041839,74.4043960571289,5285100.0
2019-11-15,SBUX,74.66893027753291,74.89819434593439,73.69015656610564,74.2544937133789,7533000.0
2019-11-18,SBUX,73.99876817319519,74.1663080554728,73.40797884690805,74.08694458007812,6432200.0
2019-11-19,SBUX,74.12222164327218,74.31621378836333,73.6901525102968,73.76951599121094,6008400.0
2019-11-20,SBUX,73.6637016368239,74.50138766727974,73.16990833275976,73.71660614013672,6248700.0
2019-11-21,SBUX,73.8488798000524,74.10459613142773,72.09414412191654,72.57030487060547,8300500.0
2019-11-22,SBUX,72.91418059827541,73.53142213165835,72.88772835076301,73.20516204833984,6080400.0
2019-11-25,SBUX,73.32862380183956,74.06931370977146,73.12581200661319,73.84886932373047,5450400.0
2019-11-26,SBUX,74.18395331193665,74.64248146990211,74.06932463616016,74.56311798095703,7651500.0
2019-11-27,SBUX,74.81883209629447,75.66533783118453,74.43966743851178,75.63006591796875,7502400.0
2019-11-29,SBUX,75.75350976960993,76.47656706497752,75.17153337880188,75.33025360107422,3857000.0
2019-12-02,SBUX,75.28618302609013,75.63007581566222,73.91061186780175,74.57194519042969,6425800.0
2019-12-03,SBUX,74.0957761238825,74.9511015354404,73.91060362149827,74.7923812866211,6049800.0
2019-12-04,SBUX,75.06573400005892,75.42726609017909,74.6865693158151,75.30381774902344,5940300.0
2019-12-05,SBUX,75.33908255277632,75.37435446512403,74.35148918932872,74.46611785888672,5170800.0
2019-12-06,SBUX,74.97754219139105,76.30020848448372,74.97754219139105,76.11503601074219,8499800.0
2019-12-09,SBUX,76.10623283381521,76.38840143501936,75.79761197740913,76.07978057861328,7164700.0
2019-12-10,SBUX,76.27375803983796,77.12908333933227,75.75351251474362,75.8681411743164,7944800.0
2019-12-11,SBUX,76.06215260295299,76.60003758282095,75.7006204867599,76.35313415527344,4921900.0
2019-12-12,SBUX,77.59642085300973,78.38120229844249,77.19080400584225,77.7815933227539,10282100.0
2019-12-13,SBUX,77.61407607725879,78.29304872508727,77.22609843450155,78.1872329711914,6714100.0
2019-12-16,SBUX,78.6016583231954,78.74274597481862,77.97559700583373,78.28421783447266,6705600.0
2019-12-17,SBUX,78.3635875491865,78.45176397474506,77.12909740907648,77.71106719970703,7296900.0
2019-12-18,SBUX,77.94032071923813,78.34593760374909,77.4377077615366,77.58760833740234,5859200.0
2019-12-19,SBUX,77.4465325256554,78.11667869514093,77.2260881134071,78.0549545288086,6022100.0
2019-12-20,SBUX,78.29303289654592,78.47820538285443,77.49943172134584,78.00204467773438,14271500.0
2019-12-23,SBUX,78.14314049903737,78.34594559827279,77.75515616668466,77.79924774169922,4349700.0
2019-12-24,SBUX,77.77278595022796,78.12549835531114,77.59643311140114,78.0549545288086,1847800.0
2019-12-26,SBUX,78.24015680306546,78.26660906393879,77.41128341606652,77.66699981689453,4177700.0
2019-12-27,SBUX,77.69343460556733,78.00205545873733,77.32308958176334,77.71106719970703,4129300.0
2019-12-30,SBUX,77.6052512254443,77.77278440076314,76.76755843913236,77.1026382446289,4655600.0
2019-12-31,SBUX,77.10263704649779,77.58761069978797,76.988001650639,77.52588653564453,4115600.0
2020-01-02,SBUX,77.70223688414455,78.78681945800781,77.64051272731842,78.78681945800781,6473800.0
2020-01-03,SBUX,78.17838467930149,78.566362146587,77.68458477855027,78.32828521728516,4874100.0
2020-01-06,SBUX,77.69343460556733,77.95797060967307,77.12909740907648,77.71106719970703,5409800.0
2020-01-07,SBUX,77.56116073284926,77.62288489881131,76.82928367399245,77.47298431396484,6514700.0
2020-01-08,SBUX,77.54352437686609,78.78682729588702,77.40243673155436,78.37239074707031,7296300.0
2020-01-09,SBUX,79.5804576886735,80.38287882916141,79.42173739316117,79.82735443115234,9443500.0
2020-01-10,SBUX,80.06541289953455,80.14476965846055,79.03372794148964,79.5010757446289,7097900.0
2020-01-13,SBUX,79.90669235702143,80.87664641794318,79.54516029455786,80.31230926513672,7382500.0
2020-01-14,SBUX,80.40930787366644,80.62975229114886,80.1183196280065,80.23294830322266,5855200.0
2020-01-15,SBUX,80.24176529218938,81.17644743841986,80.24176529218938,80.71792602539062,6145300.0
2020-01-16,SBUX,81.11473449923497,81.66143913393097,80.79729396649928,81.6349868774414,5180300.0
2020-01-17,SBUX,81.94358854551658,82.66664587231594,81.83777281692562,82.55201721191406,6962800.0
2020-01-21,SBUX,81.85542497631229,82.53439084085296,81.29108779015564,81.59088897705078,7094600.0
2020-01-22,SBUX,82.12877390876724,82.66665884048372,81.53798446817044,81.59088897705078,6157400.0
2020-01-23,SBUX,81.05300922526047,82.75484055311419,80.01251121039502,82.66666412353516,6100600.0
2020-01-24,SBUX,82.887120275338,83.00174897724777,80.54158789795396,81.15001678466797,7815500.0
2020-01-27,SBUX,78.15194442361222,78.87500176946823,77.19962975091022,78.24012756347656,11066500.0
2020-01-28,SBUX,78.52229220858793,78.6457405253343,77.34952647206872,78.12548828125,11922400.0
2020-01-29,SBUX,77.72869272046945,77.98440901838764,75.48015726709056,76.4677505493164,17678700.0
2020-01-30,SBUX,75.34789498590241,76.35312093514675,74.67774883802575,75.69178771972656,12224900.0
2020-01-31,SBUX,75.64771433275178,75.82406719260247,74.52785281766567,74.80120849609375,11693900.0
2020-02-03,SBUX,75.01282454764346,76.5294831846857,75.01282454764346,75.8416976928711,9090600.0
2020-02-04,SBUX,76.83810093551847,78.47820783980308,76.37957953517504,77.93150329589844,9997100.0
2020-02-05,SBUX,78.737669433854,79.02115313062059,76.74442279005576,77.56829833984375,9982700.0
2020-02-06,SBUX,77.6480296691641,77.69231998258573,76.31919860839844,76.31919860839844,8901400.0
2020-02-07,SBUX,75.97369044259355,76.7355539981413,75.58389790009475,76.5583724975586,8073900.0
2020-02-10,SBUX,76.56724281031481,77.62145090419773,76.33691021022611,77.54171752929688,7289300.0
2020-02-11,SBUX,77.8340612886763,78.16184203366132,77.3822568582989,77.52400207519531,5098500.0
2020-02-12,SBUX,77.70116443188115,78.93254708223633,77.41768080213284,78.46302795410156,7747800.0
2020-02-13,SBUX,78.40103505423843,80.18167062420115,78.18842397027983,79.66785430908203,8576600.0
2020-02-14,SBUX,79.88931805993252,80.09307511554061,78.8351099959285,79.0920181274414,5686900.0
2020-02-18,SBUX,79.17176081914756,79.26034820901086,78.21500078754094,79.04773712158203,5288800.0
2020-02-19,SBUX,79.27804615647582,80.11964307850724,79.10973217909607,79.85387420654297,5210800.0
2020-02-20,SBUX,79.49065795309063,79.95131630307779,77.71888363058476,78.4896011352539,5969200.0
2020-02-21,SBUX,77.9580882847399,78.30358381711726,77.07220091786785,77.39112091064453,5800500.0
2020-02-24,SBUX,74.88405150021772,76.23060396517994,74.64486490591692,74.87519073486328,8313600.0
2020-02-25,SBUX,75.31816058571863,75.61050511508041,72.35043848505748,72.81110382080078,9404000.0
2020-02-26,SBUX,73.17429380169077,73.74126116532467,71.4379554057139,71.46453094482422,10541500.0
2020-02-27,SBUX,69.83448951764338,71.64170021461504,68.5322342537386,69.35610961914062,17120800.0
2020-02-28,SBUX,67.4780186915564,69.81676009161887,67.07937220062068,69.4801254272461,19108600.0
2020-03-02,SBUX,69.0283436929312,73.00598293380072,68.79801783823557,72.97940063476562,14258700.0
2020-03-03,SBUX,72.90853221145944,73.19201589545246,69.19666202145176,69.63074493408203,12395900.0
2020-03-04,SBUX,70.24200903781498,71.04816301456206,68.99290462573718,70.57864379882812,10999600.0
2020-03-05,SBUX,69.01064018610501,69.01064018610501,66.68961241602321,67.49577331542969,12545300.0
2020-03-06,SBUX,65.07727879219314,67.07052517263564,63.82818124168329,66.74274444580078,18080100.0
2020-03-09,SBUX,62.525930355184926,65.58223898815636,62.08298668323057,62.74740219116211,15930300.0
2020-03-10,SBUX,64.279988604878,66.39725898389376,62.03869452858986,66.3263931274414,18414000.0
2020-03-11,SBUX,64.51917585300824,65.79484901197812,59.70880738172612,60.506107330322266,17138000.0
2020-03-12,SBUX,55.76660175350268,59.16840884877489,54.44662829507458,55.01359558105469,25170600.0
2020-03-13,SBUX,58.15851335081336,62.17158248046223,56.262711339572554,61.94124984741211,19247200.0
2020-03-16,SBUX,53.71135544241929,56.65250141860178,51.478918729282164,51.904144287109375,23354300.0
2020-03-17,SBUX,52.75458929170056,52.81660113382159,47.49241982133928,52.2496337890625,25045200.0
2020-03-18,SBUX,49.21103658449597,51.07140185689762,44.3120811213492,49.90203094482422,28770600.0
2020-03-19,SBUX,49.813436382653215,56.129813005562966,47.43925843859884,54.4023323059082,25167400.0
2020-03-20,SBUX,55.19076599480277,58.18506535751545,51.30172214249909,51.40802764892578,28420600.0
2020-03-23,SBUX,50.699331295255256,50.88536682278522,47.837915635894525,50.096927642822266,24905800.0
2020-03-24,SBUX,55.46539562705718,57.72441058851951,54.03911675878659,57.476356506347656,28286200.0
2020-03-25,SBUX,59.2038483708567,61.69318945754445,56.2449847291597,58.30023956298828,22977200.0
2020-03-26,SBUX,59.09753668949312,63.41180996102511,58.690029372076836,61.923519134521484,20997500.0
2020-03-27,SBUX,59.07097299635697,60.46181596505521,57.42322186671643,58.76976776123047,18950500.0
2020-03-30,SBUX,58.96465023428762,60.435226239608966,57.2105973523453,60.11630630493164,14199700.0
2020-03-31,SBUX,59.51390768914279,60.52381864676435,57.85729604381727,58.23822784423828,20109800.0
2020-04-01,SBUX,55.810900360556516,57.37006391388231,54.55294200628382,55.47426223754883,12880400.0
2020-04-02,SBUX,58.24709142538218,60.860456321942806,55.731171295558816,57.58267593383789,18175000.0
2020-04-03,SBUX,57.113159727013084,57.36120710878071,53.95054209190735,55.85519790649414,14676500.0
2020-04-06,SBUX,58.70775716299338,60.54154387745107,57.06001275704399,60.0543098449707,18010800.0
2020-04-07,SBUX,63.40295831528257,64.20911906002891,60.53268515091032,60.869319915771484,13799400.0
2020-04-08,SBUX,61.64002913248723,63.713001806269425,60.71870569121207,63.4029426574707,10417600.0
2020-04-09,SBUX,63.07517767105573,65.78599760335179,62.13613922716663,65.44935607910156,19748100.0
2020-04-13,SBUX,65.1304188425461,65.20129143507435,62.32215826174283,63.57126235961914,11191800.0
2020-04-14,SBUX,65.28102719223753,65.84799443575032,64.36856449592109,65.2633056640625,10912000.0
2020-04-15,SBUX,63.79275341691882,64.82924005038085,62.6410970961047,64.27113342285156,10642500.0
2020-04-16,SBUX,64.76721055807347,65.34303856160528,63.20804727003818,65.12156677246094,11946800.0
2020-04-17,SBUX,67.87668827556857,68.5588185319132,66.41497285907714,68.30191040039062,14268400.0
2020-04-20,SBUX,67.34516277858059,68.1956207010858,66.5124331492545,66.72504425048828,9684700.0
2020-04-21,SBUX,65.02412601723627,65.5202207183584,63.55354992636226,64.42172241210938,10345800.0
2020-04-22,SBUX,66.04290121946076,69.1523607903058,65.93659230981419,68.61196899414062,11347000.0
2020-04-23,SBUX,68.5056826711903,68.80688117993712,65.78600828978068,66.57444763183594,15513400.0
2020-04-24,SBUX,67.1059672705241,67.3540146489965,65.74169993014186,66.95536804199219,8456000.0
2020-04-27,SBUX,67.92982021408376,69.13462715963081,67.80579656605232,68.86885833740234,8258500.0
2020-04-28,SBUX,69.69273532153504,70.52547134384731,68.17786921796286,69.71045684814453,12801400.0
2020-04-29,SBUX,69.25866533080183,69.7636207918966,67.96527075955527,68.08929443359375,24575500.0
2020-04-30,SBUX,68.06273901056475,68.78030573080238,66.60988403497097,67.97415161132812,15186000.0
2020-05-01,SBUX,66.35294892523376,67.22111454781896,64.85579747805517,65.36961364746094,11216700.0
2020-05-04,SBUX,64.29769623110069,64.33313253105463,63.12832536775305,63.686431884765625,12921800.0
2020-05-05,SBUX,66.40613356529083,66.51244251026223,64.5723465069465,64.58120727539062,12976000.0
2020-05-06,SBUX,65.35188952068745,66.30864922730267,64.54573576034518,64.63432312011719,12740900.0
2020-05-07,SBUX,65.75686443363635,67.7346496137049,65.36487581201378,67.70792388916016,13360500.0
2020-05-08,SBUX,68.82153720586246,69.42734518389032,67.49410751760264,69.37389373779297,11917200.0
2020-05-11,SBUX,68.26027227225089,68.75917052924828,67.52973976865658,67.59210205078125,9004500.0
2020-05-12,SBUX,67.70791372945233,68.35826904936641,66.229027088075,66.2379379272461,8549900.0
2020-05-13,SBUX,66.33594048341766,67.48519410963507,64.96396344429715,65.58759307861328,11532700.0
2020-05-14,SBUX,64.42943191772716,66.18449358894858,62.94164107449114,66.09540557861328,11932300.0
2020-05-15,SBUX,64.8659678814463,66.49630497767616,64.74124330766713,66.06867980957031,9489100.0
2020-05-18,SBUX,68.47407940325041,69.0442507365423,67.88608639249279,67.9128189086914,8903200.0
2020-05-19,SBUX,68.06426660727251,68.79479902522661,67.49409529555116,67.58318328857422,6484900.0
2020-05-20,SBUX,68.80371402677196,69.34715285618822,68.17117360498496,69.27588653564453,7790500.0
2020-05-21,SBUX,70.02425112125677,70.71914719576166,69.39171734069511,69.53426361083984,10312600.0
2020-05-22,SBUX,69.40062561919879,69.53426104327991,68.17118787402853,69.15117645263672,7653300.0
2020-05-26,SBUX,70.91512745678543,71.20021312989596,69.1155254197087,69.27588653564453,8422200.0
2020-05-27,SBUX,70.36278251892765,70.36278251892765,68.94625810009833,70.02423858642578,8245300.0
2020-05-28,SBUX,70.05988269173044,71.32495016262206,69.42734895628463,69.97079467773438,8331400.0
2020-05-29,SBUX,70.04207187841584,70.0598867634585,68.83045578610941,69.48080444335938,10043600.0
2020-06-01,SBUX,69.18680164927193,70.06878442810154,68.39390007588416,69.77478790283203,7922000.0
2020-06-02,SBUX,69.4629731261481,69.72133307852022,68.41171843583129,69.293701171875,9521000.0
2020-06-03,SBUX,69.89060183737,71.22694226865416,69.75697323182472,70.8973159790039,9956700.0
2020-06-04,SBUX,70.65677303561559,71.42294211652128,69.90842563397511,70.14896392822266,7667600.0
2020-06-05,SBUX,71.56547866534808,73.34726571960113,71.24475645182429,73.17799377441406,12030800.0
2020-06-08,SBUX,74.01545949356928,74.4965429674356,73.21365370379208,74.44308471679688,10229600.0
2020-06-09,SBUX,73.60565039755875,74.14018533410052,72.83948116295602,73.38292694091797,7999800.0
2020-06-10,SBUX,71.1645688281528,71.29820420972237,69.6678675079248,70.38949584960938,19683800.0
2020-06-11,SBUX,67.48520310621595,68.41173344304781,64.27798689224724,64.65216064453125,26422200.0
2020-06-12,SBUX,66.81703206952878,68.3493704258401,65.756866318992,68.04646301269531,18529800.0
2020-06-15,SBUX,66.19342001644223,69.40954756483754,65.9974222693629,68.56319427490234,14644700.0
2020-06-16,SBUX,70.19352113056773,70.32715655580002,68.05537471779144,69.34716796875,10890100.0
2020-06-17,SBUX,69.55207235263555,69.7480700582821,68.31373062730111,68.68790435791016,6906700.0
2020-06-18,SBUX,68.34935470351574,68.4117169805563,67.5297342632744,67.98408508300781,8486000.0
2020-06-19,SBUX,68.6255398886552,68.93735132092048,66.71011709476925,67.17338562011719,12538600.0
2020-06-22,SBUX,66.72793877488695,67.39610904273232,65.8548599675647,67.17338562011719,8238600.0
2020-06-23,SBUX,68.00192487748215,68.03756144485368,66.87939679470998,67.25357055664062,8076600.0
2020-06-24,SBUX,66.72795113468955,66.7457660211276,64.14435759440755,65.60542297363281,12306400.0
2020-06-25,SBUX,65.23123516612704,66.02412998333513,64.29579410012772,65.79249572753906,8624800.0
2020-06-26,SBUX,65.59648018632831,65.7212047215957,63.476156289805274,63.7612419128418,17627800.0
2020-06-29,SBUX,63.61871075720417,65.48067498749633,63.30689258158585,65.46286010742188,8653000.0
2020-06-30,SBUX,65.5519708943208,65.81923497023561,64.86597882581343,65.56087493896484,11324000.0
2020-07-01,SBUX,65.92613224833715,66.54085106190234,65.373775720425,65.9528579711914,6750000.0
2020-07-02,SBUX,66.85267648922287,66.8972171043137,65.6054237180061,65.73014831542969,6544400.0
2020-07-06,SBUX,66.7546648343945,67.24465908540814,66.06867967995488,67.20902252197266,7235300.0
2020-07-07,SBUX,66.93285656413643,67.021951392126,65.92614889947653,66.14887237548828,7515100.0
2020-07-08,SBUX,65.98848001322604,66.37156448279106,65.32922073896688,66.05084228515625,7346200.0
2020-07-09,SBUX,65.68559128937596,66.1221272712939,64.08198001317663,65.54304504394531,9618200.0
2020-07-10,SBUX,65.03522533209535,66.4250170134743,64.80359111953953,66.18447875976562,7524200.0
2020-07-13,SBUX,66.42503020289814,66.67447934426853,64.5808805683621,64.72342681884766,9464500.0
2020-07-14,SBUX,64.14433768980518,65.00850554897607,63.983976573701526,64.79469299316406,8780900.0
2020-07-15,SBUX,66.33594451184521,67.53864965516352,65.89049765898808,67.3604736328125,10300700.0
2020-07-16,SBUX,66.72795551657016,66.94176815277088,65.64106385399641,66.27359771728516,6649300.0
2020-07-17,SBUX,66.30921811700742,66.41612780752362,65.22232671952084,66.06867980957031,6087500.0
2020-07-20,SBUX,66.06866893781567,67.01301392588645,65.59648964680191,66.78137969970703,8832700.0
2020-07-21,SBUX,67.5119231157051,68.42063849086142,67.05756542812695,67.20902252197266,10637500.0
2020-07-22,SBUX,67.28029885837029,68.89282130800194,66.92394676497459,68.81263732910156,9213100.0
2020-07-23,SBUX,68.4919196968171,68.66119171065577,66.72795360400332,67.13776397705078,7795100.0
2020-07-24,SBUX,67.06648546449209,67.70793010032784,66.91503514685876,67.51193237304688,5673400.0
2020-07-27,SBUX,67.60991249451392,68.34044495015334,67.29810110435902,68.11772155761719,6771100.0
2020-07-28,SBUX,67.97519422538677,68.0553713984275,66.42503424346863,66.49630737304688,12273400.0
2020-07-29,SBUX,69.0977241667966,69.92625571121195,68.50973776587828,68.9729995727539,15261100.0
2020-07-30,SBUX,68.2691882190644,68.58100648103967,67.17339267108447,68.2780990600586,7889800.0
2020-07-31,SBUX,67.92174707749922,68.18901795859739,67.24467262681733,68.18010711669922,7423800.0
2020-08-03,SBUX,68.13556060139152,68.24246350698951,67.20903023665413,67.26248168945312,7138300.0
2020-08-04,SBUX,67.14666546660757,67.25356836826337,66.60321972659052,66.93284606933594,12792400.0
2020-08-05,SBUX,67.12884775981054,67.69901925900224,67.11103287413972,67.51193237304688,7780800.0
2020-08-06,SBUX,67.35964396274764,68.00457784369829,67.1267564877017,67.77169036865234,6764800.0
2020-08-07,SBUX,67.61046059444253,68.0135408750948,67.36860695888788,67.88813781738281,6569300.0
2020-08-10,SBUX,67.91499510587016,69.57211246041399,67.9060357938697,69.3929672241211,6604300.0
2020-08-11,SBUX,70.10957652028121,71.64129814667643,69.86772969366632,70.64702606201172,10238500.0
2020-08-12,SBUX,71.29191879596085,71.38149823230947,70.46783991958506,71.02320098876953,5378000.0
2020-08-13,SBUX,70.6917841972731,71.33671795419944,70.62012337229184,70.78135681152344,4383400.0
2020-08-14,SBUX,70.35140896170985,70.7007469580957,69.8856204105602,70.19913482666016,3771300.0
2020-08-17,SBUX,70.40514327088052,70.72761012891425,69.97519201613684,70.7186508178711,5360400.0
2020-08-18,SBUX,70.89783831409822,71.08594293633482,70.1812434193304,70.7545166015625,5272700.0
2020-08-19,SBUX,70.92470053091782,71.11280512956122,69.35715537493488,69.53630065917969,6840600.0
2020-08-20,SBUX,68.99885931690656,69.55422064321371,68.48828772951057,69.16905212402344,5099500.0
2020-08-21,SBUX,68.91823948489348,69.21382849837136,68.6943044793761,69.03468322753906,5594100.0
2020-08-24,SBUX,69.60795302538571,70.88886147013761,69.19591345466218,70.47682189941406,5867400.0
2020-08-25,SBUX,71.71293996660889,74.4091191956537,71.47109318112483,74.09561157226562,17659500.0
2020-08-26,SBUX,73.82688460790749,74.12248042983087,73.34318421765654,73.81793212890625,7934300.0
2020-08-27,SBUX,74.1224847741403,74.91969282499481,73.89854977482265,74.71367645263672,9099200.0
2020-08-28,SBUX,75.05405670763336,76.3976667306831,74.7315897553851,76.13790130615234,9303900.0
2020-08-31,SBUX,75.8064847279574,76.46037802967919,75.26904201684562,75.66316986083984,6401600.0
2020-09-01,SBUX,75.86917570168066,77.11425376210738,75.44818363978666,77.07843017578125,8166100.0
2020-09-02,SBUX,77.4904678108901,79.49692345847585,77.29340392127874,79.13862609863281,11378900.0
2020-09-03,SBUX,79.36256463280672,79.70295021511346,76.75596472078755,77.4636001586914,11036600.0
2020-09-04,SBUX,78.00999636241959,78.62805917339186,76.41558019366327,77.2754898071289,10349400.0
2020-09-08,SBUX,76.37973234839359,78.44889600416924,75.93186243309317,76.50514221191406,11083100.0
2020-09-09,SBUX,76.97092753091158,77.7770947830949,75.65418882467098,76.9082260131836,6928700.0
2020-09-10,SBUX,76.85449678237505,77.99208360576124,75.71690312503482,76.03041076660156,7552000.0
2020-09-11,SBUX,76.09310896167146,76.89927631463911,75.37652107433091,76.37974548339844,7103300.0
2020-09-14,SBUX,76.80970505603506,77.98312227002586,76.71117310924687,77.59795379638672,5535800.0
2020-09-15,SBUX,78.09061987744906,79.04906148269122,78.08166056320724,78.56536102294922,8361900.0
2020-09-16,SBUX,78.82511809462297,80.10602653701874,78.60118310003597,79.16549682617188,7146400.0
2020-09-17,SBUX,77.97415375566482,78.21600049916758,76.46035127899736,77.70542907714844,7386600.0
2020-09-18,SBUX,77.7591938491543,78.14436235538298,75.77960910028973,76.0931167602539,10113400.0
2020-09-21,SBUX,74.22101230320499,75.19736556182325,73.22674041869361,75.14362335205078,7188800.0
2020-09-22,SBUX,75.28695190627168,75.59150023476272,74.50765562355875,75.19737243652344,4465000.0
2020-09-23,SBUX,75.58252596292667,76.04831451120158,74.1851739860073,74.33744812011719,6414700.0
2020-09-24,SBUX,74.01499884855201,75.36756825541819,73.37902422472928,74.38225555419922,4881500.0
2020-09-25,SBUX,73.92540852992165,75.86020988105919,73.64773136402704,75.51087188720703,5981500.0
2020-09-28,SBUX,76.6036690835087,77.24860286993837,76.12892805570708,77.09632873535156,5976200.0
2020-09-29,SBUX,77.25756801272094,77.25756801272094,75.8064668837371,75.95874786376953,4064000.0
2020-09-30,SBUX,77.5979650288938,78.07271303848239,76.55891003138588,76.96199035644531,10134400.0
2020-10-01,SBUX,77.9652045105764,78.3324543290841,77.21277941395167,77.69647979736328,7241200.0
2020-10-02,SBUX,76.27226316809463,78.04582455971321,76.21851412044133,77.5442123413086,5602300.0
2020-10-05,SBUX,78.17125467203998,79.43425180277286,78.10855312303627,79.24614715576172,7004800.0
2020-10-06,SBUX,79.40735228517221,79.9716660243688,77.75023465366624,77.93833923339844,7951100.0
2020-10-07,SBUX,78.6638739117544,79.70293542542373,78.32349522656241,79.22818756103516,5179300.0
2020-10-08,SBUX,79.23716841290242,80.26727089452405,79.19238550828256,80.19561004638672,4958800.0
2020-10-09,SBUX,80.43746759458858,80.91220877706151,80.24040366964776,80.62557220458984,6197700.0
2020-10-12,SBUX,81.02864817196796,81.60192128603987,80.5539070150604,81.3152847290039,5909100.0
2020-10-13,SBUX,81.13611969165422,81.3779664514836,80.41056574426021,80.7599105834961,5732000.0
2020-10-14,SBUX,80.76887978602069,81.15404828620878,79.32673773884818,79.99854278564453,4760700.0
2020-10-15,SBUX,78.96843650690705,79.60441104516855,78.5295190152147,79.5685806274414,5002200.0
2020-10-16,SBUX,80.07019743832019,80.28517312316202,79.21924717843729,79.29090118408203,4721300.0
2020-10-19,SBUX,79.45212463515644,80.23142079110443,78.25183647606141,78.46681213378906,5426600.0
2020-10-20,SBUX,79.434226069124,80.36579651964048,78.86095299710678,79.28195190429688,4939700.0
2020-10-21,SBUX,79.1655027769364,79.864185753088,78.99531681534614,79.06697082519531,4119200.0
2020-10-22,SBUX,78.84304720209113,80.06125438689301,78.55641061942923,80.04334259033203,4257800.0
2020-10-23,SBUX,80.43745850536128,81.47651340042742,80.11499154352423,81.33319854736328,7811500.0
2020-10-26,SBUX,80.64346928450408,81.6287818954511,79.40735057265641,80.31204986572266,7756400.0
2020-10-27,SBUX,80.15081308848295,80.9301024649868,79.87312905912731,80.66138458251953,8027500.0
2020-10-28,SBUX,79.40735567178422,79.67607358259615,77.58004517565573,78.08165740966797,12738800.0
2020-10-29,SBUX,78.08165855146888,79.81939643607129,77.58004631012147,79.0938491821289,8440000.0
2020-10-30,SBUX,78.60118245527009,79.17445548999395,76.7022112565263,77.89354705810547,11400700.0
2020-11-02,SBUX,78.41307876999751,78.61909513864806,76.54097865573684,77.00676727294922,8904900.0
2020-11-03,SBUX,77.73231935771237,79.77460554969814,77.19487670202467,79.1744613647461,6910400.0
2020-11-04,SBUX,79.63128924239233,81.77210734609994,79.48796755871875,80.42849731445312,10509400.0
2020-11-05,SBUX,81.23467571875231,81.65567467920448,80.52704018602815,81.1719741821289,6169700.0
2020-11-06,SBUX,80.75095207854618,81.69147485834459,80.41952586054884,81.19882202148438,6626100.0
2020-11-09,SBUX,87.17341265139993,87.46900847840833,85.6685692449387,85.883544921875,16225800.0
2020-11-10,SBUX,84.3626186413202,85.73956238444988,83.82264164525483,84.52461242675781,10474700.0
2020-11-11,SBUX,84.69561073829293,86.24354988305197,84.61461040964934,85.53257751464844,8296500.0
2020-11-12,SBUX,85.19057800705944,85.2805730153061,83.39065037741031,84.17361450195312,7058400.0
2020-11-13,SBUX,84.93856901902163,86.0275242398347,84.32659344649599,86.00052642822266,5516100.0
2020-11-16,SBUX,87.1074890747673,88.02544904585717,86.41451316696198,87.99845123291016,9371300.0
2020-11-17,SBUX,87.48550076813349,88.89844399209298,87.12551379015683,88.7364501953125,8722300.0
2020-11-18,SBUX,88.76343145688884,89.39341026736084,88.11546325683594,88.11546325683594,6039500.0
2020-11-19,SBUX,87.51246852078584,88.1244441132184,87.17048478561225,87.98045349121094,4252300.0
2020-11-20,SBUX,87.67448549063778,87.78248363539032,87.25150133974859,87.30550384521484,4609700.0
2020-11-23,SBUX,87.85446229957222,88.07045167348417,86.77450169765561,87.18848419189453,4803200.0
2020-11-24,SBUX,87.75546611567921,88.84442141596826,87.65646955509126,88.46643829345703,6319900.0
2020-11-25,SBUX,88.64642618793638,88.68242556058354,88.14244870323279,88.37643432617188,4027100.0
2020-11-27,SBUX,88.62844964056902,89.07843159944112,88.4484527373123,88.79044342041016,2169700.0
2020-11-30,SBUX,88.37644077713202,88.45744108804523,87.26048760832533,88.21444702148438,5197300.0
2020-12-01,SBUX,89.096411474665,89.33040397278502,88.421438660463,88.93441772460938,4970000.0
2020-12-02,SBUX,88.6554321282668,89.13241182359803,88.3854402531615,89.01541900634766,3377900.0
2020-12-03,SBUX,89.1144562429736,90.8963884636788,89.06946215057224,90.09542083740234,6264100.0
2020-12-04,SBUX,91.21133503965373,92.64228113494603,90.95934625964736,92.04830169677734,6952700.0
2020-12-07,SBUX,91.80531968104573,91.99431127676192,90.6173676035584,91.26534271240234,4514800.0
2020-12-08,SBUX,90.3293684865463,91.40932229300559,90.00538097137274,91.08533477783203,3911300.0
2020-12-09,SBUX,91.74233736635323,91.98532463850106,90.08639994552443,90.35639190673828,6629900.0
2020-12-10,SBUX,93.15526876167344,95.47717049386448,92.47129424907689,94.84719848632812,12939200.0
2020-12-11,SBUX,93.96521835654603,94.29820054941992,92.09329211019156,92.6962661743164,6262600.0
2020-12-14,SBUX,93.44323635758147,94.23520197344419,92.92125574281408,92.9842529296875,5156200.0
2020-12-15,SBUX,93.81222011555239,94.37020011676665,93.39823761123674,93.75822448730469,5195200.0
2020-12-16,SBUX,93.686226331729,94.31620508537925,92.44427881092264,92.93925476074219,6409300.0
2020-12-17,SBUX,93.191252793319,93.63223312595991,92.34528463724234,92.88526153564453,4535700.0
2020-12-18,SBUX,92.99326601453245,93.69523671702756,92.65127535811128,92.9482650756836,10215000.0
2020-12-21,SBUX,91.09434166366488,92.83127216248313,90.0143809278924,92.64228057861328,7175900.0
2020-12-22,SBUX,91.90431573694318,92.84927371014936,91.69732101928108,92.1653060913086,4302700.0
2020-12-23,SBUX,92.05730599255371,92.4172929173337,91.76931782596562,91.85031127929688,3817300.0
2020-12-24,SBUX,92.06630344752185,92.1202990806677,91.50832339569098,91.80531311035156,1949200.0
2020-12-28,SBUX,92.62428222877955,93.93822868874712,92.07530370470123,93.90222930908203,5055200.0
2020-12-29,SBUX,94.39721526550265,95.19818260709557,94.01923206600078,95.06318664550781,4780900.0
2020-12-30,SBUX,95.38715976778722,95.95414134739403,95.19816819664456,95.3691635131836,3654100.0
2020-12-31,SBUX,95.39616959905315,96.4221278548807,95.05418580250377,96.27813720703125,3566300.0
2021-01-04,SBUX,96.89012583746053,96.97111930027425,91.922320799476,92.78628540039062,8041500.0
2021-01-05,SBUX,92.62426963284638,93.83022465600101,92.51627837471639,93.09225463867188,5721900.0
2021-01-06,SBUX,92.68726653168541,94.68518719497308,92.6152746485506,93.76722717285156,5017200.0
2021-01-07,SBUX,94.03724234972071,94.17223833144418,92.65129687864277,93.01128387451172,5057000.0
2021-01-08,SBUX,93.47024969339715,95.18018244901121,93.07426338661634,95.09918212890625,5869700.0
2021-01-11,SBUX,94.58619712479458,95.0721784167564,93.83922549828775,94.13621520996094,4257400.0
2021-01-12,SBUX,93.60524572071624,93.88423232824447,92.07530299455802,92.53428649902344,4332600.0
2021-01-13,SBUX,92.08430327633955,93.038262785222,91.33733161333414,92.59728240966797,4804500.0
2021-01-14,SBUX,93.4162468679152,93.76723220693844,91.53531892164645,91.63431549072266,4528300.0
2021-01-15,SBUX,91.23832255364805,92.41727973580163,91.08533036394626,92.09329223632812,5522900.0
2021-01-19,SBUX,92.51627245620534,93.23623930700218,91.20231939279913,92.28227996826172,6519600.0
2021-01-20,SBUX,92.16532337187559,95.26119509250066,91.97632487561837,94.91020965576172,5844300.0
2021-01-21,SBUX,94.9101985412239,94.93719636147593,94.00123301771853,94.11823272705078,5731500.0
2021-01-22,SBUX,93.7402421322979,94.01922874118154,92.75027635978256,93.51525115966797,5231600.0
2021-01-25,SBUX,93.37125687659585,93.55124691446434,91.94931223242332,93.10126495361328,5009000.0
2021-01-26,SBUX,93.05627738634442,94.68521000138846,92.91227985303341,94.21723175048828,7195300.0
2021-01-27,SBUX,91.32833003222262,91.59831505425089,87.0535019547419,88.07946014404297,18139500.0
2021-01-28,SBUX,89.04242366668964,90.47336286270175,88.28645047797863,88.33145141601562,8868200.0
2021-01-29,SBUX,87.64747657828309,88.00746348238481,86.32452865376221,87.12549591064453,8203000.0
2021-02-01,SBUX,87.28749111558939,89.65440041447295,87.22449392129472,88.71843719482422,7206300.0
2021-02-02,SBUX,89.1414112602751,92.22828716543559,88.89841720523307,91.48131561279297,6917700.0
2021-02-03,SBUX,91.12133949349187,92.38129025231675,90.72535320370082,90.91434478759766,3934800.0
2021-02-04,SBUX,91.22033841869685,93.81223189264848,90.99534745118154,93.27225494384766,6926800.0
2021-02-05,SBUX,94.57719942636852,96.7821150188065,94.29821282495557,95.82815551757812,8072100.0
2021-02-08,SBUX,95.77415575242482,95.87315232985331,94.802193101043,95.63016510009766,4836600.0
2021-02-09,SBUX,95.39616884017977,96.14314048935856,94.69419813032185,95.59416198730469,4095200.0
2021-02-10,SBUX,96.09814602873564,96.20614417067911,94.4332141543077,95.27918243408203,4293200.0
2021-02-11,SBUX,95.5041646387628,95.60316120990375,94.52320048823313,95.27017211914062,2976000.0
2021-02-12,SBUX,95.16216897271451,95.34216584993123,94.24420893053501,94.76618957519531,3169800.0
2021-02-16,SBUX,94.38820811786113,95.92714551005577,94.22621434677856,95.53116607666016,4928100.0
2021-02-17,SBUX,94.99792093389152,95.31424789781947,94.13027830622741,94.39237976074219,5733800.0
2021-02-18,SBUX,93.79586516770266,95.20578347940912,93.46146535528572,94.87138366699219,4098700.0
2021-02-19,SBUX,94.67256626048156,95.15157670965537,93.2897604293461,93.42533111572266,4128900.0
2021-02-22,SBUX,93.08187483443959,93.08187483443959,91.96117060738405,92.01539611816406,5211800.0
2021-02-23,SBUX,93.39819230269553,93.39819230269553,90.3162542680398,91.61772155761719,8740300.0
2021-02-24,SBUX,91.42792758450923,94.45564018645017,90.92179757342937,94.33814239501953,7542700.0
2021-02-25,SBUX,93.99471170223906,95.59442635780596,93.19033443257392,93.51570129394531,7534000.0
2021-02-26,SBUX,94.13029261460781,98.94752376816578,93.70550767187294,97.63701629638672,15122900.0
2021-03-01,SBUX,98.15214656277709,99.84224588353402,96.29033086175535,96.58858489990234,7930300.0
2021-03-02,SBUX,96.9862664792584,97.83583622436626,95.63961348180426,96.88684844970703,5016800.0
2021-03-03,SBUX,96.65186281055638,97.57373089885101,95.910751007681,96.00112915039062,5313400.0
2021-03-04,SBUX,96.03728955547189,96.85973968469477,93.85913959429445,94.79908752441406,7211800.0
2021-03-05,SBUX,95.85654166459116,95.85654166459116,92.86498098017996,95.07927703857422,5559900.0
2021-03-08,SBUX,94.7177519712537,96.60668087381667,94.20258891642644,94.92562103271484,5119500.0
2021-03-09,SBUX,96.0553488858005,97.58276491884203,95.64864382033744,96.29937744140625,5510900.0
2021-03-10,SBUX,96.90491817660205,98.57693784383301,96.66992950424331,97.41104125976562,6077000.0
2021-03-11,SBUX,97.98044835046673,98.12505200778747,96.94108241279433,96.99530792236328,4670700.0
2021-03-12,SBUX,97.08568416123511,97.60084717824309,96.32649946055412,97.43816375732422,3356000.0
2021-03-15,SBUX,97.51047414452422,98.468494953823,96.76032239232455,98.42330932617188,7107300.0
2021-03-16,SBUX,99.93263602064211,101.53235050718916,99.31805500247614,100.62855529785156,11376200.0
2021-03-17,SBUX,100.60144601086951,100.73701667602303,98.45041582088403,99.83322143554688,10128400.0
2021-03-18,SBUX,98.76675327709617,99.66150872958526,97.15799868126749,97.2664566040039,7813400.0
2021-03-19,SBUX,97.92620355446897,98.37810113145814,95.64864280042393,96.10957336425781,21452000.0
2021-03-22,SBUX,96.16383631833342,97.98950007549206,95.80231676278767,97.22127532958984,7605100.0
2021-03-23,SBUX,97.37491246496492,97.56470866761663,95.50405630121337,96.02825927734375,5657800.0
2021-03-24,SBUX,96.37168012001646,96.95914838169755,94.84427091413785,94.87138366699219,5731300.0
2021-03-25,SBUX,94.9075451263433,97.33874976225434,94.04893546547194,97.02242279052734,8149000.0
2021-03-26,SBUX,96.93203634438018,99.41747317372325,96.86877095544966,99.32709503173828,6167600.0
2021-03-29,SBUX,98.5227440273217,99.64344845565404,96.33555379576379,98.63119506835938,5167100.0
2021-03-30,SBUX,97.98946418991277,99.82416716029572,97.8629334261215,99.66148376464844,4552900.0
2021-03-31,SBUX,99.71574876619155,100.88164566699876,98.68542255532223,98.75772094726562,6478400.0
2021-04-01,SBUX,99.47170538913856,99.47170538913856,97.79064563227269,98.85712432861328,5793000.0
2021-04-05,SBUX,99.33615653968356,100.637617237493,99.30000389593722,100.33936309814453,6913100.0
2021-04-06,SBUX,100.66472085652583,102.86998365694186,100.41165926869012,102.26444244384766,6745200.0
2021-04-07,SBUX,102.04752893860379,102.81575355176754,101.81254023379002,102.30059051513672,5629600.0
2021-04-08,SBUX,102.71634717112772,102.9965215347283,101.83966454196408,102.16503143310547,5011300.0
2021-04-09,SBUX,102.04753560310724,102.37289558317613,101.19796577319674,102.29155731201172,4114300.0
2021-04-12,SBUX,102.1469399243447,102.93324430346964,101.92099110343175,102.8609390258789,4707800.0
2021-04-13,SBUX,102.83383486845622,104.47874214641489,102.74345671161679,104.26183319091797,4607400.0
2021-04-14,SBUX,104.13529545769947,105.05716362873102,103.68339780818361,104.08106994628906,3994600.0
2021-04-15,SBUX,104.02684216013007,105.6446366447053,103.73762792741005,105.436767578125,5079100.0
2021-04-16,SBUX,106.48516860883745,107.09974972696901,105.6898311776013,106.95513916015625,5777900.0
2021-04-19,SBUX,106.80151724663419,107.53359632250177,105.78023076935908,106.2863540649414,4889700.0
2021-04-20,SBUX,105.70790291710904,105.97904427926952,104.25279185736449,105.08428192138672,5662400.0
2021-04-21,SBUX,104.92160297056539,105.9790488118881,104.7137338933751,105.50907135009766,4397400.0
2021-04-22,SBUX,105.6265616576099,105.63559464612479,104.14433788266258,104.76795196533203,5744900.0
2021-04-23,SBUX,104.85833738706597,106.62978240715064,104.69565394217703,106.25018310546875,4555800.0
2021-04-26,SBUX,105.69886004278432,105.9700013972744,103.99068743756563,104.76795196533203,5924900.0
2021-04-27,SBUX,104.54199768325228,105.1927313837642,104.18047819458891,104.97582244873047,7260900.0
2021-04-28,SBUX,102.52654157227225,103.16823541116352,100.87259450976339,101.58659362792969,14793500.0
2021-04-29,SBUX,102.31866313461924,104.07202818971896,101.91195801553835,103.60205078125,8936600.0
2021-04-30,SBUX,103.03265952675096,103.89126226464298,102.57172201394263,103.47551727294922,6478700.0
2021-05-03,SBUX,104.09913845224611,105.50905685307042,104.05394593102558,104.58718872070312,5049800.0
2021-05-04,SBUX,104.07203569684884,104.29798453383923,102.61692463499793,103.13208770751953,6265100.0
2021-05-05,SBUX,103.22245742350064,103.82799860222553,102.27347652297894,102.56269073486328,4677700.0
2021-05-06,SBUX,102.71633586719759,103.76473481573454,102.21924570059979,103.70146942138672,4113300.0
2021-05-07,SBUX,104.03587679903292,104.69564350193782,103.24957241124466,103.33995056152344,4867500.0
2021-05-10,SBUX,103.5478241800302,104.9215899613841,103.22245733002862,103.30380249023438,5759500.0
2021-05-11,SBUX,102.41808534621201,102.75249209682818,101.3787193495395,102.62596130371094,7775400.0
2021-05-12,SBUX,101.50985768799909,101.9816980736249,99.41377927435666,99.62248229980469,7965300.0
2021-05-13,SBUX,99.95824126630993,100.88377746047335,99.05084985433332,100.25767517089844,7999400.0
2021-05-14,SBUX,100.72950923661281,101.2557909244702,100.03988991647871,100.90190887451172,6836300.0
2021-05-17,SBUX,100.920065377981,100.96543079101934,99.65879197626339,100.7022933959961,4521200.0
2021-05-18,SBUX,101.05615566315572,101.81836091218955,100.7294942927569,100.783935546875,5177300.0
2021-05-19,SBUX,99.4500860957242,99.75860274070737,98.79676324549752,99.51360321044922,5997400.0
2021-05-20,SBUX,99.79489842316396,101.34653671858045,99.69508482613311,101.09246826171875,5345500.0
2021-05-21,SBUX,101.29208172812113,101.82744616012495,100.33024922809034,100.64783477783203,5146500.0
2021-05-24,SBUX,101.4463620418945,102.56244959538182,101.19228663281773,102.09967803955078,5476100.0
2021-05-25,SBUX,102.46263775142924,102.67134082462483,101.7911700372799,102.19949340820312,5391800.0
2021-05-26,SBUX,102.80743913366608,103.32465190818895,102.19948168903512,102.39910888671875,3841600.0
2021-05-27,SBUX,102.96170461141675,103.52428285614786,102.31745753973776,102.99800109863281,7378400.0
2021-05-28,SBUX,103.76017703728117,103.76017703728117,102.58057269122081,103.33370208740234,4239800.0
2021-06-01,SBUX,103.95073789925819,104.00518608101531,102.62594752393062,102.84371948242188,4306900.0
2021-06-02,SBUX,103.17945660250334,103.17945660250334,102.3083618467888,102.53520965576172,5045000.0
2021-06-03,SBUX,101.63690051063871,101.84559663091312,99.94915215443292,100.8293228149414,5723900.0
2021-06-04,SBUX,101.28302116962868,101.69134449263161,100.76580839649667,101.6187515258789,4477500.0
2021-06-07,SBUX,101.60965727748386,101.88187045070538,100.71133511417239,101.01985168457031,4009000.0
2021-06-08,SBUX,101.06524177120865,101.61875102498871,100.59340133533442,101.19227600097656,4669800.0
2021-06-09,SBUX,101.3919035075209,101.80023375260745,101.01987666858923,101.0743179321289,3669400.0
2021-06-10,SBUX,101.44634020758582,102.01799417856556,101.11967881764153,101.81836700439453,3833200.0
2021-06-11,SBUX,101.8818873708742,102.38095532226393,101.80022548219901,102.13595581054688,3231200.0
2021-06-14,SBUX,102.3355735557253,102.7439037299903,101.17411398268247,102.0361328125,4222400.0
2021-06-15,SBUX,102.04522791676808,102.08152440062989,101.22857433699376,101.52801513671875,3487300.0
2021-06-16,SBUX,102.00892882018134,102.14503890046532,99.99451901594797,101.0470962524414,4822000.0
2021-06-17,SBUX,100.72043587342834,101.5824548527561,100.45729156157603,101.0743179321289,4008500.0
2021-06-18,SBUX,100.48450499058191,100.49358084147008,99.14156981865888,99.54081726074219,7024400.0
2021-06-21,SBUX,99.81303617860635,101.05616466687346,99.52267125936423,100.69320678710938,5628500.0
2021-06-22,SBUX,100.78394280227711,101.86374057232109,100.35746782006325,101.49170684814453,3583500.0
2021-06-23,SBUX,100.97450819013933,101.60061043614289,100.84747395513087,101.22857666015625,3552100.0
2021-06-24,SBUX,101.42820018028777,102.45355679784248,101.42820018028777,101.6187515258789,3840000.0
2021-06-25,SBUX,102.30838123471328,102.73485630405675,101.82746489621007,102.57152557373047,12171200.0
2021-06-28,SBUX,102.47171387063408,102.58060333382555,101.12877151599453,101.84561157226562,4546600.0
2021-06-29,SBUX,101.69134250267983,102.25392759973491,101.20135037095693,101.87281799316406,3789500.0
2021-06-30,SBUX,101.93633774052263,102.16318557091138,100.96542930337264,101.4554214477539,6759100.0
2021-07-01,SBUX,101.58243701374343,102.9798202229184,101.45540280589526,102.90723419189453,4810600.0
2021-07-02,SBUX,103.41538551247501,104.62221757896299,103.17946184076888,104.3227767944336,4722000.0
2021-07-06,SBUX,104.42260721204073,105.12129556565715,103.73298778825576,105.01241302490234,5294700.0
2021-07-07,SBUX,105.14849418357655,106.86346306983573,104.9397980755977,106.29180908203125,5382300.0
2021-07-08,SBUX,104.75832177593117,105.94700907466657,104.56777043556431,105.2483139038086,4486100.0
2021-07-09,SBUX,105.31183015519608,106.83624778849844,105.25738889349296,106.59125518798828,3533600.0
2021-07-12,SBUX,106.8453236371023,107.77993555149546,106.51866222119939,107.48957061767578,5683400.0
2021-07-13,SBUX,107.5621629366407,108.87787752074637,107.48049412173181,108.47863006591797,5529300.0
2021-07-14,SBUX,108.83250907507872,109.64008673623515,108.59658541095618,108.70547485351562,5701800.0
2021-07-15,SBUX,108.24271174819533,108.50585606259908,107.23550682586755,107.95234680175781,6467500.0
2021-07-16,SBUX,108.59660772115419,109.32252364165835,107.52588554597656,107.73458862304688,5024800.0
2021-07-19,SBUX,106.65477541660113,106.66385126809881,103.74205014201165,104.64036560058594,7731300.0
2021-07-20,SBUX,104.92165194544899,107.13568889939091,104.64943871325937,106.54588317871094,5117800.0
2021-07-21,SBUX,106.65477291640646,108.56936908960417,106.60033165438915,108.22455596923828,4377500.0
2021-07-22,SBUX,108.28805869070548,111.53652073436483,108.04306612134184,111.27337646484375,7172300.0
2021-07-23,SBUX,113.01556814499936,114.62164740095702,112.44390730179897,114.30406188964844,7934200.0
2021-07-26,SBUX,114.09536203565737,114.42202340569827,112.74335115139343,114.38572692871094,4827500.0
2021-07-27,SBUX,114.40388520797276,114.47647816612225,113.25149449659773,114.35851287841797,6110900.0
2021-07-28,SBUX,111.20987940660575,111.90857460886383,110.14823320991623,111.07377624511719,11747000.0
2021-07-29,SBUX,111.54562259344821,112.03561476927183,110.82878257267924,111.04655456542969,6618400.0
2021-07-30,SBUX,110.87414385439473,111.59098380368015,109.88508374918204,110.18452453613281,5712300.0
2021-08-02,SBUX,110.72894490137034,111.5909706785191,108.95045901427444,109.2226791381836,5996800.0
2021-08-03,SBUX,109.40414139312632,109.56747206317776,106.63659585137825,108.09749603271484,6030500.0
2021-08-04,SBUX,108.09751300786644,108.17010596658776,106.68198492702876,107.29901123046875,6675500.0
2021-08-05,SBUX,107.72548584181547,108.06121615977618,107.17197664843394,108.00677490234375,4281900.0
2021-08-06,SBUX,108.10659475220749,108.17011186384008,107.14476222667214,108.02493286132812,6832600.0
2021-08-09,SBUX,107.97049510881902,107.9977157417419,106.84533176997809,107.01773834228516,4557900.0
2021-08-10,SBUX,107.42606511179908,107.52587871760096,105.23925548206408,105.61128234863281,9839700.0
2021-08-11,SBUX,105.97563422480478,106.84100590093169,105.57483715822124,106.12138366699219,6472300.0
2021-08-12,SBUX,106.03941561938032,106.37644907676656,105.21959229785753,105.4382095336914,4358300.0
2021-08-13,SBUX,105.611289596654,106.42200187284625,105.11939558361878,106.35823822021484,4361700.0
2021-08-16,SBUX,106.29445084827145,107.24180129719434,106.03939629466056,107.0687255859375,5976000.0
2021-08-17,SBUX,106.23069858581341,106.5221905282574,105.26512587982339,106.18515014648438,4719800.0
2021-08-18,SBUX,105.92098193500058,106.34000115780798,105.30156070352099,105.37443542480469,4520500.0
2021-08-19,SBUX,104.30867296171583,104.8187821321726,103.48884968797016,104.1355972290039,5317100.0
2021-08-20,SBUX,103.82588078003565,104.75500910728628,103.5343888587692,104.41796875,3486300.0
2021-08-23,SBUX,104.4908357412252,105.1740205327115,104.4908357412252,104.89163970947266,4235100.0
2021-08-24,SBUX,105.11026934545185,105.52928856655707,104.70036120189907,104.82788848876953,3447300.0
2021-08-25,SBUX,105.29246142332417,105.65682812085187,104.75502593050128,105.27424621582031,3881500.0
2021-08-26,SBUX,105.31978717438278,105.45641859524355,103.71657798902639,104.1355972290039,5188200.0
2021-08-27,SBUX,104.39975881511809,105.11026997471166,104.00806587460933,104.86432647705078,4204700.0
2021-08-30,SBUX,105.31067657470703,105.50196751449711,104.41797857263714,105.31067657470703,3078200.0
2021-08-31,SBUX,105.45642149309994,107.12339437057048,105.34711635340771,107.023193359375,6995500.0
2021-09-01,SBUX,107.49686383653189,107.78835576941518,106.83189417260533,106.98674774169922,4402700.0
2021-09-02,SBUX,107.75191013914234,107.81567377738808,106.485741501323,106.91387176513672,3801900.0
2021-09-03,SBUX,106.43109090899884,107.10517165518729,105.97563432630086,106.74991607666016,2921300.0
2021-09-07,SBUX,106.65882287860123,106.69526024043957,105.18314794758763,105.47463989257812,4264900.0
2021-09-08,SBUX,105.75702651752074,107.66083881635697,105.21959103800653,107.52420043945312,5548400.0
2021-09-09,SBUX,107.46953714072882,109.37334229980642,107.30557249475483,108.2073745727539,4711200.0
2021-09-10,SBUX,108.7174774709948,110.00186828229953,108.2984582775117,108.70836639404297,6517900.0
2021-09-13,SBUX,109.20938487830635,109.44622426031762,107.99786863344895,108.56263732910156,4381100.0
2021-09-14,SBUX,109.05451925785886,109.1820465380028,107.81567686527596,108.27113342285156,4722800.0
2021-09-15,SBUX,106.54039638170443,106.59504894432881,103.04249337943368,104.42707824707031,11556200.0
2021-09-16,SBUX,104.56371117817946,105.00094555592015,103.10625166951858,104.45439910888672,7997000.0
2021-09-17,SBUX,104.33599286915005,104.61837372129222,103.04249786613752,103.3066635131836,9261000.0
2021-09-20,SBUX,101.43017659765017,102.26821501726745,100.5465897412146,101.85830688476562,7795200.0
2021-09-21,SBUX,101.94939479271453,103.4797291133576,101.79454123013957,102.22267150878906,5468400.0
2021-09-22,SBUX,102.98784479360616,103.87143171492738,102.31377096743259,102.99695587158203,4578200.0
2021-09-23,SBUX,103.28843384065424,104.49083883123916,103.02426821283512,103.97161865234375,3842000.0
2021-09-24,SBUX,103.96251299524725,104.62748263783182,103.62547958506173,103.94429779052734,3955000.0
2021-09-27,SBUX,103.48883340962108,104.45439903031098,102.85119704684759,103.55259704589844,3988800.0
2021-09-28,SBUX,102.64168154768485,102.93317344227616,101.18422207472837,101.75809478759766,5917700.0
2021-09-29,SBUX,101.93118053645485,102.49594222868006,101.63057753591944,102.1771240234375,4389100.0
2021-09-30,SBUX,101.58502258508044,102.16801334405775,100.48281860351562,100.48281860351562,5974500.0
2021-10-01,SBUX,101.01116079369318,103.35220736094445,100.69234257436246,102.86031341552734,5636900.0
2021-10-04,SBUX,102.41395943273164,103.00605433375347,101.12956863437438,101.5303726196289,4497700.0
2021-10-05,SBUX,101.2297783923499,101.54860356260578,100.22777529220335,100.97472381591797,5884000.0
2021-10-06,SBUX,100.36440367149739,102.04048040682716,99.72676729386438,101.6943359375,5734500.0
2021-10-07,SBUX,102.3684155766875,102.91496901728539,102.0678195240175,102.21356201171875,5549500.0
2021-10-08,SBUX,102.550602367844,102.62347708654848,101.229774152759,101.31175994873047,3787000.0
2021-10-11,SBUX,102.83297942741883,103.44328953722541,101.03847950629357,101.05670166015625,5987300.0
2021-10-12,SBUX,101.76723257376317,101.90387095546514,100.8016667225784,101.11137390136719,3866800.0
2021-10-13,SBUX,101.46661877437047,101.5486045745926,99.663014566076,100.89274597167969,4806500.0
2021-10-14,SBUX,101.18423216334453,102.57792814049681,101.1204685222237,101.90385437011719,5194900.0
2021-10-15,SBUX,102.43219162640135,102.86032196353123,101.0658217588208,101.52127838134766,5860900.0
2021-10-18,SBUX,101.51216288090508,103.45240537361798,101.07492151438551,103.27022552490234,4958400.0
2021-10-19,SBUX,103.60724485635913,104.33597805159431,102.7145539893966,103.3795166015625,5799300.0
2021-10-20,SBUX,102.98784229591944,104.85521710185972,102.66902407165834,103.7165756225586,7645200.0
2021-10-21,SBUX,103.7803283146129,104.35420105771735,103.48883640466401,104.2448959350586,3684300.0
2021-10-22,SBUX,104.21758836248326,104.7368086374635,103.90787424335093,104.3451156616211,3396400.0
2021-10-25,SBUX,104.51817864000714,104.64570593205171,103.26112092568934,104.49085235595703,4290600.0
2021-10-26,SBUX,104.6821517944336,105.01008112909568,104.07184156870233,104.6821517944336,5948000.0
2021-10-27,SBUX,105.2742374375673,105.2742374375673,103.00606553290605,103.39775848388672,5853900.0
2021-10-28,SBUX,103.6072656672314,104.39065157706233,102.44129788042713,103.11537170410156,7697600.0
2021-10-29,SBUX,97.9231658038553,98.36951131136635,94.75318491344616,96.62055969238281,27419600.0
2021-11-01,SBUX,97.67721084616606,100.33707532335995,97.64987761650336,100.01825714111328,14184600.0
2021-11-02,SBUX,100.42818526716984,101.85831878391548,100.00916600841111,101.52127838134766,11538900.0
2021-11-03,SBUX,101.41197404357543,102.86032277882683,100.30065876384673,102.57794189453125,6422600.0
2021-11-04,SBUX,101.65790606637488,102.40485457077138,101.04759592430906,102.16802215576172,8212600.0
2021-11-05,SBUX,103.15180869578913,106.87744729308018,103.06071876584389,106.49486541748047,10256800.0
2021-11-08,SBUX,106.13960770786524,107.00497945602892,104.36332966906669,104.90077209472656,8753300.0
2021-11-09,SBUX,104.43618785708276,105.3015525184856,103.27022020603732,103.96250915527344,6754700.0
2021-11-10,SBUX,103.29468560499646,104.71268476051263,103.01108019014771,103.60572814941406,6563700.0
2021-11-11,SBUX,103.60571921145034,103.60571921145034,101.1265015142392,101.94985961914062,7191900.0
2021-11-12,SBUX,102.22431791645099,102.68173835618055,101.62966994886615,102.20602416992188,7350400.0
2021-11-15,SBUX,102.5719643145648,103.97166977609673,102.07794939055078,102.34325408935547,6566100.0
2021-11-16,SBUX,102.71833765079127,103.4776572915105,102.01391321160028,102.67259979248047,7965000.0
2021-11-17,SBUX,102.66344864170829,103.47765649802996,102.15113996258874,102.93789672851562,5768600.0
2021-11-18,SBUX,102.5719780967316,103.5874521914806,101.85839623526448,103.28555297851562,5632100.0
2021-11-19,SBUX,103.13001320042777,103.28553447147632,100.42207811319172,101.3460693359375,6921800.0
2021-11-22,SBUX,101.64797233871865,103.00193295385608,101.24544011167026,101.95901489257812,5967300.0
2021-11-23,SBUX,102.46218062574468,104.39249547983641,102.26091451133783,103.90763092041016,7911000.0
2021-11-24,SBUX,103.75211087992493,104.52972425693818,103.45021170471483,104.26441955566406,4464300.0
2021-11-26,SBUX,100.64164962493959,101.39181888570245,99.94636858482113,101.23629760742188,6703200.0
2021-11-29,SBUX,101.87667834265733,102.17857750043913,100.28485720658882,101.30033111572266,7114100.0
2021-11-30,SBUX,100.22082928549541,101.62967821229468,99.76340880857336,100.30316162109375,9483300.0
2021-12-01,SBUX,101.51073052546964,103.69719939713882,99.305967909546,99.40660095214844,7618500.0
2021-12-02,SBUX,99.87317244886208,102.53536263341174,99.87317244886208,101.93156433105469,7709400.0
2021-12-03,SBUX,102.32493727021871,103.23977802718032,100.70567220145635,101.76688385009766,7014100.0
2021-12-06,SBUX,102.47131102810778,104.44736335438667,102.19685602016423,103.70634460449219,8280200.0
2021-12-07,SBUX,105.26159224430587,107.21020783799918,105.01458827113687,106.35940551757812,8786900.0
2021-12-08,SBUX,105.92028152065211,106.71619564064939,105.34393424873281,106.35025787353516,5807000.0
2021-12-09,SBUX,105.93856853843712,106.49662199064069,105.42625293890246,105.52688598632812,5664700.0
2021-12-10,SBUX,105.95687435279885,107.11871924221717,105.92027987868647,106.78938293457031,6110800.0
2021-12-13,SBUX,106.26792717777944,106.8808689338234,105.4079744587621,105.7190170288086,6479400.0
2021-12-14,SBUX,104.8133138331176,105.48115071147423,104.31929894632263,104.94139099121094,6854600.0
2021-12-15,SBUX,105.03286721783559,105.38965456196104,103.15744781558043,104.9139404296875,6902400.0
2021-12-16,SBUX,105.20671535849088,105.57265315567439,103.57829948969133,103.91678619384766,7544400.0
2021-12-17,SBUX,101.79436072570205,102.27923234591368,99.00409970653688,99.37918090820312,13696900.0
2021-12-20,SBUX,97.95200491337502,98.91259055247082,97.53117897977233,98.88513946533203,6313700.0
2021-12-21,SBUX,99.71765849138733,101.45585760414612,99.59873168660613,100.97099304199219,4682200.0
2021-12-22,SBUX,100.81546364483319,102.26091393129987,100.63249825805502,102.22431945800781,3643300.0
2021-12-23,SBUX,102.67259727086011,103.29468936200378,102.45303042950435,102.80067443847656,3359600.0
2021-12-27,SBUX,103.01108118454364,104.63035344278765,102.81896543825201,104.49312591552734,3716700.0
2021-12-28,SBUX,104.29186470998036,106.37770088743079,104.11804270196538,105.72816467285156,4561600.0
2021-12-29,SBUX,105.57264467309125,106.99979428978666,105.49030535999138,106.46918487548828,4215300.0
2021-12-30,SBUX,106.46917976572186,107.3474261784373,106.19473168781944,106.34110260009766,4068700.0
2021-12-31,SBUX,105.81965322799974,107.47552012836961,105.75561463934561,107.00894927978516,3674900.0
2022-01-03,SBUX,106.55151371679088,107.76825370871758,105.00543046419709,106.7436294555664,5475700.0
2022-01-04,SBUX,106.94489351152724,107.08212103079408,104.44737499585176,104.51141357421875,8367600.0
2022-01-05,SBUX,104.65780341190928,105.17011209737024,100.9984397050571,101.0350341796875,8662300.0
2022-01-06,SBUX,100.63248188997004,102.35237997685893,100.62333152821482,101.67539978027344,6099900.0
2022-01-07,SBUX,99.0040794150331,100.36719034802992,98.32709913001,98.40943145751953,11266400.0
2022-01-10,SBUX,97.54033959622052,97.8971269900367,95.5276854216941,97.00057983398438,8499400.0
2022-01-11,SBUX,97.0097200671924,97.12864685948493,94.87813931054264,95.18003845214844,13073200.0
2022-01-12,SBUX,95.5459798753403,96.35103730448579,94.85069888035726,95.02452087402344,11810500.0
2022-01-13,SBUX,95.28068197740657,95.75639617857264,93.39610496048019,93.6797103881836,9818500.0
2022-01-14,SBUX,93.23143809473164,93.23143809473164,90.65158009427175,91.5938720703125,13703200.0
2022-01-18,SBUX,90.72476815612956,90.89859015637114,89.20613592875385,89.40740203857422,11396000.0
2022-01-19,SBUX,89.5995154203317,90.0111910125112,88.53829668008314,88.62063598632812,10856800.0
2022-01-20,SBUX,89.187830566772,90.51435395814616,87.44963159375025,87.56856536865234,20311500.0
2022-01-21,SBUX,87.73322582166001,90.02947796688373,87.33984403566296,88.10830688476562,13438300.0
2022-01-24,SBUX,86.6811648755736,89.97459032451401,86.37012235713783,89.74588012695312,17201400.0
2022-01-25,SBUX,88.43765351887717,89.73672570715996,87.0287979280439,88.74870300292969,12368500.0
2022-01-26,SBUX,89.37994887106863,90.23990150951222,86.81839866116806,87.44049072265625,11863000.0
2022-01-27,SBUX,88.3919249800438,88.89508325711829,86.96476851528146,87.20262908935547,7322200.0
2022-01-28,SBUX,86.96476207503093,88.9408215046638,85.80291735867397,88.93167114257812,8345400.0
2022-01-31,SBUX,88.76700566194316,90.02034012646622,88.2089521907066,89.94715118408203,8807700.0
2022-02-01,SBUX,90.03863614579895,90.59668963112699,88.55659841334509,90.34968566894531,11601900.0
2022-02-02,SBUX,87.64175886562553,90.70647440963769,86.67202278918941,89.40740203857422,15578800.0
2022-02-03,SBUX,88.59318763558424,89.16954185806478,87.52282547909473,87.76983642578125,8901100.0
2022-02-04,SBUX,87.28497735649887,87.76984193751001,85.83952699748579,86.9098892211914,8267600.0
2022-02-07,SBUX,87.23007299286253,87.92535398792315,86.80009667986033,87.08370208740234,6849000.0
2022-02-08,SBUX,87.1751864411545,87.85216672366441,86.3152337987217,86.8366928100586,7161000.0
2022-02-09,SBUX,88.05344010846576,89.62696763546494,88.00769526978318,88.8584976196289,9353700.0
2022-02-10,SBUX,87.77350528732265,89.01480111115028,87.33215909066324,87.63558197021484,9098800.0
2022-02-11,SBUX,87.89303316586751,88.72056603535094,85.8425980162781,86.18280792236328,6924800.0
2022-02-14,SBUX,86.20119947277749,86.88161230972923,84.97829010597317,86.1092529296875,7948500.0
2022-02-15,SBUX,87.48847547167085,87.77351187068689,86.76208582782084,86.90000915527344,7722200.0
2022-02-16,SBUX,86.74368587866208,87.85626215991228,85.65870688798577,87.51605224609375,6545800.0
2022-02-17,SBUX,86.81723836967811,87.01032819098327,85.30929279990087,85.55755615234375,6578200.0
2022-02-18,SBUX,85.10700311880386,86.47703234847701,85.07941986177576,85.8241958618164,6210600.0
2022-02-22,SBUX,86.06327489873117,86.46784810052806,84.9231223478426,85.61273193359375,8622500.0
2022-02-23,SBUX,86.32073764752678,86.32073764752678,82.23825321487955,82.43134307861328,9674800.0
2022-02-24,SBUX,80.4544343413115,83.85650475885897,80.22456452890775,83.68180847167969,9260500.0
2022-02-25,SBUX,83.94846432686695,85.31848654299826,83.01059149644222,85.12539672851562,7039400.0
2022-02-28,SBUX,83.93927003325973,84.87713587614206,83.32322055729435,84.39900970458984,8591500.0
2022-03-01,SBUX,84.12316215071037,84.14155566579652,82.43132354645589,82.88186645507812,7100700.0
2022-03-02,SBUX,83.4611359391667,85.76903102836995,83.29562937868457,85.30009460449219,10721100.0
2022-03-03,SBUX,85.9529393357999,85.971325837583,83.7461873230509,84.15995025634766,6587400.0
2022-03-04,SBUX,83.64504410226668,83.81974743718702,82.24743145304652,82.78073120117188,7179800.0
2022-03-07,SBUX,82.7899382141082,82.79913497368295,77.55809741255051,77.65924072265625,14608700.0
2022-03-08,SBUX,77.93507337535266,79.92114516696893,77.01559400523547,77.23626708984375,10692000.0
2022-03-09,SBUX,79.53496087365976,81.03370963406172,79.37865107347872,80.54638671875,8811600.0
2022-03-10,SBUX,79.15798825601271,80.32573117111262,78.70744525687603,80.14183807373047,9114300.0
2022-03-11,SBUX,81.23602095287197,81.65898072547986,75.89384674169406,76.06855010986328,15351700.0
2022-03-14,SBUX,75.69156261369432,75.70994911960219,72.56533047889391,72.9055404663086,18199300.0
2022-03-15,SBUX,74.01810044420661,76.72137244438326,73.81581382989789,76.42713928222656,12542300.0
2022-03-16,SBUX,80.92337501881582,82.83588662809137,78.72582005677994,80.37168884277344,21207900.0
2022-03-17,SBUX,80.41767764650254,80.86822064522855,79.08443515401714,80.60157775878906,8554200.0
2022-03-18,SBUX,79.18556136198015,82.52326875964691,78.13735550105768,82.38534545898438,23784200.0
2022-03-21,SBUX,82.39455830226554,82.49570160815956,79.04765349378646,79.8659896850586,11925300.0
2022-03-22,SBUX,80.36248358387667,81.92559541981069,80.13261378358816,80.81302642822266,8447400.0
2022-03-23,SBUX,80.32572523687239,80.64754164105227,79.16717916675333,79.27751922607422,7670500.0
2022-03-24,SBUX,79.83838405323553,80.13261712928686,78.67064149057532,80.10503387451172,6163400.0
2022-03-25,SBUX,80.35329601086235,80.6107490941975,79.27750690618174,80.40846252441406,7048100.0
2022-03-28,SBUX,80.4360620924637,81.30036796996886,79.7648390347046,81.26358795166016,5981000.0
2022-03-29,SBUX,82.47730761130157,84.50016670237504,82.44053460489147,83.88411712646484,8963200.0
2022-03-30,SBUX,83.44274984989295,84.16913936808065,83.12093348489095,83.70020294189453,8122100.0
2022-03-31,SBUX,83.96685880749288,85.17137458068814,83.6450424194336,83.6450424194336,11306100.0
2022-04-01,SBUX,84.13235807336977,84.49095444821457,83.19449225033046,84.12316131591797,6516300.0
2022-04-04,SBUX,80.81304753057083,81.33715053148251,79.24073852783579,80.99694061279297,16243100.0
2022-04-05,SBUX,79.59013602842543,79.64530956365071,77.07076439203655,77.34661102294922,17525800.0
2022-04-06,SBUX,76.9144617871822,77.1351349035622,75.46168248961415,76.64781188964844,10567000.0
2022-04-07,SBUX,76.30760245645945,76.77653897007767,74.89160317137033,76.42713928222656,10869100.0
2022-04-08,SBUX,76.49147582050864,76.49147582050864,74.79043371229943,74.95594024658203,9286800.0
2022-04-11,SBUX,74.36748681276052,75.15823960975796,73.82499736706751,74.18359375,8623200.0
2022-04-12,SBUX,74.32151661706413,74.72608275576967,73.23653071699493,73.3652572631836,8472500.0
2022-04-13,SBUX,73.4480145353038,74.76287040424971,73.19975817518511,74.4042739868164,8604400.0
2022-04-14,SBUX,74.24795138760932,74.55138123169564,72.86873247638438,73.09860229492188,9567200.0
2022-04-18,SBUX,72.67566073987953,73.53077695804828,72.52854065220359,73.19056701660156,7797300.0
2022-04-19,SBUX,73.2089491730196,74.97434786070858,73.01585934921651,74.68011474609375,8622100.0
2022-04-20,SBUX,74.76287432057335,74.95596416968507,73.55835844584557,73.71466827392578,8368800.0
2022-04-21,SBUX,74.52379659400408,74.65252312879251,72.39060499813428,72.60208129882812,8152500.0
2022-04-22,SBUX,72.53773205063807,73.0802285650107,71.51710931679771,71.64583587646484,10315500.0
2022-04-25,SBUX,71.14931079680976,71.7929505618818,70.55165482112473,71.70100402832031,10259000.0
2022-04-26,SBUX,71.25045435590606,71.33321114697185,69.54022216796875,69.54022216796875,8800500.0
2022-04-27,SBUX,69.31035960746064,70.27581585259158,68.66672678742108,68.72189331054688,8467300.0
2022-04-28,SBUX,69.53102751632446,70.89185295824383,68.83222128083943,70.41372680664062,8818500.0
2022-04-29,SBUX,69.8988229310761,70.58843250110084,68.48283078722139,68.62994384765625,9199300.0
2022-05-02,SBUX,69.19082266977782,69.62297909657183,67.55415051176118,69.30116271972656,12379000.0
2022-05-03,SBUX,69.62299332304175,69.68735661156254,67.47140750735583,68.34491729736328,15570100.0
2022-05-04,SBUX,72.92391070195329,76.19726221398113,71.64583486679007,75.06629943847656,30199700.0
2022-05-05,SBUX,73.95372566613193,74.6801152068658,70.91944095320012,71.24126434326172,19114700.0
2022-05-06,SBUX,70.82751046051935,70.98382030447691,69.15405791649633,70.35857391357422,11165800.0
2022-05-09,SBUX,69.18163707145507,70.38616001204873,67.42543483733957,67.57254791259766,12863600.0
2022-05-10,SBUX,68.82302505121581,69.00692512252722,65.84391404667528,66.07378387451172,14085900.0
2022-05-11,SBUX,65.78874561549229,66.1565317172556,64.32676990522323,64.41871643066406,12118100.0
2022-05-12,SBUX,64.02981478852294,64.84465296505824,63.326086734323155,64.72428131103516,15460600.0
2022-05-13,SBUX,66.55768702579982,70.12262179314259,66.55768702579982,70.00224304199219,18156300.0
2022-05-16,SBUX,69.3911210130794,69.85409885370154,66.95585305013901,67.05770874023438,11435300.0
2022-05-17,SBUX,68.5299797077158,68.84480123810103,67.44660622705368,68.2614517211914,12454500.0
2022-05-18,SBUX,67.73366066880337,68.0947828255834,65.53914312304055,66.00212097167969,10576500.0
2022-05-19,SBUX,65.8354437802512,67.05770492741816,65.12246105460413,66.60398864746094,11193700.0
2022-05-20,SBUX,67.4836398892364,67.99291828223284,66.16878466574795,67.95587921142578,15941800.0
2022-05-23,SBUX,68.27071653575318,68.7707263945662,67.19660453805099,67.9836654663086,10741900.0
2022-05-24,SBUX,67.56697624854515,67.90032080496793,65.99284760666417,67.33548736572266,9227700.0
2022-05-25,SBUX,67.33550101510771,68.05774534560113,66.6039951493696,67.11327362060547,8344400.0
2022-05-26,SBUX,67.5484613603497,69.23370034876126,67.47439027788309,68.97443389892578,8940900.0
2022-05-27,SBUX,69.65965683769,71.03932897975578,69.58557867938903,71.03006744384766,8498400.0
2022-05-31,SBUX,71.27078934687718,73.76161167120478,70.88188976846682,72.6875,23361800.0
2022-06-01,SBUX,72.91898496545168,73.0393566196426,70.41890830671343,70.63187408447266,7579000.0
2022-06-02,SBUX,70.8726336805716,73.61346106885688,70.23372213518951,73.53938293457031,10241500.0
2022-06-03,SBUX,73.1504919970019,73.98385344530689,72.52084190989152,73.19679260253906,10415700.0
2022-06-06,SBUX,73.79865533590642,75.28018988408685,72.7152890257457,73.13197326660156,7239400.0
2022-06-07,SBUX,72.75232435559339,73.84495214323869,72.46528040726892,73.58568572998047,5517100.0
2022-06-08,SBUX,73.05789015032695,73.86346691171596,72.4652791972096,72.65972900390625,5178300.0
2022-06-09,SBUX,72.19676855281357,74.32646246818061,71.97454115827125,73.06716918945312,13248100.0
2022-06-10,SBUX,71.31709332770221,72.03008305706193,70.05780027946415,70.06705474853516,8694300.0
2022-06-13,SBUX,67.6780874521946,68.52997192334338,66.58546669004151,67.00214385986328,9282800.0
2022-06-14,SBUX,67.45586557692513,68.37255966366013,66.23360443978488,66.95584869384766,7635600.0
2022-06-15,SBUX,67.82624712676538,69.69667431458598,67.69661390901943,68.69664764404297,7682300.0
2022-06-16,SBUX,67.06697367744384,67.23364599110242,65.14098406727382,65.6965560913086,10147000.0
2022-06-17,SBUX,65.81692562605178,67.07622580496351,65.5298745867171,66.54843139648438,9824300.0
2022-06-21,SBUX,67.65030287227815,67.75215853687013,66.69656988971641,67.55770874023438,7872500.0
2022-06-22,SBUX,67.01141194004549,68.35404478684409,66.87251718170887,67.87255096435547,6702200.0
2022-06-23,SBUX,68.39107420971827,69.78000746813744,68.06699119564978,69.63185119628906,6586400.0
2022-06-24,SBUX,70.0577899327802,72.3634169329068,69.95593427220022,72.32637786865234,18012000.0
2022-06-27,SBUX,72.22453579092551,72.63195850986706,71.548585103998,71.92823028564453,6672200.0
2022-06-28,SBUX,72.58566622036975,73.97459976008517,70.54856652124631,70.68745422363281,7206400.0
2022-06-29,SBUX,70.56707112082084,71.43747159232505,70.03927674361684,70.77078247070312,8983900.0
2022-06-30,SBUX,70.38187361366495,71.18745030964573,69.32628499760244,70.73373413085938,6781100.0
2022-07-01,SBUX,71.04857643858476,73.58569280960857,70.87264261359881,73.39124298095703,7539200.0
2022-07-05,SBUX,72.2430625670747,73.65978076070387,71.6319354620125,73.63199615478516,8087800.0
2022-07-06,SBUX,73.91903682184213,74.51164783730344,72.39120867766073,73.02085876464844,4652800.0
2022-07-07,SBUX,72.97455003764462,73.7523563241744,72.56713442515736,73.37271118164062,5395600.0
2022-07-08,SBUX,72.86345667596335,73.73385023468316,72.47454991091685,73.4097671508789,3927100.0
2022-07-11,SBUX,73.01159774440349,73.19679310333863,71.69674248612657,72.13194274902344,5351500.0
2022-07-12,SBUX,72.55786829465511,73.55790185776486,71.65042886194901,72.0022964477539,5393400.0
2022-07-13,SBUX,70.3633721237142,72.7245619999017,70.12262872657114,72.15046691894531,3897500.0
2022-07-14,SBUX,71.38191014615205,72.5671391874304,71.1226437217875,72.40972137451172,4504500.0
2022-07-15,SBUX,72.78936936453881,74.27089689298616,72.78936936453881,73.7245864868164,5584100.0
2022-07-18,SBUX,74.104225722393,75.62279234501969,74.07644818464065,74.28942108154297,6768800.0
2022-07-19,SBUX,75.10425900929437,76.54874747943178,74.91907071575694,76.43763732910156,5949200.0
2022-07-20,SBUX,76.37281047554265,77.2895044152078,75.82649307327135,77.10430908203125,6850600.0
2022-07-21,SBUX,76.80801449057694,77.41914857988571,76.53023204819344,77.35433197021484,7695300.0
2022-07-22,SBUX,77.92842862324616,78.1784335330866,76.70616041897497,77.40062713623047,6283600.0
2022-07-25,SBUX,77.40062935358668,77.50248504019387,75.03944668596384,75.46538543701172,5861100.0
2022-07-26,SBUX,75.20610246114308,75.39129072456782,74.07643568660563,74.36347961425781,6587000.0
2022-07-27,SBUX,75.2153842336946,77.2339679319233,75.11352854205839,76.8172836303711,6372600.0
2022-07-28,SBUX,77.0302398486527,78.60436136352232,76.68763377247247,78.40065002441406,5594600.0
2022-07-29,SBUX,78.33583778991772,78.6877054187154,77.71544926948415,78.50251007080078,5802700.0
2022-08-01,SBUX,77.95618998775858,79.2525219394294,77.80803372786518,78.62287902832031,7313700.0
2022-08-02,SBUX,78.42842797516144,78.8358506555402,77.42840140479149,77.51173400878906,7254700.0
2022-08-03,SBUX,79.64143710507506,81.45630909594877,77.69693190517322,80.80813598632812,12915700.0
2022-08-04,SBUX,80.75258853354632,81.74336076143577,80.15997750365808,80.447021484375,7086700.0
2022-08-05,SBUX,79.40994916676995,79.77107126256767,78.6321428388732,79.38217163085938,4835100.0
2022-08-08,SBUX,79.77107070830382,80.42849829004665,79.09512005976255,79.37290954589844,4878400.0
2022-08-09,SBUX,79.39142103897747,79.47476070587678,78.20619915247826,78.55805969238281,3498400.0
2022-08-10,SBUX,80.09516088725388,80.46554454702749,79.71551569325372,80.08589935302734,5072300.0
2022-08-11,SBUX,80.96124614899456,81.52929777286005,80.55150213053932,81.26854705810547,5595700.0
2022-08-12,SBUX,81.30580631533046,82.32085217405418,81.1940631011552,82.2370376586914,5154000.0
2022-08-15,SBUX,82.05078408046685,83.11238711217673,81.95766237859819,83.02857971191406,5601000.0
2022-08-16,SBUX,82.674716838924,83.74563429582467,82.45122330770175,83.25208282470703,4580800.0
2022-08-17,SBUX,82.32085640364052,82.87959381741835,81.81799059982096,82.2742919921875,3831300.0
2022-08-18,SBUX,81.97629647975297,82.67472000823625,81.65036692074042,82.46054077148438,3428300.0
2022-08-19,SBUX,81.73417988090708,81.9204304306484,80.59808349877912,80.94263458251953,4597700.0
2022-08-22,SBUX,79.5085306585891,79.66684538878663,78.54004919528175,79.10810089111328,5915200.0
2022-08-23,SBUX,79.01496772725714,79.72270544495683,78.76353842352101,78.86597442626953,4560400.0
2022-08-24,SBUX,78.93117223821595,80.5328913177301,78.67042859359393,80.13246154785156,4386000.0
2022-08-25,SBUX,80.41183610551285,81.60381125171882,80.36527879479897,81.38031768798828,4236300.0
2022-08-26,SBUX,81.49205690408539,81.93904397056309,78.18618279093928,78.27930450439453,6674900.0
2022-08-29,SBUX,77.4784439650763,78.838047961689,77.32945064644622,78.3351821899414,5035500.0
2022-08-30,SBUX,78.39106395217445,79.17329496196844,77.00353107733578,77.67401885986328,6812500.0
2022-08-31,SBUX,78.10236895413593,78.93116421373917,77.89749693855207,78.28861236572266,6570100.0
2022-09-01,SBUX,77.94406304820176,79.5923465564269,77.22701801734968,79.52716064453125,7556800.0
2022-09-02,SBUX,79.59235795729222,79.87172314626221,76.87316366481528,77.23634338378906,10336800.0
2022-09-06,SBUX,77.35739697556534,78.80080857817352,76.0536715126825,78.70767974853516,11062800.0
2022-09-07,SBUX,79.25710020182889,82.5257242063506,79.0801639730763,82.2370376586914,9946800.0
2022-09-08,SBUX,81.2964969278324,83.32658148587443,81.16612511165152,83.30795288085938,7721100.0
2022-09-09,SBUX,83.3452146948896,83.76426600509396,82.54435508028081,82.5909194946289,7094600.0
2022-09-12,SBUX,83.59663756421085,84.16468927240311,82.45122694946564,82.94477844238281,9078900.0
2022-09-13,SBUX,80.75638756908042,83.1589662690891,80.151085742449,81.79936218261719,16033600.0
2022-09-14,SBUX,83.4103903860897,87.05150831596315,83.3545187795075,86.32514190673828,24320600.0
2022-09-15,SBUX,85.75710918079369,86.74421944524613,85.42187236246461,85.878173828125,11052400.0
2022-09-16,SBUX,84.8817378815488,85.76640481077612,84.41612221253837,85.03073120117188,11987600.0
2022-09-19,SBUX,84.63962584962978,86.18547346557723,84.58375423619192,85.80366516113281,6287000.0
2022-09-20,SBUX,85.35666734725199,85.69190409059937,83.90394163733421,84.54649353027344,6560000.0
2022-09-21,SBUX,85.012102055024,85.22628126485732,82.47915190664828,82.50708770751953,8806800.0
2022-09-22,SBUX,81.9483561131269,81.96697761343455,78.57729617895188,78.87528991699219,9953000.0
2022-09-23,SBUX,78.13030743064677,78.63317318482639,77.50638416526374,78.3817367553711,7153200.0
2022-09-26,SBUX,78.51212169924766,80.11384093863973,78.48418589235419,78.97773742675781,7583500.0
2022-09-27,SBUX,80.05796766500598,80.55151918917676,77.4505168031167,78.48418426513672,8628800.0
2022-09-28,SBUX,78.85666786697882,81.46411838520345,78.45623811820998,81.11956024169922,7850800.0
2022-09-29,SBUX,80.84019275767636,81.33374424580737,79.72271795831303,80.61669921875,6881500.0
2022-09-30,SBUX,80.61670320536676,80.73776073145262,78.36312488919334,78.46556091308594,7737500.0
2022-10-03,SBUX,78.92185137116576,80.29076249630752,78.03718449267336,79.73202514648438,6739900.0
2022-10-04,SBUX,81.1009400659242,82.83303105646057,80.88676082032872,82.42329406738281,5982400.0
2022-10-05,SBUX,81.69692698426945,84.40680643613692,81.52930506216303,83.92256927490234,7980800.0
2022-10-06,SBUX,83.98776636819117,84.64893984212539,83.12172083942878,83.20552825927734,6893800.0
2022-10-07,SBUX,82.4512282234309,82.7864720926171,80.36527189661918,81.0450668334961,6606400.0
2022-10-10,SBUX,81.02645599282067,81.54794336695544,80.20696771377162,81.07301330566406,5092400.0
2022-10-11,SBUX,80.74708702848253,81.2033884996776,79.75066955194384,80.2814712524414,5531300.0
2022-10-12,SBUX,81.01712226835497,82.00422516270838,80.46769921726569,80.89606475830078,5261900.0
2022-10-13,SBUX,79.23847530711639,83.78288902256458,78.88460993777069,83.22415161132812,7616600.0
2022-10-14,SBUX,83.82013977510806,84.46268460584129,80.30939344058226,80.43045806884766,6315200.0
2022-10-17,SBUX,81.85523715507296,83.08446225392177,81.77142263904186,82.78646850585938,6255300.0
2022-10-18,SBUX,83.91326374432846,84.2485076235864,82.02286510029344,82.84234619140625,5484400.0
2022-10-19,SBUX,82.3115395041199,83.00064872255219,81.02644278249245,81.5013656616211,6473400.0
2022-10-20,SBUX,81.3244294649495,82.16253903869348,80.52356999500869,80.82156372070312,4540700.0
2022-10-21,SBUX,81.01712777965764,82.85165468337932,80.60738371047637,82.51641082763672,9088800.0
2022-10-24,SBUX,80.92400480170797,81.49205648702852,76.76139957850671,77.99993896484375,16499300.0
2022-10-25,SBUX,78.3165523955642,80.08589332009389,78.3165523955642,79.3502197265625,10674000.0
2022-10-26,SBUX,79.7227234379263,82.16255234673618,79.60166590950622,79.98346710205078,9987000.0
2022-10-27,SBUX,80.20695817435343,80.4583946317871,78.29793806124084,79.41541290283203,9524600.0
2022-10-28,SBUX,79.31298297975229,81.75281200069892,78.5121233432863,81.11026000976562,8284900.0
2022-10-31,SBUX,80.64462924374071,81.54792474244624,80.03932747715886,80.63531494140625,7401100.0
2022-11-01,SBUX,82.00424137273717,82.76785089765447,80.62602276909733,81.11026000976562,6219600.0
2022-11-02,SBUX,81.26855732139866,82.48847522911653,78.71698539498958,78.7635498046875,7653200.0
2022-11-03,SBUX,78.28860733059159,79.59233244204191,77.2642544232843,78.85665893554688,8855100.0
2022-11-04,SBUX,85.65466566781477,87.16325596007341,84.2950615975282,85.54291534423828,20194300.0
2022-11-07,SBUX,85.36596932070907,86.00852117432363,83.14032714062273,84.22986602783203,10190200.0
2022-11-08,SBUX,84.66757153376129,87.33089435756499,84.66757153376129,86.3717269897461,9675500.0
2022-11-09,SBUX,85.80040142086177,86.72761693828666,85.54751991438705,85.81912994384766,6271200.0
2022-11-10,SBUX,87.9358049678849,90.30535956018971,87.41132060943234,90.15550994873047,10408400.0
2022-11-11,SBUX,90.62380593487117,92.41267639770379,90.4458528137777,91.20448303222656,8294400.0
2022-11-14,SBUX,90.97033334494218,92.30964774959313,90.55824155197816,91.241943359375,8521100.0
2022-11-15,SBUX,92.63746543848139,93.21814256024845,91.12019779223391,91.6259536743164,6410000.0
2022-11-16,SBUX,90.39900754504305,91.7476896429813,90.15550105724189,90.91413116455078,5348900.0
2022-11-17,SBUX,89.1720992905097,90.85795216728748,89.06907455106418,90.82048797607422,5245600.0
2022-11-18,SBUX,91.55100561965874,92.11295409716305,90.97032147708549,91.73831939697266,5964800.0
2022-11-21,SBUX,90.83920435985435,92.24407918757801,90.56759436902689,92.0848617553711,4499200.0
2022-11-22,SBUX,92.25344964045422,92.46886693087055,91.33559491622732,92.1878890991211,5398600.0
2022-11-23,SBUX,92.24409105608656,93.73326228076931,92.03804157821918,93.20877075195312,5944900.0
2022-11-25,SBUX,93.32116709357616,93.54594510325232,92.27219113914732,93.2462387084961,2320000.0
2022-11-28,SBUX,92.71238739931769,93.80819539180209,92.30965625742853,92.4033203125,5257300.0
2022-11-29,SBUX,92.68429104102191,93.03082946631953,91.97248566675088,92.4033203125,4423900.0
2022-11-30,SBUX,92.76859412556988,96.05599690957074,92.27219889188017,95.71882629394531,15000800.0
2022-12-01,SBUX,95.84055834999496,96.99255165778436,95.48465216908232,96.81460571289062,7452300.0
2022-12-02,SBUX,95.55021602183334,98.84699292536676,95.36290223789834,98.38806915283203,7916900.0
2022-12-05,SBUX,96.83335855599127,97.62945302840166,96.46809159634927,96.98321533203125,9285800.0
2022-12-06,SBUX,97.2360598031323,97.58259813196807,95.00699453685512,95.60640716552734,8383000.0
2022-12-07,SBUX,94.86653181448223,96.43999218528639,94.65111449213296,95.40975189208984,4194300.0
2022-12-08,SBUX,96.22457234130975,97.32038030240575,95.90613742899336,97.1611557006836,5465100.0
2022-12-09,SBUX,96.87081978802088,96.93638033914266,95.29735941553396,95.33482360839844,7999600.0
2022-12-12,SBUX,94.71666775766091,96.32759219737856,94.42632921755957,96.18710327148438,5796000.0
2022-12-13,SBUX,98.17266137388121,98.52856045603556,94.58554561432982,95.634521484375,7066000.0
2022-12-14,SBUX,95.83120302473286,96.74905780330332,94.31393550546623,95.7094497680664,5624000.0
2022-12-15,SBUX,94.7915889965286,95.11003101427019,93.14320049104776,93.64895629882812,7244400.0
2022-12-16,SBUX,92.9839901501064,93.22750381218857,91.8038931752382,92.56253051757812,13862300.0
2022-12-19,SBUX,92.18790011459194,92.54379921784607,91.53229462292279,92.06614685058594,5771100.0
2022-12-20,SBUX,91.9631093497179,92.32837623661878,91.10144735021251,91.78515625,4533500.0
2022-12-21,SBUX,90.586339344683,92.78730870520296,90.2398009458273,92.41267395019531,5566300.0
2022-12-22,SBUX,92.2066166013037,92.30964132876943,90.07120796940103,91.56037902832031,4756900.0
2022-12-23,SBUX,91.40116321460484,92.06614366314332,90.73618991163003,92.03804016113281,3944500.0
2022-12-27,SBUX,92.31902030985168,93.15257891777591,91.9818497329875,92.90906524658203,4402500.0
2022-12-28,SBUX,93.10575191643004,93.57404357967599,92.15043292189263,92.34711456298828,3491500.0
2022-12-29,SBUX,92.7217432704448,94.26710708739819,92.41266907794147,93.44290924072266,3976100.0
2022-12-30,SBUX,92.89970455790971,92.95589727219912,92.0099460901322,92.90906524658203,3988900.0
2023-01-03,SBUX,94.18281796071095,94.75413436718945,93.16194555456777,94.43569946289062,6607700.0
2023-01-04,SBUX,96.17774562471882,98.08837649883662,96.0466245285546,97.83549499511719,8166600.0
2023-01-05,SBUX,97.86358101363709,98.43489736323964,96.92699777108378,97.80738830566406,5575100.0
2023-01-06,SBUX,98.69714331185752,100.21441079536775,98.35061207198734,99.924072265625,9644100.0
2023-01-09,SBUX,99.76484191055086,99.91469865631231,97.80738640159163,98.09772491455078,10124800.0
2023-01-10,SBUX,97.74183595637388,99.68056314512386,97.56388283879409,99.27783203125,4183600.0
2023-01-11,SBUX,99.09989919518678,99.68995138136721,98.21014771632107,99.55883026123047,5634400.0
2023-01-12,SBUX,99.54943565230751,99.68992457054637,98.5004598277623,99.13733673095703,4882000.0
2023-01-13,SBUX,98.4068015835107,100.49538537064035,98.4068015835107,100.42982482910156,5529700.0
2023-01-17,SBUX,100.16757654965653,100.77635709625513,99.56816383639233,99.98026275634766,7477200.0
2023-01-18,SBUX,100.34554305541263,100.65461728665312,98.25696611341222,98.34125518798828,5725800.0
2023-01-19,SBUX,98.34125543418725,98.99686094552284,97.62945006076279,97.64818572998047,5115800.0
2023-01-20,SBUX,97.77930274537943,98.5285651347941,97.3016432381915,98.37871551513672,6543500.0
2023-01-23,SBUX,98.37869436979551,100.11137175825546,97.7792817288749,99.47449493408203,6320500.0
2023-01-24,SBUX,99.65245743739676,100.09265270027231,98.72524203732544,99.87723541259766,5517200.0
2023-01-25,SBUX,99.33402425854848,100.34553595527463,99.18417464360589,100.19568634033203,5416900.0
2023-01-26,SBUX,100.49538985252107,101.90026478720368,100.27060471816618,101.86280059814453,6324100.0
2023-01-27,SBUX,101.84405058370174,102.7993694062223,101.46941589144981,102.10629272460938,6851100.0
2023-01-30,SBUX,101.39451367059932,101.96583007559565,100.60777995488154,101.525634765625,6880700.0
2023-01-31,SBUX,101.39452103223172,102.22807968779895,100.68271564643844,102.21871185302734,5816300.0
2023-02-01,SBUX,102.05948914910351,103.75470273194145,101.13227363012429,103.01480102539062,5841200.0
2023-02-02,SBUX,103.06163941373606,103.80154116596435,101.15100839764614,102.22808074951172,9852900.0
2023-02-03,SBUX,97.94787295153334,99.68991827839038,96.50553396340639,97.68563079833984,15200500.0
2023-02-06,SBUX,97.40467342928508,99.43705768878763,96.74906790865984,98.3599853515625,6392200.0
2023-02-07,SBUX,98.18203201297945,100.57031521262026,97.92915051284245,100.0551986694336,6207500.0
2023-02-08,SBUX,99.57755878743637,99.783608303527,98.95004954884413,99.55883026123047,5557500.0
2023-02-09,SBUX,99.52114904087162,100.34946962190209,99.39877852249809,99.82235717773438,5608400.0
2023-02-10,SBUX,99.32347363284565,100.96129959208902,99.27641412590064,100.80127716064453,6298600.0
2023-02-13,SBUX,101.14015047674042,102.53324276597006,100.98013520567268,102.1473159790039,5192400.0
2023-02-14,SBUX,101.5919485115199,102.10023856110121,100.43417553502339,101.6390151977539,5109400.0
2023-02-15,SBUX,101.18721410768842,102.59912872314453,100.96130977999879,102.59912872314453,4059100.0
2023-02-16,SBUX,101.43193544931799,102.69324223618513,101.10249018270106,101.224853515625,4596800.0
2023-02-17,SBUX,100.47183938956039,101.14955953622085,99.99179360348332,100.81069946289062,6876400.0
2023-02-21,SBUX,99.3046656900925,99.7282372209622,98.56105643121752,98.62694549560547,5438000.0
2023-02-22,SBUX,99.21994668354434,99.71882201602934,98.25984075417759,98.61752319335938,7523700.0
2023-02-23,SBUX,99.31405573112431,99.31405573112431,96.60317562832377,97.43150329589844,6857900.0
2023-02-24,SBUX,96.62201765023919,96.6879067067251,94.89948022606235,95.63367462158203,6019700.0
2023-02-27,SBUX,96.32082119823548,97.23386050703633,96.15139114937172,96.42436218261719,5235100.0
2023-02-28,SBUX,96.00077583699353,96.9044002986322,95.91606440998154,96.09490203857422,5186500.0
2023-03-01,SBUX,96.18902770174775,96.32080580965848,94.98419518292492,95.4736557006836,5382200.0
2023-03-02,SBUX,95.33247276042972,97.11148458411193,95.01244223109258,96.96088409423828,4777600.0
2023-03-03,SBUX,97.3279769182975,98.54222428269047,96.96087971294249,98.41044616699219,4882100.0
2023-03-06,SBUX,98.31631772814785,99.71882474358792,98.30691013467415,98.8246078491211,5237100.0
2023-03-07,SBUX,98.82459937733258,99.47408233979377,97.06441724518878,97.27149200439453,3976300.0
2023-03-08,SBUX,96.8573316543329,96.9702802130305,95.7560401188221,96.48081970214844,4225500.0
2023-03-09,SBUX,96.70672828640112,96.71614306049919,94.08998123388054,94.41001892089844,5732300.0
2023-03-10,SBUX,94.71123238184867,95.29481914408966,93.21459919636885,93.5440444946289,6641900.0
2023-03-13,SBUX,93.10165008335501,94.31589029252228,92.59335997698858,93.26166534423828,6408200.0
2023-03-14,SBUX,94.2311853728526,94.48532685290176,92.6874925793741,93.61935424804688,6248800.0
2023-03-15,SBUX,92.62160606373918,93.53464538845589,91.56737383227987,93.50640106201172,6603300.0
2023-03-16,SBUX,93.3181469237244,94.79595066685319,93.21460593944275,94.53239440917969,8188600.0
2023-03-17,SBUX,93.2522589465932,93.459340917571,92.0944857367489,92.90398406982422,10189700.0
2023-03-20,SBUX,93.28048530000267,94.33471740239558,93.120470043257,93.98644256591797,4864000.0
2023-03-21,SBUX,94.60769577854549,95.24776403676911,94.2594209149313,94.63593292236328,4743700.0
2023-03-22,SBUX,94.77712002031589,95.52072921459181,93.24283494070315,93.29931640625,5917700.0
2023-03-23,SBUX,93.50639154690657,94.25000074413722,91.79326883346661,92.64041900634766,6879200.0
2023-03-24,SBUX,92.45217593151852,92.64984312823846,91.48266231749577,92.56512451171875,4685400.0
2023-03-27,SBUX,93.11106735056009,93.86409140445924,92.7910367955432,92.86634063720703,6022200.0
2023-03-28,SBUX,92.3768713444037,93.10165824122599,92.3203970547597,92.92281341552734,4709800.0
2023-03-29,SBUX,93.4969876146084,94.7771241078924,92.94163079788696,94.71123504638672,4946600.0
2023-03-30,SBUX,95.48307293206003,95.72779960655404,94.73946377178558,95.3701171875,4082600.0
2023-03-31,SBUX,95.85958244378672,98.15629909349067,95.85958244378672,98.01510620117188,6900100.0
2023-04-03,SBUX,97.94922370005727,98.77755156038813,97.5821264642722,98.69283294677734,3855400.0
2023-04-04,SBUX,98.69282947844364,98.8434371500726,97.28091487308288,97.89274597167969,3854400.0
2023-04-05,SBUX,97.87391852938092,99.49290782724546,97.82685183909466,98.7398910522461,5170900.0
2023-04-06,SBUX,98.73988833786129,98.9846221941584,97.91156057235365,98.53280639648438,3155700.0
2023-04-10,SBUX,97.46916524382499,98.66458300349682,97.01734945304065,98.58927917480469,3761600.0
2023-04-11,SBUX,98.89048754243534,100.15180154122656,98.75870943259618,99.53055572509766,4010600.0
2023-04-12,SBUX,100.00120478605358,100.32124250296084,99.16346934729896,99.39878845214844,4606000.0
2023-04-13,SBUX,100.13298176592656,100.9330724583666,100.01061841809612,100.70716094970703,4367600.0
2023-04-14,SBUX,100.63186880879725,101.81787196629837,100.57538733841427,101.15898132324219,3963300.0
2023-04-17,SBUX,101.62020068781078,102.26968371083228,101.2436886863292,101.94964599609375,4780700.0
2023-04-18,SBUX,102.47675981911236,102.81561988295937,101.40370534405307,101.57313537597656,5300500.0
2023-04-19,SBUX,101.36605520072494,101.52607046107103,100.79187603701831,100.86717987060547,4617800.0
2023-04-20,SBUX,99.95412794379239,101.26250136539933,99.95412794379239,100.76362609863281,4297200.0
2023-04-21,SBUX,100.9989574149249,102.3920424215291,100.3965411123876,101.8366928100586,4522800.0
2023-04-24,SBUX,101.8366982040851,102.87210083007812,101.69550530477487,102.87210083007812,5940700.0
2023-04-25,SBUX,102.51440937509804,104.58521444527113,102.43910554456157,102.91915130615234,8747100.0
2023-04-26,SBUX,102.60854084725513,105.73357816147809,102.60854084725513,104.92407989501953,8081600.0
2023-04-27,SBUX,104.84879247828216,106.2512925022293,104.65112526803753,106.1289291381836,7618500.0
2023-04-28,SBUX,105.81829407975704,107.59730595025916,105.69593072967878,107.57848358154297,5979300.0
2023-05-01,SBUX,107.54082533654315,108.6985984321349,107.54082533654315,107.8326187133789,6495900.0
2023-05-02,SBUX,107.76672438436921,107.8326134398314,106.2230317866536,107.73848724365234,9626400.0
2023-05-03,SBUX,102.67441671313111,103.27683294824163,97.70447918278526,97.8550796508789,24388600.0
2023-05-04,SBUX,98.14688640194461,99.46467478927283,97.7044925292977,98.57046508789062,8858100.0
2023-05-05,SBUX,99.35172294841588,101.16838661555151,99.19170050892811,100.91423797607422,7813800.0
2023-05-08,SBUX,101.15896504703946,101.7707960779322,100.65067498359173,100.87657928466797,6090700.0
2023-05-09,SBUX,100.70715975790638,100.88600457146975,100.1518101304376,100.443603515625,3682400.0
2023-05-10,SBUX,100.86716876434447,101.76137835028385,99.47407672184762,100.68832397460938,4565000.0
2023-05-11,SBUX,100.68833139836273,100.99103935195915,99.43966018763665,99.9220962524414,4791700.0
2023-05-12,SBUX,100.04508038205175,100.48022263292329,99.1653342265364,100.38562774658203,5175600.0
2023-05-15,SBUX,100.37616593734325,100.99104352329985,99.90318428924235,100.87752532958984,4217000.0
2023-05-16,SBUX,100.65995415215637,100.80184286772453,99.51533225430897,99.59101104736328,3676600.0
2023-05-17,SBUX,100.23426585162325,100.78292627282633,99.27884094120093,99.9788589477539,4757300.0
2023-05-18,SBUX,99.72343538113019,101.35049318389518,99.51532232954962,101.30319213867188,5377500.0
2023-05-19,SBUX,101.21806936479634,101.35996529798547,99.62885079075745,99.80858612060547,4985200.0
2023-05-22,SBUX,99.81804166053925,99.98831533882341,97.21664265277573,97.3396224975586,7504300.0
2023-05-23,SBUX,96.60178198228512,96.62069807415668,94.67201584063633,94.91796112060547,6766300.0
2023-05-24,SBUX,95.35309261162405,95.36254704721017,93.7544125081469,94.2273941040039,6134800.0
2023-05-25,SBUX,93.36656596587572,93.55576293820378,92.44898771430918,93.12062072753906,8177000.0
2023-05-26,SBUX,93.30035965908807,94.2274068882803,93.0165749933473,93.20576477050781,7276500.0
2023-05-30,SBUX,93.54631604851268,93.61253319499606,92.05169220831331,92.4679183959961,6505400.0
2023-05-31,SBUX,92.73277855391432,92.78007960444393,91.73952144693574,92.36385345458984,10377100.0
2023-06-01,SBUX,92.31655283413309,92.92197597179907,91.30437241537645,92.25033569335938,6752200.0
2023-06-02,SBUX,92.99764583189153,94.27470200729027,92.88413485959079,94.12334442138672,6221400.0
2023-06-05,SBUX,94.6341621231913,95.41931333394447,94.12334111440465,94.53010559082031,6536500.0
2023-06-06,SBUX,94.35037473085032,94.90849681425037,92.25979676573314,92.91251373291016,8657100.0
2023-06-07,SBUX,93.22467695462225,93.51792323936814,92.31654592465634,92.62871551513672,6285600.0
2023-06-08,SBUX,92.3733143180804,93.82063695953285,91.68275795874015,93.7922592163086,6877800.0
2023-06-09,SBUX,93.46117787436826,93.6125282509965,92.36385697102247,92.66656494140625,5550800.0
2023-06-12,SBUX,92.66655240577035,93.18683504251372,92.25032629637563,93.13953399658203,6705800.0
2023-06-13,SBUX,93.18685164509456,94.0949755951932,93.18685164509456,93.89632415771484,5137900.0
2023-06-14,SBUX,94.1800845288824,95.88282100662316,93.8300827986043,95.22064971923828,9279500.0
2023-06-15,SBUX,95.86391688875096,96.47879447416803,95.22066877634029,95.9017562866211,6448200.0
2023-06-16,SBUX,96.49772207062979,96.97070373933794,95.99636265653957,96.36528778076172,11709200.0
2023-06-20,SBUX,96.35583641497377,96.95179078301307,95.44771238014462,95.79771423339844,5506400.0
2023-06-21,SBUX,95.16391030065164,96.92340268561611,94.93688112046745,96.36528778076172,5508800.0
2023-06-22,SBUX,95.93959705175563,96.14771013444364,94.25578351673774,95.40039825439453,6125500.0
2023-06-23,SBUX,94.26524064752915,94.34091944071668,92.25033427739139,93.0260238647461,18770100.0
2023-06-26,SBUX,93.02602350094615,93.43278799132963,92.2125017373061,92.9219741821289,6069000.0
2023-06-27,SBUX,93.07332842604481,93.7071221043651,92.44899640151165,93.385498046875,5034100.0
2023-06-28,SBUX,93.30981847886267,93.30981847886267,92.04223113270909,93.28144073486328,6581900.0
2023-06-29,SBUX,93.28144673342875,93.48955982564338,92.6854924197367,93.34766387939453,5113500.0
2023-06-30,SBUX,94.02874642416778,94.08550190843819,93.21521746970068,93.70711517333984,6229900.0
2023-07-03,SBUX,93.39495637691518,94.18956205570201,92.94089083394628,93.7922592163086,3287000.0
2023-07-05,SBUX,93.79225090138257,93.96252456275984,92.97872198781637,93.13953399658203,6365400.0
2023-07-06,SBUX,92.57197345320633,92.77062488945967,90.72734781861978,91.00167083740234,7153300.0
2023-07-07,SBUX,90.80301665132276,91.43681755784512,90.38679770007018,90.85977935791016,7889500.0
2023-07-10,SBUX,91.09626769280618,94.15172507720912,91.03005055120656,93.7733383178711,9294600.0
2023-07-11,SBUX,94.06658718533541,94.81389901329655,93.78279532560902,94.68145751953125,5268000.0
2023-07-12,SBUX,95.93959696505378,96.32744538555409,95.31526493468125,95.67472839355469,6971900.0
2023-07-13,SBUX,96.0247376769142,96.677447453562,95.82608624774944,96.10987091064453,4511700.0
2023-07-14,SBUX,96.27067409334377,96.56392760031537,95.53282393365222,96.11932373046875,3939800.0
2023-07-17,SBUX,95.38147933409648,96.30851930767884,94.63416747621768,95.47607421875,5244500.0
2023-07-18,SBUX,95.29632327792363,95.93957849219065,94.4638783253358,95.31524658203125,5989000.0
2023-07-19,SBUX,95.18281616267872,96.46932664312712,95.18281616267872,96.32743072509766,5556200.0
2023-07-20,SBUX,96.28014805558925,96.94232672706475,95.25850591134308,95.42877960205078,5466100.0
2023-07-21,SBUX,96.29906713960543,97.95450291998185,96.11933180254098,97.26394653320312,20370300.0
2023-07-24,SBUX,97.32070725769357,97.82207389768193,96.79097008895434,97.22611236572266,4746600.0
2023-07-25,SBUX,96.8950157958078,98.16260308409639,96.80042091441902,97.35853576660156,5627500.0
2023-07-26,SBUX,96.68691512623653,97.12205741013183,95.82609221293627,96.23285675048828,6568300.0
2023-07-27,SBUX,96.51662917149014,96.8950159146361,95.10714595082645,95.33417510986328,5373400.0
2023-07-28,SBUX,96.01528418270159,96.32745383382994,95.36256713345647,95.77879333496094,5320700.0
2023-07-31,SBUX,95.8355370906673,96.32744203530925,95.40985650372416,96.08148956298828,6377400.0
2023-08-01,SBUX,95.98690522772647,96.21393441790453,94.97472470081983,95.78825378417969,7784300.0
2023-08-02,SBUX,95.06931136663279,98.81532515741202,93.92469664309975,96.6112289428711,14463100.0
2023-08-03,SBUX,96.45987531558522,97.33962144098292,95.96797037604728,96.80042266845703,5547500.0
2023-08-04,SBUX,97.39638105803891,97.57611639554585,95.08822828337958,95.23958587646484,5199200.0
2023-08-07,SBUX,95.93959398046064,96.35582013251211,95.4855356483382,96.24230194091797,5222700.0
2023-08-08,SBUX,95.75039642254563,95.93958617601871,94.49226363228293,95.25849151611328,4058400.0
2023-08-09,SBUX,95.54227946032876,96.09093982696369,94.0949569757194,94.52063751220703,4494300.0
2023-08-10,SBUX,95.61429706468185,97.35464257005324,95.48115659214528,96.67942810058594,6844200.0
2023-08-11,SBUX,96.43217583012081,96.43217583012081,95.2339041760884,96.0422592163086,3180600.0
2023-08-14,SBUX,95.55723884256471,96.2609823760917,95.29095064213814,96.06127166748047,3239300.0
2023-08-15,SBUX,95.22439641263102,95.71892446951051,94.89154517566182,95.13880920410156,3203700.0
2023-08-16,SBUX,94.72986949253267,95.18634908643023,94.045142846074,94.1307373046875,3679500.0
2023-08-17,SBUX,94.14975497374192,94.24485428521918,91.7056656651531,91.83880615234375,5291100.0
2023-08-18,SBUX,91.30625348724173,92.71374085368272,91.09703062735137,92.46648406982422,4126000.0
2023-08-21,SBUX,92.5520667054463,92.78981862436241,91.44890157459409,91.73419952392578,3753200.0
2023-08-22,SBUX,91.76271794487101,92.00046983619768,90.91632179219701,91.36329650878906,3639800.0
2023-08-23,SBUX,91.69614644204688,91.82928691890632,89.40422201415629,90.51689910888672,9704500.0
2023-08-24,SBUX,90.10797678807243,90.94486092616799,89.11892793998894,90.1840591430664,7824500.0
2023-08-25,SBUX,90.85926608041987,91.25868752714176,89.87972942295859,90.80220794677734,5360400.0
2023-08-28,SBUX,91.23966736905062,92.43793166720668,91.1350559572988,92.28577423095703,5098900.0
2023-08-29,SBUX,92.59009971486859,94.36848652349295,92.57107549989047,94.29240417480469,5512300.0
2023-08-30,SBUX,94.16876789301658,94.83447755601662,94.1497509337821,94.37799072265625,4212200.0
2023-08-31,SBUX,94.14975301558388,94.46358726698277,92.51401877199093,92.66618347167969,5624500.0
2023-09-01,SBUX,93.57915022244738,93.91200143463757,92.28577929312644,93.19874572753906,4747100.0
2023-09-05,SBUX,92.74225889000559,93.01805196744606,91.85782152290763,92.09557342529297,5414300.0
2023-09-06,SBUX,91.69616609038913,91.81980174225929,90.69761229997657,91.24919128417969,5428400.0
2023-09-07,SBUX,90.81172648119293,91.12556077473629,90.36475168534876,90.44083404541016,6404100.0
2023-09-08,SBUX,90.58348569968948,91.1540888828956,90.10798183774885,90.61201477050781,4754700.0
2023-09-11,SBUX,90.96388556582488,91.51547175867772,90.55495197534609,90.98290252685547,5577500.0
2023-09-12,SBUX,90.82123497417905,91.781754778776,90.53592976311447,91.52497863769531,5007600.0
2023-09-13,SBUX,91.48692128528151,92.53303537050137,91.33476385372965,92.18115997314453,5830200.0
2023-09-14,SBUX,92.02900270280031,92.98952241499819,91.53448194088774,92.39990234375,6039700.0
2023-09-15,SBUX,92.48549705507601,92.69471990597012,91.34429073916081,91.51547241210938,8767600.0
2023-09-18,SBUX,91.58203809128892,92.21921146496436,91.38232010313399,92.01950073242188,4477500.0
2023-09-19,SBUX,90.5454462647646,90.7927103093099,89.65149666529467,90.62152862548828,6803000.0
2023-09-20,SBUX,90.77367247665124,91.88635688241266,90.39327524131323,90.49788665771484,4572100.0
2023-09-21,SBUX,90.49789142204698,90.65004887307019,88.47224048473046,88.53881072998047,6108800.0
2023-09-22,SBUX,88.85264877328376,89.718061998327,88.7955906336758,89.09040069580078,5118900.0
2023-09-25,SBUX,88.33909423966588,88.89068038187042,87.73044996399607,88.19644165039062,4818800.0
2023-09-26,SBUX,87.4926986694336,87.95869035903635,86.71287273238704,87.4926986694336,6086600.0
2023-09-27,SBUX,87.93015445365998,88.18693054727586,85.9520570701478,86.70335388183594,4731500.0
2023-09-28,SBUX,86.70336980262017,86.91259265639609,85.79040328619041,86.61778259277344,4736300.0
2023-09-29,SBUX,88.07281589233591,88.50076641726245,86.38952834898528,86.7984619140625,7700200.0
2023-10-02,SBUX,86.58923863245928,87.24542889528091,86.34197464273475,86.66531372070312,6430500.0
2023-10-03,SBUX,86.06619313775721,86.60826721315172,84.83939238699853,85.0961685180664,6666600.0
2023-10-04,SBUX,85.48607738518197,86.95063004211727,85.4099950315616,86.6843490600586,6166100.0
2023-10-05,SBUX,86.67483897058875,88.49126711361293,86.67483897058875,87.8445816040039,7548600.0
2023-10-06,SBUX,87.49270844332001,88.76705527925677,87.18838626939385,88.30106353759766,6979300.0
2023-10-09,SBUX,87.9206540867471,88.24400045973331,86.95062947901357,88.13938903808594,4120700.0
2023-10-10,SBUX,88.40566821322356,89.36618794891226,88.32008100941202,88.6148910522461,4974800.0
2023-10-11,SBUX,88.71950633239089,89.04284545723226,87.35005296691519,87.44515228271484,4499200.0
2023-10-12,SBUX,87.34053779874056,87.73045441215523,86.32295991854764,86.94111633300781,5485200.0
2023-10-13,SBUX,86.80796309270464,87.54974777884681,86.58923543171984,86.9981689453125,4780100.0
2023-10-16,SBUX,87.65437977220252,89.26158514008635,87.35005759216192,89.06187438964844,4595900.0
2023-10-17,SBUX,88.20594642363424,89.5753995578292,88.09182291058083,89.56588745117188,6086700.0
2023-10-18,SBUX,89.33766093833248,89.8987519689848,88.91921525065104,89.15696716308594,4110700.0
2023-10-19,SBUX,89.7465976459812,90.97339842757779,89.55639175603629,89.79414367675781,5610800.0
2023-10-20,SBUX,89.98433483306088,90.43130227611809,89.52784802754908,89.57540130615234,4699000.0
2023-10-23,SBUX,89.3281386879317,90.37424553274758,88.71949444165294,89.58490753173828,4481000.0
2023-10-24,SBUX,89.66099811559161,90.32670780936574,89.45177527628009,89.98434448242188,3600200.0
2023-10-25,SBUX,89.69903649709268,90.68808527127345,89.36618528838092,89.39471435546875,5497300.0
2023-10-26,SBUX,89.21402329904016,89.8512039243381,88.06330493934149,88.12987518310547,6201700.0
2023-10-27,SBUX,88.10133072987604,89.1379326367344,87.27395162562824,87.51170349121094,8293600.0
2023-10-30,SBUX,88.55784330420464,89.11893438775157,88.17743875732518,88.58637237548828,7852700.0
2023-10-31,SBUX,88.60537700094602,88.74802959311542,87.49269984212678,87.72093963623047,9308300.0
2023-11-01,SBUX,87.33103674327258,87.35956581269205,86.11374807728981,86.87454986572266,14292500.0
2023-11-02,SBUX,96.04225098023147,96.92668829690389,94.85349153608104,95.11026763916016,23396300.0
2023-11-03,SBUX,95.6903967057322,98.68606513494484,95.57627317052287,97.62094116210938,15995700.0
2023-11-06,SBUX,97.83016159722236,98.99038485957918,96.97425324334213,98.9333267211914,7532000.0
2023-11-07,SBUX,99.12353626587283,99.2756937257253,98.2676278804121,98.60047912597656,6239500.0
2023-11-08,SBUX,98.65752481285115,99.68461474575363,98.5719376129153,99.19009399414062,7453000.0
2023-11-09,SBUX,99.73515558929074,99.88814915352454,97.56450148883116,97.75575256347656,7607000.0
2023-11-10,SBUX,98.10955260781023,99.78296118107619,97.5166925252476,99.76383972167969,7338500.0
2023-11-13,SBUX,99.37178062847791,99.66821796563394,98.45379737110075,98.97972869873047,7120800.0
2023-11-14,SBUX,99.90727182531961,101.18862111775039,99.67777054971958,100.9782485961914,8323000.0
2023-11-15,SBUX,101.03562549285077,101.87710826636462,101.03562549285077,101.3894271850586,7980200.0
2023-11-16,SBUX,101.62848674592156,102.94809353509228,101.55198632137908,102.51778411865234,8037200.0
2023-11-17,SBUX,102.48909846587398,102.79509286910692,100.86350456660185,100.9495620727539,6341800.0
2023-11-20,SBUX,100.60532185669916,100.85394460003646,99.31440813959175,99.73515319824219,9799500.0
2023-11-21,SBUX,99.87858000182335,100.09851690328217,98.65460236452778,99.15184783935547,6149000.0
2023-11-22,SBUX,99.60127762838968,100.0985158022659,98.75978754039315,98.91278839111328,4828700.0
2023-11-24,SBUX,98.9128025317104,99.06579610882042,97.98525480419293,98.28168487548828,3206400.0
2023-11-27,SBUX,97.8131146135108,98.5780969503721,97.60274209984236,97.88005065917969,7853600.0
2023-11-28,SBUX,97.4975622832683,97.58362708794581,96.47439277732536,96.75170135498047,6848100.0
2023-11-29,SBUX,97.06726288757385,97.23938520630745,95.1739173815042,95.47991180419922,8428500.0
2023-11-30,SBUX,95.68071162308846,95.73809058798832,94.11248943148681,94.9539794921875,11442600.0
2023-12-01,SBUX,94.18899975865885,94.9348607214502,93.25188771856035,94.85836029052734,12506500.0
2023-12-04,SBUX,94.08380201843842,94.5523543336161,92.53470131080303,93.32837677001953,11477400.0
2023-12-05,SBUX,93.11800164094485,93.21363081299174,90.69873241598206,91.35853576660156,16027300.0
2023-12-06,SBUX,91.750596070295,92.91720203971865,91.29160810246151,92.77376556396484,12115000.0
2023-12-07,SBUX,92.99370110194276,93.42400322740929,92.05658913018355,92.21915435791016,7858300.0
2023-12-08,SBUX,91.87491130772538,92.62077222885698,91.61672419165232,92.3817138671875,7125200.0
2023-12-11,SBUX,92.96501861061365,94.67667738798032,92.96501861061365,93.82563018798828,7639100.0
2023-12-12,SBUX,94.13162529369137,94.28461885552062,93.1658274444881,93.85431671142578,6313800.0
2023-12-13,SBUX,94.18899338339966,94.32286548071211,92.58252092016808,93.8160629272461,7741900.0
2023-12-14,SBUX,94.39937438410895,94.46631043877645,92.89808804758115,93.5578842163086,9764800.0
2023-12-15,SBUX,93.55787781806715,93.94037265950172,92.33390016186242,92.51558685302734,12466000.0
2023-12-18,SBUX,92.98413949549504,93.06063992311853,91.721911621637,92.33390045166016,6146400.0
2023-12-19,SBUX,92.69727716514159,93.75869692622966,92.69727716514159,93.4431381225586,5992900.0
2023-12-20,SBUX,92.1426516931391,92.63988985482631,90.50749344243206,90.56486511230469,10057400.0
2023-12-21,SBUX,90.91867175691958,91.26291635825018,90.33536880996948,91.15773010253906,7097200.0
2023-12-22,SBUX,90.7370014430194,91.63586331920173,90.21107006961844,91.10993194580078,6361000.0
2023-12-26,SBUX,91.16729794610258,91.5019855058658,90.80393184423826,91.48285675048828,3709500.0
2023-12-27,SBUX,91.50199409970861,91.58805162054216,90.64138241395673,91.11949920654297,4959300.0
2023-12-28,SBUX,91.32029515171186,91.76972604381945,90.9473646870869,91.73147583007812,4518300.0
2023-12-29,SBUX,91.6836607511746,92.13309164089073,91.17685818889294,91.80797576904297,6135700.0
2024-01-02,SBUX,91.27249100443635,91.75060778768743,89.52258912230462,89.57039642333984,8859700.0
2024-01-03,SBUX,89.84769692884285,90.11544113603568,88.98708533752125,89.14965057373047,7161700.0
2024-01-04,SBUX,89.02533326783484,90.4405619923031,88.92971138135995,89.45564270019531,7118600.0
2024-01-05,SBUX,89.24527393915078,89.48433231316834,88.4324769265876,88.92015075683594,7191000.0
2024-01-08,SBUX,88.94882078758026,90.4309853612906,88.88188474656967,90.06761932373047,7536900.0
2024-01-09,SBUX,89.51301544690286,89.6277660893388,88.79584034651349,89.0157699584961,6348500.0
2024-01-10,SBUX,88.93928451735506,89.58952362309483,88.81496948676114,89.4078369140625,5847700.0
2024-01-11,SBUX,89.24528311828341,89.54171319799943,87.8778687864412,88.87235260009766,6483600.0
2024-01-12,SBUX,89.14964510957034,89.31220304033357,87.75353789395079,87.95435333251953,5641200.0
2024-01-16,SBUX,88.60459460659911,88.67153065599861,87.7152972100158,88.64283752441406,7493400.0
2024-01-17,SBUX,87.64836869220458,87.93523437336034,87.39974593214998,87.75354766845703,6672900.0
2024-01-18,SBUX,87.93522231580998,89.3408865767274,87.80135022386374,89.25482177734375,7549500.0
2024-01-19,SBUX,89.10182856167647,90.11543363178043,88.58546164988334,89.75206756591797,9565900.0
2024-01-22,SBUX,89.69471973256101,89.80946310201986,88.74804316162265,88.99666595458984,9421000.0
2024-01-23,SBUX,88.95839884825203,89.55126622803459,87.75354262923439,87.94479370117188,10227100.0
2024-01-24,SBUX,88.4994074747915,88.77670875137892,87.96391178937206,88.01172637939453,7661400.0
2024-01-25,SBUX,88.18385509975597,88.59503579919799,87.70573834670633,88.5567855834961,11991500.0
2024-01-26,SBUX,88.85321533609921,89.39826814091786,88.36554150238119,88.73847198486328,9229400.0
2024-01-29,SBUX,88.94884148171033,89.81901751277748,88.20298048107163,89.69470977783203,12728100.0
2024-01-30,SBUX,88.92970666243677,90.53617907460973,88.53764746456675,89.96244049072266,17625200.0
2024-01-31,SBUX,93.97861447689381,94.05511489744244,88.94882490578757,88.95838928222656,26751800.0
2024-02-01,SBUX,89.02534403921345,89.50346082491866,87.84918083184922,89.28353118896484,15001500.0
2024-02-02,SBUX,88.63328508530444,89.51301815077322,87.65792283384253,88.92015075683594,11366600.0
2024-02-05,SBUX,88.71933092299803,88.80539571996951,87.87784818356583,88.46115112304688,7335800.0
2024-02-06,SBUX,88.45159832110254,91.51154258807196,88.30816183770152,91.48285675048828,11531500.0
2024-02-07,SBUX,92.02791597381102,92.42953961446037,90.29713556096382,91.13861846923828,9078000.0
2024-02-08,SBUX,91.48493109740556,93.01449372333207,90.3594084519012,92.91828918457031,9888100.0
2024-02-09,SBUX,92.65855296312563,94.26506889206887,92.62969453819711,93.60130310058594,9385600.0
2024-02-12,SBUX,93.23574378709748,93.44738202310496,91.75428347442065,91.84086608886719,9224400.0
2024-02-13,SBUX,91.24442424241168,91.92743382298667,89.83992473792827,90.30168151855469,8138500.0
2024-02-14,SBUX,90.50370914111937,90.87888336134675,90.19587369530778,90.49408721923828,5510600.0
2024-02-15,SBUX,90.45559839527182,90.65761469958997,89.46475337626485,89.6763916015625,8878000.0
2024-02-16,SBUX,89.56095056793416,90.59989785246343,89.22425672740391,89.6763916015625,5737500.0
2024-02-20,SBUX,89.81106751953665,90.54217937392558,89.53209053115961,89.90726470947266,8844500.0
2024-02-21,SBUX,90.2920659362647,92.12945658832564,90.2054833228427,91.40796661376953,8284600.0
2024-02-22,SBUX,91.28290117957502,92.42766749806012,90.56141128258858,92.13906860351562,8124700.0
2024-02-23,SBUX,92.2352720579092,93.24536091809702,91.94668048312359,91.98516082763672,6845200.0
2024-02-26,SBUX,91.73505336657061,91.93706969519612,90.66724752999563,90.69610595703125,7043800.0
2024-02-27,SBUX,90.73459105154811,91.0616703669355,90.04195940896447,90.55181121826172,5356100.0
2024-02-28,SBUX,90.20547863667059,90.39788035684896,89.24349205390429,89.46475219726562,5622400.0
2024-02-29,SBUX,90.90773015225908,91.48492062185873,90.40750036910605,91.29252624511719,11221100.0
2024-03-01,SBUX,90.85963148801768,90.9750725222611,89.37817858179127,89.6186752319336,7995400.0
2024-03-04,SBUX,89.52247248640367,89.77259106256679,88.54124936357216,88.94528198242188,7321000.0
2024-03-05,SBUX,88.59897948690802,88.66631826680566,87.60813429439582,87.75243377685547,7137300.0
2024-03-06,SBUX,87.87747773359659,88.53162893967298,87.65622491735968,88.16607666015625,4826900.0
2024-03-07,SBUX,88.13721236236793,88.27188989528807,86.87700496236505,87.49267578125,8792400.0
2024-03-08,SBUX,87.17522637966356,88.0506303495614,87.15598253804484,87.59849548339844,7673300.0
2024-03-11,SBUX,87.79091482876323,89.42628940468641,87.70433220284583,88.57012176513672,6702300.0
2024-03-12,SBUX,88.50276949493987,89.19540103920035,87.74279918050826,88.88756561279297,9444900.0
2024-03-13,SBUX,88.97413956938883,89.33969917865824,87.41572595724156,88.12759399414062,8254500.0
2024-03-14,SBUX,87.63697982737398,88.22379225415192,86.97321404873412,88.17569732666016,8544800.0
2024-03-15,SBUX,88.11797284158726,88.52200546015871,86.67499291293886,86.6942367553711,18136300.0
2024-03-18,SBUX,87.30028882467676,87.95444004277829,87.08865058655924,87.55040740966797,7413900.0
2024-03-19,SBUX,87.540776487303,88.40656585450297,87.40609895678023,88.10834503173828,5676500.0
2024-03-20,SBUX,88.30075683426884,89.10882210972314,88.04101632474725,89.07996368408203,5804400.0
2024-03-21,SBUX,89.10881818525536,89.62829184204446,88.15645348416307,88.17569732666016,6287300.0
2024-03-22,SBUX,88.252655402483,88.29113575016144,86.63651749686726,87.26181030273438,6495000.0
2024-03-25,SBUX,87.20408350536682,87.65621836480331,87.0309256302502,87.22332000732422,6903000.0
2024-03-26,SBUX,87.5215441981434,87.54078070084043,86.8000542473123,86.92510986328125,6216100.0
2024-03-27,SBUX,87.20408714622579,88.33923163285601,87.15598488026146,88.02177429199219,5863700.0
2024-03-28,SBUX,88.30075835964388,88.73364943049025,87.82938694081938,87.91596221923828,6784300.0
2024-04-01,SBUX,88.32961329880042,88.57010995963786,87.56002104837036,88.0506362915039,4990200.0
2024-04-02,SBUX,87.6465964701819,87.77165208137967,85.8380643712736,85.90540313720703,8276800.0
2024-04-03,SBUX,86.19400604247694,86.42488079328297,85.28012162181179,85.32821655273438,6316400.0
2024-04-04,SBUX,85.74187073547905,85.9438870589423,84.2796542011555,84.28927612304688,8057600.0
2024-04-05,SBUX,84.55862711565992,84.58748554055701,83.52930170453494,83.54853820800781,7161400.0
2024-04-08,SBUX,83.66398735476238,84.03916159353363,83.07717486040195,83.87562561035156,6322900.0
2024-04-09,SBUX,83.87560290228036,84.27001353960786,83.02905010911522,83.81787872314453,6240700.0
2024-04-10,SBUX,83.0386845780674,83.56778015375507,82.34605303875827,82.68274688720703,7413900.0
2024-04-11,SBUX,82.73085601538669,83.02906954312088,82.01898791400052,82.63465881347656,6841600.0
2024-04-12,SBUX,82.17289547153769,82.2594780839737,81.08585323109432,81.69190216064453,8594800.0
2024-04-15,SBUX,82.1536713796101,83.08679971801321,81.69191450206857,81.93241119384766,9676900.0
2024-04-16,SBUX,81.59570682055418,82.91363116452565,81.2109106952203,82.17289733886719,8866800.0
2024-04-17,SBUX,82.7308526399378,83.13488527510127,82.09593792235884,82.93286895751953,6870100.0
2024-04-18,SBUX,83.15411812892765,84.29887711060294,82.77894396880406,83.83712768554688,11403300.0
2024-04-19,SBUX,83.83714245483549,84.73179038028516,83.80828402810745,84.27965545654297,11900000.0
2024-04-22,SBUX,84.73178284783677,85.24163457971046,84.01990746807405,84.8279800415039,8669000.0
2024-04-23,SBUX,85.39554430669841,85.43402465009595,84.00066672056903,84.5297622680664,5670500.0
2024-04-24,SBUX,83.75054504047083,85.55908441595524,83.64472593491058,85.37630462646484,7183900.0
2024-04-25,SBUX,86.1459038297026,86.31906171301421,84.34698622748624,84.50090026855469,7284600.0
2024-04-26,SBUX,84.07763749500869,85.8573113892639,84.04877906884185,84.89532470703125,7185300.0
2024-04-29,SBUX,84.88569979484167,85.24163749690416,84.52014751064623,84.97228240966797,8522800.0
2024-04-30,SBUX,84.27964463954582,85.6071834742833,83.8659901176575,85.12619018554688,14538400.0
2024-05-01,SBUX,72.93782172753804,74.06334425736607,69.90756255237595,71.61028289794922,66610700.0
2024-05-02,SBUX,72.0528066118364,72.29330329122212,70.56172426389448,72.0816650390625,23883400.0
2024-05-03,SBUX,72.40872830844813,72.63961037729506,70.21540003002966,70.33084106445312,22153800.0
2024-05-06,SBUX,70.52324067565816,71.36979364541835,69.93642821775651,70.12882995605469,18632200.0
2024-05-07,SBUX,70.08072768125265,70.08072768125265,69.07064607792437,69.74403381347656,21901300.0
2024-05-08,SBUX,69.5420136115376,71.63914473583846,69.50353326602858,70.70601654052734,24482600.0
2024-05-09,SBUX,70.77336146079858,72.88011468940543,70.29236810919892,72.80315399169922,18591500.0
2024-05-10,SBUX,72.44720469959321,73.40919124916424,72.20670806220046,73.216796875,15761900.0
2024-05-13,SBUX,73.32262188633351,73.9190488978902,72.91858926443209,73.28414154052734,10953600.0
2024-05-14,SBUX,73.33224085425606,73.81323414839834,72.64922391792385,72.75504302978516,10961100.0
2024-05-15,SBUX,73.01478943217725,73.13984505660748,72.45683540433319,72.8223876953125,8826500.0
2024-05-16,SBUX,72.8805565778894,73.2294998416065,72.17297512783547,72.96778869628906,10758500.0
2024-05-17,SBUX,72.95807484432399,75.60422600844477,72.61882659124628,75.45883178710938,14436500.0
2024-05-20,SBUX,75.2940703002684,75.9144122009765,74.35386252714741,75.15837097167969,11183800.0
2024-05-21,SBUX,75.17774318483569,75.81747484255816,75.1195884505183,75.33283233642578,8916600.0
2024-05-22,SBUX,75.31344708210854,78.53147322302742,75.06143828801206,78.24069213867188,22072200.0
2024-05-23,SBUX,77.63972996551313,78.2212995085579,75.25528966248899,75.90470886230469,15841300.0
2024-05-24,SBUX,76.08887925097862,76.78676569610776,75.7108586590434,76.44751739501953,10746200.0
2024-05-28,SBUX,76.36997319983523,76.37966812136062,75.03236243660693,75.10021209716797,8833300.0
2024-05-29,SBUX,74.73188252401897,75.91441157342419,74.47017879106377,74.51863861083984,9268100.0
2024-05-30,SBUX,74.73187978955626,76.45720608569907,74.69310749811886,76.34089660644531,9294200.0
2024-05-31,SBUX,76.65107323395533,77.86267969986234,76.19550801956485,77.75605773925781,12669700.0
2024-06-03,SBUX,77.23262871696942,79.59768647178706,77.17447398367312,79.55891418457031,12443400.0
2024-06-04,SBUX,79.45230258511407,80.86745797496432,79.38445292241776,80.24711608886719,12370000.0
2024-06-05,SBUX,79.9272491258476,79.96602141757829,78.47332146370981,78.66718292236328,11275300.0
2024-06-06,SBUX,78.65748045814296,80.38280660189433,78.43454165083386,78.9676513671875,9237800.0
2024-06-07,SBUX,79.11304530278768,80.09201783998505,78.13406537053254,78.92887878417969,10852600.0
2024-06-10,SBUX,78.98704411947796,79.33598736206356,78.35700729841734,79.09366607666016,8698600.0
2024-06-11,SBUX,78.43455023580692,78.48301744989229,77.30048841877192,77.43618774414062,9024300.0
2024-06-12,SBUX,77.53311325886382,77.71727979471122,76.74799469245494,76.94184875488281,8873400.0
2024-06-13,SBUX,77.05815992006251,78.41516044169154,76.74798900612369,77.77542877197266,13947300.0
2024-06-14,SBUX,77.54280051935437,77.9305160009627,76.68013745518118,77.20355224609375,7192400.0
2024-06-17,SBUX,77.1356986519309,79.23904523378141,76.83521528662557,78.83194732666016,9845900.0
2024-06-18,SBUX,78.52178208928825,79.20027865000439,77.14539173103026,77.73665618896484,9664500.0
2024-06-20,SBUX,77.36832747148011,78.29884017285535,77.22293324422138,77.27140045166016,10183900.0
2024-06-21,SBUX,77.54281378091427,77.78513507397963,76.72861778584299,77.45558166503906,25648400.0
2024-06-24,SBUX,77.54280876726769,77.6106584291367,76.73830035149325,77.2811050415039,7396600.0
2024-06-25,SBUX,77.54280371399855,78.26976749881729,76.44751427375921,76.84491729736328,15821600.0
2024-06-26,SBUX,76.5735159864007,76.84491460668755,75.97255661643852,76.71891021728516,10708100.0
2024-06-27,SBUX,76.6219855848785,77.00000615993387,76.26334745685197,76.80614471435547,10289600.0
2024-06-28,SBUX,76.30211235480881,76.4571941011912,75.22620547000713,75.45883178710938,13207500.0
2024-07-01,SBUX,75.59454157376545,75.81748039674366,74.42170751041336,74.76095581054688,6767600.0
2024-07-02,SBUX,74.7512702657849,74.83850237596388,73.93706692882188,74.47017669677734,8854100.0
2024-07-03,SBUX,74.47985853301275,74.67371997702992,73.73351230995598,73.91767883300781,4906700.0
2024-07-05,SBUX,73.89828570672313,73.9273630732689,73.10347230922247,73.71412658691406,9663100.0
2024-07-08,SBUX,73.9952180982497,74.10184004669567,72.18265976478443,72.27958679199219,8871200.0
2024-07-09,SBUX,72.33773308344861,72.34742800355488,70.49609759634863,70.5154800415039,11816900.0
2024-07-10,SBUX,70.74812015667848,70.92259177733236,70.12777825992218,70.28286743164062,11132500.0
2024-07-11,SBUX,70.11807153027287,71.24244565071447,69.86606276125596,71.04859161376953,12316100.0
2024-07-12,SBUX,71.53323854919368,72.75453236899145,71.12613321420314,72.53160095214844,10559300.0
2024-07-15,SBUX,72.58974924081092,72.5994441609172,70.29254124940316,70.5154800415039,9064400.0
2024-07-16,SBUX,69.9920758325132,73.19071960449219,69.35235151515244,73.19071960449219,14968700.0
2024-07-17,SBUX,72.90962130945086,73.79166684337304,72.26020211265373,72.79330444335938,11567800.0
2024-07-18,SBUX,72.17297388736176,72.80301073574773,71.54293703897578,71.91127014160156,10701000.0
2024-07-19,SBUX,72.3668303806516,76.9418499207771,71.91126519247865,76.8352279663086,32965900.0
2024-07-22,SBUX,75.92411032071244,76.05980965501638,73.67536898717121,74.19878387451172,18851500.0
2024-07-23,SBUX,74.77064700150954,74.77064700150954,73.69474002115254,73.91767883300781,9592100.0
2024-07-24,SBUX,74.02430947789192,74.14061896291312,71.74648346210903,72.38621520996094,10478200.0
2024-07-25,SBUX,72.75453959259788,73.44273114844826,71.00983079320584,71.06798553466797,18973600.0
2024-07-26,SBUX,71.57200971820266,72.71576645571736,71.44600531481137,71.77556610107422,12387100.0
2024-07-29,SBUX,72.10511734341846,73.26825649484567,71.45569810712256,72.8902359008789,10864700.0
2024-07-30,SBUX,72.93870433716096,73.71413538116082,72.55098881516102,73.60751342773438,16163600.0
2024-07-31,SBUX,77.10662516996621,78.74471180114071,75.41037640980404,75.5557632446289,18901100.0
2024-08-01,SBUX,75.4976126857561,75.73993395060832,71.56231771097448,72.8030014038086,17307200.0
2024-08-02,SBUX,72.80300824120917,74.3150907094779,72.6188416962066,73.54935455322266,15185700.0
2024-08-05,SBUX,71.58169759622649,72.69637685366087,70.48640818051884,71.59139251708984,12372900.0
2024-08-06,SBUX,71.64955531237895,73.6559752434501,71.57201072686443,73.05502319335938,10525500.0
2024-08-07,SBUX,72.98717294922062,74.47017800886026,72.85147362317899,72.97747802734375,7297000.0
2024-08-08,SBUX,72.76423329903541,73.81106299821906,72.50252957176879,73.42334747314453,8988300.0
2024-08-09,SBUX,73.32641980069519,73.5299687856947,72.45406172565554,72.78361511230469,4683600.0
2024-08-12,SBUX,74.17938942000703,76.02103263619517,73.94676306066432,74.66403198242188,13123000.0
2024-08-13,SBUX,88.22432150538911,93.06105920236968,87.51674756406582,92.95443725585938,157215500.0
2024-08-14,SBUX,92.46010956823802,92.9156747704759,88.62174127404347,91.01587677001953,45737800.0
2024-08-15,SBUX,91.22911556093992,92.04331148894602,90.12413114718399,91.96576690673828,21109800.0
2024-08-16,SBUX,91.03938374159705,93.27246290563238,90.98087752132427,92.45333862304688,16336300.0
2024-08-19,SBUX,92.0047767777152,92.5313550977613,89.83995727522131,90.0057373046875,14479000.0
2024-08-20,SBUX,89.99597759182402,91.48794567602796,89.83995109006914,90.69808197021484,11536200.0
2024-08-21,SBUX,90.19100818916885,91.05888519310574,89.92772275281585,90.47380065917969,6769200.0
2024-08-22,SBUX,90.36653201454233,90.5225585208566,89.48890151590778,90.13249969482422,10010300.0
2024-08-23,SBUX,90.5420673536641,92.07304226427357,90.52256775826163,91.6829833984375,11483700.0
2024-08-26,SBUX,91.85851236765441,93.54551385286977,91.83901277164661,93.25296783447266,13882800.0
2024-08-27,SBUX,93.02867606478814,96.2661516539391,92.88240307593051,96.14913177490234,17456300.0
2024-08-28,SBUX,95.77858450230546,96.25640267801026,92.03403003377746,92.93116760253906,14866300.0
2024-08-29,SBUX,93.09693611772202,93.44798831627351,91.93651315919055,92.5020980834961,8781300.0
2024-08-30,SBUX,92.62887303335287,93.54551024520896,92.09254860664768,92.21931457519531,7117200.0
2024-09-03,SBUX,91.79024432558748,92.45334212623352,90.7273416050061,90.86386108398438,11234000.0
2024-09-04,SBUX,91.04913839261938,91.6439764386482,89.6839361978032,90.03498840332031,7193500.0
2024-09-05,SBUX,89.87896434397952,90.70783473635962,88.93307406665316,89.28412628173828,8370100.0
2024-09-06,SBUX,89.22562182493942,89.86922004525032,87.93843282407144,88.88432312011719,9257000.0
2024-09-09,SBUX,88.95257890225207,90.0642417426293,88.16271515770863,89.91796875,10089700.0
2024-09-10,SBUX,89.83021349286001,91.19540831331456,88.87456967878805,91.01988220214844,7327000.0
2024-09-11,SBUX,91.74148562046925,95.90534433650959,91.33192721031836,95.75907135009766,19302900.0
2024-09-12,SBUX,96.01261570217727,96.84148608204808,94.92045244508942,96.8122329711914,14653500.0
2024-09-13,SBUX,96.6659585770272,97.03651781518711,96.05162093867483,96.11988067626953,9899900.0
2024-09-16,SBUX,96.07111968532263,96.14913293895829,93.59426212029392,93.91605377197266,9263400.0
2024-09-17,SBUX,94.09158412680989,94.14034427247505,92.83364825413662,94.04283142089844,6281700.0
2024-09-18,SBUX,93.17495014282196,95.17398954806663,92.96041741529007,93.73078155517578,8793800.0
2024-09-19,SBUX,95.53479715130089,96.24664764515414,93.93556261964702,94.49139404296875,8752600.0
2024-09-20,SBUX,94.44263157527855,94.64741078517494,92.95066344620965,93.66252136230469,19541000.0
2024-09-23,SBUX,93.66252085979117,93.66252085979117,92.00477271657833,93.106689453125,8382800.0
2024-09-24,SBUX,93.09694539682684,93.43824411283815,91.84876298412604,92.102294921875,8606800.0
2024-09-25,SBUX,91.91702180809152,93.5747626634273,91.87801517811546,93.24321746826172,8632900.0
2024-09-26,SBUX,96.05162243804355,96.68546711974784,94.58890737553527,95.04722595214844,9876800.0
2024-09-27,SBUX,95.22275677998121,95.71032849166595,94.77419169800172,94.9399642944336,6319900.0
2024-09-30,SBUX,94.96921383385276,95.26175982575903,94.01357748116568,95.06672668457031,6436400.0
2024-10-01,SBUX,95.06672307817051,95.70056774341982,93.9550602547039,95.00821685791016,7171600.0
2024-10-02,SBUX,94.42313271037838,94.58890529494211,93.48699598373493,94.10133361816406,6346000.0
2024-10-03,SBUX,93.26271326898518,93.99407081183466,92.94091416459054,93.18470001220703,5556400.0
2024-10-04,SBUX,93.77953184264626,94.3256171640449,92.78488892397013,94.1793441772461,6818900.0
2024-10-07,SBUX,93.79903547859028,94.12082711019052,92.98966476206684,93.7015151977539,7478900.0
2024-10-08,SBUX,93.66252341036373,94.47188675105588,92.91165885123831,93.81854248046875,6595200.0
2024-10-09,SBUX,94.0818342136473,94.0818342136473,93.08718382475938,93.49674224853516,3344800.0
2024-10-10,SBUX,93.04818479558243,93.10669846072359,91.42945056192099,91.54646301269531,5459500.0
2024-10-11,SBUX,91.7999939576478,93.57475454901186,91.67322800103369,93.1749496459961,4834800.0
2024-10-14,SBUX,93.0384314633616,93.1554439050121,91.99502092695518,92.40458679199219,4124700.0
2024-10-15,SBUX,92.31682183520567,93.58451120285707,92.21930898532946,92.67762756347656,6264100.0
2024-10-16,SBUX,93.07743520350402,93.45774053697714,91.7512395750708,93.08718872070312,7537100.0
2024-10-17,SBUX,92.96042253781508,93.79904646087701,92.42409068943114,92.90190887451172,5577300.0
2024-10-18,SBUX,93.30171419181791,94.4426301033533,92.6776230552642,94.43287658691406,6178300.0
2024-10-21,SBUX,94.5401381690887,94.7839239894729,93.50648867138062,94.05256652832031,3994300.0
2024-10-22,SBUX,93.95505730417013,94.77418156085815,93.5552524120242,94.41337585449219,6670900.0
2024-10-23,SBUX,91.53670720026454,95.2910075383448,91.36118110301584,95.22274780273438,18858800.0
2024-10-24,SBUX,95.26175437789072,96.94874817411336,94.44263011124976,94.73517608642578,9828600.0
2024-10-25,SBUX,94.80343025165088,95.52503419099855,94.03306617272112,94.89118957519531,9665600.0
2024-10-28,SBUX,95.2227512153917,96.67571274817354,95.12523836670394,95.58354949951172,6790900.0
2024-10-29,SBUX,95.3105064392452,95.61280592882713,93.95505781357316,94.96920776367188,7664200.0
2024-10-30,SBUX,94.94970771268454,95.71031831165148,94.39387631807386,94.90094757080078,9187200.0
2024-10-31,SBUX,94.9009478495446,96.53918892895948,92.97991431383005,95.27149963378906,12011500.0
2024-11-01,SBUX,95.17398600453438,97.31930576022503,94.9497072084675,96.41242218017578,8860200.0
2024-11-04,SBUX,96.13937765222579,96.35391037589727,94.29635734759826,94.61815643310547,7049100.0
2024-11-05,SBUX,94.45238745083864,95.04722550195483,93.76003655063448,94.67666625976562,6348300.0
2024-11-06,SBUX,94.55964172502786,95.78832429772937,92.4240756362435,93.69176483154297,9708800.0
2024-11-07,SBUX,93.67226789509677,94.28661296752959,93.37972935371512,93.73078155517578,6195200.0
2024-11-08,SBUX,93.72103522707748,95.21300347784475,93.64302196749064,95.125244140625,6118700.0
2024-11-11,SBUX,95.56405618812288,98.88929885717926,95.51529604069674,97.81663513183594,10313300.0
2024-11-12,SBUX,97.64109693516896,98.04090926328155,95.97360276812657,96.34416198730469,8438400.0
2024-11-13,SBUX,94.93020728606676,97.45583252838739,93.83805145349882,97.3193130493164,8816300.0
2024-11-14,SBUX,96.95850684077794,97.53383786549709,96.67571436702065,96.76348114013672,6441500.0
2024-11-15,SBUX,97.23442944473123,98.33334800898201,96.14532472532983,96.56723022460938,8119900.0
2024-11-18,SBUX,96.58686203411878,98.71600982526157,96.08646072624073,98.50996398925781,7041500.0
2024-11-19,SBUX,97.91145241486646,98.41185375202328,96.351380299885,96.4985580444336,9176200.0
2024-11-20,SBUX,96.15514784183875,96.89102907532222,95.28190271030006,96.4102554321289,7527700.0
2024-11-21,SBUX,97.62691310541831,98.44129015705363,96.63592425325692,98.1763687133789,6760600.0
2024-11-22,SBUX,98.1174971417683,100.62930267315086,97.891823604603,100.5704345703125,6563300.0
2024-11-25,SBUX,100.99233613184545,101.37499375677318,99.86398346197902,99.9228515625,8839600.0
2024-11-26,SBUX,100.07003533030166,100.16815133233983,98.57865263631665,98.78469848632812,6558300.0
2024-11-27,SBUX,98.85337265679473,100.10927534989722,98.82393860707678,99.59906768798828,4857800.0
2024-11-29,SBUX,99.46171181478904,100.57043686288766,99.36358832679372,100.53118896484375,3419300.0
2024-12-02,SBUX,100.07984130017928,100.28588713397542,97.98994142672939,99.59906768798828,6103200.0
2024-12-03,SBUX,99.18697643527277,100.19759296596861,98.00956943814654,99.65794372558594,7101500.0
2024-12-04,SBUX,98.99073929408436,100.07003023307098,98.4805316180115,98.80431365966797,6151100.0
2024-12-05,SBUX,99.09866821976316,99.3930236939321,97.32274398671697,97.36199188232422,7194800.0
2024-12-06,SBUX,97.06763896944851,98.72582704519772,96.58686533567248,98.22542572021484,6297000.0
2024-12-09,SBUX,98.18617816049314,98.67676564155602,96.66535397488987,97.44048309326172,7271600.0
2024-12-10,SBUX,97.2736887246809,97.3816185733468,96.09628172112522,96.31214141845703,8192500.0
2024-12-11,SBUX,96.64572601186379,97.51897105920072,96.13551836625074,96.56723022460938,8007300.0
2024-12-12,SBUX,96.37101001161616,97.10689126401303,95.58606701475104,95.9785385131836,6375900.0
2024-12-13,SBUX,95.50757140271439,96.2336462962395,95.11510738929363,95.58606719970703,5910900.0
2024-12-16,SBUX,95.12491425355465,95.17397599837777,91.34739196108256,91.36701965332031,12395900.0
2024-12-17,SBUX,91.25908619913739,92.17157922210228,90.31715912474958,90.35639953613281,8536100.0
2024-12-18,SBUX,90.04241864266237,90.51338589553262,87.95251876889495,88.20762634277344,10886600.0
2024-12-19,SBUX,88.54122313692531,89.85600142903999,87.00077880408976,87.0890884399414,14628400.0
2024-12-20,SBUX,86.20603499626876,87.48156547426292,85.43090585789028,86.31396484375,26477500.0
2024-12-23,SBUX,85.85281341768247,86.22565722679018,84.67540639940562,85.7939453125,11203700.0
2024-12-24,SBUX,85.7546940964636,88.22725173350538,85.52902055904198,88.21744537353516,5422000.0
2024-12-26,SBUX,87.687606195429,90.31715530745329,87.687606195429,90.13072967529297,7538700.0
2024-12-27,SBUX,89.18880489547257,91.44550280022715,89.16917720434336,90.51338958740234,8200400.0
2024-12-30,SBUX,89.57146549606645,89.60089954796443,88.14875727290512,88.87483215332031,8404500.0
2024-12-31,SBUX,89.02201122580135,90.0424266404096,88.88463983861092,89.53221893310547,4220700.0
2025-01-02,SBUX,89.82657466451269,90.91567951846916,89.6892107627318,90.43489837646484,8640900.0
2025-01-03,SBUX,90.66056929616539,91.36701647673819,90.07186580761173,90.8371810913086,4964900.0
2025-01-06,SBUX,90.30733874743885,92.72102810456687,90.20922275453519,91.37681579589844,8768100.0
2025-01-07,SBUX,91.03340942610217,91.88703431587861,90.13073028095486,91.09227752685547,6638300.0
2025-01-08,SBUX,91.21983368060432,91.25908157577014,90.27790665393643,90.85679626464844,6243700.0
2025-01-10,SBUX,90.45452148555638,91.04322496132842,90.19941390127254,90.51338958740234,6550300.0
2025-01-13,SBUX,90.53300960475921,91.8281602430765,89.65976449559375,91.74967193603516,6912100.0
2025-01-14,SBUX,92.24025418655754,93.10368540126083,90.77829819989925,91.31794738769531,6406200.0
2025-01-15,SBUX,92.32856157674097,92.69159900421506,91.2002088836784,91.32776641845703,4554700.0
2025-01-16,SBUX,91.12172084373093,92.9859472712101,91.12172084373093,92.65235137939453,6548200.0
2025-01-17,SBUX,93.78070559201043,94.05543338636407,93.30973831185351,93.33917236328125,8361900.0
2025-01-21,SBUX,93.61390914612795,96.72423205977113,93.61390914612795,96.13552856445312,8803100.0
2025-01-22,SBUX,96.13552965051346,96.68498525424808,95.62531445924174,95.8902359008789,7678900.0
2025-01-23,SBUX,96.15513855187875,96.18457260065098,95.19358387262105,96.14532470703125,7901800.0
2025-01-24,SBUX,95.94910257624976,97.14613725436078,95.78230462556769,96.94989776611328,6957100.0
2025-01-27,SBUX,96.66535304941763,98.44128480418671,96.25326136585518,98.13711547851562,9654900.0
2025-01-28,SBUX,97.07745460630704,98.7846969700334,96.73403737578806,98.51978302001953,14736500.0
2025-01-29,SBUX,100.76666660007456,108.00774268217096,100.74704639437962,106.53598022460938,40769300.0
2025-01-30,SBUX,106.94807434082031,108.2628452395465,105.99633339896303,106.94807434082031,15023000.0
2025-01-31,SBUX,106.9480742757832,107.30129787225297,105.47631178574949,105.65292358398438,19136900.0
2025-02-03,SBUX,103.72982429396524,106.39862154562147,103.5335847985368,106.12389373779297,8894100.0
2025-02-04,SBUX,106.62428394273122,108.97910540652167,106.09444855194555,108.51795196533203,11123700.0
2025-02-05,SBUX,108.10585477802476,110.3036845392612,107.79187909784812,110.13688659667969,12826000.0
2025-02-06,SBUX,109.94066150055085,110.19576161023,108.95948650272628,109.59724426269531,11967300.0
2025-02-07,SBUX,109.33232057312617,110.49992111203228,107.9881082509046,110.08782196044922,11502400.0
2025-02-10,SBUX,110.4606764418164,110.4606764418164,108.91041824143443,109.35194396972656,8348400.0
2025-02-11,SBUX,108.79267211878891,109.97008651083205,108.52775818489727,108.93984985351562,4683100.0
2025-02-12,SBUX,108.47870063989009,111.05919556268408,108.32171653967569,110.91201782226562,7269400.0
2025-02-13,SBUX,110.99051590871882,111.26524370409902,109.4304438052798,110.87277221679688,10046300.0
2025-02-14,SBUX,111.296960893899,111.93818757890526,110.51762477229444,111.03060913085938,9115000.0
2025-02-18,SBUX,110.29074389679845,111.82968205885594,110.11317352991485,111.50413513183594,7574100.0
2025-02-19,SBUX,110.9220921613007,111.80993637833075,110.82343611371982,110.9714126586914,8268900.0
2025-02-20,SBUX,110.65574056931773,111.96778781881702,110.44857640251261,111.80994415283203,6343800.0
2025-02-21,SBUX,111.80008159307617,113.13185550217982,110.12302655541968,110.24140930175781,9664700.0
2025-02-24,SBUX,110.82344076466856,112.37225347045079,110.37951863752338,111.66197204589844,13120500.0
2025-02-25,SBUX,111.55345786957099,113.68429464470556,111.14898912614258,113.0430679321289,11001800.0
2025-02-26,SBUX,113.06279915449852,113.24036950825001,110.74452497180968,111.47453308105469,7466800.0
2025-02-27,SBUX,111.47453648711856,114.13808434837459,111.27723943309965,112.94441986083984,9013700.0
2025-02-28,SBUX,113.50672206532734,114.52281616970744,112.72738592546298,114.24659729003906,11466000.0
2025-03-03,SBUX,114.47349749403654,115.8743261354688,112.5596844738487,113.85200500488281,9225500.0
2025-03-04,SBUX,113.43766442732962,113.71388329989253,110.48803071474751,110.5472183227539,12482400.0
2025-03-05,SBUX,110.06383771397081,111.0010099845283,108.72219670941698,110.18222045898438,11926800.0
2025-03-06,SBUX,108.52490064158185,108.93922896327385,103.49375059223621,104.04618835449219,16321700.0
2025-03-07,SBUX,103.31618121292645,105.41742417256967,102.04359490450025,105.04255676269531,11637400.0
2025-03-10,SBUX,104.30267781242546,104.56902957614498,98.45273085677945,99.7647705078125,15823300.0
2025-03-11,SBUX,100.51451581855432,101.60953176296626,97.663530529453,98.23570251464844,10663500.0
2025-03-12,SBUX,98.94598554574851,98.94598554574851,95.66093765923125,97.35771942138672,9461200.0
2025-03-13,SBUX,97.37744618816505,97.5352898528543,94.63497648859104,94.74349212646484,9274300.0
2025-03-14,SBUX,95.21700595330415,96.92365478945717,94.86187276843997,96.7855453491211,8240900.0
2025-03-17,SBUX,96.390946366844,98.10745483410982,95.6905320355252,97.7424545288086,10131700.0
2025-03-18,SBUX,97.89043456260404,98.02854401163721,96.36135598579341,96.95325469970703,7423400.0
2025-03-19,SBUX,96.94338140892003,98.18637389738332,96.62770161319602,97.85096740722656,4982700.0
2025-03-20,SBUX,97.51554763592137,98.3442117547944,97.33797729090568,97.93974304199219,5952800.0
2025-03-21,SBUX,96.61784047838013,96.68689519738636,94.99011350020461,95.75958251953125,11366000.0
2025-03-24,SBUX,96.7066239715661,96.87432721755982,94.3390217275133,94.42781066894531,8265000.0
2025-03-25,SBUX,94.89146779890189,95.66093684111257,93.49063163020027,94.58564758300781,6984800.0
2025-03-26,SBUX,94.70403120474501,97.06176637950112,94.70403120474501,96.6474380493164,9561600.0
2025-03-27,SBUX,96.57837647432048,98.57110367789832,96.22323578039182,97.51554870605469,9141000.0
2025-03-28,SBUX,96.67703446155157,97.16041752646723,95.74972172255387,96.41068267822266,8066200.0
2025-03-31,SBUX,95.31566654229928,97.48596430209878,93.30320492479775,96.76581573486328,11302900.0
2025-04-01,SBUX,96.52904812213177,97.56487639696124,95.81876673669439,96.90392303466797,5868400.0
2025-04-02,SBUX,96.09500014602146,98.40340729084899,96.09500014602146,98.06800079345703,6043300.0
2025-04-03,SBUX,92.08980256468116,92.12926348030551,86.46675380021411,87.06851959228516,20490100.0
2025-04-04,SBUX,83.51712231648166,84.27672426593254,80.20248057516812,80.9916763305664,19700100.0
2025-04-07,SBUX,77.56851298702168,82.14587360622318,75.12199654903452,78.9200210571289,26099400.0
2025-04-08,SBUX,81.94858037119617,82.35304911057608,77.6277117270892,78.61421203613281,20534600.0
2025-04-09,SBUX,78.15055694986442,87.92677125677879,76.8779706274604,87.48284912109375,26668100.0
2025-04-10,SBUX,84.94754144980989,85.41119779511412,80.56747770860405,83.45792388916016,16209300.0
2025-04-11,SBUX,83.29022541240025,84.6614603060216,80.97195107956996,84.27672576904297,10059700.0
2025-04-14,SBUX,85.15471172610602,85.59863388250852,82.27413244903953,84.3359146118164,8880500.0
2025-04-15,SBUX,84.34577726998187,84.89821504014422,82.33331571616165,82.57994079589844,7088600.0
2025-04-16,SBUX,82.1754810451125,82.39250479697711,78.81151128480744,79.66976928710938,13080800.0
2025-04-17,SBUX,80.1531551805742,81.4356086740236,80.10382715144132,80.3997802734375,9787500.0
2025-04-21,SBUX,79.2751634109131,79.72895263830819,77.07526446635009,79.5908432006836,10595600.0
2025-04-22,SBUX,80.80424411414585,82.36290888599154,80.5181581206906,80.64640045166016,10408600.0
2025-04-23,SBUX,82.86602300040022,84.58253136944514,81.53424913603088,81.69208526611328,9114400.0
2025-04-24,SBUX,81.27775630769395,83.00413177306791,80.4786935007402,82.72791290283203,6798100.0
2025-04-25,SBUX,82.50101850969892,82.85615922467608,81.34681494922319,82.6785888671875,5799400.0
2025-04-28,SBUX,83.19157520661165,83.91171623767359,82.14587973167745,82.76737976074219,7091400.0
2025-04-29,SBUX,82.51088719777107,83.92158297412398,82.0768246430778,83.70455169677734,16356900.0
2025-04-30,SBUX,75.33903128508801,79.19624357838543,74.48077330701311,78.96935272216797,41297000.0
2025-05-01,SBUX,79.62043964435104,81.59344027742053,79.18637709662771,80.90289306640625,18326700.0
2025-05-02,SBUX,81.47505808281373,83.6848242258549,80.9423545315022,83.54671478271484,13512900.0
2025-05-05,SBUX,82.86602425037418,82.94494607980576,80.48855494194744,80.5576171875,13361900.0
2025-05-06,SBUX,79.90652904017828,82.24453759937656,79.52179450246724,81.6624984741211,10709500.0
2025-05-07,SBUX,81.84992937482502,82.10642155482583,81.03113233669927,81.59343719482422,8224800.0
2025-05-08,SBUX,82.21492888403648,82.47142106161253,80.5872094597571,81.08045959472656,8759800.0
2025-05-09,SBUX,81.297489025137,81.55397367052974,79.11731685450155,79.21597290039062,8210700.0
2025-05-12,SBUX,82.52075379280714,85.37173913344412,82.51088668215299,84.51348114013672,17241500.0
2025-05-13,SBUX,84.71078577976466,85.96363788330208,83.95117631327332,85.70714569091797,11533700.0
2025-05-14,SBUX,85.53944550377417,86.44702403066822,84.58253894820962,85.37174224853516,12741500.0
2025-05-15,SBUX,85.37173458991673,86.59499282192354,84.66145318862252,86.08201599121094,13721900.0
2025-05-16,SBUX,86.05221459232703,86.34031457181953,83.7275491899392,85.00909423828125,13109500.0
2025-05-19,SBUX,83.89643455229712,84.58191408762315,83.55866686087442,84.05538940429688,9568100.0
2025-05-20,SBUX,83.96597524393357,85.58529558318672,83.89643439116337,85.02896118164062,9310600.0
2025-05-21,SBUX,83.85670778393302,84.94949592047176,81.96916050479253,82.43608093261719,10875400.0
2025-05-22,SBUX,82.67450235733784,83.9262453043942,82.17777980780265,83.41958618164062,8440400.0
2025-05-23,SBUX,82.03870139058596,84.27395295314288,82.02876481696904,83.84677124023438,7088200.0
2025-05-27,SBUX,84.8700140625658,86.51912896525856,84.66139150387853,86.43965911865234,10922300.0
2025-05-28,SBUX,86.85690610463796,87.02578995396318,83.9858503485705,85.436279296875,12328500.0
2025-05-29,SBUX,84.34348838233535,85.13823989469488,83.15134974471941,83.49906158447266,10308700.0
2025-05-30,SBUX,83.38978261522274,83.71761373197702,82.64469880366252,83.39971160888672,7394100.0
2025-06-02,SBUX,82.7341079885683,84.74087136590758,82.64470156629696,84.631591796875,8258900.0
2025-06-03,SBUX,84.51237126860768,86.91650650378976,83.84676489495867,86.03234100341797,8287700.0
2025-06-04,SBUX,86.06214574129112,87.95962950842089,85.45614362776477,87.5324478149414,8740900.0
2025-06-05,SBUX,87.60198660499577,87.83048230610112,86.29063941533374,86.41978454589844,8476100.0
2025-06-06,SBUX,87.820551720851,89.30078285434055,87.66159686065579,89.05242156982422,8772900.0
2025-06-09,SBUX,88.49609421256186,90.54258875988691,88.49609421256186,90.07566833496094,8097300.0
2025-06-10,SBUX,89.31071864141018,91.28767232652181,88.9431412149846,90.8306884765625,6911100.0
2025-06-11,SBUX,91.50622611074739,95.28132041290293,91.39694654656923,94.76472473144531,14835500.0
2025-06-12,SBUX,94.05938493167638,94.44682792487264,93.35403980100149,93.70174407958984,7183300.0
2025-06-13,SBUX,92.88711396438498,93.9898385974787,92.54934627898263,92.64868927001953,7119900.0
2025-06-16,SBUX,93.36397107045914,93.81101832047798,92.33078728750301,92.86724853515625,5871000.0
2025-06-17,SBUX,92.54934771173325,92.59901541832842,90.19488013284891,90.98963165283203,6183000.0
2025-06-18,SBUX,91.27773031933336,91.97314641608826,90.63199708722547,91.67510986328125,7319300.0
2025-06-20,SBUX,92.46987432246785,93.18515602724568,91.79433133233154,92.50961303710938,9197000.0
2025-06-23,SBUX,92.58908172839361,92.59901830177586,90.14520765390729,91.7347183227539,7533000.0
2025-06-24,SBUX,92.30098394776282,93.2248805752024,89.71802073427033,90.90022277832031,11373900.0
2025-06-25,SBUX,91.15852315862942,91.39694785689801,90.02599636762297,90.50284576416016,6929600.0
2025-06-26,SBUX,91.49628917270591,91.59563216354846,89.82730115664435,91.23799133300781,6571600.0
2025-06-27,SBUX,91.168450322401,92.11222768221928,89.73789458211891,91.5062255859375,21491600.0
2025-06-30,SBUX,91.81419571940833,93.54279567685664,90.48298290326568,91.02937316894531,10083300.0
2025-07-01,SBUX,90.93996412253334,95.23164659279243,90.93996412253334,94.29780578613281,9828400.0
2025-07-02,SBUX,94.6554483160347,94.67532146257422,92.73809896174197,93.56266021728516,7942300.0
2025-07-03,SBUX,93.58252870891774,94.02958356741173,93.14541800338888,93.82096099853516,3557300.0
2025-07-07,SBUX,93.54279504162483,94.3276100073736,92.360592937269,93.02619934082031,5311200.0
2025-07-08,SBUX,93.44344381878769,95.12236846567367,93.16528040307786,94.31768035888672,6985700.0
2025-07-09,SBUX,96.91057532605424,97.24834303167133,94.03951951076968,94.62564849853516,8322400.0
2025-07-10,SBUX,94.25807172132126,95.11243514414458,92.93679545152764,94.52630615234375,6913600.0
2025-07-11,SBUX,93.75141695422468,94.69518676886655,93.52292124595753,94.31768035888672,6339800.0
2025-07-14,SBUX,93.06593792572795,93.3441013429828,91.66517668677149,92.8076400756836,6048300.0
2025-07-15,SBUX,93.00633666686808,93.68187966474586,91.54597109944224,91.87380981445312,8567900.0
2025-07-16,SBUX,92.05262851346005,92.66855963742954,90.95983281728559,91.90361022949219,7136900.0
2025-07-17,SBUX,90.13527340681028,92.67849032874574,89.97631855949717,92.57914733886719,8589000.0
2025-07-18,SBUX,93.42357483990213,93.84081994822927,92.63875232887668,93.18515014648438,5172800.0
2025-07-21,SBUX,93.68187693810582,94.66538547512825,92.002952276205,92.05262756347656,7217300.0
2025-07-22,SBUX,92.34072154427716,96.52313219977421,92.24137854743111,96.30457305908203,9992400.0
2025-07-23,SBUX,96.71187893185846,97.53644018359306,94.91374572695439,95.29125213623047,11275300.0
2025-07-24,SBUX,94.8740043314118,94.9534817561867,92.80763676357067,93.08580017089844,7897600.0
2025-07-25,SBUX,92.78777573815462,93.86069828697207,91.70491661590792,93.80108642578125,7224100.0
2025-07-28,SBUX,94.30774269141457,95.11243078886493,92.8473771964976,93.05599975585938,10333600.0
2025-07-29,SBUX,92.6387545875059,93.77128138308282,91.17838909337131,92.35065460205078,20923600.0
2025-07-30,SBUX,97.18873628051503,98.24178566467089,89.47960015623325,92.15196990966797,44794700.0
2025-07-31,SBUX,90.99957005376226,92.4599355700377,87.85035089163819,88.57556915283203,16565400.0
2025-08-01,SBUX,87.8106115713082,87.91989113839595,84.92961927236519,86.29064178466797,16221300.0
2025-08-04,SBUX,86.5091991265167,89.51933649720537,86.37011742208375,89.19149780273438,12500400.0
2025-08-05,SBUX,89.06235152256738,89.9663825897213,88.72457625945513,89.6087417602539,6994400.0
2025-08-06,SBUX,89.61868147968924,89.76769976043016,88.23779339830018,88.40667724609375,7869100.0
2025-08-07,SBUX,89.14183284234713,90.76114563920152,88.90340055935955,90.42337036132812,9891800.0
2025-08-08,SBUX,90.17500971877223,91.60557310922249,90.15514415140919,91.51616668701172,8035300.0
2025-08-11,SBUX,91.4366855408365,91.83406508640184,89.89684264404003,91.1386489868164,9504400.0
2025-08-12,SBUX,92.82751357186075,94.2282672367077,92.46987272564778,92.75797271728516,9669300.0
2025-08-13,SBUX,92.56921511307928,94.06931934265786,92.1320968418256,93.56266021728516,6493400.0
2025-08-14,SBUX,92.99639477534849,92.99639477534849,91.47642501188757,92.44999694824219,9803500.0
2025-08-15,SBUX,92.55000305175781,92.7300033569336,90.37000274658203,90.5999984741211,8059700.0
2025-08-18,SBUX,90.30999755859375,93.58000183105469,89.9000015258789,92.54000091552734,7376200.0
2025-08-19,SBUX,92.54000091552734,92.97000122070312,90.7300033569336,90.93000030517578,6815800.0
2025-08-20,SBUX,90.95999908447266,91.31999969482422,89.44999694824219,89.51000213623047,5814000.0
2025-08-21,SBUX,89.02999877929688,89.19000244140625,88.11000061035156,88.55999755859375,5669200.0
2025-08-22,SBUX,89.12999725341797,89.8499984741211,88.30999755859375,88.37999725341797,7625500.0
2025-08-25,SBUX,88.22000122070312,88.31999969482422,85.70999908447266,85.80999755859375,11013500.0
2025-08-26,SBUX,85.88999938964844,87.19999694824219,85.56999969482422,86.62999725341797,9315200.0
2025-08-27,SBUX,86.62999725341797,88.30999755859375,86.5,87.66000366210938,7677900.0
2025-08-28,SBUX,88.22000122070312,88.45999908447266,87.5999984741211,88.0199966430664,7905600.0
2025-08-29,SBUX,88.0,88.56999969482422,87.4000015258789,88.19000244140625,6315200.0
2025-09-02,SBUX,87.83999633789062,89.98999786376953,87.18000030517578,89.77999877929688,10466200.0
2025-09-03,SBUX,89.4000015258789,89.4800033569336,86.29000091552734,87.25,10201000.0
2025-09-04,SBUX,87.16999816894531,87.7699966430664,86.38999938964844,87.01000213623047,6799200.0
2025-09-05,SBUX,86.86000061035156,87.3499984741211,85.05999755859375,85.43000030517578,9047200.0
2025-09-08,SBUX,85.5,85.5,83.68000030517578,84.16999816894531,9213700.0
2025-09-09,SBUX,84.19999694824219,84.68000030517578,83.2699966430664,83.80999755859375,8635800.0
2025-09-10,SBUX,83.87000274658203,84.0,82.7699966430664,82.87999725341797,8108000.0
2025-09-11,SBUX,83.29000091552734,83.93000030517578,82.12999725341797,82.36000061035156,12046600.0
2025-09-12,SBUX,82.37000274658203,82.54000091552734,81.19999694824219,81.9000015258789,9996200.0
2025-09-15,SBUX,82.08000183105469,83.87000274658203,81.9800033569336,82.68000030517578,9685900.0
2025-09-16,SBUX,83.02999877929688,84.7300033569336,83.0,84.37000274658203,10244300.0
2025-09-17,SBUX,84.4800033569336,84.86000061035156,82.95999908447266,83.22000122070312,6632200.0
2025-09-18,SBUX,83.13999938964844,83.5999984741211,82.62999725341797,83.41999816894531,7163700.0
2025-09-19,SBUX,84.12999725341797,85.22000122070312,83.37999725341797,84.55999755859375,15315900.0
2025-09-22,SBUX,84.2300033569336,85.4000015258789,83.69000244140625,85.29000091552734,7881700.0
2025-09-23,SBUX,85.1500015258789,86.18000030517578,84.8499984741211,85.69000244140625,8765500.0
2025-09-24,SBUX,85.58000183105469,85.6500015258789,84.12999725341797,84.2699966430664,9664000.0
2025-09-25,SBUX,84.54000091552734,84.66999816894531,82.88999938964844,83.83000183105469,8670500.0
2025-09-26,SBUX,83.8499984741211,84.62000274658203,82.9000015258789,83.38999938964844,6955500.0
2025-09-29,SBUX,83.6500015258789,85.83999633789062,83.55000305175781,85.63999938964844,11222800.0
2025-09-30,SBUX,85.2300033569336,85.25,84.18000030517578,84.5999984741211,7574200.0
2025-10-01,SBUX,84.45999908447266,85.13999938964844,83.95999908447266,84.4000015258789,8155200.0
2025-10-02,SBUX,84.25,87.26000213623047,84.02999877929688,86.72000122070312,9461500.0
2025-10-03,SBUX,86.5,86.9000015258789,85.95999908447266,86.41999816894531,7634500.0
2025-10-06,SBUX,86.29000091552734,86.29000091552734,82.05999755859375,82.11000061035156,14996700.0
2025-10-07,SBUX,82.16000366210938,82.45999908447266,80.79000091552734,81.29000091552734,10070100.0
2025-10-08,SBUX,81.12999725341797,81.12999725341797,79.93000030517578,80.04000091552734,12397700.0
2025-10-09,SBUX,80.12000274658203,80.45999908447266,79.43000030517578,79.77999877929688,9075700.0
2025-10-10,SBUX,79.66000366210938,81.20999908447266,78.41000366210938,78.45999908447266,11129800.0
2025-10-13,SBUX,78.8499984741211,80.44000244140625,78.51000213623047,80.02999877929688,8052000.0
2025-10-14,SBUX,79.25,81.4800033569336,79.02999877929688,81.1500015258789,7510300.0
2025-10-15,SBUX,81.69999694824219,83.31999969482422,81.56999969482422,82.86000061035156,11094300.0
2025-10-16,SBUX,83.19999694824219,84.88999938964844,83.04000091552734,84.33999633789062,11552100.0
2025-10-17,SBUX,84.25,85.94000244140625,84.0199966430664,85.36000061035156,8527600.0
2025-10-20,SBUX,85.69000244140625,86.33999633789062,84.43000030517578,84.52999877929688,7679700.0
2025-10-21,SBUX,84.13999938964844,86.51000213623047,83.6500015258789,85.9000015258789,8262500.0
2025-10-22,SBUX,85.76000213623047,86.0,84.9000015258789,85.5,5286300.0
2025-10-23,SBUX,85.4800033569336,85.9000015258789,84.9800033569336,85.44000244140625,4565500.0
2025-10-24,SBUX,86.0999984741211,86.83999633789062,85.86000061035156,86.08999633789062,5843300.0
