date,Ticker,Open,High,Low,Close,Volume
2018-08-02,VRT,9.935337949752832,9.945293426513672,9.935337949752832,9.945293426513672,21000.0
2018-08-03,VRT,9.945293426513672,9.945293426513672,9.945293426513672,9.945293426513672,0.0
2018-08-06,VRT,10.044846514111509,10.044846514111509,9.9054726846434,9.915428161621094,6600.0
2018-08-07,VRT,9.905472755432129,9.905472755432129,9.905472755432129,9.905472755432129,500.0
2018-08-08,VRT,9.905472755432129,9.905472755432129,9.905472755432129,9.905472755432129,0.0
2018-08-09,VRT,9.855696678161621,9.855696678161621,9.855696678161621,9.855696678161621,500.0
2018-08-10,VRT,9.855695127627968,10.31363657301833,9.805919647216797,9.805919647216797,4100.0
2018-08-13,VRT,9.80591993126153,9.860673151181121,9.75614350000207,9.766098976135254,710800.0
2018-08-14,VRT,10.701893019152797,10.72180397350823,9.756144523620605,9.756144523620605,50100.0
2018-08-15,VRT,9.805919647216797,9.835785125344785,9.79596417137199,9.805919647216797,524700.0
2018-08-16,VRT,9.805919573368039,9.815874099731445,9.805919573368039,9.815874099731445,22900.0
2018-08-17,VRT,9.776052406148208,9.78600788116455,9.756142405521878,9.78600788116455,402100.0
2018-08-20,VRT,9.78600788116455,9.78600788116455,9.78600788116455,9.78600788116455,0.0
2018-08-21,VRT,9.756144523620605,9.756144523620605,9.756144523620605,9.756144523620605,2100.0
2018-08-22,VRT,9.790987744336054,9.790987744336054,9.756144523620605,9.756144523620605,24800.0
2018-08-23,VRT,9.766098976135254,9.80591993126153,9.70636706874261,9.766098976135254,334300.0
2018-08-24,VRT,9.756144523620605,9.756144523620605,9.756144523620605,9.756144523620605,100000.0
2018-08-27,VRT,9.756143926109264,9.756143926109264,9.706367492675781,9.706367492675781,2381000.0
2018-08-28,VRT,9.716322969243778,9.716322969243778,9.676502012378291,9.706367492675781,685100.0
2018-08-29,VRT,9.75315769058598,9.756144523620605,9.726279041494015,9.756144523620605,52600.0
2018-08-30,VRT,9.756144523620605,9.756144523620605,9.756144523620605,9.756144523620605,300.0
2018-08-31,VRT,9.706369544992455,9.75614598895068,9.686458587646484,9.686458587646484,10600.0
2018-09-04,VRT,9.746188163757324,9.746188163757324,9.746188163757324,9.746188163757324,100.0
2018-09-05,VRT,9.706368087138584,9.756144523620605,9.706368087138584,9.756144523620605,2100.0
2018-09-06,VRT,9.756144523620605,9.756144523620605,9.756144523620605,9.756144523620605,3800.0
2018-09-07,VRT,9.73623275756836,9.73623275756836,9.73623275756836,9.73623275756836,4300.0
2018-09-10,VRT,9.706366645747671,9.82582950592041,9.706366645747671,9.82582950592041,125100.0
2018-09-11,VRT,9.706367492675781,9.706367492675781,9.696412016107784,9.706367492675781,179800.0
2018-09-12,VRT,9.706368087138584,9.756144523620605,9.706368087138584,9.756144523620605,483000.0
2018-09-13,VRT,9.756144523620605,9.756144523620605,9.756144523620605,9.756144523620605,0.0
2018-09-14,VRT,9.691434871372008,9.756144523620605,9.691434871372008,9.756144523620605,600.0
2018-09-17,VRT,9.79596488297475,9.79596488297475,9.706367492675781,9.706367492675781,264600.0
2018-09-18,VRT,9.726277351379395,9.726277351379395,9.706366400483846,9.726277351379395,7200.0
2018-09-19,VRT,9.73623275756836,9.795964666248327,9.726278230627097,9.73623275756836,280800.0
2018-09-20,VRT,9.706369544992455,9.736235031604709,9.686458587646484,9.686458587646484,47900.0
2018-09-21,VRT,9.706367492675781,9.726278445811774,9.706367492675781,9.706367492675781,74300.0
2018-09-24,VRT,9.736231877420774,9.736231877420774,9.726277351379395,9.726277351379395,400.0
2018-09-25,VRT,9.697406852343406,9.726277351379395,9.697406852343406,9.726277351379395,47300.0
2018-09-26,VRT,9.70636778413876,9.70636778413876,9.705371856689453,9.705371856689453,2300.0
2018-09-27,VRT,9.706367492675781,9.726278445811774,9.706367492675781,9.706367492675781,9000.0
2018-09-28,VRT,9.706367492675781,9.726278445811774,9.686456539539787,9.706367492675781,65400.0
2018-10-01,VRT,9.70537156525638,9.706367492675781,9.671524274094292,9.706367492675781,8200.0
2018-10-02,VRT,9.686458587646484,9.71632502366544,9.676504058380202,9.686458587646484,359600.0
2018-10-03,VRT,9.689443588256836,9.689443588256836,9.689443588256836,9.689443588256836,800.0
2018-10-04,VRT,9.696410994152954,9.71632194519043,9.676500992521879,9.71632194519043,62800.0
2018-10-05,VRT,9.71632318553513,9.71632318553513,9.676502227783203,9.676502227783203,41300.0
2018-10-08,VRT,9.676502012378291,9.706367492675781,9.676502012378291,9.706367492675781,2000.0
2018-10-09,VRT,9.73623318970783,9.73623318970783,9.676502227783203,9.676502227783203,3300.0
2018-10-10,VRT,9.676503034328913,9.696413040161133,9.656592079090093,9.696413040161133,391300.0
2018-10-11,VRT,9.696413040161133,9.696413040161133,9.661569817899798,9.696413040161133,15900.0
2018-10-12,VRT,9.686456539539787,9.706367492675781,9.686456539539787,9.706367492675781,284400.0
2018-10-15,VRT,9.65659310103423,9.706369544992455,9.65659310103423,9.686458587646484,6200.0
2018-10-16,VRT,9.706368517780543,9.706368517780543,9.656592079090093,9.696413040161133,10100.0
2018-10-17,VRT,9.686456539539787,9.706367492675781,9.686456539539787,9.706367492675781,19000.0
2018-10-18,VRT,9.713335112653528,9.71632194519043,9.713335112653528,9.71632194519043,400.0
2018-10-19,VRT,9.72627794717476,9.776053428649902,9.69641151900193,9.776053428649902,2600.0
2018-10-22,VRT,9.756143926109264,9.756143926109264,9.706367492675781,9.706367492675781,4900.0
2018-10-23,VRT,9.71632194519043,9.71632194519043,9.659576874021305,9.71632194519043,1300.0
2018-10-24,VRT,9.706366892084473,9.706366892084473,9.656590461730957,9.656590461730957,2600.0
2018-10-25,VRT,9.656590041484403,9.71632194519043,9.656590041484403,9.71632194519043,700.0
2018-10-26,VRT,9.706366892084473,9.706366892084473,9.656590461730957,9.656590461730957,5300.0
2018-10-29,VRT,9.706367492675781,9.706367492675781,9.706367492675781,9.706367492675781,1000.0
2018-10-30,VRT,9.72329263985222,9.72329263985222,9.696413040161133,9.696413040161133,8900.0
2018-10-31,VRT,9.716324215084443,9.716324215084443,9.666547775268555,9.666547775268555,1000.0
2018-11-01,VRT,9.666547775268555,9.666547775268555,9.666547775268555,9.666547775268555,100.0
2018-11-02,VRT,9.716322969243778,9.716322969243778,9.666546535810294,9.706367492675781,1200.0
2018-11-05,VRT,9.805920577828592,9.805920577828592,9.676502227783203,9.676502227783203,13800.0
2018-11-06,VRT,9.726277351379395,9.726277351379395,9.656589972651368,9.726277351379395,4100.0
2018-11-07,VRT,9.736232370534006,9.77605332493553,9.656590461730957,9.656590461730957,69300.0
2018-11-08,VRT,9.706366892084473,9.805919752791507,9.656590461730957,9.656590461730957,279700.0
2018-11-09,VRT,9.656589486323044,9.805918762299909,9.656589486323044,9.795963287353516,15300.0
2018-11-12,VRT,9.793972451058893,9.805918831197234,9.78600788116455,9.78600788116455,3200.0
2018-11-13,VRT,9.79596488297475,9.79596488297475,9.706367492675781,9.706367492675781,500.0
2018-11-14,VRT,9.786010005747196,9.805920960102629,9.756144523620605,9.756144523620605,63900.0
2018-11-15,VRT,9.756144523620605,9.805920960102629,9.756144523620605,9.756144523620605,1200.0
2018-11-16,VRT,9.805919647216797,9.805919647216797,9.805919647216797,9.805919647216797,300.0
2018-11-19,VRT,9.779040762690457,9.79596488297475,9.706367492675781,9.706367492675781,119400.0
2018-11-20,VRT,9.795964455128345,9.795964455128345,9.766098976135254,9.766098976135254,7600.0
2018-11-21,VRT,9.786009406406754,9.786009406406754,9.706367492675781,9.706367492675781,8800.0
2018-11-23,VRT,9.78600788116455,9.78600788116455,9.76609788053822,9.78600788116455,900.0
2018-11-26,VRT,9.786009406406754,9.786009406406754,9.706367492675781,9.706367492675781,15700.0
2018-11-27,VRT,9.786007245346143,10.014978408813477,9.786007245346143,10.014978408813477,11300.0
2018-11-28,VRT,9.80591993126153,9.815874457988253,9.766098976135254,9.766098976135254,2000.0
2018-11-29,VRT,9.955247841792483,9.955247841792483,9.766098550537249,9.82582950592041,4300.0
2018-11-30,VRT,9.825829649499978,9.825829649499978,9.805919647216797,9.805919647216797,2100.0
2018-12-03,VRT,9.835785335589108,9.855695338297876,9.776053428649902,9.776053428649902,19700.0
2018-12-04,VRT,9.935337247945847,9.955248200061067,9.776053428649902,9.776053428649902,1100.0
2018-12-06,VRT,9.90547155744557,9.90547155744557,9.79596417137199,9.805919647216797,50500.0
2018-12-07,VRT,9.805920142596069,9.805920142596069,9.716322754279355,9.73623275756836,62800.0
2018-12-10,VRT,9.776053955624658,9.835785865783691,9.776053955624658,9.835785865783691,27000.0
2018-12-11,VRT,9.815874173655171,9.820851911577575,9.761120955321598,9.805919647216797,52300.0
2018-12-12,VRT,9.805919503928163,9.82582950592041,9.776053076830165,9.82582950592041,51100.0
2018-12-13,VRT,9.786010005747196,9.815875487873786,9.756144523620605,9.756144523620605,20200.0
2018-12-14,VRT,9.65659127420398,9.805920577828592,9.65659127420398,9.676502227783203,45700.0
2018-12-17,VRT,9.706367492675781,9.79596488297475,9.706367492675781,9.706367492675781,2200.0
2018-12-18,VRT,9.805920359542748,9.805920359542748,9.706367492675781,9.706367492675781,42700.0
2018-12-19,VRT,9.786008904707511,9.786008904707511,9.766098901998745,9.776053428649902,10700.0
2018-12-20,VRT,9.77605452856948,9.77605452856948,9.756144523620605,9.756144523620605,6800.0
2018-12-21,VRT,9.756144523620605,9.756144523620605,9.756144523620605,9.756144523620605,212100.0
2018-12-24,VRT,9.756144523620605,9.756144523620605,9.756144523620605,9.756144523620605,100.0
2018-12-26,VRT,9.795965482924911,9.795965482924911,9.756144523620605,9.756144523620605,2300.0
2018-12-27,VRT,9.746190510277694,9.75614598895068,9.686458587646484,9.686458587646484,2800.0
2018-12-28,VRT,9.786011475562933,9.786011475562933,9.686458587646484,9.686458587646484,8600.0
2018-12-31,VRT,9.726279041494015,9.756144523620605,9.68645713278315,9.756144523620605,21400.0
2019-01-02,VRT,9.706367492675781,9.786009406406754,9.706367492675781,9.706367492675781,2300.0
2019-01-03,VRT,9.706367492675781,9.766099402677261,9.706367492675781,9.706367492675781,1800.0
2019-01-04,VRT,9.706367277931614,9.7461882339161,9.706367277931614,9.73623275756836,16000.0
2019-01-07,VRT,9.736232547735703,9.795964455128345,9.736232547735703,9.766098976135254,18400.0
2019-01-08,VRT,9.805920960102629,9.835786442229217,9.7163235643163,9.756144523620605,221400.0
2019-01-09,VRT,9.766098901998745,9.795964380765122,9.736232473825917,9.776053428649902,25400.0
2019-01-10,VRT,9.756142828316325,9.805919256148801,9.726277351379395,9.726277351379395,39900.0
2019-01-11,VRT,9.805918762299909,9.805918762299909,9.726276861541454,9.795963287353516,35000.0
2019-01-14,VRT,9.716321454862864,9.805918831197234,9.716321454862864,9.78600788116455,27100.0
2019-01-15,VRT,9.79596417137199,9.805919647216797,9.74718366890144,9.805919647216797,16300.0
2019-01-16,VRT,9.80591993126153,9.815874457988253,9.766098976135254,9.766098976135254,21600.0
2019-01-17,VRT,9.805919647216797,9.805919647216797,9.766098693244002,9.805919647216797,400.0
2019-01-18,VRT,9.801936887235016,9.805919647216797,9.776053219682376,9.805919647216797,326000.0
2019-01-22,VRT,9.795963356180891,9.806913809055056,9.756142405521878,9.78600788116455,426900.0
2019-01-23,VRT,9.825830389189434,9.835785865783691,9.825830389189434,9.835785865783691,400.0
2019-01-24,VRT,9.776053076830165,9.82582950592041,9.776053076830165,9.82582950592041,395600.0
2019-01-25,VRT,9.805919573368039,9.825829575501277,9.805919573368039,9.815874099731445,101100.0
2019-01-28,VRT,9.815874030221078,9.835784981619744,9.815874030221078,9.82582950592041,103800.0
2019-01-29,VRT,9.825829575501277,9.855695053404347,9.815874099731445,9.815874099731445,2400.0
2019-01-30,VRT,9.825830318926524,9.845741271972656,9.825830318926524,9.845741271972656,4900.0
2019-01-31,VRT,9.82582950592041,9.88556141070999,9.815874030221078,9.82582950592041,7200.0
2019-02-01,VRT,9.905472755432129,9.905472755432129,9.905472755432129,9.905472755432129,700.0
2019-02-04,VRT,9.87560525749892,9.905470733141591,9.78600788116455,9.78600788116455,92000.0
2019-02-05,VRT,9.825829575501277,9.825829575501277,9.795964097598207,9.815874099731445,594400.0
2019-02-06,VRT,9.835786314903336,9.905472755432129,9.825830837854495,9.905472755432129,6300.0
2019-02-07,VRT,9.85569631959447,9.905472755432129,9.85569631959447,9.905472755432129,8800.0
2019-02-08,VRT,9.885562750740993,9.905472755432129,9.885562750740993,9.905472755432129,1800.0
2019-02-11,VRT,9.895516395568848,9.895516395568848,9.840763175498045,9.895516395568848,4000.0
2019-02-12,VRT,9.885562534979988,9.935338020324707,9.885562534979988,9.935338020324707,51100.0
2019-02-13,VRT,9.935338383894699,9.935338383894699,9.875607419532654,9.885562896728516,15100.0
2019-02-14,VRT,9.875607419532654,9.905472901713678,9.845741937351633,9.885562896728516,600700.0
2019-02-15,VRT,9.83578579544959,9.90547223229806,9.83578579544959,9.845741271972656,7400.0
2019-02-19,VRT,9.90547223229806,9.90547223229806,9.845741271972656,9.845741271972656,3100.0
2019-02-20,VRT,9.855695053404347,9.855695053404347,9.815874099731445,9.815874099731445,92700.0
2019-02-21,VRT,9.905472755432129,9.905472755432129,9.905472755432129,9.905472755432129,2700.0
2019-02-22,VRT,9.890540849100256,9.895517638399193,9.855696678161621,9.855696678161621,3000.0
2019-02-25,VRT,9.855696678161621,9.855696678161621,9.855696678161621,9.855696678161621,100.0
2019-02-26,VRT,9.885562750740993,9.905472755432129,9.865651796643311,9.905472755432129,3300.0
2019-02-27,VRT,9.875607419532654,9.905472901713678,9.835786460155772,9.885562896728516,74000.0
2019-02-28,VRT,9.885562896728516,9.885562896728516,9.885562896728516,9.885562896728516,0.0
2019-03-01,VRT,9.905471871729524,9.905471871729524,9.895516395568848,9.895516395568848,23600.0
2019-03-04,VRT,9.885562750740993,9.905472755432129,9.885562750740993,9.905472755432129,1400.0
2019-03-05,VRT,9.885562394683802,9.955248832702637,9.885562394683802,9.955248832702637,488600.0
2019-03-06,VRT,9.955248617576304,9.985114097595215,9.905472184607124,9.985114097595215,9300.0
2019-03-07,VRT,9.955250005667523,9.96520548353078,9.925384521484375,9.925384521484375,52200.0
2019-03-08,VRT,9.925384521484375,9.925384521484375,9.90447858761551,9.925384521484375,11600.0
2019-03-11,VRT,9.9054726846434,9.925383638598788,9.9054726846434,9.915428161621094,140100.0
2019-03-12,VRT,9.9253838561054,9.9253838561054,9.885562896728516,9.885562896728516,65800.0
2019-03-13,VRT,9.925383709529811,9.935338237172106,9.905472755432129,9.905472755432129,513800.0
2019-03-14,VRT,9.905472755432129,9.925383709529811,9.905472755432129,9.905472755432129,10200.0
2019-03-15,VRT,9.895517062405016,9.935338020324707,9.895517062405016,9.935338020324707,800.0
2019-03-18,VRT,9.925383422398513,9.945293426513672,9.925383422398513,9.945293426513672,8100.0
2019-03-19,VRT,9.955248973987814,9.955248973987814,9.925383492899678,9.935338020324707,133700.0
2019-03-20,VRT,9.939321810730286,9.945294527804265,9.925384521484375,9.925384521484375,127200.0
2019-03-21,VRT,9.905471871729524,9.915427347890201,9.895516395568848,9.895516395568848,3800.0
2019-03-22,VRT,9.945293714220947,9.945293714220947,9.895517278383288,9.905472755432129,198000.0
2019-03-25,VRT,9.945294527804265,9.945294527804265,9.925384521484375,9.925384521484375,1800.0
2019-03-26,VRT,9.945292333883105,9.995068762812139,9.945292333883105,9.965203285217285,238100.0
2019-03-27,VRT,9.945293426513672,9.97515985679619,9.925383422398513,9.945293426513672,141400.0
2019-03-28,VRT,9.9851129889513,9.9851129889513,9.950269774563452,9.953256607055664,800.0
2019-03-29,VRT,9.97117879140394,10.005027038381897,9.955250595522946,9.9751615524292,122000.0
2019-04-01,VRT,9.965204380035349,9.965204380035349,9.945293426513672,9.945293426513672,92600.0
2019-04-02,VRT,9.965204309392902,9.965204309392902,9.945293356012371,9.955248832702637,31700.0
2019-04-03,VRT,9.985116081475645,9.985116081475645,9.955250595522946,9.9751615524292,71100.0
2019-04-04,VRT,9.98511548985067,9.98511548985067,9.925384521484375,9.925384521484375,361600.0
2019-04-05,VRT,9.970181023050829,9.98511328714505,9.965203285217285,9.965203285217285,261200.0
2019-04-08,VRT,10.014980527020617,10.014980527020617,9.974163643116462,9.985114097595215,1300.0
2019-04-09,VRT,9.955248832702637,9.955248832702637,9.955248832702637,9.955248832702637,200.0
2019-04-10,VRT,9.955248832702637,9.975159786083168,9.955248832702637,9.955248832702637,3100.0
2019-04-11,VRT,9.970182118415769,9.970182118415769,9.945293426513672,9.945293426513672,700.0
2019-04-12,VRT,10.005025266747452,10.005025266747452,9.955248832702637,9.955248832702637,4600.0
2019-04-15,VRT,9.975158337592028,10.024933815002441,9.975158337592028,10.024933815002441,700.0
2019-04-16,VRT,10.024933815002441,10.024933815002441,10.024933815002441,10.024933815002441,100.0
2019-04-17,VRT,10.005023956298828,10.005023956298828,10.005023956298828,10.005023956298828,7100.0
2019-04-18,VRT,10.005023956298828,10.005023956298828,10.005023956298828,10.005023956298828,0.0
2019-04-22,VRT,9.9741628335551,10.01497971414632,9.965203285217285,9.965203285217285,286100.0
2019-04-23,VRT,10.014978408813477,10.03488840814621,10.014978408813477,10.014978408813477,360300.0
2019-04-24,VRT,10.024934559292355,10.054800987243652,10.020952748661427,10.054800987243652,54600.0
2019-04-25,VRT,10.034889221191406,10.034889221191406,10.024933746015282,10.034889221191406,300700.0
2019-04-26,VRT,10.074711799621582,10.074711799621582,10.074711799621582,10.074711799621582,500.0
2019-04-29,VRT,10.017965915985007,10.054800987243652,10.017965915985007,10.054800987243652,326000.0
2019-04-30,VRT,10.074711799621582,10.074711799621582,10.074711799621582,10.074711799621582,700.0
2019-05-01,VRT,10.104577280567055,10.104577280567055,10.054801795460106,10.074711799621582,24200.0
2019-05-02,VRT,10.07471098980474,10.07471098980474,10.054800987243652,10.054800987243652,700.0
2019-05-03,VRT,10.054800987243652,10.054800987243652,10.054800987243652,10.054800987243652,800.0
2019-05-06,VRT,10.005024556731268,10.054800987243652,10.005024556731268,10.054800987243652,53000.0
2019-05-07,VRT,10.04484748840332,10.04484748840332,10.04484748840332,10.04484748840332,2200.0
2019-05-08,VRT,10.064756393432617,10.064756393432617,10.064756393432617,10.064756393432617,200.0
2019-05-09,VRT,10.054799356885235,10.054799356885235,10.014978408813477,10.014978408813477,2000.0
2019-05-10,VRT,10.040862886059626,10.040862886059626,10.034889221191406,10.034889221191406,19700.0
2019-05-13,VRT,10.005022934443964,10.014978408813477,10.005022934443964,10.014978408813477,300.0
2019-05-14,VRT,10.04384876908737,10.054800171543652,10.034889221191406,10.034889221191406,4400.0
2019-05-15,VRT,10.084666465788505,10.084666465788505,10.044845511259886,10.054800987243652,900.0
2019-05-16,VRT,10.054800987243652,10.054800987243652,10.054800987243652,10.054800987243652,52100.0
2019-05-17,VRT,10.054800987243652,10.054800987243652,10.054800987243652,10.054800987243652,100.0
2019-05-20,VRT,10.04484748840332,10.04484748840332,10.04484748840332,10.04484748840332,5000.0
2019-05-21,VRT,10.074712972826644,10.074712972826644,10.04484748840332,10.04484748840332,5700.0
2019-05-22,VRT,10.054802966346639,10.054802966346639,10.04484748840332,10.04484748840332,7300.0
2019-05-23,VRT,10.054799356885235,10.054799356885235,10.014978408813477,10.014978408813477,25100.0
2019-05-24,VRT,10.034889290247074,10.05480024073634,10.024933815002441,10.024933815002441,755200.0
2019-05-28,VRT,10.034889290247074,10.05480024073634,10.024933815002441,10.024933815002441,2406800.0
2019-05-29,VRT,10.039866958779468,10.044844696367528,10.034889221191406,10.034889221191406,54800.0
2019-05-30,VRT,10.09462112284178,10.09462112284178,10.024933746015282,10.034889221191406,342700.0
2019-05-31,VRT,10.039866958779468,10.044844696367528,10.024933746015282,10.034889221191406,1500.0
2019-06-03,VRT,10.144397422878209,10.144397422878209,10.054800987243652,10.054800987243652,39700.0
2019-06-04,VRT,10.054800987243652,10.054800987243652,10.024934559292355,10.054800987243652,11900.0
2019-06-05,VRT,10.054800987243652,10.054800987243652,10.054800987243652,10.054800987243652,400.0
2019-06-06,VRT,10.040865676988647,10.04484748840332,10.024936532516683,10.04484748840332,3000.0
2019-06-07,VRT,10.054800987243652,10.054800987243652,10.044845511259886,10.054800987243652,35200.0
2019-06-10,VRT,10.051816133082317,10.051816133082317,10.04484748840332,10.04484748840332,28600.0
2019-06-11,VRT,10.042855554225012,10.042855554225012,10.04185962677002,10.04185962677002,1000.0
2019-06-12,VRT,10.054800987243652,10.054800987243652,10.054800987243652,10.054800987243652,10700.0
2019-06-13,VRT,10.04484748840332,10.054802966346639,10.04484748840332,10.04484748840332,20600.0
2019-06-14,VRT,10.044845511259886,10.09462194177227,10.044845511259886,10.054800987243652,3270100.0
2019-06-17,VRT,10.054800987243652,10.054800987243652,10.054800987243652,10.054800987243652,0.0
2019-06-18,VRT,10.054800987243652,10.09462194177227,10.054800987243652,10.054800987243652,700.0
2019-06-19,VRT,10.054801865985318,10.064756393432617,10.054801865985318,10.064756393432617,500.0
2019-06-20,VRT,10.064756393432617,10.074711870286444,10.064756393432617,10.064756393432617,1200.0
2019-06-21,VRT,10.09462320195028,10.14439868927002,10.09462320195028,10.14439868927002,8700.0
2019-06-24,VRT,10.13444349422756,10.13444349422756,10.10457706451416,10.10457706451416,11100.0
2019-06-25,VRT,10.060773490043958,10.114531730048357,10.060773490043958,10.08466625213623,112200.0
2019-06-26,VRT,10.094621658325195,10.114531660327227,10.094621658325195,10.094621658325195,301500.0
2019-06-27,VRT,10.09462275318958,10.124488234135052,10.054801795460106,10.074711799621582,776500.0
2019-06-28,VRT,10.08466618262097,10.094621658325195,10.05480070491471,10.094621658325195,9600.0
2019-07-01,VRT,10.074711870286444,10.074711870286444,10.064756393432617,10.064756393432617,1800.0
2019-07-02,VRT,10.094621658325195,10.094621658325195,10.05480070491471,10.094621658325195,46700.0
2019-07-03,VRT,10.094621658325195,10.094621658325195,10.094621658325195,10.094621658325195,125200.0
2019-07-05,VRT,10.09462172790908,10.09462172790908,10.08466625213623,10.08466625213623,95700.0
2019-07-08,VRT,10.094621515308853,10.144396994311947,10.07471056418249,10.114531517028809,1561300.0
2019-07-09,VRT,10.114531958961367,10.11950969696045,10.114531958961367,10.11950969696045,600.0
2019-07-10,VRT,10.174263138684221,10.174263138684221,10.134442186942861,10.154352188110352,2800.0
2019-07-11,VRT,10.164309790641722,10.164309790641722,10.114533353195933,10.124488830566406,107400.0
2019-07-12,VRT,10.174264239129437,10.174264239129437,10.134443283081055,10.134443283081055,109800.0
2019-07-15,VRT,10.14439868927002,10.14439868927002,10.14439868927002,10.14439868927002,10100.0
2019-07-16,VRT,10.14439868927002,10.14439868927002,10.14439868927002,10.14439868927002,100.0
2019-07-17,VRT,10.10457706451416,10.10457706451416,10.10457706451416,10.10457706451416,155000.0
2019-07-18,VRT,10.064755088619311,10.154352469875127,10.064755088619311,10.114531517028809,2091500.0
2019-07-19,VRT,10.044845894620577,10.164308762765721,10.044845894620577,10.134443283081055,4600.0
2019-07-22,VRT,10.154352188110352,10.154352188110352,10.154352188110352,10.154352188110352,200.0
2019-07-23,VRT,10.154352188110352,10.154352188110352,10.154352188110352,10.154352188110352,100.0
2019-07-24,VRT,10.114532116613411,10.164308547973633,10.114532116613411,10.164308547973633,1500.0
2019-07-25,VRT,10.224040671541532,10.224040671541532,10.084666850668958,10.134443283081055,162800.0
2019-07-26,VRT,10.204130314240828,10.204130314240828,10.114532920552204,10.184219360351562,50700.0
2019-07-29,VRT,10.094622044296493,10.194173956925896,10.094622044296493,10.174263954162598,20200.0
2019-07-30,VRT,10.174264691716306,10.204130172729492,10.154353738103167,10.204130172729492,34900.0
2019-07-31,VRT,10.204130603222897,10.204130603222897,10.124488684223437,10.14439868927002,40400.0
2019-08-01,VRT,10.054800283460143,10.194173139851712,10.054800283460143,10.154352188110352,226400.0
2019-08-02,VRT,10.224041126342632,10.224041126342632,10.10457730347684,10.204130172729492,62600.0
2019-08-05,VRT,10.184218766086671,10.204129718814102,10.134443283081055,10.134443283081055,600.0
2019-08-06,VRT,10.204129433010772,10.204129433010772,10.174263954162598,10.174263954162598,21000.0
2019-08-07,VRT,10.084666850668958,10.204129718814102,10.084666850668958,10.134443283081055,57600.0
2019-08-08,VRT,10.12448780671734,10.174264239129437,10.12448780671734,10.134443283081055,5800.0
2019-08-09,VRT,10.054802242450553,10.204130603222897,10.054802242450553,10.14439868927002,19600.0
2019-08-12,VRT,10.054802242450553,10.204130603222897,10.054802242450553,10.14439868927002,19600.0
2019-08-13,VRT,10.134443874441471,10.204130314240828,10.134443874441471,10.184219360351562,10800.0
2019-08-14,VRT,10.164309214909736,10.204130172729492,10.164309214909736,10.204130172729492,1900.0
2019-08-15,VRT,10.174264762195989,10.194174766540527,10.164309285320455,10.194174766540527,13800.0
2019-08-16,VRT,10.184219289664993,10.194174766540527,10.184219289664993,10.194174766540527,1400.0
2019-08-19,VRT,10.194172348192312,10.243948771355068,10.194172348192312,10.199150085449219,10100.0
2019-08-20,VRT,10.204130149593995,10.204130149593995,10.074711799621582,10.074711799621582,9300.0
2019-08-21,VRT,10.204130172729492,10.204130172729492,10.204130172729492,10.204130172729492,100.0
2019-08-22,VRT,10.194174695922923,10.204130172729492,10.124488257089979,10.204130172729492,7200.0
2019-08-23,VRT,10.179242345699361,10.184219134654848,10.149375915527344,10.149375915527344,6400.0
2019-08-26,VRT,10.154353001992844,10.194173956925896,10.144397525907968,10.174263954162598,121800.0
2019-08-27,VRT,10.243949566880005,10.243949566880005,10.154352188110352,10.154352188110352,900.0
2019-08-28,VRT,10.154354166496594,10.154354166496594,10.14439868927002,10.14439868927002,2200.0
2019-08-29,VRT,10.147385668993232,10.147385668993232,10.124488830566406,10.124488830566406,800.0
2019-08-30,VRT,10.154353738103167,10.204130172729492,10.154353738103167,10.204130172729492,1200.0
2019-09-03,VRT,10.1543538789242,10.204130314240828,10.139421612913788,10.184219360351562,124900.0
2019-09-04,VRT,10.194175866668468,10.194175866668468,10.187207221984863,10.187207221984863,600.0
2019-09-05,VRT,10.184219360351562,10.184219360351562,10.184219360351562,10.184219360351562,300.0
2019-09-06,VRT,10.17426512094974,10.17426512094974,10.14439868927002,10.14439868927002,206200.0
2019-09-09,VRT,10.14439868927002,10.154354166496594,10.14439868927002,10.14439868927002,383500.0
2019-09-10,VRT,10.17426512094974,10.17426512094974,10.14439868927002,10.14439868927002,300.0
2019-09-11,VRT,10.144396712823417,10.154352188110352,10.144396712823417,10.154352188110352,10200.0
2019-09-12,VRT,10.184217664564777,10.194173139851712,10.144396712823417,10.154352188110352,4300.0
2019-09-13,VRT,10.154353808444922,10.194174766540527,10.154353808444922,10.194174766540527,59600.0
2019-09-16,VRT,10.164308478077722,10.18421848084102,10.154353001992844,10.174263954162598,392900.0
2019-09-17,VRT,10.144397525907968,10.18421848084102,10.144397525907968,10.174263954162598,4000.0
2019-09-18,VRT,10.174263954162598,10.174263954162598,10.154353001992844,10.174263954162598,29500.0
2019-09-19,VRT,10.204129433010772,10.204129433010772,10.174263954162598,10.174263954162598,24800.0
2019-09-20,VRT,10.154353523664428,10.23399543762207,10.154353523664428,10.23399543762207,333100.0
2019-09-23,VRT,10.343503999801902,10.343503999801902,10.184219219116352,10.204130172729492,57400.0
2019-09-24,VRT,10.184219360351562,10.194174837296195,10.164309355868832,10.184219360351562,26100.0
2019-09-25,VRT,10.204130243416062,10.204130243416062,10.194174766540527,10.194174766540527,2900.0
2019-09-26,VRT,10.204130031769333,10.243950989039002,10.174264551168708,10.224040985107422,106400.0
2019-09-27,VRT,10.224040985107422,10.224040985107422,10.204130031769333,10.224040985107422,8700.0
2019-09-30,VRT,10.224039565712514,10.224039565712514,10.154352188110352,10.154352188110352,1100.0
2019-10-01,VRT,10.204130314240828,10.204130314240828,10.184219360351562,10.184219360351562,2300.0
2019-10-02,VRT,10.154353001992844,10.204129433010772,10.154353001992844,10.174263954162598,1300.0
2019-10-03,VRT,10.194174837296195,10.194174837296195,10.184219360351562,10.184219360351562,50800.0
2019-10-04,VRT,10.174264551168708,10.224040985107422,10.174264551168708,10.224040985107422,107500.0
2019-10-07,VRT,10.23399565374268,10.23399565374268,10.194174695922923,10.204130172729492,20600.0
2019-10-08,VRT,10.184219360351562,10.184219360351562,10.174264832813465,10.184219360351562,1100.0
2019-10-09,VRT,10.184219360351562,10.204130314240828,10.184219360351562,10.184219360351562,234200.0
2019-10-10,VRT,10.184219289664993,10.194174766540527,10.174264762195989,10.194174766540527,12200.0
2019-10-11,VRT,10.184219360351562,10.184219360351562,10.184219360351562,10.184219360351562,400.0
2019-10-14,VRT,10.184219360351562,10.204130314240828,10.184219360351562,10.184219360351562,74600.0
2019-10-15,VRT,10.204129433010772,10.253905864028702,10.174263954162598,10.174263954162598,128500.0
2019-10-16,VRT,10.233995724636134,10.233995724636134,10.194174766540527,10.194174766540527,4700.0
2019-10-17,VRT,10.199151694968334,10.204129433010772,10.154353001992844,10.174263954162598,263000.0
2019-10-18,VRT,10.174263954162598,10.174263954162598,10.174263954162598,10.174263954162598,100.0
2019-10-21,VRT,10.174264762195989,10.194174766540527,10.174264762195989,10.194174766540527,1500.0
2019-10-22,VRT,10.194174766540527,10.194174766540527,10.194174766540527,10.194174766540527,404000.0
2019-10-23,VRT,10.194174555100288,10.253906465708045,10.194174555100288,10.224040985107422,660200.0
2019-10-24,VRT,10.224040985107422,10.224040985107422,10.224040985107422,10.224040985107422,76200.0
2019-10-25,VRT,10.204130031769333,10.253906465708045,10.194174555100288,10.224040985107422,450600.0
2019-10-28,VRT,10.241960083586495,10.241960083586495,10.204130031769333,10.224040985107422,54300.0
2019-10-29,VRT,10.224040985107422,10.224040985107422,10.224040985107422,10.224040985107422,0.0
2019-10-30,VRT,10.229017699323904,10.23399543762207,10.229017699323904,10.23399543762207,200.0
2019-10-31,VRT,10.233995512369956,10.233995512369956,10.224040985107422,10.224040985107422,1400.0
2019-11-01,VRT,10.224040985107422,10.224040985107422,10.224040985107422,10.224040985107422,100.0
2019-11-04,VRT,10.224040985107422,10.224040985107422,10.224040985107422,10.224040985107422,100.0
2019-11-05,VRT,10.194174766540527,10.204130243416062,10.194174766540527,10.194174766540527,52100.0
2019-11-06,VRT,10.224040985107422,10.224040985107422,10.224040985107422,10.224040985107422,10000.0
2019-11-07,VRT,10.224040985107422,10.224040985107422,10.224040985107422,10.224040985107422,0.0
2019-11-08,VRT,10.22404119716713,10.233995724636134,10.194174766540527,10.194174766540527,45600.0
2019-11-11,VRT,10.194174766540527,10.194174766540527,10.194174766540527,10.194174766540527,0.0
2019-11-12,VRT,10.214084183001082,10.214084183001082,10.19417323224675,10.2091064453125,2231700.0
2019-11-13,VRT,10.194174766540527,10.204130243416062,10.184219289664993,10.194174766540527,1602300.0
2019-11-14,VRT,10.194174766540527,10.214085720291596,10.194174766540527,10.194174766540527,126100.0
2019-11-15,VRT,10.19417448064325,10.23399543762207,10.184219004046918,10.23399543762207,27800.0
2019-11-18,VRT,10.194174766540527,10.204130243416062,10.184219289664993,10.194174766540527,20700.0
2019-11-19,VRT,10.194174766540527,10.194174766540527,10.194174766540527,10.194174766540527,5000.0
2019-11-20,VRT,10.194174766540527,10.194174766540527,10.194174766540527,10.194174766540527,100.0
2019-11-21,VRT,10.204130172729492,10.204130172729492,10.204130172729492,10.204130172729492,27200.0
2019-11-22,VRT,10.184219219116352,10.204130172729492,10.184219219116352,10.204130172729492,500.0
2019-11-25,VRT,10.233995795668191,10.233995795668191,10.184219360351562,10.184219360351562,1650800.0
2019-11-26,VRT,10.194174837296195,10.194174837296195,10.184219360351562,10.184219360351562,5000.0
2019-11-27,VRT,10.184219360351562,10.184219360351562,10.184219360351562,10.184219360351562,0.0
2019-11-29,VRT,10.184219360351562,10.184219360351562,10.184219360351562,10.184219360351562,0.0
2019-12-02,VRT,10.214084941039319,10.303682327270508,10.202138559581396,10.303682327270508,2611000.0
2019-12-03,VRT,10.31363759218025,10.333548545837402,10.298705326343912,10.333548545837402,411600.0
2019-12-04,VRT,10.31363759218025,10.35345855008803,10.31363759218025,10.333548545837402,151500.0
2019-12-05,VRT,10.333547149973338,10.333547149973338,10.303681672928388,10.328569412231445,5000.0
2019-12-06,VRT,10.333547522509361,10.34350299835205,10.333547522509361,10.34350299835205,2900.0
2019-12-09,VRT,10.353457100370672,10.4082112658545,10.34350257434248,10.403233528137207,665100.0
2019-12-10,VRT,10.662069950386387,11.000548512209187,10.542607096108876,10.57247257232666,20965500.0
2019-12-11,VRT,10.781533661269956,11.050325816805,10.652115321501945,10.990593910217285,8038900.0
2019-12-12,VRT,11.050326558786661,11.44853613142132,10.990594648188209,11.02046012878418,6818900.0
2019-12-13,VRT,11.05032653377613,11.090147490949468,10.861176275147892,10.89104175567627,1196200.0
2019-12-16,VRT,10.95077395485603,10.990594913079246,10.79149012196317,10.851221084594727,372400.0
2019-12-17,VRT,10.891042118148482,10.990594989098367,10.751669238106489,10.841266632080078,1448400.0
2019-12-18,VRT,10.801445007324219,10.851220490322358,10.751668574919597,10.801445007324219,256800.0
2019-12-19,VRT,10.791489456657995,10.851220415607083,10.76162397718345,10.811399459838867,295600.0
2019-12-20,VRT,10.801445031386567,10.960728855911007,10.801445031386567,10.930862426757812,2357300.0
2019-12-23,VRT,10.930862642200582,10.980639075697164,10.871131681529887,10.900997161865234,223900.0
2019-12-24,VRT,10.891042042817942,10.95077395485603,10.801445598870608,10.851221084594727,275700.0
2019-12-26,VRT,10.900997377899875,10.913939687592466,10.85122094341683,10.871131896972656,501700.0
2019-12-27,VRT,10.900997232321231,10.930862712849608,10.851220798502931,10.89104175567627,809900.0
2019-12-30,VRT,10.960729289160833,10.960729289160833,10.85122094341683,10.871131896972656,421200.0
2019-12-31,VRT,10.900995647585296,10.990593025551684,10.900995647585296,10.980637550354004,1540500.0
2020-01-02,VRT,11.070235502270195,11.239474791779708,10.960728117637272,11.169788360595703,1033800.0
2020-01-03,VRT,11.139921790774098,11.219564646058291,11.080190836068963,11.189698219299316,646300.0
2020-01-06,VRT,11.120013114837498,11.332060212957659,11.120013114837498,11.269341468811035,954000.0
2020-01-07,VRT,11.199655335745184,11.44853656542841,11.199655335745184,11.358939170837402,1311300.0
2020-01-08,VRT,11.348982457847507,11.428624366720326,11.309161503411097,11.398758888244629,1258800.0
2020-01-09,VRT,11.44853604093511,11.777059173113772,11.428625087757494,11.697417259216309,3353900.0
2020-01-10,VRT,11.777057819187771,11.826834247002862,11.468445675665707,11.61777400970459,3927900.0
2020-01-13,VRT,11.528176629518702,11.717326865334774,11.508266628036502,11.61777400970459,1175900.0
2020-01-14,VRT,11.687464053982016,11.777061461880745,11.597866646083284,11.647643089294434,564700.0
2020-01-15,VRT,11.697417546059985,11.806924943002707,11.577954672284326,11.657596588134766,1517700.0
2020-01-16,VRT,11.647639486631087,11.85669972392936,11.61777400970459,11.61777400970459,684500.0
2020-01-17,VRT,11.647640453243225,11.647640453243225,11.348982810974121,11.348982810974121,1550800.0
2020-01-21,VRT,11.538132347585064,11.637684255902217,11.418669487960631,11.448534965515137,1932700.0
2020-01-22,VRT,11.46844718276087,11.667551970779668,11.448536229255732,11.53813362121582,1907400.0
2020-01-23,VRT,11.498314709067676,11.700406365943989,11.358940857957798,11.647643089294434,2965800.0
2020-01-24,VRT,11.647640639230833,12.105582111514064,11.647640639230833,11.856700897216797,3502700.0
2020-01-27,VRT,11.777058179118352,12.225044144332747,11.717327223439858,12.105581283569336,4482000.0
2020-01-28,VRT,12.095626188825813,12.653120506022223,12.095626188825813,12.454015731811523,2480500.0
2020-01-29,VRT,12.444061300946162,12.892047317898918,12.34450843077598,12.573479652404785,2262300.0
2020-01-30,VRT,12.682986127345746,12.79249446644723,12.394283964143908,12.434104919433594,1207000.0
2020-01-31,VRT,12.41419364038123,12.444059116426871,12.225043410143975,12.34450626373291,2144000.0
2020-02-03,VRT,12.344508316583871,12.454016662639377,12.252920018660888,12.32459831237793,1195100.0
2020-02-04,VRT,12.41419445722805,12.81240399539312,12.294731595778527,12.633209228515625,1775000.0
2020-02-05,VRT,12.643164951540262,12.772583291326105,12.42414922656372,12.732762336730957,1138600.0
2020-02-06,VRT,12.712852787400674,13.4794064280396,12.563523490289844,12.802449226379395,2820800.0
2020-02-07,VRT,13.091151251564696,13.1409276833902,12.6381875258249,12.822360038757324,475700.0
2020-02-10,VRT,13.14092778511307,13.36989899352025,12.822360138014188,12.94182300567627,738000.0
2020-02-11,VRT,13.688466502170938,13.688466502170938,12.4540159327418,12.692941665649414,2963500.0
2020-02-12,VRT,12.682985084032115,13.091150079526997,12.444059371948242,12.444059371948242,1178300.0
2020-02-13,VRT,12.603343893893015,12.854216000731823,12.394283646626269,12.613299369812012,1863800.0
2020-02-14,VRT,13.041375870097909,13.120021854477692,12.742718226239468,12.94182300567627,2181800.0
2020-02-18,VRT,12.941821577974956,13.439583946358608,12.941821577974956,13.28030014038086,3368500.0
2020-02-19,VRT,13.389808584956842,13.439585015636787,13.280301196986123,13.399764060974121,1836400.0
2020-02-20,VRT,13.349988040873331,13.43958542897151,12.84227014125463,12.94182300567627,2199000.0
2020-02-21,VRT,13.280301725237544,13.280301725237544,12.64316547588503,12.792494773864746,2137000.0
2020-02-24,VRT,12.035894921268017,12.712852085555067,12.035894921268017,12.633209228515625,2670200.0
2020-02-25,VRT,12.782537938770256,13.006530437821493,12.145401757140208,12.444059371948242,3332900.0
2020-02-26,VRT,12.822361207235913,12.892047648498135,12.175269433348994,12.264866828918457,2051500.0
2020-02-27,VRT,12.145402600582612,12.513746669643316,11.597863760311554,11.78701400756836,3491200.0
2020-02-28,VRT,11.339028370509158,11.946298186538534,11.060280729250595,11.737237930297852,2810000.0
2020-03-02,VRT,11.74719362211455,11.881589707035795,11.18969927877818,11.707372665405273,1710000.0
2020-03-03,VRT,11.846745172489733,11.856700648710522,10.821354856910107,11.090147018432617,3235500.0
2020-03-04,VRT,11.299206551936077,11.577953222508325,11.020458931957421,11.189698219299316,3358000.0
2020-03-05,VRT,11.070236915509296,11.070236915509296,10.423146102004399,10.443056106567383,3424900.0
2020-03-06,VRT,10.263861964255284,10.293727444919568,9.54708378246687,9.955248832702637,3305500.0
2020-03-09,VRT,8.46196181257932,10.851221238721449,8.46196181257932,9.905472755432129,3629600.0
2020-03-10,VRT,10.04484600892916,11.294229824598798,9.985114099473607,11.050326347351074,3061800.0
2020-03-11,VRT,10.622249742703774,10.900996422201775,10.204129248753553,10.602338790893555,2294000.0
2020-03-12,VRT,10.174264291779897,10.353458120221674,8.581424142788952,8.661066055297852,4272800.0
2020-03-13,VRT,9.158829966716288,9.626726990550242,8.013976576904241,8.860172271728516,4997600.0
2020-03-16,VRT,7.854690247093942,7.854690247093942,6.670015722168482,7.695406436920166,5696100.0
2020-03-17,VRT,7.7650933816200665,7.7650933816200665,6.470910993115655,7.217554569244385,2917700.0
2020-03-18,VRT,6.719792645185139,6.729748121405929,4.977624181618622,5.545073509216309,5092500.0
2020-03-19,VRT,5.624715526857757,7.088136855141985,4.728743062231198,6.729748249053955,3926000.0
2020-03-20,VRT,6.630194535649707,7.366883081112553,6.620239535216751,7.327062129974365,3384100.0
2020-03-23,VRT,7.088136855141985,7.307152589121245,5.98310460764903,6.729748249053955,3538400.0
2020-03-24,VRT,7.078181522520994,7.645630359649658,7.058271045335835,7.645630359649658,3403000.0
2020-03-25,VRT,7.665540670679344,9.109051422072463,7.2573756598791945,8.880081176757812,1863700.0
2020-03-26,VRT,8.611288374666865,8.95972240345256,8.541601948672264,8.840259552001953,2393600.0
2020-03-27,VRT,8.442049916154069,8.442049916154069,7.70536178608907,8.18321418762207,2577800.0
2020-03-30,VRT,8.153348329813833,8.302677631097895,7.954243544174921,8.103572845458984,1332700.0
2020-03-31,VRT,7.984110128486859,8.671021889577474,7.775049387467925,8.611289978027344,1628800.0
2020-04-01,VRT,8.501781933867777,8.60133479573626,7.87460118267182,8.03388500213623,2206300.0
2020-04-02,VRT,8.023931001041497,8.371369163562516,7.8845571751779335,8.09361743927002,1339200.0
2020-04-03,VRT,8.063751690234826,8.133438126144881,7.625720223183517,7.8646464347839355,1483100.0
2020-04-06,VRT,8.04384232649047,8.715821924991733,8.013976840830118,8.561515808105469,1415700.0
2020-04-07,VRT,8.9796348516767,9.23847059830403,8.063751888331202,8.103572845458984,1974700.0
2020-04-08,VRT,8.193170487825494,8.690932999583739,8.1533495248611,8.461962699890137,1550600.0
2020-04-09,VRT,8.760620142554584,9.318113607875178,8.710843702942164,9.148874282836914,2207500.0
2020-04-13,VRT,8.929859021226546,9.716323689689553,8.909948066614197,9.606815338134766,2202400.0
2020-04-14,VRT,9.676502037901608,10.323592826024198,9.676502037901608,9.835785865783691,2254300.0
2020-04-15,VRT,9.65659127420398,9.970182147231101,9.19864978535357,9.676502227783203,1091500.0
2020-04-16,VRT,9.726278565265602,10.104577185430571,9.62672569717597,9.955248832702637,1551100.0
2020-04-17,VRT,10.283771871197223,10.552564042859144,10.029912914429799,10.23399543762207,2105700.0
2020-04-20,VRT,10.084667229547382,10.552564192749493,9.805920526736271,10.214085578918457,865800.0
2020-04-21,VRT,10.034890889827196,10.273816637345336,9.716323226469674,9.935338020324707,2111300.0
2020-04-22,VRT,10.074711704766287,10.303682921609834,9.795965003284437,9.955248832702637,1884500.0
2020-04-23,VRT,9.965205563670038,10.33354970291313,9.825831720683476,10.04484748840332,981000.0
2020-04-24,VRT,10.184219148705235,10.42314584337842,9.995069837720752,10.214085578918457,753700.0
2020-04-27,VRT,10.353457664498762,10.522696958482474,10.16430836796744,10.323592185974121,1096800.0
2020-04-28,VRT,10.453009955903742,10.761623048531142,10.054800432584251,10.403233528137207,1192000.0
2020-04-29,VRT,10.662070696917773,10.811399037868666,10.453010449942663,10.602338790893555,1242400.0
2020-04-30,VRT,10.582429216934607,10.786511734219737,10.014980359059512,10.542608261108398,1567000.0
2020-05-01,VRT,10.373369190454328,10.542608493802751,9.776053890470896,10.243950843811035,2055300.0
2020-05-04,VRT,10.353459709393135,10.353459709393135,9.935339129840083,10.04484748840332,1527400.0
2020-05-05,VRT,10.084666250878241,10.453010309769935,10.054800772969841,10.3534574508667,2763700.0
2020-05-06,VRT,9.80591970661355,10.821354513773775,9.67650136806644,10.602338790893555,4518500.0
2020-05-07,VRT,10.980639655780628,11.309162805044132,10.741713901662909,10.821355819702148,2720500.0
2020-05-08,VRT,10.910952213765544,11.348982722791963,10.851220306013253,10.960728645324707,2308600.0
2020-05-11,VRT,11.179743472813202,11.747193275957343,11.010505123840634,11.488356590270996,2556400.0
2020-05-12,VRT,11.587910273025283,11.747194106429363,11.428625490214666,11.508268356323242,1971700.0
2020-05-13,VRT,11.47840036545789,11.597863224274567,11.020458931957421,11.189698219299316,2783000.0
2020-05-14,VRT,11.020460222960432,11.587910055572149,10.701892562130359,11.53813362121582,1927100.0
2020-05-15,VRT,11.448535318641751,11.577953657911692,11.22951959453828,11.398758888244629,1591700.0
2020-05-18,VRT,11.697417546059985,12.195179994828495,11.388804410084637,11.657596588134766,2161800.0
2020-05-19,VRT,11.63768534908996,12.12549325847005,11.597864392141227,11.697417259216309,1527600.0
2020-05-20,VRT,11.94629785949119,12.384328363267029,11.906476904602478,11.91643238067627,2236500.0
2020-05-21,VRT,11.956253935048137,12.24495610981836,11.717328193736195,11.966209411621094,2635400.0
2020-05-22,VRT,12.0060309612337,12.12549383778745,11.926388094124652,12.015985488891602,2370700.0
2020-05-26,VRT,12.414194916491983,12.523702306187003,12.155358232405792,12.434104919433594,3573400.0
2020-05-27,VRT,12.692940917921884,12.692940917921884,12.249932695577016,12.394283294677734,3815200.0
2020-05-28,VRT,12.4938383102417,12.742719547699078,12.19518063541153,12.4938383102417,1189100.0
2020-05-29,VRT,12.374373227339602,12.772582756620627,12.065760130092,12.673029899597168,3242400.0
2020-06-01,VRT,12.692943336915643,13.549094467266324,12.673032381848454,13.25043773651123,2224700.0
2020-06-02,VRT,13.210612815857843,13.598866829221656,13.041373546143147,13.409717559814453,2440400.0
2020-06-03,VRT,13.539138419871449,13.942325720673228,13.379853645427543,13.857706069946289,2661900.0
2020-06-04,VRT,13.638688509365025,14.007032542788169,13.40971827888835,13.578957557678223,2451900.0
2020-06-05,VRT,13.897526457479605,14.35546791042517,13.618779775071223,13.937347412109375,2638000.0
2020-06-08,VRT,14.1663154810624,14.962735400347873,13.987121687542736,14.793496131896973,7791500.0
2020-06-09,VRT,14.62425947835894,14.982649028293256,14.096631579119109,14.156363487243652,2446200.0
2020-06-10,VRT,14.216094445961723,14.474931132157291,14.0169896678907,14.156363487243652,2268700.0
2020-06-11,VRT,13.718330150481691,13.957256800906832,13.37985159933522,13.47940444946289,2480500.0
2020-06-12,VRT,13.887571046445755,14.48488631809337,13.834808732282518,14.196184158325195,2562200.0
2020-06-15,VRT,13.897526659487161,14.250937518287557,13.807929272916224,14.176273345947266,2419600.0
2020-06-16,VRT,14.474930160828972,14.773587782597568,14.265869920531594,14.425153732299805,2556100.0
2020-06-17,VRT,14.544617021309557,14.544617021309557,13.86766080127245,14.096631050109863,4404800.0
2020-06-18,VRT,13.957257423819438,14.375376944559848,13.957257423819438,14.206138610839844,5284400.0
2020-06-19,VRT,14.27582435425511,14.405242679223308,13.698420104031673,13.758151054382324,5114600.0
2020-06-22,VRT,13.718332526046419,13.832818608340373,13.101107216828193,13.41967487335205,7418200.0
2020-06-23,VRT,13.708376309018325,13.947302021959107,13.369897740982358,13.51922607421875,7218300.0
2020-06-24,VRT,13.419675041947068,13.593892087324727,12.981644508723669,13.130972862243652,2230400.0
2020-06-25,VRT,13.130972451327976,13.210615313373706,12.613300019172893,12.92191219329834,2936700.0
2020-06-26,VRT,12.95177691371582,13.101105242860173,12.035894089801003,12.215088844299316,16064100.0
2020-06-29,VRT,12.364418831082338,13.05133056640625,12.055805706894994,13.05133056640625,2720700.0
2020-06-30,VRT,13.081195738746544,13.57895812067045,12.73276169163725,13.499316215515137,3386500.0
2020-07-01,VRT,13.439585211071606,13.977168581538212,13.310166869184362,13.907482147216797,3589000.0
2020-07-02,VRT,14.106587166279237,14.106587166279237,13.847750478048715,14.007034301757812,2013100.0
2020-07-06,VRT,14.226049789150649,14.285781696716477,13.812907022490261,13.907482147216797,1592700.0
2020-07-07,VRT,13.867659830172796,13.867659830172796,13.449539366490756,13.559046745300293,2169300.0
2020-07-08,VRT,13.54909170026694,13.90748122303319,13.54909170026694,13.768107414245605,3022300.0
2020-07-09,VRT,13.758151589436153,13.93734634626966,13.404740762799374,13.817883491516113,2176400.0
2020-07-10,VRT,13.857706210603379,13.94730360044797,13.61878047062213,13.83779525756836,1746900.0
2020-07-13,VRT,13.93734585111876,13.957256800906832,13.349986124059456,13.47940444946289,3101800.0
2020-07-14,VRT,13.389807755265306,13.827839178818719,13.389807755265306,13.788018226623535,1694500.0
2020-07-15,VRT,13.937347412109375,13.957258364127483,13.837794550831727,13.937347412109375,3458900.0
2020-07-16,VRT,13.887569919437421,13.982145035478037,13.753173851812292,13.817883491516113,1537400.0
2020-07-17,VRT,13.877615707179636,14.2658707325182,13.847750228124811,14.176273345947266,2680800.0
2020-07-20,VRT,14.345512506332307,14.504796325649897,13.877615575032051,13.92739200592041,1466700.0
2020-07-21,VRT,13.957257296765105,14.056809201023206,13.778062539931598,13.817883491516113,1519100.0
2020-07-22,VRT,13.788019822104324,13.788019822104324,13.479406694825686,13.6984224319458,2370200.0
2020-07-23,VRT,13.678510027411392,13.827839311632403,13.449539787441466,13.499316215515137,2122800.0
2020-07-24,VRT,13.439584169905157,13.51922607421875,13.150882029416783,13.51922607421875,1550900.0
2020-07-27,VRT,13.499316461501165,13.628733847682007,13.389808127862336,13.598868370056152,947900.0
2020-07-28,VRT,13.47940628674949,13.663578799767086,13.449540807402965,13.489361763000488,1183900.0
2020-07-29,VRT,13.549092392414291,13.957258364127483,13.549092392414291,13.937347412109375,1137500.0
2020-07-30,VRT,13.718329974248551,14.226047794445837,13.638688074932073,14.186226844787598,1261600.0
2020-07-31,VRT,14.236004374735723,14.504795568450735,14.007033184364916,14.43510913848877,1462100.0
2020-08-03,VRT,14.594391307951149,15.0324226883456,14.584435833531662,14.942825317382812,3192500.0
2020-08-04,VRT,15.171798036141466,15.480411148226741,14.763633011652823,15.131977081298828,2256100.0
2020-08-05,VRT,16.635218304932966,17.152891650684484,16.356472579384338,16.81441307067871,4644400.0
2020-08-06,VRT,16.874148368096886,16.913968378020428,16.027951795574033,16.346519470214844,3011200.0
2020-08-07,VRT,16.356475393940716,16.69495403219053,16.306698006660937,16.41620635986328,1753200.0
2020-08-10,VRT,16.565531001995808,17.053337894854128,16.565531001995808,16.80445671081543,2350200.0
2020-08-11,VRT,17.00356417962992,17.033430608382172,16.61531009991533,16.6949520111084,2344400.0
2020-08-12,VRT,15.958263399421629,16.43113616546354,15.560052905489577,15.689471244812012,4869500.0
2020-08-13,VRT,16.356473241784144,16.63521897862134,16.02795012421679,16.5854434967041,12446500.0
2020-08-14,VRT,16.615310585829324,16.724817030164214,16.217101018218365,16.227054595947266,2871700.0
2020-08-17,VRT,16.246964679448865,16.35149432932459,15.679515838623047,15.679515838623047,4364600.0
2020-08-18,VRT,15.679515700186451,15.858710469141501,15.430634498596191,15.430634498596191,3634400.0
2020-08-19,VRT,15.430634183676696,15.729291809371077,15.350992276745718,15.60982894897461,3102800.0
2020-08-20,VRT,15.56005450279665,16.296743659903026,15.380859714661783,16.127504348754883,3072500.0
2020-08-21,VRT,16.008037805358374,16.107590659507185,15.828843047653061,15.838798522949219,4479200.0
2020-08-24,VRT,15.938351989646572,16.470957596177346,15.938351989646572,16.426158905029297,3710200.0
2020-08-25,VRT,16.456028029225447,16.963745979181205,16.456028029225447,16.844282150268555,2553800.0
2020-08-26,VRT,16.794506047701052,16.97369893629026,16.495847435759565,16.66508674621582,1933000.0
2020-08-27,VRT,16.704905716968838,16.894054049248297,16.346516205175778,16.675039291381836,1988300.0
2020-08-28,VRT,16.834323913794695,16.983652251350577,16.37638342544828,16.426158905029297,1167100.0
2020-08-31,VRT,16.48589082772552,16.61531012033137,15.938352924952014,16.157367706298828,1802700.0
2020-09-01,VRT,16.15736717818072,16.615309577245,15.98812788486762,16.36642837524414,1393600.0
2020-09-02,VRT,16.42615981473042,16.605354589246637,16.157367652956086,16.565532684326172,1696100.0
2020-09-03,VRT,16.436114373709835,16.515756280293253,15.699426263110034,15.888575553894043,2272500.0
2020-09-04,VRT,15.928395527705897,16.276829559637005,15.430633167465087,16.0279483795166,2199500.0
2020-09-08,VRT,16.13745780263881,16.590423457387164,15.818891086176093,16.276832580566406,2792800.0
2020-09-09,VRT,16.356474718794587,16.913968141624263,16.356474718794587,16.774595260620117,2324900.0
2020-09-10,VRT,17.013524430276465,17.381867660855338,16.720839422571487,16.83432960510254,2899800.0
2020-09-11,VRT,16.93388029018006,17.132984148685452,16.659114421032896,16.874149322509766,1451200.0
2020-09-14,VRT,17.123029176626034,17.511283283114533,17.063296315002365,17.46150779724121,2518200.0
2020-09-15,VRT,17.919449404822977,17.919449404822977,17.436619188239472,17.580970764160156,2277400.0
2020-09-16,VRT,17.620789416724566,17.859715136761256,17.49137013161334,17.501325607299805,2337900.0
2020-09-17,VRT,17.302221157765235,17.750208102385898,17.118049591115838,17.322132110595703,2589600.0
2020-09-18,VRT,17.441599188568556,17.69048044902594,17.312179869795255,17.53119659423828,11179600.0
2020-09-21,VRT,17.152895104179958,17.201675615972242,16.675043565191146,16.874149322509766,3094400.0
2020-09-22,VRT,17.00356466325042,17.113073006310408,16.605355095959084,16.89405632019043,1667700.0
2020-09-23,VRT,16.89405612395202,16.958765771264268,16.381361430695613,16.65513038635254,2038900.0
2020-09-24,VRT,16.555577208096057,16.7397506701338,16.217100510336785,16.565532684326172,1479700.0
2020-09-25,VRT,16.665088072633516,16.824371918821562,16.376386813472642,16.74472999572754,1291000.0
2020-09-28,VRT,17.033431092852144,17.13298206056523,16.68997379827781,16.89405632019043,1916500.0
2020-09-29,VRT,16.9239254016205,17.13298474515131,16.764641549745605,17.053342819213867,2273800.0
2020-09-30,VRT,17.003561261164986,17.451548121492305,16.953785787267556,17.24248695373535,2140600.0
2020-10-01,VRT,17.50132713610576,17.819894790649414,17.242490442085792,17.819894790649414,3281600.0
2020-10-02,VRT,17.18276446286987,17.959274770041212,17.162853503985424,17.511287689208984,2072500.0
2020-10-05,VRT,17.760166455568264,18.019003187851443,17.521240679340703,17.72034454345703,4075400.0
2020-10-06,VRT,17.79998235761638,18.11855188448662,17.605855327944703,17.760162353515625,2456100.0
2020-10-07,VRT,17.929403614486716,18.14344161914719,17.720342398831185,18.019001007080078,2521100.0
2020-10-08,VRT,18.158371674435738,18.317655486585917,17.91944595621047,18.058818817138672,1661500.0
2020-10-09,VRT,18.15837432210756,18.284806792108128,17.864694394606808,17.959270477294922,1036000.0
2020-10-12,VRT,18.08868831121794,18.163353441554694,17.75518646754375,17.899538040161133,1562100.0
2020-10-13,VRT,17.740249823736598,18.00904194805083,17.680518873493213,17.84975814819336,1520500.0
2020-10-14,VRT,18.347521668250838,18.560562767278217,18.118551428696165,18.228057861328125,2604400.0
2020-10-15,VRT,17.939358406575447,18.41720988295872,17.81989458807314,18.247970581054688,2096500.0
2020-10-16,VRT,18.41720885009758,18.50680623424633,18.218103130030837,18.257925033569336,3381800.0
2020-10-19,VRT,18.775600493762298,18.845286933962278,18.128507780332598,18.23801612854004,3165700.0
2020-10-20,VRT,18.277837631018734,18.75568912362775,18.257926677456766,18.427165985107422,1919300.0
2020-10-21,VRT,18.546627475369373,18.7905319037702,18.397299124770885,18.486896514892578,2029900.0
2020-10-22,VRT,18.54662412249568,18.994610992116716,18.516759597062716,18.964744567871094,2900700.0
2020-10-23,VRT,18.914973456065074,19.09715507824322,18.367435510283165,18.75568962097168,2237500.0
2020-10-26,VRT,18.536672916271158,18.566537445521977,17.95926859872957,18.088685989379883,3688100.0
2020-10-27,VRT,18.06877393374361,18.19819321530223,17.6307425096274,17.83980369567871,2147800.0
2020-10-28,VRT,17.46150736569198,17.819895032511333,17.42666224786614,17.521238327026367,1650400.0
2020-10-29,VRT,17.6606125711318,17.91944928871527,17.436619075260225,17.859718322753906,1506700.0
2020-10-30,VRT,17.760164670183876,17.92940398201686,17.242491257657917,17.571014404296875,2097100.0
2020-11-02,VRT,17.809939969869333,18.04886571957451,17.21262654501293,17.332088470458984,3679800.0
2020-11-03,VRT,17.54114928040884,17.82985050920257,17.19271519146769,17.521238327026367,2448000.0
2020-11-04,VRT,17.571014660587966,18.56653959205259,17.162849590592522,17.272357940673828,3915700.0
2020-11-05,VRT,17.84975988075838,18.01899917188553,17.132980813013813,17.202669143676758,2086200.0
2020-11-06,VRT,17.242489501545897,17.371908790902847,16.804458051035528,16.88409996032715,2642700.0
2020-11-09,VRT,17.790027724579495,17.89953415346525,16.77459204631917,16.82436752319336,3974400.0
2020-11-10,VRT,16.824371918821562,16.9239247973924,16.570513882338496,16.74472999572754,2996200.0
2020-11-11,VRT,16.884101926209706,17.272357940673828,16.747715876457832,17.272357940673828,1742100.0
2020-11-12,VRT,17.391818230693065,17.531192999161032,16.98365319914939,17.232534408569336,1927800.0
2020-11-13,VRT,17.889583444444998,18.118555635981792,17.57101575042731,17.909494400024414,16417800.0
2020-11-16,VRT,18.168323382130975,18.387338103712956,17.85971129744445,18.188234329223633,6663700.0
2020-11-17,VRT,18.088684309980565,18.546624771563824,18.0289533582116,18.32761001586914,3459800.0
2020-11-18,VRT,18.367435100630594,18.58644989429601,18.009045530257143,18.019001007080078,4945000.0
2020-11-19,VRT,18.108597179919215,18.571516377532717,17.929402406802645,18.45703125,2605800.0
2020-11-20,VRT,18.33756875970686,18.636225470601087,18.317657805963762,18.53667449951172,2086600.0
2020-11-23,VRT,18.71586394761645,18.9099928627198,18.626266571049587,18.885103225708008,2501500.0
2020-11-24,VRT,18.954792932654946,19.064299368475588,18.407253158300346,18.556581497192383,3199400.0
2020-11-25,VRT,18.45703203565273,18.825375174904412,18.208150817688566,18.7457332611084,1766600.0
2020-11-27,VRT,18.855239546730985,18.905015025366012,18.64120157073733,18.765642166137695,831200.0
2020-11-30,VRT,18.76564123058483,19.064297885131193,18.43711815105875,18.626266479492188,2224000.0
2020-12-01,VRT,18.695994624331178,19.329486702127763,18.486821618553698,19.313549041748047,6334900.0
2020-12-02,VRT,19.333470642265596,19.502800447007974,18.87528522933233,19.313549041748047,2584300.0
2020-12-03,VRT,19.32350778143452,19.67212815400274,19.019710055336905,19.164138793945312,3120000.0
2020-12-04,VRT,19.323510169072588,19.672130584716797,19.164141161891536,19.672130584716797,1927900.0
2020-12-07,VRT,19.71197345278545,19.71197345278545,19.12429953631651,19.313549041748047,2415700.0
2020-12-08,VRT,19.592443710535548,19.831497192382812,19.3235078310218,19.831497192382812,3607800.0
2020-12-09,VRT,19.9609825915919,20.060586768733945,18.67108873939227,18.84539794921875,4283800.0
2020-12-10,VRT,18.58642740219451,19.074495207524247,18.58642740219451,18.95496940612793,3212300.0
2020-12-11,VRT,18.925088227437964,19.333471558254296,18.87528612361294,18.905166625976562,3147000.0
2020-12-14,VRT,19.02469310691384,19.178085248642844,18.546586101671856,18.95496940612793,2983100.0
2020-12-15,VRT,19.144218877186894,19.184062077473133,18.855363274425095,18.925086975097656,2411100.0
2020-12-16,VRT,18.755757576798207,18.90018633119859,18.486821668568883,18.67607307434082,3401600.0
2020-12-17,VRT,18.785641076895654,19.39323473125086,18.641212314044033,19.2039852142334,4416100.0
2020-12-18,VRT,19.293628518499908,19.512760415365364,18.900185474280025,19.114337921142578,4474300.0
2020-12-21,VRT,18.875282349702797,19.124296618697144,18.805556758528773,18.93504524230957,2361700.0
2020-12-22,VRT,19.034650630579645,19.09441352099086,18.601364450571275,18.88524055480957,2289100.0
2020-12-23,VRT,18.974889075627097,19.029672526106495,18.810540624017257,18.925086975097656,1814900.0
2020-12-24,VRT,18.815520644331535,18.980866510839082,18.805559843958118,18.855363845825195,506000.0
2020-12-28,VRT,19.044615642002388,19.084456944480873,18.56152726308721,18.576467514038086,2069500.0
2020-12-29,VRT,18.646189155192957,18.709937891865078,18.33741197079173,18.42705726623535,1927700.0
2020-12-30,VRT,18.427057356096753,18.73583454200376,18.367294458785647,18.51670265197754,1942100.0
2020-12-31,VRT,18.576466263346962,18.735835262188044,18.397175664693666,18.59638786315918,1724300.0
2021-01-04,VRT,18.686029155001023,18.76571363733209,18.267685147805928,18.446975708007812,3548500.0
2021-01-05,VRT,18.38721500531166,18.57646640531742,18.013693555205432,18.07843780517578,3283300.0
2021-01-06,VRT,18.098358867814753,18.34737316049254,17.85930537482347,18.178043365478516,4894500.0
2021-01-07,VRT,18.46689958817375,18.576464577541316,18.028633931219023,18.19796371459961,3248200.0
2021-01-08,VRT,18.14816271134926,18.397177027969562,17.809503088759374,17.998754501342773,6194900.0
2021-01-11,VRT,17.89914966819856,18.292592772409737,17.87424861473059,18.008716583251953,3522900.0
2021-01-12,VRT,18.058513905429518,18.36729296607021,18.058513905429518,18.297569274902344,4936900.0
2021-01-13,VRT,18.317493688123317,18.62627282825554,18.06847935565909,18.61631202697754,5570400.0
2021-01-14,VRT,18.795598891769504,18.9250854828329,18.526663010528374,18.70595359802246,6251700.0
2021-01-15,VRT,18.556545428913058,19.482878960276846,18.556545428913058,19.433076858520508,4458400.0
2021-01-19,VRT,19.711973312093235,20.55862042993388,19.52272190818407,20.52873992919922,7240600.0
2021-01-20,VRT,21.066611951579354,21.405271592583386,20.538702787530212,20.708032608032227,10998700.0
2021-01-21,VRT,20.80763473514075,20.986925338862232,20.050631019332467,20.52873992919922,6646700.0
2021-01-22,VRT,20.449056813271177,20.59846502655438,19.77173755323693,19.931106567382812,3341100.0
2021-01-25,VRT,19.921145300491435,20.1900812180069,19.602407279656124,20.120357513427734,3258100.0
2021-01-26,VRT,20.379329283576897,20.877357880729743,20.379329283576897,20.62834358215332,4830700.0
2021-01-27,VRT,20.2398828566387,20.2398828566387,19.50280072542262,19.612367630004883,7543900.0
2021-01-28,VRT,19.781695840697783,20.120355427685855,19.293628059409862,19.941064834594727,4299100.0
2021-01-29,VRT,19.93110350208727,20.38928887233313,19.56256152616186,20.04067039489746,4962000.0
2021-02-01,VRT,20.33948550097011,20.54865657432418,19.831496165902674,20.060588836669922,4228300.0
2021-02-02,VRT,20.170156986540963,20.289684678681915,19.90122110409498,20.04067039489746,3230300.0
2021-02-03,VRT,20.070552772969883,20.269764978587947,19.48287885620783,20.01078987121582,2695600.0
2021-02-04,VRT,20.100434346398607,20.498856841406703,19.94106534839537,20.47893524169922,2044600.0
2021-02-05,VRT,20.61838423356733,21.096491220475464,20.52873893604352,20.817594528198242,2862100.0
2021-02-08,VRT,20.976964546024245,21.22597885131836,20.897280044323264,21.22597885131836,3150900.0
2021-02-09,VRT,21.196097317705064,21.315623114517955,20.787714028909164,20.817594528198242,1609500.0
2021-02-10,VRT,20.887319244132094,21.499894207176208,20.608424438092847,21.22597885131836,2409500.0
2021-02-11,VRT,21.385347715466363,22.341563629479975,20.89927282820404,21.076570510864258,2739700.0
2021-02-12,VRT,20.9470835437334,21.544716342267172,20.9470835437334,21.355466842651367,2935400.0
2021-02-16,VRT,21.514833123393906,21.614439210505026,21.031744835793234,21.216014862060547,3156700.0
2021-02-17,VRT,21.016808234021678,21.186138041540385,20.60842491585805,21.06661033630371,2536000.0
2021-02-18,VRT,20.85744102254056,21.146296660335075,20.5984658887563,20.947086334228516,2742200.0
2021-02-19,VRT,21.126375532052368,21.72401032344582,21.04669101985515,21.544719696044922,3680600.0
2021-02-22,VRT,21.415230916610234,21.703091021659358,21.176177404125163,21.245901107788086,2835200.0
2021-02-23,VRT,20.44905397631185,21.6393419667566,19.821536907819848,21.61444091796875,5856800.0
2021-02-24,VRT,19.92114396906427,21.285743166869644,19.393232969945867,20.717988967895508,9617200.0
2021-02-25,VRT,21.315624539408258,21.315624539408258,19.87134268243184,20.24984359741211,7092600.0
2021-02-26,VRT,20.409215005147225,20.98692819587997,20.135299612096368,20.84748077392578,4103400.0
2021-03-01,VRT,20.9172010284653,21.455072823972003,20.638304330814233,21.235939025878906,9549700.0
2021-03-02,VRT,21.21601577855611,21.51483405279791,20.722968570790815,20.86739730834961,4736400.0
2021-03-03,VRT,20.996885123245864,21.305662314812164,20.63830393315062,20.817594528198242,4456200.0
2021-03-04,VRT,20.6881103639683,21.076572099023835,19.134259624089136,19.960988998413086,8668900.0
2021-03-05,VRT,20.180120277743615,20.389291390033783,18.885244702274314,19.970947265625,7871400.0
2021-03-08,VRT,20.020748966771645,20.409210644839266,19.418134850838996,19.582483291625977,4648400.0
2021-03-09,VRT,20.0506274783418,20.299641739572127,19.746831675496352,20.130311965942383,4125900.0
2021-03-10,VRT,20.329530253768635,20.698072307239983,20.105416971240693,20.548662185668945,3875500.0
2021-03-11,VRT,20.91720467202208,21.44511575958762,20.81759855552291,21.08653450012207,5271700.0
2021-03-12,VRT,20.917203325358738,21.325586666867554,20.817597215272276,20.986927032470703,2404500.0
2021-03-15,VRT,21.14629161051926,21.216015302997697,20.80763204719987,21.026765823364258,3331500.0
2021-03-16,VRT,20.986923843238554,21.176175233660803,20.150235685383414,20.339487075805664,3141800.0
2021-03-17,VRT,19.99086758574274,20.70802998153297,19.99086758574274,20.62834358215332,3053100.0
2021-03-18,VRT,20.508818623941792,20.708030830905262,20.13031581067688,20.160198211669922,3094600.0
2021-03-19,VRT,20.07055498024335,20.608426854667925,19.91118595815354,20.369373321533203,4649400.0
2021-03-22,VRT,20.279726028442383,20.488897137070147,19.88130161230269,20.279726028442383,3272600.0
2021-03-23,VRT,20.279721943737098,20.45901251492189,19.39821123529722,19.462955474853516,3831200.0
2021-03-24,VRT,19.4729165793572,19.75181326610871,19.0645332986525,19.124298095703125,2981800.0
2021-03-25,VRT,18.925089839953696,19.40319691679365,18.45694356469315,19.333473205566406,5115100.0
2021-03-26,VRT,19.423117310358506,19.751816142694512,19.199004038350203,19.413156509399414,6852400.0
2021-03-29,VRT,19.39323473125086,19.57252534722825,19.009752447038885,19.2039852142334,4390700.0
2021-03-30,VRT,19.21394333294074,19.821536902479213,18.835440552085718,19.702011108398438,7039600.0
2021-03-31,VRT,19.871340481610968,20.19505790860858,19.642245898093098,19.921142578125,3594800.0
2021-04-01,VRT,20.110395563730943,20.93712297047068,19.94106576235879,20.927162170410156,4111700.0
2021-04-05,VRT,21.166216274968917,21.265822378581515,20.717989758626448,20.887319564819336,2572200.0
2021-04-06,VRT,20.867398519319206,21.524796101041584,20.678147124632982,21.4550724029541,3588800.0
2021-04-07,VRT,21.44511575958762,21.584563182789264,20.996889185255682,21.08653450012207,2482000.0
2021-04-08,VRT,21.92321788432983,22.02282397831797,21.08652973455464,21.4052677154541,2850800.0
2021-04-09,VRT,21.285743766452143,21.43515197046303,21.14629446285738,21.34550666809082,1855300.0
2021-04-12,VRT,21.245899464485973,21.614441455121028,21.22896629493064,21.514835357666016,1816400.0
2021-04-13,VRT,21.574596714750523,21.883373884954153,21.410248280546135,21.8734130859375,3224600.0
2021-04-14,VRT,21.91325836493869,22.222035564492714,21.8833759650483,22.052705764770508,4170700.0
2021-04-15,VRT,22.261879645476366,22.46108995314541,22.132391140654498,22.311681747436523,6105000.0
2021-04-16,VRT,22.471048262815092,22.635398600758187,22.192153483025407,22.38140296936035,3932100.0
2021-04-19,VRT,22.231993282535587,22.40132305878437,22.0228222117843,22.162269592285156,3582300.0
2021-04-20,VRT,22.16227232121081,22.251917619664894,21.245899636879972,21.69412612915039,4778500.0
2021-04-21,VRT,21.604483374475507,21.83855554815195,21.445114358421044,21.714048385620117,2333200.0
2021-04-22,VRT,21.94314187800797,21.973022379585867,21.594521460914528,21.883377075195312,2973900.0
2021-04-23,VRT,22.042745258917268,22.12242975985985,21.66424435439711,21.684165954589844,2426500.0
2021-04-26,VRT,21.704088124243267,22.38140545011211,21.704088124243267,22.311681747436523,4198600.0
2021-04-27,VRT,22.31168111396763,23.17327037224949,22.122429712201075,22.98900032043457,4706000.0
2021-04-28,VRT,23.068682814228783,23.068682814228783,22.32163997205861,22.89935302734375,6045100.0
2021-04-29,VRT,23.16828790143735,23.387419775029787,22.79974594602977,23.158327102661133,3677800.0
2021-04-30,VRT,22.9391991522113,23.08860735975065,22.53579528200947,22.61050033569336,2825100.0
2021-05-03,VRT,22.839593151064037,22.92923845596083,22.4162676779784,22.730026245117188,2853400.0
2021-05-04,VRT,22.441171070173812,22.630420584382737,22.202117552361106,22.510894775390625,3274200.0
2021-05-05,VRT,22.57066044393976,22.824656143852717,22.376429555670274,22.799753189086914,2813000.0
2021-05-06,VRT,22.779827742789074,22.998959630757785,22.296739419503883,22.769866943359375,2999800.0
2021-05-07,VRT,22.789784893643116,23.048759959458483,22.640376713318737,22.919273376464844,2921400.0
2021-05-10,VRT,22.919277551251806,22.99896205526135,22.490972629764823,22.61050033569336,1815000.0
2021-05-11,VRT,22.2319978466841,22.550735867452143,22.112472038810314,22.271841049194336,1979800.0
2021-05-12,VRT,22.09254989700869,22.451131111513433,21.644323378877765,21.674205780029297,2717200.0
2021-05-13,VRT,21.813649821727267,22.361482359383555,21.77380852616448,22.122426986694336,1967400.0
2021-05-14,VRT,22.24195822695913,23.27785867470617,22.132391321955154,23.218093872070312,2018600.0
2021-05-17,VRT,23.12844457453567,23.198170165571856,22.85951060842277,23.038799285888672,2584900.0
2021-05-18,VRT,23.038805062692816,23.54181507509668,22.95912055278499,23.098569869995117,1826500.0
2021-05-19,VRT,22.91927571840216,23.377461104858966,22.54077292975427,23.36750030517578,2364500.0
2021-05-20,VRT,23.51691185719717,23.78086641575152,23.357542852051704,23.556753158569336,2184000.0
2021-05-21,VRT,23.795806666287532,23.920313820296705,23.53683155796905,23.556753158569336,2348000.0
2021-05-24,VRT,23.75596098949246,24.37351529573159,23.585635705336227,24.234067916870117,2521200.0
2021-05-25,VRT,24.22411278836056,24.48308790959683,23.95019741584305,24.1743106842041,3424300.0
2021-05-26,VRT,24.37351730656931,24.572729492659214,24.004977232079654,24.323715209960938,2441200.0
2021-05-27,VRT,24.313759027516056,24.612575463563765,24.144429207134735,24.522932052612305,2594700.0
2021-05-28,VRT,24.60261166049801,24.856605390551117,24.527906616455702,24.722137451171875,2414600.0
2021-06-01,VRT,24.881507817472034,24.96119231561319,24.59265222414596,24.821744918823242,2157000.0
2021-06-02,VRT,24.82174440842642,24.951231002807617,24.572730119377127,24.951231002807617,2919100.0
2021-06-03,VRT,24.841665476696047,25.190285853881434,24.532886396996528,25.05083656311035,2156900.0
2021-06-04,VRT,25.21020448808431,25.39945586767771,24.901427321252655,25.25004768371582,2479100.0
2021-06-07,VRT,25.40941887479992,25.598670270840273,25.230128278533087,25.548866271972656,3265100.0
2021-06-08,VRT,25.608629517178645,26.086738413633398,25.3147944691125,25.907447814941406,2676400.0
2021-06-09,VRT,25.99709461497181,26.415438736125964,25.728158701409473,26.156463623046875,4194700.0
2021-06-10,VRT,26.15646072628103,26.445316308991355,25.79787954790993,25.80784034729004,2396200.0
2021-06-11,VRT,25.90744863059488,26.116619735768733,25.78792092776098,26.106658935546875,1262800.0
2021-06-14,VRT,26.156461993779082,26.266028892441504,25.73811789868329,25.787919998168945,2155800.0
2021-06-15,VRT,25.81780114667015,25.877564043122593,25.58870846041227,25.80784034729004,1974200.0
2021-06-16,VRT,25.887526715206604,26.495122222549274,25.887526715206604,26.4453182220459,4274000.0
2021-06-17,VRT,26.355673469571407,26.719236031414486,25.99709415762494,26.345714569091797,3588600.0
2021-06-18,VRT,25.907448554861563,26.33575346400747,25.827764053148023,26.01701545715332,2464000.0
2021-06-21,VRT,26.066815526834798,26.54492249985592,25.957248633081868,26.534961700439453,1845900.0
2021-06-22,VRT,26.544923364777862,26.803898458559633,26.33077091991656,26.764057159423828,1575800.0
2021-06-23,VRT,26.793938394000786,27.023031094845415,26.69931364360714,26.87362289428711,1305400.0
2021-06-24,VRT,26.9931533416205,27.321852176230536,26.84374512585749,27.102718353271484,1838000.0
2021-06-25,VRT,27.162477363516413,27.471254530183636,26.94334358731608,27.042949676513672,3838100.0
2021-06-28,VRT,27.013071653849504,27.052912953280856,26.634568860195966,26.973228454589844,1547200.0
2021-06-29,VRT,27.0031103174021,27.38161120370539,26.953306319317278,27.072834014892578,1581100.0
2021-06-30,VRT,27.202320723975014,27.46129581561391,27.10271462721724,27.192359924316406,2655600.0
2021-07-01,VRT,27.162480842774126,27.668477332938153,26.993151039397105,27.351730346679688,2929000.0
2021-07-02,VRT,27.43141627213896,27.461296772327493,26.765053380440868,26.84374237060547,1858700.0
2021-07-06,VRT,26.95331171945711,27.53102491418892,26.76406218830315,27.501144409179688,1759400.0
2021-07-07,VRT,27.531021199548192,27.700351004458614,26.724215376070706,26.92342758178711,2032300.0
2021-07-08,VRT,26.495122190374097,27.301927999265423,26.056856485618408,27.082796096801758,2056400.0
2021-07-09,VRT,27.20232271413683,27.321850418956632,26.893545501442592,27.282007217407227,1180800.0
2021-07-12,VRT,27.222243721125608,27.47125802589252,27.12263761925317,27.321849822998047,1312600.0
2021-07-13,VRT,27.291967253482937,27.526041306459415,27.112676651188472,27.142559051513672,1237600.0
2021-07-14,VRT,27.316867082771523,27.42145452932046,26.335752063804712,26.55488395690918,2081100.0
2021-07-15,VRT,26.435355445837864,26.808876845620087,26.221203024643145,26.38555145263672,2480600.0
2021-07-16,VRT,26.65449059425282,26.739154543364123,26.375593897513557,26.455278396606445,1848900.0
2021-07-19,VRT,26.08673774019937,26.525001525878906,25.937329545089153,26.525001525878906,2177200.0
2021-07-20,VRT,26.594724511098928,27.272041722389176,26.594724511098928,27.05290985107422,2200600.0
2021-07-21,VRT,27.042948332767136,27.62066134161324,27.042948332767136,27.55093765258789,2594000.0
2021-07-22,VRT,27.600743996681548,27.640587196449886,27.102715398547314,27.331809997558594,1822700.0
2021-07-23,VRT,27.21228069730164,27.695369017018923,27.21228069730164,27.630624771118164,970300.0
2021-07-26,VRT,27.680431746679755,27.829839953443624,27.351731032039446,27.401535034179688,1184900.0
2021-07-27,VRT,27.391571848968045,27.590784040528206,27.122635960310305,27.560901641845703,2186600.0
2021-07-28,VRT,27.212286861899457,27.675453687829034,26.325796416490817,27.501144409179688,2797600.0
2021-07-29,VRT,27.82984113577803,28.33783058021956,27.660511320964186,28.01909065246582,2570800.0
2021-07-30,VRT,28.078851551703167,28.228259744031337,27.90454041079677,27.929443359375,2066600.0
2021-08-02,VRT,27.969284982595422,28.058930279000236,27.570862498478615,27.620664596557617,2362500.0
2021-08-03,VRT,27.740192558283134,28.148575845905853,27.491178265838634,27.88960075378418,2921600.0
2021-08-04,VRT,27.849756539223915,28.128653220526864,27.461294865125122,27.511098861694336,1626100.0
2021-08-05,VRT,27.411494410640053,27.51110050991779,27.032991613350333,27.242164611816406,2566600.0
2021-08-06,VRT,27.291966624722455,27.550941722089405,27.082795526750104,27.15251922607422,2168200.0
2021-08-09,VRT,27.102716102006163,27.451336509714334,26.913466597679527,27.411495208740234,2363500.0
2021-08-10,VRT,27.431416996518383,27.56090360035417,26.853701979906493,26.92342758178711,2207800.0
2021-08-11,VRT,26.86366340472538,27.03299321357253,26.246108972338188,26.913467407226562,3030900.0
2021-08-12,VRT,26.96326863886173,27.431416748107345,26.818839886016665,27.351730346679688,2756500.0
2021-08-13,VRT,27.32184634630131,27.36168764208347,26.903502291533922,27.042949676513672,1027400.0
2021-08-16,VRT,27.102715540090863,27.14255874006728,26.734175439450702,26.813859939575195,1590800.0
2021-08-17,VRT,26.64453143460638,26.893545747079337,26.525003728694852,26.853702545166016,1616300.0
2021-08-18,VRT,26.873622870794,27.242164871688765,26.69433227034943,26.84374237060547,1424600.0
2021-08-19,VRT,26.67441030466485,26.97322668014127,26.47519812112845,26.485158920288086,1458600.0
2021-08-20,VRT,26.445317463369197,27.028011903657724,26.445317463369197,26.973228454589844,1584300.0
2021-08-23,VRT,27.182403564453125,27.31189017245787,27.028014005060758,27.182403564453125,1690000.0
2021-08-24,VRT,27.28200670596056,27.60074471306687,27.2620870053877,27.411495208740234,1252000.0
2021-08-25,VRT,27.361689450285542,27.660507737625785,27.277025503760843,27.560901641845703,1671000.0
2021-08-26,VRT,27.630626195225723,27.819877593090013,27.540980896228337,27.789995193481445,1085500.0
2021-08-27,VRT,27.889599779073887,28.402568595636822,27.77007208695344,28.178457260131836,856300.0
2021-08-30,VRT,28.258144536710056,28.651585699883483,28.208340535162,28.43743324279785,1116000.0
2021-08-31,VRT,28.437434183196515,28.606763994402673,27.989209553412067,28.05893325805664,889900.0
2021-09-01,VRT,28.158535097067855,28.307943284352532,27.93940131587736,28.248180389404297,1011500.0
2021-09-02,VRT,28.397589445395383,28.686445029671674,28.329856769174718,28.47727394104004,961100.0
2021-09-03,VRT,28.407552414292955,28.60676271870402,28.00414855563085,28.078853607177734,730000.0
2021-09-07,VRT,28.068890752237525,28.17845764653136,27.86967856258114,27.929443359375,1030500.0
2021-09-08,VRT,26.59472909484682,26.903506307607362,25.608630754399822,25.887527465820312,5216800.0
2021-09-09,VRT,25.578748748498125,25.81780224429934,24.732099763476125,24.971153259277344,5095000.0
2021-09-10,VRT,25.0707607846124,25.190288489231154,24.403402358409693,24.433284759521484,3810000.0
2021-09-13,VRT,23.905374498008026,24.393442332696274,23.556754073279716,23.875492095947266,4860100.0
2021-09-14,VRT,23.92529386815072,23.97509596711239,23.39738287994685,23.546791076660156,3141700.0
2021-09-15,VRT,23.477065381390933,23.646395163218244,23.312716948933087,23.457143783569336,3112300.0
2021-09-16,VRT,23.46710879536431,23.99999928387524,23.40734589099884,23.90537452697754,2947800.0
2021-09-17,VRT,23.92529202631356,24.104582608498546,23.551770613370884,23.63643455505371,4570500.0
2021-09-20,VRT,23.22805640359524,23.765928268432617,22.998963675903127,23.765928268432617,2993200.0
2021-09-21,VRT,23.905372966356992,23.94023481661333,23.472088613293714,23.596595764160156,2078600.0
2021-09-22,VRT,23.651380758552932,24.00996008457423,23.576675703224737,23.90537452697754,1708100.0
2021-09-23,VRT,23.995018661415898,24.403401970984884,23.91035280952417,24.01494026184082,3519200.0
2021-09-24,VRT,23.90537181572627,23.9760910228914,23.646396726409844,23.736042022705078,2126100.0
2021-09-27,VRT,23.636433112429987,24.079678191429817,23.596591818725077,24.054777145385742,3350000.0
2021-09-28,VRT,23.90536973405052,24.044817116220827,23.312716459998633,23.586631774902344,2479400.0
2021-09-29,VRT,23.666318763204817,24.373518447247253,23.60655586451223,24.184268951416016,3017900.0
2021-09-30,VRT,24.224112630068017,24.4581866976965,23.975098311255923,23.995019912719727,4069800.0
2021-10-01,VRT,23.99501468327749,24.522925608045163,23.601571689341995,24.443241119384766,3352600.0
2021-10-04,VRT,24.67233289927631,24.702213394056535,23.42726162135354,23.66631507873535,3431500.0
2021-10-05,VRT,23.65635550769821,23.770901843229797,23.008918789558404,23.038799285888672,3387300.0
2021-10-06,VRT,22.90931264015747,23.05872082088853,22.71109787571291,22.979036331176758,1911300.0
2021-10-07,VRT,22.998962431446007,23.357543655268355,22.934218177182867,23.028844833374023,1660900.0
2021-10-08,VRT,23.10852673575738,23.10852673575738,22.321640672076775,22.341562271118164,2343500.0
2021-10-11,VRT,22.231995854951148,22.37144325158716,21.982981561056395,22.182193756103516,2803400.0
2021-10-12,VRT,22.192157254864405,22.401328375257958,21.48495558628223,21.62440299987793,3381300.0
2021-10-13,VRT,21.714044637407994,21.893335224477802,21.24589847103654,21.7738094329834,4905500.0
2021-10-14,VRT,21.953100388406266,22.899353536289013,21.913257190687464,22.769866943359375,3530900.0
2021-10-15,VRT,22.98899888969465,23.307736872941373,22.690182505357907,22.82962989807129,1928700.0
2021-10-18,VRT,22.730024094812197,23.35754116972542,22.720063295229483,23.128446578979492,2785600.0
2021-10-19,VRT,23.277858100977348,23.576674507477996,23.088606696951803,23.287817001342773,1703700.0
2021-10-20,VRT,23.506948972326875,23.506948972326875,23.10354514517234,23.377460479736328,1218000.0
2021-10-21,VRT,23.257936881923438,23.72608309973768,23.188213179252,23.706161499023438,1465200.0
2021-10-22,VRT,23.835652145724918,24.19423339148999,23.70616362927483,23.975099563598633,2415300.0
2021-10-25,VRT,23.935251428205884,24.25398937800642,23.731059810375665,24.114540100097656,1751600.0
2021-10-26,VRT,24.323715470700105,24.388459716847585,23.935253793471684,23.95517349243164,1876300.0
2021-10-27,VRT,24.263956350041624,25.09068383012156,23.88545351347769,24.592655181884766,4845700.0
2021-10-28,VRT,24.951232255574883,26.1216006127661,24.44324475225784,25.598670959472656,3870600.0
2021-10-29,VRT,25.38949541349137,25.683332335864797,25.22016562941468,25.578746795654297,2092100.0
2021-11-01,VRT,25.71819771059828,26.04191707450856,25.22016908909226,25.947290420532227,5267900.0
2021-11-02,VRT,24.811783078710484,25.28989004751022,24.58468141360791,25.05083656311035,13370900.0
2021-11-03,VRT,25.07075695199987,25.852661613190627,24.742058189332596,25.708232879638672,7516400.0
2021-11-04,VRT,25.84768516798305,27.137579321372215,25.75305851784378,26.84374237060547,4065100.0
2021-11-05,VRT,26.973230216790757,27.560904145466193,26.82382200946259,27.521060943603516,5864200.0
2021-11-08,VRT,27.660508252540414,27.85971854798072,27.351729159891253,27.431415557861328,3972700.0
2021-11-09,VRT,27.41149338805441,27.44137388684321,26.689351570015745,26.86366081237793,1638100.0
2021-11-10,VRT,26.8238198483294,27.232203135377162,26.355671763302734,26.55488395690918,1580700.0
2021-11-11,VRT,26.684371857640986,27.00310984044083,26.475198869035943,26.5947265625,1647400.0
2021-11-12,VRT,26.604684829711914,26.734173319539018,26.266027155908247,26.604684829711914,2112900.0
2021-11-15,VRT,26.943346539841873,27.177420590132474,26.674412539314414,26.813859939575195,2419700.0
2021-11-16,VRT,26.704292329206034,27.003110621596385,26.63954998070884,26.734174728393555,2365600.0
2021-11-17,VRT,26.724213213622292,26.813858508957985,26.51006077474571,26.654489517211914,908400.0
2021-11-18,VRT,26.694330003155944,26.734173199794498,26.17638174565203,26.485158920288086,5429400.0
2021-11-19,VRT,26.445317992812505,27.1226371951604,26.305870592268533,26.87362289428711,2201100.0
2021-11-22,VRT,27.102713269560205,27.22224095964768,26.196301444143124,26.485158920288086,2552400.0
2021-11-23,VRT,26.256069794818284,26.415438803298617,25.04087873037022,25.51898765563965,5577000.0
2021-11-24,VRT,26.126578659721986,26.17638265725462,25.3795357951867,26.136539459228516,1777600.0
2021-11-26,VRT,25.72815827241168,25.997094181489707,25.38949866094195,25.678356170654297,1458200.0
2021-11-29,VRT,26.076778873563804,26.15646337685131,25.46918334860379,25.887527465820312,1388400.0
2021-11-30,VRT,25.738058898395344,25.89748923167412,25.12026493152048,25.548734664916992,2968000.0
2021-12-01,VRT,25.82773827412933,26.101759036165564,24.552293728293016,24.61208152770996,3421100.0
2021-12-02,VRT,24.811368898362797,25.548734664916992,24.681832465283602,25.548734664916992,3097100.0
2021-12-03,VRT,25.67827569110046,25.937350484984123,25.140196834443696,25.419200897216797,1476100.0
2021-12-06,VRT,25.399270049733047,25.787881266126057,24.57222444782,25.738059997558594,2578600.0
2021-12-07,VRT,26.196422326163997,26.799268387922716,26.056919360221542,26.4654598236084,3742700.0
2021-12-08,VRT,26.62489061153904,26.943753181610706,26.375780475912727,26.664749145507812,1648400.0
2021-12-09,VRT,26.485389621579564,26.66474922384698,25.807809746595787,25.897489547729492,2272600.0
2021-12-10,VRT,25.957277576165687,26.146601827474566,25.35243966636255,25.68824005126953,1405400.0
2021-12-13,VRT,25.60852328829632,25.867596162780522,25.309589978372195,25.359413146972656,1558200.0
2021-12-14,VRT,24.711728274026083,24.81137272282453,23.73521685703281,24.253366470336914,3494300.0
2021-12-15,VRT,24.308169063387144,25.019626455616468,24.193578621651714,24.930944442749023,1504700.0
2021-12-16,VRT,25.199979551075877,25.419195762902113,23.76510479037508,23.934499740600586,1907200.0
2021-12-17,VRT,23.735211583621744,24.268307080608295,23.0675963957284,23.864749908447266,3752600.0
2021-12-20,VRT,23.436280967698135,23.745176989903094,23.246956740932774,23.705320358276367,2400100.0
2021-12-21,VRT,23.914572860755587,24.193576894999154,23.665462726789386,24.103897094726562,1101100.0
2021-12-22,VRT,24.074003385538198,24.183612453532398,23.615641647670664,23.894643783569336,1619100.0
2021-12-23,VRT,24.054074564065417,24.856209520750504,23.8946442261533,24.771512985229492,1208700.0
2021-12-27,VRT,24.81136950244031,24.970799839600705,24.462614927192128,24.891084671020508,1398500.0
2021-12-28,VRT,24.851227023699373,24.891083656084547,24.33307749877592,24.61208152770996,1282300.0
2021-12-29,VRT,24.612081257965475,25.03058634650006,24.49250756100155,24.911012649536133,1106300.0
2021-12-30,VRT,24.911016278970415,25.26475225399746,24.911016278970415,25.090375900268555,2279300.0
2021-12-31,VRT,25.000694388009542,25.15016009539841,24.8312994128196,24.881120681762695,1349500.0
2022-01-03,VRT,25.08040752184855,25.08040752184855,23.939482690447264,24.2932186126709,4275100.0
2022-01-04,VRT,24.173649812879944,24.28126520282107,23.466175980185906,23.83485984802246,2508200.0
2022-01-05,VRT,23.745181178047638,23.814931721116487,22.649096056874964,22.758705139160156,3887900.0
2022-01-06,VRT,22.713859699154728,23.416350126940575,22.33022990517816,23.31670570373535,2417000.0
2022-01-07,VRT,23.396426216162183,23.68539491952821,22.44980873048943,22.469736099243164,4071600.0
2022-01-10,VRT,22.419913845211454,23.46617573109746,22.26048349880139,23.456212997436523,2855500.0
2022-01-11,VRT,23.421336647261366,23.89464633622956,23.266889562834912,23.884681701660156,2299700.0
2022-01-12,VRT,24.083966800406746,24.20354049585546,23.316707164389328,23.824892044067383,2179300.0
2022-01-13,VRT,23.984323785169575,24.108878854183178,23.635569211819586,23.685392379760742,2507700.0
2022-01-14,VRT,23.53592713446347,23.68539284007267,22.788596705857927,23.207101821899414,1810500.0
2022-01-18,VRT,22.80852204580311,23.077561432325094,22.38005233405907,22.649091720581055,2087100.0
2022-01-19,VRT,22.768668310450337,23.047670464792162,22.240554103138177,22.310304641723633,3156400.0
2022-01-20,VRT,22.305324985418235,22.977921688281743,21.8818365535088,21.901765823364258,1784000.0
2022-01-21,VRT,21.89179862303953,22.011372327600206,21.244112633114725,21.264041900634766,2037800.0
2022-01-24,VRT,20.9451819113804,21.921693245262322,20.464897191485775,21.841978073120117,2565900.0
2022-01-25,VRT,21.53308013733637,21.662616568040256,20.63130078705966,21.134502410888672,1641500.0
2022-01-26,VRT,21.3636843945165,21.5330793519102,20.40909423351146,20.55656623840332,2274300.0
2022-01-27,VRT,20.795713166934963,21.024894015834665,19.500339432929234,19.59001922607422,3074100.0
2022-01-28,VRT,19.570093374169033,19.988598514987054,19.041981056380354,19.978633880615234,2054600.0
2022-01-31,VRT,19.988599563594722,20.855503793824262,19.978634928700156,20.78575325012207,2576800.0
2022-02-01,VRT,20.975072809580993,21.20425558042215,20.40710200037889,21.034860610961914,2720900.0
2022-02-02,VRT,21.164400004677645,21.503189990956574,21.034863551363838,21.254079818725586,2412600.0
2022-02-03,VRT,20.825605369382266,21.333790235355707,20.78076547236816,20.855499267578125,4568800.0
2022-02-04,VRT,20.85550392326796,21.39358090699581,20.631304388148113,21.254079818725586,2645400.0
2022-02-07,VRT,21.29393679732716,22.01137335655003,21.24411362619801,21.543046951293945,3592600.0
2022-02-08,VRT,21.60283015216394,22.51955548004187,21.60283015216394,22.43984031677246,3952700.0
2022-02-09,VRT,22.7885965144382,23.017777387817866,22.380054135050717,22.738773345947266,1580100.0
2022-02-10,VRT,22.350161887415297,22.99784786616036,22.215642184816325,22.330232620239258,1350100.0
2022-02-11,VRT,22.330232530961467,22.45977086652829,20.885392975987145,21.06475257873535,1771800.0
2022-02-14,VRT,20.93521965378117,21.264045013764758,20.52667911260641,20.745895385742188,1553600.0
2022-02-15,VRT,21.174364896023107,21.622763971692226,21.0149345359096,21.602834701538086,1348500.0
2022-02-16,VRT,21.51315583356411,22.13094803106354,21.343760830915578,21.881837844848633,1166700.0
2022-02-17,VRT,21.592869194758205,21.65763836986453,20.59642853399513,20.616357803344727,1210500.0
2022-02-18,VRT,20.716005061474338,21.114580999769373,20.35728576672881,20.39714241027832,1685300.0
2022-02-22,VRT,20.148029368674063,20.27756771819393,19.44553878261548,19.500343322753906,2898600.0
2022-02-23,VRT,12.076858923428654,12.604972130110642,10.711735532402548,12.335933685302734,44348900.0
2022-02-24,VRT,11.439136938927872,12.515293595995969,11.269742921446518,12.345898628234863,17918800.0
2022-02-25,VRT,12.345898819277881,13.34233937433657,12.281129651042397,13.15301513671875,17192100.0
2022-02-28,VRT,12.893941482457421,13.342340531341366,12.774368719514985,12.973657608032227,7558800.0
2022-03-01,VRT,12.83415570095914,12.94376383048586,12.515294996677872,12.545187950134277,7668200.0
2022-03-02,VRT,12.575077867915297,12.694650603155424,11.832729876041412,11.957284927368164,7589400.0
2022-03-03,VRT,11.977215936109449,12.016076676853434,11.369386588929997,11.459066390991211,6230000.0
2022-03-04,VRT,11.389315768915992,11.488959253558518,10.353017636899228,10.532376289367676,8436600.0
2022-03-07,VRT,10.6419855370361,10.671878487904241,9.99429859969452,10.014227867126465,10042700.0
2022-03-08,VRT,10.064050581754625,10.273303148710864,9.555865640535213,10.153729438781738,6391600.0
2022-03-09,VRT,10.492519005216675,11.060490780052527,10.437715419695511,10.881131172180176,7174900.0
2022-03-10,VRT,10.562271551660206,11.44910314562051,10.432734149673669,11.349459648132324,6141800.0
2022-03-11,VRT,11.49892397412238,11.932376033950687,11.439137122660634,11.797856330871582,6518900.0
2022-03-14,VRT,11.76796442544372,11.957287729707623,10.935936449573704,11.090384483337402,5718300.0
2022-03-15,VRT,11.120276107104079,11.87757113418135,10.916005875498723,11.847678184509277,5581900.0
2022-03-16,VRT,11.977216423739105,12.505329673703233,11.967251789708886,12.276147842407227,5783100.0
2022-03-17,VRT,12.166539786643712,13.342340000920506,12.111735249452225,13.172945022583008,5278000.0
2022-03-18,VRT,12.993586163260495,13.571521669810007,12.993586163260495,13.352304458618164,4513500.0
2022-03-21,VRT,13.636290239602456,13.730951413862112,12.809243654579374,12.993585586547852,6229400.0
2022-03-22,VRT,13.033443423038507,13.561556693237083,12.96369288271412,13.372233390808105,7609900.0
2022-03-23,VRT,13.093229319746547,13.511734431584092,12.93379803167719,13.063335418701172,5698400.0
2022-03-24,VRT,13.09323062139525,13.162981163542423,12.520276481369658,12.734511375427246,4380100.0
2022-03-25,VRT,12.674724768501571,12.87401269955289,12.096789293312835,12.804262161254883,4676100.0
2022-03-28,VRT,12.814223456538272,13.103191140269335,12.465469879775757,13.003547668457031,4792600.0
2022-03-29,VRT,13.352303278172885,13.800702295577915,13.252659791189375,13.591449737548828,5330700.0
2022-03-30,VRT,13.302483181802572,13.711023700071888,13.292518547142377,13.661201477050781,4587900.0
2022-03-31,VRT,13.750881616730956,14.199279734066554,13.641272533411666,13.950169563293457,5565200.0
2022-04-01,VRT,14.677567610898723,15.140912579723535,14.308884752440623,14.528101921081543,6237100.0
2022-04-04,VRT,14.288959343866004,14.478282652831147,13.88041882166764,14.438425064086914,3067100.0
2022-04-05,VRT,14.528104249472364,14.55799720217075,13.70604092316803,13.800703048706055,4378600.0
2022-04-06,VRT,13.471877591603823,13.696076160154911,13.22675291105267,13.61137866973877,2471000.0
2022-04-07,VRT,13.591450223684404,13.860488693470543,13.192873410654824,13.4220552444458,3169500.0
2022-04-08,VRT,13.362268634934319,13.691093965302917,13.242695873916631,13.491806030273438,3341000.0
2022-04-11,VRT,13.252659804487491,13.551592166297542,12.874012272898732,12.913869857788086,3885500.0
2022-04-12,VRT,13.04340717014723,13.20283750877446,12.216361575808646,12.325969696044922,4140800.0
2022-04-13,VRT,12.276147703548874,13.0733003616333,12.276147703548874,13.0733003616333,2575000.0
2022-04-14,VRT,12.988601956314984,13.118139337252025,12.29607610272824,12.335933685302734,3012600.0
2022-04-18,VRT,12.18646668595143,12.34589796192421,11.802837821107337,12.017072677612305,3221700.0
2022-04-19,VRT,12.037001647742162,13.17294420549615,11.89749963003491,13.023477554321289,4146700.0
2022-04-20,VRT,13.153013472622803,13.222764948842318,12.829170523256717,12.854081153869629,4125400.0
2022-04-21,VRT,13.003549848009614,13.073300384997225,12.256219407897335,12.395720481872559,3047800.0
2022-04-22,VRT,12.266182857412025,12.330951071177969,11.528816172155272,11.588603019714355,3708400.0
2022-04-25,VRT,11.459065587406817,12.046965626109833,11.249813047364722,12.017072677612305,5055500.0
2022-04-26,VRT,11.917429375000111,11.997144545378992,11.469031304048961,11.498924255371094,4863400.0
2022-04-27,VRT,12.709600646386892,13.172945702198371,12.345900036013528,12.824191093444824,6304400.0
2022-04-28,VRT,12.933797723663222,13.043406790993087,12.05693088670279,12.714581489562988,4641000.0
2022-04-29,VRT,12.614936625740068,13.083263928592391,12.425613348145994,12.48539924621582,3632000.0
2022-05-02,VRT,12.435577589631949,12.864047329593225,12.116716918189004,12.565114974975586,3397600.0
2022-05-03,VRT,12.435576218383229,12.878992859778544,12.370808007993165,12.704615592956543,1929800.0
2022-05-04,VRT,12.684687729319133,13.27258780512018,12.21137903883574,13.242694854736328,2342300.0
2022-05-05,VRT,13.083265283667917,13.083265283667917,12.166539849224847,12.465472221374512,3199200.0
2022-05-06,VRT,12.335934162260749,12.365827112777474,11.753016400645931,12.166539192199707,2076300.0
2022-05-09,VRT,11.807822992072142,11.867608903520242,11.100350038070083,11.120278358459473,2664500.0
2022-05-10,VRT,11.349458376113963,11.518853348166394,10.004263233410493,10.014227867126465,6103500.0
2022-05-11,VRT,9.854798345067358,10.382911622120679,9.57579427958875,10.133801460266113,5569900.0
2022-05-12,VRT,9.844832542761711,10.641985156196457,9.844832542761711,10.402838706970215,4539800.0
2022-05-13,VRT,10.701771822000916,11.424191637522462,10.6021283321123,11.25977897644043,3724800.0
2022-05-16,VRT,11.180064325770063,11.26974413604766,10.68184400225439,10.751594543457031,2216900.0
2022-05-17,VRT,11.120276532197595,11.429173524882982,10.995721461809575,11.369386672973633,2745800.0
2022-05-18,VRT,11.17009890137464,11.53878180067242,10.811380635909721,10.881131172180176,2734300.0
2022-05-19,VRT,10.801417826323135,11.548748384967853,10.801417826323135,10.940918922424316,4873700.0
2022-05-20,VRT,11.08042048096768,11.140207341150196,10.562271810598782,10.801417350769043,5960200.0
2022-05-23,VRT,10.821345084659672,10.960847117344807,10.512449016236673,10.751594543457031,3019000.0
2022-05-24,VRT,10.651949684892315,10.651949684892315,9.809958055057484,10.213516235351562,4667700.0
2022-05-25,VRT,10.213516880873968,10.37792955362806,9.635581367539586,10.20355224609375,7147600.0
2022-05-26,VRT,10.303196675260734,11.21992216727526,10.233446132481328,10.821345329284668,5967000.0
2022-05-27,VRT,11.030597623886193,11.464049722105935,10.95088244839656,11.399280548095703,5822300.0
2022-05-31,VRT,11.44910325470985,11.44910325470985,10.90106068732338,10.950882911682129,5310600.0
2022-06-01,VRT,10.881132432365284,11.12027797037158,9.964406919727924,10.303196907043457,9220400.0
2022-06-02,VRT,10.362982583277406,11.010669588657164,10.278285088353893,10.821345329284668,8995800.0
2022-06-03,VRT,10.651948766739798,10.901058897349314,10.163693138812283,10.831308364868164,14598500.0
2022-06-06,VRT,11.150168891946372,11.329528487886867,10.811379916685038,10.980774879455566,6891400.0
2022-06-07,VRT,10.83130880690858,11.409244257486609,10.761558271580817,11.369386672973633,5971600.0
2022-06-08,VRT,11.170099847215361,11.289672612495293,10.691807835815773,10.911025047302246,5353100.0
2022-06-09,VRT,10.821344416899677,10.821344416899677,10.442696880359643,10.452661514282227,4997600.0
2022-06-10,VRT,10.17365848858629,10.293231245666231,9.984335194113,10.054085731506348,5388900.0
2022-06-13,VRT,9.675437236377476,9.85479682941713,9.366540265062484,9.376504898071289,6325300.0
2022-06-14,VRT,9.426328441683614,9.57579415676733,9.137360695649882,9.32668399810791,6433100.0
2022-06-15,VRT,9.416363479143634,10.02917422002439,9.326683673106487,9.655508995056152,5400000.0
2022-06-16,VRT,9.296789742280511,9.41636248764634,8.883266974868794,9.007822036743164,5474900.0
2022-06-17,VRT,9.037714551039281,9.291806979081422,8.9679640238323,9.147323608398438,4339700.0
2022-06-21,VRT,9.316719843049007,9.316719843049007,8.997858209891918,9.157288551330566,4084500.0
2022-06-22,VRT,8.888250087722795,9.271879940734415,8.888250087722795,9.157288551330566,4048000.0
2022-06-23,VRT,9.177217292307938,9.396434474341236,8.987894010288093,9.386469841003418,2701600.0
2022-06-24,VRT,9.516007423065352,10.233444883674236,9.496078155971887,10.193586349487305,9564700.0
2022-06-27,VRT,10.28326670183087,10.362981873916397,9.854797889441125,9.96440601348877,3144800.0
2022-06-28,VRT,10.014228990741428,10.26832147732972,9.52099096981588,9.555866241455078,2000700.0
2022-06-29,VRT,9.48611473768521,9.520990005793205,8.888250012097398,8.908178329467773,4448900.0
2022-06-30,VRT,8.69892549430598,8.758712345078145,8.120990054720645,8.190741539001465,8105700.0
2022-07-01,VRT,8.130954936106837,8.509602468461198,8.061204399979381,8.260492324829102,5359500.0
2022-07-05,VRT,8.091098272549148,8.579353981603346,7.7323799669689,8.569390296936035,4408700.0
2022-07-06,VRT,8.519567400747446,8.768677553106846,8.399994641648513,8.609247207641602,8316100.0
2022-07-07,VRT,8.71885452587619,9.20711015125812,8.619210094039998,9.137359619140625,3638900.0
2022-07-08,VRT,9.087536887316475,9.246967208979623,8.908177300305596,8.997857093811035,1969900.0
2022-07-11,VRT,8.848393010258878,8.967965773201312,8.579353580928512,8.649105072021484,3211800.0
2022-07-12,VRT,8.569389896726527,8.972948090442229,8.519567674597218,8.649105072021484,3344200.0
2022-07-13,VRT,8.419921929196994,8.609246153975882,8.230598654697806,8.360136032104492,2941100.0
2022-07-14,VRT,8.140919132945985,8.479709062145458,8.091096916837875,8.399993896484375,2942800.0
2022-07-15,VRT,8.599282283128572,8.997858133333924,8.360136773005362,8.908178329467773,3447500.0
2022-07-18,VRT,9.097502721991082,9.132377990677805,8.718855182872748,8.758712768554688,2239100.0
2022-07-19,VRT,8.987894837558706,9.496078830925466,8.898215029823447,9.476150512695312,2674100.0
2022-07-20,VRT,9.57579427958875,10.203552001495838,9.57579427958875,10.133801460266113,3432300.0
2022-07-21,VRT,10.083977794932931,10.422767718622806,10.054084845866095,10.333087921142578,2135500.0
2022-07-22,VRT,10.402839180053714,10.75159376125393,10.308178009674048,10.572234153747559,3593600.0
2022-07-25,VRT,10.522413031787915,10.656931789011324,10.243408982830196,10.422768592834473,2204700.0
2022-07-26,VRT,10.333088994317222,10.382911214789534,10.143765696858214,10.213516235351562,1502300.0
2022-07-27,VRT,10.402838653968155,10.482554770157245,10.243408322149445,10.462625503540039,2043700.0
2022-07-28,VRT,10.731667278272543,10.98874841267612,10.492520777293475,10.940918922424316,2028700.0
2022-07-29,VRT,10.90106055206259,11.389317204384165,10.841274643797828,11.379352569580078,2963100.0
2022-08-01,VRT,11.190026406664483,11.533798646711242,11.040560711137918,11.4092435836792,2515200.0
2022-08-02,VRT,11.249814509208242,11.957287384112774,11.249814509208242,11.728106498718262,4071700.0
2022-08-03,VRT,11.598568271631574,12.400702263179516,10.691806578562124,11.947321891784668,9989300.0
2022-08-04,VRT,12.156574608640561,13.382196988228394,11.957286687242473,13.123122215270996,6395900.0
2022-08-05,VRT,12.734509107507062,12.953726279859929,12.440559088980173,12.784331321716309,4955400.0
2022-08-08,VRT,12.973656063242816,13.412089475160267,12.864046997553652,12.923833847045898,3033500.0
2022-08-09,VRT,12.684686170089119,12.684686170089119,11.867605324649684,12.116715431213379,5297800.0
2022-08-10,VRT,12.62490212977032,12.92383449158037,12.14661016081828,12.913869857788086,4786900.0
2022-08-11,VRT,13.09322828958988,13.35230209297451,12.694651526195603,12.784331321716309,3215200.0
2022-08-12,VRT,13.013514393260424,13.491805415538522,12.834154784766243,13.471877098083496,3879600.0
2022-08-15,VRT,13.372232833462258,13.631307615697397,13.053372147806583,13.29251766204834,3469700.0
2022-08-16,VRT,13.103193994306572,13.601414312725527,13.023478819381927,13.342340469360352,4084900.0
2022-08-17,VRT,12.943762665358983,13.202837439406943,12.679706524749898,13.063335418701172,3508300.0
2022-08-18,VRT,13.063335787995634,13.202837812645065,12.864047860124876,13.013514518737793,2982500.0
2022-08-19,VRT,12.794296737179105,12.92383412193444,12.256218881422962,12.286111831665039,2441800.0
2022-08-22,VRT,11.917429834326148,12.221344527034091,11.792874757023526,12.007109642028809,4354400.0
2022-08-23,VRT,12.007109642028809,12.146610720428658,11.897500565823412,12.007109642028809,2899900.0
2022-08-24,VRT,12.076859390369773,12.276147310947538,11.937357370825454,12.166539192199707,1583300.0
2022-08-25,VRT,12.345899462570609,12.60497329817249,12.196432801355868,12.465472221374512,2570600.0
2022-08-26,VRT,12.435577352001284,12.435577352001284,11.74803380477072,11.787891387939453,2808500.0
2022-08-29,VRT,11.508887952945537,12.056930417424793,11.479990897193149,11.837713241577148,2213400.0
2022-08-30,VRT,11.98717970435857,12.12668172525074,11.538781641156287,11.708176612854004,1515300.0
2022-08-31,VRT,11.767964328373195,11.82775023437186,11.264761693198523,11.488960266113281,3630000.0
2022-09-01,VRT,11.309600382203506,11.488959031200638,10.960845817005083,11.449101448059082,4762200.0
2022-09-02,VRT,11.678285193847112,11.678285193847112,11.110313352364274,11.170100212097168,2851000.0
2022-09-06,VRT,11.229886144025208,11.249814462103112,10.975793674143167,11.140206336975098,1548100.0
2022-09-07,VRT,11.100346130887447,11.797854204040753,11.060488553858104,11.668316841125488,1378400.0
2022-09-08,VRT,11.478994411569962,12.216360114667985,11.478994411569962,12.186466217041016,2343000.0
2022-09-09,VRT,12.335934626779823,13.402125754728937,12.335934626779823,13.322410583496094,4838400.0
2022-09-12,VRT,13.202836829523655,13.471876224825575,13.088246398315679,13.382196426391602,4121400.0
2022-09-13,VRT,12.794298298370355,13.133088276719707,12.595010355305995,12.674725532531738,3496900.0
2022-09-14,VRT,12.624902346679965,13.053372104311945,12.17650427140081,13.013514518737793,4740900.0
2022-09-15,VRT,12.874013163773606,13.307464310654955,12.84412021060796,12.973657608032227,2073900.0
2022-09-16,VRT,12.614937135167139,12.644830085409215,12.071876962657358,12.286111831665039,3532400.0
2022-09-19,VRT,12.05693172455789,12.510312124710952,12.017074138289923,12.465472221374512,2385200.0
2022-09-20,VRT,12.276147961626329,12.390739353527081,12.03700244425746,12.156575202941895,2641800.0
2022-09-21,VRT,12.256219112447805,12.375791865949763,11.658354394658245,11.708176612854004,2627800.0
2022-09-22,VRT,11.63842679849421,11.7181419724335,10.940917601105681,10.990739822387695,5368400.0
2022-09-23,VRT,10.492520663239397,10.701773255396533,9.72526179218319,9.91458511352539,4132200.0
2022-09-26,VRT,9.785046608601716,10.213516380354932,9.605687942746743,9.75515365600586,5170900.0
2022-09-27,VRT,9.944474449621497,10.163691597389787,9.560845628876475,9.645543098449707,3914100.0
2022-09-28,VRT,9.675439157067009,10.422769676046604,9.635581567399294,10.303196907043457,2642400.0
2022-09-29,VRT,9.954441365086703,10.054085805190157,9.446256431062746,9.655508995056152,2322900.0
2022-09-30,VRT,9.625616964014728,10.059069084569135,9.566826947790839,9.685403823852539,2685600.0
2022-10-03,VRT,9.894655791150095,11.603551629026574,9.854798203835768,11.209957122802734,7401600.0
2022-10-04,VRT,11.618497546179343,12.276148207241596,11.528817737801795,11.91742992401123,4771200.0
2022-10-05,VRT,11.57863900462181,12.012091059286648,11.334511185430719,11.947321891784668,3558000.0
2022-10-06,VRT,11.937356095282842,12.176502524702405,11.728104513745174,11.81778335571289,3685000.0
2022-10-07,VRT,11.578640366158426,11.718142400791612,10.88113209355223,10.911025047302246,2473300.0
2022-10-10,VRT,10.970812230856248,11.31956590237552,10.94590064342494,11.199993133544922,5607900.0
2022-10-11,VRT,11.110314132728275,11.289673774244882,10.73166747885094,11.040563583374023,6192100.0
2022-10-12,VRT,11.070455119996865,11.190027882241566,10.791452008092563,10.871167182922363,3354300.0
2022-10-13,VRT,10.402839848355207,10.995722294371745,10.198569593474524,10.84127426147461,9816700.0
2022-10-14,VRT,10.88113053278664,11.105330029452741,10.173657726982169,10.183622360229492,4166000.0
2022-10-17,VRT,10.472591665107759,10.846256916191509,10.42276944157395,10.821345329284668,5278400.0
2022-10-18,VRT,11.309601019007276,11.538781897405658,11.190027312570093,11.43913745880127,16244000.0
2022-10-19,VRT,11.289672144430984,11.429174173280483,11.060491258049478,11.35942268371582,8678400.0
2022-10-20,VRT,12.096788821838224,13.128104656327917,12.037001969713124,12.325969696044922,11496700.0
2022-10-21,VRT,12.266184827836637,13.337358337247931,12.126682794642479,13.162981033325195,5760900.0
2022-10-24,VRT,13.212801769614572,13.840559422952431,12.943762368064167,13.730950355529785,4174400.0
2022-10-25,VRT,13.840560669289994,14.308887080392973,13.800703082168893,14.079706192016602,5039100.0
2022-10-26,VRT,14.169384299611078,14.697497503137,13.641270145805434,14.5480318069458,7201100.0
2022-10-27,VRT,15.195718892146399,15.683974549794117,14.438423820929657,14.737356185913086,6037500.0
2022-10-28,VRT,14.727391075770115,14.956572896615532,14.104615731476793,14.906750679016113,4651600.0
2022-10-31,VRT,14.827035483220481,14.976501185459252,14.204260140092671,14.259064674377441,4395200.0
2022-11-01,VRT,14.597853801287227,14.8768578418567,14.149455740037405,14.787178039550781,4321200.0
2022-11-02,VRT,14.66760669931608,14.797144098425811,13.99999138482431,14.029884338378906,3673200.0
2022-11-03,VRT,13.750881071338727,14.31386961683333,13.691094214601321,13.870453834533691,5025900.0
2022-11-04,VRT,14.259064475578132,14.35372564221237,13.591449241030602,14.12952709197998,3230800.0
2022-11-07,VRT,14.777212667809604,14.886820781664502,13.955149438198562,14.5480318069458,3503300.0
2022-11-08,VRT,14.577926604218021,14.762267589538009,14.229172001852868,14.607819557189941,3478600.0
2022-11-09,VRT,14.308887510166764,14.707464343629042,14.164404108868087,14.587891578674316,3066500.0
2022-11-10,VRT,15.544473316201191,16.007818334610157,15.09607429820556,15.225611686706543,5087200.0
2022-11-11,VRT,15.355148679204365,15.962978021131754,15.205682977247005,15.305326461791992,3802000.0
2022-11-14,VRT,15.086110311670009,15.391020877558773,14.866893123973098,14.87685775756836,2306400.0
2022-11-15,VRT,15.375078591993695,15.683974642419658,14.388601686694521,14.647676467895508,5622600.0
2022-11-16,VRT,14.388602187235383,14.53806885094925,13.337357975485693,13.830595970153809,5325600.0
2022-11-17,VRT,13.471877272222676,14.04981274008574,13.412090418525207,13.940203666687012,3607900.0
2022-11-18,VRT,14.13949174686364,14.18931396709926,13.521698686669467,13.790738105773926,2389400.0
2022-11-21,VRT,13.740916012069556,14.149456511259963,13.611378618376044,13.980061531066895,2597400.0
2022-11-22,VRT,14.019919991252523,14.139492758202666,13.526681971228232,13.760846138000488,2076400.0
2022-11-23,VRT,13.780774084604856,14.034866563856077,13.770809450058568,13.810667037963867,1497400.0
2022-11-25,VRT,13.780772289827086,13.905327354594343,13.5515914267896,13.691092491149902,1138800.0
2022-11-28,VRT,13.441982631129914,14.009954384046779,12.978637628860792,13.05337142944336,2479200.0
2022-11-29,VRT,13.12317596771825,13.232868777971879,12.993539615331274,13.163064002990723,1933700.0
2022-11-30,VRT,13.222894852121168,13.871075580732622,13.043398240687868,13.811244010925293,2282900.0
2022-12-01,VRT,14.2101252476615,14.534215633284216,14.0106850835095,14.16026496887207,2557100.0
2022-12-02,VRT,13.841160821033702,14.878250634231911,13.781328295788965,14.718698501586914,3201300.0
2022-12-05,VRT,14.44945356494329,14.574103787451785,14.120377053601324,14.309845924377441,2045500.0
2022-12-06,VRT,14.37964842015135,14.449452234004646,13.781327026819653,13.891019821166992,3117100.0
2022-12-07,VRT,13.831189967414966,13.995728239645345,13.452253138731647,13.621777534484863,2911900.0
2022-12-08,VRT,13.771355375359027,14.47936859366071,13.662660188746745,14.200151443481445,2774200.0
2022-12-09,VRT,14.130349057945754,14.400590644425176,13.601832389831543,13.601832389831543,2469000.0
2022-12-12,VRT,13.542002067236055,13.621778145166287,13.297687709698987,13.581890106201172,2398700.0
2022-12-13,VRT,14.240041906714092,14.454440452936227,13.716511324873913,14.04060173034668,2798900.0
2022-12-14,VRT,13.970799063154415,14.215113418309492,13.731470831697097,13.871078491210938,1893800.0
2022-12-15,VRT,13.532028278988843,13.71152490939734,13.098246023509313,13.212924003601074,1879200.0
2022-12-16,VRT,13.04339985550756,13.232868735700894,12.85393192632,13.103232383728027,4501500.0
2022-12-19,VRT,13.123173269748825,13.123173269748825,12.57471218425513,12.644516944885254,2309400.0
2022-12-20,VRT,12.514883257116733,12.943679400773336,12.29549858647484,12.814043998718262,1624400.0
2022-12-21,VRT,12.963623785217454,13.227882612432042,12.87387546838964,13.103232383728027,1621200.0
2022-12-22,VRT,12.883847449084506,12.963623517728529,12.494938401190579,12.74423885345459,1663200.0
2022-12-23,VRT,12.734266954453691,12.853931051746985,12.514882300579798,12.784126281738281,1282300.0
2022-12-27,VRT,12.814043799571888,12.97359593901152,12.524855309086112,12.544798851013184,2087400.0
2022-12-28,VRT,12.594659286374656,12.774155920942404,12.265582757004301,12.31544303894043,1633200.0
2022-12-29,VRT,12.544799202256616,13.726483813451903,12.544799202256616,13.492140769958496,3452000.0
2022-12-30,VRT,13.222897162716013,13.641722028576217,13.20295266862466,13.621777534484863,2354000.0
2023-01-03,VRT,13.82121746817237,14.07051793373035,13.173036638123941,13.262784957885742,3458300.0
2023-01-04,VRT,13.47219720705767,13.576902944710769,13.10323263708051,13.462224960327148,2505300.0
2023-01-05,VRT,13.31264508356607,13.532028805935234,13.103232656936745,13.492140769958496,2951600.0
2023-01-06,VRT,13.701552364364826,14.165251348808267,13.49213995045507,14.080489158630371,2504700.0
2023-01-09,VRT,14.22009765489082,15.057747304834733,14.160265129463799,14.77853012084961,4388600.0
2023-01-10,VRT,14.67881028043959,14.718698313090009,14.005698897333785,14.4793701171875,2425000.0
2023-01-11,VRT,14.658866840829022,14.74861515848605,14.32979031009044,14.599035263061523,1817900.0
2023-01-12,VRT,14.66883870015099,14.95802718774041,14.439481788749312,14.938082695007324,1886400.0
2023-01-13,VRT,14.778531181231955,14.958027819386448,14.623965160046584,14.928112030029297,1840500.0
2023-01-17,VRT,14.90816625809578,14.958026536752767,14.718698340406094,14.91813850402832,1798000.0
2023-01-18,VRT,14.977971624957766,15.34693618010044,14.424524316740875,14.439481735229492,2442900.0
2023-01-19,VRT,14.180208603762445,14.339760725440986,13.873069913626157,13.900991439819336,2197000.0
2023-01-20,VRT,14.070516593763571,14.55416005953132,13.862101789591136,14.4793701171875,1491000.0
2023-01-23,VRT,14.60900685874119,15.581279051987533,14.569118822408333,15.486544609069824,4017500.0
2023-01-24,VRT,15.496516334140145,15.526432122631078,15.072705367994548,15.207327842712402,2496700.0
2023-01-25,VRT,14.76855878124893,14.798474568369365,14.250013399130845,14.309845924377441,3616400.0
2023-01-26,VRT,14.569117422024462,14.628949946275542,13.606818519114775,14.010684967041016,4217200.0
2023-01-27,VRT,13.861104384301786,14.464411956712963,13.821216351076679,14.339761734008789,3144100.0
2023-01-30,VRT,14.050573889732842,14.150293501794902,13.73645478177322,13.920937538146973,1808100.0
2023-01-31,VRT,13.990739353741585,14.2549981422409,13.85113172669002,14.180208206176758,2066500.0
2023-02-01,VRT,14.140322419179663,14.853321888133488,13.940881290041355,14.658866882324219,2065700.0
2023-02-02,VRT,14.888223410595085,15.317019544600887,14.798475095033991,14.997915267944336,2340500.0
2023-02-03,VRT,14.589062342447704,15.182397675431606,14.43449633084888,14.549174308776855,3013600.0
2023-02-06,VRT,14.279929067363271,14.42950990373156,14.040600870380871,14.16026496887207,3748500.0
2023-02-07,VRT,14.250014051950604,15.247215877702237,14.145308316729452,15.207327842712402,4991300.0
2023-02-08,VRT,15.047775122604895,15.805648709198652,14.938082317357592,15.685983657836914,5075000.0
2023-02-09,VRT,16.005087210625923,16.2464106105873,15.396794489899339,15.606206893920898,3937700.0
2023-02-10,VRT,15.516460891181405,15.626152750104755,14.319817934535742,14.419538497924805,3260200.0
2023-02-13,VRT,14.42951066480907,15.187383328560296,14.309846560006246,15.177412033081055,2269400.0
2023-02-14,VRT,15.00788671064629,15.656067475645292,14.863291998650956,15.586263656616211,2557300.0
2023-02-15,VRT,15.586265540856434,16.054950692011115,15.396796650578535,16.025033950805664,3354500.0
2023-02-16,VRT,15.695956218544005,16.17461262956169,15.576292115789585,16.104808807373047,2939900.0
2023-02-17,VRT,15.775732220308315,16.035004917348925,15.62615233024952,16.015060424804688,3823900.0
2023-02-21,VRT,15.78570417426967,15.955228553733548,15.157466935845724,15.217299461364746,4883400.0
2023-02-22,VRT,16.962402456348958,17.82996693728096,15.192368731430946,15.476572036743164,11976700.0
2023-02-23,VRT,15.855509806415869,16.4438590787166,15.496517465302842,16.413942337036133,7040300.0
2023-02-24,VRT,16.194556536702404,16.194556536702404,15.346935601751511,15.76576042175293,3492300.0
2023-02-27,VRT,15.985146330638214,16.049963081401003,15.636125302945198,15.715901374816895,2715300.0
2023-02-28,VRT,15.61617777236209,16.294275202397525,15.581275866581842,16.204526901245117,3105900.0
2023-03-01,VRT,16.12475264635999,16.413940169706198,15.937278988078173,16.084863662719727,3630400.0
2023-03-02,VRT,15.735844331915455,15.875452928000442,15.556348652384195,15.785704612731934,3145900.0
2023-03-03,VRT,15.835564969101576,16.403970651512136,15.700942495556514,16.31422233581543,3580800.0
2023-03-06,VRT,16.344136402129973,16.56352200882365,15.975172812345685,16.144697189331055,3333600.0
2023-03-07,VRT,16.094837945855744,16.294279085278742,15.74581785387716,15.79567813873291,1725800.0
2023-03-08,VRT,15.825592579328271,15.925313140533653,15.636124654244947,15.695956230163574,2076900.0
2023-03-09,VRT,15.825593286775524,15.89539711213626,15.307048817942139,15.33696460723877,2730100.0
2023-03-10,VRT,15.346933925775911,15.346933925775911,14.020655790944048,14.200151443481445,4830100.0
2023-03-13,VRT,13.900992628906197,14.050573469029176,13.452252010548742,13.791300773620605,4944600.0
2023-03-14,VRT,14.150291230207497,14.349732324326297,13.736452576620538,13.91096305847168,3306200.0
2023-03-15,VRT,13.39242100615743,13.522057359387478,12.868889469920031,13.28272819519043,3688700.0
2023-03-16,VRT,13.063344976442027,13.711525816453882,12.99354019832885,13.561945915222168,2995000.0
2023-03-17,VRT,13.442279537501545,13.621776162217826,13.053371451957236,13.083287239074707,4399400.0
2023-03-20,VRT,13.29270101231295,13.322616802494322,12.933708677119036,13.183009147644043,4987600.0
2023-03-21,VRT,13.641720840772972,13.781328483233331,13.546986404099343,13.73146915435791,2253100.0
2023-03-22,VRT,13.751413747637734,14.005700338578437,13.402392712776578,13.412364959716797,2532900.0
2023-03-23,VRT,13.561944347889412,14.010684950730123,12.953650664233468,13.192978858947754,2125000.0
2023-03-24,VRT,13.003511150329754,13.13314749562284,12.659476270552165,13.05337142944336,1880400.0
2023-03-27,VRT,13.262783276573304,13.32261484815917,13.003510597019401,13.153090476989746,2611300.0
2023-03-28,VRT,13.153091129454634,13.310649003921474,13.003511242064313,13.173035621643066,1967800.0
2023-03-29,VRT,13.492139954866495,13.766371017769695,13.352532312884835,13.671636581420898,3241600.0
2023-03-30,VRT,13.950850953025947,14.11040306598319,13.741438567018166,13.761383056640625,2696500.0
2023-03-31,VRT,13.920936547524356,14.399592933774597,13.85113272894762,14.269957542419434,3137000.0
2023-04-03,VRT,14.200153143338598,14.409565555538363,13.691580006424065,13.930909156799316,2261300.0
2023-04-04,VRT,13.940880751663862,14.059548199898266,12.913763160692895,13.06334400177002,2943100.0
2023-04-05,VRT,12.8838472366333,12.966615168013234,12.679420945228207,12.8838472366333,3206800.0
2023-04-06,VRT,12.814041998194394,12.84894390491464,12.225692853465606,12.345356941223145,3482100.0
2023-04-10,VRT,12.265582586179033,12.584686864516776,12.200763935263076,12.514883041381836,3449700.0
2023-04-11,VRT,12.56474332262355,12.710334697165433,12.435106971797401,12.514883041381836,2925500.0
2023-04-12,VRT,12.634546917293141,12.634546917293141,12.155889557436128,12.21572208404541,2689300.0
2023-04-13,VRT,12.245638006516804,12.445078179064813,12.016282045838034,12.395218849182129,4092600.0
2023-04-14,VRT,12.325414075536008,12.594659021730138,12.15588969111876,12.395218849182129,2621000.0
2023-04-17,VRT,12.405189931010458,12.684407118776942,12.305470321955921,12.534826278686523,2362000.0
2023-04-18,VRT,12.614602183145328,12.693381595754863,12.086085504076715,12.325413703918457,3716200.0
2023-04-19,VRT,12.106030403032253,12.474994961271362,11.981380175883674,12.455050468444824,4485600.0
2023-04-20,VRT,12.245636615590586,12.484965746469646,12.12597252565388,12.235665321350098,1937500.0
2023-04-21,VRT,12.195778177861897,12.305470990085157,11.916561925941025,12.145918846130371,2575300.0
2023-04-24,VRT,12.225694676972662,12.734267839051972,12.163867889557604,12.694378852844238,5059300.0
2023-04-25,VRT,12.514881167275199,12.634545253732124,12.185804691767247,12.195775985717773,6829700.0
2023-04-26,VRT,14.289901480731443,15.107606638837087,13.023455710275279,13.551972389221191,16760500.0
2023-04-27,VRT,13.960826559876203,14.653881574062476,13.686596418566685,14.449455261230469,6112600.0
2023-04-28,VRT,14.469398485957674,15.047775459462015,14.359705678254805,14.878251075744629,5048600.0
2023-05-01,VRT,14.738642087566838,14.967998992197066,14.599034446580005,14.77853012084961,3492900.0
2023-05-02,VRT,14.798475007054773,14.948054898096816,14.454440116451169,14.878251075744629,3744800.0
2023-05-03,VRT,14.938083935707928,15.506489662735602,14.843350440374845,14.888224601745605,5293100.0
2023-05-04,VRT,14.858305779433929,14.878250271030542,14.235054682125364,14.269957542419434,3302300.0
2023-05-05,VRT,14.399593754288901,15.182397975958818,14.240041616447257,14.938082695007324,4187300.0
2023-05-08,VRT,15.137524214163959,15.173422780413052,14.638923294867446,15.037803649902344,2130000.0
2023-05-09,VRT,14.868278456349532,15.371865471697436,14.793488512705053,15.217299461364746,3253100.0
2023-05-10,VRT,15.436683191907195,15.531417627865611,15.00788707058026,15.247215270996094,2510000.0
2023-05-11,VRT,15.187384039124275,15.371866803705197,15.027831891922293,15.287104606628418,1672000.0
2023-05-12,VRT,15.267161227759619,15.416741129617092,14.90816794169237,15.057748794555664,1711300.0
2023-05-15,VRT,15.05774925205371,15.461615760144179,15.0278325099686,15.277132987976074,2162400.0
2023-05-16,VRT,15.2173000012316,15.2173000012316,14.958027299793791,15.087663650512695,1630200.0
2023-05-17,VRT,15.267159397048173,15.636123934925143,15.132536930915768,15.586263656616211,2741100.0
2023-05-18,VRT,15.466599813440851,16.005087784808033,15.356907009157474,15.915340423583984,4900300.0
2023-05-19,VRT,16.025032613683074,16.04497710615588,15.456627892288495,15.516460418701172,3661200.0
2023-05-22,VRT,15.725871394485798,16.718086028998847,15.596235058301684,16.46380043029785,7543800.0
2023-05-23,VRT,16.26436168943105,16.67321429698917,16.124754038658498,16.24441909790039,5738800.0
2023-05-24,VRT,15.955228983431319,16.344137081258772,15.705928530565204,16.194557189941406,4048800.0
2023-05-25,VRT,18.24879280255846,19.13630372824288,17.894786607948667,18.458206176757812,29409700.0
2023-05-26,VRT,18.667618489057592,19.94403757882669,18.43826251338388,19.684764862060547,15999900.0
2023-05-30,VRT,20.372834319527612,20.47255488600534,19.774512822672847,20.08364486694336,9997500.0
2023-05-31,VRT,19.814401208946553,19.85029977490435,18.68756207535358,19.245994567871094,5854900.0
2023-06-01,VRT,19.315799732333545,19.595015019471877,19.0465547894403,19.345714569091797,4783200.0
2023-06-02,VRT,19.784483558323505,19.904146707347262,19.320784576330652,19.74459457397461,4021700.0
2023-06-05,VRT,19.385601580226922,20.083641629008035,19.30582552030876,20.013837814331055,4166700.0
2023-06-06,VRT,19.774512097572188,20.33294458655437,19.764539851088923,19.94403648376465,2966800.0
2023-06-07,VRT,19.944037499068823,20.552331251434143,19.834344684180223,20.502470016479492,5017800.0
2023-06-08,VRT,20.332944376581775,20.61714674137962,20.0038678540784,20.52241325378418,3695200.0
2023-06-09,VRT,21.170593870275848,21.290258923798262,20.791658021142617,21.130706787109375,3982700.0
2023-06-12,VRT,21.240396990493796,21.4797270896306,20.961181711519917,21.05093002319336,4766800.0
2023-06-13,VRT,21.380009963106318,22.45200089922361,21.340120972844893,22.387184143066406,6638700.0
2023-06-14,VRT,22.437042902404478,22.73620271363186,22.177770178401957,22.486902236938477,4516600.0
2023-06-15,VRT,22.357263707694134,22.711269878741405,22.088018773935048,22.536760330200195,4453300.0
2023-06-16,VRT,22.736201425588845,23.025390875135727,22.30241915328011,22.476930618286133,7713600.0
2023-06-20,VRT,22.387179782388642,23.339507366246394,22.32734630865114,23.274688720703125,5143100.0
2023-06-21,VRT,22.945614465515728,23.115138853649064,22.247572419787506,22.905725479125977,4860800.0
2023-06-22,VRT,22.69631362518519,23.36443891989273,22.53676148633069,23.244773864746094,4356900.0
2023-06-23,VRT,22.776089929223815,23.66359894849544,22.751160263898164,23.573850631713867,6516500.0
2023-06-26,VRT,23.434243486994323,24.192117121623614,23.314578428047977,23.384384155273438,7315200.0
2023-06-27,VRT,23.44421660124315,23.94780271749991,23.204888376506222,23.7334041595459,3704700.0
2023-06-28,VRT,23.523990448780175,23.703487075840098,23.005445059942947,23.2846622467041,5087900.0
2023-06-29,VRT,23.892954634111163,24.26092348942961,23.718445076854902,24.06247901916504,8865500.0
2023-06-30,VRT,24.27189223272942,24.940017522202687,23.96276020387209,24.7006893157959,5216200.0
2023-07-03,VRT,24.730605496111604,24.840298309927125,24.371614118008136,24.800411224365234,1881900.0
2023-07-05,VRT,24.655812211191698,24.710658608564806,24.22203000780366,24.23200035095215,3535200.0
2023-07-06,VRT,23.992676432043467,24.09738407380188,23.444216164978886,24.01262092590332,3810100.0
2023-07-07,VRT,24.501250002575564,24.93004711731525,24.39155718661565,24.581026077270508,2532500.0
2023-07-10,VRT,24.660802008250606,25.43363308398125,24.590998181050782,25.308982849121094,2523000.0
2023-07-11,VRT,25.239177703857422,25.51839490008682,25.11951454976735,25.239177703857422,3047500.0
2023-07-12,VRT,25.558282312422914,25.902318164377164,25.19929094352972,25.68791961669922,3120000.0
2023-07-13,VRT,25.867414911065065,26.954365012052776,25.697890531039146,26.435819625854492,5184500.0
2023-07-14,VRT,26.445792388709418,26.725007677493828,25.962148903477125,26.276268005371094,3135200.0
2023-07-17,VRT,26.22640677379423,26.645231608982353,26.036939799836667,26.276268005371094,3027400.0
2023-07-18,VRT,26.326128241258917,26.73996791854225,25.96713687160413,26.65520477294922,4120600.0
2023-07-19,VRT,26.445793905279913,26.705066618313435,26.20646568602088,26.615318298339844,6889800.0
2023-07-20,VRT,26.326125274151018,26.625286934159572,25.997048779549555,26.096769332885742,6023900.0
2023-07-21,VRT,26.356046175313203,26.39593326174348,25.269095966422018,25.608144760131836,5709800.0
2023-07-24,VRT,25.4485882720174,25.877385314610372,25.154413689448596,25.707860946655273,3872100.0
2023-07-25,VRT,25.598170204388,26.20147683507416,25.503436718399662,25.917274475097656,2741700.0
2023-07-26,VRT,25.628085799348206,26.007021628402747,25.019792121696323,25.269092559814453,5117700.0
2023-07-27,VRT,25.777666962297914,25.957163590981118,25.019793364530784,25.249149322509766,4690000.0
2023-07-28,VRT,25.618113410701476,26.145632465309276,25.538337347029067,25.87738609313965,4622600.0
2023-07-31,VRT,25.69788952095134,26.031951193806474,25.33889628276913,25.937217712402344,5874900.0
2023-08-01,VRT,25.598170603108986,26.555483430149202,25.408701726169625,26.455764770507812,9983200.0
2023-08-02,VRT,32.90765863032681,35.280999923943455,31.481659785357483,34.19404983520508,38471500.0
2023-08-03,VRT,34.00457922215286,34.493209768780524,32.9674922606146,34.40346145629883,12836000.0
2023-08-04,VRT,34.86217178738948,36.492598756460296,34.662730679328895,35.61007308959961,9938400.0
2023-08-07,VRT,34.902058291818776,36.30811248798543,34.7624506672951,35.62004470825195,14131800.0
2023-08-08,VRT,35.45052512394812,36.36795280707456,34.862175878341226,36.11865234375,7777700.0
2023-08-09,VRT,36.26822665192518,36.58733090821531,34.577969986755605,34.722564697265625,7518900.0
2023-08-10,VRT,34.61287632394559,34.852206448792145,32.648391208096726,33.77522659301758,11382300.0
2023-08-11,VRT,34.05444156876065,34.48323862916667,33.28659575835971,33.416229248046875,6050400.0
2023-08-14,VRT,33.476066029266676,34.762457337535466,33.156961739404785,34.48324203491211,5947800.0
2023-08-15,VRT,34.51315697136223,34.82228711328095,33.959709634930896,34.63282012939453,5592400.0
2023-08-16,VRT,34.61287493334263,34.88211988646912,33.60570274929744,33.645591735839844,5438200.0
2023-08-17,VRT,33.695450517047625,33.86497300105126,32.79298028036538,32.89768981933594,6342100.0
2023-08-18,VRT,32.90765591858625,34.23393599820557,32.28939193312095,33.874942779541016,7282700.0
2023-08-21,VRT,34.10430583216573,35.14139672390957,33.555845546501146,34.97187042236328,5952900.0
2023-08-22,VRT,35.2810030334535,35.69982599063986,34.44335331505756,34.87215042114258,4276100.0
2023-08-23,VRT,35.0317017957137,36.09870746297535,34.79237167971918,35.580162048339844,4733300.0
2023-08-24,VRT,36.78677351604888,37.11585193349924,34.89209239274523,34.91203308105469,10481000.0
2023-08-25,VRT,35.12144655420135,37.84380685211315,35.01175375398869,37.39506530761719,10429700.0
2023-08-28,VRT,37.335233610717715,38.43016074898932,37.10587765573043,38.06319046020508,6433300.0
2023-08-29,VRT,37.59450986287693,39.05042362601286,37.295350073797685,38.611656188964844,5746600.0
2023-08-30,VRT,38.39226942611808,39.13817747052699,38.27260627485141,38.78117752075195,3397000.0
2023-08-31,VRT,38.9706474094625,39.389470331358616,38.666500562075754,39.27977752685547,3569300.0
2023-09-01,VRT,39.509137638972845,40.296928041495185,39.080340523879585,39.75843811035156,4614300.0
2023-09-05,VRT,39.73849052753049,40.02767996481848,38.67148489728321,39.0205078125,3719500.0
2023-09-06,VRT,39.09031110191932,39.469248848923904,37.55461942555287,38.332435607910156,7073700.0
2023-09-07,VRT,38.05321994759535,39.65871542942055,37.70420084459983,39.48918914794922,6757300.0
2023-09-08,VRT,39.21995408966699,40.03765937538486,38.93574788516866,39.09031677246094,3862500.0
2023-09-11,VRT,38.073170338123795,39.1202316133456,37.74409187229847,39.09031677246094,6528500.0
2023-09-12,VRT,38.76123466765691,39.5988843699989,37.20560222332403,37.514732360839844,5653700.0
2023-09-13,VRT,37.325262385261404,37.68425562946846,36.118649162027666,36.9263801574707,7073300.0
2023-09-14,VRT,37.86375335127016,39.130200086661475,37.81887729242949,38.332435607910156,6826000.0
2023-09-15,VRT,37.64436753475602,38.36235404012348,37.395067087505986,38.06319046020508,7132800.0
2023-09-18,VRT,37.365154493945916,38.19781712477565,36.61725310730343,37.69422912597656,4100100.0
2023-09-19,VRT,37.863758144706324,38.31249596578408,37.21557537466865,37.95350646972656,2445100.0
2023-09-20,VRT,38.0532192910803,38.64854886793522,36.99618404820871,37.01612854003906,3696100.0
2023-09-21,VRT,36.59730241912652,36.73691004569177,35.699819385460565,36.21836471557617,3685200.0
2023-09-22,VRT,36.62722633924795,36.80672299051324,36.10868088048416,36.3480110168457,2666200.0
2023-09-25,VRT,36.338035805434764,37.43496017600386,36.09870948009036,36.6671142578125,4134200.0
2023-09-26,VRT,36.39786191161222,36.657132678856506,35.39068987221152,35.42060470581055,4622500.0
2023-09-27,VRT,35.8593802288498,36.45770366490929,35.620053897644766,36.078765869140625,5577000.0
2023-09-28,VRT,36.15853432171335,37.99338572130089,36.00895633939119,36.89646530151367,4655800.0
2023-09-29,VRT,37.31529093618346,38.60168221962276,37.01712779977337,37.095909118652344,4526600.0
2023-10-02,VRT,37.943523718557834,38.86095125567752,37.59450464705841,38.30251693725586,6750200.0
2023-10-03,VRT,37.764028335171965,39.1202232924928,36.29814438326366,36.73691177368164,6541400.0
2023-10-04,VRT,36.79674263730458,38.47204172412959,36.52749773363387,38.0831298828125,5267500.0
2023-10-05,VRT,37.46486841933724,38.412210816752804,37.19562349771244,38.07316207885742,3903900.0
2023-10-06,VRT,37.674288373768675,40.08751906574012,37.42498788679769,39.658721923828125,7099400.0
2023-10-09,VRT,39.18005819140862,40.02767816856957,38.17288228026432,40.01770782470703,5777500.0
2023-10-10,VRT,40.86532816397313,42.60046092118861,40.386671769850246,40.46644973754883,8552300.0
2023-10-11,VRT,40.58611127696426,42.41098846950076,40.427555805865076,41.61322784423828,8423300.0
2023-10-12,VRT,41.69301223754883,43.00931842320286,41.09468882332761,41.69301223754883,6449900.0
2023-10-13,VRT,41.483593659969415,41.942309382361664,38.900840827032326,38.9905891418457,6902800.0
2023-10-16,VRT,39.359560152903455,40.80849362895757,39.090315183813196,40.536258697509766,4355100.0
2023-10-17,VRT,39.53904978841303,41.27417865397972,38.511929428290266,41.074737548828125,5069000.0
2023-10-18,VRT,40.37670789482786,40.66589356400974,38.35238538641378,38.64157485961914,6822600.0
2023-10-19,VRT,38.9108136639399,39.36952556684909,36.85657664079198,37.31528854370117,8848700.0
2023-10-20,VRT,37.085929489841995,37.83383075750716,35.55024177796,36.63719177246094,8789400.0
2023-10-23,VRT,36.68706034510874,38.204801061176084,36.136602925675305,37.18566131591797,6632100.0
2023-10-24,VRT,37.61445210806754,39.09031027614351,37.464870320455816,38.92078399658203,9674100.0
2023-10-25,VRT,41.42376256773814,41.80269650262149,35.89926383177215,37.28537368774414,17130500.0
2023-10-26,VRT,37.46487503408751,37.993390823171,34.50318417732504,34.76245880126953,10790600.0
2023-10-27,VRT,35.560216820540425,36.7070004374555,35.50138379983756,36.31808853149414,7865300.0
2023-10-30,VRT,36.81668708051449,38.392267684131895,36.298145513879284,38.172882080078125,6218900.0
2023-10-31,VRT,37.92358610377416,39.33462767041585,37.10588087027666,39.160118103027344,5648500.0
2023-11-01,VRT,39.23988917967972,40.14734266254226,38.96067389388293,40.117427825927734,5920400.0
2023-11-02,VRT,40.81546444316152,41.68302882638095,39.55898821530478,39.86812210083008,5638600.0
2023-11-03,VRT,40.47642506756832,41.09967625190263,39.70857915198565,40.32684326171875,6202500.0
2023-11-06,VRT,40.41658723417014,40.566169023919414,38.57176544871796,39.638771057128906,5246500.0
2023-11-07,VRT,39.967854861185515,40.945112288299235,39.36953142554908,40.03765869140625,4686000.0
2023-11-08,VRT,40.556197705490376,40.815472318609594,39.68863315487217,39.95787811279297,4825800.0
2023-11-09,VRT,40.25704041152104,42.081921749522266,39.40144326469933,39.85816192626953,6119900.0
2023-11-10,VRT,39.898040947969214,42.13177457556821,39.898040947969214,41.71295166015625,5791900.0
2023-11-13,VRT,41.383874853757916,42.311272835525415,41.05878685272479,42.17166519165039,4239600.0
2023-11-14,VRT,43.08908747065566,43.87687778012799,42.70017938988455,43.46802520751953,6316000.0
2023-11-15,VRT,44.146122641323856,44.8341904904783,42.71015346760128,43.37827682495117,8154000.0
2023-11-16,VRT,42.879671590540866,43.49793555765028,42.22151864387021,42.72011947631836,4630200.0
2023-11-17,VRT,43.65749965289346,44.036437454673056,42.84976851723446,43.16887283325195,5138900.0
2023-11-20,VRT,42.989365853283026,44.50511289227216,42.989365853283026,44.42533493041992,4552700.0
2023-11-21,VRT,44.10623294839891,45.023660536540305,42.002136647141654,42.510711669921875,6832100.0
2023-11-22,VRT,43.27856072308932,44.25581805502707,42.21155507474795,43.398223876953125,6242700.0
2023-11-24,VRT,43.59766437380096,43.747242362967135,42.420965933049885,42.56057357788086,1531400.0
2023-11-27,VRT,42.570542546324674,43.13894725563579,42.28135692167408,42.43093490600586,5344300.0
2023-11-28,VRT,42.401019837492356,42.745055666408284,41.214351097265116,42.13177490234375,7511300.0
2023-11-29,VRT,43.886849707287375,44.794303196498014,40.89524429617234,42.17166519165039,13346500.0
2023-11-30,VRT,42.57054339134111,44.42533934444645,42.38107641915083,43.5378303527832,26319000.0
2023-12-01,VRT,43.37827684527743,45.81144778623097,43.14892089545181,45.01368713378906,9447000.0
2023-12-04,VRT,45.09346654508724,45.781534416598326,43.53783036999174,45.23307418823242,8054700.0
2023-12-05,VRT,44.834191791508594,45.181217590127886,44.18601290715395,45.02366256713867,4325000.0
2023-12-06,VRT,45.36271447898164,45.861315411111896,43.90679686610361,44.036434173583984,4325600.0
2023-12-07,VRT,44.17603749771934,45.292902411138016,44.01648536723096,45.01368713378906,4565600.0
2023-12-08,VRT,44.739310823330946,47.14389895648526,44.72933495327601,47.03414535522461,6951500.0
2023-12-11,VRT,47.22371901828463,48.770237624195104,47.22072359311093,47.52304458618164,7433900.0
2023-12-12,VRT,47.39333394969415,49.74803494017571,47.283580356829695,49.319000244140625,7006600.0
2023-12-13,VRT,49.5185514090991,50.11720252025603,47.65274796060252,47.83234405517578,7966800.0
2023-12-14,VRT,48.24142683533089,48.879992889750646,45.64726675012595,47.1339225769043,10176300.0
2023-12-15,VRT,47.25365370873627,48.29131930176324,46.76475232924793,47.62282180786133,5707600.0
2023-12-18,VRT,47.62282258847326,48.4908679516132,47.345446954841684,47.692665100097656,3012700.0
2023-12-19,VRT,47.80241451076245,49.23419348567464,47.77248309587343,49.109474182128906,3795300.0
2023-12-20,VRT,48.75027934749729,49.03962902957635,47.094007238057365,47.14389419555664,3611100.0
2023-12-21,VRT,48.01194299439624,48.530775764333534,47.73257296678815,48.47091293334961,2593900.0
2023-12-22,VRT,48.460928432771205,49.049603651003345,48.09176038930959,48.67045593261719,2421800.0
2023-12-26,VRT,48.82012298994693,49.09949300337533,48.4409752530577,48.87998962402344,2078700.0
2023-12-27,VRT,48.79019416427337,49.199273336836846,48.28133726295589,48.820125579833984,2615700.0
2023-12-28,VRT,48.86003155477874,49.21922372841668,48.231445250912344,48.85005187988281,2134000.0
2023-12-29,VRT,48.730320574115964,48.909916654117,47.732566265723854,47.92213821411133,3012600.0
2024-01-02,VRT,47.373378154814766,47.39333369942392,45.09051789858685,45.53750991821289,5770200.0
2024-01-03,VRT,44.89894316896288,45.821865128432115,44.21049407724579,45.4676628112793,5905000.0
2024-01-04,VRT,45.48762367160337,47.20376247353757,45.48762367160337,45.69715118408203,5274800.0
2024-01-05,VRT,45.49760037489605,46.56519730790914,44.988747291531276,46.20600891113281,4390700.0
2024-01-08,VRT,46.64501478254104,48.510814308126086,46.515305654327534,48.43099594116211,4179200.0
2024-01-09,VRT,48.311269295643754,49.358914527221934,47.34345005421966,49.06956481933594,3871400.0
2024-01-10,VRT,49.07954232508105,49.568443703187896,48.341206128917264,48.680442810058594,2870600.0
2024-01-11,VRT,48.889970465457885,50.05734140269005,48.11172317396977,49.90768051147461,3612700.0
2024-01-12,VRT,49.76798656740205,50.137154600234446,48.31126236695482,49.40879440307617,3465700.0
2024-01-16,VRT,49.259133590503204,50.60610431221899,49.13940412839435,49.847808837890625,3061700.0
2024-01-17,VRT,49.31900378410476,49.7779699270893,48.75028404037798,49.149383544921875,3208600.0
2024-01-18,VRT,50.24691387195417,50.92538719111546,49.558460877026064,50.77572250366211,4190200.0
2024-01-19,VRT,52.38210207524656,53.54947280883789,51.55396415835231,53.54947280883789,7499800.0
2024-01-22,VRT,54.377616520086896,55.80440566170994,52.980758793448736,53.32997512817383,7113800.0
2024-01-23,VRT,53.56942835207843,54.07828518938545,52.706372992176604,53.54947280883789,3453600.0
2024-01-24,VRT,54.257887612199475,54.926381261279765,52.68143376717189,52.70138931274414,8007700.0
2024-01-25,VRT,53.37986050988426,53.66921019995133,52.491859701037235,53.19028854370117,7383900.0
2024-01-26,VRT,52.93087140017444,54.64202038855167,52.282333308642706,53.33995056152344,5004700.0
2024-01-29,VRT,53.28009024855627,54.80665337049949,53.180312517824895,54.7767219543457,5323500.0
2024-01-30,VRT,56.11370941165911,57.460676335950986,55.54498589917101,56.53276443481445,9344800.0
2024-01-31,VRT,55.335457412265924,57.47065119234155,55.10397994728831,56.20350646972656,7562300.0
2024-02-01,VRT,57.340944194331655,59.48611378118031,57.11146114863887,59.326473236083984,10368900.0
2024-02-02,VRT,59.93510866726524,62.12018951194309,59.93510866726524,61.331966400146484,9915200.0
2024-02-05,VRT,61.31200610812077,62.03038665827181,60.23442957369797,61.441715240478516,6978700.0
2024-02-06,VRT,61.76099969427549,62.12018808584685,57.70013953738762,58.987239837646484,10174800.0
2024-02-07,VRT,59.84531166167286,61.17232691171492,59.14189675117321,60.603607177734375,6299400.0
2024-02-08,VRT,60.79317707522884,63.28756312359329,60.74827614717013,61.53151321411133,7401100.0
2024-02-09,VRT,61.850798250982876,63.6667109932554,61.71110943485101,63.37736129760742,6139500.0
2024-02-12,VRT,63.80639972929216,64.03588280285594,60.912910216106404,61.18230438232422,7719100.0
2024-02-13,VRT,58.777710005672134,62.97825500571001,56.9987130133462,62.38957977294922,10345100.0
2024-02-14,VRT,63.35741158615779,65.05359121363799,62.91840097057125,64.82411193847656,7578000.0
2024-02-15,VRT,64.87398796943675,65.41277626082528,61.84081747530379,62.69888687133789,9598700.0
2024-02-16,VRT,63.038125540448014,64.85403830859828,62.209987532026055,62.82859802246094,8065900.0
2024-02-20,VRT,61.82086303979856,62.40953830070148,59.94508746788001,61.88072967529297,9540300.0
2024-02-21,VRT,54.90642219936711,61.45169228877609,54.87649078599118,58.41851806640625,21392500.0
2024-02-22,VRT,62.71884363983247,64.35516028459946,61.55146898571437,62.75875473022461,11656200.0
2024-02-23,VRT,63.27758085114375,64.36513708197518,61.11245567696,62.559200286865234,5905900.0
2024-02-26,VRT,63.18779797540467,66.74978144242856,63.07804436506043,66.16110229492188,7090900.0
2024-02-27,VRT,66.8495417009694,68.6455025826165,66.10122593566004,66.12117767333984,8558900.0
2024-02-28,VRT,65.40280064929777,67.40828141080094,65.38783494303742,65.9515609741211,5414400.0
2024-02-29,VRT,66.65000414497304,68.06681371866016,66.30078397754271,67.4681625366211,6756200.0
2024-03-01,VRT,68.24641165824977,70.98025695038461,68.21648024018738,70.41153717041016,7711100.0
2024-03-04,VRT,72.63651482071326,73.33493977365315,71.52900695800781,71.52900695800781,9063800.0
2024-03-05,VRT,70.44145415999229,71.75948677705796,68.57365641039628,69.86275482177734,6304000.0
2024-03-06,VRT,71.99795501249316,73.41476431261839,70.58412971880269,71.82833099365234,5829700.0
2024-03-07,VRT,71.83833683635693,72.40705669848754,70.59114348850352,71.92813110351562,5393700.0
2024-03-08,VRT,72.23742039621216,74.24290888035625,68.84505389902519,69.21422576904297,7610700.0
2024-03-11,VRT,68.09674140588561,68.16658391309346,65.7420402882176,66.84954833984375,11753400.0
2024-03-12,VRT,68.5656859608713,72.42699075076764,68.19651407967,72.15760040283203,7662700.0
2024-03-13,VRT,71.61879752627141,74.47237523762766,71.38033584826927,73.20523071289062,8822900.0
2024-03-14,VRT,73.73405369298014,76.10870648931618,73.0755321171383,73.7540054321289,9816100.0
2024-03-15,VRT,73.64424911186792,75.28555934677249,72.50680971591076,73.99346923828125,8130500.0
2024-03-18,VRT,76.96278767925155,79.50792244647309,75.42572682398716,76.99272918701172,12558000.0
2024-03-19,VRT,74.85682261548246,77.13246880462036,72.77081614704932,76.91288757324219,12532800.0
2024-03-20,VRT,77.55165126054057,78.46990057370404,75.28598852000083,77.6913833618164,6214900.0
2024-03-21,VRT,81.86341492668323,84.58820652271879,80.97511460601449,81.9532470703125,11019800.0
2024-03-22,VRT,83.04115935937135,83.85959358809967,81.38433243455366,82.34249877929688,6338800.0
2024-03-25,VRT,82.24270174221222,83.0711191180964,80.76552367901117,81.7935562133789,7094700.0
2024-03-26,VRT,82.34250288074944,86.45962802478691,82.00315561490454,82.51217651367188,8377100.0
2024-03-27,VRT,82.51216584337945,83.12100184967802,78.37008743842034,80.85533905029297,7800500.0
2024-03-28,VRT,80.9451647645822,82.80161431698475,80.4461193497391,81.51407623291016,5077400.0
2024-04-01,VRT,81.92329866727209,82.68184222940747,79.41609342038149,80.24650573730469,6376400.0
2024-04-02,VRT,78.56970973052722,81.12481976572208,77.01269050468393,80.61579132080078,6930200.0
2024-04-03,VRT,79.84727265901165,85.66614448159615,79.64765752329585,85.18705749511719,8018000.0
2024-04-04,VRT,87.45272759336478,88.52567226731355,80.42616672799585,80.53595733642578,11498400.0
2024-04-05,VRT,82.44230378442533,85.24694428834158,81.64383566269423,85.17707061767578,7984600.0
2024-04-08,VRT,85.25692143669032,85.83581597664998,82.0879874506359,83.98934936523438,6525000.0
2024-04-09,VRT,84.08914872562069,84.2089223612862,78.77930604837047,81.64382934570312,10232900.0
2024-04-10,VRT,79.9770279885532,85.22200099489824,79.16159392738967,84.60816955566406,8810800.0
2024-04-11,VRT,85.5763178379875,88.08152831076326,84.77784962899744,86.1751708984375,8896300.0
2024-04-12,VRT,84.46842825715821,86.5744006187589,83.35057134737674,83.72984313964844,5903600.0
2024-04-15,VRT,85.33676400741547,86.28494722823311,80.1866117876397,80.51598358154297,7638000.0
2024-04-16,VRT,80.29640916091421,83.20085730977893,79.43805038519106,82.20276641845703,6775600.0
2024-04-17,VRT,83.00124131290869,84.96747395187609,79.9470780391919,81.72367858886719,6168700.0
2024-04-18,VRT,82.43231675062553,84.62812111238667,79.87720670112898,80.85533905029297,6618400.0
2024-04-19,VRT,79.75744519403217,79.99698487103208,74.42763598068821,74.8667984008789,15942300.0
2024-04-22,VRT,75.65529297847067,77.10152418941155,72.4414390743094,75.92477416992188,10949600.0
2024-04-23,VRT,76.72324039741699,79.63766362457069,76.2740949810472,79.01884460449219,7385700.0
2024-04-24,VRT,89.61857402303691,94.20979018915223,81.68374757844545,84.40853881835938,28787700.0
2024-04-25,VRT,82.84154638161075,92.31242954007689,81.74364789229023,90.1775131225586,20852400.0
2024-04-26,VRT,92.69270432559061,95.13802397677766,92.38329096950396,93.31151580810547,15253900.0
2024-04-29,VRT,93.00210858630065,94.67890157079583,91.01590986547365,94.6190185546875,11883700.0
2024-04-30,VRT,93.57101686539188,95.51828851283939,91.1556388442655,92.82244873046875,11015300.0
2024-05-01,VRT,91.95411441175943,92.82245626004688,86.62531005654115,88.35100555419922,10953700.0
2024-05-02,VRT,90.29727488890686,92.26351496138521,87.1932119262845,91.99402618408203,6046500.0
2024-05-03,VRT,94.00020011909578,94.69886069463524,92.3832901394955,92.83243560791016,4749000.0
2024-05-06,VRT,94.20979445928802,97.09427639854849,94.20979445928802,97.0743179321289,5701300.0
2024-05-07,VRT,95.71691334417797,97.30387412905729,94.66891491334266,94.72880554199219,5752100.0
2024-05-08,VRT,94.53916699782017,97.89275287958824,93.92034792642204,97.49351501464844,6006400.0
2024-05-09,VRT,97.41365878530112,99.25014978361034,95.36757725141179,97.75301361083984,6894400.0
2024-05-10,VRT,99.40985132009119,100.10651681330992,94.83859320717876,95.2178726196289,8692800.0
2024-05-13,VRT,95.23783002735118,96.44551907945348,93.56103704285601,94.6190185546875,4466600.0
2024-05-14,VRT,94.18983488384583,98.76108512298993,92.92225525850554,98.54151153564453,4872000.0
2024-05-15,VRT,100.82713208093112,104.55999725984265,100.81715665532909,104.40029907226562,8483800.0
2024-05-16,VRT,102.27437440468586,103.55192952161603,97.02441420714864,97.10426330566406,8234300.0
2024-05-17,VRT,98.49160815953614,98.75111392000493,94.8685410132232,96.62517547607422,8078400.0
2024-05-20,VRT,97.43361989705953,101.10659409156307,97.43361989705953,99.13037109375,6056000.0
2024-05-21,VRT,96.85473628661042,99.98874092341227,96.31576631778842,98.94074249267578,4538400.0
2024-05-22,VRT,99.80909369297527,101.75536797405647,98.91081032677259,99.9388427734375,5919700.0
2024-05-23,VRT,104.79954639616227,105.43832397453349,100.8970072514347,101.04672241210938,10831100.0
2024-05-24,VRT,101.40604027924698,109.06240129250943,101.02676845479,105.96731567382812,10019600.0
2024-05-28,VRT,107.90360891364706,108.79190921456126,103.1027940722086,104.95924377441406,9810400.0
2024-05-29,VRT,104.40030810286707,105.22872538921618,102.91315477285399,103.0129623413086,7080700.0
2024-05-30,VRT,102.65363586998932,104.27054568548006,101.4459469320869,102.08472442626953,4799900.0
2024-05-31,VRT,100.20832797983442,100.5117484665886,92.2236007721158,97.88277435302734,17944400.0
2024-06-03,VRT,98.01251992520594,98.20215962635565,92.47312019176307,95.926513671875,9698100.0
2024-06-04,VRT,93.77062641435253,94.22975487752745,88.95982912449577,91.91417694091797,13986400.0
2024-06-05,VRT,93.39135995559843,98.17221601147811,93.16179571098543,96.89466094970703,9545800.0
2024-06-06,VRT,95.91652730886298,97.10425783416048,86.99360046034352,87.83199310302734,20215600.0
2024-06-07,VRT,87.70225109901307,90.62665777310649,84.97745956120636,87.51261138916016,13592800.0
2024-06-10,VRT,87.3429364924538,92.32340793426921,87.33295345133574,91.12570190429688,7944400.0
2024-06-11,VRT,90.57673754541968,90.92606779260164,88.43084086297576,89.12950897216797,6583900.0
2024-06-12,VRT,91.93415495547067,95.05817678371054,89.2093634020866,89.99785614013672,9862600.0
2024-06-13,VRT,91.25545406026299,95.73688020507626,90.34718765858835,95.12804412841797,9510700.0
2024-06-14,VRT,94.57908791755136,95.26776540295383,90.14756225489683,91.30535125732422,8047200.0
2024-06-17,VRT,91.73964031582558,91.94929578001252,86.73783601707534,89.40347290039062,9299200.0
2024-06-18,VRT,88.94421029135168,96.20231799601859,87.60640671108264,95.1839828491211,11453500.0
2024-06-20,VRT,94.97434944608275,97.3444657528807,89.51130238661445,90.3419418334961,10777000.0
2024-06-21,VRT,89.25372047424365,90.74128032402295,85.8692679824397,90.47172546386719,12026100.0
2024-06-24,VRT,89.3535445102509,90.00248239041126,86.89757090478047,88.99413299560547,8392000.0
2024-06-25,VRT,89.3834969268491,91.65976484443146,88.3651693488976,91.56991577148438,6515200.0
2024-06-26,VRT,90.05241302310213,90.84112135060373,85.53482285592011,86.86763763427734,8985200.0
2024-06-27,VRT,86.85764513566808,87.97581526341055,86.12883625607745,86.73783874511719,6727000.0
2024-06-28,VRT,86.85763375257548,89.1838227834327,84.6412653277697,86.42833709716797,23351600.0
2024-07-01,VRT,87.26697652625192,87.47663199367474,82.67449731520111,86.51820373535156,8693900.0
2024-07-02,VRT,85.96908861840679,88.92424390582694,85.5248171292842,87.85599517822266,7714400.0
2024-07-03,VRT,87.91590554467334,93.26713562011719,87.78612100493432,93.26713562011719,7859600.0
2024-07-05,VRT,92.84782674474397,94.44520718686279,90.96091990734881,91.62982177734375,5903000.0
2024-07-08,VRT,92.59822783290329,94.29544297822481,91.64978541938423,92.17891693115234,4309200.0
2024-07-09,VRT,92.80789266332182,95.32377356191289,92.50838811047777,92.60822296142578,6111900.0
2024-07-10,VRT,93.29709168623714,94.22357467054414,90.70134739575309,93.94602966308594,4254900.0
2024-07-11,VRT,94.83457332753032,95.2039706682108,90.61149880368671,92.70806121826172,6257800.0
2024-07-12,VRT,91.8494666911025,93.27712718456458,88.53290365405064,89.52327728271484,10282400.0
2024-07-15,VRT,89.7528984797667,90.78121187580045,87.25698922069037,87.74618530273438,7589600.0
2024-07-16,VRT,89.64308156859937,90.92497720467487,87.40674891275845,89.57319641113281,6182000.0
2024-07-17,VRT,86.44830598423613,88.05567209215656,81.64617919921875,81.64617919921875,13005800.0
2024-07-18,VRT,83.49314498576487,86.63799184386804,79.64944665559868,82.42489624023438,13846400.0
2024-07-19,VRT,82.80430033097977,86.32852351020367,82.21526169744388,85.17041778564453,7387300.0
2024-07-22,VRT,87.59643243098473,89.16386319839674,85.97908804671006,87.70625305175781,7697000.0
2024-07-23,VRT,87.57647272937287,92.19889432716613,87.35683147723859,90.85110473632812,10060900.0
2024-07-24,VRT,88.23537626963049,88.71459417103277,78.16189074009183,78.46139526367188,22908000.0
2024-07-25,VRT,79.11034460467633,79.58856476005255,71.88219289618408,76.35486602783203,17502800.0
2024-07-26,VRT,79.61950639342646,80.36827918082545,76.69430039931129,76.99381256103516,7834600.0
2024-07-29,VRT,77.37319359412561,79.86910306490385,76.18513824862357,77.87237548828125,8083800.0
2024-07-30,VRT,78.26173778734385,79.66943440352433,71.77237307783335,72.91050720214844,12157600.0
2024-07-31,VRT,80.46312388105234,80.91738119408349,77.86238308268057,78.57122039794922,16390300.0
2024-08-01,VRT,79.6195051605637,80.76762494017964,73.51451326123788,73.87891387939453,10460800.0
2024-08-02,VRT,68.0285041709912,70.63423412399975,65.72328420002303,69.34634399414062,16616300.0
2024-08-05,VRT,62.29789826398737,68.80722643095602,62.29789826398737,67.61917877197266,15898300.0
2024-08-06,VRT,68.98692673596496,71.12342433898556,66.2713763875137,69.15664672851562,11978600.0
2024-08-07,VRT,70.88382981524653,71.88219361546128,66.09168052745126,67.11001586914062,11165100.0
2024-08-08,VRT,69.47612965580024,71.59266354634723,66.64078026398178,70.9437255859375,9929400.0
2024-08-09,VRT,70.8339109255652,71.97204508616937,69.74569800339044,71.34307861328125,6669300.0
2024-08-12,VRT,71.4828518993643,73.39970871057463,70.65420805537137,72.82066345214844,6761500.0
2024-08-13,VRT,73.40969216248398,76.6344107270523,72.95044570869959,76.1152572631836,8043000.0
2024-08-14,VRT,77.41312343395269,80.66779128006078,76.77916034171098,80.02883911132812,11372200.0
2024-08-15,VRT,81.36664671644964,82.91411359647168,80.16861324714363,82.82425689697266,7604900.0
2024-08-16,VRT,81.86581910130687,81.86581910130687,78.88071392778674,79.2900390625,6846400.0
2024-08-19,VRT,78.87072953863151,78.94061469050831,75.71589670096931,78.75092315673828,6791700.0
2024-08-20,VRT,78.64110795544926,79.26009621245746,75.88562953449598,76.38481140136719,5977800.0
2024-08-21,VRT,76.19512293611905,78.47139112240559,75.28861149317719,77.86238861083984,5735300.0
2024-08-22,VRT,78.03210458750311,78.74094184723651,75.71589366522838,76.65435791015625,4304800.0
2024-08-23,VRT,77.20347323643028,78.71099706593121,76.19512368196419,78.42147827148438,4990700.0
2024-08-26,VRT,78.21181450313235,78.99054464609408,76.7741758461586,77.9322738647461,4828700.0
2024-08-27,VRT,76.87401140556923,80.86746654352089,76.22507342226986,80.0787582397461,5431800.0
2024-08-28,VRT,80.46811555580275,81.79095207545197,78.26173261443505,80.38824462890625,6981700.0
2024-08-29,VRT,81.07712051878474,83.61296539832752,78.8108381215187,79.78923034667969,7012300.0
2024-08-30,VRT,81.06712717247505,83.45321574075747,80.33832595690981,82.89413452148438,7101000.0
2024-09-03,VRT,82.11541747500713,82.66452057783535,74.68758882465885,75.07695007324219,9052500.0
2024-09-04,VRT,73.95877984011419,76.74421529320436,73.15010011701702,74.93717193603516,5232300.0
2024-09-05,VRT,74.39805696107936,75.56814386842451,73.24994483990821,75.02703094482422,3809900.0
2024-09-06,VRT,75.27662237647321,75.92556028651985,71.00761834092755,71.65255737304688,8197900.0
2024-09-09,VRT,72.88054978758467,74.8173777946935,72.33144670817428,74.3581314086914,5446600.0
2024-09-10,VRT,75.15682029491275,76.56451680881688,73.54945408198755,75.34651184082031,4235500.0
2024-09-11,VRT,75.82572306065538,82.48481500008683,75.37147334748163,82.25518798828125,10119200.0
2024-09-12,VRT,81.51640256676959,87.46664966521533,81.37663224965493,86.6180419921875,11803600.0
2024-09-13,VRT,88.37516093808276,89.074020173872,85.27025650257278,85.61968231201172,7264500.0
2024-09-16,VRT,84.3018407873855,87.47663794133857,83.61296733550823,86.84766387939453,6043800.0
2024-09-17,VRT,87.88126707906243,88.59630443819917,85.98382910694436,87.17222595214844,4287300.0
2024-09-18,VRT,88.18086100548297,90.37788952644144,86.96250591656771,87.5417251586914,8542000.0
2024-09-19,VRT,91.79598051192775,93.53363840490951,89.90853109291398,91.935791015625,9608800.0
2024-09-20,VRT,92.6747948553137,94.99166434574151,92.17546946841891,94.41244506835938,13255800.0
2024-09-23,VRT,95.20136929689959,96.56951582560163,94.89178241114739,95.94036865234375,6964900.0
2024-09-24,VRT,96.00029621830711,97.43635956742798,95.13147492063969,97.25859832763672,5068300.0
2024-09-25,VRT,98.06749879817501,101.36304926018576,97.95265609738598,100.60407257080078,8452500.0
2024-09-26,VRT,102.3017738997642,103.55008719854462,97.28854342516622,100.4842300415039,9150700.0
2024-09-27,VRT,99.99490229244633,100.2046180470588,95.8904468772139,98.27722930908203,7032700.0
2024-09-30,VRT,97.26858230533726,99.56547440530916,95.82053418014809,99.35575866699219,4848300.0
2024-10-01,VRT,99.48559037778662,99.71028527253563,96.03025969986037,97.48828887939453,4428600.0
2024-10-02,VRT,97.07883200241332,102.35170639080721,96.17006384260684,102.1419906616211,6185500.0
2024-10-03,VRT,102.48154738579186,105.10799623530363,101.51285489501842,102.55145263671875,6036300.0
2024-10-04,VRT,104.07937862998467,105.24380572820142,102.80110693514715,105.05805206298828,5740300.0
2024-10-07,VRT,105.05805647850524,107.52472506476266,104.25614613866192,106.58599853515625,6403600.0
2024-10-08,VRT,105.69719171539894,107.93417488099405,104.98815059724087,106.67587280273438,4942600.0
2024-10-09,VRT,107.16520881079894,109.23241554438405,106.91554612500798,107.97412109375,5512600.0
2024-10-10,VRT,106.35630450505555,108.94280628139052,104.47884384446222,107.32499694824219,4653900.0
2024-10-11,VRT,107.39490095448554,111.91379705410883,107.16520793303499,111.68909454345703,6545000.0
2024-10-14,VRT,112.18841843396322,113.27695168269737,111.37951378738762,112.25833129882812,5474300.0
2024-10-15,VRT,111.64915650928539,111.80893666679732,106.14658876257708,107.32499694824219,9795900.0
2024-10-16,VRT,109.37222868501354,112.62783231984075,109.09260768921868,111.539306640625,6210100.0
2024-10-17,VRT,113.71636586227055,116.03323534267376,112.8874838950274,114.12580871582031,7672800.0
2024-10-18,VRT,113.94604353399072,114.125800965051,111.96871941142771,112.09854125976562,4167800.0
2024-10-21,VRT,111.32958539551393,113.02229805776706,110.30596688573955,111.95873260498047,5974800.0
2024-10-22,VRT,110.3509093407883,113.95603920570319,110.10124664997204,112.31825256347656,9649700.0
2024-10-23,VRT,106.85563286024421,116.2529403044677,104.37897558734076,108.21379852294922,18855300.0
2024-10-24,VRT,109.36224336491809,111.78896493890606,107.94415354053429,109.88153839111328,8149800.0
2024-10-25,VRT,110.73539914753913,114.71502330490101,110.42082169874479,112.01866149902344,6257400.0
2024-10-28,VRT,112.93740816560634,115.03458080813074,112.51797668474164,113.45671081542969,4765800.0
2024-10-29,VRT,112.84754012855024,113.99599006960788,112.24835117381176,113.67642211914062,4019800.0
2024-10-30,VRT,113.15711910150432,113.97601244833754,110.46176310586087,112.29827880859375,3529500.0
2024-10-31,VRT,109.5220245152703,110.32094815263497,107.035386313101,109.14253997802734,5806500.0
2024-11-01,VRT,109.76170874474683,109.85158365602436,106.50610513213829,106.75576782226562,5008300.0
2024-11-04,VRT,106.21649530461697,107.26307782542229,104.43889817319115,106.06669616699219,4637700.0
2024-11-05,VRT,107.34496618403792,112.41811378480848,106.90556503830146,112.28829193115234,4133600.0
2024-11-06,VRT,116.83214846138415,120.27749810124199,114.924729501392,120.26750946044922,7598500.0
2024-11-07,VRT,122.72419488744922,124.68654765035457,120.77682889595614,122.00516510009766,7696700.0
2024-11-08,VRT,121.44591646267575,125.63525599019489,120.43727708722845,125.58032989501953,4621500.0
2024-11-11,VRT,129.9743924671682,130.12419922656525,123.67790663562526,126.62892150878906,6556500.0
2024-11-12,VRT,124.94119333145153,126.49908603078805,121.08640090746722,123.6429443359375,6110700.0
2024-11-13,VRT,125.82000580359933,128.53634468055665,124.12230257698914,124.36197662353516,4591000.0
2024-11-14,VRT,124.6316168180955,124.70152206592708,119.44861698039466,120.86669921875,5020200.0
2024-11-15,VRT,118.8594143708548,123.08371058974707,118.47992981130432,120.70692443847656,6155000.0
2024-11-18,VRT,124.47182075869374,127.16817456033323,119.55846121747953,122.85400390625,7583700.0
2024-11-19,VRT,123.46318334830596,140.9295819650572,123.46318334830596,140.7498321533203,14850300.0
2024-11-20,VRT,140.41031555228048,141.5687389568092,134.22866435500143,137.35443115234375,10605600.0
2024-11-21,VRT,138.79249458881313,145.47347139261393,137.09479114592008,141.2991180419922,10137200.0
2024-11-22,VRT,142.06804534349195,142.70718119207385,138.95225998643033,139.9608917236328,4944000.0
2024-11-25,VRT,140.83970883390072,141.50880298301985,130.47370955684204,131.8518524169922,10649700.0
2024-11-26,VRT,133.37980777795562,135.27725357414582,130.06429481295217,131.56227111816406,7680900.0
2024-11-27,VRT,129.8695365128189,130.49369323905503,124.35198952907143,126.76873016357422,7384600.0
2024-11-29,VRT,129.76468803201556,130.80327816434428,127.12825051650204,127.42784118652344,3018300.0
2024-12-02,VRT,128.82593631374328,131.81190730010061,123.88261854934427,126.87857055664062,5331900.0
2024-12-03,VRT,127.70570420022801,131.54166673546217,126.19729589799151,128.02537536621094,7607800.0
2024-12-04,VRT,130.07322881778785,132.76039032827273,129.0842632667287,130.74252319335938,5222800.0
2024-12-05,VRT,132.8602870688624,136.916019708965,130.41286377667222,134.43862915039062,11214600.0
2024-12-06,VRT,134.85818218753911,135.37963699582494,130.56269629893964,133.7093963623047,4552300.0
2024-12-09,VRT,133.40971273366853,133.40971273366853,121.71200703462108,126.03746032714844,8959200.0
2024-12-10,VRT,126.36711976620074,127.69572451461303,120.50328308552676,121.57215881347656,6682900.0
2024-12-11,VRT,123.96963934124554,126.86659460049351,122.20150196675625,125.70780944824219,4269500.0
2024-12-12,VRT,123.83976997628159,126.03745581427556,123.17047564451013,124.90864562988281,3265000.0
2024-12-13,VRT,126.86659259275434,128.86449168870323,121.67205799183932,125.64787292480469,11623200.0
2024-12-16,VRT,126.08740674684044,127.0763646150102,123.45916629095453,125.8376693725586,4849100.0
2024-12-17,VRT,123.37027061624316,124.24934348503447,119.07478446121456,120.56322479248047,5869200.0
2024-12-18,VRT,121.7519730133877,122.37132450150044,112.67651692308698,114.00012969970703,6554000.0
2024-12-19,VRT,117.08687048453739,117.56636960000894,112.79538579193145,115.31873321533203,6615500.0
2024-12-20,VRT,114.08003307476223,120.8728929152454,112.4617397167207,119.91390228271484,8720800.0
2024-12-23,VRT,120.37342063786897,120.74303471464479,115.47856632416921,117.61631774902344,4161500.0
2024-12-24,VRT,118.40548640613666,119.43940282650533,117.83608547968699,118.61526489257812,1725800.0
2024-12-26,VRT,117.87604646665905,119.97383898967101,117.6462847175964,118.75511932373047,2188900.0
2024-12-27,VRT,116.94702252327934,117.87604590176713,113.3607973274118,114.98908233642578,3813100.0
2024-12-30,VRT,112.21200066081451,118.07582942634313,112.1121072337581,116.03797912597656,3663200.0
2024-12-31,VRT,116.26773239908883,116.37761745446439,113.27088388094812,113.49065399169922,3431600.0
2025-01-02,VRT,114.89916711151129,120.08072220684325,114.75931479246938,118.17572784423828,4808000.0
2025-01-03,VRT,119.12473254318375,125.97752699143706,118.96489695865789,125.5379867553711,7696700.0
2025-01-06,VRT,131.16208455993709,134.94809680916293,130.9622976899647,133.9391632080078,9688500.0
2025-01-07,VRT,134.85818226287236,135.18783742642387,125.87762840764965,130.5027618408203,7258000.0
2025-01-08,VRT,130.0632321002744,130.4728050858106,125.06848420669428,129.13421630859375,4115800.0
2025-01-10,VRT,127.94547286689958,129.09425886608955,122.01170951328297,128.79457092285156,5205600.0
2025-01-13,VRT,123.11553446314545,124.55901619273062,118.575303171567,123.87973022460938,6856600.0
2025-01-14,VRT,125.99749225533719,130.74250979700065,125.5779353125695,128.8145294189453,6231600.0
2025-01-15,VRT,132.3208668933049,133.349783732106,128.73462634859607,131.86134338378906,4268100.0
2025-01-16,VRT,133.71938427844404,136.0769057716014,131.47874426984703,132.45071411132812,4427700.0
2025-01-17,VRT,134.35370413930877,137.15576532992264,132.46070586775022,135.7372589111328,4915100.0
2025-01-21,VRT,140.99174485796135,143.32928324585393,135.40762029485313,142.9796600341797,7427400.0
2025-01-22,VRT,149.9223545436637,154.62739852161315,147.5248664100349,148.4339141845703,9963900.0
2025-01-23,VRT,147.30510153965312,155.09689552811267,146.3960538267462,153.32876586914062,7579300.0
2025-01-24,VRT,154.097952168843,155.67629428772437,145.25725779279765,146.1663055419922,8530300.0
2025-01-27,VRT,116.9270429839713,121.35238961017556,99.00588636792834,102.49221801757812,47118800.0
2025-01-28,VRT,104.07055914742703,106.88759643074665,97.39757618689531,106.43807220458984,24199200.0
2025-01-29,VRT,108.82556369836999,112.5466491549251,105.9286085514335,110.34396362304688,17317300.0
2025-01-30,VRT,115.82819459484382,119.61421421633888,111.3229377159441,114.4796142578125,13358600.0
2025-01-31,VRT,117.92600396327119,121.05970229046498,113.58056708277803,116.89707946777344,11188000.0
2025-02-03,VRT,105.63891694577309,114.23187851851034,104.88970476885271,112.48171997070312,10950400.0
2025-02-04,VRT,112.88129457623772,113.62051507929927,109.4349218169311,111.13313293457031,7636300.0
2025-02-05,VRT,114.1499615259981,119.27357918543446,113.42073262374291,118.91495513916016,8100300.0
2025-02-06,VRT,119.53431115094594,121.21253913934885,117.42652691421259,119.43441009521484,5610600.0
2025-02-07,VRT,120.87289672302475,123.89971266947799,119.34450511611314,121.25249481201172,6041100.0
2025-02-10,VRT,120.65312699304953,126.3920949758642,120.65312699304953,125.62789916992188,7773300.0
2025-02-11,VRT,123.45517635170813,124.72883852262005,120.08372169884836,123.12052917480469,9012300.0
2025-02-12,VRT,110.96331809188833,115.87814805977511,110.62867090645373,111.1231460571289,21298100.0
2025-02-13,VRT,112.88129260990364,114.37971684808821,105.70883495160501,109.16519927978516,14407500.0
2025-02-14,VRT,109.18518747088933,109.18518747088933,105.74879862387898,107.9365005493164,7157300.0
2025-02-18,VRT,110.8933824102528,113.25090376090532,108.86551621267668,109.844482421875,6717700.0
2025-02-19,VRT,109.74459743326736,110.26404784236007,106.55794595139687,107.72671508789062,5945000.0
2025-02-20,VRT,108.88549678543622,110.48881410527115,102.56214454665539,104.71987915039062,9035800.0
2025-02-21,VRT,104.88969726507779,104.88969726507779,94.47065369855821,95.88916015625,15635300.0
2025-02-24,VRT,96.89810675838481,96.89810675838481,88.64678130662249,90.92438507080078,17153500.0
2025-02-25,VRT,88.90650413759741,94.15098893223097,84.60103429741595,91.80345916748047,20420600.0
2025-02-26,VRT,100.55426595902671,101.69306784308613,96.92807419328676,98.50641632080078,15843700.0
2025-02-27,VRT,103.59106043005552,104.09753160836654,91.84341976018362,92.31292724609375,12551000.0
2025-02-28,VRT,91.41387869299406,95.97907799336957,90.90441227045879,95.07003021240234,9527600.0
2025-03-03,VRT,93.56161550512783,94.80031077334209,84.01165293142957,85.32028198242188,15779700.0
2025-03-04,VRT,82.02374504927798,88.86654768297346,78.91701145689731,86.29924774169922,17251800.0
2025-03-05,VRT,86.11944052329876,89.16623972526101,83.70198442087184,87.79767608642578,8103200.0
2025-03-06,VRT,82.56317908987609,85.39020805162251,80.5153295318325,81.95381927490234,10284400.0
2025-03-07,VRT,81.9538197665086,85.41018420089135,79.70618334016936,84.95066833496094,9677300.0
2025-03-10,VRT,81.16964413863134,82.38337182289895,76.02006035185686,77.93804168701172,14742900.0
2025-03-11,VRT,78.86706640858318,85.26034525427367,78.03794404821141,83.0326919555664,10287600.0
2025-03-12,VRT,88.80661262092597,89.42595643705525,82.76296506017229,85.2903060913086,9870900.0
2025-03-13,VRT,84.16149348733038,85.04056628391677,79.82805321430932,83.0027084350586,8079800.0
2025-03-14,VRT,86.72880353690493,87.76771203031684,83.51218462144087,87.35813903808594,7348500.0
2025-03-17,VRT,86.72880663703718,90.62471172124631,86.48906085964333,88.98643493652344,7248000.0
2025-03-18,VRT,87.80516212134404,88.10997205825478,84.00753087045278,84.60716247558594,6148800.0
2025-03-19,VRT,85.73645414480715,91.13308520046215,84.60716219157798,89.11434173583984,7165400.0
2025-03-20,VRT,86.82577489237343,90.7493271515842,86.46400130686145,89.02440643310547,5474100.0
2025-03-21,VRT,87.00565677537716,89.05438026390786,85.69647688615329,88.57467651367188,5240900.0
2025-03-24,VRT,91.94257555453784,94.14119931142382,90.5034719320627,93.63152313232422,6225200.0
2025-03-25,VRT,92.89198244546691,93.96131430271929,89.45413469741561,91.52284240722656,6850800.0
2025-03-26,VRT,85.6465090354271,86.52596468106195,80.0500056866364,81.56906127929688,18957000.0
2025-03-27,VRT,78.52096518929838,79.41040914200957,75.88261338861726,76.27236938476562,17175000.0
2025-03-28,VRT,75.60277904068458,76.4522469260476,72.44474792613818,74.20365142822266,13147200.0
2025-03-31,VRT,69.95630639227052,72.4447500133271,68.20739873246376,72.1549301147461,13779500.0
2025-04-01,VRT,71.8651263702326,75.62277435555075,70.32608653198321,75.2230224609375,10133200.0
2025-04-02,VRT,72.45475099243471,77.63151833384502,72.38479498611699,77.06187438964844,8254100.0
2025-04-03,VRT,69.55656255859391,71.47536249650321,66.57842658458259,67.42789459228516,14045300.0
2025-04-04,VRT,60.00252886302316,61.751436656312926,55.28547348060892,59.372920989990234,27351300.0
2025-04-07,VRT,53.576540083002044,67.80765009315186,53.56654418957607,63.78016662597656,20280000.0
2025-04-08,VRT,70.15617957965357,70.30608747772003,60.63212922610192,62.860740661621094,17171900.0
2025-04-09,VRT,61.81639469759455,76.4422590470848,61.24175280322331,72.77455139160156,18896600.0
2025-04-10,VRT,69.14681669077515,70.7358206138236,65.87885342979116,67.68772888183594,11791000.0
2025-04-11,VRT,67.25800288808075,69.66649490559136,65.64100879655459,69.56655883789062,8185500.0
2025-04-14,VRT,73.17430127442472,73.37417339543886,70.08622591971742,71.52532958984375,7879500.0
2025-04-15,VRT,71.32545193531334,73.42413954167368,71.32545193531334,72.66461181640625,6190300.0
2025-04-16,VRT,69.13681855470958,72.16492602653865,68.28334771268933,71.60527801513672,14543000.0
2025-04-17,VRT,72.4547506867862,73.69397463260094,70.80577897381555,73.164306640625,9296500.0
2025-04-21,VRT,70.8007817639124,71.45537171139729,65.88884865369052,67.52782440185547,8511100.0
2025-04-22,VRT,69.16679793470735,72.55468127359327,68.95692993247742,71.7751693725586,10428000.0
2025-04-23,VRT,85.42164983844627,86.87574354005987,77.19178904740077,77.9513168334961,24253700.0
2025-04-24,VRT,80.19991272310727,84.78704425828747,79.95006875823778,83.82764434814453,13734200.0
2025-04-25,VRT,84.91696910716485,89.21428078418063,84.49723307062229,86.8957290649414,14315000.0
2025-04-28,VRT,86.89572564498565,87.9450733196757,84.28136114926231,86.09622955322266,8872000.0
2025-04-29,VRT,86.9456995850969,87.4453875137469,84.61715200767614,86.1362075805664,6317500.0
2025-04-30,VRT,81.7289544563848,85.35669361231815,80.45975050248094,85.32670593261719,8979700.0
2025-05-01,VRT,91.58279763916794,94.87074493386699,91.10809565942021,92.49223327636719,16440700.0
2025-05-02,VRT,94.05126046232976,96.9294601228897,92.94195267526727,94.94070434570312,9145600.0
2025-05-05,VRT,93.05188531898439,95.73021288226802,92.89198152433697,94.77081298828125,6240200.0
2025-05-06,VRT,91.88262159428155,93.89136163968116,91.75269784905996,93.42166137695312,6740400.0
2025-05-07,VRT,92.84202063243914,95.59030429816207,91.7826770165374,95.46038055419922,10037400.0
2025-05-08,VRT,96.88948834348997,97.21928421321417,94.81079231151519,95.68024444580078,7275900.0
2025-05-09,VRT,96.0000488456128,96.87950453873674,92.0725011582415,94.00129699707031,6369800.0
2025-05-12,VRT,101.03689506397545,101.68649087953288,99.37793514809616,100.98693084716797,8952200.0
2025-05-13,VRT,101.0069194177146,107.62279045746986,100.83702734881517,105.51410675048828,8987200.0
2025-05-14,VRT,108.48225462780603,109.88137475757127,106.75333100369205,109.41167449951172,9603500.0
2025-05-15,VRT,105.7339755543487,108.1124875028711,105.12435563220657,105.3142318725586,6667500.0
2025-05-16,VRT,106.08874200567956,106.2736240978186,103.89511232262626,105.97381591796875,5170000.0
2025-05-19,VRT,102.93571575515122,106.68337530934362,102.49598792757679,106.3335952758789,4593500.0
2025-05-20,VRT,105.30423315559572,106.77330920989442,104.95444551803503,106.32359313964844,4030700.0
2025-05-21,VRT,104.22490975470036,106.93321743074748,102.50598204895645,103.54533386230469,5354900.0
2025-05-22,VRT,102.6359001643186,105.22428766685609,101.04689616970683,104.13496398925781,3800000.0
2025-05-23,VRT,101.29673339756852,105.08436865807488,100.93695749356147,104.07499694824219,3967400.0
2025-05-27,VRT,107.45289375326725,110.11123731550518,106.23366155609992,109.72148132324219,6457200.0
2025-05-28,VRT,108.73209654954195,109.45164076359842,106.98318879564071,109.1518325805664,5920500.0
2025-05-29,VRT,113.73896126932422,114.26862924159705,106.98318611874475,108.40229797363281,5908200.0
2025-05-30,VRT,107.23802286284213,107.9026086992926,104.64464138533943,107.86263275146484,6935600.0
2025-06-02,VRT,107.93259144115089,109.31172736469784,105.61403978184481,109.16182708740234,4001800.0
2025-06-03,VRT,111.13058676199155,115.27799788870898,110.55095458826905,112.2698745727539,8438200.0
2025-06-04,VRT,113.24927177639941,115.57781935242515,112.62965600037687,112.7795639038086,5005700.0
2025-06-05,VRT,113.89887118302484,114.10474389690513,110.88675231738564,112.14996337890625,4812000.0
2025-06-06,VRT,114.92822608774094,116.54721775662739,114.18069183228398,115.28800201416016,5377100.0
2025-06-09,VRT,115.09811922323883,115.42791509628296,111.43041154316494,111.93009948730469,5820400.0
2025-06-10,VRT,112.92946928337008,112.93946517661085,107.31297434936485,108.40229797363281,7573000.0
2025-06-11,VRT,108.33234524685702,111.820164879391,107.31297759517736,110.5209732055664,5560400.0
2025-06-12,VRT,109.33172012300497,114.51847562860235,108.74208440341657,114.42853546142578,6778700.0
2025-06-13,VRT,111.01067353288182,113.63703167382037,110.25414221704209,110.90074157714844,5900600.0
2025-06-16,VRT,114.2677948649275,117.14698057427607,113.35804762947764,116.41718292236328,7553800.0
2025-06-17,VRT,116.98702130708833,120.29609376104573,115.46745298739766,116.57714080810547,6102900.0
2025-06-18,VRT,116.53714541147426,120.70596830117302,115.63739754352812,119.04644012451172,6331700.0
2025-06-20,VRT,119.61627956648243,120.3660681877175,117.16696549410133,118.506591796875,6689600.0
2025-06-23,VRT,117.46688489938319,118.5165920281052,112.68322979793528,116.50715637207031,9121400.0
2025-06-24,VRT,118.01673672633558,122.88535948572397,117.45688934702447,122.28553009033203,7544700.0
2025-06-25,VRT,122.9653378741737,124.58388492538957,121.2158310345005,121.60572052001953,5324500.0
2025-06-26,VRT,121.97561737171382,125.41464272704593,121.4357686388272,123.7651138305664,5398100.0
2025-06-27,VRT,126.96420982490312,128.5457647298981,124.76483286308606,127.1241683959961,9337700.0
2025-06-30,VRT,128.04390099823885,129.2735500372279,125.84451651738786,128.37380981445312,5349800.0
2025-07-01,VRT,126.96421257383233,127.8339701616816,120.24610498736175,122.5054702758789,8974300.0
2025-07-02,VRT,124.08502774123339,126.43436402386735,123.06531088944676,124.29496765136719,5761600.0
2025-07-03,VRT,124.56488552203022,129.39351860525477,124.51490418864682,127.80397033691406,4003600.0
2025-07-07,VRT,127.80396755653986,128.96364429812743,124.74983586062639,126.22441864013672,4427000.0
2025-07-08,VRT,129.84340378671624,131.3429810761982,124.86480382964848,125.85452270507812,6641600.0
2025-07-09,VRT,126.9941978423611,129.4435043065674,125.87451837403563,128.3338165283203,4936300.0
2025-07-10,VRT,127.96392899152197,128.78370523377865,110.02898212808572,120.68598175048828,24686000.0
2025-07-11,VRT,120.07615524692697,124.60487753422302,118.66654890465884,123.2652587890625,7222200.0
2025-07-14,VRT,121.96561793078979,125.52461221001921,121.96561793078979,124.68485260009766,6560400.0
2025-07-15,VRT,127.90394549885283,129.40352275840578,125.46463071592855,127.3341064453125,7079600.0
2025-07-16,VRT,127.31410958408712,128.41379806429578,122.47547722027123,125.36466217041016,6036900.0
2025-07-17,VRT,128.21385213450824,133.48237103148705,127.39907940537198,131.08303833007812,7989200.0
2025-07-18,VRT,131.47793046776303,133.16245309161042,128.403800240596,129.02362060546875,5781900.0
2025-07-21,VRT,129.16358607600898,129.71343412705997,125.36466156038779,126.17443084716797,4821200.0
2025-07-22,VRT,125.82453113692198,125.8845117871906,119.06643408344213,125.25469207763672,6335800.0
2025-07-23,VRT,127.87396394204835,131.40296811447962,127.33411517632376,130.1533203125,6072900.0
2025-07-24,VRT,131.94280242493474,132.91253028944678,129.35353597430472,130.83311462402344,4504500.0
2025-07-25,VRT,132.09276774562665,137.6212080498189,132.09276774562665,137.43125915527344,8556100.0
2025-07-28,VRT,139.09079238586384,143.05967469867298,137.98110461885318,142.50982666015625,10607100.0
2025-07-29,VRT,143.03968785234355,146.27878044705358,140.34045165066343,142.6597900390625,15169700.0
2025-07-30,VRT,147.0335440222608,153.45673619398147,140.32044029869576,144.12936401367188,18502400.0
2025-07-31,VRT,148.7080814305785,152.54699563634765,145.38900970271268,145.55897521972656,10875600.0
2025-08-01,VRT,137.24131165411922,143.0996608470817,135.9616735935974,141.5500946044922,11015000.0
2025-08-04,VRT,144.22434896433202,144.22434896433202,139.51068119960405,140.16049194335938,6744800.0
2025-08-05,VRT,140.7903101414436,141.36014155965432,135.31585557818912,138.72088623046875,5091100.0
2025-08-06,VRT,137.5512221137525,140.1704941448474,136.21160340010587,139.7106170654297,4079300.0
2025-08-07,VRT,140.96027022473737,141.00025224190372,137.38127713601025,139.35072326660156,5302500.0
2025-08-08,VRT,141.14021174665427,141.54010818952736,138.3609963002668,139.89056396484375,3734000.0
2025-08-11,VRT,139.1307859367642,141.4001506178207,138.4609765450274,139.7906036376953,4109500.0
2025-08-12,VRT,141.2601881226382,145.55897953736118,139.76061078642016,143.67950439453125,6185600.0
2025-08-13,VRT,144.9591310974357,145.07909239345938,133.91224253876794,137.36126708984375,9976000.0
2025-08-14,VRT,134.17219228933448,135.89169363552617,131.49293946207897,132.482666015625,8129200.0
2025-08-15,VRT,132.48265318863614,133.31242108166663,129.18358025072254,133.03250122070312,6207700.0
2025-08-18,VRT,132.33269219635196,135.74173489222014,132.21273089474596,135.65176391601562,3251400.0
2025-08-19,VRT,132.97251702795558,133.93225324612447,127.30411646253935,129.01364135742188,7307700.0
2025-08-20,VRT,126.39437103707196,127.60402913141822,121.37578908043952,127.50405883789062,8282300.0
2025-08-21,VRT,127.7339862085343,128.59375206531703,125.74955267393922,126.54432678222656,3744300.0
2025-08-22,VRT,126.9642101635623,131.20201398562568,125.68457210038316,125.93450164794922,5622100.0
2025-08-25,VRT,126.42436072585241,126.81425020771806,123.8950749388413,124.9847640991211,4610800.0
2025-08-26,VRT,125.47463516878962,129.238566006896,124.87480576586714,127.89395141601562,5947500.0
2025-08-27,VRT,127.3940920773089,131.13303605506107,126.52733962134057,129.2735595703125,6412800.0
2025-08-28,VRT,132.9725117698683,134.89497401016393,131.13303395014626,134.19216918945312,6817500.0
2025-08-29,VRT,133.09249042685963,133.302422708837,126.19443323955072,127.5140609741211,6367600.0
2025-09-02,VRT,123.6651340619502,124.45491232822314,119.63127522900372,123.97505187988281,8130500.0
2025-09-03,VRT,124.76483292007241,125.69956698518493,123.03531709875092,125.55460357666016,4081900.0
2025-09-04,VRT,125.86452188415792,127.05418134597846,124.4349245646682,125.6645736694336,4607300.0
2025-09-05,VRT,127.77398129193593,128.5407634463777,118.6665478376559,123.96505737304688,7719600.0
2025-09-08,VRT,125.67457049870073,125.6845698160501,120.93590849860234,121.7856674194336,10222700.0
2025-09-09,VRT,124.04503182138555,125.9444978615234,120.79594778310177,125.54460906982422,7608500.0
2025-09-10,VRT,134.2021814613567,141.18021047577292,134.2021814613567,136.70147705078125,12971100.0
2025-09-11,VRT,138.38099605891142,138.38099605891142,133.91225433453664,135.67176818847656,6779700.0
2025-09-12,VRT,135.46181964346215,137.05336630009384,133.52236384401087,134.802001953125,4065400.0
2025-09-15,VRT,135.9199981689453,142.05999755859375,134.39999389648438,138.25999450683594,7643900.0
2025-09-16,VRT,140.25,141.21499633789062,135.1300048828125,136.64999389648438,5449900.0
2025-09-17,VRT,135.63999938964844,137.56500244140625,132.68499755859375,136.8300018310547,5123300.0
2025-09-18,VRT,139.0,142.6199951171875,136.97000122070312,141.9600067138672,5295000.0
2025-09-19,VRT,142.6300048828125,144.49000549316406,139.3800048828125,143.60000610351562,6682800.0
2025-09-22,VRT,143.0500030517578,152.4499969482422,142.25,151.9600067138672,8731700.0
2025-09-23,VRT,151.32000732421875,152.10000610351562,139.14999389648438,142.61000061035156,16541300.0
2025-09-24,VRT,143.47999572753906,146.10000610351562,140.85000610351562,141.6199951171875,5978100.0
2025-09-25,VRT,137.00999450683594,141.18499755859375,133.85000610351562,139.77000427246094,6197600.0
2025-09-26,VRT,139.0,140.97999572753906,137.0800018310547,138.6199951171875,3607600.0
2025-09-29,VRT,142.0,145.61000061035156,141.39999389648438,143.30999755859375,5876700.0
2025-09-30,VRT,144.0,150.92999267578125,144.0,150.86000061035156,6822300.0
2025-10-01,VRT,149.1199951171875,162.22500610351562,147.35000610351562,161.58999633789062,12844000.0
2025-10-02,VRT,164.3000030517578,168.99000549316406,157.30999755859375,161.63999938964844,8936100.0
2025-10-03,VRT,161.63999938964844,163.8800048828125,157.8300018310547,160.1999969482422,5728500.0
2025-10-06,VRT,168.84500122070312,169.8300018310547,162.33999633789062,162.8000030517578,7203300.0
2025-10-07,VRT,164.75,165.0,154.77000427246094,158.8699951171875,6899100.0
2025-10-08,VRT,160.52499389648438,167.5500030517578,159.27200317382812,167.3800048828125,4889900.0
2025-10-09,VRT,168.3800048828125,170.88900756835938,164.75,168.8800048828125,4972800.0
2025-10-10,VRT,178.42999267578125,183.10499572753906,168.64999389648438,169.00999450683594,16066600.0
2025-10-13,VRT,175.00999450683594,184.44000244140625,172.0,179.0,11056200.0
2025-10-14,VRT,171.69000244140625,181.83999633789062,168.1999969482422,175.14999389648438,7427500.0
2025-10-15,VRT,180.0,182.99000549316406,175.60000610351562,180.50999450683594,5642900.0
2025-10-16,VRT,182.50999450683594,183.0,175.2100067138672,177.82000732421875,5000100.0
2025-10-17,VRT,175.0,178.0,170.3000030517578,174.0,5880700.0
2025-10-20,VRT,178.0,179.7899932861328,173.9499969482422,175.72999572753906,6692000.0
2025-10-21,VRT,175.0800018310547,177.19000244140625,170.55999755859375,174.8000030517578,8130700.0
2025-10-22,VRT,182.60000610351562,184.5,162.67999267578125,171.58999633789062,22483700.0
2025-10-23,VRT,174.52999877929688,184.0399932861328,174.0,183.1999969482422,9679400.0
2025-10-24,VRT,186.85000610351562,188.88999938964844,184.89999389648438,186.05999755859375,7183900.0
